version 3
run General-4-20260506-06:02:54-429
attr configname General
attr datetime 20260506-06:02:54
attr datetimef 20260506-060254
attr experiment General
attr inifile omnetpp.ini
attr iterationvars ""
attr iterationvarsd ""
attr iterationvarsf ""
attr measurement ""
attr network dpcrids.AutomotiveNetwork
attr processid 429
attr repetition 4
attr replication #4
attr resultdir results
attr runnumber 4
attr seedset 4
config sim-time-limit 5s
config network dpcrids.AutomotiveNetwork
config sim-time-limit 30s
config warmup-period 1s
config repeat 5
config seed-set 4
config *.numSensorECUs 5
config *.numAdasECUs 2
config *.enableDos false
config *.enableFuzzy false
config *.enableSpoof false
config *.sensor[*].sendInterval 2ms
config *.sensor[*].numCanIds 10
config *.sensor[*].payloadLength 8
config *.adas[*].sendInterval 1ms
config *.adas[*].payloadLength 512
config *.gateway.canExpert.onnxModelPath "\"models/can_student.onnx\""
config *.gateway.canExpert.normalizationPath "\"models/can_normalization.json\""
config *.gateway.canExpert.temperature 0.95
config *.gateway.canExpert.windowSize 100
config *.gateway.canExpert.stride 50
config *.gateway.ethExpert.onnxModelPath "\"models/eth_student.onnx\""
config *.gateway.ethExpert.temperature 0.5
config *.gateway.fusion.onnxModelPath "\"models/fusion_student.onnx\""
config *.gateway.fusion.temperature 1.1
config *.gateway.fusion.bucketMs 250
config *.gateway.router.tauLow 0.15
config *.gateway.router.tauHigh 0.85
config *.gateway.router.fallbackUncertaintyLow 0.3
config *.gateway.router.fallbackUncertaintyHigh 0.7
config *.gateway.aggregator.bucketMs 250
config *.gateway.aggregator.failOpen true
config *.alertSink.logFile "\"results/ids_alerts_general.csv\""
config output-vector-file results/General-4.vec
config output-scalar-file results/General-4.sca
config eventlog-file results/General-4.elog

vector 0 AutomotiveNetwork.gateway.canExpert canLogit:vector ETV
attr recordingmode vector
vector 1 AutomotiveNetwork.gateway.canExpert canCalProb:vector ETV
attr recordingmode vector
vector 2 AutomotiveNetwork.gateway.canExpert canInferenceMs:vector ETV
attr recordingmode vector
vector 3 AutomotiveNetwork.gateway.ethExpert ethLogit:vector ETV
attr recordingmode vector
vector 4 AutomotiveNetwork.gateway.ethExpert ethCalProb:vector ETV
attr recordingmode vector
vector 5 AutomotiveNetwork.gateway.ethExpert ethInferenceMs:vector ETV
attr recordingmode vector
vector 6 AutomotiveNetwork.gateway.fusion fusionLogit:vector ETV
attr recordingmode vector
vector 7 AutomotiveNetwork.gateway.fusion fusionCalProb:vector ETV
attr recordingmode vector
vector 8 AutomotiveNetwork.gateway.fusion fusionInferenceMs:vector ETV
attr recordingmode vector
vector 9 AutomotiveNetwork.gateway.router routeDecision:vector ETV
attr recordingmode vector
vector 10 AutomotiveNetwork.gateway.router routePath:vector ETV
attr recordingmode vector
vector 11 AutomotiveNetwork.gateway.router routingLatencyMs:vector ETV
attr recordingmode vector
vector 12 AutomotiveNetwork.gateway.aggregator aggregatedDecision:vector ETV
attr recordingmode vector
vector 13 AutomotiveNetwork.gateway.aggregator bucketSize:vector ETV
attr recordingmode vector
vector 14 AutomotiveNetwork.gateway.aggregator endToEndLatencyMs:vector ETV
attr recordingmode vector
vector 15 AutomotiveNetwork.alertSink alertDecision:vector ETV
attr recordingmode vector
vector 16 AutomotiveNetwork.alertSink alertLatencyMs:vector ETV
attr recordingmode vector
0	15656	1.000848479869	10.338055610657
0	15977	1.021522867293	9.3939895629883
0	16290	1.04169243459	9.2989616394043
0	16603	1.061643692504	9.5426473617554
0	16916	1.081697665107	10.041146278381
0	17229	1.101961084924	9.9676933288574
0	17542	1.121710626359	10.110120773315
0	17859	1.141908666558	9.9433097839355
0	18168	1.161763465889	10.171807289124
0	18477	1.181859337935	10.436317443848
0	18790	1.201489855437	10.399652481079
0	19103	1.221427645217	10.283667564392
0	19416	1.241582859419	10.326482772827
0	19731	1.261515914159	10.121251106262
0	20048	1.281793252726	9.8450145721436
0	20365	1.301986287534	9.8396272659302
0	20670	1.321630586384	9.7935180664062
0	20983	1.341400783552	10.213307380676
0	21296	1.361160697962	10.362886428833
0	21613	1.381668654063	10.338555335999
0	21930	1.40205628324	9.778636932373
0	22243	1.422096345868	9.7580223083496
0	22556	1.442099316646	9.8283710479736
0	22869	1.462293602364	9.4765071868896
0	23178	1.481981699624	10.218865394592
0	23493	1.501667173978	9.9249143600464
0	23810	1.522284108339	9.5965604782104
0	24123	1.54202664603	9.7312068939209
0	24436	1.562292118062	9.7679414749146
0	24749	1.582230328403	9.4023218154907
0	25058	1.601471766983	10.018689155579
0	25371	1.621382781608	10.028272628784
0	25684	1.641436619707	9.9692687988281
0	25997	1.661544926919	9.5039091110229
0	26314	1.681489022583	9.9522333145142
0	26627	1.701293018432	10.019685745239
0	26936	1.721506950184	9.6642007827759
0	27253	1.74166953481	9.8083257675171
0	27568	1.761803327669	9.7861223220825
0	27881	1.781735271993	9.6219062805176
0	28186	1.801452908824	9.7738237380981
0	28499	1.821143527296	9.9934110641479
0	28812	1.841132135535	9.9681463241577
0	29125	1.860857314152	9.5575695037842
0	29442	1.881273941102	9.5610151290894
0	29763	1.901739452617	8.8633804321289
0	30068	1.921600462509	9.0428485870361
0	30381	1.941327952823	9.6700315475464
0	30694	1.961043045471	9.8034420013428
0	31007	1.981262700798	9.7577180862427
0	31322	2.001371644799	9.449426651001
0	31635	2.021560238498	9.8544273376465
0	31948	2.041086213941	9.9859371185303
0	32257	2.060765383154	9.699818611145
0	32574	2.081188216918	9.6346292495728
0	32887	2.101234825255	9.7914772033691
0	33200	2.121519074988	9.4129133224487
0	33517	2.141611035214	9.2021389007568
0	33830	2.161410325528	9.2998151779175
0	34143	2.181981603526	9.0393505096436
0	34460	2.201955117005	9.1883192062378
0	34773	2.222219813982	9.8154592514038
0	35086	2.242196740354	9.4799871444702
0	35409	2.262646557283	8.9738206863403
0	35714	2.282322553311	9.0882406234741
0	36031	2.302300392839	9.5551424026489
0	36344	2.322341206539	9.5162897109985
0	36653	2.341860011825	9.7241506576538
0	36970	2.361873434127	9.6623182296753
0	37279	2.381542658	9.935154914856
0	37592	2.40176121782	9.9267301559448
0	37905	2.421648307301	10.040505409241
0	38218	2.441253784499	9.938193321228
0	38539	2.462045457801	9.209493637085
0	38848	2.481906716845	9.543285369873
0	39167	2.502257098384	9.3375453948975
0	39472	2.521700400964	9.6991472244263
0	39785	2.541514694946	9.801305770874
0	40098	2.561616830075	9.6752576828003
0	40411	2.58134728786	9.9660863876343
0	40724	2.601517309589	9.219931602478
0	41033	2.621484330053	9.4083890914917
0	41354	2.642094215215	9.074764251709
0	41667	2.662036647503	9.3072061538696
0	41980	2.681906276326	9.1945571899414
0	42293	2.702185848015	9.4132108688354
0	42610	2.722668786743	8.792181968689
0	42919	2.742207359536	9.7624292373657
0	43230	2.761713826034	9.9418249130249
0	43547	2.781963993125	9.524806022644
0	43860	2.802182385451	9.6623544692993
0	44173	2.821763305854	9.2884473800659
0	44486	2.842387094405	8.9000587463379
0	44799	2.862397720736	9.1730051040649
0	45112	2.882343849038	9.4197788238525
0	45425	2.902051603022	9.1497621536255
0	45738	2.922108667048	9.570273399353
0	46051	2.942094345108	9.6736431121826
0	46364	2.962031286293	9.2289628982544
0	46677	2.981817905545	9.0855712890625
0	46984	3.001212218182	9.8501758575439
0	47297	3.020777940271	10.020638465881
0	47610	3.040853514571	9.4984846115112
0	47919	3.060732344117	9.9579763412476
0	48236	3.080957482835	9.8239765167236
0	48549	3.100756118179	9.5332136154175
0	48854	3.120494867227	9.8672580718994
0	49167	3.140464007502	9.4460983276367
0	49484	3.160824641144	8.9953365325928
0	49801	3.181286095643	9.216290473938
0	50110	3.201058072844	9.1306009292603
0	50419	3.220287020958	9.5693140029907
0	50732	3.240444494268	9.5009326934814
0	51047	3.260480011722	9.5487966537476
0	51360	3.280461532856	9.2829723358154
0	51673	3.300585706089	9.783576965332
0	51986	3.320449206604	9.4899463653564
0	52299	3.340584923969	9.1204900741577
0	52608	3.360073049151	9.3928337097168
0	52925	3.380601640426	8.9150409698486
0	53238	3.400248634195	8.9417314529419
0	53551	3.420159533309	9.2330856323242
0	53864	3.440217240797	8.8764209747314
0	54177	3.46038902561	8.865008354187
0	54494	3.480580334204	8.7484436035156
0	54809	3.500445788984	8.7155656814575
0	55114	3.519878583898	9.2877388000488
0	55423	3.539695529883	9.2771635055542
0	55736	3.55957609722	9.266056060791
0	56053	3.579701996381	9.23082447052
0	56366	3.599741801975	9.0573053359985
0	56679	3.619826123737	8.8914928436279
0	56992	3.639727949084	9.0576238632202
0	57305	3.659716112728	9.0391330718994
0	57618	3.679716713094	8.9055957794189
0	57931	3.699692455116	9.0767965316772
0	58244	3.719749655379	9.1975116729736
0	58557	3.739605514231	9.2095193862915
0	58872	3.759578181171	9.0562162399292
0	59185	3.779425775355	9.0295238494873
0	59494	3.799403973783	9.0292720794678
0	59811	3.819730273521	8.6145505905151
0	60132	3.839926527046	8.4820117950439
0	60437	3.859608381951	8.904278755188
0	60750	3.879667006848	8.6759252548218
0	61063	3.899960943065	8.2262592315674
0	61384	3.920214041726	8.2164030075073
0	61689	3.939425628556	8.6656761169434
0	62002	3.959619958174	8.9113759994507
0	62315	3.979656833411	8.8685493469238
0	62636	3.999737138212	7.8806567192078
0	62943	4.019709996395	8.1063251495361
0	63256	4.039328189147	8.7882947921753
0	63569	4.059833135605	8.4521884918213
0	63886	4.079996387409	8.4146528244019
0	64195	4.099914754728	8.6417255401611
0	64516	4.120096290027	8.0731182098389
0	64829	4.140511212444	7.996723651886
0	65142	4.160483235339	8.4282646179199
0	65455	4.18032097707	8.6079092025757
0	65764	4.200198110073	8.6922826766968
0	66077	4.220377141763	8.3391704559326
0	66390	4.240611983185	8.6666498184204
0	66705	4.260379624215	8.7426433563232
0	67018	4.280507825761	8.569637298584
0	67331	4.300137625254	8.6380748748779
0	67644	4.320034187815	8.5557346343994
0	67949	4.339579610629	8.6045293807983
0	68266	4.359453189818	8.4578266143799
0	68583	4.379617029621	8.483941078186
0	68896	4.399662735115	8.2084112167358
0	69205	4.419407213106	8.4615879058838
0	69518	4.439236775668	8.5722141265869
0	69831	4.459253660307	8.7884759902954
0	70144	4.4794510335	8.5542192459106
0	70457	4.499636979516	8.3616781234741
0	70772	4.519363087306	8.4334602355957
0	71085	4.539428036886	8.1817932128906
0	71398	4.559322950455	7.7705316543579
0	71711	4.579163831678	7.917281627655
0	72024	4.599298697481	8.1850433349609
0	72337	4.619269355964	8.2552976608276
0	72650	4.638891464614	8.3027858734131
0	72963	4.659036895749	8.3014307022095
0	73276	4.67902693996	8.3187618255615
0	73589	4.699115567611	8.6122035980225
0	73902	4.719053877982	8.2185897827148
0	74211	4.73884477785	8.1297950744629
0	74526	4.758582040845	8.5749597549438
0	74839	4.778485526082	8.5451259613037
0	75152	4.798966203278	8.2551803588867
0	75465	4.818541859992	8.2626848220825
0	75778	4.838472773287	8.5118846893311
0	76091	4.858660421663	8.3885841369629
0	76404	4.878742225266	8.4933986663818
0	76717	4.898898104815	8.3237409591675
0	77030	4.91859678347	8.5093288421631
0	77343	4.938637946697	8.0818500518799
0	77656	4.958950581434	7.8781056404114
0	77969	4.978698339172	8.0940923690796
0	78282	4.998719379907	8.2526760101318
1	15656	1.000848479869	0.99998120994074
1	15977	1.021522867293	0.99994924299016
1	16290	1.04169243459	0.99994390347953
1	16603	1.061643692504	0.99995659497611
1	16916	1.081697665107	0.99997431628297
1	17229	1.101961084924	0.99997225171484
1	17542	1.121710626359	0.99997611491323
1	17859	1.141908666558	0.99997153030438
1	18168	1.161763465889	0.99997761653298
1	18477	1.181859337935	0.99998305629625
1	18790	1.201489855437	0.99998238958769
1	19103	1.221427645217	0.99998010283151
1	19416	1.241582859419	0.99998097964596
1	19731	1.261515914159	0.99997639311474
1	20048	1.281793252726	0.99996842689185
1	20365	1.301986287534	0.9999682473426
1	20670	1.321630586384	0.99996666823521
1	20983	1.341400783552	0.99997857326896
1	21296	1.361160697962	0.99998169469793
1	21613	1.381668654063	0.99998121982203
1	21930	1.40205628324	0.99996614202177
1	22243	1.422096345868	0.99996539931336
1	22556	1.442099316646	0.9999678688909
1	22869	1.462293602364	0.99995346553135
1	23178	1.481981699624	0.99997869825827
1	23493	1.501667173978	0.99997097367266
1	23810	1.522284108339	0.99995898954894
1	24123	1.54202664603	0.99996440876896
1	24436	1.562292118062	0.99996575869519
1	24749	1.582230328403	0.99994968620045
1	25058	1.601471766983	0.99997370192678
1	25371	1.621382781608	0.99997396587774
1	25684	1.641436619707	0.9999722976929
1	25997	1.661544926919	0.99995478854465
1	26314	1.681489022583	0.99997179646609
1	26627	1.701293018432	0.99997372949937
1	26936	1.721506950184	0.99996180787144
1	27253	1.74166953481	0.99996718373418
1	27568	1.761803327669	0.99996640774369
1	27881	1.781735271993	0.99996006918922
1	28186	1.801452908824	0.99996597005019
1	28499	1.821143527296	0.99997299280038
1	28812	1.841132135535	0.99997226494274
1	29125	1.860857314152	0.99995727140575
1	29442	1.881273941102	0.99995742609395
1	29763	1.901739452617	0.99991127446846
1	30068	1.921600462509	0.99992654675248
1	30381	1.941327952823	0.99996204155448
1	30694	1.961043045471	0.99996701460331
1	31007	1.981262700798	0.99996538823166
1	31322	2.001371644799	0.99995212000477
1	31635	2.021560238498	0.99996873816928
1	31948	2.041086213941	0.99997277949415
1	32257	2.060765383154	0.99996321322556
1	32574	2.081188216918	0.99996060038053
1	32887	2.101234825255	0.99996659655477
1	33200	2.121519074988	0.99995024400357
1	33517	2.141611035214	0.99993788506617
1	33830	2.161410325528	0.99994395385465
1	34143	2.181981603526	0.99992627580531
1	34460	2.201955117005	0.99993697493043
1	34773	2.222219813982	0.99996742921839
1	35086	2.242196740354	0.99995363567266
1	35409	2.262646557283	0.99992101132183
1	35714	2.282322553311	0.99992997366036
1	36031	2.302300392839	0.999957162106
1	36344	2.322341206539	0.99995537390103
1	36653	2.341860011825	0.99996414343623
1	36970	2.361873434127	0.99996173211644
1	37279	2.381542658	0.99997128487357
1	37592	2.40176121782	0.99997102909795
1	37905	2.421648307301	0.99997429895136
1	38218	2.441253784499	0.99997137656447
1	38539	2.462045457801	0.9999383640631
1	38848	2.481906716845	0.99995662411533
1	39167	2.502257098384	0.99994613604369
1	39472	2.521700400964	0.99996318721927
1	39785	2.541514694946	0.99996694034924
1	40098	2.561616830075	0.99996224979011
1	40411	2.58134728786	0.99997220473973
1	40724	2.601517309589	0.99993903752974
1	41033	2.621484330053	0.99995000649493
1	41354	2.642094215215	0.99992897328273
1	41667	2.662036647503	0.99994438817629
1	41980	2.681906276326	0.99993738739029
1	42293	2.702185848015	0.99995025958427
1	42610	2.722668786743	0.99990437000412
1	42919	2.742207359536	0.99996555944431
1	43230	2.761713826034	0.99997148577209
1	43547	2.781963993125	0.999955772148
1	43860	2.802182385451	0.99996173357616
1	44173	2.821763305854	0.99994327921036
1	44486	2.842387094405	0.9999146344778
1	44799	2.862397720736	0.99993595079217
1	45112	2.882343849038	0.99995060226849
1	45425	2.902051603022	0.99993436452432
1	45738	2.922108667048	0.99995783896738
1	46051	2.942094345108	0.99996218557969
1	46364	2.962031286293	0.99993961429633
1	46677	2.981817905545	0.9999297766357
1	46984	3.001212218182	0.9999685979559
1	47297	3.020777940271	0.99997375583121
1	47610	3.040853514571	0.99995452966059
1	47919	3.060732344117	0.99997196644558
1	48236	3.080957482835	0.9999677199186
1	48549	3.100756118179	0.99995616182477
1	48854	3.120494867227	0.99996915754127
1	49167	3.140464007502	0.99995195197117
1	49484	3.160824641144	0.999922780035
1	49801	3.181286095643	0.99993880344079
1	50110	3.201058072844	0.99993302732435
1	50419	3.220287020958	0.99995779636963
1	50732	3.240444494268	0.99995464667824
1	51047	3.260480011722	0.99995687501475
1	51360	3.280461532856	0.99994295139176
1	51673	3.300585706089	0.99996631762154
1	51986	3.320449206604	0.99995411916694
1	52299	3.340584923969	0.9999323107757
1	52608	3.360073049151	0.99994918120029
1	52925	3.380601640426	0.99991597008453
1	53238	3.400248634195	0.99991829787963
1	53551	3.420159533309	0.99993987576985
1	53864	3.440217240797	0.99991248396689
1	54177	3.46038902561	0.99991142636507
1	54494	3.480580334204	0.99989986468574
1	54809	3.500445788984	0.99989633886865
1	55114	3.519878583898	0.99994323689043
1	55423	3.539695529883	0.99994260151617
1	55736	3.55957609722	0.99994192651096
1	56053	3.579701996381	0.99993973250213
1	56366	3.599741801975	0.99992765599457
1	56679	3.619826123737	0.99991386134508
1	56992	3.639727949084	0.9999276802451
1	57305	3.659716112728	0.9999262589305
1	57618	3.679716713094	0.99991513053772
1	57931	3.699692455116	0.99992912505291
1	58244	3.719749655379	0.99993758179978
1	58557	3.739605514231	0.99993836573358
1	58872	3.759578181171	0.99992757301663
1	59185	3.779425775355	0.99992550931249
1	59494	3.799403973783	0.99992548956975
1	59811	3.819730273521	0.99988471039447
1	60132	3.839926527046	0.99986745204125
1	60437	3.859608381951	0.99991501280809
1	60750	3.879667006848	0.99989192239059
1	61063	3.899960943065	0.99982651054669
1	61384	3.920214041726	0.99982470154594
1	61689	3.939425628556	0.99989075020379
1	62002	3.959619958174	0.99991564530986
1	62315	3.979656833411	0.99991175586736
1	62636	3.999737138212	0.9997504066963
1	62943	4.019709996395	0.99980317010726
1	63256	4.039328189147	0.99990397794468
1	63569	4.059833135605	0.99986322554484
1	63886	4.079996387409	0.99985771402042
1	64195	4.099914754728	0.99988796119184
1	64516	4.120096290027	0.99979616975019
1	64829	4.140511212444	0.99977910537125
1	65142	4.160483235339	0.99985973790304
1	65455	4.18032097707	0.99988390168241
1	65764	4.200198110073	0.9998937671821
1	66077	4.220377141763	0.9998459492134
1	66390	4.240611983185	0.99989086210968
1	66705	4.260379624215	0.99989925149882
1	67018	4.280507825761	0.99987912960696
1	67331	4.300137625254	0.99988752986869
1	67644	4.320034187815	0.99987734795535
1	67949	4.339579610629	0.99988348795119
1	68266	4.359453189818	0.99986403476882
1	68583	4.379617029621	0.99986772091416
1	68896	4.399662735115	0.99982322090478
1	69205	4.419407213106	0.99986457195271
1	69518	4.439236775668	0.99987945697821
1	69831	4.459253660307	0.99990399625593
1	70144	4.4794510335	0.99987715217539
1	70457	4.499636979516	0.9998495555886
1	70772	4.519363087306	0.99986050280588
1	71085	4.539428036886	0.99981819860923
1	71398	4.559322950455	0.9997197384561
1	71711	4.579163831678	0.99975984375984
1	72024	4.599298697481	0.99981881940948
1	72337	4.619269355964	0.99983173245123
1	72650	4.638891464614	0.99983993565715
1	72963	4.659036895749	0.99983970719969
1	73276	4.67902693996	0.99984260449862
1	73589	4.699115567611	0.99988442525021
1	73902	4.719053877982	0.9998251045254
1	74211	4.73884477785	0.9998079723281
1	74526	4.758582040845	0.99987980481906
1	74839	4.778485526082	0.99987597079177
1	75152	4.798966203278	0.99983171167648
1	75465	4.818541859992	0.99983303560117
1	75778	4.838472773287	0.99987155465488
1	76091	4.858660421663	0.99985375610551
1	76404	4.878742225266	0.9998690310946
1	76717	4.898898104815	0.99984342715198
1	77030	4.91859678347	0.99987120866927
1	77343	4.938637946697	0.9997980342778
1	77656	4.958950581434	0.99974973571913
1	77969	4.978698339172	0.99980061972573
1	78282	4.998719379907	0.99983126753181
2	15656	1.000848479869	0.094009
2	15977	1.021522867293	0.09251
2	16290	1.04169243459	0.111464
2	16603	1.061643692504	0.089002
2	16916	1.081697665107	0.10003
2	17229	1.101961084924	0.087869
2	17542	1.121710626359	0.090965
2	17859	1.141908666558	0.092136
2	18168	1.161763465889	0.085568
2	18477	1.181859337935	0.095778
2	18790	1.201489855437	0.098208
2	19103	1.221427645217	0.093425
2	19416	1.241582859419	0.096715
2	19731	1.261515914159	0.137073
2	20048	1.281793252726	0.094949
2	20365	1.301986287534	0.088801
2	20670	1.321630586384	0.110949
2	20983	1.341400783552	0.087257
2	21296	1.361160697962	0.088742
2	21613	1.381668654063	0.086068
2	21930	1.40205628324	0.086388
2	22243	1.422096345868	0.096505
2	22556	1.442099316646	0.087879
2	22869	1.462293602364	0.086326
2	23178	1.481981699624	0.086442
2	23493	1.501667173978	0.098589
2	23810	1.522284108339	0.093586
2	24123	1.54202664603	0.088149
2	24436	1.562292118062	0.089992
2	24749	1.582230328403	0.097288
2	25058	1.601471766983	0.089296
2	25371	1.621382781608	0.087138
2	25684	1.641436619707	0.085385
2	25997	1.661544926919	0.088282
2	26314	1.681489022583	0.094126
2	26627	1.701293018432	0.086418
2	26936	1.721506950184	0.086804
2	27253	1.74166953481	0.086714
2	27568	1.761803327669	0.088121
2	27881	1.781735271993	0.098856
2	28186	1.801452908824	0.088914
2	28499	1.821143527296	0.088577
2	28812	1.841132135535	0.088737
2	29125	1.860857314152	0.131755
2	29442	1.881273941102	0.090324
2	29763	1.901739452617	0.096176
2	30068	1.921600462509	0.087455
2	30381	1.941327952823	0.097645
2	30694	1.961043045471	0.090425
2	31007	1.981262700798	0.086684
2	31322	2.001371644799	0.08875
2	31635	2.021560238498	0.086
2	31948	2.041086213941	0.272204
2	32257	2.060765383154	0.15832
2	32574	2.081188216918	0.086841
2	32887	2.101234825255	0.08248
2	33200	2.121519074988	0.082239
2	33517	2.141611035214	0.088138
2	33830	2.161410325528	0.086019
2	34143	2.181981603526	0.087497
2	34460	2.201955117005	0.087319
2	34773	2.222219813982	0.085977
2	35086	2.242196740354	0.137605
2	35409	2.262646557283	0.11558
2	35714	2.282322553311	0.096998
2	36031	2.302300392839	0.089012
2	36344	2.322341206539	0.094845
2	36653	2.341860011825	0.08747
2	36970	2.361873434127	0.083409
2	37279	2.381542658	0.081648
2	37592	2.40176121782	0.082766
2	37905	2.421648307301	0.086932
2	38218	2.441253784499	0.086088
2	38539	2.462045457801	0.085702
2	38848	2.481906716845	0.085451
2	39167	2.502257098384	0.087708
2	39472	2.521700400964	0.086481
2	39785	2.541514694946	0.088981
2	40098	2.561616830075	0.088183
2	40411	2.58134728786	0.082948
2	40724	2.601517309589	0.123077
2	41033	2.621484330053	0.088772
2	41354	2.642094215215	0.090192
2	41667	2.662036647503	0.084735
2	41980	2.681906276326	0.082928
2	42293	2.702185848015	0.087966
2	42610	2.722668786743	0.16091
2	42919	2.742207359536	0.087284
2	43230	2.761713826034	0.094842
2	43547	2.781963993125	0.087066
2	43860	2.802182385451	0.091831
2	44173	2.821763305854	0.092443
2	44486	2.842387094405	0.087789
2	44799	2.862397720736	0.086726
2	45112	2.882343849038	0.086265
2	45425	2.902051603022	0.085925
2	45738	2.922108667048	0.086395
2	46051	2.942094345108	0.090382
2	46364	2.962031286293	0.089129
2	46677	2.981817905545	0.088094
2	46984	3.001212218182	0.091497
2	47297	3.020777940271	0.087304
2	47610	3.040853514571	0.090861
2	47919	3.060732344117	0.090062
2	48236	3.080957482835	0.243721
2	48549	3.100756118179	0.139948
2	48854	3.120494867227	0.090225
2	49167	3.140464007502	0.088955
2	49484	3.160824641144	0.114706
2	49801	3.181286095643	0.10705
2	50110	3.201058072844	0.088937
2	50419	3.220287020958	0.08778
2	50732	3.240444494268	0.103405
2	51047	3.260480011722	0.125589
2	51360	3.280461532856	0.087728
2	51673	3.300585706089	0.09079
2	51986	3.320449206604	0.088929
2	52299	3.340584923969	0.08685
2	52608	3.360073049151	0.086791
2	52925	3.380601640426	0.0882
2	53238	3.400248634195	0.087384
2	53551	3.420159533309	0.087084
2	53864	3.440217240797	0.10212
2	54177	3.46038902561	0.091089
2	54494	3.480580334204	0.088755
2	54809	3.500445788984	0.26425
2	55114	3.519878583898	0.129357
2	55423	3.539695529883	0.102286
2	55736	3.55957609722	0.089903
2	56053	3.579701996381	0.088956
2	56366	3.599741801975	0.134528
2	56679	3.619826123737	0.094236
2	56992	3.639727949084	0.090768
2	57305	3.659716112728	0.091961
2	57618	3.679716713094	0.09292
2	57931	3.699692455116	0.131512
2	58244	3.719749655379	0.0968
2	58557	3.739605514231	0.090535
2	58872	3.759578181171	0.098715
2	59185	3.779425775355	0.092783
2	59494	3.799403973783	0.117353
2	59811	3.819730273521	0.094157
2	60132	3.839926527046	0.089175
2	60437	3.859608381951	0.088816
2	60750	3.879667006848	0.095071
2	61063	3.899960943065	0.088184
2	61384	3.920214041726	0.088134
2	61689	3.939425628556	0.089159
2	62002	3.959619958174	0.087837
2	62315	3.979656833411	0.100494
2	62636	3.999737138212	0.088665
2	62943	4.019709996395	0.092658
2	63256	4.039328189147	0.092882
2	63569	4.059833135605	0.093943
2	63886	4.079996387409	0.08861
2	64195	4.099914754728	0.089452
2	64516	4.120096290027	0.08769
2	64829	4.140511212444	0.087309
2	65142	4.160483235339	0.095223
2	65455	4.18032097707	0.087526
2	65764	4.200198110073	0.089587
2	66077	4.220377141763	0.087887
2	66390	4.240611983185	0.086541
2	66705	4.260379624215	0.09409
2	67018	4.280507825761	0.192614
2	67331	4.300137625254	0.110169
2	67644	4.320034187815	0.089492
2	67949	4.339579610629	0.103249
2	68266	4.359453189818	0.088736
2	68583	4.379617029621	0.104514
2	68896	4.399662735115	0.08981
2	69205	4.419407213106	0.088478
2	69518	4.439236775668	0.092546
2	69831	4.459253660307	0.087577
2	70144	4.4794510335	0.094454
2	70457	4.499636979516	0.089064
2	70772	4.519363087306	0.102885
2	71085	4.539428036886	0.09098
2	71398	4.559322950455	0.090869
2	71711	4.579163831678	0.089631
2	72024	4.599298697481	0.08834
2	72337	4.619269355964	0.114793
2	72650	4.638891464614	0.09519
2	72963	4.659036895749	0.09153
2	73276	4.67902693996	0.092522
2	73589	4.699115567611	0.235248
2	73902	4.719053877982	0.160452
2	74211	4.73884477785	0.221953
2	74526	4.758582040845	0.122786
2	74839	4.778485526082	0.126934
2	75152	4.798966203278	0.100858
2	75465	4.818541859992	0.091702
2	75778	4.838472773287	0.089556
2	76091	4.858660421663	0.092978
2	76404	4.878742225266	0.104412
2	76717	4.898898104815	0.092424
2	77030	4.91859678347	0.089535
2	77343	4.938637946697	0.091988
2	77656	4.958950581434	0.089605
2	77969	4.978698339172	0.090842
2	78282	4.998719379907	0.088544
3	15642	1.000110202438	-31.394077301025
3	15646	1.000351174352	-30.432350158691
3	15665	1.001136938316	-39.928691864014
3	15669	1.001323667852	-34.508697509766
3	15676	1.002180181951	-32.992149353027
3	15680	1.002315933161	-26.382934570312
3	15696	1.003168384359	-31.713022232056
3	15703	1.00334569451	-39.247577667236
3	15707	1.004207289667	-39.056221008301
3	15711	1.004339886487	-28.942678451538
3	15724	1.005189712022	-32.453205108643
3	15731	1.005303980685	-33.781726837158
3	15738	1.006160929235	-30.17299079895
3	15742	1.006344157091	-29.975996017456
3	15758	1.007127656622	-22.418996810913
3	15762	1.007332925357	-10.169023513794
3	15769	1.008086212482	-28.89852142334
3	15773	1.008351013369	-24.739206314087
3	15783	1.009040767419	-38.286521911621
3	15796	1.009341123417	-17.68168258667
3	15800	1.010036886723	-19.190538406372
3	15807	1.01038948222	-15.078221321106
3	15814	1.011078300812	-25.819068908691
3	15821	1.011344913689	-12.860863685608
3	15831	1.012082131254	-25.156909942627
3	15835	1.012306975429	-23.96475982666
3	15842	1.013103920368	-14.87954044342
3	15855	1.013318350165	-22.92991065979
3	15862	1.014106978186	-29.443069458008
3	15869	1.0143671995	-17.221580505371
3	15873	1.015077493871	-20.937673568726
3	15886	1.015358950616	-34.622451782227
3	15893	1.016090782058	-25.829751968384
3	15900	1.01639342057	-11.616278648376
3	15904	1.017129829817	-5.0223627090454
3	15914	1.017403691989	-22.823972702026
3	15927	1.018172820425	-23.354845046997
3	15931	1.018416036183	-21.643619537354
3	15935	1.019189286848	-24.007881164551
3	15942	1.019381925117	-24.369361877441
3	15955	1.020185006526	-17.242734909058
3	15962	1.020379056257	-23.730756759644
3	15966	1.021212021728	-23.525239944458
3	15973	1.021400415385	-17.818548202515
3	15989	1.022230903118	-11.210961341858
3	15996	1.022367592707	-24.950763702393
3	16000	1.023228770925	-13.847217559814
3	16004	1.023341833754	-23.858306884766
3	16020	1.024251293767	-21.923217773438
3	16027	1.024389692568	-23.484823226929
3	16031	1.025261281121	-24.687257766724
3	16038	1.025431120141	-24.754207611084
3	16051	1.026216033584	-13.689710617065
3	16055	1.026422358768	-34.292091369629
3	16062	1.02725648632	-13.447631835938
3	16066	1.027435680178	-32.445568084717
3	16079	1.028257270407	-27.003852844238
3	16089	1.028463332068	-22.594291687012
3	16093	1.029220317349	-35.822387695312
3	16097	1.029496187357	-20.724216461182
3	16113	1.030269309512	-23.24426651001
3	16120	1.030508833304	-21.280336380005
3	16124	1.031273072556	-18.015573501587
3	16128	1.031523382062	-23.951669692993
3	16141	1.032257309245	-24.672798156738
3	16151	1.032494657232	-23.213809967041
3	16155	1.033265091444	-31.814985275269
3	16165	1.033500106798	-25.089855194092
3	16175	1.034233892395	-24.796634674072
3	16182	1.034542677083	-24.411846160889
3	16186	1.035258516569	-23.104593276978
3	16190	1.035511200113	-15.997224807739
3	16206	1.03627982928	-14.043126106262
3	16210	1.036516952657	-27.826810836792
3	16217	1.037315442046	-17.697280883789
3	16224	1.037535702615	-33.946472167969
3	16237	1.038293821018	-21.156730651855
3	16241	1.038499971181	-22.388410568237
3	16248	1.039280594052	-22.075672149658
3	16255	1.039506048262	-20.307422637939
3	16268	1.040257738207	-25.423679351807
3	16272	1.040545848375	-14.871569633484
3	16279	1.041256262382	-24.707113265991
3	16286	1.041533716522	-25.726810455322
3	16302	1.042221760744	-30.78126335144
3	16306	1.042568858855	-28.600317001343
3	16313	1.043254323232	-29.246801376343
3	16317	1.043538064061	-30.410104751587
3	16333	1.044294100423	-14.619423866272
3	16337	1.04454797107	-23.30969619751
3	16344	1.04524843614	-35.05171585083
3	16348	1.04553204041	-33.966411590576
3	16364	1.046252244284	-27.741373062134
3	16368	1.046491929108	-26.102752685547
3	16375	1.047260397848	-15.28005027771
3	16379	1.047445426776	-24.503564834595
3	16395	1.048212598484	-30.280481338501
3	16399	1.048428761544	-26.371173858643
3	16406	1.049220998623	-21.269111633301
3	16410	1.049431985063	-21.35196685791
3	16426	1.050210879776	-31.857158660889
3	16430	1.050445858377	-20.575672149658
3	16437	1.051198243695	-31.143918991089
3	16441	1.051411544969	-15.960268974304
3	16457	1.052202848075	-28.890504837036
3	16461	1.052381321949	-33.327362060547
3	16468	1.05324720095	-26.284534454346
3	16475	1.053375360179	-32.012023925781
3	16488	1.054297099105	-26.017303466797
3	16492	1.054343665613	-37.229755401611
3	16499	1.05527247932	-15.841825485229
3	16506	1.055383955651	-18.484643936157
3	16519	1.056238235089	-19.704744338989
3	16523	1.056418282237	-25.516427993774
3	16530	1.057273627124	-32.49889755249
3	16540	1.057426377819	-24.884716033936
3	16547	1.058295152366	-25.180156707764
3	16554	1.058377642198	-30.108015060425
3	16561	1.059325180657	-30.39853477478
3	16565	1.059403875853	-43.469917297363
3	16581	1.060347210916	-18.356811523438
3	16585	1.060371551266	-20.307867050171
3	16592	1.061332560472	-19.658222198486
3	16596	1.061406665787	-25.486686706543
3	16615	1.062359024815	-28.561285018921
3	16619	1.062362081901	-30.816179275513
3	16626	1.063329945993	-30.057870864868
3	16630	1.063379330238	-23.690185546875
3	16643	1.064289724573	-37.60546875
3	16647	1.064340033814	-22.909673690796
3	16657	1.065330501478	-27.861280441284
3	16661	1.065338264864	-33.577671051025
3	16674	1.066300186021	-32.72444152832
3	16678	1.066332458365	-15.904989242554
3	16688	1.067250202413	-26.941135406494
3	16692	1.067352410605	-22.015380859375
3	16705	1.068261687663	-23.450454711914
3	16709	1.068380814299	-38.697868347168
3	16719	1.069248586059	-20.624038696289
3	16723	1.069380993839	-27.959922790527
3	16736	1.070243649499	-40.481071472168
3	16743	1.070429357754	-29.708889007568
3	16750	1.071223510512	-27.06840133667
3	16754	1.071474533411	-23.2408618927
3	16767	1.072224175744	-25.186500549316
3	16771	1.072426594598	-26.64427947998
3	16781	1.073175478723	-26.496122360229
3	16785	1.073458335781	-19.865633010864
3	16798	1.074172634249	-19.96734046936
3	16802	1.074462671445	-34.190319061279
3	16812	1.075176510289	-23.987854003906
3	16816	1.075421941848	-27.702701568604
3	16829	1.076130523176	-27.583442687988
3	16833	1.076455839267	-29.291795730591
3	16843	1.077122176782	-26.576698303223
3	16847	1.077421270738	-21.037141799927
3	16860	1.078138536967	-25.924953460693
3	16864	1.078458753204	-32.809173583984
3	16874	1.079184948751	-26.714082717896
3	16878	1.079493140666	-31.48224067688
3	16891	1.080193118368	-32.297039031982
3	16895	1.080447331508	-14.251388549805
3	16905	1.081177735992	-20.593091964722
3	16909	1.081487003286	-23.755056381226
3	16925	1.082134080049	-23.977983474731
3	16929	1.082445065565	-20.442272186279
3	16939	1.083101622807	-27.594354629517
3	16943	1.083443462665	-24.391317367554
3	16956	1.084092671475	-22.473962783813
3	16960	1.084436473477	-34.842189788818
3	16970	1.085112376046	-30.280084609985
3	16974	1.085394170366	-31.629863739014
3	16987	1.086137018443	-31.449031829834
3	16991	1.086387030178	-25.882822036743
3	17001	1.08711621123	-37.639873504639
3	17005	1.087398695331	-24.783203125
3	17018	1.088091291612	-23.72350692749
3	17022	1.08839837319	-23.327068328857
3	17032	1.089109054226	-31.232248306274
3	17036	1.089381478527	-20.966285705566
3	17049	1.090152089849	-20.973997116089
3	17053	1.09040025446	-37.221153259277
3	17063	1.091183757051	-19.274459838867
3	17067	1.09138728249	-31.873081207275
3	17080	1.092179926437	-24.112869262695
3	17084	1.092384195813	-27.730857849121
3	17094	1.093196100933	-28.39764213562
3	17098	1.093352526	-26.587900161743
3	17111	1.094173875102	-34.701595306396
3	17118	1.094397270682	-24.517566680908
3	17125	1.095218623235	-21.652988433838
3	17129	1.095361833907	-29.264572143555
3	17142	1.096187026867	-25.891689300537
3	17149	1.096391066999	-22.681171417236
3	17156	1.097159424899	-38.716148376465
3	17163	1.097416579917	-27.322040557861
3	17170	1.098141790968	-23.666940689087
3	17180	1.098403489092	-27.896436691284
3	17190	1.099138686473	-31.175817489624
3	17194	1.099418022453	-25.877710342407
3	17198	1.100096729837	-26.447294235229
3	17211	1.100414437059	-12.880182266235
3	17218	1.101059811341	-31.272928237915
3	17225	1.101366309263	-32.185890197754
3	17235	1.102068395629	-19.840503692627
3	17248	1.102335616546	-24.390953063965
3	17255	1.103039556985	-24.211416244507
3	17259	1.103348392039	-26.030212402344
3	17266	1.104082106649	-20.576463699341
3	17273	1.104390185212	-33.534408569336
3	17286	1.105113867169	-17.361436843872
3	17290	1.105438480329	-22.250425338745
3	17297	1.106083167726	-17.400102615356
3	17310	1.10646307118	-19.779523849487
3	17314	1.10706143179	-31.227075576782
3	17321	1.107504787609	-29.565353393555
3	17325	1.108025186068	-21.617637634277
3	17341	1.108496031813	-24.291690826416
3	17348	1.109071832943	-14.271977424622
3	17352	1.109447342206	-12.205490112305
3	17356	1.110054322286	-22.522802352905
3	17369	1.110480618316	-33.441799163818
3	17379	1.111023774742	-34.085945129395
3	17383	1.111493111999	-28.459470748901
3	17390	1.112063380009	-24.298856735229
3	17400	1.112452321251	-21.48476600647
3	17407	1.113056497196	-33.33092880249
3	17414	1.113481201415	-18.204778671265
3	17421	1.114040946672	-31.639696121216
3	17434	1.114450449219	-34.723064422607
3	17438	1.115027097347	-29.358585357666
3	17445	1.115500097316	-11.929949760437
3	17452	1.115999622791	-26.263856887817
3	17465	1.116487251452	-24.796461105347
3	17469	1.116963809735	-18.519454956055
3	17476	1.117475257959	-35.156726837158
3	17483	1.117989563202	-18.422269821167
3	17496	1.1185001121	-31.673599243164
3	17500	1.118978150414	-23.127944946289
3	17507	1.119469947965	-32.728652954102
3	17514	1.120007974268	-33.049751281738
3	17524	1.120448993852	-27.80326461792
3	17531	1.120997542381	-13.111886978149
3	17538	1.121432319981	-31.651565551758
3	17548	1.121951958047	-34.366199493408
3	17558	1.122385498737	-38.949272155762
3	17565	1.122930091359	-29.855909347534
3	17572	1.123396923111	-30.014795303345
3	17579	1.123907913586	-33.242340087891
3	17589	1.124382571829	-23.575862884521
3	17596	1.124857961022	-23.524621963501
3	17600	1.125415801176	-24.067867279053
3	17610	1.125875051968	-34.339221954346
3	17620	1.126371768503	-27.539794921875
3	17627	1.126877065961	-25.41010093689
3	17634	1.127397489277	-24.073707580566
3	17641	1.127854534866	-18.906133651733
3	17651	1.128415332987	-11.505261421204
3	17658	1.128850142674	-19.972602844238
3	17665	1.129387739435	-24.762977600098
3	17675	1.129860974221	-17.376588821411
3	17679	1.130338873224	-19.182777404785
3	17689	1.130905715506	-31.360963821411
3	17696	1.131373063674	-28.1100730896
3	17706	1.131879359223	-26.674018859863
3	17710	1.132407820781	-29.697996139526
3	17720	1.132894512087	-34.102405548096
3	17727	1.133429982209	-13.571552276611
3	17737	1.13390999627	-22.91898727417
3	17744	1.134442204321	-23.990579605103
3	17751	1.134905445072	-28.601947784424
3	17758	1.135411173512	-25.248003005981
3	17762	1.135867811586	-22.471830368042
3	17772	1.136413618925	-12.729920387268
3	17779	1.136846899609	-26.473945617676
3	17789	1.137379459394	-25.838817596436
3	17793	1.137858942464	-28.102306365967
3	17803	1.138355163725	-19.391134262085
3	17810	1.138859730083	-18.449060440063
3	17817	1.139337950939	-32.855884552002
3	17827	1.13982439699	-12.983678817749
3	17837	1.140322306264	-32.213706970215
3	17844	1.140840198652	-22.343587875366
3	17851	1.141359877308	-32.263172149658
3	17855	1.141856329466	-18.574325561523
3	17871	1.14240552634	-32.962287902832
3	17878	1.14283943591	-26.697227478027
3	17882	1.143414622161	-23.825742721558
3	17889	1.143811617398	-24.031080245972
3	17902	1.144428104833	-24.344295501709
3	17909	1.144840560917	-16.602184295654
3	17916	1.145463460621	-20.474119186401
3	17920	1.145887700065	-13.775400161743
3	17933	1.146453722214	-28.373474121094
3	17940	1.146911264972	-21.923387527466
3	17947	1.147497511031	-31.249059677124
3	17951	1.14787854381	-28.643348693848
3	17964	1.148544986938	-18.87281036377
3	17971	1.148928367468	-11.466046333313
3	17978	1.149547797012	-21.265216827393
3	17982	1.149947937263	-33.596691131592
3	17995	1.150582743028	-26.745639801025
3	18002	1.150921367538	-32.827091217041
3	18009	1.151549251871	-23.840818405151
3	18013	1.15195549706	-25.073572158813
3	18026	1.15255108094	-22.849185943604
3	18033	1.152960709852	-39.5104637146
3	18040	1.153512438933	-35.556583404541
3	18044	1.1539327087	-19.638868331909
3	18057	1.154533012503	-28.728956222534
3	18064	1.154905681723	-36.223880767822
3	18071	1.155563781589	-20.608753204346
3	18075	1.155877546854	-24.745752334595
3	18088	1.156547547442	-28.285831451416
3	18095	1.156882897805	-17.884784698486
3	18102	1.15756591134	-22.216636657715
3	18106	1.157841650303	-17.374195098877
3	18122	1.158591219573	-20.458282470703
3	18126	1.158877847509	-23.646398544312
3	18133	1.15960262271	-23.170185089111
3	18137	1.159911763771	-16.932220458984
3	18153	1.16063972232	-28.736602783203
3	18157	1.160871650925	-20.715114593506
3	18164	1.16166680043	-20.716413497925
3	18174	1.161906027879	-28.197309494019
3	18187	1.16271517486	-18.230627059937
3	18191	1.162955165779	-29.297113418579
3	18198	1.163765062303	-25.317016601562
3	18205	1.163959785763	-22.173666000366
3	18218	1.164785232868	-16.802265167236
3	18222	1.164913177543	-17.514579772949
3	18229	1.16582247855	-32.524219512939
3	18233	1.165949713933	-27.387098312378
3	18249	1.166863962242	-25.058471679688
3	18253	1.166911313561	-16.004871368408
3	18263	1.167905241674	-25.427570343018
3	18270	1.167947310898	-39.707492828369
3	18280	1.168887724479	-25.80396270752
3	18284	1.168978688505	-32.023712158203
3	18294	1.169893124707	-22.477464675903
3	18301	1.169987778944	-35.968528747559
3	18311	1.170864561316	-30.055192947388
3	18315	1.171024425273	-28.093229293823
3	18325	1.171900804074	-24.785661697388
3	18332	1.172008603133	-29.857089996338
3	18342	1.172932073709	-24.505861282349
3	18346	1.172969540621	-30.90421295166
3	18362	1.173951720068	-29.785587310791
3	18366	1.173963074257	-24.662298202515
3	18373	1.174916931455	-19.453317642212
3	18377	1.174976259912	-23.320524215698
3	18390	1.175871596164	-16.609588623047
3	18394	1.175973951497	-25.087285995483
3	18404	1.176906721174	-22.609258651733
3	18408	1.176969908957	-21.096128463745
3	18412	1.17788088918	-23.555244445801
3	18425	1.178001796903	-19.345350265503
3	18435	1.17892620418	-10.853209495544
3	18439	1.178972346584	-25.458299636841
3	18446	1.179931105429	-22.757129669189
3	18450	1.179944073394	-30.406454086304
3	18466	1.180973842571	-29.684236526489
3	18470	1.180976676791	-15.313252449036
3	18483	1.181934476885	-18.269609451294
3	18487	1.181982510387	-21.534009933472
3	18500	1.18291771675	-40.20006942749
3	18504	1.18293999382	-30.447301864624
3	18511	1.18387950624	-26.588647842407
3	18518	1.183974791291	-24.690195083618
3	18531	1.184904989704	-28.680925369263
3	18535	1.184950261311	-12.549882888794
3	18542	1.185878819825	-38.473232269287
3	18546	1.185980970344	-18.727098464966
3	18562	1.186835019136	-23.919891357422
3	18566	1.187014929258	-27.878253936768
3	18573	1.187864388262	-33.627410888672
3	18583	1.188044152724	-18.614629745483
3	18593	1.188890080755	-19.485897064209
3	18597	1.189005342033	-27.277347564697
3	18604	1.189904985693	-24.856969833374
3	18614	1.190004392396	-16.741598129272
3	18624	1.19092180248	-21.723958969116
3	18628	1.190965649956	-25.3870677948
3	18638	1.191881121862	-5.7784008979797
3	18642	1.191988586311	-24.017688751221
3	18655	1.192841476923	-34.786022186279
3	18659	1.192986431336	-27.966857910156
3	18666	1.193864048531	-21.342525482178
3	18673	1.193944385703	-27.602598190308
3	18686	1.194855305807	-28.909820556641
3	18690	1.194992347171	-30.880641937256
3	18700	1.195878236328	-19.989213943481
3	18704	1.196010064223	-21.465530395508
3	18717	1.196857081869	-23.178102493286
3	18721	1.197016733416	-17.256544113159
3	18728	1.197824927277	-22.906984329224
3	18735	1.197977718571	-29.795969009399
3	18748	1.198850933856	-22.703109741211
3	18752	1.199022630826	-19.941610336304
3	18762	1.199810776712	-29.719972610474
3	18766	1.199976211253	-28.921644210815
3	18779	1.200768367002	-29.940427780151
3	18783	1.200977211833	-18.129055023193
3	18796	1.201814627371	-24.335216522217
3	18800	1.202007867789	-37.771907806396
3	18813	1.202796733789	-26.079477310181
3	18817	1.203046082459	-23.54008102417
3	18827	1.203764649158	-25.208683013916
3	18834	1.204037543203	-18.779727935791
3	18844	1.204773341305	-13.124807357788
3	18848	1.205007040571	-27.730075836182
3	18858	1.205807641012	-19.33825302124
3	18865	1.206023920865	-24.447746276855
3	18875	1.206797292649	-23.859935760498
3	18879	1.20703927919	-26.75541305542
3	18892	1.207763502954	-27.973642349243
3	18896	1.208051730061	-24.678998947144
3	18906	1.208772416532	-27.175323486328
3	18910	1.209100716157	-18.779462814331
3	18920	1.209756259178	-22.861446380615
3	18927	1.210107548992	-33.529895782471
3	18937	1.210734639994	-18.755016326904
3	18941	1.211101628798	-23.988031387329
3	18954	1.211711106145	-36.92223739624
3	18958	1.212133874631	-19.858335494995
3	18968	1.212704074232	-17.850145339966
3	18972	1.213126527843	-28.508678436279
3	18982	1.213723474567	-33.079917907715
3	18989	1.214162706319	-32.094429016113
3	18999	1.214718867986	-18.761632919312
3	19003	1.215126099757	-36.641345977783
3	19016	1.215729981563	-28.918529510498
3	19020	1.216095389874	-23.704187393188
3	19030	1.216764958536	-19.382703781128
3	19034	1.217075540444	-22.703912734985
3	19047	1.21775631608	-22.815032958984
3	19051	1.218026186574	-13.026976585388
3	19061	1.218793288299	-27.153163909912
3	19065	1.219033541269	-15.925427436829
3	19078	1.219819293718	-23.520503997803
3	19082	1.220029952241	-18.781394958496
3	19092	1.220825818814	-30.424180984497
3	19096	1.221001041574	-22.463869094849
3	19112	1.22185557936	-25.204479217529
3	19116	1.222041168564	-24.872930526733
3	19126	1.222889678556	-13.093091011047
3	19130	1.222994884692	-24.793392181396
3	19140	1.223905163491	-14.998814582825
3	19147	1.223989334606	-19.122932434082
3	19157	1.224882525921	-18.306596755981
3	19161	1.224963089475	-18.515914916992
3	19174	1.225876208188	-31.242078781128
3	19178	1.225985648171	-21.504314422607
3	19188	1.226896366681	-19.723419189453
3	19192	1.226987881277	-17.371852874756
3	19205	1.227936256842	-32.093215942383
3	19209	1.227991977298	-12.722840309143
3	19219	1.228949075557	-15.809526443481
3	19223	1.22896075299	-21.663379669189
3	19236	1.229931910334	-13.834623336792
3	19240	1.229996523972	-25.361259460449
3	19250	1.230934631005	-27.118764877319
3	19254	1.231018080574	-16.127084732056
3	19267	1.231975599653	-25.804319381714
3	19271	1.232055167515	-20.919765472412
3	19281	1.232927447988	-21.465799331665
3	19285	1.233009947821	-25.867771148682
3	19298	1.233930279132	-24.289402008057
3	19305	1.234023319288	-28.720565795898
3	19312	1.234919681078	-14.456370353699
3	19316	1.235045998707	-28.991369247437
3	19329	1.235909848379	-20.648342132568
3	19336	1.236027406208	-16.608249664307
3	19343	1.236926044111	-15.088780403137
3	19347	1.23702443576	-36.718940734863
3	19360	1.237880678561	-29.748390197754
3	19364	1.238010507482	-15.154311180115
3	19374	1.238851664517	-22.438028335571
3	19378	1.239018354197	-19.910766601562
3	19388	1.239882042347	-25.087186813354
3	19395	1.239987126826	-30.80926322937
3	19405	1.240868984162	-31.23272895813
3	19409	1.240969229028	-25.569458007812
3	19422	1.241841016853	-22.838697433472
3	19426	1.242009725246	-16.62618637085
3	19439	1.242839242861	-29.913162231445
3	19443	1.242969311013	-12.283827781677
3	19453	1.243826307875	-25.56724357605
3	19457	1.243942175338	-21.968996047974
3	19470	1.244865609493	-21.784597396851
3	19474	1.244959235632	-14.425978660583
3	19484	1.245829072308	-18.390867233276
3	19491	1.245953011694	-25.740779876709
3	19501	1.246783828177	-15.534007072449
3	19508	1.246994373447	-24.738872528076
3	19515	1.2477710534	-28.508359909058
3	19519	1.248041112745	-18.800918579102
3	19532	1.248733476402	-21.155471801758
3	19539	1.249030737659	-30.204042434692
3	19546	1.249741537782	-29.784309387207
3	19555	1.250057776082	-20.597845077515
3	19565	1.250738872269	-17.653331756592
3	19572	1.251083004952	-19.88738822937
3	19579	1.25175231275	-31.063674926758
3	19586	1.252072849651	-26.258712768555
3	19596	1.252761588607	-25.219133377075
3	19603	1.25308853795	-23.106983184814
3	19610	1.253749311984	-24.358098983765
3	19617	1.254131449498	-28.322008132935
3	19627	1.254713519111	-21.391836166382
3	19631	1.255092099455	-27.112852096558
3	19641	1.255681415197	-25.8307056427
3	19648	1.256138476862	-17.371753692627
3	19658	1.256699518764	-28.725769042969
3	19662	1.257119884052	-32.304260253906
3	19672	1.257653272349	-28.657125473022
3	19679	1.258071233183	-24.530420303345
3	19689	1.258698868088	-30.208288192749
3	19693	1.259054295649	-42.147281646729
3	19703	1.259688610588	-19.023797988892
3	19707	1.260083720281	-20.977054595947
3	19720	1.260678689197	-21.278522491455
3	19724	1.261053317116	-23.570226669312
3	19737	1.261644901974	-26.392724990845
3	19744	1.262024429944	-25.606281280518
3	19754	1.262687792401	-22.15159034729
3	19758	1.263064491274	-26.258226394653
3	19768	1.263718638591	-16.220481872559
3	19775	1.264103209452	-24.399515151978
3	19785	1.264739484346	-17.543880462646
3	19789	1.265068097653	-36.621517181396
3	19799	1.265712982975	-26.01558303833
3	19806	1.266101665777	-20.028457641602
3	19816	1.266676436872	-14.563725471497
3	19820	1.267116743983	-21.707231521606
3	19830	1.26770786172	-20.723449707031
3	19834	1.268074004088	-30.585292816162
3	19847	1.268693443117	-20.629535675049
3	19851	1.269069278245	-14.981762886047
3	19861	1.269674978569	-23.130514144897
3	19865	1.270033701182	-10.146557807922
3	19878	1.270701084946	-33.205169677734
3	19882	1.2710003866	-24.02477645874
3	19892	1.271729629647	-23.327699661255
3	19896	1.271959914461	-19.948040008545
3	19909	1.272732983613	-28.405387878418
3	19913	1.272997704436	-27.499174118042
3	19923	1.273765123155	-24.291635513306
3	19927	1.273966317558	-27.311601638794
3	19940	1.27479213168	-22.219491958618
3	19944	1.274955602448	-24.21905708313
3	19954	1.275804878908	-34.308322906494
3	19958	1.275967362082	-32.306838989258
3	19971	1.276774977979	-24.899791717529
3	19975	1.277009178382	-27.862117767334
3	19985	1.277788009261	-31.452259063721
3	19989	1.278043553145	-22.486019134521
3	20002	1.278820157204	0.20662552118301
3	20006	1.27907105281	-12.988467216492
3	20016	1.279845357471	-26.20802116394
3	20020	1.280111644648	-13.971655845642
3	20033	1.280805138481	-22.935501098633
3	20037	1.281064612639	-20.550489425659
3	20044	1.281762079487	-31.99723815918
3	20054	1.282081423455	-22.424324035645
3	20067	1.282796353642	-23.984344482422
3	20071	1.283120133489	-30.072612762451
3	20075	1.283796860417	-26.825992584229
3	20088	1.284130215911	-16.45383644104
3	20098	1.284751125119	-29.044445037842
3	20102	1.285135813066	-26.697877883911
3	20106	1.285780893833	-36.732917785645
3	20119	1.286157585169	-20.808931350708
3	20129	1.286769156966	-19.442308425903
3	20133	1.287108292156	-10.934837341309
3	20137	1.287773109669	-22.755716323853
3	20147	1.288105783373	-23.611434936523
3	20160	1.288751396414	-23.237205505371
3	20164	1.289073899158	-24.150304794312
3	20168	1.289731202957	-23.79016494751
3	20178	1.29005672648	-24.673910140991
3	20191	1.290694332598	-31.55177116394
3	20195	1.29101988501	-22.672073364258
3	20199	1.29167608212	-21.066663742065
3	20212	1.291996507731	-32.544780731201
3	20219	1.292635602465	-38.38353729248
3	20226	1.2929728195	-7.9743089675903
3	20230	1.293642503067	-19.153465270996
3	20240	1.294013680898	-25.354360580444
3	20250	1.294643090211	-33.476287841797
3	20257	1.295027576032	-16.027223587036
3	20261	1.29562381501	-21.999967575073
3	20268	1.295997071255	-28.138120651245
3	20281	1.296574372975	-14.81844997406
3	20288	1.296984585665	-28.832548141479
3	20292	1.297588923746	-13.527517318726
3	20299	1.297953922376	-27.064599990845
3	20315	1.298565837203	-40.565498352051
3	20319	1.298912986611	-18.544286727905
3	20323	1.299549362838	-16.437602996826
3	20327	1.299940292919	-20.648483276367
3	20343	1.300589565923	-31.973100662231
3	20350	1.300907086043	-26.43546295166
3	20354	1.301562044759	-33.918243408203
3	20361	1.301917807713	-39.013885498047
3	20380	1.302580361667	-18.151882171631
3	20384	1.302951621852	-22.170295715332
3	20388	1.303606074194	-29.347356796265
3	20404	1.303977447073	-29.355010986328
3	20411	1.304563312969	-21.865478515625
3	20415	1.304942018814	-39.334758758545
3	20419	1.30558394967	-18.13463973999
3	20429	1.30590848138	-26.633657455444
3	20442	1.306614951075	-23.003366470337
3	20446	1.306953183207	-26.31799697876
3	20450	1.30763997511	-29.821857452393
3	20460	1.3079238367	-28.101881027222
3	20473	1.308610381137	-19.559162139893
3	20477	1.308950690133	-22.541284561157
3	20484	1.309612535178	-31.020921707153
3	20494	1.309948629007	-28.955312728882
3	20504	1.310611557927	-17.11826133728
3	20508	1.31091784566	-32.461307525635
3	20515	1.311590215079	-24.317516326904
3	20522	1.31190271973	-35.083484649658
3	20532	1.312607501654	-19.289505004883
3	20539	1.312872212532	-20.95959854126
3	20546	1.313609110802	-23.567667007446
3	20553	1.313875050715	-35.685604095459
3	20566	1.314562583434	-21.30470085144
3	20570	1.314849688349	-29.989816665649
3	20574	1.315599609254	-25.184741973877
3	20587	1.315836721568	-19.242877960205
3	20594	1.316635947277	-24.986291885376
3	20601	1.316793197853	-28.960779190063
3	20608	1.317662492168	-27.882213592529
3	20615	1.317780938471	-33.14234161377
3	20625	1.318638919573	-35.378238677979
3	20629	1.318764178655	-26.40793800354
3	20642	1.319665443764	-19.562566757202
3	20646	1.319811404721	-15.216254234314
3	20656	1.320635384752	-37.136577606201
3	20660	1.320792202418	-28.266233444214
3	20676	1.321653947245	-15.208359718323
3	20680	1.321792061973	-22.110082626343
3	20690	1.322610741461	-25.724905014038
3	20697	1.32282130015	-19.922044754028
3	20707	1.323632697809	-36.532127380371
3	20711	1.323798358882	-14.809888839722
3	20721	1.324663282576	-10.174295425415
3	20725	1.324787064102	-21.956394195557
3	20738	1.325626334983	-15.774889945984
3	20742	1.325825362473	-21.046810150146
3	20749	1.326592687728	-28.149116516113
3	20756	1.326798871755	-21.913391113281
3	20769	1.327544919874	-27.932451248169
3	20773	1.327808363596	-23.591375350952
3	20780	1.328548779078	-31.992305755615
3	20790	1.32880544019	-18.372627258301
3	20800	1.329578696007	-18.844898223877
3	20804	1.329802895561	-24.874904632568
3	20811	1.330532914485	-21.367151260376
3	20815	1.330793053263	-29.963298797607
3	20831	1.331505786138	-24.070190429688
3	20835	1.33182111104	-23.183685302734
3	20842	1.33253190114	-36.154808044434
3	20846	1.332783047217	-27.249183654785
3	20862	1.333555032467	-23.622793197632
3	20866	1.33376381097	-32.813930511475
3	20873	1.334593259079	-28.816331863403
3	20877	1.334736754845	-26.029865264893
3	20893	1.335568743772	-12.376795768738
3	20897	1.335686962612	-17.121553421021
3	20904	1.33657392112	-24.108819961548
3	20908	1.336639179993	-32.297271728516
3	20924	1.337544908671	-19.557376861572
3	20928	1.3376492483	-19.046251296997
3	20935	1.338547182795	-15.098906517029
3	20939	1.338699204054	-25.118787765503
3	20955	1.339595385162	-26.847749710083
3	20959	1.339660515815	-37.696838378906
3	20966	1.340587972673	-14.064232826233
3	20970	1.340691834982	-27.767822265625
3	20989	1.341566296382	-27.615322113037
3	20993	1.341655583491	-25.867113113403
3	21000	1.342589274293	-26.741498947144
3	21004	1.342692867023	-35.355606079102
3	21020	1.343637957059	-23.458086013794
3	21024	1.343735831835	-29.376705169678
3	21031	1.344623745262	-24.773607254028
3	21035	1.344693186362	-22.59983253479
3	21051	1.345596252725	-18.789737701416
3	21055	1.345691287316	-22.964996337891
3	21062	1.346561650611	-29.035924911499
3	21066	1.346709902646	-26.598653793335
3	21082	1.347520979713	-24.661417007446
3	21086	1.347753336492	-18.074689865112
3	21093	1.3485157845	-27.629920959473
3	21097	1.348729769314	-17.716938018799
3	21113	1.349534622322	-16.942213058472
3	21117	1.349732440676	-18.680425643921
3	21124	1.350528053291	-27.108510971069
3	21134	1.350739337333	-29.797124862671
3	21144	1.351504453632	-29.374759674072
3	21148	1.351769810973	-13.890591621399
3	21155	1.352476017409	-23.615858078003
3	21165	1.352808015112	-23.311449050903
3	21175	1.353465029382	-30.983776092529
3	21179	1.353823801338	-31.116575241089
3	21186	1.354490503741	-20.681932449341
3	21196	1.354858189384	-18.857280731201
3	21206	1.355441817418	-33.328708648682
3	21210	1.355906969676	-20.88295173645
3	21217	1.356415598709	-24.688598632812
3	21227	1.356859256276	-15.202659606934
3	21237	1.35742406963	-20.654106140137
3	21241	1.357909160347	-18.578271865845
3	21248	1.358444637048	-34.138076782227
3	21258	1.358935459881	-28.758062362671
3	21268	1.359455107821	-33.381698608398
3	21272	1.359906201658	-31.8713722229
3	21279	1.360451983074	-30.106508255005
3	21289	1.360863577537	-25.570896148682
3	21302	1.361465377425	-31.806091308594
3	21306	1.361899863593	-20.723033905029
3	21313	1.36245318211	-27.371618270874
3	21320	1.362856579577	-30.088161468506
3	21333	1.363408966887	-29.051433563232
3	21337	1.363878562073	-29.596004486084
3	21344	1.364397947575	-7.8742461204529
3	21354	1.364918237313	-29.093246459961
3	21364	1.365373505	-23.061084747314
3	21368	1.365911530818	-25.009563446045
3	21375	1.366337582206	-25.496835708618
3	21385	1.36687886502	-26.522123336792
3	21395	1.367342983656	-29.256587982178
3	21399	1.367883994829	-33.50390625
3	21406	1.368384253221	-25.40061378479
3	21413	1.36893173726	-21.882694244385
3	21420	1.369354717323	-29.190828323364
3	21430	1.369909253836	-25.432178497314
3	21437	1.370341773229	-27.898027420044
3	21447	1.370941635864	-14.267228126526
3	21451	1.371352815947	-31.543792724609
3	21461	1.371946129385	-32.20979309082
3	21468	1.372330277909	-31.758838653564
3	21475	1.37298770718	-31.280521392822
3	21482	1.373351307233	-23.432214736938
3	21492	1.374026979691	-22.268459320068
3	21499	1.374372069429	-19.134002685547
3	21509	1.375063486535	-18.409400939941
3	21516	1.375357941174	-22.222791671753
3	21523	1.376045682542	-36.981903076172
3	21527	1.37630817527	-28.706579208374
3	21540	1.377017499649	-27.319652557373
3	21547	1.377346239303	-26.376876831055
3	21554	1.378010103554	-25.339471817017
3	21558	1.378319550576	-27.65965461731
3	21571	1.379027973957	-26.061805725098
3	21578	1.379311568023	-15.670045852661
3	21585	1.380024295426	-24.055068969727
3	21592	1.380355612096	-22.825561523438
3	21602	1.380987819597	-25.297424316406
3	21609	1.381393467852	-17.206977844238
3	21619	1.382022336202	-25.324045181274
3	21629	1.382405483834	-23.563947677612
3	21636	1.383058205193	-32.214515686035
3	21643	1.383452066525	-26.633502960205
3	21650	1.384034241397	-24.102857589722
3	21660	1.384442269443	-22.016199111938
3	21667	1.385059834874	-20.794258117676
3	21674	1.385421213661	-28.35772895813
3	21684	1.386049268704	-17.286792755127
3	21691	1.386422881276	-20.176794052124
3	21698	1.387002935119	-24.469528198242
3	21705	1.387414395984	-25.812208175659
3	21709	1.387956181271	-26.722131729126
3	21722	1.388439745307	-17.231771469116
3	21729	1.3889142136	-32.340782165527
3	21736	1.389486662905	-16.437213897705
3	21740	1.389903211981	-25.508197784424
3	21750	1.390493418829	-18.045783996582
3	21760	1.390920911471	-19.639825820923
3	21767	1.391476264018	-35.587432861328
3	21771	1.391874787138	-34.720581054688
3	21781	1.392513235009	-27.353258132935
3	21791	1.392854387486	-32.789886474609
3	21798	1.393482284263	-26.89933013916
3	21802	1.39384165894	-27.05615234375
3	21812	1.394475571498	-27.084970474243
3	21819	1.394850822326	-23.396129608154
3	21829	1.395453733155	-19.997171401978
3	21833	1.395886107649	-16.151342391968
3	21843	1.396450231435	-23.402606964111
3	21850	1.396872718983	-16.578643798828
3	21860	1.397431246308	-25.775857925415
3	21864	1.397906277414	-24.174736022949
3	21874	1.398444683527	-24.945844650269
3	21881	1.398893436313	-33.545124053955
3	21891	1.399484242016	-20.631729125977
3	21895	1.399854969296	-28.188161849976
3	21905	1.400473055923	-28.149238586426
3	21912	1.40088603718	-32.649642944336
3	21922	1.401482323263	-28.384420394897
3	21926	1.401893780892	-22.046655654907
3	21939	1.402507756729	-33.83381652832
3	21946	1.402899354276	-28.753921508789
3	21956	1.403518640232	-24.602014541626
3	21960	1.403923925805	-25.590049743652
3	21970	1.404479126289	-13.723052978516
3	21977	1.404887965604	-10.21088886261
3	21987	1.405520850228	-24.678865432739
3	21991	1.405874795254	-16.986692428589
3	22001	1.406565087512	-36.264976501465
3	22008	1.406858084263	-13.771710395813
3	22018	1.407614657274	-22.232963562012
3	22022	1.407834197433	-7.3919463157654
3	22035	1.408572102722	-29.575450897217
3	22039	1.408807208635	-20.456373214722
3	22049	1.409524218255	-28.459440231323
3	22053	1.409796609428	-28.068347930908
3	22066	1.410507591657	-20.918117523193
3	22070	1.410839223322	-25.477876663208
3	22080	1.411477517816	-29.093923568726
3	22084	1.411861464122	-28.821851730347
3	22094	1.412493116586	-22.908658981323
3	22101	1.412833298662	-25.305768966675
3	22111	1.413474417813	-27.041984558105
3	22115	1.413806480543	-10.277364730835
3	22125	1.414433952715	-20.702224731445
3	22132	1.414842215247	-20.134525299072
3	22142	1.415434518802	-21.912714004517
3	22146	1.415853513814	-24.850030899048
3	22156	1.416420676433	-16.686382293701
3	22163	1.416862260681	-27.085063934326
3	22173	1.417447572728	-30.004802703857
3	22177	1.417841758794	-12.964822769165
3	22187	1.418444776365	-26.948535919189
3	22194	1.418860495615	-21.045873641968
3	22204	1.419468004899	-6.9244003295898
3	22208	1.419887006963	-23.097131729126
3	22218	1.420438125631	-26.285703659058
3	22225	1.420935950787	-30.393564224243
3	22235	1.421404346185	-22.408420562744
3	22239	1.421956727758	-29.652742385864
3	22252	1.422409849719	-26.507209777832
3	22259	1.42297249011	-21.34952545166
3	22269	1.423448096349	-19.900087356567
3	22273	1.423950712903	-20.020986557007
3	22283	1.424414256069	-35.381992340088
3	22290	1.424941153213	-21.844034194946
3	22300	1.425437592517	-12.285772323608
3	22304	1.425976704417	-19.120262145996
3	22314	1.426453993573	-24.769495010376
3	22321	1.426942622708	-23.028537750244
3	22331	1.427475452789	-18.665348052979
3	22335	1.427963865433	-21.070070266724
3	22345	1.428432655602	-30.567003250122
3	22352	1.429001818039	-16.444061279297
3	22362	1.429465400539	-17.631414413452
3	22366	1.429997601057	-29.665254592896
3	22376	1.430450934782	-25.676856994629
3	22383	1.431047161647	-31.34094619751
3	22393	1.43144169903	-36.305549621582
3	22400	1.432095017353	-30.449773788452
3	22407	1.432422355297	-23.398992538452
3	22417	1.433104449284	-24.281105041504
3	22421	1.433431610797	-10.517460823059
3	22431	1.434150421114	-23.553895950317
3	22438	1.434407949032	-29.936073303223
3	22448	1.435129559167	-30.778127670288
3	22452	1.435394604591	-20.825527191162
3	22462	1.436094257337	-23.625835418701
3	22469	1.436435480568	-21.385692596436
3	22473	1.437065891645	-20.296768188477
3	22483	1.437407840879	-18.141969680786
3	22493	1.438069506163	-22.354862213135
3	22500	1.438398004286	-18.756391525269
3	22507	1.439020270941	-20.476930618286
3	22514	1.439386154667	-21.17128944397
3	22524	1.440004119527	-28.048566818237
3	22528	1.440350417048	-28.393455505371
3	22538	1.441023241315	-29.238222122192
3	22545	1.441355060394	-31.212026596069
3	22552	1.442062007711	-23.306966781616
3	22562	1.442356063857	-24.732265472412
3	22575	1.443092123418	-28.796144485474
3	22579	1.443375757228	-16.814157485962
3	22589	1.444080521764	-22.291376113892
3	22593	1.444326436332	-15.999536514282
3	22600	1.445125660976	-18.631031036377
3	22610	1.445333023722	-35.877296447754
3	22620	1.446125103933	-29.097225189209
3	22624	1.44630547588	-31.569179534912
3	22634	1.44710356245	-18.55320930481
3	22641	1.447292320871	-25.599185943604
3	22648	1.448147270553	-21.397409439087
3	22655	1.448339530156	-21.578912734985
3	22665	1.449161109537	-38.005393981934
3	22672	1.449349316016	-31.176527023315
3	22679	1.450206923494	-19.796613693237
3	22689	1.450317846472	-27.367691040039
3	22696	1.451192330038	-9.6570262908936
3	22700	1.451317630246	-33.733085632324
3	22710	1.45218921471	-23.946006774902
3	22717	1.452314143809	-27.45645904541
3	22730	1.453188488597	-27.942434310913
3	22737	1.453329848447	-25.2470703125
3	22741	1.454166373085	-16.334878921509
3	22745	1.45433180728	-21.946823120117
3	22758	1.455149582118	-27.039512634277
3	22768	1.455374542082	-19.504384994507
3	22772	1.456149459295	-5.5712633132935
3	22776	1.456412957939	-15.10381603241
3	22795	1.457180865068	-18.058788299561
3	22799	1.457455961179	-23.133522033691
3	22803	1.458155031712	-20.734169006348
3	22810	1.458419251737	-20.637884140015
3	22823	1.459147937135	-20.715900421143
3	22830	1.459422992242	-23.999399185181
3	22834	1.46011100254	-17.574449539185
3	22841	1.460400444373	-24.557674407959
3	22851	1.461133547187	-25.344049453735
3	22861	1.461354402239	-19.617221832275
3	22865	1.462183115417	-25.54887008667
3	22875	1.462346720444	-24.323089599609
3	22885	1.463152305845	-23.990036010742
3	22895	1.463375490258	-22.501430511475
3	22899	1.464127405357	-16.810581207275
3	22903	1.464352324496	-23.746793746948
3	22916	1.4651328895	-20.879241943359
3	22923	1.465329686758	-26.413528442383
3	22930	1.466099841393	-24.679973602295
3	22940	1.466304470232	-12.849241256714
3	22950	1.467090519243	-25.46760559082
3	22954	1.467265624527	-9.9022998809814
3	22961	1.468087972386	-30.110509872437
3	22971	1.468278530731	-23.74927520752
3	22981	1.469129183848	-15.587023735046
3	22985	1.469284951077	-17.843372344971
3	22998	1.470130080433	-29.703990936279
3	23002	1.470249307444	-13.882507324219
3	23012	1.471159194747	-19.461906433105
3	23016	1.471260943238	-27.587692260742
3	23029	1.47217066133	-17.63076210022
3	23033	1.472269667798	-35.218772888184
3	23043	1.473155387637	-23.817489624023
3	23047	1.473292728776	-21.33025932312
3	23057	1.474165110014	-26.228820800781
3	23064	1.474307382433	-19.35532951355
3	23074	1.475135036534	-31.755605697632
3	23078	1.47526697972	-34.051940917969
3	23088	1.476095068666	-23.028865814209
3	23095	1.476268411114	-20.983285903931
3	23105	1.477130490831	-17.811401367188
3	23109	1.47727936121	-25.999593734741
3	23119	1.47809125076	-25.340137481689
3	23126	1.478310927406	-21.658023834229
3	23136	1.479130081781	-16.147706985474
3	23140	1.479289913946	-18.87452507019
3	23153	1.480109263984	-22.103662490845
3	23157	1.480284705241	-26.172092437744
3	23167	1.481096630008	-14.154690742493
3	23171	1.481321291115	-32.445079803467
3	23184	1.482121086714	-30.515918731689
3	23191	1.482276438183	-21.081359863281
3	23201	1.483144878752	-21.80571937561
3	23205	1.483297461423	-25.710172653198
3	23215	1.484126228485	-23.46223449707
3	23222	1.484332742143	-21.774295806885
3	23232	1.48513144335	-14.100754737854
3	23236	1.485342154873	-30.719985961914
3	23249	1.486096610965	-23.996129989624
3	23253	1.486375838101	-21.455135345459
3	23263	1.487108406094	-31.004163742065
3	23267	1.487335906136	-13.887516975403
3	23277	1.48809188242	-15.703433990479
3	23284	1.488311175968	-34.669006347656
3	23294	1.489051134024	-35.079479217529
3	23298	1.489319092541	-21.853458404541
3	23308	1.490063123414	-25.156169891357
3	23315	1.490273076134	-20.682741165161
3	23325	1.491059789664	-31.020328521729
3	23329	1.491227480873	-16.67573928833
3	23339	1.492044945958	-27.140790939331
3	23343	1.492268990165	-24.363128662109
3	23356	1.493050960307	-21.190790176392
3	23360	1.493292128637	-16.286813735962
3	23370	1.494067119637	-24.428062438965
3	23374	1.494321948437	-22.973134994507
3	23387	1.495098152772	-20.672842025757
3	23391	1.495306306059	-33.296356201172
3	23401	1.496114045801	-27.950242996216
3	23405	1.496330985529	-26.621562957764
3	23418	1.497131677259	-27.170703887939
3	23422	1.497330189054	-16.809804916382
3	23432	1.498143133795	-27.19202041626
3	23439	1.498318885465	-12.058926582336
3	23449	1.499109772297	-22.152675628662
3	23453	1.499286582294	-21.674638748169
3	23465	1.500085359147	-28.375844955444
3	23469	1.500301916873	-16.157604217529
3	23482	1.501078871733	-23.673515319824
3	23486	1.501276995743	-23.849195480347
3	23499	1.502128788503	-11.110759735107
3	23503	1.502267356894	-26.830516815186
3	23516	1.503162126164	-27.667901992798
3	23520	1.50330407636	-18.638641357422
3	23530	1.504208467894	-17.327499389648
3	23537	1.504332370254	-28.71591758728
3	23547	1.505213595208	-19.309646606445
3	23551	1.505299299964	-20.440042495728
3	23561	1.506203238807	-22.004507064819
3	23565	1.506309807843	-19.876413345337
3	23578	1.507155474544	-40.289657592773
3	23582	1.507350149292	-22.35036277771
3	23592	1.508114744333	-21.771938323975
3	23596	1.508315173701	-29.126413345337
3	23609	1.509118720239	-31.391523361206
3	23613	1.509338271908	-17.685544967651
3	23623	1.510107076312	-28.75181388855
3	23627	1.510350356152	-32.976402282715
3	23640	1.511087450011	-31.951190948486
3	23644	1.511304201969	-20.901948928833
3	23651	1.512048056394	-19.517190933228
3	23658	1.512272413606	-29.984216690063
3	23671	1.513056678485	-17.292737960815
3	23675	1.513239637426	-19.404022216797
3	23682	1.514094213168	-26.899234771729
3	23686	1.514235581082	-33.721981048584
3	23702	1.515064265136	-22.5471534729
3	23706	1.515258394477	-31.321500778198
3	23710	1.516076182424	-25.784942626953
3	23717	1.516283034105	-31.319946289062
3	23733	1.517053797452	-17.374858856201
3	23737	1.517314482976	-32.538078308105
3	23744	1.51808183816	-21.841932296753
3	23748	1.518360906504	-12.2973985672
3	23764	1.519072729748	-25.343446731567
3	23768	1.519368876835	-30.849454879761
3	23775	1.52005412467	-19.905570983887
3	23782	1.520359060146	-31.236776351929
3	23795	1.521005827439	-14.017827987671
3	23799	1.52135941881	-31.117017745972
3	23806	1.522046873493	-17.333644866943
3	23816	1.522344379337	-23.451503753662
3	23829	1.52308358868	-32.027080535889
3	23833	1.523336730591	-31.347131729126
3	23840	1.524040637633	-25.092378616333
3	23847	1.524331665217	-23.816459655762
3	23860	1.525011351711	-13.290954589844
3	23864	1.525353112359	-26.66746711731
3	23868	1.525984333731	-6.6744961738586
3	23881	1.526392098424	-19.700166702271
3	23891	1.526952919443	-21.033376693726
3	23895	1.527410114729	-21.451570510864
3	23899	1.52800190289	-24.806785583496
3	23912	1.528396674917	-26.936910629272
3	23922	1.528974112777	-25.474397659302
3	23926	1.529391862009	-22.177951812744
3	23933	1.529932465944	-18.854177474976
3	23946	1.530429213025	-28.13260269165
3	23953	1.530929584278	-14.637117385864
3	23957	1.531475278807	-9.6555213928223
3	23964	1.531937718342	-27.673940658569
3	23977	1.532475768227	-28.447662353516
3	23984	1.53288788898	-24.380569458008
3	23988	1.533511909785	-14.137572288513
3	23992	1.53385522097	-33.586688995361
3	24011	1.534510182504	-28.904325485229
3	24015	1.53485824293	-15.042973518372
3	24019	1.53550752576	-27.505228042603
3	24026	1.535896009145	-24.033166885376
3	24039	1.53652240451	-22.950757980347
3	24046	1.536936955872	-18.825193405151
3	24050	1.53754157908	-28.87685585022
3	24063	1.537923109559	-27.510200500488
3	24073	1.538538283474	-11.915096282959
3	24077	1.538972799729	-30.276021957397
3	24084	1.539521714583	-26.477701187134
3	24091	1.539939518758	-20.938159942627
3	24101	1.540510405559	-27.895769119263
3	24108	1.540963492368	-27.066928863525
3	24115	1.541500089925	-18.330816268921
3	24119	1.541986981306	-29.329147338867
3	24138	1.542494982948	-21.866670608521
3	24142	1.542998179274	-27.669494628906
3	24149	1.543472980099	-27.86208152771
3	24153	1.543983872098	-26.847297668457
3	24169	1.54446808448	-36.008541107178
3	24173	1.544989800716	-34.128532409668
3	24177	1.545463838341	-19.87734413147
3	24184	1.545986809656	-25.065881729126
3	24200	1.546469326326	-19.780136108398
3	24204	1.546945284062	-20.711029052734
3	24208	1.547445037713	-23.106952667236
3	24215	1.547913929082	-17.32883644104
3	24231	1.548425950297	-26.011867523193
3	24235	1.548939060996	-23.217670440674
3	24242	1.549396507837	-14.757542610168
3	24246	1.549923728616	-30.124742507935
3	24262	1.550422471539	-29.405170440674
3	24266	1.550906671121	-24.632358551025
3	24270	1.551430931077	-27.99969291687
3	24277	1.551888777329	-18.537334442139
3	24290	1.552452488525	-22.138723373413
3	24297	1.552928176833	-32.253051757812
3	24304	1.553426842327	-13.530181884766
3	24308	1.553939667655	-24.78882598877
3	24321	1.55443104796	-25.68856048584
3	24328	1.554987530071	-17.796943664551
3	24335	1.555431593483	-25.860734939575
3	24339	1.555940252173	-22.296468734741
3	24355	1.556412362198	-27.485874176025
3	24359	1.556892691616	-29.418148040771
3	24363	1.557410802581	-33.399642944336
3	24370	1.557848256408	-27.701742172241
3	24386	1.558440614076	-21.262544631958
3	24390	1.558874018896	-23.528146743774
3	24397	1.559439076512	-24.982675552368
3	24401	1.559879258219	-28.972023010254
3	24414	1.560438639511	-24.590093612671
3	24421	1.560856943007	-18.214418411255
3	24428	1.56141373054	-32.407768249512
3	24432	1.561814409276	-27.75226020813
3	24445	1.562379917144	-15.139520645142
3	24455	1.562849326036	-28.112428665161
3	24462	1.563403258345	-19.345653533936
3	24466	1.563874440275	-36.817295074463
3	24476	1.564388260959	-24.88685798645
3	24486	1.564867081966	-25.339361190796
3	24490	1.56534071344	-19.955430984497
3	24497	1.565833406419	-29.536748886108
3	24510	1.566364593521	-30.850004196167
3	24514	1.566816633396	-34.992630004883
3	24524	1.567332183682	-25.91912651062
3	24528	1.567822540503	-19.030952453613
3	24538	1.568287335759	-24.639495849609
3	24548	1.568828355687	-18.951900482178
3	24555	1.569308185267	-21.743209838867
3	24559	1.569781032957	-29.33438873291
3	24569	1.570283927236	-31.986106872559
3	24579	1.570750875574	-24.044939041138
3	24586	1.571273463765	-26.450193405151
3	24590	1.571743166675	-33.39856338501
3	24600	1.57229286203	-21.481048583984
3	24607	1.572774559346	-28.827243804932
3	24617	1.573256998719	-25.368324279785
3	24621	1.573737508589	-20.818840026855
3	24631	1.574251049272	-25.317270278931
3	24635	1.574737878195	-32.036571502686
3	24648	1.575292534083	-24.735914230347
3	24652	1.575696754482	-29.110271453857
3	24659	1.576279634776	-19.876327514648
3	24666	1.576664469562	-32.373413085938
3	24679	1.577276713587	-17.880390167236
3	24683	1.577658346851	-26.233304977417
3	24690	1.578302864211	-20.36089515686
3	24697	1.578679822155	-23.906408309937
3	24710	1.579326177086	-30.298427581787
3	24714	1.579682439081	-17.559936523438
3	24721	1.580311851178	-24.195850372314
3	24728	1.580698266298	-20.012008666992
3	24741	1.581285941252	-14.979660987854
3	24745	1.581660384609	-28.365161895752
3	24755	1.582255727167	-31.288665771484
3	24762	1.582692778014	-26.954040527344
3	24775	1.58322812939	-13.418877601624
3	24779	1.583664299318	-24.066316604614
3	24786	1.584221161969	-15.535426139832
3	24793	1.584616968535	-23.270793914795
3	24806	1.585263082142	-26.279472351074
3	24810	1.585610093004	-27.238719940186
3	24820	1.586257397914	-26.967554092407
3	24824	1.586587714327	-31.253532409668
3	24837	1.587230904161	-14.972316741943
3	24841	1.587602256974	-20.499526977539
3	24851	1.588211694028	-29.996339797974
3	24855	1.588617650829	-26.223894119263
3	24868	1.589201008583	-25.216218948364
3	24872	1.589606236448	-21.011789321899
3	24882	1.59022762375	-24.475633621216
3	24889	1.590646785223	-23.197778701782
3	24896	1.591213311125	-19.483371734619
3	24903	1.591663272943	-24.512418746948
3	24913	1.59223660256	-28.307308197021
3	24920	1.59263500747	-19.239259719849
3	24927	1.59324822586	-8.1100168228149
3	24934	1.593628654396	-26.065141677856
3	24944	1.594225565784	-31.465400695801
3	24951	1.594624864067	-35.349990844727
3	24958	1.595217014301	-27.426038742065
3	24968	1.595614922574	-29.753953933716
3	24972	1.596202315749	-38.720943450928
3	24982	1.596609073539	-29.843070983887
3	24989	1.597189765851	-18.809005737305
3	24999	1.59762791705	-13.360511779785
3	25003	1.5981923344	-29.071369171143
3	25013	1.598671501721	-21.1012840271
3	25020	1.59915085768	-22.918703079224
3	25030	1.599704056798	-27.332540512085
3	25034	1.600162429752	-41.183906555176
3	25044	1.600704243313	-33.738395690918
3	25051	1.601136790566	-18.991638183594
3	25064	1.601667826186	-23.03510093689
3	25068	1.602089991632	-21.638874053955
3	25078	1.602705607782	-17.588117599487
3	25085	1.603068054565	-23.382629394531
3	25095	1.603754236006	-25.862752914429
3	25102	1.604109131496	-27.295963287354
3	25109	1.604731302722	-19.153770446777
3	25119	1.605129451859	-24.238143920898
3	25126	1.605731358401	-29.611715316772
3	25133	1.606174934325	-25.826326370239
3	25140	1.606706620343	-32.329647064209
3	25150	1.60716583959	-30.53715133667
3	25157	1.607706721567	-24.243392944336
3	25164	1.608162364587	-26.24104309082
3	25171	1.608702537124	-32.007923126221
3	25181	1.609169115655	-28.461210250854
3	25188	1.609709951466	-30.867307662964
3	25198	1.610199791918	-37.751682281494
3	25202	1.610667994062	-24.413707733154
3	25212	1.611156172771	-28.748147964478
3	25219	1.61171681103	-26.812351226807
3	25226	1.612199354763	-28.012952804565
3	25233	1.612684856422	-24.246036529541
3	25240	1.61317908596	-23.047216415405
3	25253	1.613666412605	-26.881481170654
3	25260	1.614194225985	-31.475811004639
3	25264	1.614690875425	-20.784044265747
3	25274	1.61517127859	-33.400272369385
3	25284	1.615691597004	-32.61067199707
3	25291	1.616159599922	-29.003021240234
3	25295	1.616686934318	-16.093463897705
3	25305	1.617151700953	-29.707141876221
3	25315	1.617656673467	-28.24186706543
3	25322	1.618175003061	-29.101024627686
3	25326	1.61861738419	-26.158838272095
3	25336	1.619210739389	-31.920755386353
3	25343	1.619603586095	-42.304042816162
3	25353	1.620209301167	-24.088563919067
3	25357	1.620650133693	-25.090364456177
3	25367	1.62122363623	-25.957025527954
3	25377	1.621680308351	-30.836343765259
3	25387	1.622182613138	-22.148176193237
3	25391	1.6226596821	-29.846876144409
3	25401	1.623211584652	-38.060264587402
3	25411	1.623702755774	-26.867547988892
3	25415	1.624223229772	-24.096536636353
3	25422	1.624692074075	-23.360479354858
3	25432	1.6252603667	-28.442207336426
3	25442	1.625704192971	-26.884613037109
3	25446	1.62625716367	-30.716598510742
3	25453	1.626712526899	-33.381317138672
3	25463	1.627207424126	-26.383535385132
3	25470	1.62770112802	-22.220586776733
3	25477	1.628160317717	-24.762226104736
3	25484	1.628705152304	-26.283620834351
3	25491	1.629157409518	-23.752977371216
3	25501	1.62968137291	-29.889371871948
3	25508	1.630149404798	-22.066316604614
3	25515	1.630661668561	-32.296691894531
3	25522	1.631146494478	-18.08839225769
3	25532	1.631637365405	-35.125770568848
3	25539	1.632118190583	-28.350002288818
3	25543	1.632597847087	-33.47575378418
3	25556	1.633129572723	-27.644409179688
3	25563	1.633596142073	-29.3851146698
3	25570	1.634179254726	-20.208860397339
3	25574	1.634578008522	-33.368068695068
3	25590	1.635195367511	-24.333847045898
3	25594	1.635584669885	-28.272813796997
3	25601	1.636197215936	-28.553272247314
3	25605	1.636598169666	-31.671514511108
3	25618	1.637225040548	-39.495750427246
3	25625	1.637586651025	-23.426300048828
3	25632	1.638264441258	-27.346488952637
3	25636	1.638590376677	-15.317341804504
3	25646	1.63924466098	-23.683168411255
3	25656	1.639589279817	-36.136154174805
3	25663	1.640214172807	-22.89214515686
3	25667	1.640552288583	-31.248870849609
3	25677	1.641251436271	-38.707042694092
3	25690	1.641564552404	-22.852439880371
3	25697	1.642234002431	-35.145984649658
3	25701	1.642563291246	-28.980596542358
3	25711	1.643231246862	-22.905754089355
3	25724	1.64356035971	-29.475713729858
3	25728	1.644215401443	-25.576448440552
3	25732	1.644597011421	-18.31396484375
3	25742	1.64517110234	-28.616067886353
3	25755	1.645633015959	-30.888011932373
3	25759	1.646143921502	-30.836654663086
3	25766	1.646650241867	-34.542938232422
3	25773	1.647142330385	-7.0498518943787
3	25783	1.647647492253	-20.098421096802
3	25790	1.648135688253	-20.828840255737
3	25797	1.648631358432	-19.613683700562
3	25804	1.649154074913	-32.704807281494
3	25814	1.649642982311	-34.014465332031
3	25821	1.650203518995	-20.814350128174
3	25828	1.650673955203	-35.107654571533
3	25835	1.65122565894	-27.672569274902
3	25845	1.651656907901	-40.619682312012
3	25852	1.652260985663	-23.135526657104
3	25859	1.652681180578	-12.702043533325
3	25866	1.653290608799	-23.306344985962
3	25876	1.653655113828	-26.436437606812
3	25883	1.65432790384	-25.175695419312
3	25890	1.654656920132	-29.799310684204
3	25900	1.65534468995	-28.222431182861
3	25907	1.655620103613	-23.405786514282
3	25914	1.656303387951	-25.536361694336
3	25918	1.656606055263	-20.279438018799
3	25931	1.657341307001	-27.624393463135
3	25938	1.657632067596	-30.085647583008
3	25945	1.658303047464	-16.421846389771
3	25955	1.658673522324	-22.308809280396
3	25959	1.659321961793	-29.505172729492
3	25969	1.659697878925	-25.314151763916
3	25976	1.660320840966	-18.326742172241
3	25980	1.660665786351	-23.449405670166
3	25990	1.661326334487	-31.841138839722
3	26003	1.661671206396	-19.246612548828
3	26010	1.662356348051	-29.424991607666
3	26020	1.662677019535	-24.783197402954
3	26024	1.663347730012	-21.86220741272
3	26034	1.663641383959	-32.354145050049
3	26041	1.664364646997	-43.881771087646
3	26045	1.664630703481	-23.742515563965
3	26061	1.665376228229	-25.406394958496
3	26065	1.665668283784	-25.908918380737
3	26072	1.666415692888	-27.197904586792
3	26076	1.666635394627	-16.243043899536
3	26092	1.667383140571	-23.094619750977
3	26096	1.667654196796	-34.727478027344
3	26103	1.66840875137	-21.965246200562
3	26107	1.668624776266	-26.769622802734
3	26123	1.669383318009	-24.245536804199
3	26127	1.669610818129	-16.990692138672
3	26134	1.670343480186	-37.497783660889
3	26141	1.670629056896	-22.944305419922
3	26151	1.671352313413	-22.267917633057
3	26158	1.671676761356	-30.673551559448
3	26165	1.672366466718	-27.019289016724
3	26172	1.672635220945	-34.44917678833
3	26182	1.673321386719	-16.897819519043
3	26189	1.673601514952	-14.11586856842
3	26196	1.674327561316	-24.350297927856
3	26200	1.674566013285	-24.068965911865
3	26216	1.675312867059	-23.429204940796
3	26220	1.67554169565	-24.179342269897
3	26227	1.676305399515	-26.464025497437
3	26234	1.67653230669	-19.849229812622
3	26241	1.677260270025	-24.333744049072
3	26251	1.677502665271	-35.223541259766
3	26258	1.678279520572	-21.303140640259
3	26265	1.67846423381	-26.874439239502
3	26272	1.679254549508	-25.130146026611
3	26279	1.679439796258	-30.296327590942
3	26289	1.680210851336	-25.470895767212
3	26293	1.680417533897	-31.85652923584
3	26300	1.681176685212	-29.084144592285
3	26307	1.681368048593	-28.769340515137
3	26323	1.682178063539	-27.896772384644
3	26327	1.682319980658	-28.285503387451
3	26334	1.683160491045	-23.525362014771
3	26344	1.683310388476	-32.019618988037
3	26354	1.684164784082	-32.661945343018
3	26358	1.684278077985	-20.398092269897
3	26365	1.685196617945	-31.324998855591
3	26372	1.685325665304	-24.588399887085
3	26385	1.686198234062	-27.420639038086
3	26389	1.686279259682	-18.676626205444
3	26402	1.687194248238	-23.294109344482
3	26406	1.687247800369	-21.333808898926
3	26413	1.688215109247	-38.4065284729
3	26420	1.688255442381	-25.174957275391
3	26430	1.68916639704	-12.875580787659
3	26434	1.689230470715	-28.076467514038
3	26447	1.690141001869	-23.16841506958
3	26451	1.690195747575	-17.958595275879
3	26461	1.691162191911	-19.645412445068
3	26465	1.691172370983	-28.150964736938
3	26478	1.692155529342	-22.739351272583
3	26482	1.692220990371	-19.100944519043
3	26492	1.693198721219	-14.523585319519
3	26499	1.693256910542	-28.310382843018
3	26509	1.694205082181	-15.992235183716
3	26513	1.694241327499	-26.215539932251
3	26523	1.69516291328	-21.644088745117
3	26527	1.695220136533	-19.03373336792
3	26540	1.696193841295	-30.408773422241
3	26544	1.696199381593	-23.140600204468
3	26554	1.697187581385	-32.578212738037
3	26558	1.697236984049	-26.884952545166
3	26571	1.698216643266	-31.64102935791
3	26575	1.698278447388	-26.961393356323
3	26585	1.699187769562	-21.933601379395
3	26595	1.699273040087	-29.836984634399
3	26602	1.70014672635	-25.47652053833
3	26606	1.700269962177	-21.502304077148
3	26616	1.701145792397	-27.777927398682
3	26623	1.701272582217	-23.883255004883
3	26636	1.702184650767	-25.669677734375
3	26640	1.702290840033	-23.016262054443
3	26656	1.703194554381	-24.602499008179
3	26660	1.703314845143	-30.628076553345
3	26667	1.704227972496	-27.187295913696
3	26671	1.70434258546	-6.9487900733948
3	26684	1.705206460835	-30.885864257812
3	26691	1.705382415326	-26.665641784668
3	26695	1.706159462256	-12.452614784241
3	26702	1.70640726494	-37.380207061768
3	26715	1.707181785998	-28.820680618286
3	26722	1.707437442517	-31.123544692993
3	26729	1.708196502562	-27.546962738037
3	26733	1.708445155616	-10.529055595398
3	26743	1.709183069831	-26.644393920898
3	26753	1.709417624331	-15.961183547974
3	26760	1.710201682227	-13.685718536377
3	26764	1.710384018761	-19.928112030029
3	26774	1.71124890222	-31.282114028931
3	26781	1.711388793449	-20.750022888184
3	26788	1.712237393832	-24.93872833252
3	26795	1.712390484945	-29.268054962158
3	26805	1.713234630173	-22.296716690063
3	26815	1.713391741248	-18.059999465942
3	26819	1.714219405101	-19.016920089722
3	26823	1.714348652331	-25.038787841797
3	26839	1.715224658263	-31.80135345459
3	26843	1.71535240581	-32.930377960205
3	26850	1.71623063798	-22.965286254883
3	26857	1.716397262902	-22.891296386719
3	26870	1.717263630407	-20.285448074341
3	26877	1.717394220781	-15.360468864441
3	26884	1.718263724034	-20.013381958008
3	26888	1.718415247599	-41.783855438232
3	26901	1.719251816701	-25.941951751709
3	26908	1.719453648348	-19.243181228638
3	26912	1.720210238932	-13.379673957825
3	26919	1.72049693918	-27.533792495728
3	26932	1.721213333089	-8.2956466674805
3	26942	1.721528267755	-20.216484069824
3	26946	1.722180287464	-29.205812454224
3	26953	1.722495470703	-30.196096420288
3	26966	1.723198726898	-16.500719070435
3	26970	1.723470490564	-21.411687850952
3	26977	1.724230779161	-13.912956237793
3	26987	1.724439714923	-29.936870574951
3	26997	1.725274363836	-15.06876373291
3	27001	1.725428315262	-16.460594177246
3	27011	1.726284677021	-36.32067489624
3	27015	1.72645164749	-25.994161605835
3	27028	1.727289775974	-22.157423019409
3	27032	1.727457089149	-19.795400619507
3	27042	1.728302818518	-30.179130554199
3	27046	1.728506932599	-23.475093841553
3	27059	1.729305247585	-20.183675765991
3	27063	1.729509357722	-30.086004257202
3	27073	1.730330457207	-20.145185470581
3	27077	1.730520465768	-16.477634429932
3	27090	1.731352707169	-19.074241638184
3	27094	1.731558533924	-17.809923171997
3	27101	1.73237144521	-26.975124359131
3	27108	1.732510144228	-23.504199981689
3	27121	1.733366277325	-29.295457839966
3	27125	1.733554768328	-21.382293701172
3	27135	1.734377687915	-26.149059295654
3	27139	1.734593581523	-20.984001159668
3	27152	1.735345123572	-11.560698509216
3	27156	1.735595515862	-19.02921295166
3	27166	1.736386591583	-36.245601654053
3	27170	1.736596251459	-29.517101287842
3	27183	1.737436524918	-27.329130172729
3	27187	1.737550956191	-34.554512023926
3	27197	1.738418860269	-24.300119400024
3	27204	1.738570254806	-29.390327453613
3	27214	1.73939761498	-23.568532943726
3	27221	1.73958651769	-21.192392349243
3	27231	1.740433802151	-26.34042930603
3	27235	1.740581064184	-35.695137023926
3	27245	1.741418301752	-27.255403518677
3	27249	1.741598445439	-24.814546585083
3	27265	1.742389971361	-38.619365692139
3	27269	1.742549852454	-31.007308959961
3	27279	1.743349071409	-24.835775375366
3	27283	1.743593864853	-27.042158126831
3	27296	1.744367315736	-22.437002182007
3	27300	1.744575924208	-28.65150642395
3	27310	1.745390572488	-19.122497558594
3	27317	1.74558803014	-31.946588516235
3	27327	1.746341770302	-33.583759307861
3	27331	1.746618191581	-24.130714416504
3	27341	1.74736441438	-23.90315246582
3	27348	1.747612912054	-15.728921890259
3	27358	1.748411474932	-17.351480484009
3	27362	1.748613791325	-20.716415405273
3	27372	1.749373798469	-16.725589752197
3	27379	1.749611882199	-27.923179626465
3	27391	1.750416854898	-25.550884246826
3	27395	1.750575172812	-28.891353607178
3	27405	1.751380667748	-21.478391647339
3	27412	1.751570100924	-21.096261978149
3	27422	1.752425153967	-13.653901100159
3	27426	1.752542000185	-26.056087493896
3	27436	1.753452959149	-35.704254150391
3	27440	1.753556288492	-25.330286026001
3	27453	1.754501547406	-19.379613876343
3	27457	1.754554833674	-37.66971206665
3	27467	1.75546681398	-26.060695648193
3	27471	1.755533851659	-21.256818771362
3	27484	1.756418598838	-26.026378631592
3	27488	1.756485024265	-20.932317733765
3	27498	1.75740512831	-29.139608383179
3	27502	1.757441979618	-32.776340484619
3	27515	1.75841083737	-19.457725524902
3	27519	1.758414804429	-22.090929031372
3	27529	1.759376386925	-24.368238449097
3	27533	1.75938906888	-35.063232421875
3	27546	1.760405267686	-20.444984436035
3	27550	1.760422986069	-25.479080200195
3	27560	1.761355493873	-19.582078933716
3	27564	1.761425149779	-35.901092529297
3	27577	1.762360675581	-21.684894561768
3	27584	1.762461104837	-10.906432151794
3	27591	1.763359717849	-21.581474304199
3	27598	1.763441264729	-31.912258148193
3	27611	1.764363770281	-29.403667449951
3	27615	1.764433629566	-22.671119689941
3	27625	1.765402849692	-16.848733901978
3	27629	1.765483097409	-16.721845626831
3	27642	1.766387253985	-16.156597137451
3	27646	1.766488901429	-20.776620864868
3	27656	1.76742073724	-35.442802429199
3	27660	1.767449738664	-16.674255371094
3	27673	1.7684051216	-21.602243423462
3	27677	1.768439881119	-33.732986450195
3	27687	1.769410427545	-26.723161697388
3	27691	1.769452153266	-27.367334365845
3	27704	1.77039267581	-21.971632003784
3	27708	1.770460046839	-35.442531585693
3	27718	1.771395215687	-29.024597167969
3	27722	1.771427289887	-27.327457427979
3	27735	1.772380631071	-23.073171615601
3	27739	1.772397414499	-28.41404914856
3	27749	1.77336694197	-35.159187316895
3	27753	1.773443704449	-34.442607879639
3	27766	1.774337084874	-37.510631561279
3	27770	1.774491476996	-26.202796936035
3	27780	1.775308281712	-31.460117340088
3	27784	1.775476086792	-20.630102157593
3	27797	1.77635508662	-12.947481155396
3	27801	1.776442708862	-24.414129257202
3	27811	1.777395803999	-26.362640380859
3	27815	1.777423100956	-29.211620330811
3	27828	1.778356863502	-19.657655715942
3	27832	1.778399311525	-32.31925201416
3	27839	1.779361408846	-20.812078475952
3	27843	1.779367873305	-20.736112594604
3	27859	1.780355221889	-21.720333099365
3	27863	1.780366870243	-20.118841171265
3	27870	1.781333944123	-21.942405700684
3	27874	1.781404166875	-16.694356918335
3	27890	1.782349012042	-15.160394668579
3	27894	1.782355874451	-17.867570877075
3	27904	1.783364006448	-28.550819396973
3	27908	1.783392321441	-27.737522125244
3	27921	1.784335039035	-25.672212600708
3	27925	1.784441106944	-22.280263900757
3	27935	1.785304551972	-27.994451522827
3	27939	1.785474463483	-15.559805870056
3	27952	1.786348933234	-21.207361221313
3	27956	1.786488077941	-17.044733047485
3	27966	1.787302799875	-25.645793914795
3	27970	1.78743870265	-18.40896987915
3	27983	1.788322006308	-26.308883666992
3	27987	1.78839277049	-27.348209381104
3	27997	1.789278097579	-16.201776504517
3	28001	1.789360634731	-16.599100112915
3	28014	1.790287057742	-23.163599014282
3	28018	1.790402317589	-27.488483428955
3	28028	1.791291063742	-9.6182222366333
3	28032	1.791445333469	-20.539726257324
3	28045	1.792302636386	-18.180370330811
3	28049	1.79247710237	-22.288782119751
3	28059	1.793296356614	-25.192005157471
3	28063	1.793432709079	-26.083864212036
3	28076	1.794336113353	-22.300859451294
3	28080	1.794416667067	-30.63493347168
3	28090	1.795346506393	-27.515254974365
3	28094	1.79537976842	-26.379426956177
3	28107	1.796366169871	-36.911285400391
3	28111	1.79637166015	-10.901479721069
3	28121	1.797401762689	-24.026971817017
3	28125	1.797404181333	-36.504886627197
3	28138	1.798384221759	-18.346673965454
3	28142	1.798418062639	-21.969106674194
3	28152	1.799416126545	-24.254674911499
3	28156	1.799458077826	-28.266763687134
3	28169	1.800446609105	-27.347396850586
3	28173	1.800450218614	-30.509195327759
3	28192	1.801485905958	-25.43843460083
3	28196	1.801492487265	-27.368186950684
3	28203	1.802467395182	-16.746664047241
3	28207	1.802536857651	-22.642236709595
3	28220	1.803486363776	-27.827447891235
3	28224	1.80352010738	-28.941692352295
3	28234	1.80448916865	-22.523067474365
3	28238	1.804522559863	-29.187080383301
3	28251	1.805461327781	-17.865510940552
3	28258	1.805547832203	-28.985557556152
3	28265	1.806423325107	-35.443054199219
3	28269	1.806585045084	-22.125890731812
3	28282	1.807400062411	-27.689599990845
3	28289	1.807573413336	-19.513486862183
3	28296	1.808366179836	-30.500457763672
3	28300	1.808579968082	-26.071910858154
3	28313	1.809385547514	-30.991752624512
3	28320	1.809585346001	-29.487819671631
3	28327	1.810370739561	-25.176843643188
3	28337	1.810631286245	-14.696791648865
3	28341	1.811375446118	-22.111127853394
3	28354	1.811643929525	-29.797107696533
3	28358	1.812364235816	-29.419912338257
3	28368	1.81263248768	-23.348285675049
3	28372	1.813370071202	-28.255001068115
3	28385	1.813653097838	-33.089206695557
3	28392	1.814414159707	-21.642889022827
3	28399	1.8146855405	-30.661979675293
3	28406	1.815446877208	-28.015470504761
3	28416	1.815698212691	-24.147577285767
3	28423	1.816429222515	-22.822162628174
3	28430	1.816731616689	-27.478639602661
3	28440	1.817410855303	-18.883205413818
3	28444	1.817690330105	-24.99243927002
3	28454	1.818377603436	-28.360828399658
3	28461	1.818660940314	-39.754070281982
3	28471	1.819418842988	-21.640356063843
3	28478	1.819623374403	-26.916917800903
3	28485	1.820429354356	-23.016218185425
3	28489	1.820600269156	-20.238771438599
3	28505	1.821442400979	-21.123588562012
3	28512	1.821590973371	-46.634075164795
3	28519	1.822449151533	-18.715629577637
3	28526	1.822580675628	-30.672079086304
3	28536	1.823413531834	-28.027231216431
3	28543	1.82362867654	-27.958089828491
3	28553	1.824436629121	-15.884659767151
3	28557	1.82463993551	-32.768299102783
3	28567	1.825476950964	-37.966247558594
3	28571	1.825618496444	-31.433681488037
3	28584	1.826489378059	-14.451011657715
3	28588	1.826585898141	-27.697610855103
3	28601	1.827529393507	-23.280225753784
3	28605	1.827590629124	-36.63395690918
3	28615	1.828510057141	-20.116123199463
3	28619	1.828615073166	-19.881887435913
3	28632	1.829492889841	-21.724718093872
3	28636	1.829649173362	-34.31653213501
3	28646	1.830490937675	-23.72082901001
3	28650	1.830647629654	-23.342491149902
3	28660	1.831447782512	-26.671182632446
3	28667	1.831613925776	-17.012493133545
3	28677	1.83247972002	-28.386800765991
3	28681	1.832588376067	-28.416757583618
3	28694	1.833489067846	-24.559772491455
3	28698	1.833635739223	-22.632364273071
3	28708	1.834445445559	-28.326402664185
3	28712	1.834615655283	-24.444379806519
3	28722	1.83545328745	-27.303468704224
3	28729	1.835600435108	-37.225536346436
3	28739	1.83647976773	-30.066644668579
3	28743	1.83662522464	-29.569606781006
3	28753	1.837508171817	-32.012500762939
3	28757	1.837663239358	-19.211547851562
3	28770	1.838530796432	-31.564422607422
3	28774	1.838630818797	-16.172639846802
3	28784	1.839532249207	-32.355411529541
3	28788	1.839582110765	-22.162813186646
3	28801	1.840543828227	-25.79817199707
3	28805	1.840545010194	-25.485624313354
3	28818	1.841511482078	-16.444404602051
3	28822	1.841571453944	-32.09801864624
3	28835	1.842498482238	-13.161474227905
3	28839	1.842532828766	-28.064891815186
3	28849	1.843501670134	-23.937614440918
3	28853	1.843516663188	-29.950073242188
3	28866	1.844467358963	-19.661470413208
3	28870	1.844503062953	-30.732564926147
3	28880	1.84543047703	-28.845207214355
3	28884	1.845487507882	-32.26623916626
3	28897	1.846443796236	-10.888116836548
3	28901	1.846514651875	-32.491458892822
3	28914	1.84747653673	-26.524839401245
3	28918	1.847481573548	-34.510650634766
3	28928	1.848475326111	-25.151823043823
3	28932	1.848481535356	-28.181285858154
3	28945	1.849462883406	-19.249341964722
3	28949	1.849505978896	-22.549448013306
3	28959	1.850419371977	-28.570529937744
3	28963	1.850471734284	-43.657905578613
3	28976	1.851452217383	-26.811491012573
3	28980	1.851492473059	-24.123556137085
3	28987	1.852409944751	-23.099880218506
3	28994	1.852452902098	-22.612302780151
3	29007	1.85339836212	-41.075786590576
3	29011	1.853437396992	-27.760370254517
3	29021	1.854355458657	-26.419227600098
3	29025	1.85440870648	-25.566123962402
3	29035	1.855336581233	-20.444105148315
3	29039	1.855415325435	-28.384754180908
3	29052	1.856289460081	-26.175050735474
3	29056	1.856414761236	-23.305362701416
3	29066	1.857311133189	-36.344863891602
3	29070	1.857398805888	-24.694484710693
3	29083	1.858267894666	-18.349702835083
3	29087	1.858399159529	-26.597858428955
3	29097	1.859278997359	-18.512838363647
3	29104	1.859362259744	-25.983570098877
3	29114	1.860315608211	-20.458164215088
3	29118	1.860316720296	-18.532369613647
3	29134	1.861298316762	-23.841732025146
3	29138	1.861354869052	-16.096632003784
3	29148	1.862256302211	-32.860961914062
3	29152	1.862339521908	-19.85897064209
3	29165	1.863211679182	-22.60622215271
3	29169	1.863324707755	-34.816226959229
3	29179	1.864181242925	-26.451162338257
3	29183	1.864315979239	-25.320999145508
3	29193	1.865137718277	-18.759937286377
3	29200	1.865343030317	-25.314004898071
3	29207	1.866118753536	-22.946994781494
3	29214	1.866364520842	-22.528451919556
3	29224	1.867086303165	-28.432645797729
3	29231	1.867352200841	-20.96962928772
3	29235	1.868055441299	-11.164194107056
3	29245	1.868358620032	-27.396284103394
3	29249	1.869050782256	-25.149398803711
3	29259	1.86939602515	-9.5876617431641
3	29266	1.870069667642	-41.063003540039
3	29276	1.870434712	-22.404470443726
3	29280	1.871026029132	-22.86927986145
3	29290	1.871446769312	-36.485836029053
3	29297	1.87204805449	-34.779605865479
3	29307	1.872407424381	-25.817882537842
3	29311	1.873029736877	-33.368793487549
3	29321	1.873414549688	-27.997388839722
3	29328	1.873995187459	-31.634916305542
3	29335	1.874376257439	-26.390846252441
3	29342	1.874967866524	-28.217714309692
3	29349	1.875368971836	-30.689682006836
3	29359	1.875923403046	-26.201747894287
3	29366	1.876339051077	-34.133296966553
3	29373	1.876953817067	-26.849979400635
3	29383	1.877377730474	-17.276107788086
3	29390	1.877936604823	-23.760848999023
3	29397	1.878336621015	-22.535062789917
3	29404	1.878963437759	-35.022022247314
3	29411	1.879327458091	-20.073570251465
3	29421	1.879939471439	-19.610675811768
3	29431	1.880375529894	-32.63720703125
3	29435	1.880891625206	-29.154741287231
3	29448	1.881400715587	-26.815584182739
3	29452	1.881851070186	-20.218162536621
3	29462	1.882392274269	-31.762752532959
3	29469	1.88282605703	-41.306770324707
3	29479	1.883397861594	-22.3646068573
3	29486	1.883815426621	-13.153254508972
3	29496	1.884401749935	-16.080907821655
3	29500	1.884767804862	-15.728315353394
3	29507	1.885380492473	-32.073081970215
3	29517	1.885720848087	-35.792919158936
3	29527	1.886424512985	-21.011510848999
3	29531	1.886707318298	-9.6400709152222
3	29538	1.887460406244	-30.444555282593
3	29548	1.887661183377	-24.159511566162
3	29558	1.88846118398	-20.473175048828
3	29562	1.888691907688	-23.445262908936
3	29569	1.889477143043	-26.460597991943
3	29579	1.889654749667	-24.632944107056
3	29586	1.890521188443	-16.347949981689
3	29593	1.890690135601	-32.567420959473
3	29603	1.891545000033	-22.34775352478
3	29607	1.891713185453	-41.458808898926
3	29620	1.892529840682	-24.037376403809
3	29624	1.892698678586	-17.411437988281
3	29631	1.893525342136	-26.838500976562
3	29638	1.893705444747	-24.934328079224
3	29651	1.8945435442	-23.610748291016
3	29655	1.894736717238	-31.419176101685
3	29662	1.895551854973	-30.86939239502
3	29669	1.895709053865	-24.308893203735
3	29682	1.896591344813	-27.768779754639
3	29686	1.896673412063	-20.529426574707
3	29693	1.897613060551	-22.913858413696
3	29697	1.897656796823	-28.949409484863
3	29713	1.898626928774	-29.271265029907
3	29717	1.898657903118	-24.281301498413
3	29727	1.899656332778	-24.149530410767
3	29731	1.899677694737	-24.004291534424
3	29744	1.90065483426	-21.093626022339
3	29748	1.900700188774	-25.968259811401
3	29755	1.901623834492	-20.413516998291
3	29759	1.901672018645	-32.130592346191
3	29778	1.902594013631	-31.12716293335
3	29782	1.902652882263	-37.172779083252
3	29789	1.903591114358	-21.667284011841
3	29793	1.903684100407	-33.553173065186
3	29809	1.904597482179	-31.084041595459
3	29813	1.904714367607	-28.531803131104
3	29820	1.905590118667	-24.601947784424
3	29824	1.905674136006	-16.366661071777
3	29840	1.906556677409	-33.228595733643
3	29844	1.906668292943	-25.068170547485
3	29851	1.907556851566	-35.66231918335
3	29855	1.907628030002	-20.073244094849
3	29871	1.908567988253	-20.764890670776
3	29875	1.908667393051	-29.207361221313
3	29882	1.909555092828	-23.777198791504
3	29886	1.909640239263	-20.370168685913
3	29902	1.91054783918	-22.500720977783
3	29906	1.910672735433	-19.269605636597
3	29913	1.911538085857	-24.533578872681
3	29920	1.911712633862	-31.124160766602
3	29933	1.912493892805	-23.292591094971
3	29937	1.912743637209	-33.979530334473
3	29947	1.913519638506	-25.449625015259
3	29954	1.913716908507	-29.143228530884
3	29964	1.9145317481	-26.479312896729
3	29968	1.914725646361	-26.50213432312
3	29981	1.915544155493	-31.776567459106
3	29985	1.915763120734	-19.989549636841
3	29995	1.91657580589	-32.834880828857
3	29999	1.916719515157	-14.445783615112
3	30012	1.917586423795	-28.230667114258
3	30016	1.91768280283	-33.658050537109
3	30026	1.918630938981	-8.5420703887939
3	30030	1.918655656818	-12.144298553467
3	30043	1.919680334471	-14.389389038086
3	30047	1.919702609158	-32.266147613525
3	30057	1.920637478471	-24.867876052856
3	30061	1.920662848845	-15.376953125
3	30077	1.921625745942	-10.55380153656
3	30081	1.921630060312	-22.794855117798
3	30088	1.922590944685	-22.388036727905
3	30095	1.922608034019	-15.221182823181
3	30102	1.923581819144	-28.967359542847
3	30109	1.923651358899	-26.684009552002
3	30122	1.924537920916	-21.332765579224
3	30126	1.924678285598	-29.469083786011
3	30133	1.925502933861	-31.428146362305
3	30143	1.925678671505	-30.820322036743
3	30150	1.926549486997	-21.208261489868
3	30157	1.926701622688	-20.167057037354
3	30170	1.927522638515	-16.317893981934
3	30174	1.927741089765	-31.331592559814
3	30184	1.928522087683	-25.403465270996
3	30188	1.928769005139	-21.878366470337
3	30201	1.929523956294	-17.168661117554
3	30205	1.929723665137	-22.022521972656
3	30215	1.930561517422	-26.124645233154
3	30219	1.930677373607	-22.050964355469
3	30229	1.931538802787	-24.4440574646
3	30236	1.931722247389	-28.076274871826
3	30246	1.932543423347	-21.825786590576
3	30250	1.932732442453	-32.854076385498
3	30263	1.9335533588	-24.314882278442
3	30267	1.933728799975	-32.759929656982
3	30277	1.934536224365	-22.195558547974
3	30281	1.934748585686	-27.483062744141
3	30294	1.935507287874	-22.828245162964
3	30301	1.935723709964	-28.52739906311
3	30308	1.936530288401	-25.839937210083
3	30312	1.936741537735	-17.7060546875
3	30325	1.937575322537	-31.624601364136
3	30329	1.937751750283	-27.9892578125
3	30339	1.938587547408	-23.173156738281
3	30343	1.938730024262	-23.842029571533
3	30356	1.939618575983	-24.007362365723
3	30360	1.93973438832	-25.282152175903
3	30370	1.940614060709	-17.622064590454
3	30374	1.940696127417	-22.081745147705
3	30390	1.941585847174	-23.263746261597
3	30394	1.941671889248	-31.612836837769
3	30404	1.942602902491	-20.292041778564
3	30408	1.942650919151	-16.670755386353
3	30418	1.943624656475	-18.029418945312
3	30422	1.943630319022	-17.004730224609
3	30435	1.944630987359	-27.311513900757
3	30439	1.944673327565	-27.200147628784
3	30452	1.945638824261	-20.655704498291
3	30456	1.945688040057	-22.962856292725
3	30469	1.946648659344	-20.15731048584
3	30473	1.946688129101	-22.150297164917
3	30483	1.947664535172	-26.900228500366
3	30487	1.947674352307	-19.984582901001
3	30497	1.948681427491	-16.852066040039
3	30501	1.948701525897	-16.946075439453
3	30517	1.94965947931	-18.725280761719
3	30521	1.949673105672	-39.647533416748
3	30528	1.950658201636	-21.213768005371
3	30532	1.950692427117	-19.857568740845
3	30545	1.951624414416	-37.473934173584
3	30549	1.951652403132	-40.19091796875
3	30559	1.95267112338	-21.657054901123
3	30563	1.952682340097	-16.261619567871
3	30576	1.953632436253	-21.658702850342
3	30580	1.953635511481	-20.217885971069
3	30590	1.954650317062	-29.712451934814
3	30594	1.954655378967	-31.536041259766
3	30607	1.955617441584	-24.963468551636
3	30611	1.955636718844	-11.841053009033
3	30618	1.956632770693	-18.242975234985
3	30622	1.956641942323	-22.650768280029
3	30638	1.957662116341	-23.907653808594
3	30642	1.957686138055	-20.732137680054
3	30649	1.958644851216	-26.7087059021
3	30653	1.958693400107	-26.117950439453
3	30669	1.959654596529	-18.500070571899
3	30673	1.959658358658	-29.809789657593
3	30680	1.960697256775	-19.478994369507
3	30684	1.960702789901	-11.895559310913
3	30703	1.96170462018	-19.968120574951
3	30707	1.961717333276	-23.765100479126
3	30714	1.962659496849	-33.123611450195
3	30721	1.962733775922	-22.575611114502
3	30731	1.963677425655	-39.758338928223
3	30738	1.963732189944	-30.120077133179
3	30748	1.964725235679	-28.464586257935
3	30755	1.96475135499	-13.478157997131
3	30762	1.965701610421	-18.200927734375
3	30766	1.965759576697	-22.453336715698
3	30779	1.966716729008	-14.023433685303
3	30783	1.966728187422	-29.658721923828
3	30793	1.967684829167	-30.45862197876
3	30797	1.967720504855	-10.200031280518
3	30810	1.968672109992	-17.605083465576
3	30817	1.968770363441	-26.928325653076
3	30824	1.969684798193	-20.648468017578
3	30828	1.96979441927	-25.429981231689
3	30844	1.970690636163	-30.129428863525
3	30848	1.970757117735	-22.640155792236
3	30855	1.971709660139	-20.521650314331
3	30859	1.971780607959	-24.535066604614
3	30875	1.97270335547	-25.545690536499
3	30879	1.972757111416	-25.419580459595
3	30886	1.973733447543	-27.028028488159
3	30890	1.973769597161	-15.696780204773
3	30906	1.974714901333	-26.824342727661
3	30910	1.974796973283	-14.828442573547
3	30917	1.975716778991	-21.66990852356
3	30921	1.975814784956	-24.023370742798
3	30937	1.976679234396	-15.291467666626
3	30941	1.976860794979	-28.923774719238
3	30948	1.97766868508	-28.224058151245
3	30952	1.977824855341	-23.81665802002
3	30968	1.978705932	-26.492994308472
3	30972	1.978852650713	-25.007774353027
3	30979	1.979738807056	-25.863851547241
3	30983	1.979827937433	-34.569263458252
3	30999	1.980740467609	-20.732139587402
3	31003	1.980778354554	-31.6389503479
3	31013	1.981744596578	-29.282489776611
3	31017	1.981821882081	-26.550172805786
3	31033	1.982786186938	-21.169885635376
3	31037	1.982862102013	-30.129610061646
3	31044	1.983789046193	-22.559125900269
3	31048	1.983844909088	-18.088743209839
3	31064	1.984786093761	-15.230977058411
3	31068	1.984809738987	-23.912874221802
3	31075	1.985795372986	-11.107467651367
3	31079	1.98579740416	-26.470821380615
3	31095	1.986751516904	-27.756229400635
3	31099	1.986799699092	-30.429323196411
3	31106	1.987707174335	-22.030164718628
3	31110	1.987776798917	-14.312541007996
3	31126	1.988698143198	-24.364471435547
3	31130	1.988799042217	-20.007650375366
3	31137	1.989663441699	-10.953037261963
3	31141	1.989759577969	-28.857738494873
3	31157	1.99064487229	-21.397891998291
3	31161	1.99080641261	-24.455455780029
3	31168	1.991621806858	-25.966917037964
3	31172	1.991821977792	-21.085264205933
3	31188	1.992579382609	-27.438611984253
3	31192	1.992861546689	-33.556835174561
3	31199	1.993542608669	-18.490209579468
3	31203	1.993820315178	-11.45015335083
3	31219	1.994559721707	-23.730773925781
3	31223	1.994782291314	-24.941715240479
3	31230	1.995509951342	-36.774406433105
3	31234	1.995820369633	-29.548612594604
3	31250	1.996525536464	-28.650312423706
3	31254	1.996857621947	-21.309730529785
3	31261	1.997568998939	-21.769514083862
3	31265	1.997821872128	-24.589696884155
3	31281	1.998578842379	-20.654930114746
3	31285	1.998807127686	-26.622556686401
3	31292	1.999626631486	-32.53572845459
3	31296	1.999758644564	-20.395946502686
3	31314	2.000585038335	-32.04035949707
3	31318	2.000734814567	-30.838693618774
3	31328	2.001549399899	-23.72562789917
3	31332	2.001755524022	-26.186904907227
3	31345	2.002503760817	-35.455493927002
3	31352	2.002707270079	-16.623043060303
3	31359	2.003542574735	-7.1450209617615
3	31363	2.0037329421	-31.14920425415
3	31373	2.004534813737	-17.903318405151
3	31383	2.004724478573	-23.688325881958
3	31390	2.00549863363	-20.653072357178
3	31394	2.005702793838	-18.242925643921
3	31404	2.006511152176	-39.616542816162
3	31414	2.006691847764	-29.84969329834
3	31421	2.007531300286	-26.192199707031
3	31425	2.007694251936	-29.57702255249
3	31438	2.00856887414	-33.33829498291
3	31442	2.008708863935	-27.82169342041
3	31452	2.009614400769	-34.358577728271
3	31456	2.009752309342	-17.776798248291
3	31469	2.010604694926	-24.958871841431
3	31476	2.01079131381	-26.42546081543
3	31483	2.011603093863	-25.315376281738
3	31487	2.011747142985	-23.792753219604
3	31500	2.012635336753	-21.909301757812
3	31507	2.012729867126	-21.506929397583
3	31514	2.013664272818	-28.047891616821
3	31518	2.013732957213	-15.345899581909
3	31534	2.014677452285	-27.894451141357
3	31538	2.014777906518	-27.220081329346
3	31545	2.015680508366	-38.702907562256
3	31549	2.015792950147	-14.143829345703
3	31565	2.016631198034	-32.592788696289
3	31569	2.016825877817	-8.6702032089233
3	31576	2.017646593396	-27.675609588623
3	31580	2.017791415309	-34.461399078369
3	31596	2.018664334185	-31.206007003784
3	31600	2.018813458384	-14.589031219482
3	31607	2.019639745413	-18.28334236145
3	31614	2.019792832212	-17.363695144653
3	31624	2.020590824869	-21.384845733643
3	31631	2.020835537124	-24.554468154907
3	31641	2.021611681603	-11.140351295471
3	31651	2.021863305552	-19.823575973511
3	31658	2.022635819843	-22.891063690186
3	31665	2.022906248628	-41.36291885376
3	31675	2.02364897047	-30.230028152466
3	31682	2.023912654318	-28.879983901978
3	31689	2.024672120782	-22.888938903809
3	31693	2.024887943637	-15.707722663879
3	31709	2.025703033987	-20.202930450439
3	31713	2.025908662802	-26.290849685669
3	31720	2.026676710424	-23.295907974243
3	31724	2.02688827376	-22.011564254761
3	31740	2.0276957983	-26.402402877808
3	31744	2.02792117367	-14.785026550293
3	31751	2.028739131984	-26.742778778076
3	31755	2.028871259735	-18.170049667358
3	31771	2.029699344608	-18.722578048706
3	31775	2.029870550376	-27.235902786255
3	31782	2.030726507852	-11.538767814636
3	31786	2.030902869296	-18.127912521362
3	31802	2.031738965228	-17.914417266846
3	31806	2.031920143368	-21.388008117676
3	31813	2.032755366857	-32.730472564697
3	31820	2.032951164555	-23.524478912354
3	31833	2.033783618302	-19.512355804443
3	31837	2.033937689948	-21.448684692383
3	31844	2.034773301467	-20.753690719604
3	31848	2.034947150196	-26.347078323364
3	31861	2.035737832287	-18.355316162109
3	31868	2.035951945783	-21.954423904419
3	31875	2.036785368429	-25.880107879639
3	31882	2.036990456178	-22.962383270264
3	31895	2.037833238466	-21.173677444458
3	31899	2.037958039206	-17.460603713989
3	31906	2.038869821407	-14.053392410278
3	31913	2.038985511241	-16.910814285278
3	31923	2.03982986396	-15.725596427917
3	31930	2.039989427157	-24.33371925354
3	31937	2.040813213435	-24.261447906494
3	31944	2.041015913928	-25.502880096436
3	31957	2.041809029954	-29.898212432861
3	31961	2.041980993339	-20.665643692017
3	31974	2.042792075876	-18.024436950684
3	31978	2.043011813626	-19.942293167114
3	31988	2.04375856056	-30.903497695923
3	31992	2.04399267926	-22.121662139893
3	32002	2.044760970843	-20.677442550659
3	32009	2.044967956597	-25.525587081909
3	32019	2.045747342816	-14.615846633911
3	32023	2.045971382046	-31.082597732544
3	32033	2.046706264365	-28.160694122314
3	32043	2.046967528833	-23.954326629639
3	32047	2.047669936523	-18.847536087036
3	32054	2.04796148635	-27.435081481934
3	32064	2.048696413624	-28.700164794922
3	32074	2.04892536322	-21.884346008301
3	32078	2.049664781714	-38.363079071045
3	32085	2.049895148396	-26.479141235352
3	32101	2.050656774607	-25.736539840698
3	32105	2.050879640687	-10.342297554016
3	32109	2.051655139823	-19.30216217041
3	32116	2.051925066354	-25.522783279419
3	32129	2.052619138822	-34.535755157471
3	32136	2.052965917527	-16.488195419312
3	32140	2.053615259488	-29.790287017822
3	32147	2.053925439436	-27.159332275391
3	32163	2.054627586223	-30.223394393921
3	32167	2.05488661199	-22.229309082031
3	32171	2.055631183369	-18.186422348022
3	32175	2.055924092869	-27.769763946533
3	32194	2.056652688049	-24.122375488281
3	32198	2.056967499271	-36.54683303833
3	32202	2.057697712951	-15.977690696716
3	32209	2.058001436137	-29.730396270752
3	32225	2.058664498902	-27.093719482422
3	32229	2.058975760573	-31.645050048828
3	32233	2.059698574853	-28.105463027954
3	32240	2.060000825952	-30.020141601562
3	32253	2.06066283981	-36.876617431641
3	32263	2.060991902649	-26.90887260437
3	32267	2.061658853356	-26.124277114868
3	32274	2.061978236492	-25.487085342407
3	32290	2.062665478344	-28.71270942688
3	32294	2.062953731406	-19.28586769104
3	32298	2.063671005313	-25.2493019104
3	32305	2.0639171975	-29.050819396973
3	32318	2.064720181884	-38.414813995361
3	32325	2.064939061309	-25.650583267212
3	32332	2.065749601756	-28.079002380371
3	32336	2.065983330284	-24.335174560547
3	32343	2.066749574963	-28.799751281738
3	32356	2.066947153453	-35.267597198486
3	32360	2.067739802267	-26.101512908936
3	32367	2.067990811182	-36.697521209717
3	32374	2.068782582082	-30.901605606079
3	32387	2.068966434015	-18.638612747192
3	32394	2.069820688643	-17.802722930908
3	32398	2.069954483251	-36.166076660156
3	32414	2.070812003346	-24.025840759277
3	32418	2.070976464534	-29.46656036377
3	32425	2.071849178538	-19.928667068481
3	32429	2.071988490182	-29.313905715942
3	32442	2.072811874382	-20.835052490234
3	32449	2.073016706002	-29.732618331909
3	32453	2.073824053596	-21.840944290161
3	32460	2.073982492929	-19.867479324341
3	32473	2.074863268063	-26.438045501709
3	32477	2.074962988796	-20.435338973999
3	32484	2.075860419335	-21.151126861572
3	32491	2.075999310574	-30.235511779785
3	32501	2.076843845974	-30.208436965942
3	32511	2.076960221646	-30.986139297485
3	32515	2.077857074235	-44.219520568848
3	32519	2.077945460824	-31.541715621948
3	32532	2.078890800282	-40.572246551514
3	32536	2.078944261365	-28.730062484741
3	32546	2.079911834318	-15.804264068604
3	32550	2.079958302602	-22.903514862061
3	32566	2.080936268817	-32.348442077637
3	32570	2.080960971765	-28.870138168335
3	32583	2.081913856486	-31.840171813965
3	32587	2.082002202655	-17.636360168457
3	32600	2.082962951373	-29.204439163208
3	32604	2.082992970199	-23.413404464722
3	32611	2.083954425455	-25.982725143433
3	32615	2.08402912932	-33.876754760742
3	32631	2.084962114603	-24.212682723999
3	32635	2.084995202561	-22.213312149048
3	32645	2.085931843668	-26.624183654785
3	32649	2.085993891971	-31.943880081177
3	32662	2.086956390849	-21.737003326416
3	32666	2.086966120986	-12.023550033569
3	32676	2.087935150541	-17.324304580688
3	32680	2.08794651105	-19.537307739258
3	32693	2.088950712185	-20.79313659668
3	32697	2.088977748621	-19.017471313477
3	32707	2.089910888038	-37.317752838135
3	32711	2.089984768484	-28.707912445068
3	32721	2.090867368067	-17.221963882446
3	32728	2.091024736348	-27.143327713013
3	32738	2.091842928538	-28.645952224731
3	32742	2.092008643697	-36.824508666992
3	32752	2.092832843287	-26.04712677002
3	32759	2.093009584922	-23.396474838257
3	32769	2.093831726064	-29.260288238525
3	32773	2.094058519495	-23.860511779785
3	32783	2.094829270103	-31.930511474609
3	32790	2.095010961303	-26.935466766357
3	32800	2.095813177806	-32.910823822021
3	32804	2.096036337287	-23.225088119507
3	32814	2.096807967486	-27.165271759033
3	32821	2.097081642945	-22.314910888672
3	32831	2.097807882808	-22.471988677979
3	32835	2.098074831627	-35.032203674316
3	32848	2.098832413147	-35.436096191406
3	32852	2.099104465985	-21.84234046936
3	32862	2.099828793976	-17.260631561279
3	32869	2.100106928483	-32.063148498535
3	32876	2.10080640987	-19.912715911865
3	32883	2.101120992334	-40.837306976318
3	32896	2.10181957355	-17.179832458496
3	32903	2.102090166925	-30.098661422729
3	32910	2.102791808542	-26.901094436646
3	32917	2.103129057657	-20.518417358398
3	32927	2.103762413103	-31.459730148315
3	32931	2.104090183144	-24.990413665771
3	32938	2.104720045393	-23.635513305664
3	32948	2.105070909613	-28.927274703979
3	32958	2.105695007635	-36.088924407959
3	32965	2.106024178422	-28.310186386108
3	32969	2.106680632226	-22.701293945312
3	32979	2.10700016394	-28.356735229492
3	32989	2.107642298467	-19.351509094238
3	32996	2.107954599081	-27.697193145752
3	33000	2.108597288351	-26.674091339111
3	33004	2.108965560631	-32.98551940918
3	33020	2.109601786323	-31.166353225708
3	33024	2.109917466318	-25.055334091187
3	33031	2.110602948137	-16.743444442749
3	33038	2.110952374555	-25.549858093262
3	33051	2.111622906965	-22.156278610229
3	33058	2.111997223465	-27.199701309204
3	33062	2.112589046478	-24.614398956299
3	33066	2.112986234641	-35.531745910645
3	33079	2.113593723403	-36.13277053833
3	33086	2.113956365583	-27.502012252808
3	33093	2.114639164805	-26.445941925049
3	33097	2.114945411507	-13.439783096313
3	33107	2.115595521992	-19.925317764282
3	33117	2.115910261828	-24.602668762207
3	33124	2.116583248709	-24.215137481689
3	33128	2.116914105802	-15.716720581055
3	33144	2.117616920106	-24.116149902344
3	33148	2.117885787706	-23.855239868164
3	33155	2.118577468136	-28.151521682739
3	33159	2.118898883789	-25.952068328857
3	33169	2.119592462336	-15.633164405823
3	33179	2.119935031734	-23.908288955688
3	33186	2.12056792157	-26.38102722168
3	33190	2.120975831073	-18.61935043335
3	33206	2.121525679707	-32.007926940918
3	33213	2.121938743925	-19.372198104858
3	33220	2.122477758814	-23.494029998779
3	33227	2.122987088929	-31.741289138794
3	33234	2.123440598539	-15.624320983887
3	33247	2.123988206947	-24.472993850708
3	33251	2.12440278486	-31.165744781494
3	33255	2.124954412971	-34.508186340332
3	33265	2.125400474173	-27.125701904297
3	33275	2.125923831683	-22.450233459473
3	33282	2.126354366807	-37.494808197021
3	33286	2.126939003854	-33.182113647461
3	33293	2.127385421696	-26.474786758423
3	33306	2.12794724329	-27.427856445312
3	33313	2.128388037825	-26.084098815918
3	33317	2.128949241483	-31.82345199585
3	33324	2.129401882639	-18.913591384888
3	33337	2.129924592804	-40.644172668457
3	33344	2.130367234327	-25.700330734253
3	33348	2.130931257646	-25.592479705811
3	33355	2.131407031696	-29.016878128052
3	33368	2.131926253035	-29.510013580322
3	33375	2.132411476518	-23.575395584106
3	33379	2.132909342955	-30.155136108398
3	33389	2.133393266706	-26.037382125854
3	33402	2.1339475188	-25.297552108765
3	33406	2.134347687739	-28.844675064087
3	33410	2.134969599541	-24.285123825073
3	33420	2.135352153756	-33.94677734375
3	33430	2.135958808486	-21.458955764771
3	33437	2.136334502824	-28.452966690063
3	33441	2.136971837253	-23.296632766724
3	33451	2.137367792567	-19.992240905762
3	33461	2.137929359252	-23.45397567749
3	33468	2.138359340203	-28.923677444458
3	33472	2.138902737586	-19.801279067993
3	33479	2.139344729295	-24.618196487427
3	33495	2.139951547121	-27.442350387573
3	33499	2.140360618092	-30.291803359985
3	33503	2.140937210522	-24.521907806396
3	33513	2.141324504443	-30.500890731812
3	33526	2.141935166143	-20.393720626831
3	33533	2.142346290275	-25.066219329834
3	33537	2.142914707604	-19.403429031372
3	33544	2.143327430462	-17.752065658569
3	33557	2.143957265544	-24.355165481567
3	33564	2.144277822237	-23.158710479736
3	33568	2.144985140802	-24.56763458252
3	33575	2.145294317087	-25.103034973145
3	33588	2.145990278555	-31.479698181152
3	33595	2.146274618609	-26.625288009644
3	33599	2.146969017439	-37.928787231445
3	33609	2.147305662358	-21.293558120728
3	33619	2.148004495742	-27.518287658691
3	33626	2.148291185183	-15.570725440979
3	33633	2.149036349759	-25.45029258728
3	33640	2.149248549343	-28.897939682007
3	33650	2.150039229323	-38.821563720703
3	33657	2.150273435281	-29.991273880005
3	33667	2.151058030794	-21.265972137451
3	33671	2.151243500905	-23.109010696411
3	33678	2.152012542305	-27.563219070435
3	33685	2.152201498971	-8.926718711853
3	33698	2.153028809637	-27.742828369141
3	33702	2.153243774448	-31.457386016846
3	33709	2.154056635782	-26.123065948486
3	33716	2.154287483032	-26.286287307739
3	33729	2.155018888672	-29.931434631348
3	33733	2.155287303376	-35.156917572021
3	33740	2.156059803221	-26.608009338379
3	33747	2.156243970702	-24.14612197876
3	33760	2.157011782563	-23.969743728638
3	33764	2.157247008246	-33.230091094971
3	33774	2.158029227837	-27.181346893311
3	33778	2.15821098491	-21.133531570435
3	33791	2.159039434407	-26.314395904541
3	33795	2.159221680021	-20.706239700317
3	33805	2.160081048364	-18.769107818604
3	33809	2.160175736332	-23.937259674072
3	33819	2.161069636277	-22.473642349243
3	33826	2.161176679712	-29.096677780151
3	33839	2.162118724204	-19.218151092529
3	33843	2.162147200073	-21.771156311035
3	33856	2.163107031101	-25.403081893921
3	33860	2.16311926031	-20.218336105347
3	33870	2.164078437376	-34.234672546387
3	33874	2.164149010616	-18.109851837158
3	33887	2.165074993669	-5.7953262329102
3	33891	2.165122647379	-19.01611328125
3	33901	2.166116836964	-32.975040435791
3	33905	2.166121863974	-25.8713722229
3	33915	2.1670758508	-18.441278457642
3	33919	2.167086409122	-21.49479675293
3	33929	2.168037778719	-26.995349884033
3	33933	2.168062164324	-22.273262023926
3	33946	2.168991349961	-29.192089080811
3	33950	2.169094850687	-23.282615661621
3	33960	2.170035567018	-27.055309295654
3	33964	2.170054787522	-24.154722213745
3	33977	2.171034253592	-26.520469665527
3	33981	2.171057891117	-29.559408187866
3	33991	2.172030609774	-24.541580200195
3	33995	2.172058271177	-21.920330047607
3	34005	2.173034483714	-28.542055130005
3	34009	2.173084449407	-23.607664108276
3	34025	2.174078204374	-22.789308547974
3	34029	2.174110606888	-27.377155303955
3	34042	2.175109752894	-22.150495529175
3	34046	2.175126392544	-16.73618888855
3	34056	2.176087736534	-25.298406600952
3	34060	2.176148539856	-23.701011657715
3	34067	2.177106587008	-29.887624740601
3	34071	2.177115682366	-33.237266540527
3	34081	2.178063552201	-24.585966110229
3	34085	2.178087211086	-17.418292999268
3	34101	2.179059448815	-28.088619232178
3	34105	2.179102787898	-27.719547271729
3	34112	2.180030449562	-28.246095657349
3	34116	2.180081707873	-29.484140396118
3	34132	2.181023368828	-24.359659194946
3	34136	2.181130002223	-18.528602600098
3	34149	2.182059215263	-22.251485824585
3	34153	2.182155573334	-16.571285247803
3	34166	2.183033296573	-24.132989883423
3	34170	2.183182778234	-37.11633682251
3	34177	2.184053321366	-30.065299987793
3	34184	2.184172514151	-21.251121520996
3	34194	2.18502282255	-18.458541870117
3	34204	2.185212038377	-28.34842300415
3	34211	2.186031775845	-39.770790100098
3	34215	2.186181218386	-22.900808334351
3	34228	2.187025096971	-26.10657119751
3	34235	2.18718752022	-35.055229187012
3	34242	2.188018493365	-26.762550354004
3	34246	2.188190869493	-17.544755935669
3	34259	2.189003104267	-26.549335479736
3	34266	2.189203409445	-32.736991882324
3	34273	2.19000154279	-40.624969482422
3	34277	2.19017647214	-31.377487182617
3	34290	2.190957021228	-24.895420074463
3	34297	2.191130845747	-24.280500411987
3	34301	2.191936782513	-14.532073020935
3	34308	2.192102456169	-22.226612091064
3	34324	2.192945441421	-17.976821899414
3	34328	2.193150221429	-35.052364349365
3	34332	2.193909977704	-25.988409042358
3	34339	2.194179094613	-20.827970504761
3	34355	2.194921590529	-31.77105140686
3	34359	2.195152161673	-25.680501937866
3	34363	2.195885799589	-29.67421913147
3	34370	2.196114069259	-28.1750831604
3	34386	2.196888230522	-25.522859573364
3	34390	2.197147235723	-21.801990509033
3	34397	2.197890977841	-14.144564628601
3	34401	2.19813376263	-18.191635131836
3	34417	2.19887354136	-28.832950592041
3	34421	2.19909853722	-29.482486724854
3	34428	2.199837664731	-31.65874671936
3	34432	2.200107206834	-22.16131401062
3	34448	2.200850823085	-13.771340370178
3	34452	2.201080453807	-28.269693374634
3	34456	2.201856471534	-28.945882797241
3	34466	2.202090357271	-12.407444953918
3	34482	2.202882849995	-15.579866409302
3	34486	2.203122142941	-33.392990112305
3	34490	2.203876437844	-30.978885650635
3	34497	2.204120547746	-15.628787994385
3	34513	2.204878488006	-28.373006820679
3	34517	2.205151173689	-22.283992767334
3	34521	2.205910555008	-23.200765609741
3	34531	2.206194283875	-20.716186523438
3	34544	2.206869204668	-13.039567947388
3	34548	2.207228834709	-24.805278778076
3	34552	2.207878187197	-23.358497619629
3	34562	2.208260476989	-22.301801681519
3	34575	2.208851310005	-33.423564910889
3	34579	2.20926940563	-31.350431442261
3	34583	2.209848036571	-20.368995666504
3	34596	2.21024166106	-28.592746734619
3	34603	2.210810428224	-24.55304145813
3	34610	2.211225888907	-26.154260635376
3	34614	2.211781900877	-17.013538360596
3	34624	2.212249061984	-16.814849853516
3	34631	2.212732491013	-31.513172149658
3	34641	2.213238042291	-22.077972412109
3	34645	2.213767331562	-20.247468948364
3	34652	2.214261691133	-23.812408447266
3	34662	2.214725929205	-33.13846206665
3	34672	2.21524216368	-24.055126190186
3	34676	2.215763175828	-38.785209655762
3	34686	2.216235055213	-14.60705280304
3	34693	2.216768706682	-21.760011672974
3	34700	2.217284198654	-29.941408157349
3	34707	2.217781718898	-17.650131225586
3	34717	2.21829796672	-23.096935272217
3	34727	2.218816147891	-20.188901901245
3	34731	2.219321094167	-25.4105052948
3	34738	2.219779497367	-25.178844451904
3	34748	2.220337743248	-22.447311401367
3	34758	2.220813203599	-23.183153152466
3	34762	2.221326978725	-17.749004364014
3	34769	2.221805648542	-17.061201095581
3	34779	2.222312985409	-27.458106994629
3	34789	2.222774345809	-27.605062484741
3	34799	2.223347851124	-17.766550064087
3	34803	2.223755067677	-26.193910598755
3	34810	2.224397269182	-12.013040542603
3	34820	2.224706959997	-28.343004226685
3	34830	2.225438552386	-22.52473449707
3	34834	2.225669251161	-13.815368652344
3	34847	2.226488220719	-22.418558120728
3	34851	2.226655571956	-17.226640701294
3	34861	2.22751791262	-29.414836883545
3	34865	2.227650555538	-26.274673461914
3	34878	2.228506780473	-18.595899581909
3	34882	2.228652813012	-29.431770324707
3	34892	2.229482478757	-25.780773162842
3	34896	2.229623287968	-25.388902664185
3	34906	2.230460218725	-18.739343643188
3	34913	2.230672635457	-31.50782585144
3	34923	2.231415585465	-20.451864242554
3	34927	2.231677598995	-30.976776123047
3	34937	2.232402453302	-23.695411682129
3	34944	2.232718571497	-20.884155273438
3	34954	2.233404821981	-15.356278419495
3	34958	2.233696104461	-24.378934860229
3	34968	2.234385974999	-29.835386276245
3	34975	2.234714736336	-15.460257530212
3	34985	2.235431236547	-26.30099105835
3	34989	2.23574619681	-20.231756210327
3	34999	2.23642746068	-13.899321556091
3	35006	2.236711513545	-23.214097976685
3	35016	2.237429898466	-22.820106506348
3	35020	2.237706511721	-30.562162399292
3	35030	2.238443252736	-36.4674949646
3	35037	2.238710836023	-24.626663208008
3	35047	2.239421488801	-29.709669113159
3	35051	2.239662695796	-36.353031158447
3	35061	2.240423716339	-30.595275878906
3	35065	2.240666074317	-21.863479614258
3	35078	2.24143674782	-23.444917678833
3	35082	2.241696147238	-21.068378448486
3	35095	2.242413525548	-25.643072128296
3	35102	2.242691240995	-23.701696395874
3	35112	2.243415890141	-22.015705108643
3	35116	2.24365972208	-23.595705032349
3	35126	2.24443361563	-27.904611587524
3	35130	2.244619307722	-26.51609992981
3	35143	2.245428255676	-25.244457244873
3	35147	2.245620951785	-22.773387908936
3	35154	2.246395293934	-24.703645706177
3	35161	2.246644034314	-23.727521896362
3	35171	2.247389319818	-24.143627166748
3	35178	2.247617886712	-25.364906311035
3	35185	2.24836961484	-22.707304000854
3	35192	2.248663344689	-17.130228042603
3	35202	2.249322678012	-18.371067047119
3	35209	2.249628415816	-25.765287399292
3	35218	2.250279514329	-16.513856887817
3	35228	2.250670387795	-33.113956451416
3	35235	2.251283540215	-25.895313262939
3	35239	2.251629267334	-15.356817245483
3	35246	2.252262659315	-25.662799835205
3	35256	2.252633642969	-28.050367355347
3	35266	2.253303175075	-25.047071456909
3	35270	2.253585688218	-20.779121398926
3	35280	2.254263140323	-13.536639213562
3	35287	2.25460896658	-21.495244979858
3	35297	2.255310347615	-29.308404922485
3	35304	2.255657687795	-24.8421459198
3	35308	2.256275816993	-23.475715637207
3	35315	2.256618350334	-31.703092575073
3	35328	2.257300883738	-20.792350769043
3	35332	2.257633869428	-41.722957611084
3	35339	2.258286631958	-26.800354003906
3	35352	2.258607737074	-26.298513412476
3	35359	2.259317074084	-24.891607284546
3	35363	2.259623930598	-33.14527130127
3	35370	2.2603403483	-24.331735610962
3	35374	2.260598749797	-16.559038162231
3	35390	2.261346544792	-31.772489547729
3	35394	2.261564515348	-41.00696182251
3	35401	2.26233302519	-29.66690826416
3	35405	2.262543419177	-18.800283432007
3	35424	2.263343903961	-18.927671432495
3	35428	2.263493613498	-26.435518264771
3	35435	2.264304160025	-18.988676071167
3	35439	2.264483275357	-33.505668640137
3	35455	2.265332328547	-23.859869003296
3	35459	2.265434307734	-21.990139007568
3	35466	2.266339253118	-23.096601486206
3	35470	2.266414998025	-27.458711624146
3	35486	2.267302634018	-21.743637084961
3	35490	2.2673690335	-23.859300613403
3	35497	2.26834369554	-18.395357131958
3	35501	2.268348814288	-33.593368530273
3	35517	2.269306661846	-21.267419815063
3	35521	2.269319980596	-21.403007507324
3	35528	2.270321517739	-28.865442276001
3	35532	2.270347392993	-22.349937438965
3	35548	2.271299071333	-16.770713806152
3	35552	2.271321184521	-26.972509384155
3	35559	2.272262272883	-20.571147918701
3	35563	2.272370490379	-19.44920539856
3	35582	2.273307983203	-21.045381546021
3	35586	2.273385693828	-24.205087661743
3	35590	2.274262972013	-25.293787002563
3	35594	2.274357141276	-11.092154502869
3	35613	2.27529212733	-17.188814163208
3	35617	2.275392917393	-19.352024078369
3	35621	2.276320391647	-27.18931388855
3	35625	2.276384718443	-16.896078109741
3	35641	2.277288946712	-20.153341293335
3	35645	2.277400940793	-22.689218521118
3	35652	2.27831541238	-28.15878868103
3	35656	2.278383419787	-22.217262268066
3	35675	2.279360916418	-34.723213195801
3	35679	2.279414203728	-25.237239837646
3	35686	2.280374239583	-20.639120101929
3	35690	2.280433717368	-31.385431289673
3	35703	2.281408219271	-29.761529922485
3	35710	2.281425223227	-30.338815689087
3	35720	2.28240597123	-26.798427581787
3	35724	2.282438375326	-24.177520751953
3	35740	2.283390877027	-23.210292816162
3	35744	2.283463873871	-21.896369934082
3	35748	2.284363544912	-26.495714187622
3	35755	2.28444884598	-21.085828781128
3	35768	2.285378820509	-34.237941741943
3	35772	2.285416284915	-22.864450454712
3	35779	2.286406990573	-19.715440750122
3	35783	2.286453902888	-25.229763031006
3	35799	2.287369565247	-24.279273986816
3	35803	2.287405192197	-30.496028900146
3	35810	2.288348306658	-31.933916091919
3	35814	2.288411234285	-24.505187988281
3	35833	2.289390546701	-21.310810089111
3	35837	2.289414625326	-14.467077255249
3	35844	2.290367703128	-22.878643035889
3	35848	2.290370088211	-20.398286819458
3	35864	2.291343551826	-16.814706802368
3	35868	2.291363430282	-17.174848556519
3	35878	2.292352055069	-19.81884765625
3	35882	2.292396086668	-22.874397277832
3	35895	2.293345044084	-15.014899253845
3	35899	2.293366009974	-30.067344665527
3	35906	2.294311520413	-15.867364883423
3	35910	2.294317614197	-15.681066513062
3	35923	2.295283955785	-13.40324306488
3	35927	2.29531262764	-32.307731628418
3	35937	2.296256757757	-10.787394523621
3	35941	2.296316482123	-26.378074645996
3	35954	2.297272446338	-22.788845062256
3	35958	2.297289371639	-26.117942810059
3	35968	2.2982480524	-27.629972457886
3	35972	2.298334166764	-26.234609603882
3	35988	2.299253811743	-21.061473846436
3	35992	2.299382737584	-27.185411453247
3	35999	2.30026886367	-25.934801101685
3	36003	2.300392711386	-17.293760299683
3	36019	2.301261252021	-20.505254745483
3	36023	2.30136714122	-1.1293640136719
3	36027	2.302250342174	-22.062240600586
3	36037	2.302361714409	-27.692489624023
3	36053	2.303227693174	-25.134433746338
3	36057	2.303361087526	-22.155860900879
3	36061	2.304189959158	-16.206880569458
3	36065	2.304406402299	-28.705896377563
3	36081	2.305144166256	-16.665107727051
3	36088	2.305430052751	-25.490900039673
3	36092	2.306191702179	-22.915691375732
3	36099	2.306462970322	-27.09464263916
3	36115	2.307198691684	-26.873863220215
3	36119	2.307486483415	-25.811180114746
3	36123	2.308235403999	-23.294822692871
3	36130	2.308526151198	-7.204785823822
3	36146	2.309199023812	-18.486793518066
3	36150	2.309544832482	-15.557408332825
3	36154	2.310218937689	-32.506553649902
3	36164	2.31050062676	-10.766024589539
3	36177	2.311224437947	-19.057224273682
3	36181	2.311517885201	-29.917617797852
3	36185	2.312210192426	-32.448425292969
3	36195	2.312484338938	-26.493288040161
3	36208	2.313177970406	-21.269453048706
3	36212	2.313505444858	-31.660381317139
3	36216	2.314224869772	-25.03870010376
3	36226	2.314533596439	-25.537240982056
3	36239	2.315235529105	-23.416479110718
3	36243	2.315541603882	-29.258899688721
3	36247	2.316228891066	-21.419597625732
3	36257	2.316493126982	-21.604959487915
3	36270	2.317225418118	-27.826976776123
3	36274	2.317509410648	-16.601493835449
3	36278	2.318214995534	-16.490312576294
3	36288	2.318526491739	-23.761524200439
3	36301	2.319205734789	-25.289623260498
3	36305	2.319541531846	-21.93217086792
3	36309	2.320251874995	-30.925951004028
3	36322	2.320548954535	-23.782863616943
3	36332	2.321224846353	-22.835886001587
3	36336	2.321512344345	-12.981586456299
3	36340	2.322223654184	-37.171272277832
3	36356	2.322561848916	-31.603141784668
3	36366	2.323267474393	-36.317085266113
3	36370	2.323553006054	-26.882360458374
3	36374	2.324222333142	-27.086288452148
3	36387	2.32451837298	-25.845893859863
3	36397	2.325178940165	-30.06321144104
3	36401	2.325527090878	-24.615230560303
3	36405	2.326203256222	-18.754283905029
3	36415	2.326517911089	-23.619215011597
3	36428	2.327184428274	-36.400505065918
3	36432	2.327559038157	-22.255056381226
3	36436	2.328193638612	-26.59787940979
3	36446	2.328588251368	-19.711284637451
3	36453	2.32917096451	-18.716259002686
3	36463	2.3296365629	-21.761966705322
3	36467	2.330146897323	-36.907371520996
3	36477	2.330656556248	-18.02225112915
3	36487	2.331124727953	-22.099782943726
3	36494	2.331634342276	-24.903888702393
3	36498	2.3321082673	-27.368825912476
3	36508	2.332586159707	-27.523334503174
3	36515	2.33312879021	-35.070621490479
3	36525	2.333538722465	-38.092304229736
3	36529	2.334090279078	-25.361476898193
3	36536	2.334568326289	-25.471899032593
3	36543	2.335085703866	-24.416131973267
3	36556	2.335595987432	-26.292144775391
3	36563	2.336127852684	-33.312240600586
3	36567	2.33657486594	-16.37717628479
3	36577	2.337104506361	-20.304834365845
3	36584	2.337548500597	-19.531753540039
3	36594	2.338099054599	-27.799335479736
3	36598	2.338503072515	-17.660701751709
3	36608	2.339115619972	-19.452199935913
3	36615	2.339503914565	-17.319602966309
3	36625	2.340092866635	-26.549036026001
3	36629	2.340459083035	-27.091032028198
3	36636	2.341058670948	-35.277938842773
3	36646	2.341447291087	-27.349075317383
3	36659	2.342015294789	-13.051305770874
3	36663	2.342470961622	-19.727689743042
3	36670	2.343014403235	-34.629547119141
3	36680	2.343497441127	-24.979917526245
3	36690	2.343997917809	-24.139942169189
3	36694	2.344468598872	-33.98681640625
3	36701	2.344962652558	-26.876953125
3	36711	2.345455113212	-30.534284591675
3	36721	2.345948658762	-28.383152008057
3	36725	2.346453134241	-26.955646514893
3	36732	2.34691258044	-25.466135025024
3	36742	2.347480710024	-12.212220191956
3	36752	2.347923232562	-32.389835357666
3	36756	2.348497353205	-28.961046218872
3	36763	2.348948000809	-33.656169891357
3	36773	2.349480836863	-24.133436203003
3	36783	2.349918176771	-26.240995407104
3	36787	2.35048932824	-18.193838119507
3	36791	2.350873336381	-27.460550308228
3	36804	2.351488914641	-31.074901580811
3	36811	2.351892241933	-33.090873718262
3	36818	2.35249338621	-36.921970367432
3	36822	2.352847056178	-42.45064163208
3	36835	2.353460256263	-34.727893829346
3	36845	2.353896365153	-27.914596557617
3	36849	2.354509848215	-31.864818572998
3	36853	2.354857012416	-25.450309753418
3	36866	2.35550112943	-17.393087387085
3	36876	2.355869417714	-20.574562072754
3	36880	2.356517959155	-21.888038635254
3	36884	2.356856807354	-19.860746383667
3	36897	2.357561597971	-20.521865844727
3	36904	2.357819603149	-25.277944564819
3	36911	2.358516073715	-27.155712127686
3	36915	2.35881445825	-21.69292640686
3	36928	2.359474159741	-21.596260070801
3	36932	2.359830230211	-24.177270889282
3	36942	2.360466444065	-29.525011062622
3	36946	2.360785545544	-30.517225265503
3	36959	2.361457092133	-36.649765014648
3	36966	2.361827894243	-31.274478912354
3	36976	2.362424283765	-28.352735519409
3	36980	2.362808686494	-31.888019561768
3	36990	2.36346735997	-35.173477172852
3	37003	2.363857757653	-32.168281555176
3	37007	2.364435597105	-23.912767410278
3	37014	2.364808075034	-29.220087051392
3	37024	2.36547030635	-24.462322235107
3	37031	2.365769105056	-28.112537384033
3	37038	2.366477132198	-31.439388275146
3	37042	2.366737842223	-28.844022750854
3	37055	2.367499931758	-28.01576423645
3	37065	2.367726444571	-32.743370056152
3	37069	2.368455615474	-22.341398239136
3	37076	2.368754063869	-33.783283233643
3	37086	2.369447754555	-29.156410217285
3	37096	2.369761727074	-26.267108917236
3	37100	2.370461654296	-37.243434906006
3	37107	2.370792627257	-19.53316116333
3	37117	2.371422803442	-20.960029602051
3	37127	2.371805358352	-26.649208068848
3	37131	2.372384899547	-19.522985458374
3	37138	2.37276862266	-29.965980529785
3	37148	2.373355483264	-16.669589996338
3	37158	2.373738329115	-32.579025268555
3	37162	2.374375346301	-17.907321929932
3	37169	2.374737232185	-24.564777374268
3	37185	2.375326222936	-24.102380752563
3	37189	2.375750250872	-38.070949554443
3	37193	2.376337758977	-22.969100952148
3	37200	2.37676016894	-18.198904037476
3	37213	2.377344817528	-26.158367156982
3	37220	2.37780726704	-20.799282073975
3	37224	2.378380835762	-24.227170944214
3	37228	2.378783705249	-23.993068695068
3	37244	2.379408310867	-19.388187408447
3	37251	2.3797933741	-25.356254577637
3	37255	2.380405576833	-27.124980926514
3	37262	2.38078846891	-24.457344055176
3	37275	2.381426491849	-34.999656677246
3	37285	2.381818838868	-25.544633865356
3	37289	2.382464706992	-23.686586380005
3	37296	2.382818479842	-15.00585269928
3	37309	2.383423840505	-30.065677642822
3	37316	2.383835910099	-25.944568634033
3	37320	2.384433374149	-22.944791793823
3	37330	2.384863467397	-13.807731628418
3	37340	2.385417937841	-26.276643753052
3	37347	2.385836124027	-37.545574188232
3	37351	2.386441612003	-33.31884765625
3	37364	2.386867109467	-19.304079055786
3	37371	2.387393493552	-20.745296478271
3	37378	2.38787628254	-23.33448600769
3	37382	2.388375138257	-24.113153457642
3	37392	2.38884665371	-23.189470291138
3	37402	2.389342186573	-37.743721008301
3	37409	2.389860515993	-31.154266357422
3	37413	2.390293895279	-33.15514755249
3	37426	2.3908155581	-31.188215255737
3	37433	2.391302378095	-37.72537612915
3	37440	2.391852201469	-37.229274749756
3	37444	2.392259888873	-29.328594207764
3	37460	2.392901682026	-13.481190681458
3	37464	2.393230802538	-23.926412582397
3	37471	2.393898032713	-26.713235855103
3	37475	2.39420112069	-16.849250793457
3	37488	2.394945015775	-29.824741363525
3	37495	2.395211001864	-19.622695922852
3	37502	2.395922011299	-21.431402206421
3	37506	2.396249604265	-19.84635925293
3	37519	2.396881410449	-26.332958221436
3	37526	2.397225925996	-28.39324760437
3	37533	2.397919870997	-11.933241844177
3	37537	2.398182842835	-31.418495178223
3	37547	2.398923759333	-27.385223388672
3	37557	2.399158505948	-28.064970016479
3	37564	2.39990724073	-27.146352767944
3	37568	2.400135771183	-30.306392669678
3	37578	2.400866556887	-19.132202148438
3	37588	2.401100280077	-21.136331558228
3	37598	2.401875551875	-13.830876350403
3	37602	2.402145573405	-22.315277099609
3	37615	2.402827767481	-23.944818496704
3	37622	2.403187479168	-17.354354858398
3	37629	2.403853313187	-31.142416000366
3	37633	2.404139836309	-30.108755111694
3	37643	2.404884319295	-25.566349029541
3	37653	2.405167992585	-32.46475982666
3	37660	2.405922792554	-21.443696975708
3	37664	2.406129222579	-28.941207885742
3	37674	2.406939823664	-23.792659759521
3	37684	2.407091441631	-38.329483032227
3	37691	2.40795396048	-21.307741165161
3	37695	2.408093744721	-24.976633071899
3	37705	2.40896617808	-28.478942871094
3	37712	2.409083631731	-25.719736099243
3	37722	2.410003202437	-25.26869392395
3	37726	2.410090699631	-28.831022262573
3	37736	2.410989873014	-21.57928276062
3	37743	2.411104030387	-25.882154464722
3	37753	2.411983354624	-19.131441116333
3	37757	2.412090974946	-26.774740219116
3	37770	2.412954573091	-24.979167938232
3	37777	2.413070277388	-16.150665283203
3	37784	2.413967261515	-21.752511978149
3	37788	2.41407675444	-16.29133605957
3	37801	2.414951368879	-29.268356323242
3	37808	2.415108584777	-21.398670196533
3	37815	2.415960613882	-27.678859710693
3	37819	2.416064018096	-16.287864685059
3	37826	2.416947184542	-24.205644607544
3	37833	2.417067843756	-21.159666061401
3	37846	2.417915538974	-28.668064117432
3	37850	2.418028331176	-21.968820571899
3	37857	2.418875683947	-21.644702911377
3	37864	2.419006300826	-20.953828811646
3	37877	2.419905796526	-18.209283828735
3	37881	2.419966533911	-20.489242553711
3	37888	2.420933242151	-26.199598312378
3	37892	2.420953141218	-30.293350219727
3	37911	2.421887946781	-21.490322113037
3	37915	2.421944864777	-20.726722717285
3	37922	2.422867574139	-35.738578796387
3	37926	2.422939933253	-29.854413986206
3	37942	2.423860695378	-27.610687255859
3	37946	2.423964152658	-26.411161422729
3	37953	2.424909954967	-32.957996368408
3	37957	2.424943802182	-19.473770141602
3	37973	2.425915794202	-18.24800491333
3	37977	2.425966081749	-35.639759063721
3	37984	2.426947681645	-22.520847320557
3	37988	2.426979278491	-36.695053100586
3	38004	2.427958975979	-28.774995803833
3	38008	2.428020245201	-23.935585021973
3	38018	2.428963951702	-31.655124664307
3	38022	2.428993845606	-15.681735992432
3	38035	2.42997679629	-19.628875732422
3	38039	2.429977524157	-34.40283203125
3	38049	2.430952747374	-24.366060256958
3	38053	2.430983650268	-29.848249435425
3	38066	2.431968250582	-27.105159759521
3	38070	2.431995113998	-26.279451370239
3	38080	2.432975756803	-26.661628723145
3	38087	2.43303625041	-30.614404678345
3	38097	2.433977793759	-31.400491714478
3	38101	2.434040123458	-36.545028686523
3	38114	2.434948840384	-14.391199111938
3	38118	2.435000883554	-26.108407974243
3	38128	2.435973482884	-35.107395172119
3	38132	2.435980223407	-21.828573226929
3	38145	2.436953308399	-18.207576751709
3	38149	2.436966640897	-24.678901672363
3	38159	2.437936854915	-20.165546417236
3	38163	2.4379518794	-24.772192001343
3	38173	2.438955796155	-34.307228088379
3	38177	2.438970472784	-20.396003723145
3	38190	2.439933642996	-29.127529144287
3	38194	2.439936665045	-12.869100570679
3	38204	2.440895521508	-25.482675552368
3	38208	2.440901557443	-26.069847106934
3	38224	2.44185699978	-23.445446014404
3	38228	2.441911856021	-32.495956420898
3	38235	2.442875471061	-23.040151596069
3	38239	2.442903857458	-17.358346939087
3	38255	2.443852448082	-36.270641326904
3	38262	2.443932988497	-22.662797927856
3	38266	2.444853174467	-27.876859664917
3	38270	2.44488875241	-30.711719512939
3	38286	2.445855126273	-19.584732055664
3	38290	2.445894209904	-27.62318611145
3	38297	2.446884626991	-17.342039108276
3	38301	2.44692556884	-24.945533752441
3	38317	2.447836257816	-28.88808631897
3	38321	2.447893342915	-23.410079956055
3	38328	2.448815715712	-27.744314193726
3	38332	2.448849267435	-24.316720962524
3	38348	2.449807039784	-18.495639801025
3	38352	2.44983443196	-26.543727874756
3	38359	2.450832383294	-18.030673980713
3	38363	2.450849890945	-33.246803283691
3	38379	2.451821327678	-18.257539749146
3	38383	2.451849215625	-20.866895675659
3	38390	2.452833492625	-21.269062042236
3	38394	2.452886677641	-16.833766937256
3	38410	2.45386098923	-29.785440444946
3	38414	2.453872994729	-16.762731552124
3	38421	2.454840931186	-22.344783782959
3	38425	2.454907108643	-30.707483291626
3	38441	2.455844663651	-27.786546707153
3	38445	2.455911670305	-11.168691635132
3	38452	2.456868076526	-27.566890716553
3	38456	2.456908108538	-28.920389175415
3	38469	2.457867296474	-26.771451950073
3	38473	2.457867724707	-29.234521865845
3	38483	2.458825326088	-24.299055099487
3	38487	2.4588992201	-26.246974945068
3	38500	2.459865369723	-17.49595451355
3	38504	2.459897490612	-21.770374298096
3	38514	2.460884651391	-34.678642272949
3	38518	2.460915159757	-24.824188232422
3	38531	2.461920684848	-26.610673904419
3	38535	2.461943686641	-16.567916870117
3	38548	2.462963853894	-24.210014343262
3	38552	2.46299073572	-21.073961257935
3	38565	2.463942113921	-28.670553207397
3	38569	2.463979647712	-23.381155014038
3	38579	2.464898176922	-23.886768341064
3	38583	2.464996745126	-18.216548919678
3	38596	2.465869837658	-34.810180664062
3	38600	2.4659995803	-37.99787902832
3	38610	2.466862970328	-14.791241645813
3	38617	2.467049459759	-21.749919891357
3	38630	2.467906007219	-23.107511520386
3	38634	2.468027224493	-16.801776885986
3	38641	2.468866494796	-32.650371551514
3	38645	2.468987878065	-26.661771774292
3	38658	2.469903604808	-29.51541519165
3	38665	2.469999357231	-27.070056915283
3	38672	2.470900725647	-22.860687255859
3	38676	2.471006081725	-34.420181274414
3	38692	2.471924998502	-13.96097278595
3	38696	2.471976310303	-18.598196029663
3	38703	2.47288481173	-34.980972290039
3	38707	2.472950868029	-25.158172607422
3	38717	2.473847460648	-17.369312286377
3	38724	2.473948484873	-32.27029800415
3	38734	2.474875636198	-18.298112869263
3	38738	2.474920047052	-24.012897491455
3	38748	2.475911911875	-24.567165374756
3	38752	2.475962978997	-29.11386680603
3	38765	2.476912991806	-27.288722991943
3	38769	2.476942917084	-19.243703842163
3	38779	2.47791289771	-17.516418457031
3	38789	2.477966953731	-33.207916259766
3	38796	2.478889999967	-27.519247055054
3	38800	2.478985781381	-23.183553695679
3	38816	2.479863874031	-6.5301809310913
3	38820	2.479949696178	-20.70015335083
3	38827	2.480821981052	-29.303491592407
3	38831	2.480966645952	-22.259735107422
3	38844	2.481786998268	-20.650342941284
3	38854	2.481959156606	-32.479549407959
3	38861	2.482739903597	-22.016185760498
3	38865	2.482958827931	-30.665908813477
3	38875	2.483767355998	-29.934698104858
3	38885	2.483983985318	-27.126052856445
3	38892	2.484776830373	-19.293088912964
3	38896	2.484940499378	-13.382822036743
3	38906	2.485750193873	-19.491586685181
3	38913	2.485900002037	-20.194944381714
3	38923	2.486794487358	-24.762596130371
3	38927	2.486898453159	-26.99196434021
3	38940	2.487838453269	-17.898443222046
3	38944	2.487927762358	-28.001287460327
3	38954	2.488878789291	-26.843563079834
3	38958	2.488952898451	-30.347984313965
3	38971	2.489839113458	-33.264953613281
3	38975	2.489903553811	-25.486026763916
3	38985	2.490886209619	-23.664863586426
3	38989	2.490937655357	-20.229734420776
3	39002	2.491861252996	-28.38049697876
3	39006	2.491901028573	-23.363712310791
3	39016	2.492852369792	-31.914720535278
3	39020	2.492883314881	-22.086380004883
3	39033	2.493841648735	-25.679063796997
3	39037	2.493902945868	-18.066030502319
3	39047	2.494836230502	-14.23819065094
3	39054	2.494882139795	-17.172393798828
3	39064	2.495883239991	-29.108882904053
3	39068	2.495886057195	-18.074331283569
3	39081	2.496852364037	-26.861066818237
3	39085	2.49690286156	-19.766799926758
3	39095	2.497840473374	-24.461238861084
3	39099	2.497870637043	-13.13885307312
3	39112	2.498803081353	-15.778660774231
3	39116	2.498856458065	-22.836015701294
3	39126	2.499841639474	-27.327981948853
3	39130	2.499848613222	-22.537212371826
3	39145	2.500799026794	-13.627017974854
3	39149	2.500817438373	-18.767772674561
3	39159	2.501825954759	-23.444969177246
3	39163	2.501835192938	-21.192390441895
3	39176	2.502829356277	-28.707166671753
3	39180	2.502881180181	-21.173107147217
3	39193	2.503797795997	-20.165607452393
3	39197	2.50386859343	-14.906517028809
3	39207	2.504831866512	-26.3470287323
3	39211	2.504842427338	-23.75817489624
3	39224	2.505786646043	-26.727643966675
3	39228	2.505818490848	-30.723838806152
3	39238	2.506763320837	-30.306529998779
3	39242	2.506851540437	-24.112941741943
3	39255	2.507787652385	-18.523557662964
3	39259	2.507866824996	-21.539665222168
3	39269	2.508773693192	-21.986351013184
3	39273	2.508864267368	-33.71407699585
3	39286	2.509805644569	-27.366621017456
3	39290	2.509822105491	-21.288827896118
3	39300	2.510832952278	-25.316957473755
3	39304	2.510848071036	-30.313354492188
3	39317	2.5117896146	-16.521865844727
3	39324	2.511857429896	-28.651828765869
3	39331	2.512778007295	-36.017135620117
3	39335	2.512893638865	-19.129459381104
3	39351	2.513755320954	-25.033491134644
3	39355	2.513906549249	-28.16114616394
3	39362	2.514764038559	-28.200855255127
3	39366	2.514874675081	-19.406549453735
3	39382	2.515811166062	-18.534580230713
3	39386	2.515871394287	-22.760284423828
3	39393	2.516805627007	-26.988880157471
3	39397	2.516870632476	-15.748834609985
3	39413	2.517833477058	-25.244132995605
3	39417	2.517874593511	-16.539655685425
3	39424	2.518794644973	-26.065120697021
3	39428	2.518834335424	-22.374410629272
3	39444	2.519800923233	-13.946185112
3	39448	2.519816669431	-25.222602844238
3	39455	2.52081781125	-29.055759429932
3	39459	2.520838201836	-24.34575843811
3	39478	2.521775325089	-29.536815643311
3	39482	2.521825258389	-16.367105484009
3	39489	2.522762844407	-28.386465072632
3	39493	2.522809863868	-28.333852767944
3	39509	2.523746709033	-23.678844451904
3	39513	2.523775560829	-27.856216430664
3	39520	2.524718045135	-22.13547706604
3	39524	2.524788295146	-28.957956314087
3	39540	2.525718302296	-21.448209762573
3	39544	2.525756466657	-17.530157089233
3	39551	2.52669620939	-19.489965438843
3	39555	2.526747676181	-27.669061660767
3	39571	2.527736187144	-27.839967727661
3	39575	2.527740655798	-20.877597808838
3	39585	2.528761205668	-26.063375473022
3	39589	2.528783109632	-19.840009689331
3	39602	2.529744751638	-21.65852355957
3	39606	2.529800888859	-18.497438430786
3	39616	2.530695199121	-22.462522506714
3	39620	2.530832209183	-27.677286148071
3	39633	2.531738504709	-27.895317077637
3	39637	2.53185325483	-25.993499755859
3	39647	2.532735704768	-31.164083480835
3	39651	2.532886021498	-23.34779548645
3	39664	2.533690380269	-25.293939590454
3	39668	2.533873784068	-27.756687164307
3	39678	2.53469178303	-20.482189178467
3	39682	2.5348672623	-28.717599868774
3	39695	2.535713413178	-24.070161819458
3	39699	2.535883557027	-30.956356048584
3	39709	2.536666487432	-29.397115707397
3	39713	2.536893177007	-19.59951210022
3	39723	2.537669394009	-23.990482330322
3	39730	2.537915813892	-30.483283996582
3	39740	2.538712850328	-27.804222106934
3	39744	2.538907787738	-20.973146438599
3	39757	2.539719905332	-33.895763397217
3	39761	2.539866089451	-24.783182144165
3	39771	2.540687263189	-20.569368362427
3	39775	2.540837914274	-27.668489456177
3	39791	2.541703920088	-24.122718811035
3	39795	2.541822451446	-28.248300552368
3	39805	2.542748554404	-19.355894088745
3	39809	2.542818059291	-30.376882553101
3	39822	2.543763702317	-19.051158905029
3	39826	2.543811707315	-32.027931213379
3	39836	2.54477129438	-13.641832351685
3	39840	2.544799999176	-19.601505279541
3	39853	2.54578107394	-18.08748626709
3	39857	2.545798558262	-13.990627288818
3	39867	2.546786431474	-13.258029937744
3	39871	2.546824187624	-26.422771453857
3	39884	2.54782180332	-21.898826599121
3	39888	2.5478452897	-23.250535964966
3	39898	2.548840541626	-16.109981536865
3	39902	2.548852777591	-19.228012084961
3	39915	2.549827918774	-21.692022323608
3	39919	2.54987049108	-26.848960876465
3	39932	2.550861252271	-33.961585998535
3	39936	2.550919598701	-24.974185943604
3	39946	2.551825908761	-21.969924926758
3	39950	2.551954266331	-25.022241592407
3	39960	2.552786566288	-27.069568634033
3	39967	2.552928123837	-29.068969726562
3	39977	2.553787256161	-26.595769882202
3	39981	2.553956474462	-23.475944519043
3	39988	2.554748224804	-29.215358734131
3	39998	2.554932365903	-21.582124710083
3	40008	2.555740388532	-13.333151817322
3	40012	2.555932384175	-19.861297607422
3	40022	2.556762232989	-21.72790145874
3	40029	2.556922904492	-21.948974609375
3	40039	2.557808741329	-27.879098892212
3	40043	2.557936669658	-13.760795593262
3	40053	2.558803283724	-25.546453475952
3	40057	2.558939136216	-27.113899230957
3	40070	2.559771382853	-13.890968322754
3	40074	2.559945408138	-18.448736190796
3	40084	2.560815869767	-33.933040618896
3	40088	2.560962514963	-24.198114395142
3	40107	2.561785439833	-29.376569747925
3	40111	2.562001848563	-33.136737823486
3	40118	2.562762155241	-29.227769851685
3	40125	2.563001933165	-21.469493865967
3	40138	2.563756338884	-24.44758605957
3	40142	2.564000734598	-23.803800582886
3	40149	2.564717325325	-36.859745025635
3	40156	2.565044980855	-27.019424438477
3	40169	2.565749627494	-28.267642974854
3	40173	2.566001316722	-28.367830276489
3	40180	2.566743626877	-29.393672943115
3	40184	2.567050342075	-16.325061798096
3	40197	2.56770763936	-26.505674362183
3	40204	2.568030990635	-18.285516738892
3	40211	2.568715302935	-29.740449905396
3	40218	2.568989404204	-25.856990814209
3	40231	2.569729770988	-19.783824920654
3	40235	2.570013447926	-25.290369033813
3	40242	2.570756463474	-26.296045303345
3	40249	2.571048518777	-26.086839675903
3	40262	2.571759581271	-23.753835678101
3	40266	2.572008631679	-20.912137985229
3	40273	2.572718683464	-27.24955368042
3	40280	2.573055651373	-28.163915634155
3	40293	2.573714720335	-29.224767684937
3	40297	2.574103206045	-24.660459518433
3	40307	2.574691300285	-25.758157730103
3	40311	2.575113363743	-21.356372833252
3	40324	2.575692689255	-17.34327507019
3	40328	2.576127219978	-22.859273910522
3	40335	2.576696669891	-25.23210144043
3	40345	2.577176352769	-24.981616973877
3	40355	2.577731884216	-21.754667282104
3	40359	2.578217804181	-28.149991989136
3	40366	2.578740123995	-30.854574203491
3	40376	2.579229049139	-22.565578460693
3	40383	2.57972773059	-16.186559677124
3	40390	2.58018722007	-22.425289154053
3	40397	2.580755496556	-23.635511398315
3	40407	2.581173490501	-35.178573608398
3	40420	2.58176080072	-32.392086029053
3	40424	2.582177589151	-19.573539733887
3	40434	2.582792194341	-23.601291656494
3	40441	2.583182135917	-22.018669128418
3	40451	2.583823013679	-25.390733718872
3	40455	2.584168478932	-34.480388641357
3	40465	2.584803499625	-23.173633575439
3	40472	2.585212828978	-33.228866577148
3	40482	2.585755170364	-30.616250991821
3	40486	2.586227604955	-31.744316101074
3	40496	2.58676590713	-21.875593185425
3	40503	2.587273051503	-20.229722976685
3	40513	2.587790706906	-17.598037719727
3	40517	2.588304836293	-28.84436416626
3	40521	2.58876156179	-22.181365966797
3	40534	2.589297327867	-26.558242797852
3	40544	2.589739870065	-23.479740142822
3	40548	2.590254807719	-16.185459136963
3	40552	2.590692417958	-25.367221832275
3	40565	2.591265350296	-19.222255706787
3	40575	2.591691014757	-23.415092468262
3	40579	2.5922617993	-15.746187210083
3	40583	2.592732355595	-18.582860946655
3	40596	2.593292488627	-31.894292831421
3	40603	2.593738389831	-26.574106216431
3	40610	2.594274078362	-27.691478729248
3	40614	2.594738718406	-25.018211364746
3	40627	2.595316073821	-20.432420730591
3	40634	2.595756933419	-22.779981613159
3	40641	2.596365728686	-29.876752853394
3	40651	2.596728226555	-36.383567810059
3	40658	2.597345744556	-24.352598190308
3	40665	2.597696619909	-18.640586853027
3	40672	2.59832577307	-29.497806549072
3	40679	2.598668097233	-24.527627944946
3	40689	2.599335068543	-33.406280517578
3	40699	2.599715099918	-17.346769332886
3	40706	2.600353973652	-29.915853500366
3	40710	2.600700569266	-26.617059707642
3	40720	2.601368554805	-31.143480300903
3	40733	2.601686985897	-34.326389312744
3	40737	2.602410138231	-25.782545089722
3	40744	2.602700215115	-26.86972618103
3	40754	2.60341112479	-21.141176223755
3	40764	2.603731658742	-18.343755722046
3	40768	2.604384256424	-19.883768081665
3	40775	2.604770893235	-22.271234512329
3	40788	2.605406289187	-24.679273605347
3	40795	2.60574547267	-18.138654708862
3	40799	2.606398691478	-27.694240570068
3	40806	2.606768930494	-23.457996368408
3	40816	2.607362505856	-27.822191238403
3	40823	2.607816075596	-37.464115142822
3	40830	2.608376277286	-28.930433273315
3	40837	2.608811748283	-29.57142829895
3	40850	2.609377520022	-25.68016242981
3	40854	2.60977191772	-10.270565032959
3	40861	2.610399776259	-25.017204284668
3	40865	2.610732178144	-24.424575805664
3	40881	2.611439950521	-26.447370529175
3	40885	2.611722869259	-30.174091339111
3	40892	2.612478118193	-24.740688323975
3	40896	2.612701268997	-34.781650543213
3	40912	2.613514362545	-28.224233627319
3	40916	2.613720709258	-26.306903839111
3	40923	2.614537852809	-28.664693832397
3	40927	2.614758115035	-21.746709823608
3	40943	2.615583355891	-23.74036026001
3	40947	2.615761831641	-34.640956878662
3	40954	2.61661959954	-23.682573318481
3	40958	2.616806512235	-16.750638961792
3	40974	2.617586788633	-37.674293518066
3	40978	2.617799293484	-40.16272354126
3	40985	2.618604054128	-17.173322677612
3	40989	2.618783776687	-24.482095718384
3	41005	2.619644811073	-26.404529571533
3	41009	2.619798540441	-31.924734115601
3	41016	2.620608172803	-39.163486480713
3	41020	2.620749833176	-33.411891937256
3	41039	2.621627552777	-28.2897605896
3	41043	2.621711673664	-28.607015609741
3	41050	2.622616484254	-34.817760467529
3	41057	2.6227147489	-20.232913970947
3	41070	2.623653088485	-22.902631759644
3	41074	2.623722716394	-17.649919509888
3	41081	2.624689774648	-19.657388687134
3	41088	2.624751142238	-23.937536239624
3	41098	2.625724788449	-23.16623878479
3	41102	2.625735261271	-31.339725494385
3	41115	2.626751935271	-19.514051437378
3	41119	2.626760589827	-28.126173019409
3	41129	2.62775878264	-28.609588623047
3	41136	2.627780099421	-22.193069458008
3	41146	2.628731381342	-14.403798103333
3	41150	2.628766249212	-25.848253250122
3	41160	2.629735787561	-26.743942260742
3	41164	2.629791778825	-38.275421142578
3	41177	2.630747663212	-24.682464599609
3	41181	2.630813193026	-23.933725357056
3	41191	2.631756384349	-23.37801361084
3	41195	2.631834065158	-20.289333343506
3	41208	2.632708259204	-22.064161300659
3	41212	2.632787394164	-30.495296478271
3	41222	2.633707809978	-27.485246658325
3	41226	2.633833844892	-27.261909484863
3	41239	2.634711631246	-16.550676345825
3	41243	2.634824064184	-27.258350372314
3	41250	2.635678040517	-37.297691345215
3	41257	2.635805336052	-32.055603027344
3	41270	2.636702488789	-23.308946609497
3	41274	2.636813586775	-29.845556259155
3	41281	2.637662189095	-32.492504119873
3	41285	2.637860999079	-14.293816566467
3	41301	2.638637882117	-32.225440979004
3	41305	2.63888268114	-24.709609985352
3	41312	2.639601239428	-18.633571624756
3	41316	2.639841471413	-28.841775894165
3	41332	2.64058502712	-28.424251556396
3	41336	2.6408027707	-27.121612548828
3	41343	2.641616971795	-30.172849655151
3	41347	2.64179562008	-31.362909317017
3	41366	2.642630206093	-30.665487289429
3	41370	2.642763792045	-24.156703948975
3	41377	2.643660132864	-30.497901916504
3	41381	2.643759085475	-28.738035202026
3	41397	2.644619587818	-25.322729110718
3	41401	2.644764249022	-24.107929229736
3	41408	2.64558822842	-28.869552612305
3	41415	2.645750507899	-33.61833190918
3	41428	2.646580034494	-23.538246154785
3	41432	2.646742597188	-27.434499740601
3	41439	2.647553857158	-19.404872894287
3	41443	2.647733283135	-20.336948394775
3	41459	2.648507442319	-27.843126296997
3	41463	2.648775376376	-22.03178024292
3	41467	2.649542987535	-27.272548675537
3	41474	2.649796858831	-34.496147155762
3	41490	2.650518235444	-20.463106155396
3	41494	2.650799660775	-23.703418731689
3	41498	2.651489537889	-21.82820892334
3	41508	2.651817694517	-34.08589553833
3	41521	2.652467199776	-23.968690872192
3	41525	2.652802465858	-33.914226531982
3	41529	2.653507032281	-25.409345626831
3	41536	2.653828383325	-30.131526947021
3	41552	2.654484364228	-19.974029541016
3	41556	2.654817063805	-25.062271118164
3	41560	2.655448267569	-16.382640838623
3	41567	2.655830076908	-18.753747940063
3	41580	2.656418136578	-25.073789596558
3	41587	2.656821734154	-23.462942123413
3	41591	2.657399610318	-18.674589157104
3	41598	2.657796779292	-25.304626464844
3	41611	2.658430024887	-19.641878128052
3	41618	2.658833033552	-20.115995407104
3	41622	2.659402421662	-25.486009597778
3	41632	2.659837089171	-23.507280349731
3	41642	2.660370492304	-26.348100662231
3	41649	2.660795100451	-27.121416091919
3	41653	2.661407746066	-15.67490196228
3	41663	2.661833720031	-28.332305908203
3	41676	2.662386477095	-29.649242401123
3	41683	2.662827454432	-26.833715438843
3	41687	2.663353581637	-32.416584014893
3	41697	2.663793773303	-22.566293716431
3	41707	2.664381402379	-36.253582000732
3	41711	2.664766514125	-25.534557342529
3	41718	2.665377909357	-39.195858001709
3	41731	2.665771271966	-30.743282318115
3	41735	2.666409117949	-30.764610290527
3	41742	2.666752593974	-30.568340301514
3	41749	2.667364028766	-19.769481658936
3	41762	2.667702853081	-27.273408889771
3	41766	2.668322592474	-36.144538879395
3	41776	2.668712760702	-32.580619812012
3	41780	2.669330670507	-26.640132904053
3	41790	2.669693841634	-24.747819900513
3	41800	2.670305506819	-24.840978622437
3	41807	2.670681137157	-19.923271179199
3	41814	2.671338141131	-24.810218811035
3	41821	2.671649096116	-28.657749176025
3	41831	2.672318778356	-23.411945343018
3	41835	2.67268022455	-32.093086242676
3	41845	2.673346285179	-31.446231842041
3	41849	2.673636555696	-25.374013900757
3	41862	2.67434570802	-11.872692108154
3	41866	2.674630652014	-25.515518188477
3	41876	2.675307442981	-29.434967041016
3	41883	2.67560471347	-25.82314491272
3	41893	2.676308897491	-28.107955932617
3	41897	2.676594203702	-21.350008010864
3	41907	2.677263383866	-28.668323516846
3	41914	2.677601582415	-29.222261428833
3	41924	2.678301973375	-18.643978118896
3	41928	2.678616115044	-22.096071243286
3	41941	2.679350585431	-29.395153045654
3	41945	2.679589576064	-21.5677318573
3	41955	2.680390458406	-25.482864379883
3	41959	2.680558491639	-24.35622215271
3	41972	2.681423139376	-22.615217208862
3	41976	2.681522657485	-14.918915748596
3	41989	2.682373906396	-36.472114562988
3	41993	2.682561083003	-26.615772247314
3	42006	2.683342232327	-37.708301544189
3	42010	2.6835579497	-21.443494796753
3	42020	2.684306452507	-26.089670181274
3	42024	2.684589886349	-27.405542373657
3	42037	2.685298230657	-24.0983543396
3	42041	2.685628961952	-30.846071243286
3	42051	2.686309287074	-21.168237686157
3	42055	2.686581716182	-37.486747741699
3	42068	2.687272219704	-29.717050552368
3	42072	2.687607205413	-29.233840942383
3	42079	2.688229980587	-26.904951095581
3	42086	2.688611985534	-28.251932144165
3	42096	2.689183801923	-26.54058265686
3	42103	2.689623508296	-20.755178451538
3	42110	2.690152454569	-22.843996047974
3	42117	2.690605787263	-24.620616912842
3	42121	2.691137644907	-24.671951293945
3	42134	2.691612872591	-22.556716918945
3	42141	2.692126116383	-20.730606079102
3	42148	2.6926590992	-30.02953338623
3	42155	2.693093528794	-31.927955627441
3	42165	2.693657415547	-22.853372573853
3	42172	2.694091489743	-21.449861526489
3	42179	2.694651685717	-20.768737792969
3	42186	2.69513378087	-22.553331375122
3	42196	2.695664393124	-26.009145736694
3	42203	2.696142230408	-21.67854309082
3	42210	2.696619185012	-8.9842901229858
3	42217	2.697157460198	-32.14123916626
3	42227	2.697649518668	-23.828927993774
3	42234	2.698181832796	-21.202919006348
3	42241	2.698623965731	-29.951387405396
3	42248	2.699177221023	-20.700378417969
3	42258	2.699574176551	-28.062856674194
3	42265	2.700216115663	-31.450479507446
3	42272	2.700617378872	-30.9123878479
3	42282	2.701238993558	-21.311519622803
3	42289	2.701634200059	-13.42613697052
3	42299	2.70224656739	-20.383382797241
3	42306	2.702676936427	-27.601188659668
3	42316	2.703260826174	-20.38942527771
3	42323	2.703699950264	-17.465841293335
3	42330	2.704310484636	-19.466461181641
3	42334	2.704742475863	-34.904727935791
3	42350	2.705305212073	-21.467855453491
3	42354	2.705760097005	-32.201267242432
3	42361	2.706317816903	-34.79895401001
3	42365	2.70671603827	-36.077743530273
3	42381	2.707312565783	-29.384922027588
3	42385	2.70770811164	-26.136405944824
3	42392	2.708298828604	-23.618932723999
3	42396	2.70873217947	-20.242391586304
3	42412	2.709334698164	-29.065263748169
3	42416	2.709713232804	-33.558563232422
3	42423	2.710349734584	-24.344064712524
3	42427	2.710736825649	-17.378702163696
3	42440	2.71132660844	-28.656518936157
3	42447	2.711714120064	-25.213352203369
3	42454	2.712343397402	-19.493278503418
3	42458	2.712740174615	-26.271781921387
3	42474	2.713387346657	-32.952159881592
3	42478	2.713692203406	-23.135116577148
3	42485	2.714381331424	-14.826897621155
3	42489	2.714658999619	-25.304819107056
3	42505	2.715351418393	-12.873329162598
3	42509	2.715633730382	-27.46661567688
3	42513	2.716324763828	-18.267395019531
3	42520	2.716588385206	-27.857997894287
3	42536	2.717362863876	-26.125995635986
3	42540	2.717619694268	-30.213842391968
3	42544	2.718351952634	-17.977327346802
3	42551	2.718636799298	-21.30940246582
3	42567	2.719398078522	-28.722867965698
3	42571	2.719658925807	-29.590600967407
3	42575	2.720361751479	-31.355026245117
3	42582	2.720622024664	-18.436401367188
3	42598	2.721406047693	-19.000608444214
3	42602	2.72166684014	-30.213932037354
3	42606	2.722439058971	-18.481687545776
3	42616	2.722677239684	-24.539545059204
3	42632	2.723488624123	-25.32045173645
3	42636	2.723696497517	-21.956676483154
3	42643	2.724537908256	-16.826650619507
3	42650	2.724651520167	-18.447509765625
3	42663	2.725574356122	-17.434860229492
3	42667	2.725688325246	-20.987173080444
3	42677	2.726580607106	-20.673788070679
3	42681	2.726662157399	-26.593151092529
3	42694	2.727570839306	-26.541683197021
3	42698	2.727674407333	-25.644592285156
3	42705	2.728585737722	-21.830438613892
3	42709	2.728644274737	-23.371078491211
3	42725	2.729586430114	-21.346906661987
3	42729	2.729684119062	-25.327354431152
3	42739	2.730568590895	-15.240888595581
3	42743	2.730709307513	-26.057550430298
3	42756	2.731526078437	-26.762901306152
3	42760	2.731755236936	-15.667094230652
3	42767	2.732505345337	-17.785350799561
3	42774	2.732712910511	-14.446679115295
3	42784	2.733455626259	-22.561574935913
3	42791	2.733676827765	-23.151676177979
3	42798	2.734481758133	-15.008088111877
3	42802	2.734707622156	-25.095426559448
3	42815	2.735465378212	-24.378772735596
3	42822	2.735712252393	-5.3457026481628
3	42829	2.736425513988	-23.859878540039
3	42836	2.736724094071	-19.394470214844
3	42846	2.737465691253	-21.840965270996
3	42853	2.737754629466	-21.193473815918
3	42863	2.738495968043	-32.48637008667
3	42867	2.738766777694	-30.757946014404
3	42880	2.739498689703	-24.74263381958
3	42884	2.739746148202	-17.335443496704
3	42894	2.740508512843	-25.303970336914
3	42898	2.74076397684	-24.564374923706
3	42911	2.741495518644	-23.612310409546
3	42915	2.741809599351	-16.084379196167
3	42928	2.742472085205	-14.407331466675
3	42932	2.742832594512	-25.834741592407
3	42942	2.743480192595	-31.522085189819
3	42949	2.743860262608	-13.422823905945
3	42959	2.74451922027	-24.188425064087
3	42963	2.744869137363	-11.782234191895
3	42973	2.74550240449	-28.84609413147
3	42980	2.745889768228	-28.649465560913
3	42990	2.746534967457	-26.11231803894
3	42994	2.746895229139	-26.341156005859
3	43004	2.74757860107	-25.852806091309
3	43011	2.747878678904	-28.908897399902
3	43021	2.748589407577	-27.816900253296
3	43025	2.748927041045	-19.947282791138
3	43035	2.749572340347	-40.307403564453
3	43042	2.749951785651	-27.642791748047
3	43054	2.750542534724	-12.565941810608
3	43058	2.75090354235	-20.091243743896
3	43068	2.751532483302	-16.222196578979
3	43075	2.751932373863	-21.617385864258
3	43082	2.752548736386	-23.887754440308
3	43089	2.752947330478	-28.018440246582
3	43099	2.753526048084	-27.761165618896
3	43106	2.753989874348	-17.346530914307
3	43113	2.754573885859	-5.7282567024231
3	43123	2.755021475103	-23.844984054565
3	43133	2.75555903586	-21.474123001099
3	43137	2.755996735901	-20.866275787354
3	43144	2.756548618227	-29.957714080811
3	43154	2.756952898491	-22.422473907471
3	43164	2.757563673165	-8.8454704284668
3	43171	2.757935063671	-25.946882247925
3	43175	2.758606717752	-24.250972747803
3	43182	2.75894541272	-22.768705368042
3	43192	2.759655515705	-21.99941444397
3	43202	2.759930025742	-19.815975189209
3	43209	2.760643903602	-29.045782089233
3	43216	2.760965909202	-22.304794311523
3	43223	2.761605524341	-26.614906311035
3	43236	2.761946019075	-19.296680450439
3	43240	2.762641508815	-24.446586608887
3	43247	2.762984056835	-32.76488494873
3	43257	2.763622523763	-21.0396900177
3	43267	2.763971734032	-18.927686691284
3	43274	2.764598346603	-26.040672302246
3	43278	2.764939403473	-16.977657318115
3	43288	2.765604544822	-25.688543319702
3	43298	2.765906354488	-34.311546325684
3	43305	2.766579666988	-28.285499572754
3	43309	2.766871637525	-22.18284034729
3	43319	2.767554697755	-19.171655654907
3	43329	2.76784127327	-21.343070983887
3	43336	2.76859801384	-31.682285308838
3	43340	2.768840976614	-14.337476730347
3	43350	2.769548158002	-27.841302871704
3	43360	2.769831048465	-34.450778961182
3	43367	2.770526552298	-16.815488815308
3	43371	2.770802583221	-15.136560440063
3	43381	2.771540368758	-35.535709381104
3	43391	2.771813435668	-22.14136505127
3	43398	2.772518838742	-29.462034225464
3	43402	2.772831727603	-27.299522399902
3	43409	2.773508837452	-21.137441635132
3	43419	2.773826292387	-13.728253364563
3	43429	2.774515718694	-19.420230865479
3	43433	2.774794337059	-22.633224487305
3	43440	2.775492673989	-20.187482833862
3	43447	2.775773098006	-32.507358551025
3	43460	2.776514599451	-34.292087554932
3	43464	2.776786419846	-30.013458251953
3	43471	2.77747838772	-15.664591789246
3	43478	2.777739019522	-37.872043609619
3	43491	2.778467329812	-24.088903427124
3	43495	2.778737953942	-18.917741775513
3	43505	2.77944955418	-26.537837982178
3	43509	2.779738231244	-29.105726242065
3	43522	2.780478840978	-18.767305374146
3	43526	2.780689079968	-22.797456741333
3	43533	2.781514523907	-22.563060760498
3	43543	2.781721627397	-20.779211044312
3	43556	2.782504328287	-26.454986572266
3	43560	2.782719464096	-29.315607070923
3	43567	2.783528863935	-22.888433456421
3	43571	2.783698982193	-25.377388000488
3	43587	2.784578219426	-31.260410308838
3	43591	2.784653428606	-32.502983093262
3	43598	2.785551563035	-18.030853271484
3	43602	2.785700337651	-21.258617401123
3	43618	2.78650418503	-38.785850524902
3	43622	2.786732410303	-26.64709854126
3	43629	2.787542937486	-26.192899703979
3	43633	2.787683551286	-32.993183135986
3	43649	2.788541602001	-25.386762619019
3	43653	2.788708168499	-14.915746688843
3	43660	2.789506514758	-28.273937225342
3	43667	2.789658841585	-19.936082839966
3	43680	2.790531429808	-27.484775543213
3	43684	2.790609209935	-29.446250915527
3	43691	2.79154661671	-24.798704147339
3	43695	2.791596541352	-19.520275115967
3	43711	2.792552209756	-21.041189193726
3	43715	2.792574953439	-19.954893112183
3	43722	2.793551633125	-17.951595306396
3	43726	2.793591866925	-17.127113342285
3	43742	2.794583760394	-28.050004959106
3	43746	2.794622788158	-17.806322097778
3	43753	2.79560327344	-18.732456207275
3	43757	2.795610953366	-36.767593383789
3	43773	2.796555781179	-26.991241455078
3	43777	2.796659605902	-26.737379074097
3	43784	2.797559691811	-24.78560256958
3	43788	2.797661166112	-27.399766921997
3	43804	2.798521430788	-21.481002807617
3	43811	2.798693476501	-26.121242523193
3	43815	2.799499035633	-19.5345287323
3	43819	2.79966680016	-26.132606506348
3	43835	2.800511367533	-30.578620910645
3	43839	2.800680178969	-37.727703094482
3	43846	2.801465014507	-29.875841140747
3	43850	2.801686907469	-18.764556884766
3	43869	2.802502825039	-19.589799880981
3	43873	2.802733118442	-19.294313430786
3	43880	2.803475571491	-13.377932548523
3	43890	2.803755348039	-24.957920074463
3	43900	2.804475043593	-21.79029083252
3	43904	2.804772374922	-29.08394241333
3	43917	2.805497893088	-22.857944488525
3	43921	2.805787947183	-17.172370910645
3	43931	2.806485792529	-23.119430541992
3	43935	2.806823441259	-18.718685150146
3	43948	2.807525084757	-21.18320274353
3	43955	2.80780962517	-23.774360656738
3	43962	2.808507417655	-10.035775184631
3	43966	2.808766691266	-16.171113967896
3	43976	2.809541148175	-10.329670906067
3	43983	2.809765100226	-15.51141834259
3	43993	2.810499200316	-20.663942337036
3	43997	2.810717164945	-13.648832321167
3	44010	2.811517599843	-34.719482421875
3	44017	2.811723590143	-18.15615272522
3	44024	2.812483845145	-15.215890884399
3	44028	2.812749958181	-17.7571849823
3	44041	2.813513702974	-31.719575881958
3	44048	2.813754571747	-19.948511123657
3	44055	2.814501536182	-10.325294494629
3	44059	2.814790662569	-20.564619064331
3	44072	2.815506442376	-20.578184127808
3	44079	2.815782067684	-35.19149017334
3	44086	2.816530038317	-18.214599609375
3	44090	2.816764523637	-33.393527984619
3	44103	2.817561778807	-28.874750137329
3	44110	2.817735939237	-13.139468193054
3	44117	2.818520329031	-17.605157852173
3	44121	2.818749459042	-29.245431900024
3	44134	2.819511741552	-19.455497741699
3	44138	2.819733988104	-22.926681518555
3	44148	2.820507595717	-19.964773178101
3	44152	2.820724985586	-17.926628112793
3	44165	2.82150413649	-25.807954788208
3	44169	2.82172144898	-23.315275192261
3	44182	2.822497240686	-21.410837173462
3	44186	2.822720869573	-22.629735946655
3	44199	2.823500784334	-21.946500778198
3	44203	2.823707666373	-15.001585006714
3	44213	2.824504582011	-23.395771026611
3	44217	2.824702878373	-30.417011260986
3	44230	2.825484581974	-21.909158706665
3	44234	2.825662556247	-19.111776351929
3	44244	2.826518379192	-23.086297988892
3	44248	2.826672628118	-17.097288131714
3	44261	2.827502868715	-29.420679092407
3	44265	2.82771875525	-19.848899841309
3	44275	2.828464506275	-23.352479934692
3	44279	2.828721963368	-25.764213562012
3	44292	2.829470227182	-29.6673412323
3	44296	2.829699277763	-30.358535766602
3	44306	2.830474928088	-28.489858627319
3	44310	2.830745957833	-27.354848861694
3	44323	2.831471842962	-29.044143676758
3	44327	2.83170934354	-33.657642364502
3	44337	2.832432886208	-26.591749191284
3	44341	2.832666369089	-16.692209243774
3	44354	2.833428742236	-31.906917572021
3	44358	2.833682149624	-30.211114883423
3	44368	2.834388983927	-26.413726806641
3	44372	2.83468657587	-26.218347549438
3	44385	2.83538731455	-26.054492950439
3	44389	2.835732649576	-28.579490661621
3	44399	2.83638168286	-22.936933517456
3	44403	2.836693175158	-15.186594963074
3	44416	2.837397009173	-25.025722503662
3	44420	2.837666004557	-27.882539749146
3	44430	2.838410684369	-19.04838180542
3	44434	2.838616075509	-30.864280700684
3	44447	2.839429298447	-17.501438140869
3	44451	2.839634984778	-26.877843856812
3	44458	2.840450544897	-28.621980667114
3	44465	2.840658718876	-31.100244522095
3	44478	2.841493672532	-24.096588134766
3	44482	2.841677107138	-23.508588790894
3	44492	2.842456498393	-24.14624786377
3	44502	2.84272496963	-31.718109130859
3	44512	2.843466098128	-21.447538375854
3	44516	2.843734323882	-24.745208740234
3	44523	2.844422820324	-12.444515228271
3	44533	2.844743175744	-29.802791595459
3	44543	2.845465732096	-24.759653091431
3	44547	2.845718455863	-29.848686218262
3	44554	2.846446938573	-28.32839012146
3	44564	2.846708956778	-23.942462921143
3	44574	2.847463094237	-24.847396850586
3	44578	2.847693951722	-23.167442321777
3	44585	2.848425873227	-28.602346420288
3	44595	2.848698598374	-27.856336593628
3	44605	2.849419813491	-21.278804779053
3	44609	2.849706558623	-24.59797668457
3	44619	2.850430935675	-27.939756393433
3	44626	2.850675254809	-19.762279510498
3	44636	2.851438828238	-16.417760848999
3	44640	2.851643684034	-20.616703033447
3	44650	2.852459695509	-20.265424728394
3	44657	2.852681242367	-32.710182189941
3	44667	2.853452364571	-33.741886138916
3	44671	2.853654061526	-40.38166809082
3	44684	2.85443315367	-27.193855285645
3	44688	2.854605480504	-31.526790618896
3	44698	2.855468350172	-25.55103302002
3	44702	2.855642956001	-16.726833343506
3	44709	2.856506262021	-22.2493019104
3	44719	2.856655684169	-15.798373222351
3	44729	2.857475389268	-28.196245193481
3	44733	2.857671202512	-23.139944076538
3	44740	2.858450235622	-21.328897476196
3	44747	2.858634250573	-19.116704940796
3	44760	2.859457817382	-20.432229995728
3	44764	2.859631473189	-30.669361114502
3	44771	2.860484009766	-25.629573822021
3	44781	2.860674543605	-18.59970664978
3	44791	2.861462126505	-27.384971618652
3	44795	2.861649639848	-37.748348236084
3	44805	2.862456945623	-23.945474624634
3	44812	2.862646542978	-17.647287368774
3	44825	2.863435165865	-30.660266876221
3	44829	2.863597158957	-20.883268356323
3	44833	2.864387027371	-29.271097183228
3	44840	2.864632956379	-24.348573684692
3	44856	2.865375099067	-24.898801803589
3	44860	2.865594488391	-36.855346679688
3	44864	2.866423766574	-15.342582702637
3	44868	2.866610565525	-26.107904434204
3	44884	2.867452078607	-24.946382522583
3	44891	2.867654219277	-16.976934432983
3	44895	2.868416173815	-32.366485595703
3	44905	2.868693006798	-19.77579498291
3	44915	2.869433777651	-17.869083404541
3	44922	2.869690599572	-25.429725646973
3	44929	2.870455651704	-22.258256912231
3	44933	2.870707415336	-28.190547943115
3	44946	2.871445913054	-31.752557754517
3	44953	2.871693549864	-15.112951278687
3	44957	2.872473784436	-19.417346954346
3	44967	2.872655771033	-28.25874710083
3	44977	2.873490372463	-32.529850006104
3	44984	2.873614053735	-23.065656661987
3	44988	2.874461566511	-21.656518936157
3	45001	2.874621913803	-20.80415725708
3	45008	2.87550157126	-35.008331298828
3	45015	2.875648941739	-13.013910293579
3	45025	2.87651861577	-20.264017105103
3	45029	2.8766395405	-34.14892578125
3	45042	2.877515014027	-43.966171264648
3	45046	2.877682229913	-34.445247650146
3	45050	2.878528857693	-30.925291061401
3	45060	2.878639155445	-33.781383514404
3	45073	2.87948334177	-18.493286132812
3	45077	2.879599370001	-21.766124725342
3	45084	2.880520738439	-27.924289703369
3	45088	2.880553906358	-21.508396148682
3	45104	2.881519560276	-31.4690284729
3	45108	2.88151984904	-22.598039627075
3	45118	2.882497943318	-25.16414642334
3	45122	2.882512172284	-28.770185470581
3	45138	2.883468925569	-26.514772415161
3	45142	2.88348027447	-25.807403564453
3	45146	2.884466198599	-32.767116546631
3	45150	2.884484092003	-19.594720840454
3	45169	2.885432024359	-27.159950256348
3	45173	2.885515772342	-39.448863983154
3	45180	2.886440531463	-22.295522689819
3	45184	2.886529478939	-35.006259918213
3	45200	2.887427770466	-33.285125732422
3	45204	2.887542634654	-30.542942047119
3	45211	2.888447260024	-18.787679672241
3	45215	2.888569401678	-21.836990356445
3	45228	2.8894130612	-24.296010971069
3	45235	2.889543388458	-22.996166229248
3	45242	2.890380777909	-26.428546905518
3	45246	2.890548884613	-26.809274673462
3	45259	2.891373040568	-22.491823196411
3	45263	2.891535146702	-18.204296112061
3	45273	2.892398430692	-34.787502288818
3	45277	2.892579691242	-32.920879364014
3	45290	2.893429659026	-20.04093170166
3	45297	2.893543321848	-35.463199615479
3	45304	2.894459692635	-23.611597061157
3	45308	2.894522206487	-19.288368225098
3	45321	2.895431673456	-24.272819519043
3	45325	2.895557523398	-29.341287612915
3	45335	2.896440426988	-24.963006973267
3	45339	2.896601065329	-25.232494354248
3	45352	2.897459214768	-32.606189727783
3	45356	2.89759561584	-24.429904937744
3	45366	2.898504404972	-25.085088729858
3	45370	2.898553342666	-27.455842971802
3	45386	2.899509382326	-22.685918807983
3	45390	2.899570287958	-25.963899612427
3	45397	2.900466268298	-22.124206542969
3	45401	2.900602204816	-15.607779502869
3	45417	2.901476757914	-26.175626754761
3	45421	2.901639930084	-25.868257522583
3	45431	2.9024436953	-32.103275299072
3	45435	2.902621080414	-23.933229446411
3	45448	2.903438927982	-35.926509857178
3	45455	2.903604304854	-16.617479324341
3	45462	2.904459820192	-23.464967727661
3	45466	2.904566679127	-23.660140991211
3	45479	2.905456965666	-16.477060317993
3	45483	2.905549938418	-33.515201568604
3	45493	2.906412314165	-27.324415206909
3	45500	2.906599835052	-20.843091964722
3	45510	2.907424095575	-20.703104019165
3	45517	2.907596924661	-28.722450256348
3	45527	2.908463879852	-22.371198654175
3	45531	2.908579017357	-23.045776367188
3	45544	2.909506653723	-15.003227233887
3	45548	2.909613649091	-29.316352844238
3	45558	2.910498022711	-33.367656707764
3	45562	2.91060079746	-29.1926612854
3	45575	2.91148324549	-23.774108886719
3	45579	2.911575976719	-23.467697143555
3	45589	2.912503800243	-25.196685791016
3	45593	2.912572407619	-16.818908691406
3	45606	2.913509225267	-19.204597473145
3	45610	2.913593919464	-24.020067214966
3	45623	2.914533119732	-22.871664047241
3	45627	2.914626031144	-26.686067581177
3	45637	2.915542485601	-22.97430229187
3	45641	2.915675337537	-13.836054801941
3	45654	2.916537908215	-26.120601654053
3	45658	2.916680806694	-28.043783187866
3	45668	2.917553107286	-22.659503936768
3	45672	2.917669661734	-29.56982421875
3	45685	2.918529828109	-27.678941726685
3	45689	2.918671505387	-31.156726837158
3	45699	2.919506360554	-21.14616394043
3	45703	2.919627236713	-15.995791435242
3	45716	2.920491223499	-29.441701889038
3	45720	2.920596036937	-20.364633560181
3	45730	2.921473253424	-16.683187484741
3	45734	2.921645970989	-21.296319961548
3	45750	2.922469681349	-25.953428268433
3	45757	2.922609263544	-24.152872085571
3	45764	2.923421741651	-21.158597946167
3	45768	2.923650240857	-22.408264160156
3	45781	2.92438545632	-21.93431854248
3	45788	2.92461805499	-26.203784942627
3	45795	2.925380537003	-23.991003036499
3	45799	2.925651038691	-27.571683883667
3	45812	2.926330818459	-37.599796295166
3	45819	2.92665306222	-26.418527603149
3	45826	2.92728506792	-38.111576080322
3	45830	2.927687505958	-24.570573806763
3	45846	2.928292471885	-19.332281112671
3	45850	2.928640336077	-31.598344802856
3	45857	2.929262397414	-29.387935638428
3	45861	2.929630753029	-18.695920944214
3	45877	2.930244868257	-32.770172119141
3	45881	2.930661269145	-28.256412506104
3	45888	2.93119626883	-25.1178855896
3	45892	2.931650663625	-32.358772277832
3	45908	2.932170292748	-19.922813415527
3	45912	2.932617836924	-23.249422073364
3	45919	2.933168325041	-31.973567962646
3	45923	2.933614701402	-25.523485183716
3	45939	2.934164461996	-34.340671539307
3	45943	2.934617979328	-37.275489807129
3	45950	2.935175584989	-36.691993713379
3	45954	2.935615193361	-35.641872406006
3	45964	2.936144169083	-24.876184463501
3	45974	2.936647295741	-22.597923278809
3	45981	2.937127625995	-16.629726409912
3	45985	2.937654113968	-28.119020462036
3	45992	2.938085726497	-25.271823883057
3	46005	2.938625040991	-22.840751647949
3	46012	2.939097012605	-25.264148712158
3	46016	2.939584849388	-28.631464004517
3	46023	2.940083745236	-19.77268409729
3	46036	2.940535125033	-33.660175323486
3	46043	2.941124752585	-28.527639389038
3	46047	2.941509100721	-21.825086593628
3	46057	2.942097358742	-17.435205459595
3	46070	2.942542482991	-20.022401809692
3	46077	2.943126678662	-24.241161346436
3	46081	2.943557505228	-31.385622024536
3	46094	2.944140513306	-33.170970916748
3	46101	2.944560482884	-29.685258865356
3	46108	2.945166803774	-16.442874908447
3	46112	2.945559374756	-27.375759124756
3	46122	2.946183926585	-21.962230682373
3	46135	2.946534667522	-29.984733581543
3	46139	2.947206651191	-21.508155822754
3	46143	2.947567957772	-24.472230911255
3	46150	2.948162260895	-25.838788986206
3	46166	2.948526517426	-30.301546096802
3	46170	2.949126005367	-25.257375717163
3	46174	2.949549510662	-23.003341674805
3	46184	2.950173313545	-16.471485137939
3	46197	2.950511609949	-18.643365859985
3	46201	2.951132923912	-26.017358779907
3	46205	2.951464331758	-24.782377243042
3	46212	2.952104511985	-30.901117324829
3	46228	2.952465645322	-24.42068862915
3	46232	2.953136243732	-11.769069671631
3	46236	2.953424214655	-25.251449584961
3	46246	2.954107567902	-41.338653564453
3	46253	2.954388209509	-15.950417518616
3	46263	2.955103836309	-32.496955871582
3	46267	2.955388892978	-24.090347290039
3	46277	2.956089409589	-29.445491790771
3	46284	2.956379254524	-22.074592590332
3	46294	2.957123388085	-14.874014854431
3	46298	2.957329537235	-19.193435668945
3	46308	2.958160734928	-22.900329589844
3	46315	2.958305275268	-29.178224563599
3	46325	2.95912849457	-16.158134460449
3	46329	2.959261335123	-22.671052932739
3	46336	2.960105342892	-14.265375137329
3	46343	2.960274488635	-25.46404838562
3	46356	2.96110283656	-25.409797668457
3	46360	2.961228634275	-30.757308959961
3	46376	2.962148338906	-38.852390289307
3	46380	2.962269087022	-26.486358642578
3	46390	2.963139552051	-25.588844299316
3	46394	2.963226932383	-24.283098220825
3	46407	2.964149527419	-32.543155670166
3	46411	2.964232148955	-24.753801345825
3	46421	2.96519304487	-33.113590240479
3	46425	2.96521416756	-21.866485595703
3	46438	2.966152659839	-24.319938659668
3	46442	2.966172577793	-22.460784912109
3	46452	2.96716069648	-26.201524734497
3	46456	2.96719747529	-15.635093688965
3	46469	2.968210615923	-27.536081314087
3	46473	2.968239577816	-25.513160705566
3	46483	2.969252961223	-17.467088699341
3	46487	2.969253859189	-25.429733276367
3	46497	2.970229940933	-25.898368835449
3	46507	2.970291868875	-24.376117706299
3	46514	2.971232978557	-18.192489624023
3	46518	2.971321944558	-24.77864074707
3	46531	2.972269944438	-11.318835258484
3	46535	2.972309054832	-33.372570037842
3	46545	2.973260718901	-28.429992675781
3	46549	2.973291144173	-28.615999221802
3	46562	2.974304121173	-17.58678817749
3	46566	2.974337796005	-36.3010597229
3	46576	2.975311912356	-24.796281814575
3	46580	2.975316947633	-23.889831542969
3	46593	2.976281836527	-27.091945648193
3	46600	2.976331265864	-25.045473098755
3	46607	2.97730550489	-15.965975761414
3	46611	2.977335627736	-21.698015213013
3	46627	2.978270186472	-19.392133712769
3	46631	2.978346585531	-20.744743347168
3	46638	2.979266954791	-20.221748352051
3	46642	2.97933158977	-19.257648468018
3	46655	2.980227560425	-34.301551818848
3	46662	2.980329110474	-26.414354324341
3	46669	2.981231910849	-14.519659042358
3	46673	2.981355682682	-38.058242797852
3	46692	2.982274669704	-32.32759475708
3	46696	2.982390684235	-23.639207839966
3	46703	2.983268909791	-31.371709823608
3	46707	2.983392733487	-19.620216369629
3	46723	2.98429690732	-28.036066055298
3	46727	2.984389765673	-21.975660324097
3	46734	2.985299917657	-10.744264602661
3	46738	2.985392229069	-21.420677185059
3	46754	2.986333179506	-20.015008926392
3	46758	2.986402127992	-29.126432418823
3	46765	2.987333485375	-23.87843132019
3	46769	2.987405889162	-25.70156288147
3	46785	2.988364905762	-32.39098739624
3	46789	2.988380846592	-20.995414733887
3	46796	2.989352480538	-19.766906738281
3	46800	2.989381939067	-23.648307800293
3	46816	2.990378340248	-18.349300384521
3	46820	2.990418504064	-26.274024963379
3	46830	2.991347726655	-24.658758163452
3	46834	2.991403317107	-19.886817932129
3	46850	2.992364873649	-15.634300231934
3	46854	2.992429594904	-8.6764698028564
3	46858	2.993339381138	-18.06178855896
3	46865	2.993422367631	-21.521165847778
3	46875	2.994308466367	-16.345827102661
3	46885	2.994448232002	-14.399037361145
3	46889	2.995335380923	-29.563383102417
3	46896	2.99546133735	-32.239543914795
3	46909	2.996363232313	-31.610294342041
3	46913	2.996458218125	-27.491407394409
3	46920	2.997392418413	-30.16068649292
3	46924	2.997482091807	-33.555240631104
3	46940	2.998352571231	-23.090230941772
3	46947	2.998488928938	-17.931756973267
3	46951	2.99934647055	-8.9698333740234
3	46958	2.999509770347	-24.470273971558
3	46976	3.000348047709	-29.295215606689
3	46980	3.000522445792	-20.042284011841
3	46990	3.001313058322	-27.378854751587
3	46994	3.001553720599	-30.410614013672
3	47010	3.002348550676	-31.256328582764
3	47014	3.00252126399	-32.473045349121
3	47021	3.003336142284	-30.124956130981
3	47025	3.003519090216	-28.389200210571
3	47041	3.004309954827	-23.226169586182
3	47045	3.00453231628	-28.730813980103
3	47052	3.005299163216	-32.305446624756
3	47056	3.005492643204	-24.957916259766
3	47072	3.006336462895	-33.625637054443
3	47076	3.006491673861	-28.136972427368
3	47083	3.007292476613	-26.365659713745
3	47087	3.00748379891	-21.431991577148
3	47103	3.008295725933	-23.678579330444
3	47107	3.008491058916	-21.96462059021
3	47114	3.00932240399	-31.253597259521
3	47118	3.009523158234	-21.99084854126
3	47134	3.010307420854	-31.00532913208
3	47138	3.010502264657	-26.432981491089
3	47145	3.011266897926	-26.276369094849
3	47149	3.011527632436	-22.593585968018
3	47162	3.012295037253	-30.654945373535
3	47169	3.012494773938	-21.975486755371
3	47176	3.013335873579	-26.847143173218
3	47180	3.013478895073	-25.016014099121
3	47190	3.014325040541	-23.560342788696
3	47200	3.014485073082	-19.708263397217
3	47207	3.015361068481	-19.052280426025
3	47211	3.015510808249	-23.064716339111
3	47224	3.016352819369	-25.433290481567
3	47231	3.016547954139	-20.499290466309
3	47238	3.017336718246	-22.405584335327
3	47242	3.017568018825	-26.284160614014
3	47255	3.018376476373	-22.147836685181
3	47259	3.018564641799	-27.000270843506
3	47269	3.019329117558	-25.212121963501
3	47273	3.019542869262	-31.401384353638
3	47283	3.020358822745	-30.234441757202
3	47290	3.020558957992	-21.246664047241
3	47303	3.021317426085	-17.598180770874
3	47307	3.021531155776	-21.175752639771
3	47320	3.02234513601	-27.503801345825
3	47324	3.022556435795	-21.660255432129
3	47334	3.023384286095	-30.889476776123
3	47338	3.023550824544	-31.268489837646
3	47351	3.024412089298	-19.714544296265
3	47355	3.024531344699	-20.169710159302
3	47365	3.025382514579	-18.115539550781
3	47369	3.025530246242	-24.756645202637
3	47379	3.026415201459	-28.852651596069
3	47386	3.026524382267	-25.748405456543
3	47396	3.027463977846	-21.266571044922
3	47400	3.027505780004	-19.693016052246
3	47410	3.028466510962	-32.16686630249
3	47417	3.028491044136	-25.699554443359
3	47427	3.029470738508	-24.790723800659
3	47431	3.029484406563	-26.770315170288
3	47444	3.030467280338	-33.483406066895
3	47451	3.030530421031	-23.948986053467
3	47458	3.031427550574	-25.355434417725
3	47462	3.031533409542	-28.823369979858
3	47478	3.032432826521	-28.140977859497
3	47482	3.03252215205	-25.097724914551
3	47489	3.033482604003	-22.254180908203
3	47493	3.033557837142	-19.36559677124
3	47509	3.0345115271	-37.342632293701
3	47513	3.034540058007	-13.326276779175
3	47520	3.035529172527	-28.71435546875
3	47524	3.035577153294	-35.032844543457
3	47540	3.036524910767	-22.081750869751
3	47544	3.036552144864	-25.609594345093
3	47551	3.037538822238	-21.841989517212
3	47555	3.037542126817	-23.288763046265
3	47571	3.038511816894	-28.654287338257
3	47575	3.038555053655	-18.878910064697
3	47582	3.039463979178	-19.632442474365
3	47586	3.039515720052	-20.941110610962
3	47602	3.040512607811	-24.34327507019
3	47606	3.040525853698	-25.448160171509
3	47616	3.04149566297	-25.730850219727
3	47620	3.041559905824	-23.517778396606
3	47636	3.04249647155	-27.210021972656
3	47640	3.04258427847	-16.165481567383
3	47650	3.043484371017	-31.558908462524
3	47654	3.043588988274	-34.488079071045
3	47664	3.04452987585	-24.533535003662
3	47671	3.044562936812	-33.012084960938
3	47681	3.045508717535	-23.270538330078
3	47685	3.045544438256	-21.177591323853
3	47698	3.046476880476	-25.774347305298
3	47705	3.046517987017	-33.330368041992
3	47712	3.047498931977	-28.182191848755
3	47716	3.047538086713	-28.719774246216
3	47729	3.048494958945	-23.413345336914
3	47733	3.048572760678	-25.401453018188
3	47743	3.049446949658	-23.236553192139
3	47747	3.04958226419	-27.158353805542
3	47757	3.050484343664	-23.343173980713
3	47761	3.050570807933	-14.0662317276
3	47774	3.051455952	-25.513637542725
3	47778	3.051593760678	-33.189907073975
3	47788	3.052503047057	-18.371221542358
3	47792	3.05255838298	-23.67657661438
3	47805	3.053479854134	-14.606053352356
3	47809	3.053607631225	-23.120409011841
3	47822	3.05447679214	-25.731119155884
3	47826	3.054642931886	-22.135562896729
3	47836	3.055502581156	-32.935329437256
3	47840	3.055683276123	-21.07713508606
3	47853	3.056492769763	-25.533853530884
3	47857	3.056701865686	-8.9970855712891
3	47867	3.057449686625	-26.519565582275
3	47871	3.05768332019	-27.425163269043
3	47884	3.058498522911	-33.639041900635
3	47888	3.058722989552	-16.122226715088
3	47898	3.059495603482	-19.832147598267
3	47902	3.059759010238	-21.349761962891
3	47915	3.060473236815	-22.008684158325
3	47925	3.060752137932	-29.078893661499
3	47932	3.061457125409	-20.939443588257
3	47936	3.061741743138	-21.464954376221
3	47949	3.062429521994	-25.865249633789
3	47953	3.062752842607	-16.342388153076
3	47963	3.063426140436	-13.486640930176
3	47967	3.063802541846	-21.241687774658
3	47980	3.064474914191	-22.034450531006
3	47987	3.06484217143	-18.424407958984
3	47994	3.065498284595	-17.455160140991
3	47998	3.065796582023	-9.9329748153687
3	48011	3.066495625821	-17.109563827515
3	48018	3.066807223596	-19.072034835815
3	48025	3.067454615532	-23.989410400391
3	48029	3.067783546803	-19.128814697266
3	48042	3.068447787726	-21.260007858276
3	48049	3.068820396697	-30.177673339844
3	48056	3.069474042887	-25.366544723511
3	48060	3.069794694177	-15.02260684967
3	48073	3.070451392526	-15.823572158813
3	48077	3.070776803714	-13.680438041687
3	48087	3.071474623613	-23.125049591064
3	48091	3.071763772929	-33.116706848145
3	48104	3.072457202542	-33.565814971924
3	48108	3.0727745252	-28.494729995728
3	48118	3.073434224183	-16.16171836853
3	48122	3.073738099575	-20.802865982056
3	48135	3.074438070273	-30.358526229858
3	48139	3.074772776864	-25.057954788208
3	48149	3.075407337019	-26.575113296509
3	48156	3.07578246139	-29.407747268677
3	48166	3.0764388175	-20.663028717041
3	48170	3.076777229641	-18.32506942749
3	48180	3.077402032544	-17.531309127808
3	48187	3.077774101645	-25.124965667725
3	48197	3.078443083846	-23.285640716553
3	48201	3.07873015327	-24.280006408691
3	48211	3.079431367942	-27.838541030884
3	48218	3.079773623829	-24.103708267212
3	48228	3.080424438263	-25.739227294922
3	48232	3.080733413097	-19.723449707031
3	48245	3.081436435303	-26.83278465271
3	48255	3.081721068065	-24.300075531006
3	48262	3.0824748813	-28.427974700928
3	48266	3.082719771441	-22.46936416626
3	48276	3.083519748843	-28.850481033325
3	48283	3.083699386337	-22.809381484985
3	48293	3.08448868127	-19.277904510498
3	48297	3.08474900508	-25.427694320679
3	48310	3.085502392914	-22.238967895508
3	48314	3.085734751764	-23.325061798096
3	48324	3.086497883315	-24.916608810425
3	48328	3.086756873887	-15.824401855469
3	48341	3.087516715773	-22.121267318726
3	48345	3.087743594129	-20.872509002686
3	48355	3.088537698586	-19.29727935791
3	48359	3.088720499995	-18.171926498413
3	48369	3.089555087428	-16.584098815918
3	48379	3.089769080572	-28.24821472168
3	48386	3.090508997515	-20.544338226318
3	48390	3.090784120059	-19.784965515137
3	48400	3.091471166094	-23.747310638428
3	48407	3.09178769943	-35.562175750732
3	48417	3.092469565301	-25.133773803711
3	48421	3.092754425528	-26.829080581665
3	48431	3.093421472543	-26.16016960144
3	48438	3.093756229843	-30.95325088501
3	48448	3.094409337566	-29.488033294678
3	48452	3.094720215241	-24.43943977356
3	48462	3.095443869971	-24.759798049927
3	48469	3.095761602929	-34.641258239746
3	48479	3.096402696468	-28.099149703979
3	48483	3.09671494901	-39.174449920654
3	48496	3.09743336679	-28.31262588501
3	48500	3.09771028795	-29.885187149048
3	48510	3.098469128963	-39.222476959229
3	48514	3.098678943915	-21.765066146851
3	48524	3.099489282736	-37.419548034668
3	48531	3.09971845069	-22.055540084839
3	48541	3.100486724815	-29.304376602173
3	48545	3.100726957108	-23.36695098877
3	48561	3.101491661024	-19.904537200928
3	48565	3.101687627497	-26.743963241577
3	48575	3.102540942684	-35.118095397949
3	48579	3.102640562927	-18.451435089111
3	48592	3.103574707198	-27.666109085083
3	48596	3.103625169231	-27.929557800293
3	48606	3.104576039671	-36.38542175293
3	48610	3.104589940392	-24.787292480469
3	48626	3.105581091391	-32.209896087646
3	48630	3.105607234438	-22.447772979736
3	48637	3.106541417486	-4.9959735870361
3	48641	3.106651605261	-18.538232803345
3	48654	3.10757960001	-31.109022140503
3	48661	3.107693709752	-23.630996704102
3	48668	3.108615261982	-29.488958358765
3	48675	3.108731499212	-25.336030960083
3	48685	3.109651821489	-28.820320129395
3	48692	3.109761196155	-16.34928894043
3	48702	3.110639315767	-21.259267807007
3	48709	3.110792501926	-25.385402679443
3	48719	3.111628142989	-25.411752700806
3	48723	3.11177039129	-36.623092651367
3	48733	3.11260170223	-37.194313049316
3	48740	3.112743284552	-15.646402359009
3	48750	3.113624247701	-21.150983810425
3	48754	3.113765804589	-23.612987518311
3	48764	3.114669790889	-25.785760879517
3	48768	3.114815740597	-18.031858444214
3	48781	3.115672360673	-35.044242858887
3	48785	3.115770888922	-21.167896270752
3	48795	3.116694180443	-35.979396820068
3	48799	3.116814174745	-22.684490203857
3	48812	3.117666993808	-33.955337524414
3	48816	3.117771014166	-38.442890167236
3	48826	3.118686837147	-18.941921234131
3	48833	3.11881670909	-20.234365463257
3	48843	3.119661070009	-24.416107177734
3	48847	3.119793127142	-27.512687683105
3	48860	3.120619464807	-24.783983230591
3	48864	3.12080896949	-22.285537719727
3	48877	3.121635659902	-21.560277938843
3	48881	3.121791411685	-30.353754043579
3	48891	3.122628185629	-25.265447616577
3	48895	3.122774334172	-18.053047180176
3	48908	3.123619834003	-26.511522293091
3	48912	3.123739739353	-29.023906707764
3	48919	3.124587860736	-31.782327651978
3	48926	3.124768844874	-37.419628143311
3	48939	3.125598176993	-21.67869758606
3	48943	3.125781125964	-21.501462936401
3	48953	3.126558050873	-37.48860168457
3	48957	3.126802272568	-24.072755813599
3	48967	3.127565083958	-20.615251541138
3	48974	3.127816894598	-37.265621185303
3	48984	3.128562729653	-23.069425582886
3	48988	3.128818524853	-23.326459884644
3	48998	3.129574158463	-28.938520431519
3	49005	3.129774994618	-23.525259017944
3	49015	3.130553951071	-23.521722793579
3	49019	3.130777997735	-25.738313674927
3	49032	3.131600129056	-25.792793273926
3	49036	3.131767230887	-25.739835739136
3	49046	3.132583382651	-23.155227661133
3	49050	3.132732609045	-17.51317024231
3	49060	3.133627882747	-22.15015411377
3	49067	3.13372847155	-30.440532684326
3	49077	3.134619714555	-32.772216796875
3	49081	3.134720250694	-31.247659683228
3	49091	3.135618237552	-36.65022277832
3	49098	3.135676883551	-18.703643798828
3	49108	3.136610878341	-25.910348892212
3	49112	3.136682152902	-32.720893859863
3	49122	3.137582911087	-25.54712677002
3	49129	3.137730800356	-20.794309616089
3	49139	3.138586623954	-35.029312133789
3	49143	3.138757890833	-33.933372497559
3	49153	3.139607234747	-26.990642547607
3	49157	3.139749389171	-22.341960906982
3	49173	3.140641404626	-29.365110397339
3	49177	3.140784051073	-31.090282440186
3	49187	3.141621204753	-28.054536819458
3	49191	3.141808611988	-23.183811187744
3	49204	3.142592345341	-32.476985931396
3	49211	3.142820819933	-20.320039749146
3	49218	3.143585473831	-31.651334762573
3	49222	3.143815751907	-26.931596755981
3	49235	3.144565483817	-24.952617645264
3	49242	3.144856647992	-34.92854309082
3	49249	3.145612709711	-21.352355957031
3	49256	3.145808673193	-32.125514984131
3	49266	3.146576162067	-24.428356170654
3	49276	3.146855322026	-26.180458068848
3	49283	3.147573505643	-18.649442672729
3	49287	3.147863064133	-21.770395278931
3	49297	3.148621719385	-19.911804199219
3	49307	3.148838787365	-25.934181213379
3	49314	3.149574501698	-22.677539825439
3	49318	3.149872252476	-50.095020294189
3	49328	3.150559983607	-35.937103271484
3	49335	3.150899585903	-20.587156295776
3	49342	3.151578317658	-41.131202697754
3	49349	3.151923144418	-18.545713424683
3	49359	3.152562254817	-23.705854415894
3	49366	3.152908020305	-35.325180053711
3	49373	3.153543561786	-21.487222671509
3	49380	3.153937414454	-20.437194824219
3	49387	3.154526383743	-23.49186706543
3	49397	3.154972552198	-18.728309631348
3	49404	3.155520494506	-13.793508529663
3	49414	3.155952821993	-24.138866424561
3	49418	3.156528605	-16.20581817627
3	49428	3.157000948054	-29.698801040649
3	49435	3.157499906845	-25.406129837036
3	49445	3.158040917523	-37.414546966553
3	49449	3.158454610756	-36.347621917725
3	49459	3.159084464527	-21.819486618042
3	49469	3.159504001162	-25.863428115845
3	49476	3.160107046365	-16.226903915405
3	49480	3.160482199836	-23.291244506836
3	49490	3.161106117001	-13.429851531982
3	49500	3.161471789695	-27.669849395752
3	49510	3.162078213623	-17.16314125061
3	49514	3.162500505014	-25.877519607544
3	49521	3.163093691698	-29.558870315552
3	49534	3.163518510897	-22.86273765564
3	49541	3.164090628377	-33.895767211914
3	49545	3.164491329595	-25.655292510986
3	49555	3.165127333081	-29.349172592163
3	49565	3.165520663051	-24.883317947388
3	49572	3.166127743932	-20.080526351929
3	49576	3.166542831227	-28.290685653687
3	49583	3.167109699111	-27.866470336914
3	49599	3.16755579049	-29.140808105469
3	49603	3.168115362457	-37.951503753662
3	49607	3.168536661547	-15.54322719574
3	49617	3.16915077428	-22.411998748779
3	49627	3.169549503574	-16.084217071533
3	49634	3.170100941485	-20.276826858521
3	49638	3.170540913489	-29.760091781616
3	49648	3.171108770305	-34.350116729736
3	49658	3.171546311514	-21.728488922119
3	49665	3.172088571417	-24.723920822144
3	49669	3.172498123724	-33.096942901611
3	49679	3.173114283967	-28.534538269043
3	49686	3.173508774856	-22.334093093872
3	49696	3.174072506146	-25.851663589478
3	49700	3.174487349583	-27.05207824707
3	49704	3.175053189284	-20.758583068848
3	49717	3.175515913739	-32.502292633057
3	49727	3.176057989851	-18.463674545288
3	49731	3.176560475128	-22.395351409912
3	49735	3.177103571571	-25.803640365601
3	49748	3.177564160052	-31.056200027466
3	49758	3.178081641395	-32.471656799316
3	49762	3.17857833918	-25.701086044312
3	49766	3.179111691684	-24.186029434204
3	49779	3.179627069164	-17.185302734375
3	49789	3.18007527186	-15.725080490112
3	49793	3.180611048754	-30.459358215332
3	49797	3.181074340882	-24.454704284668
3	49816	3.181638930546	-21.747623443604
3	49823	3.18210041648	-22.81477355957
3	49827	3.182674521667	-32.22908782959
3	49831	3.183141627831	-24.970977783203
3	49847	3.183720969834	-25.508617401123
3	49854	3.184172446255	-34.374202728271
3	49858	3.184761684639	-17.481672286987
3	49862	3.185166173819	-32.464164733887
3	49875	3.185779874872	-21.977705001831
3	49885	3.186177334099	-20.588552474976
3	49889	3.1868274279	-27.213882446289
3	49893	3.187146212056	-28.025018692017
3	49906	3.187833242657	-30.353380203247
3	49913	3.188118767607	-26.196189880371
3	49920	3.188851582486	-23.818416595459
3	49924	3.189160252512	-19.284187316895
3	49937	3.189899434737	-40.804294586182
3	49947	3.190193886212	-23.056720733643
3	49951	3.190923153356	-19.537996292114
3	49955	3.191211121935	-22.990144729614
3	49971	3.191904578211	-29.979606628418
3	49978	3.192199034798	-20.900094985962
3	49982	3.192881766771	-27.59827041626
3	49986	3.193231690535	-32.320426940918
3	50002	3.19383923168	-21.339073181152
3	50009	3.194183974401	-22.965841293335
3	50013	3.194824255994	-36.343952178955
3	50017	3.195137636138	-30.915586471558
3	50036	3.195861343282	-30.832038879395
3	50040	3.196169660687	-36.253105163574
3	50044	3.196829628146	-26.865236282349
3	50051	3.197167295522	-19.891834259033
3	50064	3.197825831886	-30.098873138428
3	50071	3.198172700707	-26.49998664856
3	50075	3.198854918045	-25.873775482178
3	50082	3.199169315024	-31.408069610596
3	50095	3.199855148203	-17.592073440552
3	50102	3.200196515669	-30.914384841919
3	50106	3.20081139831	-31.641626358032
3	50116	3.201176726332	-25.666654586792
3	50129	3.201827917458	-32.127799987793
3	50136	3.202211607965	-23.131771087646
3	50140	3.202793802851	-27.259309768677
3	50147	3.203164021269	-36.099910736084
3	50160	3.20383055951	-33.218326568604
3	50164	3.204136226334	-33.722232818604
3	50171	3.204871067245	-30.724493026733
3	50178	3.205096997272	-14.983177185059
3	50191	3.205873810875	-36.583080291748
3	50195	3.206094817803	-30.581020355225
3	50202	3.206829907416	-28.888282775879
3	50209	3.207091254976	-27.476539611816
3	50219	3.207790867552	-22.163627624512
3	50226	3.208120683962	-9.5151691436768
3	50233	3.20882369652	-21.956218719482
3	50240	3.209101573373	-15.730571746826
3	50250	3.209809645367	-14.162925720215
3	50260	3.210146796766	-30.641195297241
3	50267	3.210781026729	-26.450342178345
3	50271	3.211141569179	-28.974010467529
3	50281	3.211746648173	-18.778366088867
3	50288	3.212160332251	-26.573879241943
3	50295	3.212730104537	-28.190933227539
3	50302	3.213125610276	-35.693141937256
3	50309	3.213699151893	-27.595285415649
3	50319	3.214103998427	-24.227149963379
3	50329	3.214714969861	-24.365159988403
3	50333	3.215075744061	-30.96706199646
3	50340	3.215745519246	-15.632813453674
3	50350	3.216112496722	-26.478498458862
3	50360	3.216699749688	-27.328798294067
3	50364	3.217123484454	-35.796226501465
3	50371	3.217685026675	-23.915575027466
3	50384	3.218092987947	-16.894660949707
3	50391	3.218728172182	-19.465827941895
3	50395	3.219067984586	-29.864200592041
3	50402	3.219721189566	-18.498237609863
3	50412	3.220072211306	-24.278203964233
3	50425	3.220729733243	-33.385719299316
3	50429	3.221056671179	-30.450222015381
3	50439	3.221779269787	-24.919763565063
3	50446	3.222009697692	-31.569269180298
3	50456	3.22276882887	-22.137142181396
3	50460	3.222982198536	-19.379011154175
3	50467	3.223816341674	-28.47883605957
3	50477	3.223972999821	-15.558993339539
3	50487	3.224799972553	-30.378162384033
3	50491	3.224988190005	-18.666635513306
3	50498	3.225823252243	-13.374886512756
3	50505	3.225966323483	-19.556900024414
3	50518	3.22681995627	-28.82933807373
3	50522	3.227015481291	-25.122478485107
3	50529	3.227857969763	-24.12202835083
3	50539	3.228021464135	-20.199840545654
3	50549	3.228905927363	-13.932854652405
3	50553	3.22901241877	-20.66615486145
3	50563	3.229910519178	-30.641803741455
3	50567	3.229974247791	-31.368352890015
3	50580	3.23086457787	-25.158086776733
3	50584	3.23099004485	-30.374130249023
3	50591	3.23184331822	-25.15496635437
3	50598	3.232023244119	-13.844306945801
3	50611	3.232882198688	-32.227584838867
3	50615	3.233035023228	-24.364011764526
3	50622	3.233920206773	-20.346963882446
3	50632	3.234059607797	-28.486911773682
3	50642	3.23493581935	-27.989812850952
3	50646	3.235081311389	-37.845355987549
3	50659	3.235961713891	-33.23140335083
3	50663	3.236114355354	-24.68921661377
3	50673	3.236997498327	-25.19331741333
3	50677	3.237067630496	-21.506126403809
3	50690	3.238024505762	-18.781217575073
3	50694	3.238114927942	-23.843118667603
3	50704	3.239057099499	-14.413814544678
3	50708	3.239112073527	-22.789541244507
3	50721	3.240083091844	-22.30470085144
3	50725	3.240098438538	-23.306797027588
3	50738	3.241080282142	-24.595277786255
3	50742	3.241147718216	-24.903282165527
3	50755	3.242070870906	-27.240083694458
3	50762	3.242167442742	-17.42795753479
3	50769	3.243101288211	-18.72674369812
3	50773	3.243148650546	-22.309062957764
3	50789	3.24409067792	-14.559863090515
3	50793	3.244111805096	-32.339298248291
3	50800	3.245105570026	-24.960674285889
3	50804	3.245110117219	-16.125471115112
3	50820	3.246091754912	-17.036422729492
3	50824	3.246124731855	-33.973114013672
3	50831	3.247080132374	-23.726930618286
3	50835	3.247154548619	-25.930643081665
3	50851	3.248088908759	-31.044034957886
3	50855	3.24813277181	-21.131769180298
3	50862	3.249134289127	-30.942485809326
3	50866	3.249144699128	-18.089134216309
3	50881	3.250125116139	-13.500282287598
3	50885	3.250166496846	-27.455375671387
3	50895	3.251146998101	-20.683219909668
3	50899	3.251199727124	-24.623355865479
3	50915	3.2521180036	-23.395584106445
3	50919	3.252195699976	-27.611228942871
3	50926	3.253111433044	-18.975297927856
3	50930	3.253186986122	-23.543140411377
3	50946	3.254108466345	-25.385236740112
3	50950	3.25422474348	-34.306934356689
3	50957	3.255078746315	-22.008069992065
3	50961	3.255229002427	-20.787759780884
3	50977	3.256109839194	-27.601751327515
3	50981	3.256206155158	-27.489803314209
3	50988	3.257155579652	-19.202533721924
3	50992	3.257178766647	-22.97695350647
3	51008	3.258165174789	-36.195838928223
3	51012	3.258184555544	-23.639144897461
3	51019	3.259198996894	-14.827884674072
3	51023	3.259223305171	-26.162284851074
3	51039	3.260230929732	-26.033367156982
3	51043	3.260252146353	-29.182149887085
3	51053	3.261208606536	-24.147686004639
3	51057	3.261256533841	-15.072774887085
3	51073	3.262237507626	-19.647106170654
3	51077	3.262238711043	-28.386503219604
3	51084	3.263212627041	-21.337047576904
3	51088	3.263231890154	-18.791021347046
3	51104	3.264223125041	-21.847339630127
3	51108	3.264238866468	-29.473747253418
3	51118	3.265243318023	-23.604068756104
3	51122	3.265248733058	-28.588270187378
3	51135	3.26620833192	-29.281368255615
3	51139	3.266244031675	-26.641103744507
3	51146	3.267203143148	-22.74786567688
3	51150	3.267275230506	-23.515455245972
3	51166	3.268230245135	-14.858254432678
3	51170	3.268244419053	-19.363174438477
3	51180	3.269250755128	-31.537897109985
3	51184	3.269276468906	-29.399261474609
3	51197	3.270234422658	-39.741313934326
3	51201	3.27024630528	-18.660833358765
3	51208	3.27120515624	-12.510749816895
3	51212	3.271223639443	-18.615821838379
3	51228	3.272180101219	-26.091215133667
3	51232	3.272209198063	-23.799736022949
3	51239	3.273200525745	-27.715393066406
3	51243	3.273225126251	-23.404088973999
3	51259	3.274191342313	-31.304929733276
3	51263	3.274235429238	-25.36568069458
3	51270	3.275233877138	-22.123456954956
3	51274	3.275240156726	-30.151479721069
3	51290	3.276239756257	-22.658336639404
3	51294	3.276270706345	-19.377569198608
3	51301	3.277221263011	-29.040521621704
3	51305	3.277232724486	-23.528743743896
3	51321	3.278210155763	-24.074264526367
3	51325	3.278216467607	-28.185554504395
3	51332	3.27916718197	-17.746347427368
3	51336	3.27925042387	-17.575563430786
3	51352	3.280136271752	-24.155590057373
3	51356	3.280213495773	-31.935453414917
3	51366	3.28110035925	-22.488737106323
3	51370	3.281179715369	-27.37322807312
3	51386	3.282134828926	-20.972160339355
3	51390	3.282195847755	-17.144596099854
3	51397	3.283161885811	-27.134246826172
3	51401	3.283226152347	-35.212966918945
3	51417	3.284120840987	-17.632844924927
3	51421	3.28419890285	-26.330150604248
3	51431	3.285142773355	-20.572460174561
3	51435	3.285154088413	-24.789596557617
3	51448	3.28612294302	-23.869445800781
3	51452	3.286165437605	-19.359497070312
3	51462	3.287103553754	-30.714374542236
3	51466	3.287130480175	-20.813171386719
3	51476	3.288123671426	-28.309064865112
3	51480	3.288148678955	-25.596031188965
3	51490	3.289149308083	-14.319602012634
3	51494	3.289174588901	-19.552688598633
3	51510	3.290147980857	-24.84291267395
3	51514	3.290155375361	-23.04759979248
3	51527	3.291134372576	-31.737588882446
3	51531	3.291183473925	-29.265867233276
3	51541	3.292140161176	-31.52267074585
3	51545	3.292149159231	-17.0501537323
3	51555	3.293106033185	-22.941270828247
3	51559	3.293179067678	-29.960851669312
3	51572	3.294110547464	-30.350040435791
3	51576	3.294216514742	-22.223773956299
3	51583	3.295113888785	-27.592092514038
3	51587	3.295186025222	-21.5832862854
3	51603	3.296151705454	-30.89316368103
3	51607	3.29619846469	-34.895740509033
3	51617	3.297138601403	-30.200794219971
3	51621	3.297237730547	-27.452783584595
3	51634	3.298097678211	-24.631191253662
3	51638	3.298285437485	-29.277618408203
3	51648	3.299091024899	-29.494150161743
3	51652	3.299306775793	-33.836738586426
3	51665	3.300118870288	-20.957185745239
3	51669	3.300347138357	-15.5646276474
3	51682	3.301104152257	-26.419677734375
3	51689	3.301364222894	-17.609340667725
3	51699	3.302134800614	-18.993459701538
3	51703	3.302322065012	-31.433952331543
3	51713	3.303105911875	-23.734146118164
3	51717	3.303284337976	-30.972484588623
3	51730	3.30407616927	-31.399940490723
3	51734	3.304288356813	-14.240405082703
3	51744	3.305081520609	-24.338165283203
3	51748	3.305307787022	-22.946502685547
3	51761	3.306101418809	-11.323262214661
3	51765	3.306309962977	-19.690328598022
3	51775	3.307112840968	-21.859066009521
3	51779	3.307291655468	-28.668573379517
3	51792	3.308104453201	-28.203567504883
3	51796	3.30834107753	-15.955075263977
3	51806	3.309114314528	-25.780313491821
3	51810	3.309362772798	-30.03076171875
3	51823	3.310076518166	-30.171276092529
3	51827	3.310384232452	-27.630887985229
3	51837	3.311116380713	-32.677463531494
3	51841	3.311349057169	-21.180030822754
3	51854	3.312072769111	-20.609691619873
3	51858	3.312315532505	-29.115428924561
3	51865	3.313030679456	-19.323143005371
3	51872	3.313278009033	-15.443192481995
3	51885	3.313984053268	-16.768508911133
3	51892	3.314281523878	-23.241853713989
3	51896	3.315032746759	-26.984590530396
3	51903	3.315235844821	-26.237255096436
3	51913	3.316064040276	-7.2904977798462
3	51920	3.316191068629	-22.219223022461
3	51927	3.317090546368	-29.835342407227
3	51931	3.317166133839	-29.862251281738
3	51947	3.318135172897	-16.465774536133
3	51951	3.318136934831	-22.551630020142
3	51958	3.319094503009	-19.238399505615
3	51962	3.319144130393	-26.526788711548
3	51975	3.320079187617	-23.075803756714
3	51982	3.320114434547	-12.884727478027
3	51992	3.321081227419	-14.938374519348
3	51996	3.321153970291	-21.972454071045
3	52009	3.322131014811	-21.548866271973
3	52016	3.322192637077	-18.620882034302
3	52026	3.323162553497	-24.759643554688
3	52030	3.323239204158	-22.575965881348
3	52043	3.324157194634	-26.467464447021
3	52047	3.324197953394	-19.462251663208
3	52054	3.325151940449	-29.822011947632
3	52064	3.325211983759	-29.90970993042
3	52074	3.32613489924	-38.53438949585
3	52078	3.326244157484	-34.008888244629
3	52088	3.327163931224	-17.434299468994
3	52095	3.327287225712	-24.745241165161
3	52105	3.328164491462	-29.707260131836
3	52112	3.328246034941	-27.785818099976
3	52122	3.329155994652	-26.476844787598
3	52129	3.329233100653	-24.046808242798
3	52136	3.330111389265	-21.469383239746
3	52140	3.330237700738	-27.689266204834
3	52153	3.331151414268	-26.289478302002
3	52157	3.331224090893	-22.194953918457
3	52167	3.332151372786	-21.920051574707
3	52174	3.332211328769	-17.897146224976
3	52187	3.333137048564	-23.993436813354
3	52191	3.333242064802	-13.02947807312
3	52198	3.334104564805	-24.437950134277
3	52202	3.334215962386	-13.365016937256
3	52218	3.335145834458	-28.600841522217
3	52222	3.335210376096	-32.352340698242
3	52229	3.336173967844	-24.522197723389
3	52233	3.33622823547	-24.617084503174
3	52249	3.337164822055	-21.9280128479
3	52253	3.337187440414	-22.81079864502
3	52260	3.338166197718	-21.41349029541
3	52264	3.338222217807	-32.988456726074
3	52280	3.33914222556	-26.809976577759
3	52284	3.339178380594	-24.512008666992
3	52291	3.34013499296	-24.96114730835
3	52295	3.340194344505	-32.057506561279
3	52311	3.341125434123	-27.22745513916
3	52318	3.341233686668	-40.812282562256
3	52325	3.342173729805	-24.154457092285
3	52329	3.342190328999	-27.798442840576
3	52345	3.343181148058	-28.865228652954
3	52349	3.3432334065	-16.553609848022
3	52356	3.344140312096	-26.693948745728
3	52360	3.344247609733	-20.114526748657
3	52376	3.345111106782	-23.990528106689
3	52380	3.345251669385	-24.466106414795
3	52387	3.346067118464	-15.012985229492
3	52391	3.346269111242	-35.823875427246
3	52407	3.347083975859	-33.88708114624
3	52411	3.34724140313	-13.810572624207
3	52418	3.348125170201	-30.482564926147
3	52422	3.348195699749	-20.14013671875
3	52438	3.349088164107	-29.559499740601
3	52442	3.34921724922	-16.722723007202
3	52449	3.350083871742	-27.288423538208
3	52453	3.350242900622	-30.533149719238
3	52469	3.351058779579	-26.128240585327
3	52473	3.351234744535	-28.309574127197
3	52480	3.352041584237	-19.559638977051
3	52484	3.352244574873	-33.510368347168
3	52497	3.352996023589	-29.878776550293
3	52504	3.353211940157	-21.588068008423
3	52511	3.353966751019	-23.679885864258
3	52515	3.354221736085	-28.039218902588
3	52528	3.354939242353	-19.622220993042
3	52535	3.355216627782	-24.475666046143
3	52542	3.355921163206	-29.619417190552
3	52549	3.356235752389	-26.248516082764
3	52559	3.356935089678	-21.387662887573
3	52566	3.357262289611	-24.584932327271
3	52573	3.357915748257	-30.536664962769
3	52580	3.358244823236	-33.306427001953
3	52590	3.358912219186	-33.71858215332
3	52597	3.359203849393	-34.872886657715
3	52604	3.359865234141	-27.871580123901
3	52614	3.360190261618	-32.847518920898
3	52624	3.360905683603	-29.41877746582
3	52631	3.361148380935	-25.902677536011
3	52638	3.361876653129	-25.735759735107
3	52642	3.362147779138	-18.912313461304
3	52652	3.362834503209	-25.244583129883
3	52662	3.363177108566	-22.686363220215
3	52666	3.363790420336	-40.891532897949
3	52673	3.364150811634	-31.821733474731
3	52683	3.364774722303	-12.784335136414
3	52693	3.365134488609	-28.884944915771
3	52697	3.365736176415	-28.321453094482
3	52704	3.3661429348	-26.582117080688
3	52714	3.366711301294	-16.990350723267
3	52724	3.367153593024	-30.551979064941
3	52728	3.367692055929	-29.709838867188
3	52735	3.36810593259	-26.878482818604
3	52748	3.368715667455	-27.736614227295
3	52755	3.369085112774	-24.117837905884
3	52759	3.369681609537	-35.278175354004
3	52766	3.370056667139	-31.186294555664
3	52776	3.370662155387	-22.050775527954
3	52786	3.371034861117	-27.905649185181
3	52790	3.371643396338	-21.650266647339
3	52797	3.371990954049	-26.153419494629
3	52804	3.372678494561	-22.291250228882
3	52817	3.372975735044	-30.57901763916
3	52821	3.373698463154	-29.640506744385
3	52828	3.374003150309	-25.761405944824
3	52838	3.374717747962	-25.887849807739
3	52845	3.375031467018	-29.414556503296
3	52855	3.37576705179	-30.842668533325
3	52859	3.376068974039	-19.922622680664
3	52869	3.376742232826	-30.377777099609
3	52879	3.377065902034	-33.507637023926
3	52886	3.377735171925	-34.750053405762
3	52890	3.378049356403	-26.943210601807
3	52897	3.37877732692	-33.314453125
3	52910	3.379011289366	-23.28013420105
3	52917	3.37974082454	-31.778652191162
3	52921	3.38003448333	-21.467695236206
3	52931	3.380734738424	-16.095811843872
3	52941	3.381002415983	-24.413694381714
3	52951	3.381724541657	-22.181312561035
3	52955	3.382037543424	-22.36403465271
3	52962	3.38271208255	-27.185678482056
3	52975	3.383077112814	-36.173133850098
3	52982	3.383733262607	-24.988212585449
3	52986	3.384055201894	-28.798973083496
3	52990	3.384713270517	-17.548679351807
3	53006	3.38510390504	-30.816444396973
3	53013	3.385720603516	-22.185247421265
3	53017	3.386146032361	-20.785821914673
3	53021	3.38671084316	-26.928670883179
3	53037	3.387146366183	-21.347076416016
3	53041	3.387743151868	-22.168804168701
3	53048	3.388190643757	-25.900129318237
3	53052	3.388696166008	-28.312213897705
3	53068	3.389153743768	-20.606657028198
3	53072	3.389647653351	-32.226917266846
3	53079	3.390139475622	-21.345113754272
3	53089	3.390640699996	-19.518085479736
3	53099	3.391144427361	-31.740880966187
3	53103	3.391595228727	-30.701051712036
3	53110	3.392173829515	-21.790214538574
3	53120	3.392600672268	-28.874837875366
3	53130	3.393176526243	-18.930414199829
3	53134	3.39364761497	-22.760461807251
3	53141	3.394162226426	-23.361385345459
3	53151	3.394602556755	-33.360988616943
3	53161	3.395154571792	-34.440139770508
3	53165	3.395626428725	-27.8392162323
3	53172	3.396170020472	-25.885145187378
3	53182	3.396606963087	-26.528085708618
3	53192	3.39721188066	-39.253105163574
3	53196	3.397562609908	-28.798173904419
3	53203	3.398172158854	-32.974842071533
3	53213	3.398603095267	-33.589168548584
3	53223	3.399155128553	-28.028562545776
3	53227	3.399608992766	-24.214902877808
3	53234	3.40013882661	-27.641414642334
3	53247	3.400563531639	-17.623420715332
3	53257	3.401124018649	-21.515151977539
3	53261	3.401519651726	-35.849838256836
3	53268	3.402078475525	-32.629119873047
3	53278	3.402511465373	-27.520807266235
3	53288	3.403075340734	-23.79937171936
3	53292	3.403503636266	-29.927389144897
3	53299	3.404079799235	-21.461317062378
3	53312	3.40453513898	-21.455799102783
3	53319	3.405055086805	-22.606430053711
3	53323	3.405540407651	-32.171977996826
3	53333	3.40601790168	-24.764333724976
3	53340	3.406532867199	-26.702606201172
3	53350	3.406986253811	-17.79122543335
3	53354	3.407580828085	-34.436595916748
3	53358	3.40795728456	-30.812084197998
3	53371	3.408614091565	-20.803869247437
3	53381	3.408912192606	-20.72553062439
3	53385	3.409627016826	-20.776750564575
3	53392	3.409937374925	-17.5244140625
3	53402	3.410670859518	-32.313678741455
3	53412	3.410979052815	-22.473430633545
3	53416	3.411695492065	-27.355127334595
3	53423	3.411980831257	-23.967624664307
3	53436	3.412696964242	-38.433288574219
3	53443	3.412969610836	-31.069707870483
3	53447	3.413653308835	-24.733840942383
3	53451	3.414013356593	-25.855436325073
3	53464	3.414661343344	-32.963912963867
3	53471	3.414966606133	-32.928527832031
3	53478	3.4156304391	-18.823036193848
3	53482	3.415996164048	-21.631023406982
3	53495	3.416629115422	-20.150115966797
3	53502	3.417024706738	-17.268301010132
3	53509	3.417613297908	-32.766311645508
3	53513	3.418005248164	-24.272541046143
3	53526	3.418586026169	-28.020099639893
3	53533	3.418986115426	-18.106197357178
3	53540	3.419560344828	-25.087261199951
3	53547	3.420027128424	-22.616876602173
3	53560	3.420540933518	-31.030708312988
3	53567	3.421042576756	-6.5676264762878
3	53574	3.421521641901	-20.246776580811
3	53581	3.422085898608	-24.620027542114
3	53591	3.422474299348	-13.594985961914
3	53598	3.423054732591	-21.860370635986
3	53605	3.423437093494	-21.388673782349
3	53612	3.424028855205	-26.037118911743
3	53622	3.42443316599	-28.375482559204
3	53629	3.425025749398	-15.841026306152
3	53636	3.425430809076	-18.592832565308
3	53643	3.426032378043	-25.677812576294
3	53653	3.426392518976	-29.575815200806
3	53660	3.426993319264	-33.229099273682
3	53667	3.427403793626	-26.002986907959
3	53674	3.427959984982	-18.108373641968
3	53681	3.428452224889	-29.605863571167
3	53688	3.428999668652	-26.882402420044
3	53698	3.429443389291	-28.729763031006
3	53705	3.430041175441	-27.535749435425
3	53715	3.430469567567	-25.40412902832
3	53719	3.430996778886	-15.260973930359
3	53726	3.431423904489	-23.397487640381
3	53733	3.432037953	-28.218725204468
3	53743	3.432435573812	-23.225206375122
3	53750	3.433013123155	-23.585821151733
3	53757	3.433427656869	-28.1848487854
3	53764	3.434023952744	-28.254598617554
3	53774	3.43438374888	-26.062971115112
3	53781	3.435032506222	-29.351364135742
3	53788	3.435359647915	-33.947605133057
3	53795	3.435993430104	-19.506113052368
3	53805	3.436340694976	-36.76237487793
3	53812	3.437020868096	-31.021682739258
3	53819	3.437365687442	-19.645927429199
3	53826	3.437997340115	-32.981666564941
3	53836	3.438396627623	-16.114664077759
3	53843	3.439004593927	-16.316776275635
3	53850	3.439425704708	-21.241395950317
3	53860	3.440040448916	-28.018896102905
3	53870	3.440469648639	-27.931871414185
3	53877	3.441074944175	-22.126022338867
3	53887	3.441474189874	-24.680500030518
3	53891	3.442077886889	-23.35412979126
3	53901	3.442480836728	-32.758499145508
3	53908	3.443040423213	-24.830898284912
3	53918	3.443447627568	-23.93936920166
3	53922	3.44401926381	-26.633199691772
3	53935	3.444449812503	-23.848625183105
3	53939	3.445020386143	-23.617832183838
3	53949	3.445422831746	-28.85503578186
3	53953	3.44605019918	-29.275930404663
3	53966	3.44643731885	-31.891979217529
3	53973	3.447076129249	-23.393728256226
3	53980	3.447471470706	-39.321578979492
3	53984	3.448072727721	-26.302822113037
3	53997	3.448487399133	-18.679529190063
3	54004	3.449036987417	-37.13468170166
3	54011	3.449532640531	-31.907276153564
3	54015	3.449987828247	-24.823797225952
3	54028	3.450553935653	-32.104755401611
3	54032	3.451020184378	-30.235849380493
3	54042	3.451542282584	-28.741943359375
3	54046	3.452064021671	-24.565231323242
3	54059	3.452498050418	-18.611532211304
3	54066	3.453055375662	-19.899387359619
3	54073	3.453492539659	-11.133622169495
3	54077	3.454081499374	-25.9827709198
3	54090	3.454532069079	-25.875974655151
3	54097	3.455053515413	-35.830638885498
3	54104	3.455495175684	-40.44384765625
3	54108	3.456032788841	-14.68036365509
3	54121	3.456520662178	-29.155853271484
3	54128	3.457012117782	-29.733264923096
3	54135	3.457478803784	-24.897518157959
3	54139	3.457965577946	-26.603116989136
3	54152	3.458481785813	-22.696844100952
3	54159	3.459000854438	-32.061630249023
3	54166	3.459436718386	-14.231142997742
3	54170	3.460013599344	-19.265216827393
3	54183	3.460419683881	-22.062124252319
3	54193	3.461000604128	-23.666408538818
3	54197	3.461391315422	-28.73858833313
3	54204	3.46200355897	-22.682815551758
3	54214	3.462428831447	-21.689430236816
3	54221	3.462994319807	-23.92246055603
3	54231	3.463453176258	-31.390472412109
3	54235	3.464031831761	-23.105009078979
3	54242	3.464416823765	-21.874143600464
3	54252	3.465033708426	-39.326648712158
3	54262	3.465419196871	-22.206884384155
3	54266	3.466047321958	-19.809770584106
3	54273	3.466403294336	-29.686357498169
3	54283	3.467059328585	-23.188480377197
3	54293	3.467366400941	-34.496612548828
3	54297	3.46801214549	-20.718307495117
3	54304	3.468370938706	-23.122888565063
3	54314	3.469055322139	-12.863355636597
3	54318	3.469385347992	-22.599815368652
3	54328	3.470065887307	-17.087335586548
3	54332	3.470432469486	-25.539215087891
3	54345	3.471029237543	-28.594472885132
3	54352	3.47144011011	-24.491493225098
3	54359	3.472000648591	-26.217157363892
3	54366	3.472475830785	-18.272615432739
3	54376	3.473013978768	-19.158210754395
3	54386	3.473479202949	-27.714544296265
3	54390	3.474010480661	-33.75687789917
3	54394	3.474469655525	-22.148103713989
3	54407	3.475026112407	-27.121528625488
3	54417	3.4754292836	-25.551425933838
3	54421	3.476056094841	-22.949867248535
3	54425	3.476387919194	-23.844766616821
3	54438	3.477015577688	-16.623495101929
3	54448	3.477390270217	-33.29903793335
3	54452	3.478029993819	-27.054256439209
3	54456	3.478377666873	-21.082471847534
3	54469	3.479076880652	-37.856044769287
3	54479	3.479371533752	-24.035186767578
3	54483	3.48007896592	-22.732044219971
3	54490	3.4804158434	-27.990715026855
3	54503	3.481052161664	-30.376806259155
3	54513	3.481462924826	-27.865617752075
3	54517	3.482085483754	-23.739742279053
3	54527	3.482507891195	-26.390647888184
3	54534	3.483108413655	-18.591259002686
3	54544	3.483480263437	-24.054962158203
3	54548	3.484089350099	-25.566335678101
3	54555	3.484509298515	-15.903224945068
3	54565	3.485089918793	-13.989876747131
3	54575	3.485521643452	-27.458335876465
3	54579	3.48610687996	-34.331825256348
3	54589	3.486473248385	-33.306411743164
3	54599	3.487133517427	-31.841867446899
3	54603	3.487488458742	-18.6178855896
3	54610	3.488161365366	-9.090235710144
3	54620	3.488462438475	-23.667369842529
3	54630	3.489180968806	-24.66481590271
3	54634	3.489507192491	-24.206018447876
3	54644	3.490188381748	-13.790223121643
3	54651	3.490457272892	-24.382265090942
3	54661	3.491213811203	-37.149616241455
3	54665	3.491451698159	-29.212472915649
3	54678	3.492205793831	-26.739442825317
3	54685	3.492454728086	-15.127353668213
3	54692	3.49319247023	-18.929847717285
3	54696	3.493456760628	-14.970895767212
3	54709	3.494238355823	-17.420333862305
3	54713	3.494427813325	-21.517303466797
3	54723	3.495252736283	-25.061002731323
3	54727	3.495458846964	-20.913520812988
3	54740	3.496272400663	-17.479572296143
3	54744	3.496424943451	-26.475301742554
3	54754	3.497252591917	-19.46932220459
3	54758	3.497435156048	-21.600322723389
3	54771	3.498299472943	-24.209140777588
3	54775	3.498401175228	-17.955474853516
3	54785	3.49934481743	-19.312042236328
3	54789	3.499448045376	-20.903619766235
3	54801	3.500381538237	-35.750118255615
3	54805	3.500428272583	-7.1133131980896
3	54821	3.501411632712	-22.676048278809
3	54825	3.501411716842	-31.563562393188
3	54838	3.502445058526	-25.457103729248
3	54842	3.502456460411	-35.503170013428
3	54852	3.503422434287	-28.60572052002
3	54856	3.503429521149	-14.622433662415
3	54869	3.504448748227	-25.004644393921
3	54873	3.504450907704	-20.933395385742
3	54883	3.505434870872	-27.826597213745
3	54887	3.505437114693	-17.607173919678
3	54900	3.506464154858	-18.630912780762
3	54904	3.506476454545	-18.802705764771
3	54914	3.507501426551	-20.749948501587
3	54918	3.507512951556	-22.423828125
3	54931	3.508472725164	-28.094150543213
3	54935	3.508475339979	-19.481033325195
3	54945	3.50945480049	-24.797504425049
3	54952	3.509466866898	-20.833026885986
3	54962	3.510427896531	-20.073528289795
3	54966	3.51051138386	-28.841304779053
3	54976	3.511383532825	-29.178136825562
3	54980	3.511522387264	-27.550029754639
3	54990	3.512363247813	-34.634838104248
3	54997	3.512550891175	-22.102504730225
3	55007	3.513336797358	-20.333866119385
3	55011	3.513598348371	-23.560346603394
3	55024	3.51430302631	-24.650131225586
3	55028	3.514570753685	-27.048336029053
3	55038	3.515264083983	-9.6736135482788
3	55045	3.515591262647	-32.186679840088
3	55055	3.516264023132	-16.411651611328
3	55062	3.516612576344	-23.503959655762
3	55069	3.517305763465	-21.52300453186
3	55079	3.517656519128	-26.825559616089
3	55086	3.518335727131	-26.701166152954
3	55093	3.518625656487	-21.05650138855
3	55103	3.519294203567	-28.282037734985
3	55107	3.519636025937	-17.605060577393
3	55120	3.520272652835	-23.646688461304
3	55127	3.520673412384	-35.620433807373
3	55137	3.521278564537	-35.372146606445
3	55141	3.521682602899	-32.45556640625
3	55151	3.522256305363	-29.618043899536
3	55158	3.522705507527	-31.882722854614
3	55168	3.523255275542	-31.709571838379
3	55172	3.523729623552	-24.257093429565
3	55182	3.524257420423	-23.472040176392
3	55189	3.524704644141	-26.986568450928
3	55196	3.5252371897	-16.309562683105
3	55203	3.525675126457	-27.516109466553
3	55213	3.526272332798	-10.42492389679
3	55220	3.52669079632	-6.0222067832947
3	55230	3.527268331346	-26.309509277344
3	55234	3.527684036715	-18.557306289673
3	55244	3.528300042715	-23.99197769165
3	55251	3.528642776283	-28.363067626953
3	55261	3.529323312662	-27.650985717773
3	55265	3.529686783043	-18.186544418335
3	55275	3.530324250306	-30.015476226807
3	55282	3.530642753182	-21.53310585022
3	55289	3.531319197166	-22.11255645752
3	55296	3.531677500698	-27.578165054321
3	55306	3.532281381532	-21.803440093994
3	55316	3.53269944815	-25.055774688721
3	55323	3.533293686322	-24.033760070801
3	55327	3.533727918619	-21.913305282593
3	55337	3.53427045138	-19.982492446899
3	55344	3.534768137846	-15.483242034912
3	55351	3.535224794347	-14.244525909424
3	55358	3.535746756978	-33.543300628662
3	55368	3.536211428592	-24.770763397217
3	55375	3.536758453755	-19.222536087036
3	55382	3.537173474912	-16.013454437256
3	55389	3.537747929881	-27.542680740356
3	55399	3.538175669693	-21.341157913208
3	55406	3.538792000373	-28.702461242676
3	55413	3.539217523435	-29.677223205566
3	55429	3.539800734198	-31.955059051514
3	55433	3.540205655013	-25.899236679077
3	55440	3.54082219442	-18.751626968384
3	55447	3.541177322517	-22.00358581543
3	55460	3.541837407882	-27.954698562622
3	55464	3.542211376118	-31.940992355347
3	55474	3.542812577579	-28.191591262817
3	55478	3.543220082226	-31.203498840332
3	55488	3.543769462836	-12.310551643372
3	55495	3.544206112925	-43.564743041992
3	55505	3.544743430045	-27.269710540771
3	55509	3.545175699598	-22.553867340088
3	55516	3.545718497685	-33.215579986572
3	55526	3.546141817688	-21.037590026855
3	55533	3.546675082705	-33.091259002686
3	55540	3.547149253097	-20.100448608398
3	55547	3.547628577091	-24.512451171875
3	55557	3.548144294123	-18.725395202637
3	55564	3.548617932292	-35.157703399658
3	55571	3.549111098108	-19.921783447266
3	55581	3.549648467201	-28.631757736206
3	55588	3.550108235964	-28.41003036499
3	55595	3.550649051696	-20.53929901123
3	55602	3.551096069201	-19.436208724976
3	55612	3.551661408191	-20.200353622437
3	55619	3.552090656414	-27.9391746521
3	55626	3.552681723425	-32.89510345459
3	55633	3.553060992205	-25.111743927002
3	55643	3.553674575726	-31.556201934814
3	55650	3.554070992127	-23.465200424194
3	55657	3.554717365344	-19.251577377319
3	55664	3.555024946096	-20.88422203064
3	55674	3.555678232145	-31.051542282104
3	55681	3.556006313768	-30.75018119812
3	55688	3.556680379804	-21.152902603149
3	55692	3.556956672505	-31.733331680298
3	55708	3.557631437178	-17.73217010498
3	55712	3.557965863202	-26.392349243164
3	55719	3.558645796359	-26.096963882446
3	55726	3.558942174007	-20.955816268921
3	55742	3.559675224933	-16.552625656128
3	55746	3.559944559628	-17.707305908203
3	55756	3.560706646717	-34.603054046631
3	55760	3.560981925517	-30.274854660034
3	55773	3.561688402327	-26.283014297485
3	55777	3.561937135512	-33.835277557373
3	55784	3.562640586237	-21.349348068237
3	55791	3.562910132113	-26.455812454224
3	55801	3.563602123061	-36.020244598389
3	55808	3.563883751968	-17.135480880737
3	55815	3.564601241853	-19.665784835815
3	55822	3.564861015814	-21.33212852478
3	55835	3.565593657763	-25.988159179688
3	55839	3.565828072706	-25.253223419189
3	55846	3.566589306712	-31.811477661133
3	55850	3.566867867808	-18.217046737671
3	55863	3.567592658379	-27.40518951416
3	55870	3.567829639932	-26.901254653931
3	55877	3.56854318746	-22.672245025635
3	55881	3.568781748045	-20.346483230591
3	55891	3.569578986458	-21.967010498047
3	55901	3.569822357642	-20.557708740234
3	55908	3.570605049141	-29.749883651733
3	55912	3.570843376598	-17.086954116821
3	55928	3.571628684513	-16.529928207397
3	55932	3.571826026621	-22.893209457397
3	55939	3.572628571393	-13.998035430908
3	55943	3.572874102615	-12.178680419922
3	55959	3.573666892967	-26.609825134277
3	55966	3.573912700196	-20.776905059814
3	55970	3.574632124252	-10.546829223633
3	55974	3.574945905603	-17.042825698853
3	55987	3.575586598757	-28.088203430176
3	55994	3.575948519433	-30.991060256958
3	56001	3.57660462607	-23.810020446777
3	56008	3.576989824699	-25.420192718506
3	56018	3.577635980845	-20.823268890381
3	56028	3.578018424144	-31.404890060425
3	56032	3.578627101915	-27.605470657349
3	56039	3.579054304327	-22.856958389282
3	56049	3.579636914669	-13.935866355896
3	56062	3.580102251751	-16.078824996948
3	56066	3.580675317726	-30.154483795166
3	56073	3.58107398951	-18.037536621094
3	56083	3.581677151893	-14.397431373596
3	56093	3.582024937765	-18.793375015259
3	56097	3.582651803032	-23.600046157837
3	56104	3.58300997208	-25.364435195923
3	56111	3.583638651577	-34.257476806641
3	56124	3.583991445781	-27.34787940979
3	56128	3.584655675653	-23.011697769165
3	56132	3.58494763236	-28.548511505127
3	56142	3.585647573753	-20.925752639771
3	56155	3.585960127029	-32.947959899902
3	56159	3.586693969334	-24.43631362915
3	56166	3.587009352208	-28.161773681641
3	56176	3.587676488808	-23.814727783203
3	56186	3.588043795231	-21.339590072632
3	56190	3.58867824961	-25.340789794922
3	56197	3.589050876701	-24.813800811768
3	56210	3.589698904693	-25.19190788269
3	56217	3.590098267123	-23.785758972168
3	56221	3.590695478732	-18.247001647949
3	56225	3.59109537678	-28.242305755615
3	56241	3.591745116243	-16.351287841797
3	56248	3.592131834183	-22.788539886475
3	56252	3.592759388702	-9.4986257553101
3	56256	3.593179059761	-19.15252494812
3	56272	3.593737321333	-33.649322509766
3	56279	3.594179356973	-19.000654220581
3	56283	3.594772272897	-18.182506561279
3	56287	3.595156018815	-33.037105560303
3	56303	3.595746237706	-30.524900436401
3	56310	3.596115959399	-21.902433395386
3	56314	3.59669876483	-25.591514587402
3	56318	3.597161525952	-18.845010757446
3	56334	3.597682288525	-24.631553649902
3	56341	3.598138583099	-19.417684555054
3	56345	3.598682859672	-28.618438720703
3	56349	3.599090365008	-19.309038162231
3	56362	3.599712512136	-26.076829910278
3	56375	3.600064224006	-18.516687393188
3	56379	3.600692640883	-28.352628707886
3	56383	3.601056469276	-25.531723022461
3	56396	3.601663941214	-33.352340698242
3	56406	3.602102377009	-18.456666946411
3	56410	3.602639881259	-20.144756317139
3	56414	3.603058086789	-17.096950531006
3	56424	3.603645673757	-12.767833709717
3	56437	3.604107673911	-29.518072128296
3	56441	3.604672846439	-20.000720977783
3	56445	3.605084196051	-34.86559677124
3	56458	3.605666015379	-19.957962036133
3	56468	3.606122751971	-27.266244888306
3	56472	3.606628864087	-16.488683700562
3	56476	3.607093646969	-26.309429168701
3	56486	3.607656935397	-24.809549331665
3	56499	3.608050962988	-24.157392501831
3	56503	3.608677904691	-26.577978134155
3	56507	3.609046167731	-29.8957862854
3	56520	3.609634800376	-29.626068115234
3	56530	3.610085135565	-26.478446960449
3	56534	3.610634828195	-32.657466888428
3	56538	3.611073278313	-26.072479248047
3	56548	3.61161061059	-29.331567764282
3	56561	3.61204831777	-31.338367462158
3	56565	3.61257444037	-25.304124832153
3	56569	3.613005023618	-30.456233978271
3	56576	3.613593267517	-31.386400222778
3	56592	3.614015110638	-26.269109725952
3	56596	3.614629628893	-21.7912940979
3	56600	3.614974304646	-22.929071426392
3	56610	3.615611018598	-28.513805389404
3	56620	3.615946676982	-27.874893188477
3	56627	3.616611795166	-16.590631484985
3	56631	3.616950292523	-28.352787017822
3	56641	3.6175760234	-25.894525527954
3	56651	3.617961398899	-27.548961639404
3	56658	3.618563462075	-26.135015487671
3	56662	3.61900334416	-29.267520904541
3	56672	3.619574643653	-19.458875656128
3	56685	3.620007585077	-30.935230255127
3	56692	3.620534615313	-27.977191925049
3	56696	3.62101200177	-26.773761749268
3	56703	3.621537309223	-33.341899871826
3	56716	3.622047340307	-16.633687973022
3	56723	3.622488565768	-30.4583568573
3	56727	3.623001927097	-34.011623382568
3	56734	3.623456329708	-30.417177200317
3	56747	3.624051458594	-30.117332458496
3	56754	3.624480524817	-20.062175750732
3	56758	3.625071774593	-26.155689239502
3	56765	3.62550143215	-35.018550872803
3	56778	3.626108543957	-31.068264007568
3	56785	3.626501518255	-15.605776786804
3	56789	3.627102592729	-20.236324310303
3	56796	3.627480314609	-35.105243682861
3	56809	3.628147820053	-14.400135040283
3	56816	3.62852070587	-32.12141418457
3	56823	3.629193670999	-26.678924560547
3	56827	3.629488021705	-27.457063674927
3	56840	3.630218571545	-22.796215057373
3	56847	3.630517843646	-21.194534301758
3	56854	3.631230052915	-23.42448425293
3	56858	3.631506523453	-27.624029159546
3	56874	3.632269171444	-18.055414199829
3	56878	3.632532047891	-28.776195526123
3	56885	3.633226810418	-35.975921630859
3	56889	3.633506208601	-26.518049240112
3	56905	3.634218376691	-17.799154281616
3	56909	3.634497713087	-24.857883453369
3	56916	3.635172409736	-23.321836471558
3	56920	3.635451462266	-29.361948013306
3	56936	3.63615399651	-15.5971326828
3	56940	3.636489866879	-23.364934921265
3	56947	3.637131386176	-18.884939193726
3	56951	3.637527390224	-21.289730072021
3	56964	3.638125971802	-21.507076263428
3	56971	3.638549449933	-31.207365036011
3	56978	3.639114475394	-30.439636230469
3	56982	3.639531525105	-30.967426300049
3	56998	3.640079994106	-36.189785003662
3	57008	3.640517890934	-26.135795593262
3	57012	3.641128307404	-25.928153991699
3	57019	3.641553947786	-25.266906738281
3	57029	3.642161546337	-27.809148788452
3	57039	3.64253448944	-24.873149871826
3	57043	3.643180325458	-30.001689910889
3	57047	3.643515692755	-28.307321548462
3	57063	3.644199082388	-20.208042144775
3	57070	3.644542388068	-21.517383575439
3	57074	3.645160465561	-31.419998168945
3	57078	3.645502766817	-32.527854919434
3	57091	3.646173938907	-28.0905418396
3	57098	3.646458070813	-12.577746391296
3	57105	3.647209535014	-22.55069732666
3	57112	3.64748778788	-24.796745300293
3	57122	3.648199965205	-24.591747283936
3	57132	3.648475415115	-12.099992752075
3	57136	3.649213257443	-27.023559570312
3	57140	3.649478921892	-30.577793121338
3	57153	3.650246777698	-21.942321777344
3	57160	3.650511177857	-25.01983833313
3	57167	3.651219544804	-21.298433303833
3	57171	3.651507120083	-15.70480632782
3	57184	3.652261050758	-31.550905227661
3	57194	3.652553251409	-25.845514297485
3	57198	3.653224192393	-31.499668121338
3	57205	3.653576226346	-31.889760971069
3	57215	3.654181819184	-18.372648239136
3	57225	3.654621144481	-24.659961700439
3	57229	3.655132929185	-27.23482131958
3	57239	3.655584741031	-32.590690612793
3	57246	3.656165247409	-19.847980499268
3	57253	3.656617452837	-34.151653289795
3	57260	3.657187001218	-33.045707702637
3	57267	3.657596513946	-37.304004669189
3	57277	3.658200792847	-17.951009750366
3	57284	3.658562408781	-29.826635360718
3	57291	3.659238207449	-26.10692024231
3	57301	3.659600641189	-27.924200057983
3	57311	3.660197933929	-26.062076568604
3	57318	3.660586001233	-35.112159729004
3	57325	3.661195202219	-33.167053222656
3	57335	3.661611190727	-25.492303848267
3	57342	3.662217359336	-24.588306427002
3	57349	3.662608913671	-28.73610496521
3	57356	3.663261056784	-32.505756378174
3	57366	3.663575489524	-18.158367156982
3	57373	3.664233739041	-20.613529205322
3	57380	3.664538307846	-37.855686187744
3	57387	3.665188400895	-30.046503067017
3	57397	3.665515588804	-16.441595077515
3	57404	3.666228042821	-28.283489227295
3	57411	3.666522338588	-20.273054122925
3	57418	3.667196485444	-14.258702278137
3	57425	3.667480610572	-17.993806838989
3	57435	3.668211304532	-21.451210021973
3	57442	3.66843553726	-14.76876449585
3	57446	3.6691900814	-26.169500350952
3	57453	3.669413230496	-36.249973297119
3	57466	3.670205983891	-25.293668746948
3	57470	3.670394188212	-31.172348022461
3	57477	3.671225390178	-30.017837524414
3	57484	3.671377489975	-28.215923309326
3	57497	3.672238731512	-17.689918518066
3	57501	3.672424992687	-30.736385345459
3	57511	3.673248405859	-37.693161010742
3	57515	3.673386325015	-21.237529754639
3	57528	3.674222157588	-31.897834777832
3	57532	3.674365334275	-32.176090240479
3	57542	3.675207026527	-25.403026580811
3	57546	3.675332102543	-33.351440429688
3	57559	3.676186800455	-27.761259078979
3	57563	3.676361151481	-22.226589202881
3	57573	3.677167045765	-22.653078079224
3	57577	3.67731141792	-23.555963516235
3	57590	3.678138276994	-21.623056411743
3	57594	3.678304806386	-28.799249649048
3	57601	3.679135693212	-35.870330810547
3	57608	3.679301858893	-22.309535980225
3	57624	3.68009122659	-19.290565490723
3	57628	3.68025639041	-24.70956993103
3	57635	3.681116272489	-29.297863006592
3	57645	3.681306006506	-14.805409431458
3	57655	3.682106314504	-27.268159866333
3	57659	3.682313280565	-17.803754806519
3	57666	3.683066208864	-30.257089614868
3	57673	3.68329320068	-25.826723098755
3	57686	3.684054283619	-16.041261672974
3	57690	3.684275611061	-18.955270767212
3	57697	3.685078016739	-29.956352233887
3	57704	3.685265016821	-20.481618881226
3	57717	3.686060625082	-28.033159255981
3	57724	3.686244039423	-28.010807037354
3	57734	3.687110585163	-25.177753448486
3	57741	3.687283396272	-24.122257232666
3	57748	3.688133920623	-26.681034088135
3	57752	3.688325364336	-35.423847198486
3	57762	3.689156041738	-28.053728103638
3	57772	3.689362846883	-27.00577545166
3	57782	3.690198797999	-32.1330909729
3	57786	3.690409810435	-17.392768859863
3	57793	3.691165141256	-19.630029678345
3	57803	3.691373880169	-18.268745422363
3	57813	3.692134206317	-25.168916702271
3	57817	3.692342151156	-18.05846786499
3	57821	3.693126047253	-28.435272216797
3	57831	3.693339001987	-28.050231933594
3	57841	3.694089259707	-28.185907363892
3	57848	3.694315233883	-33.608711242676
3	57852	3.695110439418	-25.345607757568
3	57859	3.695288842382	-24.013904571533
3	57872	3.696143839305	-33.636081695557
3	57879	3.696244370011	-25.549905776978
3	57883	3.697167611588	-26.173004150391
3	57887	3.69723025365	-29.591173171997
3	57903	3.698128876657	-25.816703796387
3	57907	3.698186569062	-27.762454986572
3	57914	3.699129215031	-29.944814682007
3	57918	3.699208131558	-19.235813140869
3	57937	3.700165629525	-28.193067550659
3	57941	3.700172429068	-25.771188735962
3	57948	3.701148781047	-23.740697860718
3	57952	3.701184681466	-33.038639068604
3	57968	3.702141997667	-32.684406280518
3	57972	3.702150216176	-21.682403564453
3	57979	3.703141530072	-30.474946975708
3	57983	3.703179050408	-13.108266830444
3	57999	3.704163038156	-35.944187164307
3	58003	3.704187369335	-27.19261932373
3	58010	3.705163526318	-18.872184753418
3	58014	3.705190455612	-26.672241210938
3	58033	3.706193303387	-20.067235946655
3	58037	3.706200647176	-23.707406997681
3	58041	3.707168625519	-27.541952133179
3	58045	3.707247369661	-36.472537994385
3	58061	3.708186511849	-27.213768005371
3	58068	3.708234187612	-26.964490890503
3	58072	3.709190918851	-30.953580856323
3	58076	3.70927607569	-29.433294296265
3	58092	3.710214402817	-16.828022003174
3	58096	3.710278553693	-26.43376159668
3	58103	3.711210421309	-22.742065429688
3	58107	3.711253282631	-26.188079833984
3	58123	3.712196125541	-43.282314300537
3	58127	3.712246785255	-22.186557769775
3	58134	3.713203245736	-25.705242156982
3	58138	3.713260918592	-28.532203674316
3	58154	3.714202772727	-18.99291229248
3	58158	3.714232004362	-17.902627944946
3	58165	3.71518610314	-26.557710647583
3	58169	3.715193670818	-24.273111343384
3	58185	3.716171948854	-33.043560028076
3	58189	3.716190226578	-28.899993896484
3	58196	3.717122448059	-32.521633148193
3	58200	3.717144862752	-25.027235031128
3	58216	3.718103286565	-23.434112548828
3	58220	3.718133752453	-24.897499084473
3	58227	3.719078365464	-23.647693634033
3	58231	3.719145137983	-30.643775939941
3	58250	3.720096837997	-28.543195724487
3	58254	3.720182416665	-26.74690246582
3	58261	3.721096932937	-21.228342056274
3	58268	3.721188499117	-26.426630020142
3	58281	3.722068733763	-13.337332725525
3	58285	3.722188994866	-23.337282180786
3	58295	3.723105643978	-26.823179244995
3	58302	3.723175310284	-32.917663574219
3	58312	3.724083102405	-17.848373413086
3	58316	3.724223193413	-20.647651672363
3	58326	3.725048292655	-22.822484970093
3	58330	3.72517802315	-26.844079971313
3	58343	3.726094364001	-27.066627502441
3	58350	3.726211271699	-18.226140975952
3	58357	3.727062298742	-19.275959014893
3	58361	3.727234495861	-37.06079864502
3	58374	3.728013486243	-29.577241897583
3	58381	3.728241489611	-31.478483200073
3	58388	3.72905039887	-26.766120910645
3	58395	3.729237891681	-18.477701187134
3	58408	3.730073996799	-20.332620620728
3	58412	3.73027010926	-28.210231781006
3	58419	3.73105058797	-23.229028701782
3	58426	3.731221561972	-22.496282577515
3	58436	3.732037450785	-17.98360824585
3	58443	3.732200342741	-16.231805801392
3	58447	3.733002004735	-22.514478683472
3	58457	3.733198383722	-21.481658935547
3	58467	3.733991922158	-22.278364181519
3	58474	3.734219219935	-28.418579101562
3	58481	3.735025243184	-25.01215171814
3	58485	3.735243577828	-19.986633300781
3	58498	3.736047663564	-14.269784927368
3	58505	3.736279090429	-20.967935562134
3	58509	3.73703844129	-25.211723327637
3	58516	3.737285494476	-28.295175552368
3	58529	3.738040036245	-34.239868164062
3	58536	3.738258015669	-21.686504364014
3	58540	3.739053123471	-29.117706298828
3	58544	3.739223048295	-24.722747802734
3	58563	3.740072249261	-15.614239692688
3	58570	3.740214554288	-29.094440460205
3	58574	3.741115441911	-31.976585388184
3	58581	3.741244922559	-20.84140586853
3	58597	3.74209902251	-28.768825531006
3	58601	3.742271106346	-18.6330909729
3	58605	3.743074049708	-23.500974655151
3	58609	3.74328545422	-31.195249557495
3	58628	3.7440516504	-33.387760162354
3	58632	3.744293520121	-29.798463821411
3	58636	3.745041665688	-29.746259689331
3	58646	3.745332592024	-25.183927536011
3	58659	3.746006696173	-19.740213394165
3	58663	3.746327046047	-20.988012313843
3	58667	3.747011032209	-30.971256256104
3	58674	3.747350979877	-17.644245147705
3	58687	3.747980188344	-22.116413116455
3	58694	3.748325045321	-16.696527481079
3	58698	3.748939393592	-24.402143478394
3	58708	3.749305731616	-20.962026596069
3	58718	3.74992369218	-20.617404937744
3	58727	3.750325052466	-23.071054458618
3	58731	3.750896592765	-18.796237945557
3	58744	3.751363898937	-22.04621887207
3	58751	3.75186280391	-28.121732711792
3	58758	3.752363310749	-23.064617156982
3	58762	3.752820785791	-22.134935379028
3	58772	3.75332804352	-16.163698196411
3	58782	3.753863632204	-32.205127716064
3	58789	3.754363390822	-28.912731170654
3	58793	3.754894836334	-22.518804550171
3	58800	3.755317287714	-26.296453475952
3	58816	3.755910074884	-23.506010055542
3	58820	3.756318268843	-33.573081970215
3	58824	3.75687419413	-34.685512542725
3	58831	3.757326920482	-23.395181655884
3	58847	3.757905353212	-18.856998443604
3	58851	3.758316756312	-29.069341659546
3	58855	3.758945811824	-24.311006546021
3	58865	3.759353066148	-32.568984985352
3	58881	3.759938290963	-17.644720077515
3	58885	3.760360636697	-29.477172851562
3	58889	3.760899160375	-25.516798019409
3	58902	3.761332744125	-20.82374382019
3	58912	3.761867184918	-25.649877548218
3	58916	3.762363473075	-22.259948730469
3	58920	3.762875714006	-14.205921173096
3	58933	3.763346792054	-9.4055624008179
3	58940	3.763866322682	-19.09422492981
3	58947	3.764381494988	-21.714859008789
3	58954	3.76486067317	-9.4241466522217
3	58964	3.765429853477	-15.731098175049
3	58971	3.765845098092	-29.839365005493
3	58978	3.766456175008	-35.739295959473
3	58982	3.766809999837	-24.286878585815
3	58995	3.767503703322	-24.916452407837
3	59005	3.767842469147	-22.682977676392
3	59009	3.768476888776	-20.341247558594
3	59013	3.768801421136	-22.822950363159
3	59026	3.769457256555	-34.183952331543
3	59030	3.76976541138	-11.957105636597
3	59040	3.770420253022	-26.440561294556
3	59044	3.770725893497	-29.665090560913
3	59057	3.771386473991	-15.770450592041
3	59061	3.771699779294	-20.823087692261
3	59071	3.772384884551	-33.673706054688
3	59075	3.772659764636	-29.355113983154
3	59088	3.773356315407	-29.284744262695
3	59095	3.773624575629	-20.630950927734
3	59102	3.774389788844	-21.422929763794
3	59106	3.774582129412	-23.847806930542
3	59119	3.775413199603	-17.688756942749
3	59126	3.775616201653	-21.551164627075
3	59133	3.776456341734	-26.314373016357
3	59137	3.776583440932	-25.817003250122
3	59153	3.777493804596	-21.726978302002
3	59157	3.777552558508	-17.118309020996
3	59164	3.778463217189	-27.497179031372
3	59168	3.778519027243	-24.061851501465
3	59181	3.779420526863	-20.64552116394
3	59191	3.779563079645	-29.680154800415
3	59198	3.780394480029	-30.306156158447
3	59205	3.780569799679	-36.857002258301
3	59218	3.781398875834	-28.425611495972
3	59222	3.781604983799	-24.879835128784
3	59229	3.782413790062	-23.368352890015
3	59236	3.782606066404	-22.754287719727
3	59249	3.783458778543	-15.699764251709
3	59253	3.783622836492	-28.711067199707
3	59260	3.784442091724	-26.476476669312
3	59267	3.784619048566	-20.306106567383
3	59280	3.785461271252	-16.763528823853
3	59287	3.785619480338	-27.048923492432
3	59294	3.786427371785	-20.30816078186
3	59298	3.786668313004	-27.100343704224
3	59311	3.78738049306	-18.334815979004
3	59315	3.787634535785	-21.643901824951
3	59322	3.788358229703	-25.100664138794
3	59329	3.788608665258	-26.92670249939
3	59342	3.789313856733	-29.732429504395
3	59346	3.789650187854	-26.036031723022
3	59353	3.790345606611	-20.001003265381
3	59360	3.7906937314	-9.8992795944214
3	59370	3.791395090342	-22.27417755127
3	59377	3.791660691311	-23.518167495728
3	59384	3.792370216172	-23.809457778931
3	59391	3.792633411138	-23.139572143555
3	59401	3.793350804921	-18.810691833496
3	59408	3.79359065974	-23.845794677734
3	59415	3.794394321652	-38.560287475586
3	59422	3.794550210218	-8.2725028991699
3	59432	3.795409436706	-29.902263641357
3	59439	3.795521128059	-25.201414108276
3	59449	3.79639093467	-20.182413101196
3	59453	3.796507978871	-34.470008850098
3	59463	3.797416779042	-28.381408691406
3	59467	3.797530731774	-36.907253265381
3	59480	3.798435888747	-27.374717712402
3	59484	3.79857105959	-22.496490478516
3	59500	3.799431809028	-25.196760177612
3	59504	3.799598930122	-24.833135604858
3	59514	3.800421094678	-23.73656463623
3	59518	3.800587158279	-39.313823699951
3	59531	3.801372443121	-25.748327255249
3	59535	3.80160591605	-26.822484970093
3	59545	3.802359531721	-26.532875061035
3	59549	3.802577847699	-28.701868057251
3	59562	3.803370764794	-28.368885040283
3	59566	3.803594049792	-33.832935333252
3	59576	3.804404443961	-34.595943450928
3	59580	3.804596028831	-33.066669464111
3	59593	3.805421863562	-29.435394287109
3	59597	3.805591853409	-18.168478012085
3	59607	3.806402156668	-31.790307998657
3	59611	3.806639894135	-35.063205718994
3	59624	3.807378822696	-25.337196350098
3	59628	3.807678923863	-13.350275993347
3	59638	3.808332952812	-23.147638320923
3	59645	3.808691651698	-23.510406494141
3	59655	3.809336307377	-30.037818908691
3	59659	3.809698204005	-19.74310874939
3	59669	3.810299131168	-22.231962203979
3	59676	3.810734294238	-27.109729766846
3	59686	3.811255983359	-25.314111709595
3	59690	3.811777851174	-25.654912948608
3	59697	3.812281475641	-22.822988510132
3	59707	3.812780609436	-28.880294799805
3	59714	3.813317907258	-18.681484222412
3	59721	3.81382382557	-12.092637062073
3	59728	3.81428112658	-29.554594039917
3	59738	3.814784533928	-34.208106994629
3	59745	3.815259750507	-22.19976234436
3	59752	3.815776679872	-31.864812850952
3	59759	3.816223794317	-22.622669219971
3	59769	3.816758682105	-30.023351669312
3	59776	3.817219887224	-27.659191131592
3	59783	3.81771261885	-30.514314651489
3	59790	3.818189576635	-32.084369659424
3	59800	3.818726880004	-31.419034957886
3	59807	3.819232783354	-31.111141204834
3	59817	3.819762177964	-11.916831970215
3	59824	3.820236859263	-14.663942337036
3	59837	3.820810259533	-25.717735290527
3	59841	3.82126398651	-26.969886779785
3	59848	3.821838062124	-25.672498703003
3	59855	3.82225693141	-33.6325340271
3	59868	3.822887588001	-16.054027557373
3	59872	3.823269323085	-24.742448806763
3	59876	3.823893534534	-25.768692016602
3	59886	3.824314486595	-30.458526611328
3	59899	3.824870110155	-29.247699737549
3	59903	3.825268363898	-29.724319458008
3	59910	3.825896568568	-33.748950958252
3	59917	3.826291578188	-33.186557769775
3	59930	3.826870626733	-22.377794265747
3	59934	3.827249988484	-24.387563705444
3	59941	3.827825909457	-31.229740142822
3	59948	3.828256364888	-17.775091171265
3	59961	3.828854006146	-15.90708732605
3	59965	3.829211266244	-19.411914825439
3	59972	3.829857652918	-15.595538139343
3	59979	3.830176911063	-19.665531158447
3	59992	3.830863479735	-16.531702041626
3	59996	3.831146612129	-24.430967330933
3	60000	3.831872593606	-32.871810913086
3	60010	3.832176553894	-26.662553787231
3	60023	3.832920448028	-19.350954055786
3	60027	3.833142149116	-27.88045501709
3	60034	3.833953354738	-23.819940567017
3	60038	3.834105587322	-16.778995513916
3	60054	3.834972781404	-11.021836280823
3	60058	3.835079128181	-18.813056945801
3	60065	3.83597591883	-18.62557220459
3	60069	3.836040651432	-21.340839385986
3	60085	3.836942225198	-15.495549201965
3	60089	3.837027260582	-18.724941253662
3	60093	3.837962087761	-26.454730987549
3	60097	3.837979948766	-19.28741645813
3	60116	3.83893301027	-24.844985961914
3	60120	3.838943045656	-21.469987869263
3	60124	3.839897878574	-27.682624816895
3	60128	3.839908197802	-26.950048446655
3	60150	3.840870102108	-27.822130203247
3	60154	3.840891885088	-31.711399078369
3	60158	3.841831001287	-24.145824432373
3	60165	3.841907010703	-18.357675552368
3	60181	3.842842580921	-21.401790618896
3	60185	3.842895928306	-20.217309951782
3	60192	3.843851196721	-31.502866744995
3	60196	3.84387430736	-23.511991500854
3	60212	3.844810105431	-26.128387451172
3	60216	3.84487777039	-30.854879379272
3	60223	3.845771018786	-33.147327423096
3	60227	3.845843826242	-27.650186538696
3	60240	3.846797904782	-18.503910064697
3	60244	3.846862818548	-23.322719573975
3	60254	3.847822505661	-25.864898681641
3	60258	3.84783955222	-22.78014755249
3	60271	3.848868105853	-19.355291366577
3	60275	3.848872711849	-22.037355422974
3	60285	3.849887450994	-28.847597122192
3	60289	3.849901452814	-22.687713623047
3	60302	3.850869385176	-18.258344650269
3	60306	3.850895395957	-25.934364318848
3	60316	3.851842075353	-29.170658111572
3	60320	3.85190958683	-25.348155975342
3	60333	3.85286875438	-4.1251878738403
3	60337	3.852933483905	-31.718469619751
3	60347	3.853862236947	-24.045644760132
3	60351	3.853916143712	-17.114103317261
3	60364	3.854850453821	-24.688653945923
3	60368	3.854920719772	-10.221985816956
3	60375	3.855831414539	-15.882555007935
3	60382	3.855969561238	-21.757917404175
3	60395	3.856821393525	-33.985576629639
3	60399	3.856968317447	-17.61449432373
3	60409	3.85784957047	-22.554851531982
3	60413	3.857936005143	-31.384027481079
3	60426	3.858888453027	-32.582801818848
3	60430	3.858966798393	-35.778430938721
3	60446	3.859888291954	-14.739958763123
3	60450	3.859996054099	-20.539012908936
3	60460	3.860901006173	-22.43182182312
3	60464	3.861010345826	-23.020589828491
3	60474	3.861871874231	-31.868427276611
3	60481	3.861974634413	-26.824735641479
3	60491	3.8629126476	-30.35683631897
3	60495	3.863023614834	-35.936725616455
3	60508	3.863901092662	-27.232110977173
3	60512	3.864063202697	-33.649398803711
3	60522	3.864886108599	-24.272464752197
3	60526	3.865015947395	-18.025846481323
3	60539	3.86591116487	-30.51361656189
3	60546	3.865968856707	-24.615232467651
3	60553	3.866939797653	-27.787996292114
3	60557	3.866954839972	-30.183820724487
3	60567	3.867964408635	-32.327590942383
3	60571	3.867975977215	-21.264902114868
3	60584	3.868955929944	-24.142618179321
3	60588	3.869009916807	-22.840721130371
3	60598	3.869934396739	-32.499671936035
3	60605	3.870049105822	-33.265144348145
3	60615	3.87091582738	-34.076259613037
3	60619	3.871073098129	-19.183225631714
3	60629	3.871946040775	-26.271440505981
3	60633	3.872044841326	-27.890027999878
3	60646	3.872926564594	-26.765344619751
3	60650	3.873059786277	-22.8825340271
3	60660	3.873934227532	-23.123332977295
3	60664	3.874093096794	-11.234585762024
3	60677	3.874978691175	-25.669485092163
3	60681	3.875139930942	-27.627061843872
3	60691	3.876014800128	-25.257261276245
3	60695	3.876100132321	-18.866693496704
3	60708	3.87699372766	-24.468883514404
3	60712	3.877063742678	-30.587968826294
3	60722	3.877997855093	-27.311191558838
3	60726	3.87804061586	-35.30297088623
3	60739	3.879034750511	-29.773691177368
3	60743	3.879070041834	-21.121337890625
3	60756	3.880012839796	-24.15135383606
3	60763	3.880088660565	-15.102993965149
3	60773	3.880986826462	-26.057090759277
3	60777	3.881076747167	-34.745487213135
3	60790	3.882021696678	-23.543893814087
3	60794	3.882069903606	-15.196660995483
3	60804	3.883037886301	-37.613220214844
3	60808	3.883079620758	-18.922325134277
3	60818	3.884043949754	-19.465383529663
3	60822	3.884108162513	-29.552104949951
3	60835	3.885047828719	-25.230762481689
3	60839	3.885097734785	-26.02720451355
3	60849	3.886091525916	-15.359086990356
3	60853	3.886145116794	-25.581842422485
3	60866	3.88712921701	-30.530862808228
3	60870	3.887133059133	-36.193801879883
3	60880	3.888128961407	-32.605949401855
3	60884	3.888147171524	-18.87587928772
3	60897	3.889140949866	-25.788198471069
3	60901	3.889170179506	-24.801729202271
3	60911	3.890146106231	-29.427751541138
3	60915	3.890174472131	-24.511535644531
3	60928	3.891115234367	-16.577974319458
3	60932	3.891133415781	-20.157646179199
3	60945	3.892074873797	-30.077550888062
3	60949	3.892118853094	-26.11403465271
3	60959	3.893101157696	-27.345335006714
3	60963	3.893125673287	-32.225639343262
3	60976	3.894088434116	-25.725774765015
3	60980	3.894123004482	-20.89461517334
3	60990	3.895089136589	-25.027471542358
3	60994	3.895097486535	-25.889923095703
3	61007	3.896104590805	-12.854788780212
3	61011	3.896114469597	-25.910266876221
3	61021	3.89712050576	-29.151338577271
3	61025	3.897121416381	-34.640808105469
3	61038	3.898137337972	-20.87753868103
3	61042	3.898157963195	-24.575582504272
3	61052	3.899116081077	-37.612247467041
3	61056	3.899163161807	-28.435668945312
3	61069	3.900067966769	-21.898258209229
3	61073	3.900116808789	-21.785713195801
3	61086	3.901095108535	-29.713218688965
3	61090	3.901148747726	-32.095371246338
3	61103	3.902136384626	-40.22074508667
3	61107	3.902136588111	-35.323307037354
3	61117	3.903102088549	-27.869213104248
3	61121	3.903141673599	-28.662107467651
3	61131	3.904089910158	-29.863410949707
3	61135	3.904096085392	-25.128992080688
3	61148	3.905061308193	-27.299385070801
3	61152	3.905069573864	-27.324903488159
3	61162	3.906061836639	-33.190490722656
3	61166	3.906102524697	-26.127782821655
3	61179	3.907043945354	-20.447710037231
3	61183	3.907142080499	-20.869693756104
3	61193	3.908015458342	-26.422885894775
3	61197	3.908168730218	-33.291137695312
3	61207	3.909031796142	-31.494155883789
3	61214	3.909127071961	-21.828031539917
3	61224	3.910002202549	-37.20991897583
3	61228	3.910137283681	-10.416491508484
3	61241	3.911038576049	-25.712673187256
3	61248	3.911128593081	-14.933365821838
3	61255	3.912078658059	-32.701793670654
3	61259	3.912172619633	-37.538566589355
3	61272	3.913080206867	-19.664865493774
3	61279	3.913158851856	-20.217266082764
3	61286	3.914123477145	-21.05304145813
3	61290	3.914184413366	-24.777864456177
3	61303	3.915131098768	-24.778705596924
3	61307	3.915213246133	-21.74754524231
3	61317	3.916110201643	-17.502714157104
3	61321	3.916166615367	-21.496318817139
3	61334	3.917132341966	-27.046524047852
3	61338	3.917216038246	-22.644081115723
3	61348	3.918167163365	-34.902206420898
3	61352	3.918171868732	-22.308282852173
3	61362	3.919132349779	-16.869178771973
3	61369	3.919205451541	-27.66690826416
3	61376	3.920138273471	-14.483839988708
3	61380	3.920190168271	-29.831726074219
3	61399	3.921097135481	-20.727262496948
3	61403	3.921191041065	-11.037538528442
3	61410	3.922049195081	-38.658626556396
3	61417	3.922155347247	-34.493255615234
3	61430	3.92309184715	-22.156934738159
3	61434	3.923158990511	-18.443056106567
3	61444	3.924054329945	-26.015613555908
3	61448	3.924197859565	-22.700532913208
3	61461	3.925007529243	-25.64626121521
3	61465	3.925238770103	-34.066371917725
3	61475	3.926049514459	-33.813133239746
3	61482	3.926251771638	-27.407890319824
3	61492	3.927002093905	-23.304416656494
3	61496	3.927289203152	-14.02313709259
3	61506	3.928000067111	-26.557092666626
3	61510	3.928259133374	-21.17137336731
3	61523	3.92902746441	-24.791128158569
3	61527	3.929227306849	-26.670862197876
3	61537	3.930074574438	-27.105182647705
3	61541	3.930200850328	-15.718458175659
3	61554	3.931054307105	-16.374591827393
3	61558	3.931162930106	-32.355461120605
3	61568	3.932081932225	-22.406747817993
3	61575	3.93214011889	-19.405939102173
3	61585	3.933100041014	-24.919870376587
3	61589	3.933115549879	-26.35825920105
3	61599	3.934068950499	-27.402439117432
3	61603	3.934105879026	-24.813343048096
3	61616	3.93501931599	-14.910415649414
3	61620	3.935073703689	-38.361629486084
3	61630	3.935992596002	-16.149314880371
3	61634	3.936092148026	-21.673933029175
3	61647	3.937007121736	-20.965887069702
3	61651	3.937052908088	-29.287189483643
3	61661	3.937967413704	-29.976133346558
3	61665	3.938097087009	-31.405462265015
3	61678	3.938921702907	-23.441453933716
3	61682	3.939069537861	-21.9850730896
3	61695	3.939875627656	-29.359287261963
3	61699	3.940082420541	-29.305812835693
3	61709	3.940892286659	-24.563976287842
3	61716	3.941050055621	-17.101137161255
3	61726	3.941922502687	-24.779939651489
3	61730	3.942035991887	-32.56018447876
3	61740	3.942938903187	-33.886405944824
3	61747	3.943046399332	-38.763465881348
3	61757	3.943971388233	-17.372552871704
3	61761	3.944001981034	-20.364702224731
3	61771	3.944921585558	-33.634063720703
3	61775	3.945017099794	-22.954948425293
3	61788	3.945892203622	-25.275390625
3	61795	3.946045270495	-22.65029335022
3	61802	3.94688244583	-36.558490753174
3	61809	3.94701568414	-24.561080932617
3	61819	3.947889143716	-26.294500350952
3	61823	3.948020006517	-31.706762313843
3	61833	3.948914058581	-24.101852416992
3	61837	3.949042884576	-37.355060577393
3	61850	3.949959092549	-22.525197982788
3	61854	3.950039180895	-16.927436828613
3	61864	3.950925193492	-19.067096710205
3	61868	3.951031984583	-20.132333755493
3	61881	3.951940831676	-16.851839065552
3	61885	3.952012896414	-24.408327102661
3	61895	3.952926838069	-28.781408309937
3	61899	3.953030171244	-35.915946960449
3	61912	3.953943080688	-24.03787612915
3	61916	3.954049878205	-26.896221160889
3	61926	3.954958818606	-27.391054153442
3	61930	3.955045366987	-27.553991317749
3	61943	3.955968365806	-32.860591888428
3	61947	3.956056002462	-26.307094573975
3	61957	3.956973180006	-28.36826133728
3	61961	3.957021927899	-38.166259765625
3	61974	3.95799671685	-15.325080871582
3	61978	3.958052149502	-28.333969116211
3	61988	3.958985640504	-19.873979568481
3	61992	3.959014856852	-27.522611618042
3	62008	3.959980302518	-35.273155212402
3	62015	3.959992533242	-27.322729110718
3	62022	3.960968222385	-20.393306732178
3	62026	3.960972234626	-18.622674942017
3	62042	3.961938484692	-25.43123626709
3	62046	3.9620129009	-26.427118301392
3	62053	3.962904590264	-23.037437438965
3	62057	3.962977298054	-26.896873474121
3	62073	3.963900756912	-20.776124954224
3	62080	3.963991216466	-30.266609191895
3	62084	3.964920676075	-21.105474472046
3	62088	3.964977235698	-25.098028182983
3	62107	3.965885373703	-39.488185882568
3	62111	3.965932182567	-21.13018989563
3	62115	3.966864545487	-25.811710357666
3	62119	3.966884373009	-20.6455078125
3	62138	3.96781865786	-24.33111000061
3	62142	3.96785840086	-19.111772537231
3	62146	3.968774160031	-21.509389877319
3	62150	3.968823012813	-26.475038528442
3	62166	3.969737180795	-30.212467193604
3	62170	3.969817697366	-31.69610786438
3	62177	3.970782643752	-26.602792739868
3	62181	3.970793519168	-25.608764648438
3	62200	3.971805500675	-23.946786880493
3	62204	3.971827173634	-23.504337310791
3	62208	3.972789163244	-28.672651290894
3	62212	3.972791222452	-33.788787841797
3	62225	3.973755217945	-25.846160888672
3	62229	3.973760013146	-23.696744918823
3	62239	3.974710248826	-15.655666351318
3	62243	3.974767039127	-18.749027252197
3	62253	3.97569367543	-19.287948608398
3	62257	3.975766070804	-20.718246459961
3	62270	3.976691687557	-31.673124313354
3	62274	3.976745349436	-22.656614303589
3	62284	3.977672410684	-19.874973297119
3	62291	3.97776820598	-25.048477172852
3	62301	3.978712373985	-26.848058700562
3	62305	3.978802645871	-15.670735359192
3	62321	3.979720381111	-21.249879837036
3	62331	3.979802852705	-31.313314437866
3	62335	3.98073752882	-20.071784973145
3	62339	3.980809743331	-32.047477722168
3	62352	3.981706298754	-22.459648132324
3	62359	3.9818497928	-31.301862716675
3	62366	3.982720501305	-27.524604797363
3	62370	3.982897320453	-23.284349441528
3	62383	3.983736373907	-16.625503540039
3	62387	3.983851919925	-20.896339416504
3	62397	3.984777115535	-28.671182632446
3	62401	3.984857713533	-19.101345062256
3	62414	3.985736598451	-35.922706604004
3	62421	3.985825767353	-25.267269134521
3	62428	3.986750529345	-25.323844909668
3	62432	3.98683892211	-24.900350570679
3	62448	3.987789612254	-30.118312835693
3	62452	3.987791957269	-21.529695510864
3	62459	3.988752682494	-19.979446411133
3	62463	3.98878417331	-28.42787361145
3	62476	3.989782903371	-12.003492355347
3	62480	3.989785859109	-20.374580383301
3	62490	3.990743100368	-33.409442901611
3	62494	3.990799628661	-21.535604476929
3	62507	3.991715191749	-27.631296157837
3	62514	3.991765441615	-26.957008361816
3	62521	3.992693658056	-32.236461639404
3	62525	3.992738322767	-21.990226745605
3	62535	3.993651386131	-31.619817733765
3	62539	3.99371854727	-31.75684928894
3	62552	3.994653715831	-30.861936569214
3	62556	3.994767851109	-34.729400634766
3	62566	3.995628007296	-22.994104385376
3	62573	3.995745987875	-16.107484817505
3	62580	3.996620406279	-24.549564361572
3	62587	3.996762043241	-31.861186981201
3	62597	3.997619539312	-26.886289596558
3	62604	3.997748749389	-23.492214202881
3	62611	3.998655084938	-31.142412185669
3	62615	3.998770030717	-24.278667449951
3	62625	3.999687993497	-11.538606643677
3	62632	3.999732205779	-23.614942550659
3	62647	4.000655495878	-24.296182632446
3	62651	4.000754553511	-25.220666885376
3	62664	4.001651799031	-26.239093780518
3	62668	4.001748571574	-31.132135391235
3	62678	4.002655723801	-18.096897125244
3	62682	4.002703018793	-29.790344238281
3	62692	4.003626751887	-30.049852371216
3	62702	4.003751781677	-29.101076126099
3	62709	4.00462785181	-18.787525177002
3	62716	4.004747241639	-25.411455154419
3	62723	4.005601329617	-23.290809631348
3	62733	4.005772215245	-16.087955474854
3	62740	4.006585303135	-22.554695129395
3	62747	4.006811113862	-19.747625350952
3	62757	4.007581396412	-18.430477142334
3	62764	4.007822373896	-25.249473571777
3	62771	4.008611976851	-32.244651794434
3	62778	4.008861914289	-21.958831787109
3	62788	4.009588134424	-29.909852981567
3	62795	4.009858578547	-16.878398895264
3	62802	4.010627832913	-19.604555130005
3	62812	4.010858354396	-21.184310913086
3	62822	4.011647853282	-16.142694473267
3	62826	4.011885729162	-16.829988479614
3	62833	4.01260644272	-15.06902885437
3	62840	4.01287109515	-21.210172653198
3	62850	4.013589866167	-22.17325592041
3	62857	4.01385777871	-30.05256652832
3	62864	4.014625394584	-14.183689117432
3	62874	4.014842910663	-24.115543365479
3	62881	4.015665915834	-21.677433013916
3	62885	4.015833715325	-31.481212615967
3	62895	4.016708532152	-24.758571624756
3	62902	4.016811865146	-24.465795516968
3	62915	4.017754427022	-30.276332855225
3	62919	4.01783514377	-16.592170715332
3	62929	4.018730164466	-24.035537719727
3	62933	4.018827366039	-24.681797027588
3	62949	4.019725069921	-20.59623336792
3	62953	4.019799522314	-25.489381790161
3	62960	4.02071864967	-24.707845687866
3	62964	4.02076369299	-28.222229003906
3	62980	4.021739342337	-13.695178031921
3	62984	4.021758838148	-31.959350585938
3	62991	4.022755908969	-23.854410171509
3	62995	4.022776294142	-22.626266479492
3	63011	4.02372902921	-25.810670852661
3	63015	4.023791587344	-23.989553451538
3	63022	4.024688567308	-27.145833969116
3	63026	4.024792898239	-17.599040985107
3	63042	4.025688508833	-20.763326644897
3	63046	4.025795789792	-17.290418624878
3	63053	4.026681960412	-18.483182907104
3	63057	4.026809958745	-21.971685409546
3	63073	4.027677969219	-20.013896942139
3	63077	4.027854878589	-26.171600341797
3	63084	4.028701530539	-27.068138122559
3	63088	4.028835089757	-31.076650619507
3	63104	4.029734879555	-28.895580291748
3	63108	4.029848531009	-21.572174072266
3	63115	4.030783880259	-38.090198516846
3	63122	4.030877656802	-28.279363632202
3	63135	4.031780536005	-9.619610786438
3	63139	4.031862880111	-21.139436721802
3	63146	4.032781059664	-21.542726516724
3	63153	4.03289414205	-27.842754364014
3	63166	4.033796359507	-17.900648117065
3	63170	4.03387797922	-19.513813018799
3	63177	4.034809315698	-27.49437713623
3	63184	4.034876146975	-23.785566329956
3	63197	4.035804630552	-26.24275970459
3	63201	4.035838303312	-25.358064651489
3	63211	4.036788949871	-21.703081130981
3	63215	4.036798219522	-23.616708755493
3	63228	4.037793576075	-19.35866355896
3	63232	4.037844655068	-12.45263671875
3	63239	4.03880626518	-20.205127716064
3	63243	4.038847690134	-34.610782623291
3	63262	4.039805269971	-19.306858062744
3	63266	4.039867075327	-14.591612815857
3	63273	4.040840728635	-20.375200271606
3	63277	4.040844776636	-25.353488922119
3	63293	4.041880824798	-33.974544525146
3	63297	4.041885645746	-29.132898330688
3	63307	4.042871604829	-26.712291717529
3	63314	4.042915649808	-26.941093444824
3	63324	4.043852006118	-29.167213439941
3	63328	4.043932147176	-31.310182571411
3	63338	4.044871927895	-27.823127746582
3	63342	4.044882485386	-14.853230476379
3	63355	4.045834325164	-29.896097183228
3	63359	4.045858298405	-23.595087051392
3	63366	4.046785280411	-21.134954452515
3	63373	4.046835913297	-31.217864990234
3	63386	4.047762307174	-26.315050125122
3	63390	4.04787251587	-30.102693557739
3	63400	4.048804719342	-24.508962631226
3	63404	4.048849329314	-21.851566314697
3	63417	4.049825276796	-21.121685028076
3	63421	4.049840578303	-9.0241432189941
3	63434	4.050801191171	-34.210056304932
3	63438	4.050864748948	-28.557796478271
3	63448	4.051839945214	-28.120992660522
3	63452	4.0518764542	-26.98828125
3	63465	4.052815569049	-26.701906204224
3	63469	4.052910443319	-20.516487121582
3	63479	4.053839119637	-12.408981323242
3	63483	4.053896114698	-28.080795288086
3	63496	4.054882621416	-27.90062713623
3	63500	4.054892129104	-21.932527542114
3	63510	4.055852995688	-28.660081863403
3	63514	4.055876006178	-18.693376541138
3	63524	4.056839492827	-26.80682182312
3	63528	4.056917325655	-29.617244720459
3	63541	4.057871837738	-12.879667282104
3	63545	4.057876547695	-27.066526412964
3	63555	4.058860038462	-16.109222412109
3	63559	4.058916671209	-26.927341461182
3	63575	4.059884351549	-13.9090051651
3	63579	4.05988936451	-26.363616943359
3	63586	4.060852315076	-28.572563171387
3	63590	4.0608667767	-26.163459777832
3	63606	4.061814208187	-15.264059066772
3	63610	4.06182514479	-30.472593307495
3	63617	4.062766304571	-26.437530517578
3	63621	4.062852087956	-31.190631866455
3	63631	4.063808004051	-25.467189788818
3	63641	4.06389986784	-26.029012680054
3	63648	4.064795995737	-31.067432403564
3	63655	4.064874336429	-16.357501983643
3	63665	4.065760254902	-25.054754257202
3	63672	4.06586396013	-16.714590072632
3	63679	4.066758579491	-20.612133026123
3	63686	4.066852327392	-24.45845413208
3	63696	4.067750346194	-18.74600982666
3	63703	4.067802914268	-25.380582809448
3	63710	4.06875524518	-22.395257949829
3	63714	4.068774875094	-19.241403579712
3	63724	4.069756100823	-25.636339187622
3	63728	4.069801072387	-25.810447692871
3	63744	4.070729443412	-16.605260848999
3	63748	4.070806961393	-33.625205993652
3	63758	4.07173161958	-21.115354537964
3	63762	4.071793228558	-22.534908294678
3	63775	4.072696430335	-28.434392929077
3	63779	4.07283136612	-20.447248458862
3	63789	4.073709662204	-18.694757461548
3	63793	4.073852005125	-19.109498977661
3	63806	4.074727087511	-22.858329772949
3	63810	4.07488344422	-21.437530517578
3	63820	4.075727350733	-16.594692230225
3	63827	4.075905748076	-28.92604637146
3	63837	4.076740967361	-37.251735687256
3	63841	4.076928649809	-25.197193145752
3	63851	4.077697882342	-14.965751647949
3	63858	4.077964877729	-22.600427627563
3	63865	4.078729810475	-11.551679611206
3	63872	4.078986341742	-34.29328918457
3	63882	4.079739577802	-8.361873626709
3	63892	4.080017843431	-31.723514556885
3	63899	4.080725160218	-25.530511856079
3	63909	4.081033715511	-20.339836120605
3	63916	4.081762192232	-20.14086151123
3	63920	4.082017702759	-10.587322235107
3	63933	4.082801166868	-16.950088500977
3	63940	4.082986403227	-22.363906860352
3	63947	4.083764811406	-17.907867431641
3	63954	4.083969883058	-24.079633712769
3	63961	4.084787731566	-30.400259017944
3	63968	4.084977733792	-22.529792785645
3	63978	4.085788810191	-12.991961479187
3	63982	4.085971047894	-16.422178268433
3	63992	4.086816040749	-16.306760787964
3	63999	4.087006446301	-29.715215682983
3	64009	4.087839465575	-15.645803451538
3	64013	4.087960557568	-19.980154037476
3	64026	4.088850620309	-25.996236801147
3	64030	4.088994672379	-29.24135017395
3	64043	4.089883942448	-26.921876907349
3	64047	4.090005076577	-26.121475219727
3	64054	4.09092615991	-32.537418365479
3	64061	4.0909696105	-21.650573730469
3	64071	4.091949129051	-12.173694610596
3	64075	4.091958055956	-19.367528915405
3	64088	4.092987831173	-27.683891296387
3	64092	4.09299144231	-24.08829498291
3	64105	4.093945739882	-10.347861289978
3	64109	4.094005165941	-21.585590362549
3	64116	4.094917247119	-21.505664825439
3	64120	4.094989213402	-17.707227706909
3	64133	4.095921756037	-29.254228591919
3	64140	4.096033632423	-23.873689651489
3	64150	4.096896410062	-29.012989044189
3	64154	4.097005967569	-18.449405670166
3	64167	4.0979434334	-25.908344268799
3	64174	4.098024101391	-17.359077453613
3	64181	4.098945006101	-25.751554489136
3	64185	4.099000641065	-31.949337005615
3	64204	4.099925654564	-24.597686767578
3	64208	4.100005678311	-25.903059005737
3	64215	4.100911494773	-24.686220169067
3	64219	4.100986513765	-28.18369102478
3	64232	4.101884438166	-16.863430023193
3	64236	4.101970542442	-11.848423957825
3	64246	4.102844569918	-26.62636756897
3	64250	4.102996131941	-27.844339370728
3	64260	4.103884773433	-23.070249557495
3	64267	4.103956903856	-19.676858901978
3	64277	4.104862507459	-29.936653137207
3	64281	4.104950937672	-26.062379837036
3	64294	4.105857409154	-20.450448989868
3	64298	4.105954169482	-27.761896133423
3	64308	4.106845245959	-34.467960357666
3	64312	4.106993959073	-26.739412307739
3	64322	4.107849818622	-34.232662200928
3	64329	4.107977313409	-29.125017166138
3	64339	4.108898015721	-34.808452606201
3	64343	4.108941676573	-13.440111160278
3	64353	4.109856367055	-19.18328666687
3	64357	4.109931570965	-6.5454483032227
3	64370	4.110886142557	-21.670372009277
3	64374	4.110966778441	-27.534246444702
3	64387	4.1119020729	-28.661346435547
3	64391	4.111980671334	-30.248241424561
3	64401	4.112894249396	-22.002241134644
3	64405	4.112971707676	-32.05753326416
3	64415	4.113923723574	-25.922264099121
3	64419	4.113936515768	-31.72388458252
3	64432	4.114919465033	-28.892854690552
3	64436	4.114953748444	-31.412662506104
3	64446	4.115911882101	-29.478107452393
3	64450	4.115956720044	-26.100673675537
3	64460	4.116930258477	-31.245449066162
3	64464	4.116937175961	-28.772270202637
3	64477	4.117888009051	-20.184148788452
3	64481	4.117964248722	-31.690746307373
3	64491	4.118928959397	-36.985313415527
3	64495	4.118985105829	-22.288316726685
3	64508	4.119898161432	-26.141487121582
3	64512	4.120029532451	-22.979347229004
3	64525	4.120925778987	-38.458511352539
3	64532	4.121059067325	-25.095684051514
3	64542	4.121961482619	-31.510116577148
3	64546	4.122078748108	-19.643709182739
3	64556	4.122921036444	-24.354604721069
3	64560	4.123126904544	-19.028367996216
3	64573	4.12387986976	-31.964948654175
3	64577	4.124085496746	-30.466262817383
3	64587	4.124854093955	-31.179668426514
3	64591	4.125079608289	-35.076599121094
3	64604	4.125825688172	-25.17951965332
3	64608	4.126095030783	-21.19651222229
3	64618	4.126869096072	-28.353843688965
3	64625	4.127131306022	-33.631446838379
3	64635	4.127859868155	-20.052082061768
3	64639	4.128150071328	-30.456485748291
3	64649	4.128866364218	-32.126007080078
3	64656	4.129190217245	-28.888345718384
3	64666	4.129818452308	-32.584716796875
3	64670	4.130206285013	-17.145196914673
3	64680	4.130795104856	-30.79767036438
3	64687	4.131185993649	-18.394744873047
3	64697	4.131754880817	-33.195877075195
3	64701	4.13214986366	-26.711469650269
3	64708	4.132802723733	-38.585819244385
3	64715	4.133107158602	-23.065877914429
3	64728	4.133795450084	-32.63879776001
3	64732	4.134097471271	-23.053838729858
3	64742	4.134747314211	-30.449314117432
3	64746	4.135140582105	-22.080736160278
3	64756	4.135718114545	-29.596273422241
3	64763	4.136106485299	-20.806629180908
3	64770	4.136742290466	-32.090663909912
3	64777	4.137103141353	-31.200389862061
3	64790	4.137774932059	-20.66996383667
3	64794	4.138132452084	-30.171720504761
3	64801	4.138759735227	-21.581747055054
3	64808	4.139135320717	-23.850574493408
3	64818	4.139784908472	-21.725135803223
3	64825	4.140103755942	-14.577496528625
3	64838	4.140809296421	-30.419300079346
3	64842	4.141072298541	-25.573726654053
3	64852	4.141836640967	-30.180339813232
3	64859	4.142087285478	-30.222932815552
3	64869	4.142822889959	-22.748300552368
3	64873	4.143113393262	-34.280075073242
3	64883	4.143817334844	-32.514698028564
3	64890	4.14415952797	-32.536964416504
3	64900	4.144841902145	-18.61182975769
3	64904	4.145161470452	-26.593332290649
3	64914	4.145801077035	-24.08738899231
3	64921	4.146149134102	-32.542072296143
3	64928	4.146754984432	-16.079627990723
3	64935	4.147179289987	-39.088249206543
3	64945	4.1477709282	-12.922095298767
3	64952	4.148187489951	-24.74273109436
3	64962	4.148785632761	-18.778587341309
3	64966	4.149195962756	-19.363834381104
3	64976	4.14979771611	-31.117849349976
3	64983	4.150152110259	-38.931980133057
3	64990	4.150775161057	-38.448120117188
3	64997	4.15119562598	-27.20032119751
3	65004	4.151737064725	-18.744720458984
3	65014	4.152198784613	-16.920495986938
3	65018	4.152736091166	-30.299509048462
3	65031	4.153230724264	-30.738862991333
3	65035	4.153757108319	-33.496711730957
3	65045	4.154216510777	-27.708427429199
3	65052	4.154791066657	-22.890390396118
3	65062	4.155259997228	-28.529895782471
3	65069	4.155761773173	-28.118846893311
3	65073	4.156210968392	-28.152395248413
3	65083	4.156766789279	-26.835332870483
3	65093	4.157199545605	-24.646354675293
3	65097	4.157737282462	-38.76203918457
3	65104	4.158160331391	-21.238170623779
3	65114	4.158768381465	-27.152624130249
3	65124	4.159205790733	-32.891117095947
3	65128	4.159749857721	-25.440137863159
3	65135	4.160195801672	-29.975328445435
3	65151	4.160715672325	-29.27472114563
3	65158	4.161228159293	-19.150714874268
3	65162	4.16173068774	-16.90899848938
3	65172	4.162264208749	-31.360290527344
3	65182	4.162746679261	-20.024377822876
3	65189	4.16328128155	-22.579105377197
3	65193	4.163784177803	-15.533946990967
3	65203	4.16423675572	-17.950567245483
3	65213	4.164818383687	-21.194746017456
3	65220	4.165245826714	-34.827011108398
3	65224	4.165773325261	-26.022829055786
3	65231	4.166230413259	-21.406053543091
3	65244	4.166821782302	-31.099184036255
3	65251	4.167191129063	-26.958690643311
3	65258	4.167809920994	-22.754152297974
3	65265	4.16814257537	-21.088159561157
3	65275	4.168798678722	-18.92427444458
3	65282	4.169111459707	-23.193021774292
3	65289	4.16981119229	-24.595325469971
3	65296	4.170125175705	-19.700475692749
3	65306	4.170854215045	-26.973958969116
3	65310	4.171131906373	-24.180904388428
3	65320	4.171834499526	-22.48247718811
3	65327	4.172121502916	-29.921892166138
3	65337	4.172794755865	-30.703304290771
3	65341	4.173093134719	-19.263954162598
3	65348	4.173814853795	-24.883995056152
3	65355	4.174108608009	-31.530809402466
3	65368	4.174786568777	-24.258325576782
3	65372	4.175077357935	-34.098510742188
3	65379	4.175752087703	-33.788265228271
3	65386	4.176105352217	-20.936782836914
3	65399	4.176792429637	-24.171751022339
3	65403	4.177110682492	-21.30947303772
3	65413	4.177830408735	-18.489028930664
3	65420	4.178094696011	-28.293844223022
3	65430	4.17881963633	-39.085910797119
3	65437	4.179139230528	-26.993333816528
3	65447	4.179861112939	-27.510885238647
3	65451	4.180117005482	-31.308641433716
3	65464	4.180851719825	-20.468687057495
3	65471	4.181135022695	-25.173240661621
3	65478	4.181874298485	-31.16180229187
3	65485	4.18214488892	-27.669603347778
3	65495	4.182924262554	-33.546363830566
3	65499	4.183162159392	-27.011989593506
3	65509	4.183930518781	-28.264268875122
3	65516	4.184139855283	-28.15634727478
3	65526	4.184944285072	-30.938938140869
3	65533	4.185160670382	-31.746728897095
3	65540	4.185897906824	-29.250604629517
3	65547	4.186133020024	-30.92805480957
3	65557	4.186899337685	-17.848680496216
3	65561	4.187104826047	-15.658762931824
3	65571	4.187874229398	-27.179246902466
3	65578	4.188125606261	-30.198204040527
3	65588	4.188916597958	-27.145460128784
3	65592	4.189083906752	-25.80841255188
3	65602	4.189907747282	-29.07205581665
3	65609	4.190080218762	-34.264804840088
3	65619	4.190890245001	-24.57558631897
3	65623	4.191059005383	-16.044208526611
3	65633	4.191851549012	-32.292755126953
3	65640	4.192102756892	-23.197996139526
3	65650	4.192862819356	-4.1464529037476
3	65660	4.193145446291	-28.243436813354
3	65664	4.193907756953	-35.57698059082
3	65674	4.194172535118	-25.434375762939
3	65684	4.194949253107	-18.522941589355
3	65688	4.195185304979	-29.911153793335
3	65698	4.195911500948	-30.328630447388
3	65705	4.196228177123	-23.207361221313
3	65712	4.196958900189	-32.594047546387
3	65719	4.197247802802	-16.740407943726
3	65729	4.1979306042	-18.97686958313
3	65736	4.198275303417	-32.984703063965
3	65743	4.198932535268	-35.714931488037
3	65750	4.199271356081	-19.11870765686
3	65760	4.199975565484	-19.213575363159
3	65770	4.200317346715	-19.068700790405
3	65780	4.200965003465	-23.571266174316
3	65784	4.20134184348	-33.812923431396
3	65794	4.201963420937	-15.166175842285
3	65801	4.202376779657	-29.101940155029
3	65808	4.202940270885	-42.393871307373
3	65815	4.203368429483	-24.991897583008
3	65825	4.203916399943	-31.401456832886
3	65832	4.204354087257	-23.214483261108
3	65842	4.204914985532	-17.681745529175
3	65846	4.205318621829	-23.507652282715
3	65856	4.20588537002	-21.10000038147
3	65863	4.206353886437	-30.683660507202
3	65873	4.206890735347	-21.693250656128
3	65877	4.207400230348	-29.753076553345
3	65887	4.207841859549	-33.279964447021
3	65894	4.208387231076	-21.282596588135
3	65904	4.208876749567	-24.537887573242
3	65908	4.209432850102	-23.630136489868
3	65915	4.209915038862	-23.365423202515
3	65925	4.210421151235	-29.501214981079
3	65935	4.210910406258	-29.395267486572
3	65939	4.211451781066	-23.921207427979
3	65946	4.211903738976	-25.724096298218
3	65956	4.212499716924	-20.57225227356
3	65966	4.212952410462	-21.797044754028
3	65970	4.213523213794	-36.917869567871
3	65977	4.21395585924	-22.402467727661
3	65987	4.214535332166	-21.723457336426
3	65994	4.21494662112	-15.265871047974
3	66001	4.215546262773	-8.9873027801514
3	66005	4.215948274682	-24.470512390137
3	66018	4.216551464001	-19.838554382324
3	66025	4.216973776011	-27.569232940674
3	66032	4.217504084291	-25.733917236328
3	66039	4.217997191822	-23.457847595215
3	66049	4.218514116702	-25.033357620239
3	66053	4.218983475716	-32.616840362549
3	66063	4.219496825467	-31.869129180908
3	66067	4.21998618539	-15.981447219849
3	66083	4.220518284769	-18.430515289307
3	66087	4.221015992554	-21.539163589478
3	66097	4.221509977093	-30.777528762817
3	66101	4.221990438087	-17.65772819519
3	66114	4.222549373753	-27.179918289185
3	66118	4.223002639076	-22.148080825806
3	66128	4.223538054638	-32.475021362305
3	66135	4.224015588563	-19.881267547607
3	66145	4.22451052462	-28.436769485474
3	66149	4.225064314562	-34.05818939209
3	66159	4.225556853622	-29.797414779663
3	66166	4.226052612732	-28.039432525635
3	66176	4.226593808351	-20.479667663574
3	66183	4.227092728681	-22.693302154541
3	66190	4.227604097897	-25.050582885742
3	66194	4.228060501447	-31.455486297607
3	66207	4.228566717854	-14.309703826904
3	66211	4.229063012469	-27.684350967407
3	66221	4.229537223824	-30.259765625
3	66228	4.230100230277	-35.769348144531
3	66238	4.230558374042	-23.372573852539
3	66245	4.231144032952	-22.71940612793
3	66252	4.231537664877	-29.60796546936
3	66259	4.232170428801	-18.275632858276
3	66266	4.232543313697	-24.606700897217
3	66273	4.233139446364	-21.34335899353
3	66283	4.233589537974	-19.993927001953
3	66290	4.234132992659	-27.496551513672
3	66297	4.234561224452	-23.784772872925
3	66307	4.235157888925	-23.148202896118
3	66314	4.235606553182	-22.279024124146
3	66321	4.236164983024	-22.164205551147
3	66328	4.236609749622	-23.177471160889
3	66338	4.237141460831	-22.429752349854
3	66345	4.237608362435	-28.901430130005
3	66349	4.238095049504	-30.182373046875
3	66362	4.238584466878	-23.672229766846
3	66372	4.239081296032	-21.637031555176
3	66376	4.239605453592	-29.812049865723
3	66380	4.240070430013	-16.926179885864
3	66396	4.240614163275	-23.57426071167
3	66406	4.241098834762	-18.076133728027
3	66410	4.241655971767	-21.282730102539
3	66414	4.242091163049	-26.599876403809
3	66427	4.242659515018	-25.60125541687
3	66437	4.243058142044	-30.657415390015
3	66441	4.243652572974	-37.85018157959
3	66445	4.244056757382	-16.160036087036
3	66458	4.244673860788	-27.111351013184
3	66468	4.245028108906	-36.987159729004
3	66472	4.245666452608	-21.490633010864
3	66476	4.24606938808	-24.389751434326
3	66489	4.246654857123	-25.422298431396
3	66499	4.247088028361	-20.909515380859
3	66503	4.247636921393	-17.261497497559
3	66507	4.248107363959	-22.653070449829
3	66517	4.24864723372	-17.216623306274
3	66527	4.249105957937	-15.37264251709
3	66534	4.249662824129	-27.943115234375
3	66540	4.250090069631	-22.895399093628
3	66553	4.250632477058	-22.829917907715
3	66560	4.251110999168	-31.861877441406
3	66567	4.251656083223	-25.55339050293
3	66571	4.252080330508	-27.012306213379
3	66587	4.252628745749	-23.652473449707
3	66591	4.253033397228	-24.119953155518
3	66598	4.253667332823	-23.473585128784
3	66602	4.25406030256	-41.188934326172
3	66615	4.254706836361	-27.623788833618
3	66625	4.25501596847	-24.727605819702
3	66629	4.255694094218	-25.198934555054
3	66633	4.25598001183	-22.289865493774
3	66649	4.256680950557	-31.914012908936
3	66653	4.256934419205	-33.417411804199
3	66660	4.257683331631	-15.947567939758
3	66664	4.25790488824	-27.971683502197
3	66680	4.258650707782	-23.670999526978
3	66684	4.258856656965	-18.176000595093
3	66691	4.259602663622	-25.718866348267
3	66695	4.259808717436	-25.150674819946
3	66714	4.260625804073	-25.579549789429
3	66718	4.260851034917	-21.394113540649
3	66725	4.261635152997	-29.614685058594
3	66729	4.26185444025	-15.957565307617
3	66745	4.262604102997	-7.334059715271
3	66749	4.262865374577	-30.117456436157
3	66756	4.263617561141	-25.013444900513
3	66760	4.263894397538	-27.411487579346
3	66776	4.264618474186	-31.14838218689
3	66780	4.264937582049	-16.585189819336
3	66787	4.265621626971	-34.249420166016
3	66791	4.265933202769	-35.095226287842
3	66807	4.266656894058	-27.5260181427
3	66811	4.266941737364	-28.228494644165
3	66818	4.267651953951	-21.574882507324
3	66822	4.267906333749	-26.16743850708
3	66838	4.26861391896	-27.846723556519
3	66842	4.268902037319	-16.316383361816
3	66849	4.269663482164	-34.476078033447
3	66853	4.269860438825	-27.776746749878
3	66869	4.270680652497	-17.07287979126
3	66873	4.270835920152	-28.029144287109
3	66880	4.271709174145	-4.4795904159546
3	66884	4.271827793608	-28.949712753296
3	66903	4.272690744249	-16.198631286621
3	66907	4.272778218186	-25.892105102539
3	66911	4.273696540823	-23.667264938354
3	66915	4.273786299343	-29.056554794312
3	66934	4.274700359861	-26.356945037842
3	66938	4.274826896803	-31.208688735962
3	66945	4.275748395204	-18.87077331543
3	66949	4.2758539614	-17.32567024231
3	66965	4.276705196148	-29.405698776245
3	66969	4.276836321886	-15.223880767822
3	66973	4.277696862592	-12.864771842957
3	66980	4.277851155533	-27.997859954834
3	66996	4.278718634572	-24.283220291138
3	67000	4.278884511397	-29.481872558594
3	67007	4.279700239223	-26.206798553467
3	67011	4.279919509887	-24.147994995117
3	67030	4.280654264505	-24.43408203125
3	67034	4.280908236468	-39.980461120605
3	67038	4.281672219069	-21.229965209961
3	67045	4.281953466111	-21.185514450073
3	67061	4.282690649406	-20.587699890137
3	67065	4.282950015521	-22.529418945312
3	67072	4.283740622991	-19.47922706604
3	67076	4.283928878225	-18.966924667358
3	67086	4.284704775206	-32.226203918457
3	67096	4.28487920724	-26.800889968872
3	67100	4.285703634806	-21.251447677612
3	67107	4.285862533469	-21.095066070557
3	67120	4.286732926057	-20.444583892822
3	67124	4.286837406976	-27.829429626465
3	67134	4.287754868388	-22.023860931396
3	67138	4.287797142136	-20.236183166504
3	67148	4.288734118713	-28.490522384644
3	67155	4.288812774878	-22.081474304199
3	67162	4.2897237966	-30.15615272522
3	67166	4.289833246648	-26.251895904541
3	67182	4.290687747166	-24.621429443359
3	67189	4.290837320217	-37.946598052979
3	67193	4.291660979712	-27.733299255371
3	67197	4.291864992088	-23.953060150146
3	67213	4.29265740005	-29.893466949463
3	67217	4.292835721713	-16.979572296143
3	67224	4.293656212035	-22.910980224609
3	67228	4.293830430051	-17.463073730469
3	67244	4.294606916513	-16.763561248779
3	67248	4.294782120779	-32.359268188477
3	67255	4.29565517366	-24.094295501709
3	67259	4.295735295623	-26.126062393188
3	67275	4.296613167155	-17.996570587158
3	67279	4.296698653784	-19.263202667236
3	67286	4.29759972363	-28.260486602783
3	67290	4.297696532981	-26.686349868774
3	67306	4.298645266539	-27.614101409912
3	67310	4.298727889363	-22.943140029907
3	67317	4.299667027599	-26.306932449341
3	67321	4.299719197507	-25.729139328003
3	67343	4.300659808192	-23.109212875366
3	67347	4.300698371792	-26.676832199097
3	67351	4.301617092114	-17.866262435913
3	67355	4.301670414809	-28.55225944519
3	67374	4.302607614086	-20.79058265686
3	67378	4.302704656228	-21.026500701904
3	67382	4.303616162831	-16.469152450562
3	67389	4.303663957079	-25.316623687744
3	67405	4.304581751264	-23.748067855835
3	67409	4.304707342029	-25.133636474609
3	67413	4.305591617014	-29.152582168579
3	67417	4.305702614981	-19.658891677856
3	67436	4.306583473168	-18.154809951782
3	67440	4.306735561096	-21.911449432373
3	67444	4.307583615848	-11.967354774475
3	67451	4.307742626732	-27.638483047485
3	67467	4.308585991166	-24.312837600708
3	67471	4.308757998234	-30.296701431274
3	67478	4.309623669354	-21.81969833374
3	67482	4.309760548989	-15.938653945923
3	67498	4.310594188394	-26.973905563354
3	67502	4.310729472328	-16.915292739868
3	67509	4.311571286866	-15.431663513184
3	67513	4.311725787318	-20.135677337646
3	67529	4.312590993274	-26.743713378906
3	67533	4.312690371769	-29.370018005371
3	67540	4.313606853844	-27.515960693359
3	67544	4.313715924604	-25.045335769653
3	67560	4.314558283334	-31.108102798462
3	67564	4.314748133971	-15.311140060425
3	67571	4.315517065862	-16.908727645874
3	67575	4.315706741021	-27.826065063477
3	67591	4.316477937477	-22.535888671875
3	67595	4.316690080434	-28.222852706909
3	67602	4.317498958774	-32.756614685059
3	67606	4.31766807815	-20.78809928894
3	67622	4.3184738093	-23.566728591919
3	67626	4.318650458192	-21.882656097412
3	67633	4.319492730854	-29.456335067749
3	67637	4.319649149933	-24.828023910522
3	67656	4.320493253917	-22.401550292969
3	67660	4.32067903452	-23.477243423462
3	67667	4.321473630832	-28.807319641113
3	67671	4.321670809445	-13.091507911682
3	67684	4.322512182496	-13.615405082703
3	67691	4.322665675874	-19.526174545288
3	67698	4.32354006659	-19.950721740723
3	67702	4.323616732077	-26.487314224243
3	67715	4.324564064489	-14.628129959106
3	67719	4.324656540413	-24.400527954102
3	67729	4.325587194118	-19.689220428467
3	67733	4.325664924134	-38.660457611084
3	67746	4.32656689475	-32.858837127686
3	67750	4.326622826849	-28.100914001465
3	67760	4.327590874906	-18.619081497192
3	67764	4.327630771659	-21.311779022217
3	67780	4.328604842239	-25.918294906616
3	67784	4.328633785027	-28.086965560913
3	67791	4.329560818479	-23.048664093018
3	67798	4.329667867441	-20.43371963501
3	67808	4.330525021933	-31.983713150024
3	67815	4.330671266128	-15.527678489685
3	67822	4.331480985408	-24.24063873291
3	67832	4.331672716667	-24.225814819336
3	67839	4.332485605924	-19.636348724365
3	67843	4.332665963781	-40.323581695557
3	67856	4.33352294081	-22.62329864502
3	67863	4.333661460195	-31.341102600098
3	67870	4.334519292474	-25.106037139893
3	67874	4.334616778474	-20.63325881958
3	67887	4.335525822081	-13.607794761658
3	67894	4.335568130803	-7.001380443573
3	67901	4.336540354969	-18.104118347168
3	67905	4.33656766102	-29.367725372314
3	67915	4.337512243244	-31.768655776978
3	67925	4.33760035149	-12.862697601318
3	67932	4.338551590507	-17.360790252686
3	67936	4.338567572206	-16.139137268066
3	67958	4.339581419336	-22.3356590271
3	67962	4.339600760013	-26.786987304688
3	67966	4.340546237961	-25.716053009033
3	67970	4.340604453642	-24.730543136597
3	67983	4.341562097412	-14.505731582642
3	67990	4.341594446243	-23.05779838562
3	67997	4.342514282514	-8.8349905014038
3	68001	4.342614067678	-30.30012512207
3	68017	4.343538584902	-24.045803070068
3	68021	4.343662961869	-20.269443511963
3	68028	4.344568401943	-28.663991928101
3	68032	4.344625243895	-22.103515625
3	68048	4.345546816691	-21.538551330566
3	68052	4.34563086677	-22.596809387207
3	68059	4.346549105073	-24.206472396851
3	68063	4.346597318839	-20.93709564209
3	68082	4.347562412496	-30.460180282593
3	68086	4.347610383052	-19.412906646729
3	68090	4.348566688712	-23.380102157593
3	68094	4.348644674142	-22.670034408569
3	68110	4.349547015165	-7.8867197036743
3	68117	4.349637308649	-13.768102645874
3	68121	4.350513715721	-31.884265899658
3	68128	4.350588711654	-32.319244384766
3	68138	4.351514602945	-30.633256912231
3	68145	4.351630843047	-14.766963005066
3	68152	4.352474321071	-24.835779190063
3	68159	4.35264732106	-25.346435546875
3	68166	4.353461026414	-17.723718643188
3	68176	4.353654102879	-18.62978553772
3	68186	4.354473949687	-22.690996170044
3	68190	4.354640319758	-34.093830108643
3	68200	4.355472388282	-22.906270980835
3	68210	4.355607305817	-27.101428985596
3	68217	4.356431188959	-21.613061904907
3	68221	4.356559078931	-30.582809448242
3	68231	4.357441952151	-18.714719772339
3	68238	4.357568101842	-18.185636520386
3	68248	4.358442711099	-26.243173599243
3	68252	4.358584871314	-24.193334579468
3	68262	4.359422356833	-24.616018295288
3	68275	4.359608089471	-21.040105819702
3	68282	4.36040391812	-21.695596694946
3	68286	4.360574805393	-31.689926147461
3	68296	4.3613649981	-33.76342010498
3	68306	4.36157587968	-27.58109664917
3	68313	4.362331395982	-34.813243865967
3	68317	4.362556581387	-13.993126869202
3	68321	4.363295199765	-28.669109344482
3	68337	4.36360132928	-23.940093994141
3	68344	4.364296475529	-33.679916381836
3	68348	4.364640657269	-20.57932472229
3	68352	4.365318132916	-25.195692062378
3	68368	4.365649530799	-24.413982391357
3	68375	4.36632912477	-19.94202041626
3	68379	4.366620413134	-25.943807601929
3	68386	4.367359308634	-22.020322799683
3	68396	4.367635817228	-18.536630630493
3	68406	4.368373256461	-26.910291671753
3	68410	4.368622943689	-34.570919036865
3	68417	4.369360452112	-18.707271575928
3	68430	4.369636932525	-32.334606170654
3	68437	4.370337039573	-30.18669128418
3	68441	4.370667542779	-26.23623085022
3	68448	4.371305964496	-24.961622238159
3	68455	4.371629655203	-23.163606643677
3	68468	4.372342131259	-38.938583374023
3	68472	4.372630233774	-29.140106201172
3	68479	4.373314978831	-24.04296875
3	68489	4.373641735691	-28.723930358887
3	68499	4.374270286841	-14.725116729736
3	68503	4.374599114231	-34.187973022461
3	68510	4.375301820933	-27.228199005127
3	68517	4.375641247894	-19.729698181152
3	68530	4.376307163503	-22.275466918945
3	68534	4.376614015094	-22.310230255127
3	68541	4.377305488299	-27.657222747803
3	68545	4.377580830207	-23.51290512085
3	68561	4.378316493239	-33.106002807617
3	68565	4.378534144525	-29.033447265625
3	68572	4.379325393896	-36.935768127441
3	68579	4.379546967084	-25.440370559692
3	68595	4.380351498494	-18.562084197998
3	68599	4.380520332816	-15.114444732666
3	68606	4.381313120519	-22.658761978149
3	68616	4.381557652949	-18.382383346558
3	68626	4.382266447428	-27.204849243164
3	68630	4.382520566297	-22.370229721069
3	68637	4.383267448777	-19.789295196533
3	68647	4.383522675776	-24.719774246216
3	68657	4.384240602998	-28.767461776733
3	68661	4.384493625828	-13.606242179871
3	68668	4.385283963111	-21.515939712524
3	68675	4.385531671749	-30.413112640381
3	68688	4.38625044281	-36.119220733643
3	68692	4.386483741153	-25.721879959106
3	68699	4.387205669849	-37.675842285156
3	68709	4.387502048332	-18.840349197388
3	68716	4.388176513492	-10.93669128418
3	68723	4.388470744045	-25.171911239624
3	68730	4.389225445857	-37.586399078369
3	68737	4.389469291589	-24.0110912323
3	68747	4.39023990113	-19.755073547363
3	68754	4.390481687341	-23.258346557617
3	68758	4.3912032657	-25.140251159668
3	68771	4.391479946829	-25.633556365967
3	68778	4.392196485104	-25.425298690796
3	68785	4.392456001594	-32.819198608398
3	68792	4.393236813466	-26.142578125
3	68799	4.393431254975	-23.92599105835
3	68809	4.394208622837	-21.18651008606
3	68816	4.394477952164	-44.335250854492
3	68823	4.395209782073	-27.946374893188
3	68830	4.395510390368	-27.342924118042
3	68843	4.396217171949	-29.731130599976
3	68847	4.39654418159	-29.852327346802
3	68854	4.397232549985	-20.024013519287
3	68861	4.397559826933	-22.227874755859
3	68871	4.398236402333	-39.134902954102
3	68878	4.398591187751	-19.249666213989
3	68885	4.399203691357	-36.861766815186
3	68892	4.399585418242	-19.586317062378
3	68905	4.400233928274	-22.343046188354
3	68912	4.400595586996	-19.231496810913
3	68919	4.401278160744	-23.253658294678
3	68926	4.401618622038	-28.8561668396
3	68939	4.402232071782	-29.569986343384
3	68943	4.402653177478	-22.746768951416
3	68950	4.403216199268	-26.16607093811
3	68960	4.403687094555	-22.967306137085
3	68967	4.404190836019	-18.29581451416
3	68974	4.404640927435	-19.538528442383
3	68981	4.405221031576	-30.278398513794
3	68991	4.405615692762	-21.940605163574
3	68998	4.406179139463	-22.972190856934
3	69005	4.406660830087	-38.674777984619
3	69012	4.40720415747	-23.58930015564
3	69022	4.407670182639	-20.083950042725
3	69029	4.408228014944	-33.762454986572
3	69036	4.408668906133	-23.081686019897
3	69043	4.409219415151	-26.455419540405
3	69053	4.409704379987	-33.721431732178
3	69063	4.410239093831	-33.276206970215
3	69067	4.410695918631	-26.423282623291
3	69074	4.41123409813	-26.794281005859
3	69087	4.411737644388	-24.712051391602
3	69094	4.412225218668	-31.794649124146
3	69098	4.412711820009	-22.300146102905
3	69105	4.413192671463	-29.939775466919
3	69115	4.413672686598	-28.456371307373
3	69125	4.414165000276	-28.532693862915
3	69129	4.414661333258	-34.371212005615
3	69136	4.415182145648	-27.768718719482
3	69143	4.415651757861	-23.09369468689
3	69153	4.416145158887	-33.991706848145
3	69160	4.416691497346	-31.865610122681
3	69167	4.417186281361	-28.373775482178
3	69177	4.417690964145	-16.494762420654
3	69184	4.418192343835	-21.157730102539
3	69191	4.418725683106	-26.677825927734
3	69198	4.41921531949	-35.376491546631
3	69214	4.419767673901	-21.416341781616
3	69218	4.420180331959	-26.413707733154
3	69225	4.420752463394	-9.9826631546021
3	69229	4.421142025118	-22.019269943237
3	69245	4.421710048946	-26.744922637939
3	69249	4.422110440024	-28.068277359009
3	69256	4.422684587257	-26.718099594116
3	69260	4.423119476579	-26.558263778687
3	69276	4.423654570835	-36.137523651123
3	69280	4.424123808484	-20.159748077393
3	69287	4.4246074258	-20.795251846313
3	69294	4.425095999769	-25.003067016602
3	69307	4.425631181529	-27.359279632568
3	69311	4.426091336867	-24.982278823853
3	69318	4.426582825062	-23.989833831787
3	69322	4.427099462479	-27.306610107422
3	69338	4.427604171311	-45.062870025635
3	69345	4.428093857477	-24.431812286377
3	69349	4.428623782003	-30.034812927246
3	69356	4.42911591015	-23.014457702637
3	69366	4.429589947164	-25.132627487183
3	69373	4.430123904619	-26.162569046021
3	69380	4.43062994251	-29.047519683838
3	69387	4.43112590374	-18.857576370239
3	69397	4.431627579748	-15.808827400208
3	69407	4.43217355121	-32.413986206055
3	69411	4.432628529899	-33.812568664551
3	69421	4.433124088545	-27.439292907715
3	69428	4.433611000397	-27.178546905518
3	69435	4.434128187181	-26.476446151733
3	69442	4.434607126031	-23.298801422119
3	69452	4.435120974951	-16.603784561157
3	69459	4.435628422734	-32.435314178467
3	69466	4.436086973984	-26.767967224121
3	69473	4.43661158643	-22.18035697937
3	69480	4.437090432045	-23.018602371216
3	69490	4.437603625184	-18.019083023071
3	69500	4.438134102389	-29.727563858032
3	69504	4.438627077999	-32.362422943115
3	69511	4.439105113654	-39.768913269043
3	69524	4.439621799777	-39.446014404297
3	69534	4.4401108855	-14.999719619751
3	69538	4.440659595693	-22.198530197144
3	69545	4.441098670071	-36.454437255859
3	69555	4.441643899466	-19.203996658325
3	69565	4.44212417865	-15.300791740417
3	69569	4.442645602888	-21.096454620361
3	69576	4.443087667579	-29.764423370361
3	69586	4.443653280552	-30.685680389404
3	69596	4.444074844918	-32.21704864502
3	69603	4.444684531248	-31.559707641602
3	69607	4.445082695946	-28.372394561768
3	69617	4.445642844554	-30.512403488159
3	69627	4.446073515817	-17.923097610474
3	69634	4.446672071011	-26.851068496704
3	69638	4.447104889158	-18.040245056152
3	69648	4.447631613553	-29.082712173462
3	69658	4.448061704207	-22.095548629761
3	69665	4.448595898988	-23.857818603516
3	69669	4.449013961103	-23.36475944519
3	69676	4.449617499407	-23.212072372437
3	69689	4.450036606301	-35.254451751709
3	69696	4.450650699257	-25.460886001587
3	69700	4.45099795957	-23.399673461914
3	69710	4.45165763144	-22.707992553711
3	69720	4.45203470113	-30.698108673096
3	69727	4.45265183736	-24.389331817627
3	69731	4.45304722305	-23.019567489624
3	69741	4.453671072974	-17.26326751709
3	69751	4.454063031972	-27.998462677002
3	69755	4.454678214501	-25.25274848938
3	69762	4.455042166872	-31.841941833496
3	69772	4.455670972655	-25.587055206299
3	69782	4.456035337756	-20.417774200439
3	69786	4.456624250065	-18.558229446411
3	69793	4.457014949307	-15.399808883667
3	69803	4.457671389626	-31.652904510498
3	69813	4.458063777703	-26.421504974365
3	69820	4.45870532784	-30.084211349487
3	69824	4.459036514752	-26.933784484863
3	69837	4.459745988554	-25.53634262085
3	69847	4.460024972868	-27.387670516968
3	69854	4.460764279147	-19.640371322632
3	69858	4.461073916746	-29.640796661377
3	69871	4.461812835796	-26.339294433594
3	69878	4.462114168926	-28.249540328979
3	69885	4.462806168475	-18.531965255737
3	69889	4.463155702202	-25.827156066895
3	69902	4.463798639419	-29.951780319214
3	69909	4.464193815114	-32.597011566162
3	69916	4.464795707322	-19.27597618103
3	69920	4.465148246795	-30.772659301758
3	69933	4.465791152406	-20.786689758301
3	69940	4.466146808341	-38.945137023926
3	69947	4.466761057038	-28.887983322144
3	69951	4.467166906715	-19.029947280884
3	69958	4.467738804715	-24.968631744385
3	69971	4.468155388649	-23.209133148193
3	69978	4.468695735985	-29.300827026367
3	69982	4.469142749799	-31.232276916504
3	69992	4.469700413292	-33.04891204834
3	70002	4.470182825498	-18.97576713562
3	70009	4.470698352598	-24.070962905884
3	70013	4.471209790566	-23.899318695068
3	70023	4.471728402954	-35.325622558594
3	70036	4.472252587764	-38.216083526611
3	70040	4.472751530494	-26.118968963623
3	70044	4.473274677229	-21.637533187866
3	70054	4.473796923502	-19.111963272095
3	70067	4.474265081344	-24.322774887085
3	70071	4.474820365669	-22.311990737915
3	70075	4.475222955102	-28.487983703613
3	70088	4.475865755018	-23.082307815552
3	70098	4.476208676886	-20.4684715271
3	70102	4.476821458149	-27.357023239136
3	70109	4.477221361802	-21.801862716675
3	70116	4.477827142751	-16.316526412964
3	70126	4.478249914753	-21.976432800293
3	70133	4.478782954692	-26.085803985596
3	70140	4.47929926919	-16.817754745483
3	70153	4.4797605041	-26.958253860474
3	70160	4.480283073584	-32.492298126221
3	70167	4.48077577837	-18.56128692627
3	70171	4.481237162397	-28.038642883301
3	70181	4.481759896107	-25.50227355957
3	70191	4.482188162049	-25.284307479858
3	70198	4.482728279982	-27.690813064575
3	70202	4.483154460397	-23.363359451294
3	70212	4.483750389996	-28.45348739624
3	70222	4.484153133328	-23.950464248657
3	70229	4.484777701247	-31.592895507812
3	70233	4.485150743715	-25.314987182617
3	70246	4.485793876283	-28.428514480591
3	70253	4.48618871234	-29.016670227051
3	70260	4.486749373032	-25.263320922852
3	70264	4.487214095947	-31.467611312866
3	70274	4.487752009388	-39.81241607666
3	70284	4.488242784886	-16.771867752075
3	70291	4.488714551384	-25.574239730835
3	70295	4.489287588093	-26.332704544067
3	70302	4.489696450162	-21.020654678345
3	70318	4.490241987287	-25.617572784424
3	70322	4.490669297589	-17.564914703369
3	70326	4.491244334593	-21.065546035767
3	70333	4.491701264515	-20.448833465576
3	70346	4.492225713547	-16.913652420044
3	70353	4.492667022193	-22.046384811401
3	70360	4.493227941234	-35.962543487549
3	70364	4.493647657257	-32.719257354736
3	70377	4.494221784757	-41.422744750977
3	70384	4.494606235621	-26.604612350464
3	70388	4.495177233372	-36.151203155518
3	70395	4.495646925619	-30.779514312744
3	70408	4.49621871905	-29.91678237915
3	70415	4.49663209796	-22.115825653076
3	70419	4.497204519649	-27.639617919922
3	70426	4.497582259338	-25.447668075562
3	70439	4.498199372406	-19.722578048706
3	70446	4.498611097497	-25.230792999268
3	70450	4.499226836124	-14.033553123474
3	70463	4.499657404168	-18.027076721191
3	70475	4.500262843322	-16.637756347656
3	70482	4.500688320221	-28.919870376587
3	70486	4.501307831135	-27.007299423218
3	70496	4.501649600831	-16.335109710693
3	70509	4.502316603213	-31.339284896851
3	70513	4.50261316531	-30.683553695679
3	70517	4.503281178898	-20.418216705322
3	70530	4.503576655429	-45.680389404297
3	70540	4.504328155789	-22.698894500732
3	70544	4.504579249348	-23.703441619873
3	70548	4.505309993735	-32.313564300537
3	70558	4.505583100639	-23.643484115601
3	70568	4.506268735732	-23.975662231445
3	70575	4.506593313935	-24.096229553223
3	70582	4.507289004944	-22.611841201782
3	70589	4.507602529306	-19.810380935669
3	70602	4.508258807376	-36.106365203857
3	70606	4.508556217729	-24.079277038574
3	70613	4.509262325442	-28.675443649292
3	70620	4.509521449536	-18.480264663696
3	70633	4.510258490854	-30.47336769104
3	70637	4.510529223679	-23.245012283325
3	70644	4.511281835882	-29.70817565918
3	70654	4.511546314382	-25.835613250732
3	70664	4.51223983785	-15.471146583557
3	70668	4.512595607267	-25.628826141357
3	70672	4.51320642538	-29.917854309082
3	70685	4.513600487791	-31.696712493896
3	70695	4.514225013514	-17.834859848022
3	70699	4.514612412112	-27.305782318115
3	70703	4.515232969449	-15.949268341064
3	70716	4.515651959567	-17.819564819336
3	70726	4.516208352743	-23.546802520752
3	70730	4.516683059648	-9.993109703064
3	70734	4.517171658401	-18.79167175293
3	70747	4.517689626354	-20.281251907349
3	70757	4.518204012907	-17.683523178101
3	70761	4.518713927733	-14.768756866455
3	70765	4.519168102176	-28.906373977661
3	70781	4.519749406579	-36.476318359375
3	70791	4.520139856206	-27.478330612183
3	70795	4.520781494713	-25.270072937012
3	70802	4.521136168389	-20.358308792114
3	70812	4.521741087317	-14.841897964478
3	70819	4.522094416844	-21.853235244751
3	70826	4.522701785097	-21.963968276978
3	70830	4.523061162365	-16.91795539856
3	70843	4.523673771379	-28.800741195679
3	70850	4.524076143297	-35.872467041016
3	70857	4.52467367003	-22.803815841675
3	70861	4.525037770598	-21.489784240723
3	70874	4.525667578677	-22.383863449097
3	70884	4.526055708526	-30.607551574707
3	70888	4.526695458672	-30.442655563354
3	70892	4.527054624704	-31.287385940552
3	70902	4.527661641606	-32.064460754395
3	70915	4.528025734606	-23.043586730957
3	70919	4.528621466824	-25.999029159546
3	70923	4.529018559424	-18.584283828735
3	70933	4.529635564443	-28.647926330566
3	70946	4.530023503267	-25.077997207642
3	70950	4.530647134663	-21.797107696533
3	70954	4.531047116958	-29.036882400513
3	70970	4.531618514995	-16.474857330322
3	70977	4.532047430555	-24.750959396362
3	70981	4.532640442241	-18.488971710205
3	70985	4.533080361057	-20.918518066406
3	70998	4.533673599526	-21.44913482666
3	71008	4.534088530082	-26.891452789307
3	71012	4.534709480895	-16.912466049194
3	71016	4.535087399495	-16.751903533936
3	71029	4.535665196201	-19.695709228516
3	71039	4.536123393423	-29.731636047363
3	71043	4.536641215635	-28.685710906982
3	71047	4.537137574763	-32.782306671143
3	71060	4.537642172784	-18.034248352051
3	71070	4.538129837017	-22.508104324341
3	71074	4.538646842728	-11.650452613831
3	71078	4.539173473414	-32.838733673096
3	71094	4.53967541405	-33.481037139893
3	71104	4.540152635256	-31.076606750488
3	71108	4.540644042091	-23.595481872559
3	71112	4.541108401993	-16.905769348145
3	71125	4.541617409768	-19.461942672729
3	71135	4.542113994171	-22.886947631836
3	71139	4.542590042089	-17.791694641113
3	71143	4.543159902019	-25.901597976685
3	71156	4.543631925255	-21.000160217285
3	71166	4.544137228906	-22.843969345093
3	71170	4.544677048338	-28.745952606201
3	71174	4.54509329285	-20.96084022522
3	71187	4.54566561651	-31.481792449951
3	71197	4.546061488407	-29.142948150635
3	71201	4.546667564102	-15.794591903687
3	71205	4.547107866832	-22.419694900513
3	71218	4.5476750141	-22.768426895142
3	71228	4.548126107364	-22.387287139893
3	71232	4.548666304709	-30.95093536377
3	71236	4.549077821019	-25.939973831177
3	71249	4.549675114646	-11.026954650879
3	71256	4.550117226456	-20.826875686646
3	71263	4.550666860375	-28.600595474243
3	71267	4.551103476093	-19.161666870117
3	71277	4.551634541145	-22.571538925171
3	71290	4.552122144742	-21.11102104187
3	71294	4.552655739708	-25.136709213257
3	71298	4.553131161641	-24.26091003418
3	71311	4.553624549598	-29.225149154663
3	71321	4.554169241936	-18.354705810547
3	71325	4.554663780137	-31.238109588623
3	71332	4.555119917033	-31.36450958252
3	71342	4.555685825888	-22.295576095581
3	71352	4.556075281375	-30.928262710571
3	71356	4.556676356052	-20.627166748047
3	71363	4.557065253217	-28.765977859497
3	71373	4.557715364222	-29.408313751221
3	71383	4.558067038145	-27.304012298584
3	71387	4.558739592238	-28.384147644043
3	71394	4.559097914561	-26.977390289307
3	71407	4.55975225132	-21.654108047485
3	71417	4.560062068224	-24.211238861084
3	71421	4.560732963186	-25.690250396729
3	71428	4.56109723797	-30.794366836548
3	71441	4.56168718858	-27.187210083008
3	71448	4.562099530021	-22.951276779175
3	71452	4.562690932534	-11.514973640442
3	71459	4.563049728975	-29.740116119385
3	71469	4.563659793575	-25.367828369141
3	71479	4.564032585916	-42.933391571045
3	71486	4.564669488667	-28.511796951294
3	71490	4.565029640679	-22.660228729248
3	71500	4.565681330508	-7.0938611030579
3	71507	4.566044681526	-23.08009147644
3	71517	4.566658910508	-26.449016571045
3	71521	4.567065115894	-20.283374786377
3	71531	4.567678914784	-26.539842605591
3	71538	4.568016614458	-28.767892837524
3	71548	4.568683158037	-32.902164459229
3	71552	4.569021360073	-23.657161712646
3	71562	4.569644664914	-12.863416671753
3	71569	4.570037243719	-36.952083587646
3	71579	4.570662425279	-26.227895736694
3	71583	4.571060208541	-32.132465362549
3	71596	4.571687376056	-17.003122329712
3	71600	4.572048224601	-20.016374588013
3	71610	4.572638017048	-27.891164779663
3	71614	4.57305077988	-23.061302185059
3	71627	4.573684766138	-17.686643600464
3	71631	4.574041195436	-19.33563041687
3	71641	4.574686352129	-21.594034194946
3	71645	4.575039030826	-26.169511795044
3	71658	4.575707451837	-16.068098068237
3	71662	4.575993456127	-27.56311416626
3	71672	4.576754797953	-16.765804290771
3	71676	4.57699347479	-15.283037185669
3	71689	4.577736920002	-30.833288192749
3	71693	4.577955964243	-16.512825012207
3	71703	4.578712542163	-35.735862731934
3	71707	4.578935481996	-26.379911422729
3	71723	4.579740455378	-30.540296554565
3	71727	4.579912872246	-21.302827835083
3	71737	4.580756493483	-25.228445053101
3	71741	4.580870567008	-16.905223846436
3	71754	4.581782926105	-31.7027759552
3	71758	4.581848209415	-21.174755096436
3	71768	4.582752434369	-30.007209777832
3	71772	4.582820983023	-30.791219711304
3	71785	4.583788822112	-23.959196090698
3	71789	4.583862075824	-23.950605392456
3	71799	4.584807938759	-20.863794326782
3	71803	4.584905927779	-29.847557067871
3	71816	4.585820312095	-28.814430236816
3	71820	4.585866932249	-35.083740234375
3	71830	4.586789782096	-29.446392059326
3	71834	4.58685893849	-21.798768997192
3	71847	4.587755378277	-24.540224075317
3	71851	4.587850032967	-26.309682846069
3	71861	4.588747895518	-24.236206054688
3	71865	4.588837485442	-29.274271011353
3	71878	4.589713575116	-15.49374294281
3	71882	4.589797840733	-22.165046691895
3	71892	4.590673887282	-18.040777206421
3	71896	4.590824070896	-15.54407119751
3	71909	4.591718052106	-26.376926422119
3	71913	4.591800871774	-26.34256362915
3	71923	4.592760245166	-11.12739944458
3	71927	4.592769541993	-20.730690002441
3	71940	4.593730022264	-21.526220321655
3	71944	4.593782001831	-15.499076843262
3	71954	4.594712699757	-20.031362533569
3	71958	4.594811732212	-15.005094528198
3	71971	4.595692068007	-21.054008483887
3	71975	4.595841560528	-20.671653747559
3	71982	4.596676903649	-22.690095901489
3	71989	4.596885418042	-23.511781692505
3	71999	4.597659021772	-16.008796691895
3	72006	4.597836265343	-28.369297027588
3	72013	4.598671966944	-27.804552078247
3	72020	4.598883472964	-23.673952102661
3	72036	4.599683310737	-18.50714302063
3	72040	4.599929530515	-30.706993103027
3	72050	4.600656762843	-10.070132255554
3	72054	4.600900971327	-15.411648750305
3	72067	4.601702463546	-30.447620391846
3	72071	4.601866466782	-20.18815612793
3	72081	4.602681876578	-25.744144439697
3	72085	4.602844450384	-7.7199583053589
3	72098	4.603638919457	-15.806894302368
3	72102	4.603886508414	-15.118600845337
3	72112	4.604589152897	-18.773538589478
3	72116	4.6049063173	-7.829409122467
3	72123	4.605565258621	-22.182775497437
3	72133	4.605933383595	-23.413177490234
3	72143	4.606533328999	-14.264444351196
3	72147	4.606920153386	-27.705743789673
3	72154	4.607529860893	-25.514135360718
3	72164	4.607955995175	-24.260927200317
3	72171	4.608482217511	-35.947853088379
3	72178	4.608948074165	-31.353155136108
3	72185	4.609436908394	-26.634405136108
3	72195	4.609947620319	-26.862817764282
3	72202	4.610443712569	-30.615550994873
3	72209	4.610984847623	-19.460285186768
3	72216	4.611474656519	-19.507263183594
3	72226	4.612025849779	-29.73254776001
3	72233	4.612427629982	-25.207075119019
3	72240	4.613036915234	-25.966762542725
3	72247	4.613400454928	-35.078861236572
3	72257	4.614008866256	-24.56067276001
3	72261	4.614413006948	-28.367614746094
3	72271	4.615053834072	-28.326984405518
3	72278	4.615404726819	-25.893335342407
3	72288	4.616103532192	-24.094429016113
3	72292	4.616381012946	-16.800064086914
3	72302	4.617072809722	-19.218423843384
3	72309	4.6173866124	-20.697896957397
3	72319	4.618031027875	-31.728879928589
3	72326	4.618365224307	-26.337097167969
3	72330	4.619040198903	-24.394432067871
3	72343	4.619379182739	-22.577249526978
3	72353	4.620002485483	-22.6595287323
3	72360	4.62038223779	-32.687168121338
3	72364	4.620955867048	-24.970224380493
3	72377	4.621384099691	-21.053468704224
3	72381	4.621934107605	-27.51293182373
3	72391	4.62242551269	-24.779228210449
3	72395	4.622889703615	-45.988796234131
3	72408	4.623380755826	-25.240337371826
3	72412	4.623873577836	-22.78436088562
3	72422	4.624426536617	-30.907075881958
3	72426	4.624891015334	-15.388474464417
3	72439	4.625454152027	-32.915328979492
3	72443	4.625920140399	-30.675546646118
3	72453	4.626502879413	-18.926565170288
3	72457	4.626922331774	-22.69660949707
3	72470	4.627486241787	-21.514589309692
3	72474	4.627923940215	-21.909856796265
3	72484	4.628523807106	-37.078330993652
3	72491	4.62892270546	-30.902496337891
3	72501	4.629499587874	-25.634038925171
3	72508	4.629933851687	-29.249479293823
3	72515	4.630463273835	-25.755094528198
3	72522	4.630886940371	-31.69771194458
3	72532	4.631490402655	-16.979789733887
3	72539	4.631898221566	-27.619483947754
3	72546	4.632452429744	-23.34069442749
3	72556	4.632860378555	-41.464698791504
3	72563	4.633406495533	-20.97590637207
3	72567	4.633832467432	-20.180194854736
3	72577	4.634359337735	-23.287490844727
3	72584	4.634808232262	-31.354837417603
3	72591	4.635329888975	-24.196367263794
3	72601	4.635768937239	-30.422582626343
3	72608	4.636372602943	-23.722434997559
3	72615	4.636741032021	-20.51544380188
3	72625	4.63737597197	-27.008457183838
3	72629	4.637763903085	-27.278402328491
3	72642	4.638396080507	-30.253686904907
3	72646	4.638791397445	-34.187881469727
3	72659	4.639386530497	-14.79506778717
3	72663	4.639759437084	-14.012660980225
3	72673	4.640400480714	-21.759925842285
3	72680	4.640807706784	-28.632432937622
3	72690	4.641399060351	-26.038522720337
3	72697	4.641842209908	-34.704032897949
3	72704	4.642411546501	-21.766613006592
3	72711	4.64284588719	-29.80516242981
3	72721	4.643432057302	-39.215843200684
3	72728	4.643866793208	-27.376289367676
3	72738	4.644434042851	-20.711490631104
3	72742	4.644828717147	-19.549940109253
3	72749	4.645409511375	-28.00638961792
3	72759	4.645827289322	-26.394021987915
3	72769	4.646420980264	-31.392911911011
3	72773	4.646837021705	-28.501625061035
3	72780	4.647383198141	-26.159067153931
3	72790	4.64785656227	-32.206218719482
3	72800	4.648418494311	-26.204681396484
3	72804	4.648898916284	-31.417743682861
3	72814	4.649410009423	-16.764316558838
3	72821	4.64987230715	-28.701971054077
3	72831	4.650433841456	-24.839363098145
3	72835	4.650888950044	-20.716487884521
3	72845	4.651466295385	-14.712582588196
3	72852	4.651859996174	-29.253829956055
3	72862	4.652497697996	-26.32798576355
3	72866	4.652865390319	-24.415811538696
3	72873	4.653463352675	-30.469430923462
3	72883	4.653819547688	-40.126167297363
3	72893	4.654512282951	-27.525953292847
3	72897	4.65481896447	-28.350208282471
3	72910	4.65554345443	-18.155826568604
3	72914	4.655776743693	-41.634574890137
3	72924	4.656548187974	-30.648548126221
3	72928	4.65676164496	-21.893766403198
3	72938	4.65755879333	-29.717290878296
3	72945	4.657740995869	-20.779857635498
3	72955	4.658562035532	-23.616971969604
3	72959	4.658703859654	-24.388143539429
3	72975	4.65953463465	-28.551208496094
3	72979	4.659674098224	-31.069288253784
3	72989	4.660547402331	-29.668703079224
3	72993	4.66071176953	-28.367481231689
3	73003	4.661528406488	-29.720315933228
3	73010	4.661736077837	-31.204309463501
3	73020	4.662508218683	-24.125617980957
3	73024	4.662707594131	-29.619825363159
3	73031	4.663463341242	-25.679252624512
3	73041	4.663665543293	-29.292432785034
3	73051	4.664426789821	-28.597133636475
3	73055	4.664710423035	-21.452743530273
3	73065	4.665425691556	-23.651786804199
3	73072	4.665721755082	-27.070190429688
3	73082	4.666422453215	-27.404922485352
3	73086	4.666675974752	-25.716777801514
3	73096	4.667466486819	-25.566398620605
3	73103	4.667626308334	-26.950601577759
3	73113	4.668499103311	-30.091320037842
3	73117	4.668626570104	-32.264972686768
3	73127	4.66945140015	-21.781328201294
3	73131	4.669620804182	-26.771209716797
3	73141	4.67043455788	-25.69264793396
3	73148	4.670643240061	-22.541261672974
3	73158	4.671429348951	-23.056589126587
3	73165	4.67159937283	-37.353313446045
3	73175	4.672414421459	-35.555473327637
3	73179	4.672624631904	-21.627210617065
3	73186	4.673458911647	-15.482666969299
3	73196	4.673603400499	-21.655670166016
3	73206	4.674456436242	-29.479602813721
3	73210	4.674625420918	-33.84228515625
3	73217	4.675416919725	-27.158145904541
3	73227	4.675618463571	-29.590145111084
3	73237	4.676421082743	-25.824083328247
3	73241	4.676651915866	-34.1803855896
3	73248	4.677435780764	-34.411296844482
3	73258	4.677665993668	-25.14940071106
3	73268	4.678408772492	-24.29190826416
3	73272	4.678709170906	-26.56879234314
3	73282	4.679437763201	-20.490015029907
3	73289	4.679717025251	-22.053829193115
3	73299	4.680469714599	-33.389003753662
3	73306	4.680748877488	-21.549772262573
3	73313	4.681431873528	-23.185840606689
3	73320	4.681718423674	-31.923208236694
3	73333	4.682411498937	-31.704158782959
3	73337	4.682758026005	-25.865423202515
3	73344	4.683378007336	-26.115146636963
3	73354	4.683763253728	-9.8436899185181
3	73361	4.684366615792	-33.631328582764
3	73368	4.684747828553	-33.253356933594
3	73375	4.685387790625	-33.067653656006
3	73385	4.685774567027	-24.666707992554
3	73395	4.686367460953	-21.290288925171
3	73399	4.686816659137	-30.944805145264
3	73406	4.68732219638	-23.390647888184
3	73416	4.687840352717	-24.325735092163
3	73423	4.688274944894	-19.180191040039
3	73430	4.688859363266	-37.665462493896
3	73437	4.689264496593	-32.268077850342
3	73444	4.689848142443	-30.064756393433
3	73454	4.690285726553	-23.190683364868
3	73464	4.690875859302	-26.762693405151
3	73471	4.691241914008	-27.125797271729
3	73481	4.691910588872	-21.03556060791
3	73485	4.692220431108	-12.865931510925
3	73495	4.692899293921	-17.123538970947
3	73502	4.693210306467	-16.761116027832
3	73509	4.693856031392	-29.721801757812
3	73516	4.694220720579	-19.336229324341
3	73523	4.69487032081	-33.15160369873
3	73533	4.695195645162	-35.159599304199
3	73540	4.69585931762	-10.116157531738
3	73547	4.696198155075	-15.609659194946
3	73554	4.696894495404	-22.80005645752
3	73564	4.697172129675	-12.17894077301
3	73574	4.697933674729	-21.683572769165
3	73578	4.698157650367	-13.901338577271
3	73585	4.698899209163	-28.396404266357
3	73595	4.699172568828	-35.314846038818
3	73608	4.699852982458	-27.164804458618
3	73612	4.7001953426	-32.808246612549
3	73619	4.700862630807	-32.151100158691
3	73626	4.701164085088	-31.639389038086
3	73639	4.70185714816	-29.235664367676
3	73643	4.702181948174	-25.001041412354
3	73650	4.702889654565	-30.560924530029
3	73654	4.703137183807	-25.463159561157
3	73670	4.703925912986	-26.63437461853
3	73674	4.704166318872	-24.610275268555
3	73681	4.704934106109	-33.075408935547
3	73688	4.705208171776	-21.152372360229
3	73701	4.70596748079	-18.491010665894
3	73705	4.706205094133	-22.047306060791
3	73712	4.707002581393	-33.910148620605
3	73716	4.707223565954	-21.684986114502
3	73732	4.708027410282	-20.540208816528
3	73736	4.708222513709	-7.6905679702759
3	73740	4.709077319109	-24.437572479248
3	73750	4.709237088594	-21.778680801392
3	73763	4.71011676859	-17.354066848755
3	73767	4.710216558466	-20.05641746521
3	73774	4.711130288367	-32.230953216553
3	73787	4.711226374738	-20.255392074585
3	73794	4.712109318355	-22.570375442505
3	73798	4.712249297945	-21.614011764526
3	73808	4.713093972858	-21.373109817505
3	73818	4.71324627315	-14.955568313599
3	73825	4.714078930215	-18.880619049072
3	73829	4.714243945836	-26.947214126587
3	73839	4.715035622585	-29.495775222778
3	73846	4.715223927432	-41.86967086792
3	73856	4.71600496054	-36.932704925537
3	73860	4.716227884333	-31.171831130981
3	73867	4.717047646484	-32.042739868164
3	73877	4.717215693067	-38.700988769531
3	73887	4.718054402566	-19.177644729614
3	73891	4.718236431607	-25.314657211304
3	73898	4.719034573706	-30.465810775757
3	73908	4.719241099156	-23.681201934814
3	73921	4.720025526208	-21.609289169312
3	73925	4.720217188489	-38.672351837158
3	73932	4.721048018673	-31.915174484253
3	73936	4.721201531802	-19.228223800659
3	73952	4.722072658323	-18.582225799561
3	73956	4.722216660433	-33.707813262939
3	73966	4.723119303704	-22.788103103638
3	73970	4.723228018037	-16.652709960938
3	73983	4.724130626679	-27.005090713501
3	73987	4.724221049104	-34.233165740967
3	73994	4.725139678994	-23.363250732422
3	73998	4.725183926062	-29.125684738159
3	74014	4.726142483801	-30.010864257812
3	74018	4.726150611577	-22.905767440796
3	74025	4.727103555403	-32.313503265381
3	74029	4.727133862618	-23.981985092163
3	74045	4.728090243932	-24.634731292725
3	74049	4.728123499715	-21.784954071045
3	74056	4.729119383322	-14.360260009766
3	74060	4.729160317256	-16.751834869385
3	74079	4.730100390907	-16.454916000366
3	74083	4.730176629273	-19.210330963135
3	74087	4.731058875749	-31.801748275757
3	74094	4.731208233057	-28.003463745117
3	74107	4.732076423695	-33.023868560791
3	74114	4.732194574364	-28.215017318726
3	74118	4.733029997315	-31.92963218689
3	74125	4.733241705951	-24.54907989502
3	74138	4.734052811379	-28.839319229126
3	74142	4.734249086166	-27.087026596069
3	74152	4.735091330401	-26.282354354858
3	74162	4.735213488091	-37.247379302979
3	74169	4.736117156329	-27.539796829224
3	74176	4.736243719128	-20.411968231201
3	74186	4.737112535332	-26.067880630493
3	74193	4.737267993203	-25.386741638184
3	74200	4.738112638794	-19.199813842773
3	74207	4.738269447548	-16.322687149048
3	74217	4.739104592449	-14.184502601624
3	74224	4.739281382903	-18.21870803833
3	74234	4.740147045106	-32.363162994385
3	74241	4.74032703441	-23.637218475342
3	74251	4.741132605376	-25.901266098022
3	74255	4.741285900609	-36.722213745117
3	74265	4.742099103375	-29.24373626709
3	74269	4.742258859324	-38.654205322266
3	74282	4.74313808224	-29.376216888428
3	74286	4.743292443826	-16.929504394531
3	74296	4.744108298485	-14.392477989197
3	74300	4.744311711348	-15.381050109863
3	74313	4.745108764933	-24.010215759277
3	74317	4.745292730249	-18.166610717773
3	74327	4.746113504746	-27.169918060303
3	74331	4.74627458604	-23.178127288818
3	74341	4.747158959719	-23.677370071411
3	74348	4.747300366948	-25.020740509033
3	74361	4.748170476183	-24.771404266357
3	74365	4.748313769272	-36.051170349121
3	74372	4.749188107593	-9.6391382217407
3	74379	4.749337831436	-26.762977600098
3	74394	4.750191247818	-33.409965515137
3	74398	4.750316583764	-17.540594100952
3	74405	4.751151366909	-27.098720550537
3	74412	4.751275000594	-28.381429672241
3	74422	4.752160685802	-22.434537887573
3	74429	4.752286652997	-28.73360824585
3	74439	4.753185894913	-25.564661026001
3	74443	4.753279390468	-22.615661621094
3	74453	4.754219139382	-19.089818954468
3	74460	4.754313589179	-33.38794708252
3	74470	4.75524107829	-24.066738128662
3	74474	4.755296728376	-16.142021179199
3	74487	4.756221304968	-22.278722763062
3	74491	4.756288428192	-29.275255203247
3	74501	4.757221051434	-7.7434587478638
3	74505	4.757239215771	-30.717401504517
3	74515	4.758207963315	-27.493026733398
3	74519	4.758215881677	-15.705755233765
3	74535	4.759188753877	-27.258840560913
3	74539	4.759262221356	-27.176040649414
3	74549	4.760165842214	-24.374221801758
3	74553	4.76023382426	-26.497856140137
3	74566	4.761130673662	-24.307901382446
3	74570	4.761255933696	-30.912595748901
3	74580	4.762158256369	-23.084817886353
3	74584	4.762301705484	-30.623054504395
3	74597	4.76317287311	-28.268527984619
3	74601	4.763320337723	-19.335920333862
3	74611	4.764187860618	-28.793323516846
3	74618	4.764284441365	-27.494779586792
3	74628	4.76519813966	-12.778870582581
3	74632	4.765302382834	-12.78502368927
3	74645	4.766237306277	-27.529844284058
3	74652	4.766318073181	-38.076122283936
3	74659	4.767191081828	-20.52170753479
3	74663	4.767340825672	-23.345840454102
3	74679	4.768222291356	-20.627372741699
3	74683	4.768367700444	-31.042013168335
3	74690	4.769231539881	-18.431772232056
3	74694	4.76940179932	-20.802627563477
3	74710	4.770269768987	-24.317182540894
3	74714	4.770447752226	-21.799207687378
3	74721	4.771289600238	-30.378797531128
3	74725	4.771412905326	-18.211032867432
3	74741	4.772338377383	-25.406044006348
3	74745	4.772381843894	-28.010652542114
3	74752	4.773342002062	-19.750240325928
3	74756	4.773365513679	-21.773086547852
3	74769	4.77435189907	-32.51717376709
3	74773	4.774356676916	-36.5364112854
3	74783	4.77530873324	-30.570291519165
3	74787	4.775379837657	-22.832992553711
3	74800	4.776315581686	-20.868808746338
3	74807	4.776379557036	-14.684832572937
3	74814	4.777299318291	-23.201498031616
3	74818	4.777377929217	-27.518325805664
3	74831	4.778305690998	-16.533103942871
3	74835	4.778393228717	-16.602886199951
3	74848	4.779323367245	-28.993986129761
3	74852	4.779365165701	-13.81086730957
3	74865	4.780337183965	-31.95987701416
3	74869	4.78033883207	-27.17719078064
3	74879	4.78132267209	-35.203556060791
3	74883	4.781331636023	-48.252487182617
3	74896	4.782318020758	-24.89893913269
3	74900	4.782328832038	-26.706312179565
3	74910	4.783303925575	-24.878200531006
3	74914	4.783366688483	-13.457754135132
3	74927	4.784287822169	-20.701335906982
3	74931	4.784395435986	-25.865949630737
3	74941	4.785323271391	-19.995300292969
3	74945	4.785372662993	-31.748462677002
3	74958	4.786288547315	-18.43646812439
3	74962	4.786330646682	-31.090114593506
3	74972	4.78725562425	-15.285892486572
3	74976	4.787287102143	-23.651737213135
3	74989	4.788274033342	-18.349477767944
3	74993	4.788288486627	-20.749851226807
3	75003	4.789241995382	-28.004570007324
3	75007	4.789331070682	-18.493967056274
3	75017	4.790287087173	-38.066612243652
3	75021	4.790353759674	-20.782777786255
3	75034	4.791301303177	-37.073425292969
3	75038	4.791373361829	-24.517444610596
3	75048	4.792295182645	-20.061899185181
3	75052	4.792383365838	-11.807850837708
3	75065	4.793248123759	-14.794182777405
3	75072	4.793336806167	-29.679244995117
3	75079	4.79421400019	-17.507478713989
3	75083	4.794336855922	-21.464273452759
3	75096	4.795246466918	-19.464269638062
3	75100	4.795320054358	-26.565732955933
3	75110	4.79625946957	-29.562578201294
3	75114	4.796333601693	-21.093202590942
3	75127	4.797281339281	-25.627054214478
3	75131	4.797343788928	-22.720029830933
3	75141	4.798237061631	-33.339859008789
3	75145	4.798338571014	-25.401805877686
3	75161	4.799218715275	-26.607027053833
3	75168	4.79937144856	-23.720849990845
3	75175	4.800201974017	-24.503244400024
3	75179	4.800358817417	-26.06902885437
3	75195	4.801208857088	-29.445917129517
3	75199	4.801327310363	-20.739936828613
3	75206	4.80224829938	-27.808712005615
3	75210	4.802311565672	-22.871784210205
3	75226	4.803252741354	-18.55224609375
3	75230	4.803355605755	-36.733081817627
3	75237	4.804285793012	-17.133213043213
3	75241	4.804340547562	-21.209623336792
3	75257	4.80523704905	-26.218147277832
3	75261	4.805307111416	-16.806903839111
3	75268	4.806214869079	-30.426065444946
3	75272	4.806287124664	-18.648817062378
3	75285	4.807246908885	-19.134845733643
3	75292	4.807324789327	-22.522817611694
3	75299	4.808267549589	-23.31023979187
3	75306	4.808321067911	-26.163637161255
3	75316	4.80927255198	-27.106939315796
3	75320	4.809339288605	-34.195175170898
3	75330	4.810249716281	-19.311178207397
3	75337	4.81029527818	-29.032201766968
3	75347	4.811268766586	-23.747905731201
3	75351	4.811271852318	-24.534648895264
3	75358	4.812237291495	-21.861133575439
3	75362	4.812291556683	-21.459402084351
3	75375	4.813201361039	-23.105175018311
3	75385	4.813263272881	-34.853622436523
3	75389	4.814158754407	-20.463054656982
3	75396	4.814221105144	-26.015474319458
3	75406	4.815132484844	-24.025075912476
3	75413	4.815266788233	-28.390661239624
3	75423	4.816160698927	-20.884408950806
3	75427	4.816297300743	-16.776092529297
3	75440	4.817205330828	-16.73221206665
3	75447	4.817259132363	-23.065246582031
3	75454	4.818222919358	-35.836368560791
3	75458	4.818233749279	-33.981853485107
3	75471	4.819220518925	-28.556690216064
3	75478	4.819243080277	-22.511072158813
3	75491	4.820228357755	-18.725679397583
3	75495	4.820270809124	-23.906940460205
3	75505	4.821186353427	-20.271348953247
3	75509	4.821308708167	-24.753904342651
3	75516	4.822164059667	-22.676258087158
3	75526	4.82230947251	-30.927362442017
3	75533	4.823115286343	-36.663600921631
3	75540	4.823274003903	-21.406299591064
3	75547	4.824082937287	-33.099964141846
3	75554	4.824294166629	-32.096237182617
3	75567	4.825124054118	-17.571254730225
3	75574	4.82526073216	-22.920001983643
3	75581	4.826141230748	-16.620916366577
3	75588	4.826251655289	-28.915069580078
3	75601	4.827130342735	-30.753290176392
3	75605	4.827299031426	-29.948566436768
3	75612	4.828105697348	-24.203399658203
3	75619	4.828331055499	-22.074298858643
3	75629	4.829151776326	-18.786697387695
3	75636	4.829360522529	-24.776670455933
3	75646	4.830201421858	-24.780466079712
3	75650	4.830317494275	-21.156337738037
3	75663	4.831201126564	-16.966772079468
3	75667	4.831352618565	-21.507120132446
3	75674	4.832200445615	-35.622394561768
3	75681	4.832339943624	-20.512258529663
3	75694	4.833176781315	-27.355613708496
3	75698	4.833316464994	-30.078783035278
3	75708	4.83422237172	-15.779567718506
3	75712	4.834331846087	-17.791349411011
3	75725	4.835270238895	-30.270763397217
3	75729	4.83530331479	-22.956335067749
3	75739	4.836319865899	-18.037944793701
3	75743	4.83633627701	-20.49054145813
3	75756	4.837320351996	-16.108213424683
3	75760	4.837380279351	-28.848436355591
3	75770	4.838285126523	-18.475070953369
3	75774	4.83835679476	-22.608112335205
3	75790	4.839326370867	-11.897171974182
3	75794	4.839346312046	-14.313757896423
3	75804	4.840310350099	-27.211776733398
3	75808	4.840368381026	-23.308641433716
3	75821	4.841303075519	-16.944606781006
3	75825	4.841396979298	-18.763120651245
3	75835	4.84226229095	-29.430620193481
3	75839	4.842370231722	-20.603546142578
3	75852	4.843298570924	-16.904445648193
3	75856	4.8434201313	-15.621705055237
3	75866	4.844251002642	-22.413227081299
3	75870	4.844394206976	-29.825199127197
3	75883	4.845273583421	-23.574377059937
3	75887	4.845358723771	-24.530874252319
3	75897	4.84627066027	-20.542072296143
3	75901	4.846323249268	-22.295333862305
3	75914	4.847259044271	-13.779117584229
3	75918	4.847342609848	-23.300498962402
3	75928	4.848214295517	-21.643854141235
3	75932	4.848351058115	-24.47537612915
3	75945	4.849259981135	-22.252212524414
3	75949	4.849355163746	-20.13108253479
3	75959	4.85022468558	-25.226272583008
3	75963	4.85030940781	-29.837425231934
3	75973	4.851230320682	-6.8338460922241
3	75977	4.851339957535	-21.522315979004
3	75990	4.852241947371	-27.508430480957
3	75994	4.852343541089	-25.698530197144
3	76004	4.853291072867	-16.651193618774
3	76014	4.853380415243	-18.052825927734
3	76021	4.854285635169	-21.382616043091
3	76025	4.854339093092	-17.635446548462
3	76038	4.855288385594	-19.306146621704
3	76045	4.855319025634	-19.022804260254
3	76052	4.856318063662	-22.765037536621
3	76056	4.856323279272	-22.910419464111
3	76072	4.85731426234	-20.326728820801
3	76076	4.8573470743	-17.006843566895
3	76083	4.858304657037	-20.738862991333
3	76087	4.858324524479	-11.016070365906
3	76103	4.859287233209	-25.131977081299
3	76107	4.85934298156	-14.852374076843
3	76117	4.860294728873	-30.202297210693
3	76121	4.860386580755	-18.490745544434
3	76134	4.861278447182	-22.824970245361
3	76138	4.861364217816	-23.023086547852
3	76148	4.86231754488	-21.194467544556
3	76152	4.862352181342	-24.778249740601
3	76162	4.86327676513	-15.797094345093
3	76169	4.863349027826	-24.021562576294
3	76179	4.864309274822	-16.351671218872
3	76183	4.864318779638	-22.656618118286
3	76193	4.865297472074	-17.278690338135
3	76197	4.865330500105	-26.973667144775
3	76210	4.866279658662	-24.537710189819
3	76214	4.866360106765	-15.465713500977
3	76224	4.867328557629	-18.224576950073
3	76231	4.867382196533	-33.49222946167
3	76241	4.868355331491	-37.097053527832
3	76245	4.868374957134	-37.959747314453
3	76258	4.869326699565	-28.629518508911
3	76262	4.869360693574	-16.223114013672
3	76272	4.870294837109	-25.730167388916
3	76276	4.870318820695	-22.010829925537
3	76286	4.871253504456	-24.116138458252
3	76290	4.871313135425	-28.343286514282
3	76303	4.872230243458	-22.277719497681
3	76307	4.872332088243	-19.768632888794
3	76320	4.873192387494	-28.850370407104
3	76324	4.873361038249	-24.764364242554
3	76334	4.874165331451	-23.341148376465
3	76338	4.874334546047	-21.911905288696
3	76348	4.875157935151	-31.207124710083
3	76355	4.875310428067	-24.995710372925
3	76365	4.876136899697	-20.606767654419
3	76369	4.876272303979	-35.348667144775
3	76382	4.877102113371	-24.680446624756
3	76386	4.877310136659	-32.156368255615
3	76396	4.878082345076	-24.877885818481
3	76400	4.878273420371	-23.524501800537
3	76416	4.879094393531	-22.020376205444
3	76420	4.879299923756	-31.954683303833
3	76430	4.880106712612	-30.670381546021
3	76434	4.880254187898	-12.363918304443
3	76444	4.881059605126	-22.448001861572
3	76451	4.881284884119	-31.782480239868
3	76461	4.882055048401	-22.703580856323
3	76465	4.882322980121	-29.023931503296
3	76475	4.883050823523	-22.914066314697
3	76482	4.883291175354	-22.485342025757
3	76492	4.884085580679	-33.922637939453
3	76496	4.884285567043	-30.334592819214
3	76506	4.885073320701	-34.651874542236
3	76513	4.885259812442	-36.663021087646
3	76523	4.886105482386	-29.193727493286
3	76527	4.886303951739	-21.697271347046
3	76537	4.887081890997	-24.643642425537
3	76541	4.887276665325	-24.731449127197
3	76554	4.888080663366	-30.188173294067
3	76558	4.888281887922	-23.439027786255
3	76568	4.889112785433	-34.346714019775
3	76572	4.889283481877	-20.918437957764
3	76585	4.890141542489	-28.011577606201
3	76589	4.890315834299	-25.637210845947
3	76596	4.891092565	-24.431383132935
3	76603	4.891348561505	-29.544490814209
3	76616	4.892134390416	-26.864364624023
3	76620	4.892395592328	-26.041086196899
3	76630	4.893103686644	-14.664870262146
3	76634	4.89341251107	-29.402402877808
3	76647	4.894067196839	-26.304456710815
3	76651	4.894395361645	-26.834524154663
3	76661	4.895060776784	-28.585729598999
3	76668	4.895444448674	-28.907911300659
3	76678	4.896100877874	-22.546798706055
3	76682	4.896406515849	-22.597152709961
3	76692	4.897136423928	-15.58384513855
3	76696	4.8974247624	-20.22794342041
3	76709	4.898165895628	-35.679050445557
3	76713	4.898460719004	-30.034139633179
3	76726	4.899161552589	-27.958683013916
3	76733	4.899487687344	-27.874612808228
3	76743	4.900156754363	-24.532451629639
3	76747	4.900534731298	-28.003391265869
3	76757	4.90111262378	-30.939651489258
3	76761	4.901491027684	-23.358118057251
3	76774	4.902153534635	-30.007246017456
3	76778	4.902477744874	-18.836332321167
3	76788	4.903203395672	-36.773422241211
3	76795	4.903510864937	-24.650024414062
3	76805	4.904224995655	-21.441677093506
3	76809	4.904502179776	-29.077302932739
3	76819	4.905225803105	-26.143138885498
3	76823	4.905495228267	-29.730587005615
3	76836	4.906250208762	-20.258346557617
3	76840	4.90653714267	-21.005460739136
3	76850	4.907214498992	-25.907510757446
3	76854	4.907494359288	-31.888431549072
3	76867	4.908181763139	-31.787378311157
3	76871	4.908525628436	-25.756498336792
3	76881	4.909198886244	-15.415549278259
3	76888	4.909558127998	-36.326084136963
3	76898	4.910182808003	-20.90186882019
3	76902	4.910525821366	-23.704914093018
3	76912	4.911171712153	-30.568225860596
3	76916	4.911564800272	-27.197179794312
3	76929	4.912176121572	-27.02334022522
3	76933	4.912599707473	-31.137870788574
3	76943	4.913206985893	-19.628520965576
3	76947	4.91356593985	-29.115200042725
3	76957	4.91417299782	-18.172821044922
3	76964	4.914590890236	-25.878992080688
3	76974	4.915143926268	-28.654598236084
3	76984	4.915606209464	-16.558975219727
3	76988	4.91615748585	-29.057325363159
3	76995	4.916619810388	-27.671384811401
3	77005	4.917155559806	-20.220069885254
3	77012	4.917597901844	-14.853785514832
3	77019	4.918180214219	-25.122711181641
3	77026	4.918551682607	-33.679592132568
3	77039	4.919142979339	-14.550333023071
3	77046	4.919592942799	-25.779781341553
3	77053	4.920173026746	-28.070281982422
3	77063	4.920630849734	-28.336200714111
3	77070	4.921192529772	-22.847198486328
3	77077	4.921597024381	-22.045558929443
3	77084	4.922144870744	-13.821120262146
3	77094	4.922572350012	-25.345376968384
3	77104	4.923164473904	-33.926448822021
3	77108	4.923532787401	-31.137607574463
3	77118	4.924131285835	-20.962591171265
3	77125	4.924555732655	-20.454460144043
3	77132	4.925133475294	-22.521848678589
3	77139	4.925593537302	-24.792152404785
3	77146	4.926095071635	-32.485157012939
3	77156	4.926582307234	-19.885740280151
3	77160	4.927048050489	-33.810325622559
3	77170	4.927559534868	-21.455247879028
3	77180	4.928053759712	-24.116165161133
3	77187	4.928510164708	-19.860628128052
3	77191	4.929031209619	-32.616214752197
3	77201	4.929557265341	-8.6163387298584
3	77208	4.930005706072	-24.128019332886
3	77218	4.930579028664	-32.382930755615
3	77225	4.930995002536	-20.008066177368
3	77232	4.93161734768	-19.013648986816
3	77239	4.931977141672	-20.728288650513
3	77249	4.932596646532	-25.62656211853
3	77253	4.932935670533	-22.028078079224
3	77263	4.933596908732	-19.664066314697
3	77270	4.933932851794	-30.502321243286
3	77280	4.934587810347	-20.247045516968
3	77287	4.934889813007	-27.832242965698
3	77294	4.935590235283	-23.459222793579
3	77301	4.935858882626	-19.281873703003
3	77308	4.936593419564	-18.321729660034
3	77318	4.936879153124	-27.757329940796
3	77325	4.937568619934	-31.941497802734
3	77332	4.937857297489	-15.068552017212
3	77339	4.938573463801	-19.821256637573
3	77352	4.938830544206	-19.814775466919
3	77359	4.939529568415	-34.339878082275
3	77363	4.939787800236	-20.400087356567
3	77373	4.940484445304	-29.426010131836
3	77383	4.940818852534	-36.065830230713
3	77390	4.941526657073	-18.123739242554
3	77394	4.941817345683	-30.054063796997
3	77404	4.942493906626	-30.204133987427
3	77414	4.942816524696	-14.003289222717
3	77421	4.94347269073	-23.31591796875
3	77425	4.943805231355	-13.487607955933
3	77438	4.944510456066	-17.398015975952
3	77442	4.944777460737	-31.634317398071
3	77452	4.945558333402	-23.642274856567
3	77456	4.945816106442	-31.657112121582
3	77469	4.9465703615	-29.683626174927
3	77473	4.946860287061	-28.704914093018
3	77483	4.947560653182	-31.154151916504
3	77493	4.947890806278	-30.499082565308
3	77500	4.948516633678	-27.854005813599
3	77507	4.948929667447	-20.019113540649
3	77514	4.949479708686	-27.75256729126
3	77524	4.949948687957	-29.434642791748
3	77528	4.950449425426	-30.646299362183
3	77538	4.950992276423	-34.081207275391
3	77545	4.951472818598	-25.028926849365
3	77555	4.952034445593	-25.853647232056
3	77559	4.952429698221	-24.172101974487
3	77566	4.953029850647	-27.866817474365
3	77576	4.953462546404	-29.396047592163
3	77583	4.954078659673	-35.471775054932
3	77590	4.954416556268	-32.674293518066
3	77597	4.955105783955	-25.932327270508
3	77607	4.955428843573	-37.064769744873
3	77614	4.956122234916	-19.875679016113
3	77621	4.956430407084	-23.233242034912
3	77628	4.957125461244	-28.346244812012
3	77635	4.957388890822	-29.332523345947
3	77648	4.958155703362	-29.204372406006
3	77652	4.958411249344	-29.61141204834
3	77665	4.959195054531	-24.011388778687
3	77669	4.959372894846	-30.333673477173
3	77679	4.96024049826	-28.520555496216
3	77686	4.960411180296	-23.911380767822
3	77696	4.961253233584	-22.288551330566
3	77703	4.961390687354	-27.693525314331
3	77710	4.96221982535	-15.821585655212
3	77717	4.962426584336	-26.024671554565
3	77727	4.963240656915	-27.27730178833
3	77731	4.96339241811	-29.196073532104
3	77741	4.964195555496	-22.982076644897
3	77748	4.964436327521	-29.661870956421
3	77755	4.965209457068	-18.041009902954
3	77762	4.965411840529	-18.537265777588
3	77772	4.966178571042	-20.216918945312
3	77779	4.966423360739	-16.526439666748
3	77786	4.96719939641	-25.956325531006
3	77793	4.967398753257	-22.835887908936
3	77803	4.968210516617	-22.177822113037
3	77810	4.968418112442	-32.759479522705
3	77817	4.969164713885	-28.194128036499
3	77824	4.96938073452	-17.746892929077
3	77834	4.970191335405	-42.117897033691
3	77841	4.970373492341	-19.649381637573
3	77848	4.971174522506	-20.726818084717
3	77855	4.971350519977	-28.29850769043
3	77865	4.972146661137	-16.331468582153
3	77872	4.972329842813	-23.484630584717
3	77879	4.973123768496	-24.455659866333
3	77886	4.973320894972	-23.025762557983
3	77896	4.974149729676	-27.382966995239
3	77903	4.974361128276	-24.497404098511
3	77913	4.975150786953	-24.550058364868
3	77917	4.975357225494	-19.157320022583
3	77927	4.976112928131	-21.117467880249
3	77931	4.976310522334	-38.917114257812
3	77944	4.977141829322	-20.687746047974
3	77948	4.97727386714	-21.928359985352
3	77958	4.978190189056	-22.597064971924
3	77962	4.978302287683	-25.655296325684
3	77978	4.979142357614	-17.845483779907
3	77982	4.979281559444	-22.685119628906
3	77992	4.98018392508	-26.836893081665
3	77996	4.980244004466	-22.771146774292
3	78009	4.981209583767	-18.095714569092
3	78013	4.981250615481	-23.187517166138
3	78023	4.98222236146	-14.802633285522
3	78027	4.98224158172	-28.341184616089
3	78040	4.98325790535	-27.348476409912
3	78044	4.983284387894	-17.230405807495
3	78054	4.984267985274	-41.307216644287
3	78058	4.984276384318	-26.992420196533
3	78074	4.985226585319	-18.918142318726
3	78078	4.985246698763	-22.865209579468
3	78085	4.986264330015	-33.900367736816
3	78089	4.986266949556	-25.595331192017
3	78105	4.987281107855	-29.077440261841
3	78109	4.987283330838	-22.535348892212
3	78116	4.988268062953	-33.548461914062
3	78120	4.988280428829	-40.670761108398
3	78136	4.989244886634	-24.897102355957
3	78140	4.989314615579	-16.631494522095
3	78147	4.990263747615	-24.319704055786
3	78151	4.990295846099	-31.429092407227
3	78167	4.991304393172	-12.466256141663
3	78171	4.991344254384	-25.964366912842
3	78178	4.992325147727	-23.350124359131
3	78182	4.992370182117	-28.316287994385
3	78198	4.99328826917	-26.211601257324
3	78205	4.993405114855	-37.207958221436
3	78209	4.994288607951	-26.135025024414
3	78213	4.994356061478	-33.538528442383
3	78229	4.995278816484	-29.886077880859
3	78233	4.995330776548	-23.29508972168
3	78243	4.996302689672	-18.692211151123
3	78247	4.996323537771	-31.784376144409
3	78257	4.997307217575	-24.135599136353
3	78261	4.997313492603	-19.347646713257
3	78271	4.998306214354	-32.072219848633
3	78275	4.998330724048	-25.062734603882
3	78294	4.999293042315	-24.258159637451
3	78298	4.99931555029	-37.598468780518
4	15642	1.000110202438	1.0000002e-14
4	15646	1.000351174352	1.0000002e-14
4	15665	1.001136938316	1.0000002e-14
4	15669	1.001323667852	1.0000002e-14
4	15676	1.002180181951	1.0000002e-14
4	15680	1.002315933161	1.0000002e-14
4	15696	1.003168384359	1.0000002e-14
4	15703	1.00334569451	1.0000002e-14
4	15707	1.004207289667	1.0000002e-14
4	15711	1.004339886487	1.0000002e-14
4	15724	1.005189712022	1.0000002e-14
4	15731	1.005303980685	1.0000002e-14
4	15738	1.006160929235	1.0000002e-14
4	15742	1.006344157091	1.0000002e-14
4	15758	1.007127656622	1.0000002e-14
4	15762	1.007332925357	1.4699359198307e-09
4	15769	1.008086212482	1.0000002e-14
4	15773	1.008351013369	1.0000002e-14
4	15783	1.009040767419	1.0000002e-14
4	15796	1.009341123417	1.0000002e-14
4	15800	1.010036886723	1.0000002e-14
4	15807	1.01038948222	8.002457321523e-14
4	15814	1.011078300812	1.0000002e-14
4	15821	1.011344913689	6.7483210776286e-12
4	15831	1.012082131254	1.0000002e-14
4	15835	1.012306975429	1.0000002e-14
4	15842	1.013103920368	1.1906808925221e-13
4	15855	1.013318350165	1.0000002e-14
4	15862	1.014106978186	1.0000002e-14
4	15869	1.0143671995	1.0000002e-14
4	15873	1.015077493871	1.0000002e-14
4	15886	1.015358950616	1.0000002e-14
4	15893	1.016090782058	1.0000002e-14
4	15900	1.01639342057	8.1325841452567e-11
4	15904	1.017129829817	4.3412252923148e-05
4	15914	1.017403691989	1.0000002e-14
4	15927	1.018172820425	1.0000002e-14
4	15931	1.018416036183	1.0000002e-14
4	15935	1.019189286848	1.0000002e-14
4	15942	1.019381925117	1.0000002e-14
4	15955	1.020185006526	1.0000002e-14
4	15962	1.020379056257	1.0000002e-14
4	15966	1.021212021728	1.0000002e-14
4	15973	1.021400415385	1.0000002e-14
4	15989	1.022230903118	1.8292906084466e-10
4	15996	1.022367592707	1.0000002e-14
4	16000	1.023228770925	9.3855482807163e-13
4	16004	1.023341833754	1.0000002e-14
4	16020	1.024251293767	1.0000002e-14
4	16027	1.024389692568	1.0000002e-14
4	16031	1.025261281121	1.0000002e-14
4	16038	1.025431120141	1.0000002e-14
4	16051	1.026216033584	1.2860813497644e-12
4	16055	1.026422358768	1.0000002e-14
4	16062	1.02725648632	2.0870622268287e-12
4	16066	1.027435680178	1.0000002e-14
4	16079	1.028257270407	1.0000002e-14
4	16089	1.028463332068	1.0000002e-14
4	16093	1.029220317349	1.0000002e-14
4	16097	1.029496187357	1.0000002e-14
4	16113	1.030269309512	1.0000002e-14
4	16120	1.030508833304	1.0000002e-14
4	16124	1.031273072556	1.0000002e-14
4	16128	1.031523382062	1.0000002e-14
4	16141	1.032257309245	1.0000002e-14
4	16151	1.032494657232	1.0000002e-14
4	16155	1.033265091444	1.0000002e-14
4	16165	1.033500106798	1.0000002e-14
4	16175	1.034233892395	1.0000002e-14
4	16182	1.034542677083	1.0000002e-14
4	16186	1.035258516569	1.0000002e-14
4	16190	1.035511200113	1.273465196995e-14
4	16206	1.03627982928	6.3430136612242e-13
4	16210	1.036516952657	1.0000002e-14
4	16217	1.037315442046	1.0000002e-14
4	16224	1.037535702615	1.0000002e-14
4	16237	1.038293821018	1.0000002e-14
4	16241	1.038499971181	1.0000002e-14
4	16248	1.039280594052	1.0000002e-14
4	16255	1.039506048262	1.0000002e-14
4	16268	1.040257738207	1.0000002e-14
4	16272	1.040545848375	1.2098143788779e-13
4	16279	1.041256262382	1.0000002e-14
4	16286	1.041533716522	1.0000002e-14
4	16302	1.042221760744	1.0000002e-14
4	16306	1.042568858855	1.0000002e-14
4	16313	1.043254323232	1.0000002e-14
4	16317	1.043538064061	1.0000002e-14
4	16333	1.044294100423	2.0032251893062e-13
4	16337	1.04454797107	1.0000002e-14
4	16344	1.04524843614	1.0000002e-14
4	16348	1.04553204041	1.0000002e-14
4	16364	1.046252244284	1.0000002e-14
4	16368	1.046491929108	1.0000002e-14
4	16375	1.047260397848	5.3446215981903e-14
4	16379	1.047445426776	1.0000002e-14
4	16395	1.048212598484	1.0000002e-14
4	16399	1.048428761544	1.0000002e-14
4	16406	1.049220998623	1.0000002e-14
4	16410	1.049431985063	1.0000002e-14
4	16426	1.050210879776	1.0000002e-14
4	16430	1.050445858377	1.0000002e-14
4	16437	1.051198243695	1.0000002e-14
4	16441	1.051411544969	1.3711548669363e-14
4	16457	1.052202848075	1.0000002e-14
4	16461	1.052381321949	1.0000002e-14
4	16468	1.05324720095	1.0000002e-14
4	16475	1.053375360179	1.0000002e-14
4	16488	1.054297099105	1.0000002e-14
4	16492	1.054343665613	1.0000002e-14
4	16499	1.05527247932	1.7376616523583e-14
4	16506	1.055383955651	1.0000002e-14
4	16519	1.056238235089	1.0000002e-14
4	16523	1.056418282237	1.0000002e-14
4	16530	1.057273627124	1.0000002e-14
4	16540	1.057426377819	1.0000002e-14
4	16547	1.058295152366	1.0000002e-14
4	16554	1.058377642198	1.0000002e-14
4	16561	1.059325180657	1.0000002e-14
4	16565	1.059403875853	1.0000002e-14
4	16581	1.060347210916	1.0000002e-14
4	16585	1.060371551266	1.0000002e-14
4	16592	1.061332560472	1.0000002e-14
4	16596	1.061406665787	1.0000002e-14
4	16615	1.062359024815	1.0000002e-14
4	16619	1.062362081901	1.0000002e-14
4	16626	1.063329945993	1.0000002e-14
4	16630	1.063379330238	1.0000002e-14
4	16643	1.064289724573	1.0000002e-14
4	16647	1.064340033814	1.0000002e-14
4	16657	1.065330501478	1.0000002e-14
4	16661	1.065338264864	1.0000002e-14
4	16674	1.066300186021	1.0000002e-14
4	16678	1.066332458365	1.5314466580466e-14
4	16688	1.067250202413	1.0000002e-14
4	16692	1.067352410605	1.0000002e-14
4	16705	1.068261687663	1.0000002e-14
4	16709	1.068380814299	1.0000002e-14
4	16719	1.069248586059	1.0000002e-14
4	16723	1.069380993839	1.0000002e-14
4	16736	1.070243649499	1.0000002e-14
4	16743	1.070429357754	1.0000002e-14
4	16750	1.071223510512	1.0000002e-14
4	16754	1.071474533411	1.0000002e-14
4	16767	1.072224175744	1.0000002e-14
4	16771	1.072426594598	1.0000002e-14
4	16781	1.073175478723	1.0000002e-14
4	16785	1.073458335781	1.0000002e-14
4	16798	1.074172634249	1.0000002e-14
4	16802	1.074462671445	1.0000002e-14
4	16812	1.075176510289	1.0000002e-14
4	16816	1.075421941848	1.0000002e-14
4	16829	1.076130523176	1.0000002e-14
4	16833	1.076455839267	1.0000002e-14
4	16843	1.077122176782	1.0000002e-14
4	16847	1.077421270738	1.0000002e-14
4	16860	1.078138536967	1.0000002e-14
4	16864	1.078458753204	1.0000002e-14
4	16874	1.079184948751	1.0000002e-14
4	16878	1.079493140666	1.0000002e-14
4	16891	1.080193118368	1.0000002e-14
4	16895	1.080447331508	4.1821652270011e-13
4	16905	1.081177735992	1.0000002e-14
4	16909	1.081487003286	1.0000002e-14
4	16925	1.082134080049	1.0000002e-14
4	16929	1.082445065565	1.0000002e-14
4	16939	1.083101622807	1.0000002e-14
4	16943	1.083443462665	1.0000002e-14
4	16956	1.084092671475	1.0000002e-14
4	16960	1.084436473477	1.0000002e-14
4	16970	1.085112376046	1.0000002e-14
4	16974	1.085394170366	1.0000002e-14
4	16987	1.086137018443	1.0000002e-14
4	16991	1.086387030178	1.0000002e-14
4	17001	1.08711621123	1.0000002e-14
4	17005	1.087398695331	1.0000002e-14
4	17018	1.088091291612	1.0000002e-14
4	17022	1.08839837319	1.0000002e-14
4	17032	1.089109054226	1.0000002e-14
4	17036	1.089381478527	1.0000002e-14
4	17049	1.090152089849	1.0000002e-14
4	17053	1.09040025446	1.0000002e-14
4	17063	1.091183757051	1.0000002e-14
4	17067	1.09138728249	1.0000002e-14
4	17080	1.092179926437	1.0000002e-14
4	17084	1.092384195813	1.0000002e-14
4	17094	1.093196100933	1.0000002e-14
4	17098	1.093352526	1.0000002e-14
4	17111	1.094173875102	1.0000002e-14
4	17118	1.094397270682	1.0000002e-14
4	17125	1.095218623235	1.0000002e-14
4	17129	1.095361833907	1.0000002e-14
4	17142	1.096187026867	1.0000002e-14
4	17149	1.096391066999	1.0000002e-14
4	17156	1.097159424899	1.0000002e-14
4	17163	1.097416579917	1.0000002e-14
4	17170	1.098141790968	1.0000002e-14
4	17180	1.098403489092	1.0000002e-14
4	17190	1.099138686473	1.0000002e-14
4	17194	1.099418022453	1.0000002e-14
4	17198	1.100096729837	1.0000002e-14
4	17211	1.100414437059	6.4925579061943e-12
4	17218	1.101059811341	1.0000002e-14
4	17225	1.101366309263	1.0000002e-14
4	17235	1.102068395629	1.0000002e-14
4	17248	1.102335616546	1.0000002e-14
4	17255	1.103039556985	1.0000002e-14
4	17259	1.103348392039	1.0000002e-14
4	17266	1.104082106649	1.0000002e-14
4	17273	1.104390185212	1.0000002e-14
4	17286	1.105113867169	1.0000002e-14
4	17290	1.105438480329	1.0000002e-14
4	17297	1.106083167726	1.0000002e-14
4	17310	1.10646307118	1.0000002e-14
4	17314	1.10706143179	1.0000002e-14
4	17321	1.107504787609	1.0000002e-14
4	17325	1.108025186068	1.0000002e-14
4	17341	1.108496031813	1.0000002e-14
4	17348	1.109071832943	4.0134505583574e-13
4	17352	1.109447342206	2.5029143634487e-11
4	17356	1.110054322286	1.0000002e-14
4	17369	1.110480618316	1.0000002e-14
4	17379	1.111023774742	1.0000002e-14
4	17383	1.111493111999	1.0000002e-14
4	17390	1.112063380009	1.0000002e-14
4	17400	1.112452321251	1.0000002e-14
4	17407	1.113056497196	1.0000002e-14
4	17414	1.113481201415	1.0000002e-14
4	17421	1.114040946672	1.0000002e-14
4	17434	1.114450449219	1.0000002e-14
4	17438	1.115027097347	1.0000002e-14
4	17445	1.115500097316	4.3428746995883e-11
4	17452	1.115999622791	1.0000002e-14
4	17465	1.116487251452	1.0000002e-14
4	17469	1.116963809735	1.0000002e-14
4	17476	1.117475257959	1.0000002e-14
4	17483	1.117989563202	1.0000002e-14
4	17496	1.1185001121	1.0000002e-14
4	17500	1.118978150414	1.0000002e-14
4	17507	1.119469947965	1.0000002e-14
4	17514	1.120007974268	1.0000002e-14
4	17524	1.120448993852	1.0000002e-14
4	17531	1.120997542381	4.0846953982734e-12
4	17538	1.121432319981	1.0000002e-14
4	17548	1.121951958047	1.0000002e-14
4	17558	1.122385498737	1.0000002e-14
4	17565	1.122930091359	1.0000002e-14
4	17572	1.123396923111	1.0000002e-14
4	17579	1.123907913586	1.0000002e-14
4	17589	1.124382571829	1.0000002e-14
4	17596	1.124857961022	1.0000002e-14
4	17600	1.125415801176	1.0000002e-14
4	17610	1.125875051968	1.0000002e-14
4	17620	1.126371768503	1.0000002e-14
4	17627	1.126877065961	1.0000002e-14
4	17634	1.127397489277	1.0000002e-14
4	17641	1.127854534866	1.0000002e-14
4	17651	1.128415332987	1.015446165094e-10
4	17658	1.128850142674	1.0000002e-14
4	17665	1.129387739435	1.0000002e-14
4	17675	1.129860974221	1.0000002e-14
4	17679	1.130338873224	1.0000002e-14
4	17689	1.130905715506	1.0000002e-14
4	17696	1.131373063674	1.0000002e-14
4	17706	1.131879359223	1.0000002e-14
4	17710	1.132407820781	1.0000002e-14
4	17720	1.132894512087	1.0000002e-14
4	17727	1.133429982209	1.6289189317117e-12
4	17737	1.13390999627	1.0000002e-14
4	17744	1.134442204321	1.0000002e-14
4	17751	1.134905445072	1.0000002e-14
4	17758	1.135411173512	1.0000002e-14
4	17762	1.135867811586	1.0000002e-14
4	17772	1.136413618925	8.768627909291e-12
4	17779	1.136846899609	1.0000002e-14
4	17789	1.137379459394	1.0000002e-14
4	17793	1.137858942464	1.0000002e-14
4	17803	1.138355163725	1.0000002e-14
4	17810	1.138859730083	1.0000002e-14
4	17817	1.139337950939	1.0000002e-14
4	17827	1.13982439699	5.2786135627524e-12
4	17837	1.140322306264	1.0000002e-14
4	17844	1.140840198652	1.0000002e-14
4	17851	1.141359877308	1.0000002e-14
4	17855	1.141856329466	1.0000002e-14
4	17871	1.14240552634	1.0000002e-14
4	17878	1.14283943591	1.0000002e-14
4	17882	1.143414622161	1.0000002e-14
4	17889	1.143811617398	1.0000002e-14
4	17902	1.144428104833	1.0000002e-14
4	17909	1.144840560917	1.0000002e-14
4	17916	1.145463460621	1.0000002e-14
4	17920	1.145887700065	1.0835262756778e-12
4	17933	1.146453722214	1.0000002e-14
4	17940	1.146911264972	1.0000002e-14
4	17947	1.147497511031	1.0000002e-14
4	17951	1.14787854381	1.0000002e-14
4	17964	1.148544986938	1.0000002e-14
4	17971	1.148928367468	1.0982942157002e-10
4	17978	1.149547797012	1.0000002e-14
4	17982	1.149947937263	1.0000002e-14
4	17995	1.150582743028	1.0000002e-14
4	18002	1.150921367538	1.0000002e-14
4	18009	1.151549251871	1.0000002e-14
4	18013	1.15195549706	1.0000002e-14
4	18026	1.15255108094	1.0000002e-14
4	18033	1.152960709852	1.0000002e-14
4	18040	1.153512438933	1.0000002e-14
4	18044	1.1539327087	1.0000002e-14
4	18057	1.154533012503	1.0000002e-14
4	18064	1.154905681723	1.0000002e-14
4	18071	1.155563781589	1.0000002e-14
4	18075	1.155877546854	1.0000002e-14
4	18088	1.156547547442	1.0000002e-14
4	18095	1.156882897805	1.0000002e-14
4	18102	1.15756591134	1.0000002e-14
4	18106	1.157841650303	1.0000002e-14
4	18122	1.158591219573	1.0000002e-14
4	18126	1.158877847509	1.0000002e-14
4	18133	1.15960262271	1.0000002e-14
4	18137	1.159911763771	1.0000002e-14
4	18153	1.16063972232	1.0000002e-14
4	18157	1.160871650925	1.0000002e-14
4	18164	1.16166680043	1.0000002e-14
4	18174	1.161906027879	1.0000002e-14
4	18187	1.16271517486	1.0000002e-14
4	18191	1.162955165779	1.0000002e-14
4	18198	1.163765062303	1.0000002e-14
4	18205	1.163959785763	1.0000002e-14
4	18218	1.164785232868	1.0000002e-14
4	18222	1.164913177543	1.0000002e-14
4	18229	1.16582247855	1.0000002e-14
4	18233	1.165949713933	1.0000002e-14
4	18249	1.166863962242	1.0000002e-14
4	18253	1.166911313561	1.2541381017074e-14
4	18263	1.167905241674	1.0000002e-14
4	18270	1.167947310898	1.0000002e-14
4	18280	1.168887724479	1.0000002e-14
4	18284	1.168978688505	1.0000002e-14
4	18294	1.169893124707	1.0000002e-14
4	18301	1.169987778944	1.0000002e-14
4	18311	1.170864561316	1.0000002e-14
4	18315	1.171024425273	1.0000002e-14
4	18325	1.171900804074	1.0000002e-14
4	18332	1.172008603133	1.0000002e-14
4	18342	1.172932073709	1.0000002e-14
4	18346	1.172969540621	1.0000002e-14
4	18362	1.173951720068	1.0000002e-14
4	18366	1.173963074257	1.0000002e-14
4	18373	1.174916931455	1.0000002e-14
4	18377	1.174976259912	1.0000002e-14
4	18390	1.175871596164	1.0000002e-14
4	18394	1.175973951497	1.0000002e-14
4	18404	1.176906721174	1.0000002e-14
4	18408	1.176969908957	1.0000002e-14
4	18412	1.17788088918	1.0000002e-14
4	18425	1.178001796903	1.0000002e-14
4	18435	1.17892620418	3.741295487489e-10
4	18439	1.178972346584	1.0000002e-14
4	18446	1.179931105429	1.0000002e-14
4	18450	1.179944073394	1.0000002e-14
4	18466	1.180973842571	1.0000002e-14
4	18470	1.180976676791	5.0012426114387e-14
4	18483	1.181934476885	1.0000002e-14
4	18487	1.181982510387	1.0000002e-14
4	18500	1.18291771675	1.0000002e-14
4	18504	1.18293999382	1.0000002e-14
4	18511	1.18387950624	1.0000002e-14
4	18518	1.183974791291	1.0000002e-14
4	18531	1.184904989704	1.0000002e-14
4	18535	1.184950261311	1.2569274929588e-11
4	18542	1.185878819825	1.0000002e-14
4	18546	1.185980970344	1.0000002e-14
4	18562	1.186835019136	1.0000002e-14
4	18566	1.187014929258	1.0000002e-14
4	18573	1.187864388262	1.0000002e-14
4	18583	1.188044152724	1.0000002e-14
4	18593	1.188890080755	1.0000002e-14
4	18597	1.189005342033	1.0000002e-14
4	18604	1.189904985693	1.0000002e-14
4	18614	1.190004392396	1.0000002e-14
4	18624	1.19092180248	1.0000002e-14
4	18628	1.190965649956	1.0000002e-14
4	18638	1.191881121862	9.5706315055404e-06
4	18642	1.191988586311	1.0000002e-14
4	18655	1.192841476923	1.0000002e-14
4	18659	1.192986431336	1.0000002e-14
4	18666	1.193864048531	1.0000002e-14
4	18673	1.193944385703	1.0000002e-14
4	18686	1.194855305807	1.0000002e-14
4	18690	1.194992347171	1.0000002e-14
4	18700	1.195878236328	1.0000002e-14
4	18704	1.196010064223	1.0000002e-14
4	18717	1.196857081869	1.0000002e-14
4	18721	1.197016733416	1.0000002e-14
4	18728	1.197824927277	1.0000002e-14
4	18735	1.197977718571	1.0000002e-14
4	18748	1.198850933856	1.0000002e-14
4	18752	1.199022630826	1.0000002e-14
4	18762	1.199810776712	1.0000002e-14
4	18766	1.199976211253	1.0000002e-14
4	18779	1.200768367002	1.0000002e-14
4	18783	1.200977211833	1.0000002e-14
4	18796	1.201814627371	1.0000002e-14
4	18800	1.202007867789	1.0000002e-14
4	18813	1.202796733789	1.0000002e-14
4	18817	1.203046082459	1.0000002e-14
4	18827	1.203764649158	1.0000002e-14
4	18834	1.204037543203	1.0000002e-14
4	18844	1.204773341305	3.9804958634741e-12
4	18848	1.205007040571	1.0000002e-14
4	18858	1.205807641012	1.0000002e-14
4	18865	1.206023920865	1.0000002e-14
4	18875	1.206797292649	1.0000002e-14
4	18879	1.20703927919	1.0000002e-14
4	18892	1.207763502954	1.0000002e-14
4	18896	1.208051730061	1.0000002e-14
4	18906	1.208772416532	1.0000002e-14
4	18910	1.209100716157	1.0000002e-14
4	18920	1.209756259178	1.0000002e-14
4	18927	1.210107548992	1.0000002e-14
4	18937	1.210734639994	1.0000002e-14
4	18941	1.211101628798	1.0000002e-14
4	18954	1.211711106145	1.0000002e-14
4	18958	1.212133874631	1.0000002e-14
4	18968	1.212704074232	1.0000002e-14
4	18972	1.213126527843	1.0000002e-14
4	18982	1.213723474567	1.0000002e-14
4	18989	1.214162706319	1.0000002e-14
4	18999	1.214718867986	1.0000002e-14
4	19003	1.215126099757	1.0000002e-14
4	19016	1.215729981563	1.0000002e-14
4	19020	1.216095389874	1.0000002e-14
4	19030	1.216764958536	1.0000002e-14
4	19034	1.217075540444	1.0000002e-14
4	19047	1.21775631608	1.0000002e-14
4	19051	1.218026186574	4.840741663006e-12
4	19061	1.218793288299	1.0000002e-14
4	19065	1.219033541269	1.470108824407e-14
4	19078	1.219819293718	1.0000002e-14
4	19082	1.220029952241	1.0000002e-14
4	19092	1.220825818814	1.0000002e-14
4	19096	1.221001041574	1.0000002e-14
4	19112	1.22185557936	1.0000002e-14
4	19116	1.222041168564	1.0000002e-14
4	19126	1.222889678556	4.2411696575462e-12
4	19130	1.222994884692	1.0000002e-14
4	19140	1.223905163491	9.3798346625328e-14
4	19147	1.223989334606	1.0000002e-14
4	19157	1.224882525921	1.0000002e-14
4	19161	1.224963089475	1.0000002e-14
4	19174	1.225876208188	1.0000002e-14
4	19178	1.225985648171	1.0000002e-14
4	19188	1.226896366681	1.0000002e-14
4	19192	1.226987881277	1.0000002e-14
4	19205	1.227936256842	1.0000002e-14
4	19209	1.227991977298	8.8936763136076e-12
4	19219	1.228949075557	1.8536161649782e-14
4	19223	1.22896075299	1.0000002e-14
4	19236	1.229931910334	9.6249581810424e-13
4	19240	1.229996523972	1.0000002e-14
4	19250	1.230934631005	1.0000002e-14
4	19254	1.231018080574	1.0000002e-14
4	19267	1.231975599653	1.0000002e-14
4	19271	1.232055167515	1.0000002e-14
4	19281	1.232927447988	1.0000002e-14
4	19285	1.233009947821	1.0000002e-14
4	19298	1.233930279132	1.0000002e-14
4	19305	1.234023319288	1.0000002e-14
4	19312	1.234919681078	2.7755960072512e-13
4	19316	1.235045998707	1.0000002e-14
4	19329	1.235909848379	1.0000002e-14
4	19336	1.236027406208	1.0000002e-14
4	19343	1.236926044111	7.8352320748377e-14
4	19347	1.23702443576	1.0000002e-14
4	19360	1.237880678561	1.0000002e-14
4	19364	1.238010507482	6.872781782605e-14
4	19374	1.238851664517	1.0000002e-14
4	19378	1.239018354197	1.0000002e-14
4	19388	1.239882042347	1.0000002e-14
4	19395	1.239987126826	1.0000002e-14
4	19405	1.240868984162	1.0000002e-14
4	19409	1.240969229028	1.0000002e-14
4	19422	1.241841016853	1.0000002e-14
4	19426	1.242009725246	1.0000002e-14
4	19439	1.242839242861	1.0000002e-14
4	19443	1.242969311013	2.1399457100118e-11
4	19453	1.243826307875	1.0000002e-14
4	19457	1.243942175338	1.0000002e-14
4	19470	1.244865609493	1.0000002e-14
4	19474	1.244959235632	2.9495390023644e-13
4	19484	1.245829072308	1.0000002e-14
4	19491	1.245953011694	1.0000002e-14
4	19501	1.246783828177	3.2161248015605e-14
4	19508	1.246994373447	1.0000002e-14
4	19515	1.2477710534	1.0000002e-14
4	19519	1.248041112745	1.0000002e-14
4	19532	1.248733476402	1.0000002e-14
4	19539	1.249030737659	1.0000002e-14
4	19546	1.249741537782	1.0000002e-14
4	19555	1.250057776082	1.0000002e-14
4	19565	1.250738872269	1.0000002e-14
4	19572	1.251083004952	1.0000002e-14
4	19579	1.25175231275	1.0000002e-14
4	19586	1.252072849651	1.0000002e-14
4	19596	1.252761588607	1.0000002e-14
4	19603	1.25308853795	1.0000002e-14
4	19610	1.253749311984	1.0000002e-14
4	19617	1.254131449498	1.0000002e-14
4	19627	1.254713519111	1.0000002e-14
4	19631	1.255092099455	1.0000002e-14
4	19641	1.255681415197	1.0000002e-14
4	19648	1.256138476862	1.0000002e-14
4	19658	1.256699518764	1.0000002e-14
4	19662	1.257119884052	1.0000002e-14
4	19672	1.257653272349	1.0000002e-14
4	19679	1.258071233183	1.0000002e-14
4	19689	1.258698868088	1.0000002e-14
4	19693	1.259054295649	1.0000002e-14
4	19703	1.259688610588	1.0000002e-14
4	19707	1.260083720281	1.0000002e-14
4	19720	1.260678689197	1.0000002e-14
4	19724	1.261053317116	1.0000002e-14
4	19737	1.261644901974	1.0000002e-14
4	19744	1.262024429944	1.0000002e-14
4	19754	1.262687792401	1.0000002e-14
4	19758	1.263064491274	1.0000002e-14
4	19768	1.263718638591	1.0000002e-14
4	19775	1.264103209452	1.0000002e-14
4	19785	1.264739484346	1.0000002e-14
4	19789	1.265068097653	1.0000002e-14
4	19799	1.265712982975	1.0000002e-14
4	19806	1.266101665777	1.0000002e-14
4	19816	1.266676436872	2.2392819712456e-13
4	19820	1.267116743983	1.0000002e-14
4	19830	1.26770786172	1.0000002e-14
4	19834	1.268074004088	1.0000002e-14
4	19847	1.268693443117	1.0000002e-14
4	19851	1.269069278245	9.7052359624827e-14
4	19861	1.269674978569	1.0000002e-14
4	19865	1.270033701182	1.5374884670492e-09
4	19878	1.270701084946	1.0000002e-14
4	19882	1.2710003866	1.0000002e-14
4	19892	1.271729629647	1.0000002e-14
4	19896	1.271959914461	1.0000002e-14
4	19909	1.272732983613	1.0000002e-14
4	19913	1.272997704436	1.0000002e-14
4	19923	1.273765123155	1.0000002e-14
4	19927	1.273966317558	1.0000002e-14
4	19940	1.27479213168	1.0000002e-14
4	19944	1.274955602448	1.0000002e-14
4	19954	1.275804878908	1.0000002e-14
4	19958	1.275967362082	1.0000002e-14
4	19971	1.276774977979	1.0000002e-14
4	19975	1.277009178382	1.0000002e-14
4	19985	1.277788009261	1.0000002e-14
4	19989	1.278043553145	1.0000002e-14
4	20002	1.278820157204	0.6018671610302
4	20006	1.27907105281	5.2283026429258e-12
4	20016	1.279845357471	1.0000002e-14
4	20020	1.280111644648	7.3176886333398e-13
4	20033	1.280805138481	1.0000002e-14
4	20037	1.281064612639	1.0000002e-14
4	20044	1.281762079487	1.0000002e-14
4	20054	1.282081423455	1.0000002e-14
4	20067	1.282796353642	1.0000002e-14
4	20071	1.283120133489	1.0000002e-14
4	20075	1.283796860417	1.0000002e-14
4	20088	1.284130215911	1.0000002e-14
4	20098	1.284751125119	1.0000002e-14
4	20102	1.285135813066	1.0000002e-14
4	20106	1.285780893833	1.0000002e-14
4	20119	1.286157585169	1.0000002e-14
4	20129	1.286769156966	1.0000002e-14
4	20133	1.287108292156	3.1777590496502e-10
4	20137	1.287773109669	1.0000002e-14
4	20147	1.288105783373	1.0000002e-14
4	20160	1.288751396414	1.0000002e-14
4	20164	1.289073899158	1.0000002e-14
4	20168	1.289731202957	1.0000002e-14
4	20178	1.29005672648	1.0000002e-14
4	20191	1.290694332598	1.0000002e-14
4	20195	1.29101988501	1.0000002e-14
4	20199	1.29167608212	1.0000002e-14
4	20212	1.291996507731	1.0000002e-14
4	20219	1.292635602465	1.0000002e-14
4	20226	1.2929728195	1.1846858065859e-07
4	20230	1.293642503067	1.0000002e-14
4	20240	1.294013680898	1.0000002e-14
4	20250	1.294643090211	1.0000002e-14
4	20257	1.295027576032	1.1993072852765e-14
4	20261	1.29562381501	1.0000002e-14
4	20268	1.295997071255	1.0000002e-14
4	20281	1.296574372975	1.3454200387965e-13
4	20288	1.296984585665	1.0000002e-14
4	20292	1.297588923746	1.7788844929098e-12
4	20299	1.297953922376	1.0000002e-14
4	20315	1.298565837203	1.0000002e-14
4	20319	1.298912986611	1.0000002e-14
4	20323	1.299549362838	1.0000002e-14
4	20327	1.299940292919	1.0000002e-14
4	20343	1.300589565923	1.0000002e-14
4	20350	1.300907086043	1.0000002e-14
4	20354	1.301562044759	1.0000002e-14
4	20361	1.301917807713	1.0000002e-14
4	20380	1.302580361667	1.0000002e-14
4	20384	1.302951621852	1.0000002e-14
4	20388	1.303606074194	1.0000002e-14
4	20404	1.303977447073	1.0000002e-14
4	20411	1.304563312969	1.0000002e-14
4	20415	1.304942018814	1.0000002e-14
4	20419	1.30558394967	1.0000002e-14
4	20429	1.30590848138	1.0000002e-14
4	20442	1.306614951075	1.0000002e-14
4	20446	1.306953183207	1.0000002e-14
4	20450	1.30763997511	1.0000002e-14
4	20460	1.3079238367	1.0000002e-14
4	20473	1.308610381137	1.0000002e-14
4	20477	1.308950690133	1.0000002e-14
4	20484	1.309612535178	1.0000002e-14
4	20494	1.309948629007	1.0000002e-14
4	20504	1.310611557927	1.0000002e-14
4	20508	1.31091784566	1.0000002e-14
4	20515	1.311590215079	1.0000002e-14
4	20522	1.31190271973	1.0000002e-14
4	20532	1.312607501654	1.0000002e-14
4	20539	1.312872212532	1.0000002e-14
4	20546	1.313609110802	1.0000002e-14
4	20553	1.313875050715	1.0000002e-14
4	20566	1.314562583434	1.0000002e-14
4	20570	1.314849688349	1.0000002e-14
4	20574	1.315599609254	1.0000002e-14
4	20587	1.315836721568	1.0000002e-14
4	20594	1.316635947277	1.0000002e-14
4	20601	1.316793197853	1.0000002e-14
4	20608	1.317662492168	1.0000002e-14
4	20615	1.317780938471	1.0000002e-14
4	20625	1.318638919573	1.0000002e-14
4	20629	1.318764178655	1.0000002e-14
4	20642	1.319665443764	1.0000002e-14
4	20646	1.319811404721	6.0719683843643e-14
4	20656	1.320635384752	1.0000002e-14
4	20660	1.320792202418	1.0000002e-14
4	20676	1.321653947245	6.1685997376894e-14
4	20680	1.321792061973	1.0000002e-14
4	20690	1.322610741461	1.0000002e-14
4	20697	1.32282130015	1.0000002e-14
4	20707	1.323632697809	1.0000002e-14
4	20711	1.323798358882	1.3686550324342e-13
4	20721	1.324663282576	1.4545185969322e-09
4	20725	1.324787064102	1.0000002e-14
4	20738	1.325626334983	1.9865737276862e-14
4	20742	1.325825362473	1.0000002e-14
4	20749	1.326592687728	1.0000002e-14
4	20756	1.326798871755	1.0000002e-14
4	20769	1.327544919874	1.0000002e-14
4	20773	1.327808363596	1.0000002e-14
4	20780	1.328548779078	1.0000002e-14
4	20790	1.32880544019	1.0000002e-14
4	20800	1.329578696007	1.0000002e-14
4	20804	1.329802895561	1.0000002e-14
4	20811	1.330532914485	1.0000002e-14
4	20815	1.330793053263	1.0000002e-14
4	20831	1.331505786138	1.0000002e-14
4	20835	1.33182111104	1.0000002e-14
4	20842	1.33253190114	1.0000002e-14
4	20846	1.332783047217	1.0000002e-14
4	20862	1.333555032467	1.0000002e-14
4	20866	1.33376381097	1.0000002e-14
4	20873	1.334593259079	1.0000002e-14
4	20877	1.334736754845	1.0000002e-14
4	20893	1.335568743772	1.7768541787328e-11
4	20897	1.335686962612	1.0000002e-14
4	20904	1.33657392112	1.0000002e-14
4	20908	1.336639179993	1.0000002e-14
4	20924	1.337544908671	1.0000002e-14
4	20928	1.3376492483	1.0000002e-14
4	20935	1.338547182795	7.6781471985014e-14
4	20939	1.338699204054	1.0000002e-14
4	20955	1.339595385162	1.0000002e-14
4	20959	1.339660515815	1.0000002e-14
4	20966	1.340587972673	6.0808260878219e-13
4	20970	1.340691834982	1.0000002e-14
4	20989	1.341566296382	1.0000002e-14
4	20993	1.341655583491	1.0000002e-14
4	21000	1.342589274293	1.0000002e-14
4	21004	1.342692867023	1.0000002e-14
4	21020	1.343637957059	1.0000002e-14
4	21024	1.343735831835	1.0000002e-14
4	21031	1.344623745262	1.0000002e-14
4	21035	1.344693186362	1.0000002e-14
4	21051	1.345596252725	1.0000002e-14
4	21055	1.345691287316	1.0000002e-14
4	21062	1.346561650611	1.0000002e-14
4	21066	1.346709902646	1.0000002e-14
4	21082	1.347520979713	1.0000002e-14
4	21086	1.347753336492	1.0000002e-14
4	21093	1.3485157845	1.0000002e-14
4	21097	1.348729769314	1.0000002e-14
4	21113	1.349534622322	1.0000002e-14
4	21117	1.349732440676	1.0000002e-14
4	21124	1.350528053291	1.0000002e-14
4	21134	1.350739337333	1.0000002e-14
4	21144	1.351504453632	1.0000002e-14
4	21148	1.351769810973	8.6056844384601e-13
4	21155	1.352476017409	1.0000002e-14
4	21165	1.352808015112	1.0000002e-14
4	21175	1.353465029382	1.0000002e-14
4	21179	1.353823801338	1.0000002e-14
4	21186	1.354490503741	1.0000002e-14
4	21196	1.354858189384	1.0000002e-14
4	21206	1.355441817418	1.0000002e-14
4	21210	1.355906969676	1.0000002e-14
4	21217	1.356415598709	1.0000002e-14
4	21227	1.356859256276	6.2393255278226e-14
4	21237	1.35742406963	1.0000002e-14
4	21241	1.357909160347	1.0000002e-14
4	21248	1.358444637048	1.0000002e-14
4	21258	1.358935459881	1.0000002e-14
4	21268	1.359455107821	1.0000002e-14
4	21272	1.359906201658	1.0000002e-14
4	21279	1.360451983074	1.0000002e-14
4	21289	1.360863577537	1.0000002e-14
4	21302	1.361465377425	1.0000002e-14
4	21306	1.361899863593	1.0000002e-14
4	21313	1.36245318211	1.0000002e-14
4	21320	1.362856579577	1.0000002e-14
4	21333	1.363408966887	1.0000002e-14
4	21337	1.363878562073	1.0000002e-14
4	21344	1.364397947575	1.4471603620786e-07
4	21354	1.364918237313	1.0000002e-14
4	21364	1.365373505	1.0000002e-14
4	21368	1.365911530818	1.0000002e-14
4	21375	1.366337582206	1.0000002e-14
4	21385	1.36687886502	1.0000002e-14
4	21395	1.367342983656	1.0000002e-14
4	21399	1.367883994829	1.0000002e-14
4	21406	1.368384253221	1.0000002e-14
4	21413	1.36893173726	1.0000002e-14
4	21420	1.369354717323	1.0000002e-14
4	21430	1.369909253836	1.0000002e-14
4	21437	1.370341773229	1.0000002e-14
4	21447	1.370941635864	4.0517543325967e-13
4	21451	1.371352815947	1.0000002e-14
4	21461	1.371946129385	1.0000002e-14
4	21468	1.372330277909	1.0000002e-14
4	21475	1.37298770718	1.0000002e-14
4	21482	1.373351307233	1.0000002e-14
4	21492	1.374026979691	1.0000002e-14
4	21499	1.374372069429	1.0000002e-14
4	21509	1.375063486535	1.0000002e-14
4	21516	1.375357941174	1.0000002e-14
4	21523	1.376045682542	1.0000002e-14
4	21527	1.37630817527	1.0000002e-14
4	21540	1.377017499649	1.0000002e-14
4	21547	1.377346239303	1.0000002e-14
4	21554	1.378010103554	1.0000002e-14
4	21558	1.378319550576	1.0000002e-14
4	21571	1.379027973957	1.0000002e-14
4	21578	1.379311568023	2.4500283516564e-14
4	21585	1.380024295426	1.0000002e-14
4	21592	1.380355612096	1.0000002e-14
4	21602	1.380987819597	1.0000002e-14
4	21609	1.381393467852	1.0000002e-14
4	21619	1.382022336202	1.0000002e-14
4	21629	1.382405483834	1.0000002e-14
4	21636	1.383058205193	1.0000002e-14
4	21643	1.383452066525	1.0000002e-14
4	21650	1.384034241397	1.0000002e-14
4	21660	1.384442269443	1.0000002e-14
4	21667	1.385059834874	1.0000002e-14
4	21674	1.385421213661	1.0000002e-14
4	21684	1.386049268704	1.0000002e-14
4	21691	1.386422881276	1.0000002e-14
4	21698	1.387002935119	1.0000002e-14
4	21705	1.387414395984	1.0000002e-14
4	21709	1.387956181271	1.0000002e-14
4	21722	1.388439745307	1.0000002e-14
4	21729	1.3889142136	1.0000002e-14
4	21736	1.389486662905	1.0000002e-14
4	21740	1.389903211981	1.0000002e-14
4	21750	1.390493418829	1.0000002e-14
4	21760	1.390920911471	1.0000002e-14
4	21767	1.391476264018	1.0000002e-14
4	21771	1.391874787138	1.0000002e-14
4	21781	1.392513235009	1.0000002e-14
4	21791	1.392854387486	1.0000002e-14
4	21798	1.393482284263	1.0000002e-14
4	21802	1.39384165894	1.0000002e-14
4	21812	1.394475571498	1.0000002e-14
4	21819	1.394850822326	1.0000002e-14
4	21829	1.395453733155	1.0000002e-14
4	21833	1.395886107649	1.0000002e-14
4	21843	1.396450231435	1.0000002e-14
4	21850	1.396872718983	1.0000002e-14
4	21860	1.397431246308	1.0000002e-14
4	21864	1.397906277414	1.0000002e-14
4	21874	1.398444683527	1.0000002e-14
4	21881	1.398893436313	1.0000002e-14
4	21891	1.399484242016	1.0000002e-14
4	21895	1.399854969296	1.0000002e-14
4	21905	1.400473055923	1.0000002e-14
4	21912	1.40088603718	1.0000002e-14
4	21922	1.401482323263	1.0000002e-14
4	21926	1.401893780892	1.0000002e-14
4	21939	1.402507756729	1.0000002e-14
4	21946	1.402899354276	1.0000002e-14
4	21956	1.403518640232	1.0000002e-14
4	21960	1.403923925805	1.0000002e-14
4	21970	1.404479126289	1.2031163620773e-12
4	21977	1.404887965604	1.3518690418263e-09
4	21987	1.405520850228	1.0000002e-14
4	21991	1.405874795254	1.0000002e-14
4	22001	1.406565087512	1.0000002e-14
4	22008	1.406858084263	1.0915517681186e-12
4	22018	1.407614657274	1.0000002e-14
4	22022	1.407834197433	3.7969671882945e-07
4	22035	1.408572102722	1.0000002e-14
4	22039	1.408807208635	1.0000002e-14
4	22049	1.409524218255	1.0000002e-14
4	22053	1.409796609428	1.0000002e-14
4	22066	1.410507591657	1.0000002e-14
4	22070	1.410839223322	1.0000002e-14
4	22080	1.411477517816	1.0000002e-14
4	22084	1.411861464122	1.0000002e-14
4	22094	1.412493116586	1.0000002e-14
4	22101	1.412833298662	1.0000002e-14
4	22111	1.413474417813	1.0000002e-14
4	22115	1.413806480543	1.1835712773935e-09
4	22125	1.414433952715	1.0000002e-14
4	22132	1.414842215247	1.0000002e-14
4	22142	1.415434518802	1.0000002e-14
4	22146	1.415853513814	1.0000002e-14
4	22156	1.416420676433	1.0000002e-14
4	22163	1.416862260681	1.0000002e-14
4	22173	1.417447572728	1.0000002e-14
4	22177	1.417841758794	5.4814824124191e-12
4	22187	1.418444776365	1.0000002e-14
4	22194	1.418860495615	1.0000002e-14
4	22204	1.419468004899	9.6725698059943e-07
4	22208	1.419887006963	1.0000002e-14
4	22218	1.420438125631	1.0000002e-14
4	22225	1.420935950787	1.0000002e-14
4	22235	1.421404346185	1.0000002e-14
4	22239	1.421956727758	1.0000002e-14
4	22252	1.422409849719	1.0000002e-14
4	22259	1.42297249011	1.0000002e-14
4	22269	1.423448096349	1.0000002e-14
4	22273	1.423950712903	1.0000002e-14
4	22283	1.424414256069	1.0000002e-14
4	22290	1.424941153213	1.0000002e-14
4	22300	1.425437592517	2.1316394440368e-11
4	22304	1.425976704417	1.0000002e-14
4	22314	1.426453993573	1.0000002e-14
4	22321	1.426942622708	1.0000002e-14
4	22331	1.427475452789	1.0000002e-14
4	22335	1.427963865433	1.0000002e-14
4	22345	1.428432655602	1.0000002e-14
4	22352	1.429001818039	1.0000002e-14
4	22362	1.429465400539	1.0000002e-14
4	22366	1.429997601057	1.0000002e-14
4	22376	1.430450934782	1.0000002e-14
4	22383	1.431047161647	1.0000002e-14
4	22393	1.43144169903	1.0000002e-14
4	22400	1.432095017353	1.0000002e-14
4	22407	1.432422355297	1.0000002e-14
4	22417	1.433104449284	1.0000002e-14
4	22421	1.433431610797	7.3223351238353e-10
4	22431	1.434150421114	1.0000002e-14
4	22438	1.434407949032	1.0000002e-14
4	22448	1.435129559167	1.0000002e-14
4	22452	1.435394604591	1.0000002e-14
4	22462	1.436094257337	1.0000002e-14
4	22469	1.436435480568	1.0000002e-14
4	22473	1.437065891645	1.0000002e-14
4	22483	1.437407840879	1.0000002e-14
4	22493	1.438069506163	1.0000002e-14
4	22500	1.438398004286	1.0000002e-14
4	22507	1.439020270941	1.0000002e-14
4	22514	1.439386154667	1.0000002e-14
4	22524	1.440004119527	1.0000002e-14
4	22528	1.440350417048	1.0000002e-14
4	22538	1.441023241315	1.0000002e-14
4	22545	1.441355060394	1.0000002e-14
4	22552	1.442062007711	1.0000002e-14
4	22562	1.442356063857	1.0000002e-14
4	22575	1.443092123418	1.0000002e-14
4	22579	1.443375757228	1.0000002e-14
4	22589	1.444080521764	1.0000002e-14
4	22593	1.444326436332	1.2675910311502e-14
4	22600	1.445125660976	1.0000002e-14
4	22610	1.445333023722	1.0000002e-14
4	22620	1.446125103933	1.0000002e-14
4	22624	1.44630547588	1.0000002e-14
4	22634	1.44710356245	1.0000002e-14
4	22641	1.447292320871	1.0000002e-14
4	22648	1.448147270553	1.0000002e-14
4	22655	1.448339530156	1.0000002e-14
4	22665	1.449161109537	1.0000002e-14
4	22672	1.449349316016	1.0000002e-14
4	22679	1.450206923494	1.0000002e-14
4	22689	1.450317846472	1.0000002e-14
4	22696	1.451192330038	4.092734182838e-09
4	22700	1.451317630246	1.0000002e-14
4	22710	1.45218921471	1.0000002e-14
4	22717	1.452314143809	1.0000002e-14
4	22730	1.453188488597	1.0000002e-14
4	22737	1.453329848447	1.0000002e-14
4	22741	1.454166373085	1.0000002e-14
4	22745	1.45433180728	1.0000002e-14
4	22758	1.455149582118	1.0000002e-14
4	22768	1.455374542082	1.0000002e-14
4	22772	1.456149459295	1.4482911661821e-05
4	22776	1.456412957939	7.6031241644735e-14
4	22795	1.457180865068	1.0000002e-14
4	22799	1.457455961179	1.0000002e-14
4	22803	1.458155031712	1.0000002e-14
4	22810	1.458419251737	1.0000002e-14
4	22823	1.459147937135	1.0000002e-14
4	22830	1.459422992242	1.0000002e-14
4	22834	1.46011100254	1.0000002e-14
4	22841	1.460400444373	1.0000002e-14
4	22851	1.461133547187	1.0000002e-14
4	22861	1.461354402239	1.0000002e-14
4	22865	1.462183115417	1.0000002e-14
4	22875	1.462346720444	1.0000002e-14
4	22885	1.463152305845	1.0000002e-14
4	22895	1.463375490258	1.0000002e-14
4	22899	1.464127405357	1.0000002e-14
4	22903	1.464352324496	1.0000002e-14
4	22916	1.4651328895	1.0000002e-14
4	22923	1.465329686758	1.0000002e-14
4	22930	1.466099841393	1.0000002e-14
4	22940	1.466304470232	6.9070221879931e-12
4	22950	1.467090519243	1.0000002e-14
4	22954	1.467265624527	2.5059454098999e-09
4	22961	1.468087972386	1.0000002e-14
4	22971	1.468278530731	1.0000002e-14
4	22981	1.469129183848	2.8925655208947e-14
4	22985	1.469284951077	1.0000002e-14
4	22998	1.470130080433	1.0000002e-14
4	23002	1.470249307444	8.7459572102427e-13
4	23012	1.471159194747	1.0000002e-14
4	23016	1.471260943238	1.0000002e-14
4	23029	1.47217066133	1.0000002e-14
4	23033	1.472269667798	1.0000002e-14
4	23043	1.473155387637	1.0000002e-14
4	23047	1.473292728776	1.0000002e-14
4	23057	1.474165110014	1.0000002e-14
4	23064	1.474307382433	1.0000002e-14
4	23074	1.475135036534	1.0000002e-14
4	23078	1.47526697972	1.0000002e-14
4	23088	1.476095068666	1.0000002e-14
4	23095	1.476268411114	1.0000002e-14
4	23105	1.477130490831	1.0000002e-14
4	23109	1.47727936121	1.0000002e-14
4	23119	1.47809125076	1.0000002e-14
4	23126	1.478310927406	1.0000002e-14
4	23136	1.479130081781	1.0000002e-14
4	23140	1.479289913946	1.0000002e-14
4	23153	1.480109263984	1.0000002e-14
4	23157	1.480284705241	1.0000002e-14
4	23167	1.481096630008	5.0744833862664e-13
4	23171	1.481321291115	1.0000002e-14
4	23184	1.482121086714	1.0000002e-14
4	23191	1.482276438183	1.0000002e-14
4	23201	1.483144878752	1.0000002e-14
4	23205	1.483297461423	1.0000002e-14
4	23215	1.484126228485	1.0000002e-14
4	23222	1.484332742143	1.0000002e-14
4	23232	1.48513144335	5.6524932624729e-13
4	23236	1.485342154873	1.0000002e-14
4	23249	1.486096610965	1.0000002e-14
4	23253	1.486375838101	1.0000002e-14
4	23263	1.487108406094	1.0000002e-14
4	23267	1.487335906136	8.6587663456693e-13
4	23277	1.48809188242	2.2917674244703e-14
4	23284	1.488311175968	1.0000002e-14
4	23294	1.489051134024	1.0000002e-14
4	23298	1.489319092541	1.0000002e-14
4	23308	1.490063123414	1.0000002e-14
4	23315	1.490273076134	1.0000002e-14
4	23325	1.491059789664	1.0000002e-14
4	23329	1.491227480873	1.0000002e-14
4	23339	1.492044945958	1.0000002e-14
4	23343	1.492268990165	1.0000002e-14
4	23356	1.493050960307	1.0000002e-14
4	23360	1.493292128637	1.0000002e-14
4	23370	1.494067119637	1.0000002e-14
4	23374	1.494321948437	1.0000002e-14
4	23387	1.495098152772	1.0000002e-14
4	23391	1.495306306059	1.0000002e-14
4	23401	1.496114045801	1.0000002e-14
4	23405	1.496330985529	1.0000002e-14
4	23418	1.497131677259	1.0000002e-14
4	23422	1.497330189054	1.0000002e-14
4	23432	1.498143133795	1.0000002e-14
4	23439	1.498318885465	3.3554398284114e-11
4	23449	1.499109772297	1.0000002e-14
4	23453	1.499286582294	1.0000002e-14
4	23465	1.500085359147	1.0000002e-14
4	23469	1.500301916873	1.0000002e-14
4	23482	1.501078871733	1.0000002e-14
4	23486	1.501276995743	1.0000002e-14
4	23499	1.502128788503	2.2352016763594e-10
4	23503	1.502267356894	1.0000002e-14
4	23516	1.503162126164	1.0000002e-14
4	23520	1.50330407636	1.0000002e-14
4	23530	1.504208467894	1.0000002e-14
4	23537	1.504332370254	1.0000002e-14
4	23547	1.505213595208	1.0000002e-14
4	23551	1.505299299964	1.0000002e-14
4	23561	1.506203238807	1.0000002e-14
4	23565	1.506309807843	1.0000002e-14
4	23578	1.507155474544	1.0000002e-14
4	23582	1.507350149292	1.0000002e-14
4	23592	1.508114744333	1.0000002e-14
4	23596	1.508315173701	1.0000002e-14
4	23609	1.509118720239	1.0000002e-14
4	23613	1.509338271908	1.0000002e-14
4	23623	1.510107076312	1.0000002e-14
4	23627	1.510350356152	1.0000002e-14
4	23640	1.511087450011	1.0000002e-14
4	23644	1.511304201969	1.0000002e-14
4	23651	1.512048056394	1.0000002e-14
4	23658	1.512272413606	1.0000002e-14
4	23671	1.513056678485	1.0000002e-14
4	23675	1.513239637426	1.0000002e-14
4	23682	1.514094213168	1.0000002e-14
4	23686	1.514235581082	1.0000002e-14
4	23702	1.515064265136	1.0000002e-14
4	23706	1.515258394477	1.0000002e-14
4	23710	1.516076182424	1.0000002e-14
4	23717	1.516283034105	1.0000002e-14
4	23733	1.517053797452	1.0000002e-14
4	23737	1.517314482976	1.0000002e-14
4	23744	1.51808183816	1.0000002e-14
4	23748	1.518360906504	2.0826453499431e-11
4	23764	1.519072729748	1.0000002e-14
4	23768	1.519368876835	1.0000002e-14
4	23775	1.52005412467	1.0000002e-14
4	23782	1.520359060146	1.0000002e-14
4	23795	1.521005827439	6.6722039563073e-13
4	23799	1.52135941881	1.0000002e-14
4	23806	1.522046873493	1.0000002e-14
4	23816	1.522344379337	1.0000002e-14
4	23829	1.52308358868	1.0000002e-14
4	23833	1.523336730591	1.0000002e-14
4	23840	1.524040637633	1.0000002e-14
4	23847	1.524331665217	1.0000002e-14
4	23860	1.525011351711	2.8551144681815e-12
4	23864	1.525353112359	1.0000002e-14
4	23868	1.525984333731	1.5944304946246e-06
4	23881	1.526392098424	1.0000002e-14
4	23891	1.526952919443	1.0000002e-14
4	23895	1.527410114729	1.0000002e-14
4	23899	1.52800190289	1.0000002e-14
4	23912	1.528396674917	1.0000002e-14
4	23922	1.528974112777	1.0000002e-14
4	23926	1.529391862009	1.0000002e-14
4	23933	1.529932465944	1.0000002e-14
4	23946	1.530429213025	1.0000002e-14
4	23953	1.530929584278	1.9335765780327e-13
4	23957	1.531475278807	4.105071034735e-09
4	23964	1.531937718342	1.0000002e-14
4	23977	1.532475768227	1.0000002e-14
4	23984	1.53288788898	1.0000002e-14
4	23988	1.533511909785	5.2512263084837e-13
4	23992	1.53385522097	1.0000002e-14
4	24011	1.534510182504	1.0000002e-14
4	24015	1.53485824293	8.5869556352335e-14
4	24019	1.53550752576	1.0000002e-14
4	24026	1.535896009145	1.0000002e-14
4	24039	1.53652240451	1.0000002e-14
4	24046	1.536936955872	1.0000002e-14
4	24050	1.53754157908	1.0000002e-14
4	24063	1.537923109559	1.0000002e-14
4	24073	1.538538283474	4.4738237005995e-11
4	24077	1.538972799729	1.0000002e-14
4	24084	1.539521714583	1.0000002e-14
4	24091	1.539939518758	1.0000002e-14
4	24101	1.540510405559	1.0000002e-14
4	24108	1.540963492368	1.0000002e-14
4	24115	1.541500089925	1.0000002e-14
4	24119	1.541986981306	1.0000002e-14
4	24138	1.542494982948	1.0000002e-14
4	24142	1.542998179274	1.0000002e-14
4	24149	1.543472980099	1.0000002e-14
4	24153	1.543983872098	1.0000002e-14
4	24169	1.54446808448	1.0000002e-14
4	24173	1.544989800716	1.0000002e-14
4	24177	1.545463838341	1.0000002e-14
4	24184	1.545986809656	1.0000002e-14
4	24200	1.546469326326	1.0000002e-14
4	24204	1.546945284062	1.0000002e-14
4	24208	1.547445037713	1.0000002e-14
4	24215	1.547913929082	1.0000002e-14
4	24231	1.548425950297	1.0000002e-14
4	24235	1.548939060996	1.0000002e-14
4	24242	1.549396507837	1.5197122209114e-13
4	24246	1.549923728616	1.0000002e-14
4	24262	1.550422471539	1.0000002e-14
4	24266	1.550906671121	1.0000002e-14
4	24270	1.551430931077	1.0000002e-14
4	24277	1.551888777329	1.0000002e-14
4	24290	1.552452488525	1.0000002e-14
4	24297	1.552928176833	1.0000002e-14
4	24304	1.553426842327	1.7694297975279e-12
4	24308	1.553939667655	1.0000002e-14
4	24321	1.55443104796	1.0000002e-14
4	24328	1.554987530071	1.0000002e-14
4	24335	1.555431593483	1.0000002e-14
4	24339	1.555940252173	1.0000002e-14
4	24355	1.556412362198	1.0000002e-14
4	24359	1.556892691616	1.0000002e-14
4	24363	1.557410802581	1.0000002e-14
4	24370	1.557848256408	1.0000002e-14
4	24386	1.558440614076	1.0000002e-14
4	24390	1.558874018896	1.0000002e-14
4	24397	1.559439076512	1.0000002e-14
4	24401	1.559879258219	1.0000002e-14
4	24414	1.560438639511	1.0000002e-14
4	24421	1.560856943007	1.0000002e-14
4	24428	1.56141373054	1.0000002e-14
4	24432	1.561814409276	1.0000002e-14
4	24445	1.562379917144	7.079122870146e-14
4	24455	1.562849326036	1.0000002e-14
4	24462	1.563403258345	1.0000002e-14
4	24466	1.563874440275	1.0000002e-14
4	24476	1.564388260959	1.0000002e-14
4	24486	1.564867081966	1.0000002e-14
4	24490	1.56534071344	1.0000002e-14
4	24497	1.565833406419	1.0000002e-14
4	24510	1.566364593521	1.0000002e-14
4	24514	1.566816633396	1.0000002e-14
4	24524	1.567332183682	1.0000002e-14
4	24528	1.567822540503	1.0000002e-14
4	24538	1.568287335759	1.0000002e-14
4	24548	1.568828355687	1.0000002e-14
4	24555	1.569308185267	1.0000002e-14
4	24559	1.569781032957	1.0000002e-14
4	24569	1.570283927236	1.0000002e-14
4	24579	1.570750875574	1.0000002e-14
4	24586	1.571273463765	1.0000002e-14
4	24590	1.571743166675	1.0000002e-14
4	24600	1.57229286203	1.0000002e-14
4	24607	1.572774559346	1.0000002e-14
4	24617	1.573256998719	1.0000002e-14
4	24621	1.573737508589	1.0000002e-14
4	24631	1.574251049272	1.0000002e-14
4	24635	1.574737878195	1.0000002e-14
4	24648	1.575292534083	1.0000002e-14
4	24652	1.575696754482	1.0000002e-14
4	24659	1.576279634776	1.0000002e-14
4	24666	1.576664469562	1.0000002e-14
4	24679	1.577276713587	1.0000002e-14
4	24683	1.577658346851	1.0000002e-14
4	24690	1.578302864211	1.0000002e-14
4	24697	1.578679822155	1.0000002e-14
4	24710	1.579326177086	1.0000002e-14
4	24714	1.579682439081	1.0000002e-14
4	24721	1.580311851178	1.0000002e-14
4	24728	1.580698266298	1.0000002e-14
4	24741	1.581285941252	9.7461206736453e-14
4	24745	1.581660384609	1.0000002e-14
4	24755	1.582255727167	1.0000002e-14
4	24762	1.582692778014	1.0000002e-14
4	24775	1.58322812939	2.2106042903025e-12
4	24779	1.583664299318	1.0000002e-14
4	24786	1.584221161969	3.2070099466622e-14
4	24793	1.584616968535	1.0000002e-14
4	24806	1.585263082142	1.0000002e-14
4	24810	1.585610093004	1.0000002e-14
4	24820	1.586257397914	1.0000002e-14
4	24824	1.586587714327	1.0000002e-14
4	24837	1.587230904161	9.8903330255954e-14
4	24841	1.587602256974	1.0000002e-14
4	24851	1.588211694028	1.0000002e-14
4	24855	1.588617650829	1.0000002e-14
4	24868	1.589201008583	1.0000002e-14
4	24872	1.589606236448	1.0000002e-14
4	24882	1.59022762375	1.0000002e-14
4	24889	1.590646785223	1.0000002e-14
4	24896	1.591213311125	1.0000002e-14
4	24903	1.591663272943	1.0000002e-14
4	24913	1.59223660256	1.0000002e-14
4	24920	1.59263500747	1.0000002e-14
4	24927	1.59324822586	9.0308546449243e-08
4	24934	1.593628654396	1.0000002e-14
4	24944	1.594225565784	1.0000002e-14
4	24951	1.594624864067	1.0000002e-14
4	24958	1.595217014301	1.0000002e-14
4	24968	1.595614922574	1.0000002e-14
4	24972	1.596202315749	1.0000002e-14
4	24982	1.596609073539	1.0000002e-14
4	24989	1.597189765851	1.0000002e-14
4	24999	1.59762791705	2.4843164625918e-12
4	25003	1.5981923344	1.0000002e-14
4	25013	1.598671501721	1.0000002e-14
4	25020	1.59915085768	1.0000002e-14
4	25030	1.599704056798	1.0000002e-14
4	25034	1.600162429752	1.0000002e-14
4	25044	1.600704243313	1.0000002e-14
4	25051	1.601136790566	1.0000002e-14
4	25064	1.601667826186	1.0000002e-14
4	25068	1.602089991632	1.0000002e-14
4	25078	1.602705607782	1.0000002e-14
4	25085	1.603068054565	1.0000002e-14
4	25095	1.603754236006	1.0000002e-14
4	25102	1.604109131496	1.0000002e-14
4	25109	1.604731302722	1.0000002e-14
4	25119	1.605129451859	1.0000002e-14
4	25126	1.605731358401	1.0000002e-14
4	25133	1.606174934325	1.0000002e-14
4	25140	1.606706620343	1.0000002e-14
4	25150	1.60716583959	1.0000002e-14
4	25157	1.607706721567	1.0000002e-14
4	25164	1.608162364587	1.0000002e-14
4	25171	1.608702537124	1.0000002e-14
4	25181	1.609169115655	1.0000002e-14
4	25188	1.609709951466	1.0000002e-14
4	25198	1.610199791918	1.0000002e-14
4	25202	1.610667994062	1.0000002e-14
4	25212	1.611156172771	1.0000002e-14
4	25219	1.61171681103	1.0000002e-14
4	25226	1.612199354763	1.0000002e-14
4	25233	1.612684856422	1.0000002e-14
4	25240	1.61317908596	1.0000002e-14
4	25253	1.613666412605	1.0000002e-14
4	25260	1.614194225985	1.0000002e-14
4	25264	1.614690875425	1.0000002e-14
4	25274	1.61517127859	1.0000002e-14
4	25284	1.615691597004	1.0000002e-14
4	25291	1.616159599922	1.0000002e-14
4	25295	1.616686934318	1.0504971271003e-14
4	25305	1.617151700953	1.0000002e-14
4	25315	1.617656673467	1.0000002e-14
4	25322	1.618175003061	1.0000002e-14
4	25326	1.61861738419	1.0000002e-14
4	25336	1.619210739389	1.0000002e-14
4	25343	1.619603586095	1.0000002e-14
4	25353	1.620209301167	1.0000002e-14
4	25357	1.620650133693	1.0000002e-14
4	25367	1.62122363623	1.0000002e-14
4	25377	1.621680308351	1.0000002e-14
4	25387	1.622182613138	1.0000002e-14
4	25391	1.6226596821	1.0000002e-14
4	25401	1.623211584652	1.0000002e-14
4	25411	1.623702755774	1.0000002e-14
4	25415	1.624223229772	1.0000002e-14
4	25422	1.624692074075	1.0000002e-14
4	25432	1.6252603667	1.0000002e-14
4	25442	1.625704192971	1.0000002e-14
4	25446	1.62625716367	1.0000002e-14
4	25453	1.626712526899	1.0000002e-14
4	25463	1.627207424126	1.0000002e-14
4	25470	1.62770112802	1.0000002e-14
4	25477	1.628160317717	1.0000002e-14
4	25484	1.628705152304	1.0000002e-14
4	25491	1.629157409518	1.0000002e-14
4	25501	1.62968137291	1.0000002e-14
4	25508	1.630149404798	1.0000002e-14
4	25515	1.630661668561	1.0000002e-14
4	25522	1.631146494478	1.0000002e-14
4	25532	1.631637365405	1.0000002e-14
4	25539	1.632118190583	1.0000002e-14
4	25543	1.632597847087	1.0000002e-14
4	25556	1.633129572723	1.0000002e-14
4	25563	1.633596142073	1.0000002e-14
4	25570	1.634179254726	1.0000002e-14
4	25574	1.634578008522	1.0000002e-14
4	25590	1.635195367511	1.0000002e-14
4	25594	1.635584669885	1.0000002e-14
4	25601	1.636197215936	1.0000002e-14
4	25605	1.636598169666	1.0000002e-14
4	25618	1.637225040548	1.0000002e-14
4	25625	1.637586651025	1.0000002e-14
4	25632	1.638264441258	1.0000002e-14
4	25636	1.638590376677	4.9605057085466e-14
4	25646	1.63924466098	1.0000002e-14
4	25656	1.639589279817	1.0000002e-14
4	25663	1.640214172807	1.0000002e-14
4	25667	1.640552288583	1.0000002e-14
4	25677	1.641251436271	1.0000002e-14
4	25690	1.641564552404	1.0000002e-14
4	25697	1.642234002431	1.0000002e-14
4	25701	1.642563291246	1.0000002e-14
4	25711	1.643231246862	1.0000002e-14
4	25724	1.64356035971	1.0000002e-14
4	25728	1.644215401443	1.0000002e-14
4	25732	1.644597011421	1.0000002e-14
4	25742	1.64517110234	1.0000002e-14
4	25755	1.645633015959	1.0000002e-14
4	25759	1.646143921502	1.0000002e-14
4	25766	1.646650241867	1.0000002e-14
4	25773	1.647142330385	7.5262063462476e-07
4	25783	1.647647492253	1.0000002e-14
4	25790	1.648135688253	1.0000002e-14
4	25797	1.648631358432	1.0000002e-14
4	25804	1.649154074913	1.0000002e-14
4	25814	1.649642982311	1.0000002e-14
4	25821	1.650203518995	1.0000002e-14
4	25828	1.650673955203	1.0000002e-14
4	25835	1.65122565894	1.0000002e-14
4	25845	1.651656907901	1.0000002e-14
4	25852	1.652260985663	1.0000002e-14
4	25859	1.652681180578	9.2713968132628e-12
4	25866	1.653290608799	1.0000002e-14
4	25876	1.653655113828	1.0000002e-14
4	25883	1.65432790384	1.0000002e-14
4	25890	1.654656920132	1.0000002e-14
4	25900	1.65534468995	1.0000002e-14
4	25907	1.655620103613	1.0000002e-14
4	25914	1.656303387951	1.0000002e-14
4	25918	1.656606055263	1.0000002e-14
4	25931	1.657341307001	1.0000002e-14
4	25938	1.657632067596	1.0000002e-14
4	25945	1.658303047464	1.0000002e-14
4	25955	1.658673522324	1.0000002e-14
4	25959	1.659321961793	1.0000002e-14
4	25969	1.659697878925	1.0000002e-14
4	25976	1.660320840966	1.0000002e-14
4	25980	1.660665786351	1.0000002e-14
4	25990	1.661326334487	1.0000002e-14
4	26003	1.661671206396	1.0000002e-14
4	26010	1.662356348051	1.0000002e-14
4	26020	1.662677019535	1.0000002e-14
4	26024	1.663347730012	1.0000002e-14
4	26034	1.663641383959	1.0000002e-14
4	26041	1.664364646997	1.0000002e-14
4	26045	1.664630703481	1.0000002e-14
4	26061	1.665376228229	1.0000002e-14
4	26065	1.665668283784	1.0000002e-14
4	26072	1.666415692888	1.0000002e-14
4	26076	1.666635394627	1.0000002e-14
4	26092	1.667383140571	1.0000002e-14
4	26096	1.667654196796	1.0000002e-14
4	26103	1.66840875137	1.0000002e-14
4	26107	1.668624776266	1.0000002e-14
4	26123	1.669383318009	1.0000002e-14
4	26127	1.669610818129	1.0000002e-14
4	26134	1.670343480186	1.0000002e-14
4	26141	1.670629056896	1.0000002e-14
4	26151	1.671352313413	1.0000002e-14
4	26158	1.671676761356	1.0000002e-14
4	26165	1.672366466718	1.0000002e-14
4	26172	1.672635220945	1.0000002e-14
4	26182	1.673321386719	1.0000002e-14
4	26189	1.673601514952	5.4841881613582e-13
4	26196	1.674327561316	1.0000002e-14
4	26200	1.674566013285	1.0000002e-14
4	26216	1.675312867059	1.0000002e-14
4	26220	1.67554169565	1.0000002e-14
4	26227	1.676305399515	1.0000002e-14
4	26234	1.67653230669	1.0000002e-14
4	26241	1.677260270025	1.0000002e-14
4	26251	1.677502665271	1.0000002e-14
4	26258	1.678279520572	1.0000002e-14
4	26265	1.67846423381	1.0000002e-14
4	26272	1.679254549508	1.0000002e-14
4	26279	1.679439796258	1.0000002e-14
4	26289	1.680210851336	1.0000002e-14
4	26293	1.680417533897	1.0000002e-14
4	26300	1.681176685212	1.0000002e-14
4	26307	1.681368048593	1.0000002e-14
4	26323	1.682178063539	1.0000002e-14
4	26327	1.682319980658	1.0000002e-14
4	26334	1.683160491045	1.0000002e-14
4	26344	1.683310388476	1.0000002e-14
4	26354	1.684164784082	1.0000002e-14
4	26358	1.684278077985	1.0000002e-14
4	26365	1.685196617945	1.0000002e-14
4	26372	1.685325665304	1.0000002e-14
4	26385	1.686198234062	1.0000002e-14
4	26389	1.686279259682	1.0000002e-14
4	26402	1.687194248238	1.0000002e-14
4	26406	1.687247800369	1.0000002e-14
4	26413	1.688215109247	1.0000002e-14
4	26420	1.688255442381	1.0000002e-14
4	26430	1.68916639704	6.552584425504e-12
4	26434	1.689230470715	1.0000002e-14
4	26447	1.690141001869	1.0000002e-14
4	26451	1.690195747575	1.0000002e-14
4	26461	1.691162191911	1.0000002e-14
4	26465	1.691172370983	1.0000002e-14
4	26478	1.692155529342	1.0000002e-14
4	26482	1.692220990371	1.0000002e-14
4	26492	1.693198721219	2.4264652528201e-13
4	26499	1.693256910542	1.0000002e-14
4	26509	1.694205082181	1.2862370427929e-14
4	26513	1.694241327499	1.0000002e-14
4	26523	1.69516291328	1.0000002e-14
4	26527	1.695220136533	1.0000002e-14
4	26540	1.696193841295	1.0000002e-14
4	26544	1.696199381593	1.0000002e-14
4	26554	1.697187581385	1.0000002e-14
4	26558	1.697236984049	1.0000002e-14
4	26571	1.698216643266	1.0000002e-14
4	26575	1.698278447388	1.0000002e-14
4	26585	1.699187769562	1.0000002e-14
4	26595	1.699273040087	1.0000002e-14
4	26602	1.70014672635	1.0000002e-14
4	26606	1.700269962177	1.0000002e-14
4	26616	1.701145792397	1.0000002e-14
4	26623	1.701272582217	1.0000002e-14
4	26636	1.702184650767	1.0000002e-14
4	26640	1.702290840033	1.0000002e-14
4	26656	1.703194554381	1.0000002e-14
4	26660	1.703314845143	1.0000002e-14
4	26667	1.704227972496	1.0000002e-14
4	26671	1.70434258546	9.2120700207049e-07
4	26684	1.705206460835	1.0000002e-14
4	26691	1.705382415326	1.0000002e-14
4	26695	1.706159462256	1.5268494882816e-11
4	26702	1.70640726494	1.0000002e-14
4	26715	1.707181785998	1.0000002e-14
4	26722	1.707437442517	1.0000002e-14
4	26729	1.708196502562	1.0000002e-14
4	26733	1.708445155616	7.1544871867631e-10
4	26743	1.709183069831	1.0000002e-14
4	26753	1.709417624331	1.3686491150536e-14
4	26760	1.710201682227	1.2963907319244e-12
4	26764	1.710384018761	1.0000002e-14
4	26774	1.71124890222	1.0000002e-14
4	26781	1.711388793449	1.0000002e-14
4	26788	1.712237393832	1.0000002e-14
4	26795	1.712390484945	1.0000002e-14
4	26805	1.713234630173	1.0000002e-14
4	26815	1.713391741248	1.0000002e-14
4	26819	1.714219405101	1.0000002e-14
4	26823	1.714348652331	1.0000002e-14
4	26839	1.715224658263	1.0000002e-14
4	26843	1.71535240581	1.0000002e-14
4	26850	1.71623063798	1.0000002e-14
4	26857	1.716397262902	1.0000002e-14
4	26870	1.717263630407	1.0000002e-14
4	26877	1.717394220781	4.5505748836418e-14
4	26884	1.718263724034	1.0000002e-14
4	26888	1.718415247599	1.0000002e-14
4	26901	1.719251816701	1.0000002e-14
4	26908	1.719453648348	1.0000002e-14
4	26912	1.720210238932	2.390907976486e-12
4	26919	1.72049693918	1.0000002e-14
4	26932	1.721213333089	6.2300686169212e-08
4	26942	1.721528267755	1.0000002e-14
4	26946	1.722180287464	1.0000002e-14
4	26953	1.722495470703	1.0000002e-14
4	26966	1.723198726898	1.0000002e-14
4	26970	1.723470490564	1.0000002e-14
4	26977	1.724230779161	8.2292405595053e-13
4	26987	1.724439714923	1.0000002e-14
4	26997	1.725274363836	8.1552658575232e-14
4	27001	1.725428315262	1.0000002e-14
4	27011	1.726284677021	1.0000002e-14
4	27015	1.72645164749	1.0000002e-14
4	27028	1.727289775974	1.0000002e-14
4	27032	1.727457089149	1.0000002e-14
4	27042	1.728302818518	1.0000002e-14
4	27046	1.728506932599	1.0000002e-14
4	27059	1.729305247585	1.0000002e-14
4	27063	1.729509357722	1.0000002e-14
4	27073	1.730330457207	1.0000002e-14
4	27077	1.730520465768	1.0000002e-14
4	27090	1.731352707169	1.0000002e-14
4	27094	1.731558533924	1.0000002e-14
4	27101	1.73237144521	1.0000002e-14
4	27108	1.732510144228	1.0000002e-14
4	27121	1.733366277325	1.0000002e-14
4	27125	1.733554768328	1.0000002e-14
4	27135	1.734377687915	1.0000002e-14
4	27139	1.734593581523	1.0000002e-14
4	27152	1.735345123572	9.088764718596e-11
4	27156	1.735595515862	1.0000002e-14
4	27166	1.736386591583	1.0000002e-14
4	27170	1.736596251459	1.0000002e-14
4	27183	1.737436524918	1.0000002e-14
4	27187	1.737550956191	1.0000002e-14
4	27197	1.738418860269	1.0000002e-14
4	27204	1.738570254806	1.0000002e-14
4	27214	1.73939761498	1.0000002e-14
4	27221	1.73958651769	1.0000002e-14
4	27231	1.740433802151	1.0000002e-14
4	27235	1.740581064184	1.0000002e-14
4	27245	1.741418301752	1.0000002e-14
4	27249	1.741598445439	1.0000002e-14
4	27265	1.742389971361	1.0000002e-14
4	27269	1.742549852454	1.0000002e-14
4	27279	1.743349071409	1.0000002e-14
4	27283	1.743593864853	1.0000002e-14
4	27296	1.744367315736	1.0000002e-14
4	27300	1.744575924208	1.0000002e-14
4	27310	1.745390572488	1.0000002e-14
4	27317	1.74558803014	1.0000002e-14
4	27327	1.746341770302	1.0000002e-14
4	27331	1.746618191581	1.0000002e-14
4	27341	1.74736441438	1.0000002e-14
4	27348	1.747612912054	2.1778704060783e-14
4	27358	1.748411474932	1.0000002e-14
4	27362	1.748613791325	1.0000002e-14
4	27372	1.749373798469	1.0000002e-14
4	27379	1.749611882199	1.0000002e-14
4	27391	1.750416854898	1.0000002e-14
4	27395	1.750575172812	1.0000002e-14
4	27405	1.751380667748	1.0000002e-14
4	27412	1.751570100924	1.0000002e-14
4	27422	1.752425153967	1.3815677645525e-12
4	27426	1.752542000185	1.0000002e-14
4	27436	1.753452959149	1.0000002e-14
4	27440	1.753556288492	1.0000002e-14
4	27453	1.754501547406	1.0000002e-14
4	27457	1.754554833674	1.0000002e-14
4	27467	1.75546681398	1.0000002e-14
4	27471	1.755533851659	1.0000002e-14
4	27484	1.756418598838	1.0000002e-14
4	27488	1.756485024265	1.0000002e-14
4	27498	1.75740512831	1.0000002e-14
4	27502	1.757441979618	1.0000002e-14
4	27515	1.75841083737	1.0000002e-14
4	27519	1.758414804429	1.0000002e-14
4	27529	1.759376386925	1.0000002e-14
4	27533	1.75938906888	1.0000002e-14
4	27546	1.760405267686	1.0000002e-14
4	27550	1.760422986069	1.0000002e-14
4	27560	1.761355493873	1.0000002e-14
4	27564	1.761425149779	1.0000002e-14
4	27577	1.762360675581	1.0000002e-14
4	27584	1.762461104837	3.3635152283874e-10
4	27591	1.763359717849	1.0000002e-14
4	27598	1.763441264729	1.0000002e-14
4	27611	1.764363770281	1.0000002e-14
4	27615	1.764433629566	1.0000002e-14
4	27625	1.765402849692	1.0000002e-14
4	27629	1.765483097409	1.0000002e-14
4	27642	1.766387253985	1.0000002e-14
4	27646	1.766488901429	1.0000002e-14
4	27656	1.76742073724	1.0000002e-14
4	27660	1.767449738664	1.0000002e-14
4	27673	1.7684051216	1.0000002e-14
4	27677	1.768439881119	1.0000002e-14
4	27687	1.769410427545	1.0000002e-14
4	27691	1.769452153266	1.0000002e-14
4	27704	1.77039267581	1.0000002e-14
4	27708	1.770460046839	1.0000002e-14
4	27718	1.771395215687	1.0000002e-14
4	27722	1.771427289887	1.0000002e-14
4	27735	1.772380631071	1.0000002e-14
4	27739	1.772397414499	1.0000002e-14
4	27749	1.77336694197	1.0000002e-14
4	27753	1.773443704449	1.0000002e-14
4	27766	1.774337084874	1.0000002e-14
4	27770	1.774491476996	1.0000002e-14
4	27780	1.775308281712	1.0000002e-14
4	27784	1.775476086792	1.0000002e-14
4	27797	1.77635508662	5.6749332724052e-12
4	27801	1.776442708862	1.0000002e-14
4	27811	1.777395803999	1.0000002e-14
4	27815	1.777423100956	1.0000002e-14
4	27828	1.778356863502	1.0000002e-14
4	27832	1.778399311525	1.0000002e-14
4	27839	1.779361408846	1.0000002e-14
4	27843	1.779367873305	1.0000002e-14
4	27859	1.780355221889	1.0000002e-14
4	27863	1.780366870243	1.0000002e-14
4	27870	1.781333944123	1.0000002e-14
4	27874	1.781404166875	1.0000002e-14
4	27890	1.782349012042	6.7896674555885e-14
4	27894	1.782355874451	1.0000002e-14
4	27904	1.783364006448	1.0000002e-14
4	27908	1.783392321441	1.0000002e-14
4	27921	1.784335039035	1.0000002e-14
4	27925	1.784441106944	1.0000002e-14
4	27935	1.785304551972	1.0000002e-14
4	27939	1.785474463483	3.0543889669619e-14
4	27952	1.786348933234	1.0000002e-14
4	27956	1.786488077941	1.0000002e-14
4	27966	1.787302799875	1.0000002e-14
4	27970	1.78743870265	1.0000002e-14
4	27983	1.788322006308	1.0000002e-14
4	27987	1.78839277049	1.0000002e-14
4	27997	1.789278097579	1.0000002e-14
4	28001	1.789360634731	1.0000002e-14
4	28014	1.790287057742	1.0000002e-14
4	28018	1.790402317589	1.0000002e-14
4	28028	1.791291063742	4.4230139783413e-09
4	28032	1.791445333469	1.0000002e-14
4	28045	1.792302636386	1.0000002e-14
4	28049	1.79247710237	1.0000002e-14
4	28059	1.793296356614	1.0000002e-14
4	28063	1.793432709079	1.0000002e-14
4	28076	1.794336113353	1.0000002e-14
4	28080	1.794416667067	1.0000002e-14
4	28090	1.795346506393	1.0000002e-14
4	28094	1.79537976842	1.0000002e-14
4	28107	1.796366169871	1.0000002e-14
4	28111	1.79637166015	3.396995917772e-10
4	28121	1.797401762689	1.0000002e-14
4	28125	1.797404181333	1.0000002e-14
4	28138	1.798384221759	1.0000002e-14
4	28142	1.798418062639	1.0000002e-14
4	28152	1.799416126545	1.0000002e-14
4	28156	1.799458077826	1.0000002e-14
4	28169	1.800446609105	1.0000002e-14
4	28173	1.800450218614	1.0000002e-14
4	28192	1.801485905958	1.0000002e-14
4	28196	1.801492487265	1.0000002e-14
4	28203	1.802467395182	1.0000002e-14
4	28207	1.802536857651	1.0000002e-14
4	28220	1.803486363776	1.0000002e-14
4	28224	1.80352010738	1.0000002e-14
4	28234	1.80448916865	1.0000002e-14
4	28238	1.804522559863	1.0000002e-14
4	28251	1.805461327781	1.0000002e-14
4	28258	1.805547832203	1.0000002e-14
4	28265	1.806423325107	1.0000002e-14
4	28269	1.806585045084	1.0000002e-14
4	28282	1.807400062411	1.0000002e-14
4	28289	1.807573413336	1.0000002e-14
4	28296	1.808366179836	1.0000002e-14
4	28300	1.808579968082	1.0000002e-14
4	28313	1.809385547514	1.0000002e-14
4	28320	1.809585346001	1.0000002e-14
4	28327	1.810370739561	1.0000002e-14
4	28337	1.810631286245	1.7160461783995e-13
4	28341	1.811375446118	1.0000002e-14
4	28354	1.811643929525	1.0000002e-14
4	28358	1.812364235816	1.0000002e-14
4	28368	1.81263248768	1.0000002e-14
4	28372	1.813370071202	1.0000002e-14
4	28385	1.813653097838	1.0000002e-14
4	28392	1.814414159707	1.0000002e-14
4	28399	1.8146855405	1.0000002e-14
4	28406	1.815446877208	1.0000002e-14
4	28416	1.815698212691	1.0000002e-14
4	28423	1.816429222515	1.0000002e-14
4	28430	1.816731616689	1.0000002e-14
4	28440	1.817410855303	1.0000002e-14
4	28444	1.817690330105	1.0000002e-14
4	28454	1.818377603436	1.0000002e-14
4	28461	1.818660940314	1.0000002e-14
4	28471	1.819418842988	1.0000002e-14
4	28478	1.819623374403	1.0000002e-14
4	28485	1.820429354356	1.0000002e-14
4	28489	1.820600269156	1.0000002e-14
4	28505	1.821442400979	1.0000002e-14
4	28512	1.821590973371	1.0000002e-14
4	28519	1.822449151533	1.0000002e-14
4	28526	1.822580675628	1.0000002e-14
4	28536	1.823413531834	1.0000002e-14
4	28543	1.82362867654	1.0000002e-14
4	28553	1.824436629121	1.5949968600511e-14
4	28557	1.82463993551	1.0000002e-14
4	28567	1.825476950964	1.0000002e-14
4	28571	1.825618496444	1.0000002e-14
4	28584	1.826489378059	2.8055031345413e-13
4	28588	1.826585898141	1.0000002e-14
4	28601	1.827529393507	1.0000002e-14
4	28605	1.827590629124	1.0000002e-14
4	28615	1.828510057141	1.0000002e-14
4	28619	1.828615073166	1.0000002e-14
4	28632	1.829492889841	1.0000002e-14
4	28636	1.829649173362	1.0000002e-14
4	28646	1.830490937675	1.0000002e-14
4	28650	1.830647629654	1.0000002e-14
4	28660	1.831447782512	1.0000002e-14
4	28667	1.831613925776	1.0000002e-14
4	28677	1.83247972002	1.0000002e-14
4	28681	1.832588376067	1.0000002e-14
4	28694	1.833489067846	1.0000002e-14
4	28698	1.833635739223	1.0000002e-14
4	28708	1.834445445559	1.0000002e-14
4	28712	1.834615655283	1.0000002e-14
4	28722	1.83545328745	1.0000002e-14
4	28729	1.835600435108	1.0000002e-14
4	28739	1.83647976773	1.0000002e-14
4	28743	1.83662522464	1.0000002e-14
4	28753	1.837508171817	1.0000002e-14
4	28757	1.837663239358	1.0000002e-14
4	28770	1.838530796432	1.0000002e-14
4	28774	1.838630818797	1.0000002e-14
4	28784	1.839532249207	1.0000002e-14
4	28788	1.839582110765	1.0000002e-14
4	28801	1.840543828227	1.0000002e-14
4	28805	1.840545010194	1.0000002e-14
4	28818	1.841511482078	1.0000002e-14
4	28822	1.841571453944	1.0000002e-14
4	28835	1.842498482238	3.6990375349199e-12
4	28839	1.842532828766	1.0000002e-14
4	28849	1.843501670134	1.0000002e-14
4	28853	1.843516663188	1.0000002e-14
4	28866	1.844467358963	1.0000002e-14
4	28870	1.844503062953	1.0000002e-14
4	28880	1.84543047703	1.0000002e-14
4	28884	1.845487507882	1.0000002e-14
4	28897	1.846443796236	3.4890073069897e-10
4	28901	1.846514651875	1.0000002e-14
4	28914	1.84747653673	1.0000002e-14
4	28918	1.847481573548	1.0000002e-14
4	28928	1.848475326111	1.0000002e-14
4	28932	1.848481535356	1.0000002e-14
4	28945	1.849462883406	1.0000002e-14
4	28949	1.849505978896	1.0000002e-14
4	28959	1.850419371977	1.0000002e-14
4	28963	1.850471734284	1.0000002e-14
4	28976	1.851452217383	1.0000002e-14
4	28980	1.851492473059	1.0000002e-14
4	28987	1.852409944751	1.0000002e-14
4	28994	1.852452902098	1.0000002e-14
4	29007	1.85339836212	1.0000002e-14
4	29011	1.853437396992	1.0000002e-14
4	29021	1.854355458657	1.0000002e-14
4	29025	1.85440870648	1.0000002e-14
4	29035	1.855336581233	1.0000002e-14
4	29039	1.855415325435	1.0000002e-14
4	29052	1.856289460081	1.0000002e-14
4	29056	1.856414761236	1.0000002e-14
4	29066	1.857311133189	1.0000002e-14
4	29070	1.857398805888	1.0000002e-14
4	29083	1.858267894666	1.0000002e-14
4	29087	1.858399159529	1.0000002e-14
4	29097	1.859278997359	1.0000002e-14
4	29104	1.859362259744	1.0000002e-14
4	29114	1.860315608211	1.0000002e-14
4	29118	1.860316720296	1.0000002e-14
4	29134	1.861298316762	1.0000002e-14
4	29138	1.861354869052	1.0438619974247e-14
4	29148	1.862256302211	1.0000002e-14
4	29152	1.862339521908	1.0000002e-14
4	29165	1.863211679182	1.0000002e-14
4	29169	1.863324707755	1.0000002e-14
4	29179	1.864181242925	1.0000002e-14
4	29183	1.864315979239	1.0000002e-14
4	29193	1.865137718277	1.0000002e-14
4	29200	1.865343030317	1.0000002e-14
4	29207	1.866118753536	1.0000002e-14
4	29214	1.866364520842	1.0000002e-14
4	29224	1.867086303165	1.0000002e-14
4	29231	1.867352200841	1.0000002e-14
4	29235	1.868055441299	2.0086497207991e-10
4	29245	1.868358620032	1.0000002e-14
4	29249	1.869050782256	1.0000002e-14
4	29259	1.86939602515	4.7017855739345e-09
4	29266	1.870069667642	1.0000002e-14
4	29276	1.870434712	1.0000002e-14
4	29280	1.871026029132	1.0000002e-14
4	29290	1.871446769312	1.0000002e-14
4	29297	1.87204805449	1.0000002e-14
4	29307	1.872407424381	1.0000002e-14
4	29311	1.873029736877	1.0000002e-14
4	29321	1.873414549688	1.0000002e-14
4	29328	1.873995187459	1.0000002e-14
4	29335	1.874376257439	1.0000002e-14
4	29342	1.874967866524	1.0000002e-14
4	29349	1.875368971836	1.0000002e-14
4	29359	1.875923403046	1.0000002e-14
4	29366	1.876339051077	1.0000002e-14
4	29373	1.876953817067	1.0000002e-14
4	29383	1.877377730474	1.0000002e-14
4	29390	1.877936604823	1.0000002e-14
4	29397	1.878336621015	1.0000002e-14
4	29404	1.878963437759	1.0000002e-14
4	29411	1.879327458091	1.0000002e-14
4	29421	1.879939471439	1.0000002e-14
4	29431	1.880375529894	1.0000002e-14
4	29435	1.880891625206	1.0000002e-14
4	29448	1.881400715587	1.0000002e-14
4	29452	1.881851070186	1.0000002e-14
4	29462	1.882392274269	1.0000002e-14
4	29469	1.88282605703	1.0000002e-14
4	29479	1.883397861594	1.0000002e-14
4	29486	1.883815426621	3.7603502248855e-12
4	29496	1.884401749935	1.0772113932285e-14
4	29500	1.884767804862	2.1805139265247e-14
4	29507	1.885380492473	1.0000002e-14
4	29517	1.885720848087	1.0000002e-14
4	29527	1.886424512985	1.0000002e-14
4	29531	1.886707318298	4.2339018974745e-09
4	29538	1.887460406244	1.0000002e-14
4	29548	1.887661183377	1.0000002e-14
4	29558	1.88846118398	1.0000002e-14
4	29562	1.888691907688	1.0000002e-14
4	29569	1.889477143043	1.0000002e-14
4	29579	1.889654749667	1.0000002e-14
4	29586	1.890521188443	1.0000002e-14
4	29593	1.890690135601	1.0000002e-14
4	29603	1.891545000033	1.0000002e-14
4	29607	1.891713185453	1.0000002e-14
4	29620	1.892529840682	1.0000002e-14
4	29624	1.892698678586	1.0000002e-14
4	29631	1.893525342136	1.0000002e-14
4	29638	1.893705444747	1.0000002e-14
4	29651	1.8945435442	1.0000002e-14
4	29655	1.894736717238	1.0000002e-14
4	29662	1.895551854973	1.0000002e-14
4	29669	1.895709053865	1.0000002e-14
4	29682	1.896591344813	1.0000002e-14
4	29686	1.896673412063	1.0000002e-14
4	29693	1.897613060551	1.0000002e-14
4	29697	1.897656796823	1.0000002e-14
4	29713	1.898626928774	1.0000002e-14
4	29717	1.898657903118	1.0000002e-14
4	29727	1.899656332778	1.0000002e-14
4	29731	1.899677694737	1.0000002e-14
4	29744	1.90065483426	1.0000002e-14
4	29748	1.900700188774	1.0000002e-14
4	29755	1.901623834492	1.0000002e-14
4	29759	1.901672018645	1.0000002e-14
4	29778	1.902594013631	1.0000002e-14
4	29782	1.902652882263	1.0000002e-14
4	29789	1.903591114358	1.0000002e-14
4	29793	1.903684100407	1.0000002e-14
4	29809	1.904597482179	1.0000002e-14
4	29813	1.904714367607	1.0000002e-14
4	29820	1.905590118667	1.0000002e-14
4	29824	1.905674136006	1.0000002e-14
4	29840	1.906556677409	1.0000002e-14
4	29844	1.906668292943	1.0000002e-14
4	29851	1.907556851566	1.0000002e-14
4	29855	1.907628030002	1.0000002e-14
4	29871	1.908567988253	1.0000002e-14
4	29875	1.908667393051	1.0000002e-14
4	29882	1.909555092828	1.0000002e-14
4	29886	1.909640239263	1.0000002e-14
4	29902	1.91054783918	1.0000002e-14
4	29906	1.910672735433	1.0000002e-14
4	29913	1.911538085857	1.0000002e-14
4	29920	1.911712633862	1.0000002e-14
4	29933	1.912493892805	1.0000002e-14
4	29937	1.912743637209	1.0000002e-14
4	29947	1.913519638506	1.0000002e-14
4	29954	1.913716908507	1.0000002e-14
4	29964	1.9145317481	1.0000002e-14
4	29968	1.914725646361	1.0000002e-14
4	29981	1.915544155493	1.0000002e-14
4	29985	1.915763120734	1.0000002e-14
4	29995	1.91657580589	1.0000002e-14
4	29999	1.916719515157	2.8349916127159e-13
4	30012	1.917586423795	1.0000002e-14
4	30016	1.91768280283	1.0000002e-14
4	30026	1.918630938981	3.805852175669e-08
4	30030	1.918655656818	2.8287613093849e-11
4	30043	1.919680334471	3.1734779537277e-13
4	30047	1.919702609158	1.0000002e-14
4	30057	1.920637478471	1.0000002e-14
4	30061	1.920662848845	4.4029952674071e-14
4	30077	1.921625745942	6.8090176328721e-10
4	30081	1.921630060312	1.0000002e-14
4	30088	1.922590944685	1.0000002e-14
4	30095	1.922608034019	6.0124099341605e-14
4	30102	1.923581819144	1.0000002e-14
4	30109	1.923651358899	1.0000002e-14
4	30122	1.924537920916	1.0000002e-14
4	30126	1.924678285598	1.0000002e-14
4	30133	1.925502933861	1.0000002e-14
4	30143	1.925678671505	1.0000002e-14
4	30150	1.926549486997	1.0000002e-14
4	30157	1.926701622688	1.0000002e-14
4	30170	1.927522638515	1.0000002e-14
4	30174	1.927741089765	1.0000002e-14
4	30184	1.928522087683	1.0000002e-14
4	30188	1.928769005139	1.0000002e-14
4	30201	1.929523956294	1.0000002e-14
4	30205	1.929723665137	1.0000002e-14
4	30215	1.930561517422	1.0000002e-14
4	30219	1.930677373607	1.0000002e-14
4	30229	1.931538802787	1.0000002e-14
4	30236	1.931722247389	1.0000002e-14
4	30246	1.932543423347	1.0000002e-14
4	30250	1.932732442453	1.0000002e-14
4	30263	1.9335533588	1.0000002e-14
4	30267	1.933728799975	1.0000002e-14
4	30277	1.934536224365	1.0000002e-14
4	30281	1.934748585686	1.0000002e-14
4	30294	1.935507287874	1.0000002e-14
4	30301	1.935723709964	1.0000002e-14
4	30308	1.936530288401	1.0000002e-14
4	30312	1.936741537735	1.0000002e-14
4	30325	1.937575322537	1.0000002e-14
4	30329	1.937751750283	1.0000002e-14
4	30339	1.938587547408	1.0000002e-14
4	30343	1.938730024262	1.0000002e-14
4	30356	1.939618575983	1.0000002e-14
4	30360	1.93973438832	1.0000002e-14
4	30370	1.940614060709	1.0000002e-14
4	30374	1.940696127417	1.0000002e-14
4	30390	1.941585847174	1.0000002e-14
4	30394	1.941671889248	1.0000002e-14
4	30404	1.942602902491	1.0000002e-14
4	30408	1.942650919151	1.0000002e-14
4	30418	1.943624656475	1.0000002e-14
4	30422	1.943630319022	1.0000002e-14
4	30435	1.944630987359	1.0000002e-14
4	30439	1.944673327565	1.0000002e-14
4	30452	1.945638824261	1.0000002e-14
4	30456	1.945688040057	1.0000002e-14
4	30469	1.946648659344	1.0000002e-14
4	30473	1.946688129101	1.0000002e-14
4	30483	1.947664535172	1.0000002e-14
4	30487	1.947674352307	1.0000002e-14
4	30497	1.948681427491	1.0000002e-14
4	30501	1.948701525897	1.0000002e-14
4	30517	1.94965947931	1.0000002e-14
4	30521	1.949673105672	1.0000002e-14
4	30528	1.950658201636	1.0000002e-14
4	30532	1.950692427117	1.0000002e-14
4	30545	1.951624414416	1.0000002e-14
4	30549	1.951652403132	1.0000002e-14
4	30559	1.95267112338	1.0000002e-14
4	30563	1.952682340097	1.0000002e-14
4	30576	1.953632436253	1.0000002e-14
4	30580	1.953635511481	1.0000002e-14
4	30590	1.954650317062	1.0000002e-14
4	30594	1.954655378967	1.0000002e-14
4	30607	1.955617441584	1.0000002e-14
4	30611	1.955636718844	5.1879052594872e-11
4	30618	1.956632770693	1.0000002e-14
4	30622	1.956641942323	1.0000002e-14
4	30638	1.957662116341	1.0000002e-14
4	30642	1.957686138055	1.0000002e-14
4	30649	1.958644851216	1.0000002e-14
4	30653	1.958693400107	1.0000002e-14
4	30669	1.959654596529	1.0000002e-14
4	30673	1.959658358658	1.0000002e-14
4	30680	1.960697256775	1.0000002e-14
4	30684	1.960702789901	4.6520938150638e-11
4	30703	1.96170462018	1.0000002e-14
4	30707	1.961717333276	1.0000002e-14
4	30714	1.962659496849	1.0000002e-14
4	30721	1.962733775922	1.0000002e-14
4	30731	1.963677425655	1.0000002e-14
4	30738	1.963732189944	1.0000002e-14
4	30748	1.964725235679	1.0000002e-14
4	30755	1.96475135499	1.9634539105749e-12
4	30762	1.965701610421	1.0000002e-14
4	30766	1.965759576697	1.0000002e-14
4	30779	1.966716729008	6.5978170103731e-13
4	30783	1.966728187422	1.0000002e-14
4	30793	1.967684829167	1.0000002e-14
4	30797	1.967720504855	1.3815461555095e-09
4	30810	1.968672109992	1.0000002e-14
4	30817	1.968770363441	1.0000002e-14
4	30824	1.969684798193	1.0000002e-14
4	30828	1.96979441927	1.0000002e-14
4	30844	1.970690636163	1.0000002e-14
4	30848	1.970757117735	1.0000002e-14
4	30855	1.971709660139	1.0000002e-14
4	30859	1.971780607959	1.0000002e-14
4	30875	1.97270335547	1.0000002e-14
4	30879	1.972757111416	1.0000002e-14
4	30886	1.973733447543	1.0000002e-14
4	30890	1.973769597161	2.3224691124995e-14
4	30906	1.974714901333	1.0000002e-14
4	30910	1.974796973283	1.3187984564936e-13
4	30917	1.975716778991	1.0000002e-14
4	30921	1.975814784956	1.0000002e-14
4	30937	1.976679234396	5.2239612207751e-14
4	30941	1.976860794979	1.0000002e-14
4	30948	1.97766868508	1.0000002e-14
4	30952	1.977824855341	1.0000002e-14
4	30968	1.978705932	1.0000002e-14
4	30972	1.978852650713	1.0000002e-14
4	30979	1.979738807056	1.0000002e-14
4	30983	1.979827937433	1.0000002e-14
4	30999	1.980740467609	1.0000002e-14
4	31003	1.980778354554	1.0000002e-14
4	31013	1.981744596578	1.0000002e-14
4	31017	1.981821882081	1.0000002e-14
4	31033	1.982786186938	1.0000002e-14
4	31037	1.982862102013	1.0000002e-14
4	31044	1.983789046193	1.0000002e-14
4	31048	1.983844909088	1.0000002e-14
4	31064	1.984786093761	5.8957820301371e-14
4	31068	1.984809738987	1.0000002e-14
4	31075	1.985795372986	2.2499671744602e-10
4	31079	1.98579740416	1.0000002e-14
4	31095	1.986751516904	1.0000002e-14
4	31099	1.986799699092	1.0000002e-14
4	31106	1.987707174335	1.0000002e-14
4	31110	1.987776798917	3.7007081488973e-13
4	31126	1.988698143198	1.0000002e-14
4	31130	1.988799042217	1.0000002e-14
4	31137	1.989663441699	3.0641689959952e-10
4	31141	1.989759577969	1.0000002e-14
4	31157	1.99064487229	1.0000002e-14
4	31161	1.99080641261	1.0000002e-14
4	31168	1.991621806858	1.0000002e-14
4	31172	1.991821977792	1.0000002e-14
4	31188	1.992579382609	1.0000002e-14
4	31192	1.992861546689	1.0000002e-14
4	31199	1.993542608669	1.0000002e-14
4	31203	1.993820315178	1.1337653122131e-10
4	31219	1.994559721707	1.0000002e-14
4	31223	1.994782291314	1.0000002e-14
4	31230	1.995509951342	1.0000002e-14
4	31234	1.995820369633	1.0000002e-14
4	31250	1.996525536464	1.0000002e-14
4	31254	1.996857621947	1.0000002e-14
4	31261	1.997568998939	1.0000002e-14
4	31265	1.997821872128	1.0000002e-14
4	31281	1.998578842379	1.0000002e-14
4	31285	1.998807127686	1.0000002e-14
4	31292	1.999626631486	1.0000002e-14
4	31296	1.999758644564	1.0000002e-14
4	31314	2.000585038335	1.0000002e-14
4	31318	2.000734814567	1.0000002e-14
4	31328	2.001549399899	1.0000002e-14
4	31332	2.001755524022	1.0000002e-14
4	31345	2.002503760817	1.0000002e-14
4	31352	2.002707270079	1.0000002e-14
4	31359	2.003542574735	6.2217617441691e-07
4	31363	2.0037329421	1.0000002e-14
4	31373	2.004534813737	1.0000002e-14
4	31383	2.004724478573	1.0000002e-14
4	31390	2.00549863363	1.0000002e-14
4	31394	2.005702793838	1.0000002e-14
4	31404	2.006511152176	1.0000002e-14
4	31414	2.006691847764	1.0000002e-14
4	31421	2.007531300286	1.0000002e-14
4	31425	2.007694251936	1.0000002e-14
4	31438	2.00856887414	1.0000002e-14
4	31442	2.008708863935	1.0000002e-14
4	31452	2.009614400769	1.0000002e-14
4	31456	2.009752309342	1.0000002e-14
4	31469	2.010604694926	1.0000002e-14
4	31476	2.01079131381	1.0000002e-14
4	31483	2.011603093863	1.0000002e-14
4	31487	2.011747142985	1.0000002e-14
4	31500	2.012635336753	1.0000002e-14
4	31507	2.012729867126	1.0000002e-14
4	31514	2.013664272818	1.0000002e-14
4	31518	2.013732957213	4.6851228535915e-14
4	31534	2.014677452285	1.0000002e-14
4	31538	2.014777906518	1.0000002e-14
4	31545	2.015680508366	1.0000002e-14
4	31549	2.015792950147	5.1859213310477e-13
4	31565	2.016631198034	1.0000002e-14
4	31569	2.016825877817	2.9454873775911e-08
4	31576	2.017646593396	1.0000002e-14
4	31580	2.017791415309	1.0000002e-14
4	31596	2.018664334185	1.0000002e-14
4	31600	2.018813458384	2.1287687691923e-13
4	31607	2.019639745413	1.0000002e-14
4	31614	2.019792832212	1.0000002e-14
4	31624	2.020590824869	1.0000002e-14
4	31631	2.020835537124	1.0000002e-14
4	31641	2.021611681603	2.1067539251256e-10
4	31651	2.021863305552	1.0000002e-14
4	31658	2.022635819843	1.0000002e-14
4	31665	2.022906248628	1.0000002e-14
4	31675	2.02364897047	1.0000002e-14
4	31682	2.023912654318	1.0000002e-14
4	31689	2.024672120782	1.0000002e-14
4	31693	2.024887943637	2.2721942036346e-14
4	31709	2.025703033987	1.0000002e-14
4	31713	2.025908662802	1.0000002e-14
4	31720	2.026676710424	1.0000002e-14
4	31724	2.02688827376	1.0000002e-14
4	31740	2.0276957983	1.0000002e-14
4	31744	2.02792117367	1.4384312475675e-13
4	31751	2.028739131984	1.0000002e-14
4	31755	2.028871259735	1.0000002e-14
4	31771	2.029699344608	1.0000002e-14
4	31775	2.029870550376	1.0000002e-14
4	31782	2.030726507852	9.4962823797207e-11
4	31786	2.030902869296	1.0000002e-14
4	31802	2.031738965228	1.0000002e-14
4	31806	2.031920143368	1.0000002e-14
4	31813	2.032755366857	1.0000002e-14
4	31820	2.032951164555	1.0000002e-14
4	31833	2.033783618302	1.0000002e-14
4	31837	2.033937689948	1.0000002e-14
4	31844	2.034773301467	1.0000002e-14
4	31848	2.034947150196	1.0000002e-14
4	31861	2.035737832287	1.0000002e-14
4	31868	2.035951945783	1.0000002e-14
4	31875	2.036785368429	1.0000002e-14
4	31882	2.036990456178	1.0000002e-14
4	31895	2.037833238466	1.0000002e-14
4	31899	2.037958039206	1.0000002e-14
4	31906	2.038869821407	6.2141030127831e-13
4	31913	2.038985511241	1.0000002e-14
4	31923	2.03982986396	2.1924035339145e-14
4	31930	2.039989427157	1.0000002e-14
4	31937	2.040813213435	1.0000002e-14
4	31944	2.041015913928	1.0000002e-14
4	31957	2.041809029954	1.0000002e-14
4	31961	2.041980993339	1.0000002e-14
4	31974	2.042792075876	1.0000002e-14
4	31978	2.043011813626	1.0000002e-14
4	31988	2.04375856056	1.0000002e-14
4	31992	2.04399267926	1.0000002e-14
4	32002	2.044760970843	1.0000002e-14
4	32009	2.044967956597	1.0000002e-14
4	32019	2.045747342816	2.0176085846472e-13
4	32023	2.045971382046	1.0000002e-14
4	32033	2.046706264365	1.0000002e-14
4	32043	2.046967528833	1.0000002e-14
4	32047	2.047669936523	1.0000002e-14
4	32054	2.04796148635	1.0000002e-14
4	32064	2.048696413624	1.0000002e-14
4	32074	2.04892536322	1.0000002e-14
4	32078	2.049664781714	1.0000002e-14
4	32085	2.049895148396	1.0000002e-14
4	32101	2.050656774607	1.0000002e-14
4	32105	2.050879640687	1.0394281725731e-09
4	32109	2.051655139823	1.0000002e-14
4	32116	2.051925066354	1.0000002e-14
4	32129	2.052619138822	1.0000002e-14
4	32136	2.052965917527	1.0000002e-14
4	32140	2.053615259488	1.0000002e-14
4	32147	2.053925439436	1.0000002e-14
4	32163	2.054627586223	1.0000002e-14
4	32167	2.05488661199	1.0000002e-14
4	32171	2.055631183369	1.0000002e-14
4	32175	2.055924092869	1.0000002e-14
4	32194	2.056652688049	1.0000002e-14
4	32198	2.056967499271	1.0000002e-14
4	32202	2.057697712951	1.3242018604697e-14
4	32209	2.058001436137	1.0000002e-14
4	32225	2.058664498902	1.0000002e-14
4	32229	2.058975760573	1.0000002e-14
4	32233	2.059698574853	1.0000002e-14
4	32240	2.060000825952	1.0000002e-14
4	32253	2.06066283981	1.0000002e-14
4	32263	2.060991902649	1.0000002e-14
4	32267	2.061658853356	1.0000002e-14
4	32274	2.061978236492	1.0000002e-14
4	32290	2.062665478344	1.0000002e-14
4	32294	2.062953731406	1.0000002e-14
4	32298	2.063671005313	1.0000002e-14
4	32305	2.0639171975	1.0000002e-14
4	32318	2.064720181884	1.0000002e-14
4	32325	2.064939061309	1.0000002e-14
4	32332	2.065749601756	1.0000002e-14
4	32336	2.065983330284	1.0000002e-14
4	32343	2.066749574963	1.0000002e-14
4	32356	2.066947153453	1.0000002e-14
4	32360	2.067739802267	1.0000002e-14
4	32367	2.067990811182	1.0000002e-14
4	32374	2.068782582082	1.0000002e-14
4	32387	2.068966434015	1.0000002e-14
4	32394	2.069820688643	1.0000002e-14
4	32398	2.069954483251	1.0000002e-14
4	32414	2.070812003346	1.0000002e-14
4	32418	2.070976464534	1.0000002e-14
4	32425	2.071849178538	1.0000002e-14
4	32429	2.071988490182	1.0000002e-14
4	32442	2.072811874382	1.0000002e-14
4	32449	2.073016706002	1.0000002e-14
4	32453	2.073824053596	1.0000002e-14
4	32460	2.073982492929	1.0000002e-14
4	32473	2.074863268063	1.0000002e-14
4	32477	2.074962988796	1.0000002e-14
4	32484	2.075860419335	1.0000002e-14
4	32491	2.075999310574	1.0000002e-14
4	32501	2.076843845974	1.0000002e-14
4	32511	2.076960221646	1.0000002e-14
4	32515	2.077857074235	1.0000002e-14
4	32519	2.077945460824	1.0000002e-14
4	32532	2.078890800282	1.0000002e-14
4	32536	2.078944261365	1.0000002e-14
4	32546	2.079911834318	1.8732280352372e-14
4	32550	2.079958302602	1.0000002e-14
4	32566	2.080936268817	1.0000002e-14
4	32570	2.080960971765	1.0000002e-14
4	32583	2.081913856486	1.0000002e-14
4	32587	2.082002202655	1.0000002e-14
4	32600	2.082962951373	1.0000002e-14
4	32604	2.082992970199	1.0000002e-14
4	32611	2.083954425455	1.0000002e-14
4	32615	2.08402912932	1.0000002e-14
4	32631	2.084962114603	1.0000002e-14
4	32635	2.084995202561	1.0000002e-14
4	32645	2.085931843668	1.0000002e-14
4	32649	2.085993891971	1.0000002e-14
4	32662	2.086956390849	1.0000002e-14
4	32666	2.086966120986	3.6014478881578e-11
4	32676	2.087935150541	1.0000002e-14
4	32680	2.08794651105	1.0000002e-14
4	32693	2.088950712185	1.0000002e-14
4	32697	2.088977748621	1.0000002e-14
4	32707	2.089910888038	1.0000002e-14
4	32711	2.089984768484	1.0000002e-14
4	32721	2.090867368067	1.0000002e-14
4	32728	2.091024736348	1.0000002e-14
4	32738	2.091842928538	1.0000002e-14
4	32742	2.092008643697	1.0000002e-14
4	32752	2.092832843287	1.0000002e-14
4	32759	2.093009584922	1.0000002e-14
4	32769	2.093831726064	1.0000002e-14
4	32773	2.094058519495	1.0000002e-14
4	32783	2.094829270103	1.0000002e-14
4	32790	2.095010961303	1.0000002e-14
4	32800	2.095813177806	1.0000002e-14
4	32804	2.096036337287	1.0000002e-14
4	32814	2.096807967486	1.0000002e-14
4	32821	2.097081642945	1.0000002e-14
4	32831	2.097807882808	1.0000002e-14
4	32835	2.098074831627	1.0000002e-14
4	32848	2.098832413147	1.0000002e-14
4	32852	2.099104465985	1.0000002e-14
4	32862	2.099828793976	1.0000002e-14
4	32869	2.100106928483	1.0000002e-14
4	32876	2.10080640987	1.0000002e-14
4	32883	2.101120992334	1.0000002e-14
4	32896	2.10181957355	1.0000002e-14
4	32903	2.102090166925	1.0000002e-14
4	32910	2.102791808542	1.0000002e-14
4	32917	2.103129057657	1.0000002e-14
4	32927	2.103762413103	1.0000002e-14
4	32931	2.104090183144	1.0000002e-14
4	32938	2.104720045393	1.0000002e-14
4	32948	2.105070909613	1.0000002e-14
4	32958	2.105695007635	1.0000002e-14
4	32965	2.106024178422	1.0000002e-14
4	32969	2.106680632226	1.0000002e-14
4	32979	2.10700016394	1.0000002e-14
4	32989	2.107642298467	1.0000002e-14
4	32996	2.107954599081	1.0000002e-14
4	33000	2.108597288351	1.0000002e-14
4	33004	2.108965560631	1.0000002e-14
4	33020	2.109601786323	1.0000002e-14
4	33024	2.109917466318	1.0000002e-14
4	33031	2.110602948137	1.0000002e-14
4	33038	2.110952374555	1.0000002e-14
4	33051	2.111622906965	1.0000002e-14
4	33058	2.111997223465	1.0000002e-14
4	33062	2.112589046478	1.0000002e-14
4	33066	2.112986234641	1.0000002e-14
4	33079	2.113593723403	1.0000002e-14
4	33086	2.113956365583	1.0000002e-14
4	33093	2.114639164805	1.0000002e-14
4	33097	2.114945411507	2.1200823309836e-12
4	33107	2.115595521992	1.0000002e-14
4	33117	2.115910261828	1.0000002e-14
4	33124	2.116583248709	1.0000002e-14
4	33128	2.116914105802	2.2316699010954e-14
4	33144	2.117616920106	1.0000002e-14
4	33148	2.117885787706	1.0000002e-14
4	33155	2.118577468136	1.0000002e-14
4	33159	2.118898883789	1.0000002e-14
4	33169	2.119592462336	2.6375817412659e-14
4	33179	2.119935031734	1.0000002e-14
4	33186	2.12056792157	1.0000002e-14
4	33190	2.120975831073	1.0000002e-14
4	33206	2.121525679707	1.0000002e-14
4	33213	2.121938743925	1.0000002e-14
4	33220	2.122477758814	1.0000002e-14
4	33227	2.122987088929	1.0000002e-14
4	33234	2.123440598539	2.684647230776e-14
4	33247	2.123988206947	1.0000002e-14
4	33251	2.12440278486	1.0000002e-14
4	33255	2.124954412971	1.0000002e-14
4	33265	2.125400474173	1.0000002e-14
4	33275	2.125923831683	1.0000002e-14
4	33282	2.126354366807	1.0000002e-14
4	33286	2.126939003854	1.0000002e-14
4	33293	2.127385421696	1.0000002e-14
4	33306	2.12794724329	1.0000002e-14
4	33313	2.128388037825	1.0000002e-14
4	33317	2.128949241483	1.0000002e-14
4	33324	2.129401882639	1.0000002e-14
4	33337	2.129924592804	1.0000002e-14
4	33344	2.130367234327	1.0000002e-14
4	33348	2.130931257646	1.0000002e-14
4	33355	2.131407031696	1.0000002e-14
4	33368	2.131926253035	1.0000002e-14
4	33375	2.132411476518	1.0000002e-14
4	33379	2.132909342955	1.0000002e-14
4	33389	2.133393266706	1.0000002e-14
4	33402	2.1339475188	1.0000002e-14
4	33406	2.134347687739	1.0000002e-14
4	33410	2.134969599541	1.0000002e-14
4	33420	2.135352153756	1.0000002e-14
4	33430	2.135958808486	1.0000002e-14
4	33437	2.136334502824	1.0000002e-14
4	33441	2.136971837253	1.0000002e-14
4	33451	2.137367792567	1.0000002e-14
4	33461	2.137929359252	1.0000002e-14
4	33468	2.138359340203	1.0000002e-14
4	33472	2.138902737586	1.0000002e-14
4	33479	2.139344729295	1.0000002e-14
4	33495	2.139951547121	1.0000002e-14
4	33499	2.140360618092	1.0000002e-14
4	33503	2.140937210522	1.0000002e-14
4	33513	2.141324504443	1.0000002e-14
4	33526	2.141935166143	1.0000002e-14
4	33533	2.142346290275	1.0000002e-14
4	33537	2.142914707604	1.0000002e-14
4	33544	2.143327430462	1.0000002e-14
4	33557	2.143957265544	1.0000002e-14
4	33564	2.144277822237	1.0000002e-14
4	33568	2.144985140802	1.0000002e-14
4	33575	2.145294317087	1.0000002e-14
4	33588	2.145990278555	1.0000002e-14
4	33595	2.146274618609	1.0000002e-14
4	33599	2.146969017439	1.0000002e-14
4	33609	2.147305662358	1.0000002e-14
4	33619	2.148004495742	1.0000002e-14
4	33626	2.148291185183	2.9884068519282e-14
4	33633	2.149036349759	1.0000002e-14
4	33640	2.149248549343	1.0000002e-14
4	33650	2.150039229323	1.0000002e-14
4	33657	2.150273435281	1.0000002e-14
4	33667	2.151058030794	1.0000002e-14
4	33671	2.151243500905	1.0000002e-14
4	33678	2.152012542305	1.0000002e-14
4	33685	2.152201498971	1.7633991869697e-08
4	33698	2.153028809637	1.0000002e-14
4	33702	2.153243774448	1.0000002e-14
4	33709	2.154056635782	1.0000002e-14
4	33716	2.154287483032	1.0000002e-14
4	33729	2.155018888672	1.0000002e-14
4	33733	2.155287303376	1.0000002e-14
4	33740	2.156059803221	1.0000002e-14
4	33747	2.156243970702	1.0000002e-14
4	33760	2.157011782563	1.0000002e-14
4	33764	2.157247008246	1.0000002e-14
4	33774	2.158029227837	1.0000002e-14
4	33778	2.15821098491	1.0000002e-14
4	33791	2.159039434407	1.0000002e-14
4	33795	2.159221680021	1.0000002e-14
4	33805	2.160081048364	1.0000002e-14
4	33809	2.160175736332	1.0000002e-14
4	33819	2.161069636277	1.0000002e-14
4	33826	2.161176679712	1.0000002e-14
4	33839	2.162118724204	1.0000002e-14
4	33843	2.162147200073	1.0000002e-14
4	33856	2.163107031101	1.0000002e-14
4	33860	2.16311926031	1.0000002e-14
4	33870	2.164078437376	1.0000002e-14
4	33874	2.164149010616	1.0000002e-14
4	33887	2.165074993669	9.2520841533163e-06
4	33891	2.165122647379	1.0000002e-14
4	33901	2.166116836964	1.0000002e-14
4	33905	2.166121863974	1.0000002e-14
4	33915	2.1670758508	1.0000002e-14
4	33919	2.167086409122	1.0000002e-14
4	33929	2.168037778719	1.0000002e-14
4	33933	2.168062164324	1.0000002e-14
4	33946	2.168991349961	1.0000002e-14
4	33950	2.169094850687	1.0000002e-14
4	33960	2.170035567018	1.0000002e-14
4	33964	2.170054787522	1.0000002e-14
4	33977	2.171034253592	1.0000002e-14
4	33981	2.171057891117	1.0000002e-14
4	33991	2.172030609774	1.0000002e-14
4	33995	2.172058271177	1.0000002e-14
4	34005	2.173034483714	1.0000002e-14
4	34009	2.173084449407	1.0000002e-14
4	34025	2.174078204374	1.0000002e-14
4	34029	2.174110606888	1.0000002e-14
4	34042	2.175109752894	1.0000002e-14
4	34046	2.175126392544	1.0000002e-14
4	34056	2.176087736534	1.0000002e-14
4	34060	2.176148539856	1.0000002e-14
4	34067	2.177106587008	1.0000002e-14
4	34071	2.177115682366	1.0000002e-14
4	34081	2.178063552201	1.0000002e-14
4	34085	2.178087211086	1.0000002e-14
4	34101	2.179059448815	1.0000002e-14
4	34105	2.179102787898	1.0000002e-14
4	34112	2.180030449562	1.0000002e-14
4	34116	2.180081707873	1.0000002e-14
4	34132	2.181023368828	1.0000002e-14
4	34136	2.181130002223	1.0000002e-14
4	34149	2.182059215263	1.0000002e-14
4	34153	2.182155573334	1.0000002e-14
4	34166	2.183033296573	1.0000002e-14
4	34170	2.183182778234	1.0000002e-14
4	34177	2.184053321366	1.0000002e-14
4	34184	2.184172514151	1.0000002e-14
4	34194	2.18502282255	1.0000002e-14
4	34204	2.185212038377	1.0000002e-14
4	34211	2.186031775845	1.0000002e-14
4	34215	2.186181218386	1.0000002e-14
4	34228	2.187025096971	1.0000002e-14
4	34235	2.18718752022	1.0000002e-14
4	34242	2.188018493365	1.0000002e-14
4	34246	2.188190869493	1.0000002e-14
4	34259	2.189003104267	1.0000002e-14
4	34266	2.189203409445	1.0000002e-14
4	34273	2.19000154279	1.0000002e-14
4	34277	2.19017647214	1.0000002e-14
4	34290	2.190957021228	1.0000002e-14
4	34297	2.191130845747	1.0000002e-14
4	34301	2.191936782513	2.3856226681359e-13
4	34308	2.192102456169	1.0000002e-14
4	34324	2.192945441421	1.0000002e-14
4	34328	2.193150221429	1.0000002e-14
4	34332	2.193909977704	1.0000002e-14
4	34339	2.194179094613	1.0000002e-14
4	34355	2.194921590529	1.0000002e-14
4	34359	2.195152161673	1.0000002e-14
4	34363	2.195885799589	1.0000002e-14
4	34370	2.196114069259	1.0000002e-14
4	34386	2.196888230522	1.0000002e-14
4	34390	2.197147235723	1.0000002e-14
4	34397	2.197890977841	5.1783006972131e-13
4	34401	2.19813376263	1.0000002e-14
4	34417	2.19887354136	1.0000002e-14
4	34421	2.19909853722	1.0000002e-14
4	34428	2.199837664731	1.0000002e-14
4	34432	2.200107206834	1.0000002e-14
4	34448	2.200850823085	1.0923598713724e-12
4	34452	2.201080453807	1.0000002e-14
4	34456	2.201856471534	1.0000002e-14
4	34466	2.202090357271	1.6712069920157e-11
4	34482	2.202882849995	2.9342693641039e-14
4	34486	2.203122142941	1.0000002e-14
4	34490	2.203876437844	1.0000002e-14
4	34497	2.204120547746	2.6607693575803e-14
4	34513	2.204878488006	1.0000002e-14
4	34517	2.205151173689	1.0000002e-14
4	34521	2.205910555008	1.0000002e-14
4	34531	2.206194283875	1.0000002e-14
4	34544	2.206869204668	4.7203607235039e-12
4	34548	2.207228834709	1.0000002e-14
4	34552	2.207878187197	1.0000002e-14
4	34562	2.208260476989	1.0000002e-14
4	34575	2.208851310005	1.0000002e-14
4	34579	2.20926940563	1.0000002e-14
4	34583	2.209848036571	1.0000002e-14
4	34596	2.21024166106	1.0000002e-14
4	34603	2.210810428224	1.0000002e-14
4	34610	2.211225888907	1.0000002e-14
4	34614	2.211781900877	1.0000002e-14
4	34624	2.212249061984	1.0000002e-14
4	34631	2.212732491013	1.0000002e-14
4	34641	2.213238042291	1.0000002e-14
4	34645	2.213767331562	1.0000002e-14
4	34652	2.214261691133	1.0000002e-14
4	34662	2.214725929205	1.0000002e-14
4	34672	2.21524216368	1.0000002e-14
4	34676	2.215763175828	1.0000002e-14
4	34686	2.216235055213	2.0534074886825e-13
4	34693	2.216768706682	1.0000002e-14
4	34700	2.217284198654	1.0000002e-14
4	34707	2.217781718898	1.0000002e-14
4	34717	2.21829796672	1.0000002e-14
4	34727	2.218816147891	1.0000002e-14
4	34731	2.219321094167	1.0000002e-14
4	34738	2.219779497367	1.0000002e-14
4	34748	2.220337743248	1.0000002e-14
4	34758	2.220813203599	1.0000002e-14
4	34762	2.221326978725	1.0000002e-14
4	34769	2.221805648542	1.0000002e-14
4	34779	2.222312985409	1.0000002e-14
4	34789	2.222774345809	1.0000002e-14
4	34799	2.223347851124	1.0000002e-14
4	34803	2.223755067677	1.0000002e-14
4	34810	2.224397269182	3.6779478151059e-11
4	34820	2.224706959997	1.0000002e-14
4	34830	2.225438552386	1.0000002e-14
4	34834	2.225669251161	1.0002838515183e-12
4	34847	2.226488220719	1.0000002e-14
4	34851	2.226655571956	1.0000002e-14
4	34861	2.22751791262	1.0000002e-14
4	34865	2.227650555538	1.0000002e-14
4	34878	2.228506780473	1.0000002e-14
4	34882	2.228652813012	1.0000002e-14
4	34892	2.229482478757	1.0000002e-14
4	34896	2.229623287968	1.0000002e-14
4	34906	2.230460218725	1.0000002e-14
4	34913	2.230672635457	1.0000002e-14
4	34923	2.231415585465	1.0000002e-14
4	34927	2.231677598995	1.0000002e-14
4	34937	2.232402453302	1.0000002e-14
4	34944	2.232718571497	1.0000002e-14
4	34954	2.233404821981	4.5888730127217e-14
4	34958	2.233696104461	1.0000002e-14
4	34968	2.234385974999	1.0000002e-14
4	34975	2.234714736336	3.7272706682751e-14
4	34985	2.235431236547	1.0000002e-14
4	34989	2.23574619681	1.0000002e-14
4	34999	2.23642746068	8.4567344200267e-13
4	35006	2.236711513545	1.0000002e-14
4	35016	2.237429898466	1.0000002e-14
4	35020	2.237706511721	1.0000002e-14
4	35030	2.238443252736	1.0000002e-14
4	35037	2.238710836023	1.0000002e-14
4	35047	2.239421488801	1.0000002e-14
4	35051	2.239662695796	1.0000002e-14
4	35061	2.240423716339	1.0000002e-14
4	35065	2.240666074317	1.0000002e-14
4	35078	2.24143674782	1.0000002e-14
4	35082	2.241696147238	1.0000002e-14
4	35095	2.242413525548	1.0000002e-14
4	35102	2.242691240995	1.0000002e-14
4	35112	2.243415890141	1.0000002e-14
4	35116	2.24365972208	1.0000002e-14
4	35126	2.24443361563	1.0000002e-14
4	35130	2.244619307722	1.0000002e-14
4	35143	2.245428255676	1.0000002e-14
4	35147	2.245620951785	1.0000002e-14
4	35154	2.246395293934	1.0000002e-14
4	35161	2.246644034314	1.0000002e-14
4	35171	2.247389319818	1.0000002e-14
4	35178	2.247617886712	1.0000002e-14
4	35185	2.24836961484	1.0000002e-14
4	35192	2.248663344689	1.0000002e-14
4	35202	2.249322678012	1.0000002e-14
4	35209	2.249628415816	1.0000002e-14
4	35218	2.250279514329	1.0000002e-14
4	35228	2.250670387795	1.0000002e-14
4	35235	2.251283540215	1.0000002e-14
4	35239	2.251629267334	4.5839304682946e-14
4	35246	2.252262659315	1.0000002e-14
4	35256	2.252633642969	1.0000002e-14
4	35266	2.253303175075	1.0000002e-14
4	35270	2.253585688218	1.0000002e-14
4	35280	2.254263140323	1.7467251445398e-12
4	35287	2.25460896658	1.0000002e-14
4	35297	2.255310347615	1.0000002e-14
4	35304	2.255657687795	1.0000002e-14
4	35308	2.256275816993	1.0000002e-14
4	35315	2.256618350334	1.0000002e-14
4	35328	2.257300883738	1.0000002e-14
4	35332	2.257633869428	1.0000002e-14
4	35339	2.258286631958	1.0000002e-14
4	35352	2.258607737074	1.0000002e-14
4	35359	2.259317074084	1.0000002e-14
4	35363	2.259623930598	1.0000002e-14
4	35370	2.2603403483	1.0000002e-14
4	35374	2.260598749797	1.0000002e-14
4	35390	2.261346544792	1.0000002e-14
4	35394	2.261564515348	1.0000002e-14
4	35401	2.26233302519	1.0000002e-14
4	35405	2.262543419177	1.0000002e-14
4	35424	2.263343903961	1.0000002e-14
4	35428	2.263493613498	1.0000002e-14
4	35435	2.264304160025	1.0000002e-14
4	35439	2.264483275357	1.0000002e-14
4	35455	2.265332328547	1.0000002e-14
4	35459	2.265434307734	1.0000002e-14
4	35466	2.266339253118	1.0000002e-14
4	35470	2.266414998025	1.0000002e-14
4	35486	2.267302634018	1.0000002e-14
4	35490	2.2673690335	1.0000002e-14
4	35497	2.26834369554	1.0000002e-14
4	35501	2.268348814288	1.0000002e-14
4	35517	2.269306661846	1.0000002e-14
4	35521	2.269319980596	1.0000002e-14
4	35528	2.270321517739	1.0000002e-14
4	35532	2.270347392993	1.0000002e-14
4	35548	2.271299071333	1.0000002e-14
4	35552	2.271321184521	1.0000002e-14
4	35559	2.272262272883	1.0000002e-14
4	35563	2.272370490379	1.0000002e-14
4	35582	2.273307983203	1.0000002e-14
4	35586	2.273385693828	1.0000002e-14
4	35590	2.274262972013	1.0000002e-14
4	35594	2.274357141276	2.3199413935799e-10
4	35613	2.27529212733	1.0000002e-14
4	35617	2.275392917393	1.0000002e-14
4	35621	2.276320391647	1.0000002e-14
4	35625	2.276384718443	1.0000002e-14
4	35641	2.277288946712	1.0000002e-14
4	35645	2.277400940793	1.0000002e-14
4	35652	2.27831541238	1.0000002e-14
4	35656	2.278383419787	1.0000002e-14
4	35675	2.279360916418	1.0000002e-14
4	35679	2.279414203728	1.0000002e-14
4	35686	2.280374239583	1.0000002e-14
4	35690	2.280433717368	1.0000002e-14
4	35703	2.281408219271	1.0000002e-14
4	35710	2.281425223227	1.0000002e-14
4	35720	2.28240597123	1.0000002e-14
4	35724	2.282438375326	1.0000002e-14
4	35740	2.283390877027	1.0000002e-14
4	35744	2.283463873871	1.0000002e-14
4	35748	2.284363544912	1.0000002e-14
4	35755	2.28444884598	1.0000002e-14
4	35768	2.285378820509	1.0000002e-14
4	35772	2.285416284915	1.0000002e-14
4	35779	2.286406990573	1.0000002e-14
4	35783	2.286453902888	1.0000002e-14
4	35799	2.287369565247	1.0000002e-14
4	35803	2.287405192197	1.0000002e-14
4	35810	2.288348306658	1.0000002e-14
4	35814	2.288411234285	1.0000002e-14
4	35833	2.289390546701	1.0000002e-14
4	35837	2.289414625326	2.7167917987794e-13
4	35844	2.290367703128	1.0000002e-14
4	35848	2.290370088211	1.0000002e-14
4	35864	2.291343551826	1.0000002e-14
4	35868	2.291363430282	1.0000002e-14
4	35878	2.292352055069	1.0000002e-14
4	35882	2.292396086668	1.0000002e-14
4	35895	2.293345044084	9.082893363536e-14
4	35899	2.293366009974	1.0000002e-14
4	35906	2.294311520413	1.6511326964218e-14
4	35910	2.294317614197	2.3966172784154e-14
4	35923	2.295283955785	2.2808199058811e-12
4	35927	2.29531262764	1.0000002e-14
4	35937	2.296256757757	4.2676438452801e-10
4	35941	2.296316482123	1.0000002e-14
4	35954	2.297272446338	1.0000002e-14
4	35958	2.297289371639	1.0000002e-14
4	35968	2.2982480524	1.0000002e-14
4	35972	2.298334166764	1.0000002e-14
4	35988	2.299253811743	1.0000002e-14
4	35992	2.299382737584	1.0000002e-14
4	35999	2.30026886367	1.0000002e-14
4	36003	2.300392711386	1.0000002e-14
4	36019	2.301261252021	1.0000002e-14
4	36023	2.30136714122	0.094599257546891
4	36027	2.302250342174	1.0000002e-14
4	36037	2.302361714409	1.0000002e-14
4	36053	2.303227693174	1.0000002e-14
4	36057	2.303361087526	1.0000002e-14
4	36061	2.304189959158	1.0000002e-14
4	36065	2.304406402299	1.0000002e-14
4	36081	2.305144166256	1.0000002e-14
4	36088	2.305430052751	1.0000002e-14
4	36092	2.306191702179	1.0000002e-14
4	36099	2.306462970322	1.0000002e-14
4	36115	2.307198691684	1.0000002e-14
4	36119	2.307486483415	1.0000002e-14
4	36123	2.308235403999	1.0000002e-14
4	36130	2.308526151198	5.5208037205208e-07
4	36146	2.309199023812	1.0000002e-14
4	36150	2.309544832482	3.0690701600742e-14
4	36154	2.310218937689	1.0000002e-14
4	36164	2.31050062676	4.453996354771e-10
4	36177	2.311224437947	1.0000002e-14
4	36181	2.311517885201	1.0000002e-14
4	36185	2.312210192426	1.0000002e-14
4	36195	2.312484338938	1.0000002e-14
4	36208	2.313177970406	1.0000002e-14
4	36212	2.313505444858	1.0000002e-14
4	36216	2.314224869772	1.0000002e-14
4	36226	2.314533596439	1.0000002e-14
4	36239	2.315235529105	1.0000002e-14
4	36243	2.315541603882	1.0000002e-14
4	36247	2.316228891066	1.0000002e-14
4	36257	2.316493126982	1.0000002e-14
4	36270	2.317225418118	1.0000002e-14
4	36274	2.317509410648	1.0000002e-14
4	36278	2.318214995534	1.0000002e-14
4	36288	2.318526491739	1.0000002e-14
4	36301	2.319205734789	1.0000002e-14
4	36305	2.319541531846	1.0000002e-14
4	36309	2.320251874995	1.0000002e-14
4	36322	2.320548954535	1.0000002e-14
4	36332	2.321224846353	1.0000002e-14
4	36336	2.321512344345	5.3007493816414e-12
4	36340	2.322223654184	1.0000002e-14
4	36356	2.322561848916	1.0000002e-14
4	36366	2.323267474393	1.0000002e-14
4	36370	2.323553006054	1.0000002e-14
4	36374	2.324222333142	1.0000002e-14
4	36387	2.32451837298	1.0000002e-14
4	36397	2.325178940165	1.0000002e-14
4	36401	2.325527090878	1.0000002e-14
4	36405	2.326203256222	1.0000002e-14
4	36415	2.326517911089	1.0000002e-14
4	36428	2.327184428274	1.0000002e-14
4	36432	2.327559038157	1.0000002e-14
4	36436	2.328193638612	1.0000002e-14
4	36446	2.328588251368	1.0000002e-14
4	36453	2.32917096451	1.0000002e-14
4	36463	2.3296365629	1.0000002e-14
4	36467	2.330146897323	1.0000002e-14
4	36477	2.330656556248	1.0000002e-14
4	36487	2.331124727953	1.0000002e-14
4	36494	2.331634342276	1.0000002e-14
4	36498	2.3321082673	1.0000002e-14
4	36508	2.332586159707	1.0000002e-14
4	36515	2.33312879021	1.0000002e-14
4	36525	2.333538722465	1.0000002e-14
4	36529	2.334090279078	1.0000002e-14
4	36536	2.334568326289	1.0000002e-14
4	36543	2.335085703866	1.0000002e-14
4	36556	2.335595987432	1.0000002e-14
4	36563	2.336127852684	1.0000002e-14
4	36567	2.33657486594	1.0000002e-14
4	36577	2.337104506361	1.0000002e-14
4	36584	2.337548500597	1.0000002e-14
4	36594	2.338099054599	1.0000002e-14
4	36598	2.338503072515	1.0000002e-14
4	36608	2.339115619972	1.0000002e-14
4	36615	2.339503914565	1.0000002e-14
4	36625	2.340092866635	1.0000002e-14
4	36629	2.340459083035	1.0000002e-14
4	36636	2.341058670948	1.0000002e-14
4	36646	2.341447291087	1.0000002e-14
4	36659	2.342015294789	4.6108377922597e-12
4	36663	2.342470961622	1.0000002e-14
4	36670	2.343014403235	1.0000002e-14
4	36680	2.343497441127	1.0000002e-14
4	36690	2.343997917809	1.0000002e-14
4	36694	2.344468598872	1.0000002e-14
4	36701	2.344962652558	1.0000002e-14
4	36711	2.345455113212	1.0000002e-14
4	36721	2.345948658762	1.0000002e-14
4	36725	2.346453134241	1.0000002e-14
4	36732	2.34691258044	1.0000002e-14
4	36742	2.347480710024	2.4694504573883e-11
4	36752	2.347923232562	1.0000002e-14
4	36756	2.348497353205	1.0000002e-14
4	36763	2.348948000809	1.0000002e-14
4	36773	2.349480836863	1.0000002e-14
4	36783	2.349918176771	1.0000002e-14
4	36787	2.35048932824	1.0000002e-14
4	36791	2.350873336381	1.0000002e-14
4	36804	2.351488914641	1.0000002e-14
4	36811	2.351892241933	1.0000002e-14
4	36818	2.35249338621	1.0000002e-14
4	36822	2.352847056178	1.0000002e-14
4	36835	2.353460256263	1.0000002e-14
4	36845	2.353896365153	1.0000002e-14
4	36849	2.354509848215	1.0000002e-14
4	36853	2.354857012416	1.0000002e-14
4	36866	2.35550112943	1.0000002e-14
4	36876	2.355869417714	1.0000002e-14
4	36880	2.356517959155	1.0000002e-14
4	36884	2.356856807354	1.0000002e-14
4	36897	2.357561597971	1.0000002e-14
4	36904	2.357819603149	1.0000002e-14
4	36911	2.358516073715	1.0000002e-14
4	36915	2.35881445825	1.0000002e-14
4	36928	2.359474159741	1.0000002e-14
4	36932	2.359830230211	1.0000002e-14
4	36942	2.360466444065	1.0000002e-14
4	36946	2.360785545544	1.0000002e-14
4	36959	2.361457092133	1.0000002e-14
4	36966	2.361827894243	1.0000002e-14
4	36976	2.362424283765	1.0000002e-14
4	36980	2.362808686494	1.0000002e-14
4	36990	2.36346735997	1.0000002e-14
4	37003	2.363857757653	1.0000002e-14
4	37007	2.364435597105	1.0000002e-14
4	37014	2.364808075034	1.0000002e-14
4	37024	2.36547030635	1.0000002e-14
4	37031	2.365769105056	1.0000002e-14
4	37038	2.366477132198	1.0000002e-14
4	37042	2.366737842223	1.0000002e-14
4	37055	2.367499931758	1.0000002e-14
4	37065	2.367726444571	1.0000002e-14
4	37069	2.368455615474	1.0000002e-14
4	37076	2.368754063869	1.0000002e-14
4	37086	2.369447754555	1.0000002e-14
4	37096	2.369761727074	1.0000002e-14
4	37100	2.370461654296	1.0000002e-14
4	37107	2.370792627257	1.0000002e-14
4	37117	2.371422803442	1.0000002e-14
4	37127	2.371805358352	1.0000002e-14
4	37131	2.372384899547	1.0000002e-14
4	37138	2.37276862266	1.0000002e-14
4	37148	2.373355483264	1.0000002e-14
4	37158	2.373738329115	1.0000002e-14
4	37162	2.374375346301	1.0000002e-14
4	37169	2.374737232185	1.0000002e-14
4	37185	2.375326222936	1.0000002e-14
4	37189	2.375750250872	1.0000002e-14
4	37193	2.376337758977	1.0000002e-14
4	37200	2.37676016894	1.0000002e-14
4	37213	2.377344817528	1.0000002e-14
4	37220	2.37780726704	1.0000002e-14
4	37224	2.378380835762	1.0000002e-14
4	37228	2.378783705249	1.0000002e-14
4	37244	2.379408310867	1.0000002e-14
4	37251	2.3797933741	1.0000002e-14
4	37255	2.380405576833	1.0000002e-14
4	37262	2.38078846891	1.0000002e-14
4	37275	2.381426491849	1.0000002e-14
4	37285	2.381818838868	1.0000002e-14
4	37289	2.382464706992	1.0000002e-14
4	37296	2.382818479842	9.2487268420779e-14
4	37309	2.383423840505	1.0000002e-14
4	37316	2.383835910099	1.0000002e-14
4	37320	2.384433374149	1.0000002e-14
4	37330	2.384863467397	1.0156795126522e-12
4	37340	2.385417937841	1.0000002e-14
4	37347	2.385836124027	1.0000002e-14
4	37351	2.386441612003	1.0000002e-14
4	37364	2.386867109467	1.0000002e-14
4	37371	2.387393493552	1.0000002e-14
4	37378	2.38787628254	1.0000002e-14
4	37382	2.388375138257	1.0000002e-14
4	37392	2.38884665371	1.0000002e-14
4	37402	2.389342186573	1.0000002e-14
4	37409	2.389860515993	1.0000002e-14
4	37413	2.390293895279	1.0000002e-14
4	37426	2.3908155581	1.0000002e-14
4	37433	2.391302378095	1.0000002e-14
4	37440	2.391852201469	1.0000002e-14
4	37444	2.392259888873	1.0000002e-14
4	37460	2.392901682026	1.9515808823215e-12
4	37464	2.393230802538	1.0000002e-14
4	37471	2.393898032713	1.0000002e-14
4	37475	2.39420112069	1.0000002e-14
4	37488	2.394945015775	1.0000002e-14
4	37495	2.395211001864	1.0000002e-14
4	37502	2.395922011299	1.0000002e-14
4	37506	2.396249604265	1.0000002e-14
4	37519	2.396881410449	1.0000002e-14
4	37526	2.397225925996	1.0000002e-14
4	37533	2.397919870997	4.3143744135094e-11
4	37537	2.398182842835	1.0000002e-14
4	37547	2.398923759333	1.0000002e-14
4	37557	2.399158505948	1.0000002e-14
4	37564	2.39990724073	1.0000002e-14
4	37568	2.400135771183	1.0000002e-14
4	37578	2.400866556887	1.0000002e-14
4	37588	2.401100280077	1.0000002e-14
4	37598	2.401875551875	9.6973582990704e-13
4	37602	2.402145573405	1.0000002e-14
4	37615	2.402827767481	1.0000002e-14
4	37622	2.403187479168	1.0000002e-14
4	37629	2.403853313187	1.0000002e-14
4	37633	2.404139836309	1.0000002e-14
4	37643	2.404884319295	1.0000002e-14
4	37653	2.405167992585	1.0000002e-14
4	37660	2.405922792554	1.0000002e-14
4	37664	2.406129222579	1.0000002e-14
4	37674	2.406939823664	1.0000002e-14
4	37684	2.407091441631	1.0000002e-14
4	37691	2.40795396048	1.0000002e-14
4	37695	2.408093744721	1.0000002e-14
4	37705	2.40896617808	1.0000002e-14
4	37712	2.409083631731	1.0000002e-14
4	37722	2.410003202437	1.0000002e-14
4	37726	2.410090699631	1.0000002e-14
4	37736	2.410989873014	1.0000002e-14
4	37743	2.411104030387	1.0000002e-14
4	37753	2.411983354624	1.0000002e-14
4	37757	2.412090974946	1.0000002e-14
4	37770	2.412954573091	1.0000002e-14
4	37777	2.413070277388	1.0000002e-14
4	37784	2.413967261515	1.0000002e-14
4	37788	2.41407675444	1.0000002e-14
4	37801	2.414951368879	1.0000002e-14
4	37808	2.415108584777	1.0000002e-14
4	37815	2.415960613882	1.0000002e-14
4	37819	2.416064018096	1.0000002e-14
4	37826	2.416947184542	1.0000002e-14
4	37833	2.417067843756	1.0000002e-14
4	37846	2.417915538974	1.0000002e-14
4	37850	2.418028331176	1.0000002e-14
4	37857	2.418875683947	1.0000002e-14
4	37864	2.419006300826	1.0000002e-14
4	37877	2.419905796526	1.0000002e-14
4	37881	2.419966533911	1.0000002e-14
4	37888	2.420933242151	1.0000002e-14
4	37892	2.420953141218	1.0000002e-14
4	37911	2.421887946781	1.0000002e-14
4	37915	2.421944864777	1.0000002e-14
4	37922	2.422867574139	1.0000002e-14
4	37926	2.422939933253	1.0000002e-14
4	37942	2.423860695378	1.0000002e-14
4	37946	2.423964152658	1.0000002e-14
4	37953	2.424909954967	1.0000002e-14
4	37957	2.424943802182	1.0000002e-14
4	37973	2.425915794202	1.0000002e-14
4	37977	2.425966081749	1.0000002e-14
4	37984	2.426947681645	1.0000002e-14
4	37988	2.426979278491	1.0000002e-14
4	38004	2.427958975979	1.0000002e-14
4	38008	2.428020245201	1.0000002e-14
4	38018	2.428963951702	1.0000002e-14
4	38022	2.428993845606	2.3934104541453e-14
4	38035	2.42997679629	1.0000002e-14
4	38039	2.429977524157	1.0000002e-14
4	38049	2.430952747374	1.0000002e-14
4	38053	2.430983650268	1.0000002e-14
4	38066	2.431968250582	1.0000002e-14
4	38070	2.431995113998	1.0000002e-14
4	38080	2.432975756803	1.0000002e-14
4	38087	2.43303625041	1.0000002e-14
4	38097	2.433977793759	1.0000002e-14
4	38101	2.434040123458	1.0000002e-14
4	38114	2.434948840384	3.1620102646846e-13
4	38118	2.435000883554	1.0000002e-14
4	38128	2.435973482884	1.0000002e-14
4	38132	2.435980223407	1.0000002e-14
4	38145	2.436953308399	1.0000002e-14
4	38149	2.436966640897	1.0000002e-14
4	38159	2.437936854915	1.0000002e-14
4	38163	2.4379518794	1.0000002e-14
4	38173	2.438955796155	1.0000002e-14
4	38177	2.438970472784	1.0000002e-14
4	38190	2.439933642996	1.0000002e-14
4	38194	2.439936665045	6.6380614765731e-12
4	38204	2.440895521508	1.0000002e-14
4	38208	2.440901557443	1.0000002e-14
4	38224	2.44185699978	1.0000002e-14
4	38228	2.441911856021	1.0000002e-14
4	38235	2.442875471061	1.0000002e-14
4	38239	2.442903857458	1.0000002e-14
4	38255	2.443852448082	1.0000002e-14
4	38262	2.443932988497	1.0000002e-14
4	38266	2.444853174467	1.0000002e-14
4	38270	2.44488875241	1.0000002e-14
4	38286	2.445855126273	1.0000002e-14
4	38290	2.445894209904	1.0000002e-14
4	38297	2.446884626991	1.0000002e-14
4	38301	2.44692556884	1.0000002e-14
4	38317	2.447836257816	1.0000002e-14
4	38321	2.447893342915	1.0000002e-14
4	38328	2.448815715712	1.0000002e-14
4	38332	2.448849267435	1.0000002e-14
4	38348	2.449807039784	1.0000002e-14
4	38352	2.44983443196	1.0000002e-14
4	38359	2.450832383294	1.0000002e-14
4	38363	2.450849890945	1.0000002e-14
4	38379	2.451821327678	1.0000002e-14
4	38383	2.451849215625	1.0000002e-14
4	38390	2.452833492625	1.0000002e-14
4	38394	2.452886677641	1.0000002e-14
4	38410	2.45386098923	1.0000002e-14
4	38414	2.453872994729	1.0000002e-14
4	38421	2.454840931186	1.0000002e-14
4	38425	2.454907108643	1.0000002e-14
4	38441	2.455844663651	1.0000002e-14
4	38445	2.455911670305	1.9906628216358e-10
4	38452	2.456868076526	1.0000002e-14
4	38456	2.456908108538	1.0000002e-14
4	38469	2.457867296474	1.0000002e-14
4	38473	2.457867724707	1.0000002e-14
4	38483	2.458825326088	1.0000002e-14
4	38487	2.4588992201	1.0000002e-14
4	38500	2.459865369723	1.0000002e-14
4	38504	2.459897490612	1.0000002e-14
4	38514	2.460884651391	1.0000002e-14
4	38518	2.460915159757	1.0000002e-14
4	38531	2.461920684848	1.0000002e-14
4	38535	2.461943686641	1.0000002e-14
4	38548	2.462963853894	1.0000002e-14
4	38552	2.46299073572	1.0000002e-14
4	38565	2.463942113921	1.0000002e-14
4	38569	2.463979647712	1.0000002e-14
4	38579	2.464898176922	1.0000002e-14
4	38583	2.464996745126	1.0000002e-14
4	38596	2.465869837658	1.0000002e-14
4	38600	2.4659995803	1.0000002e-14
4	38610	2.466862970328	1.4206619391052e-13
4	38617	2.467049459759	1.0000002e-14
4	38630	2.467906007219	1.0000002e-14
4	38634	2.468027224493	1.0000002e-14
4	38641	2.468866494796	1.0000002e-14
4	38645	2.468987878065	1.0000002e-14
4	38658	2.469903604808	1.0000002e-14
4	38665	2.469999357231	1.0000002e-14
4	38672	2.470900725647	1.0000002e-14
4	38676	2.471006081725	1.0000002e-14
4	38692	2.471924998502	7.4757215049674e-13
4	38696	2.471976310303	1.0000002e-14
4	38703	2.47288481173	1.0000002e-14
4	38707	2.472950868029	1.0000002e-14
4	38717	2.473847460648	1.0000002e-14
4	38724	2.473948484873	1.0000002e-14
4	38734	2.474875636198	1.0000002e-14
4	38738	2.474920047052	1.0000002e-14
4	38748	2.475911911875	1.0000002e-14
4	38752	2.475962978997	1.0000002e-14
4	38765	2.476912991806	1.0000002e-14
4	38769	2.476942917084	1.0000002e-14
4	38779	2.47791289771	1.0000002e-14
4	38789	2.477966953731	1.0000002e-14
4	38796	2.478889999967	1.0000002e-14
4	38800	2.478985781381	1.0000002e-14
4	38816	2.479863874031	2.1279233856686e-06
4	38820	2.479949696178	1.0000002e-14
4	38827	2.480821981052	1.0000002e-14
4	38831	2.480966645952	1.0000002e-14
4	38844	2.481786998268	1.0000002e-14
4	38854	2.481959156606	1.0000002e-14
4	38861	2.482739903597	1.0000002e-14
4	38865	2.482958827931	1.0000002e-14
4	38875	2.483767355998	1.0000002e-14
4	38885	2.483983985318	1.0000002e-14
4	38892	2.484776830373	1.0000002e-14
4	38896	2.484940499378	2.3759017329043e-12
4	38906	2.485750193873	1.0000002e-14
4	38913	2.485900002037	1.0000002e-14
4	38923	2.486794487358	1.0000002e-14
4	38927	2.486898453159	1.0000002e-14
4	38940	2.487838453269	1.0000002e-14
4	38944	2.487927762358	1.0000002e-14
4	38954	2.488878789291	1.0000002e-14
4	38958	2.488952898451	1.0000002e-14
4	38971	2.489839113458	1.0000002e-14
4	38975	2.489903553811	1.0000002e-14
4	38985	2.490886209619	1.0000002e-14
4	38989	2.490937655357	1.0000002e-14
4	39002	2.491861252996	1.0000002e-14
4	39006	2.491901028573	1.0000002e-14
4	39016	2.492852369792	1.0000002e-14
4	39020	2.492883314881	1.0000002e-14
4	39033	2.493841648735	1.0000002e-14
4	39037	2.493902945868	1.0000002e-14
4	39047	2.494836230502	4.2940266554557e-13
4	39054	2.494882139795	1.0000002e-14
4	39064	2.495883239991	1.0000002e-14
4	39068	2.495886057195	1.0000002e-14
4	39081	2.496852364037	1.0000002e-14
4	39085	2.49690286156	1.0000002e-14
4	39095	2.497840473374	1.0000002e-14
4	39099	2.497870637043	3.8702339975014e-12
4	39112	2.498803081353	1.9716480240401e-14
4	39116	2.498856458065	1.0000002e-14
4	39126	2.499841639474	1.0000002e-14
4	39130	2.499848613222	1.0000002e-14
4	39145	2.500799026794	1.4578826832999e-12
4	39149	2.500817438373	1.0000002e-14
4	39159	2.501825954759	1.0000002e-14
4	39163	2.501835192938	1.0000002e-14
4	39176	2.502829356277	1.0000002e-14
4	39180	2.502881180181	1.0000002e-14
4	39193	2.503797795997	1.0000002e-14
4	39197	2.50386859343	1.128142134957e-13
4	39207	2.504831866512	1.0000002e-14
4	39211	2.504842427338	1.0000002e-14
4	39224	2.505786646043	1.0000002e-14
4	39228	2.505818490848	1.0000002e-14
4	39238	2.506763320837	1.0000002e-14
4	39242	2.506851540437	1.0000002e-14
4	39255	2.507787652385	1.0000002e-14
4	39259	2.507866824996	1.0000002e-14
4	39269	2.508773693192	1.0000002e-14
4	39273	2.508864267368	1.0000002e-14
4	39286	2.509805644569	1.0000002e-14
4	39290	2.509822105491	1.0000002e-14
4	39300	2.510832952278	1.0000002e-14
4	39304	2.510848071036	1.0000002e-14
4	39317	2.5117896146	1.0000002e-14
4	39324	2.511857429896	1.0000002e-14
4	39331	2.512778007295	1.0000002e-14
4	39335	2.512893638865	1.0000002e-14
4	39351	2.513755320954	1.0000002e-14
4	39355	2.513906549249	1.0000002e-14
4	39362	2.514764038559	1.0000002e-14
4	39366	2.514874675081	1.0000002e-14
4	39382	2.515811166062	1.0000002e-14
4	39386	2.515871394287	1.0000002e-14
4	39393	2.516805627007	1.0000002e-14
4	39397	2.516870632476	2.092840181445e-14
4	39413	2.517833477058	1.0000002e-14
4	39417	2.517874593511	1.0000002e-14
4	39424	2.518794644973	1.0000002e-14
4	39428	2.518834335424	1.0000002e-14
4	39444	2.519800923233	7.70012055263e-13
4	39448	2.519816669431	1.0000002e-14
4	39455	2.52081781125	1.0000002e-14
4	39459	2.520838201836	1.0000002e-14
4	39478	2.521775325089	1.0000002e-14
4	39482	2.521825258389	1.0000002e-14
4	39489	2.522762844407	1.0000002e-14
4	39493	2.522809863868	1.0000002e-14
4	39509	2.523746709033	1.0000002e-14
4	39513	2.523775560829	1.0000002e-14
4	39520	2.524718045135	1.0000002e-14
4	39524	2.524788295146	1.0000002e-14
4	39540	2.525718302296	1.0000002e-14
4	39544	2.525756466657	1.0000002e-14
4	39551	2.52669620939	1.0000002e-14
4	39555	2.526747676181	1.0000002e-14
4	39571	2.527736187144	1.0000002e-14
4	39575	2.527740655798	1.0000002e-14
4	39585	2.528761205668	1.0000002e-14
4	39589	2.528783109632	1.0000002e-14
4	39602	2.529744751638	1.0000002e-14
4	39606	2.529800888859	1.0000002e-14
4	39616	2.530695199121	1.0000002e-14
4	39620	2.530832209183	1.0000002e-14
4	39633	2.531738504709	1.0000002e-14
4	39637	2.53185325483	1.0000002e-14
4	39647	2.532735704768	1.0000002e-14
4	39651	2.532886021498	1.0000002e-14
4	39664	2.533690380269	1.0000002e-14
4	39668	2.533873784068	1.0000002e-14
4	39678	2.53469178303	1.0000002e-14
4	39682	2.5348672623	1.0000002e-14
4	39695	2.535713413178	1.0000002e-14
4	39699	2.535883557027	1.0000002e-14
4	39709	2.536666487432	1.0000002e-14
4	39713	2.536893177007	1.0000002e-14
4	39723	2.537669394009	1.0000002e-14
4	39730	2.537915813892	1.0000002e-14
4	39740	2.538712850328	1.0000002e-14
4	39744	2.538907787738	1.0000002e-14
4	39757	2.539719905332	1.0000002e-14
4	39761	2.539866089451	1.0000002e-14
4	39771	2.540687263189	1.0000002e-14
4	39775	2.540837914274	1.0000002e-14
4	39791	2.541703920088	1.0000002e-14
4	39795	2.541822451446	1.0000002e-14
4	39805	2.542748554404	1.0000002e-14
4	39809	2.542818059291	1.0000002e-14
4	39822	2.543763702317	1.0000002e-14
4	39826	2.543811707315	1.0000002e-14
4	39836	2.54477129438	1.4153210736913e-12
4	39840	2.544799999176	1.0000002e-14
4	39853	2.54578107394	1.0000002e-14
4	39857	2.545798558262	7.0452359123586e-13
4	39867	2.546786431474	3.049449981544e-12
4	39871	2.546824187624	1.0000002e-14
4	39884	2.54782180332	1.0000002e-14
4	39888	2.5478452897	1.0000002e-14
4	39898	2.548840541626	1.016360621079e-14
4	39902	2.548852777591	1.0000002e-14
4	39915	2.549827918774	1.0000002e-14
4	39919	2.54987049108	1.0000002e-14
4	39932	2.550861252271	1.0000002e-14
4	39936	2.550919598701	1.0000002e-14
4	39946	2.551825908761	1.0000002e-14
4	39950	2.551954266331	1.0000002e-14
4	39960	2.552786566288	1.0000002e-14
4	39967	2.552928123837	1.0000002e-14
4	39977	2.553787256161	1.0000002e-14
4	39981	2.553956474462	1.0000002e-14
4	39988	2.554748224804	1.0000002e-14
4	39998	2.554932365903	1.0000002e-14
4	40008	2.555740388532	2.6240462095731e-12
4	40012	2.555932384175	1.0000002e-14
4	40022	2.556762232989	1.0000002e-14
4	40029	2.556922904492	1.0000002e-14
4	40039	2.557808741329	1.0000002e-14
4	40043	2.557936669658	1.1156418945038e-12
4	40053	2.558803283724	1.0000002e-14
4	40057	2.558939136216	1.0000002e-14
4	40070	2.559771382853	8.5992033342304e-13
4	40074	2.559945408138	1.0000002e-14
4	40084	2.560815869767	1.0000002e-14
4	40088	2.560962514963	1.0000002e-14
4	40107	2.561785439833	1.0000002e-14
4	40111	2.562001848563	1.0000002e-14
4	40118	2.562762155241	1.0000002e-14
4	40125	2.563001933165	1.0000002e-14
4	40138	2.563756338884	1.0000002e-14
4	40142	2.564000734598	1.0000002e-14
4	40149	2.564717325325	1.0000002e-14
4	40156	2.565044980855	1.0000002e-14
4	40169	2.565749627494	1.0000002e-14
4	40173	2.566001316722	1.0000002e-14
4	40180	2.566743626877	1.0000002e-14
4	40184	2.567050342075	1.0000002e-14
4	40197	2.56770763936	1.0000002e-14
4	40204	2.568030990635	1.0000002e-14
4	40211	2.568715302935	1.0000002e-14
4	40218	2.568989404204	1.0000002e-14
4	40231	2.569729770988	1.0000002e-14
4	40235	2.570013447926	1.0000002e-14
4	40242	2.570756463474	1.0000002e-14
4	40249	2.571048518777	1.0000002e-14
4	40262	2.571759581271	1.0000002e-14
4	40266	2.572008631679	1.0000002e-14
4	40273	2.572718683464	1.0000002e-14
4	40280	2.573055651373	1.0000002e-14
4	40293	2.573714720335	1.0000002e-14
4	40297	2.574103206045	1.0000002e-14
4	40307	2.574691300285	1.0000002e-14
4	40311	2.575113363743	1.0000002e-14
4	40324	2.575692689255	1.0000002e-14
4	40328	2.576127219978	1.0000002e-14
4	40335	2.576696669891	1.0000002e-14
4	40345	2.577176352769	1.0000002e-14
4	40355	2.577731884216	1.0000002e-14
4	40359	2.578217804181	1.0000002e-14
4	40366	2.578740123995	1.0000002e-14
4	40376	2.579229049139	1.0000002e-14
4	40383	2.57972773059	1.0000002e-14
4	40390	2.58018722007	1.0000002e-14
4	40397	2.580755496556	1.0000002e-14
4	40407	2.581173490501	1.0000002e-14
4	40420	2.58176080072	1.0000002e-14
4	40424	2.582177589151	1.0000002e-14
4	40434	2.582792194341	1.0000002e-14
4	40441	2.583182135917	1.0000002e-14
4	40451	2.583823013679	1.0000002e-14
4	40455	2.584168478932	1.0000002e-14
4	40465	2.584803499625	1.0000002e-14
4	40472	2.585212828978	1.0000002e-14
4	40482	2.585755170364	1.0000002e-14
4	40486	2.586227604955	1.0000002e-14
4	40496	2.58676590713	1.0000002e-14
4	40503	2.587273051503	1.0000002e-14
4	40513	2.587790706906	1.0000002e-14
4	40517	2.588304836293	1.0000002e-14
4	40521	2.58876156179	1.0000002e-14
4	40534	2.589297327867	1.0000002e-14
4	40544	2.589739870065	1.0000002e-14
4	40548	2.590254807719	1.0000002e-14
4	40552	2.590692417958	1.0000002e-14
4	40565	2.591265350296	1.0000002e-14
4	40575	2.591691014757	1.0000002e-14
4	40579	2.5922617993	2.103950739362e-14
4	40583	2.592732355595	1.0000002e-14
4	40596	2.593292488627	1.0000002e-14
4	40603	2.593738389831	1.0000002e-14
4	40610	2.594274078362	1.0000002e-14
4	40614	2.594738718406	1.0000002e-14
4	40627	2.595316073821	1.0000002e-14
4	40634	2.595756933419	1.0000002e-14
4	40641	2.596365728686	1.0000002e-14
4	40651	2.596728226555	1.0000002e-14
4	40658	2.597345744556	1.0000002e-14
4	40665	2.597696619909	1.0000002e-14
4	40672	2.59832577307	1.0000002e-14
4	40679	2.598668097233	1.0000002e-14
4	40689	2.599335068543	1.0000002e-14
4	40699	2.599715099918	1.0000002e-14
4	40706	2.600353973652	1.0000002e-14
4	40710	2.600700569266	1.0000002e-14
4	40720	2.601368554805	1.0000002e-14
4	40733	2.601686985897	1.0000002e-14
4	40737	2.602410138231	1.0000002e-14
4	40744	2.602700215115	1.0000002e-14
4	40754	2.60341112479	1.0000002e-14
4	40764	2.603731658742	1.0000002e-14
4	40768	2.604384256424	1.0000002e-14
4	40775	2.604770893235	1.0000002e-14
4	40788	2.605406289187	1.0000002e-14
4	40795	2.60574547267	1.0000002e-14
4	40799	2.606398691478	1.0000002e-14
4	40806	2.606768930494	1.0000002e-14
4	40816	2.607362505856	1.0000002e-14
4	40823	2.607816075596	1.0000002e-14
4	40830	2.608376277286	1.0000002e-14
4	40837	2.608811748283	1.0000002e-14
4	40850	2.609377520022	1.0000002e-14
4	40854	2.60977191772	1.1997770763504e-09
4	40861	2.610399776259	1.0000002e-14
4	40865	2.610732178144	1.0000002e-14
4	40881	2.611439950521	1.0000002e-14
4	40885	2.611722869259	1.0000002e-14
4	40892	2.612478118193	1.0000002e-14
4	40896	2.612701268997	1.0000002e-14
4	40912	2.613514362545	1.0000002e-14
4	40916	2.613720709258	1.0000002e-14
4	40923	2.614537852809	1.0000002e-14
4	40927	2.614758115035	1.0000002e-14
4	40943	2.615583355891	1.0000002e-14
4	40947	2.615761831641	1.0000002e-14
4	40954	2.61661959954	1.0000002e-14
4	40958	2.616806512235	1.0000002e-14
4	40974	2.617586788633	1.0000002e-14
4	40978	2.617799293484	1.0000002e-14
4	40985	2.618604054128	1.0000002e-14
4	40989	2.618783776687	1.0000002e-14
4	41005	2.619644811073	1.0000002e-14
4	41009	2.619798540441	1.0000002e-14
4	41016	2.620608172803	1.0000002e-14
4	41020	2.620749833176	1.0000002e-14
4	41039	2.621627552777	1.0000002e-14
4	41043	2.621711673664	1.0000002e-14
4	41050	2.622616484254	1.0000002e-14
4	41057	2.6227147489	1.0000002e-14
4	41070	2.623653088485	1.0000002e-14
4	41074	2.623722716394	1.0000002e-14
4	41081	2.624689774648	1.0000002e-14
4	41088	2.624751142238	1.0000002e-14
4	41098	2.625724788449	1.0000002e-14
4	41102	2.625735261271	1.0000002e-14
4	41115	2.626751935271	1.0000002e-14
4	41119	2.626760589827	1.0000002e-14
4	41129	2.62775878264	1.0000002e-14
4	41136	2.627780099421	1.0000002e-14
4	41146	2.628731381342	3.0833294464889e-13
4	41150	2.628766249212	1.0000002e-14
4	41160	2.629735787561	1.0000002e-14
4	41164	2.629791778825	1.0000002e-14
4	41177	2.630747663212	1.0000002e-14
4	41181	2.630813193026	1.0000002e-14
4	41191	2.631756384349	1.0000002e-14
4	41195	2.631834065158	1.0000002e-14
4	41208	2.632708259204	1.0000002e-14
4	41212	2.632787394164	1.0000002e-14
4	41222	2.633707809978	1.0000002e-14
4	41226	2.633833844892	1.0000002e-14
4	41239	2.634711631246	1.0000002e-14
4	41243	2.634824064184	1.0000002e-14
4	41250	2.635678040517	1.0000002e-14
4	41257	2.635805336052	1.0000002e-14
4	41270	2.636702488789	1.0000002e-14
4	41274	2.636813586775	1.0000002e-14
4	41281	2.637662189095	1.0000002e-14
4	41285	2.637860999079	3.8419232054933e-13
4	41301	2.638637882117	1.0000002e-14
4	41305	2.63888268114	1.0000002e-14
4	41312	2.639601239428	1.0000002e-14
4	41316	2.639841471413	1.0000002e-14
4	41332	2.64058502712	1.0000002e-14
4	41336	2.6408027707	1.0000002e-14
4	41343	2.641616971795	1.0000002e-14
4	41347	2.64179562008	1.0000002e-14
4	41366	2.642630206093	1.0000002e-14
4	41370	2.642763792045	1.0000002e-14
4	41377	2.643660132864	1.0000002e-14
4	41381	2.643759085475	1.0000002e-14
4	41397	2.644619587818	1.0000002e-14
4	41401	2.644764249022	1.0000002e-14
4	41408	2.64558822842	1.0000002e-14
4	41415	2.645750507899	1.0000002e-14
4	41428	2.646580034494	1.0000002e-14
4	41432	2.646742597188	1.0000002e-14
4	41439	2.647553857158	1.0000002e-14
4	41443	2.647733283135	1.0000002e-14
4	41459	2.648507442319	1.0000002e-14
4	41463	2.648775376376	1.0000002e-14
4	41467	2.649542987535	1.0000002e-14
4	41474	2.649796858831	1.0000002e-14
4	41490	2.650518235444	1.0000002e-14
4	41494	2.650799660775	1.0000002e-14
4	41498	2.651489537889	1.0000002e-14
4	41508	2.651817694517	1.0000002e-14
4	41521	2.652467199776	1.0000002e-14
4	41525	2.652802465858	1.0000002e-14
4	41529	2.653507032281	1.0000002e-14
4	41536	2.653828383325	1.0000002e-14
4	41552	2.654484364228	1.0000002e-14
4	41556	2.654817063805	1.0000002e-14
4	41560	2.655448267569	1.0000002e-14
4	41567	2.655830076908	1.0000002e-14
4	41580	2.656418136578	1.0000002e-14
4	41587	2.656821734154	1.0000002e-14
4	41591	2.657399610318	1.0000002e-14
4	41598	2.657796779292	1.0000002e-14
4	41611	2.658430024887	1.0000002e-14
4	41618	2.658833033552	1.0000002e-14
4	41622	2.659402421662	1.0000002e-14
4	41632	2.659837089171	1.0000002e-14
4	41642	2.660370492304	1.0000002e-14
4	41649	2.660795100451	1.0000002e-14
4	41653	2.661407746066	2.4263483181427e-14
4	41663	2.661833720031	1.0000002e-14
4	41676	2.662386477095	1.0000002e-14
4	41683	2.662827454432	1.0000002e-14
4	41687	2.663353581637	1.0000002e-14
4	41697	2.663793773303	1.0000002e-14
4	41707	2.664381402379	1.0000002e-14
4	41711	2.664766514125	1.0000002e-14
4	41718	2.665377909357	1.0000002e-14
4	41731	2.665771271966	1.0000002e-14
4	41735	2.666409117949	1.0000002e-14
4	41742	2.666752593974	1.0000002e-14
4	41749	2.667364028766	1.0000002e-14
4	41762	2.667702853081	1.0000002e-14
4	41766	2.668322592474	1.0000002e-14
4	41776	2.668712760702	1.0000002e-14
4	41780	2.669330670507	1.0000002e-14
4	41790	2.669693841634	1.0000002e-14
4	41800	2.670305506819	1.0000002e-14
4	41807	2.670681137157	1.0000002e-14
4	41814	2.671338141131	1.0000002e-14
4	41821	2.671649096116	1.0000002e-14
4	41831	2.672318778356	1.0000002e-14
4	41835	2.67268022455	1.0000002e-14
4	41845	2.673346285179	1.0000002e-14
4	41849	2.673636555696	1.0000002e-14
4	41862	2.67434570802	4.8697948287028e-11
4	41866	2.674630652014	1.0000002e-14
4	41876	2.675307442981	1.0000002e-14
4	41883	2.67560471347	1.0000002e-14
4	41893	2.676308897491	1.0000002e-14
4	41897	2.676594203702	1.0000002e-14
4	41907	2.677263383866	1.0000002e-14
4	41914	2.677601582415	1.0000002e-14
4	41924	2.678301973375	1.0000002e-14
4	41928	2.678616115044	1.0000002e-14
4	41941	2.679350585431	1.0000002e-14
4	41945	2.679589576064	1.0000002e-14
4	41955	2.680390458406	1.0000002e-14
4	41959	2.680558491639	1.0000002e-14
4	41972	2.681423139376	1.0000002e-14
4	41976	2.681522657485	1.1005111038212e-13
4	41989	2.682373906396	1.0000002e-14
4	41993	2.682561083003	1.0000002e-14
4	42006	2.683342232327	1.0000002e-14
4	42010	2.6835579497	1.0000002e-14
4	42020	2.684306452507	1.0000002e-14
4	42024	2.684589886349	1.0000002e-14
4	42037	2.685298230657	1.0000002e-14
4	42041	2.685628961952	1.0000002e-14
4	42051	2.686309287074	1.0000002e-14
4	42055	2.686581716182	1.0000002e-14
4	42068	2.687272219704	1.0000002e-14
4	42072	2.687607205413	1.0000002e-14
4	42079	2.688229980587	1.0000002e-14
4	42086	2.688611985534	1.0000002e-14
4	42096	2.689183801923	1.0000002e-14
4	42103	2.689623508296	1.0000002e-14
4	42110	2.690152454569	1.0000002e-14
4	42117	2.690605787263	1.0000002e-14
4	42121	2.691137644907	1.0000002e-14
4	42134	2.691612872591	1.0000002e-14
4	42141	2.692126116383	1.0000002e-14
4	42148	2.6926590992	1.0000002e-14
4	42155	2.693093528794	1.0000002e-14
4	42165	2.693657415547	1.0000002e-14
4	42172	2.694091489743	1.0000002e-14
4	42179	2.694651685717	1.0000002e-14
4	42186	2.69513378087	1.0000002e-14
4	42196	2.695664393124	1.0000002e-14
4	42203	2.696142230408	1.0000002e-14
4	42210	2.696619185012	1.5716098595616e-08
4	42217	2.697157460198	1.0000002e-14
4	42227	2.697649518668	1.0000002e-14
4	42234	2.698181832796	1.0000002e-14
4	42241	2.698623965731	1.0000002e-14
4	42248	2.699177221023	1.0000002e-14
4	42258	2.699574176551	1.0000002e-14
4	42265	2.700216115663	1.0000002e-14
4	42272	2.700617378872	1.0000002e-14
4	42282	2.701238993558	1.0000002e-14
4	42289	2.701634200059	2.178740973532e-12
4	42299	2.70224656739	1.0000002e-14
4	42306	2.702676936427	1.0000002e-14
4	42316	2.703260826174	1.0000002e-14
4	42323	2.703699950264	1.0000002e-14
4	42330	2.704310484636	1.0000002e-14
4	42334	2.704742475863	1.0000002e-14
4	42350	2.705305212073	1.0000002e-14
4	42354	2.705760097005	1.0000002e-14
4	42361	2.706317816903	1.0000002e-14
4	42365	2.70671603827	1.0000002e-14
4	42381	2.707312565783	1.0000002e-14
4	42385	2.70770811164	1.0000002e-14
4	42392	2.708298828604	1.0000002e-14
4	42396	2.70873217947	1.0000002e-14
4	42412	2.709334698164	1.0000002e-14
4	42416	2.709713232804	1.0000002e-14
4	42423	2.710349734584	1.0000002e-14
4	42427	2.710736825649	1.0000002e-14
4	42440	2.71132660844	1.0000002e-14
4	42447	2.711714120064	1.0000002e-14
4	42454	2.712343397402	1.0000002e-14
4	42458	2.712740174615	1.0000002e-14
4	42474	2.713387346657	1.0000002e-14
4	42478	2.713692203406	1.0000002e-14
4	42485	2.714381331424	1.322879720266e-13
4	42489	2.714658999619	1.0000002e-14
4	42505	2.715351418393	6.5821588927505e-12
4	42509	2.715633730382	1.0000002e-14
4	42513	2.716324763828	1.0000002e-14
4	42520	2.716588385206	1.0000002e-14
4	42536	2.717362863876	1.0000002e-14
4	42540	2.717619694268	1.0000002e-14
4	42544	2.718351952634	1.0000002e-14
4	42551	2.718636799298	1.0000002e-14
4	42567	2.719398078522	1.0000002e-14
4	42571	2.719658925807	1.0000002e-14
4	42575	2.720361751479	1.0000002e-14
4	42582	2.720622024664	1.0000002e-14
4	42598	2.721406047693	1.0000002e-14
4	42602	2.72166684014	1.0000002e-14
4	42606	2.722439058971	1.0000002e-14
4	42616	2.722677239684	1.0000002e-14
4	42632	2.723488624123	1.0000002e-14
4	42636	2.723696497517	1.0000002e-14
4	42643	2.724537908256	1.0000002e-14
4	42650	2.724651520167	1.0000002e-14
4	42663	2.725574356122	1.0000002e-14
4	42667	2.725688325246	1.0000002e-14
4	42677	2.726580607106	1.0000002e-14
4	42681	2.726662157399	1.0000002e-14
4	42694	2.727570839306	1.0000002e-14
4	42698	2.727674407333	1.0000002e-14
4	42705	2.728585737722	1.0000002e-14
4	42709	2.728644274737	1.0000002e-14
4	42725	2.729586430114	1.0000002e-14
4	42729	2.729684119062	1.0000002e-14
4	42739	2.730568590895	5.7800602745599e-14
4	42743	2.730709307513	1.0000002e-14
4	42756	2.731526078437	1.0000002e-14
4	42760	2.731755236936	2.4645342406444e-14
4	42767	2.732505345337	1.0000002e-14
4	42774	2.732712910511	2.8299186858623e-13
4	42784	2.733455626259	1.0000002e-14
4	42791	2.733676827765	1.0000002e-14
4	42798	2.734481758133	9.2074696965522e-14
4	42802	2.734707622156	1.0000002e-14
4	42815	2.735465378212	1.0000002e-14
4	42822	2.735712252393	2.2739022974938e-05
4	42829	2.736425513988	1.0000002e-14
4	42836	2.736724094071	1.0000002e-14
4	42846	2.737465691253	1.0000002e-14
4	42853	2.737754629466	1.0000002e-14
4	42863	2.738495968043	1.0000002e-14
4	42867	2.738766777694	1.0000002e-14
4	42880	2.739498689703	1.0000002e-14
4	42884	2.739746148202	1.0000002e-14
4	42894	2.740508512843	1.0000002e-14
4	42898	2.74076397684	1.0000002e-14
4	42911	2.741495518644	1.0000002e-14
4	42915	2.741809599351	1.069758486647e-14
4	42928	2.742472085205	3.0616172075976e-13
4	42932	2.742832594512	1.0000002e-14
4	42942	2.743480192595	1.0000002e-14
4	42949	2.743860262608	2.1932255278757e-12
4	42959	2.74451922027	1.0000002e-14
4	42963	2.744869137363	5.8355448589261e-11
4	42973	2.74550240449	1.0000002e-14
4	42980	2.745889768228	1.0000002e-14
4	42990	2.746534967457	1.0000002e-14
4	42994	2.746895229139	1.0000002e-14
4	43004	2.74757860107	1.0000002e-14
4	43011	2.747878678904	1.0000002e-14
4	43021	2.748589407577	1.0000002e-14
4	43025	2.748927041045	1.0000002e-14
4	43035	2.749572340347	1.0000002e-14
4	43042	2.749951785651	1.0000002e-14
4	43054	2.750542534724	1.2171991025172e-11
4	43058	2.75090354235	1.0000002e-14
4	43068	2.751532483302	1.0000002e-14
4	43075	2.751932373863	1.0000002e-14
4	43082	2.752548736386	1.0000002e-14
4	43089	2.752947330478	1.0000002e-14
4	43099	2.753526048084	1.0000002e-14
4	43106	2.753989874348	1.0000002e-14
4	43113	2.754573885859	1.0580223731365e-05
4	43123	2.755021475103	1.0000002e-14
4	43133	2.75555903586	1.0000002e-14
4	43137	2.755996735901	1.0000002e-14
4	43144	2.756548618227	1.0000002e-14
4	43154	2.756952898491	1.0000002e-14
4	43164	2.757563673165	2.0745408794264e-08
4	43171	2.757935063671	1.0000002e-14
4	43175	2.758606717752	1.0000002e-14
4	43182	2.75894541272	1.0000002e-14
4	43192	2.759655515705	1.0000002e-14
4	43202	2.759930025742	1.0000002e-14
4	43209	2.760643903602	1.0000002e-14
4	43216	2.760965909202	1.0000002e-14
4	43223	2.761605524341	1.0000002e-14
4	43236	2.761946019075	1.0000002e-14
4	43240	2.762641508815	1.0000002e-14
4	43247	2.762984056835	1.0000002e-14
4	43257	2.763622523763	1.0000002e-14
4	43267	2.763971734032	1.0000002e-14
4	43274	2.764598346603	1.0000002e-14
4	43278	2.764939403473	1.0000002e-14
4	43288	2.765604544822	1.0000002e-14
4	43298	2.765906354488	1.0000002e-14
4	43305	2.766579666988	1.0000002e-14
4	43309	2.766871637525	1.0000002e-14
4	43319	2.767554697755	1.0000002e-14
4	43329	2.76784127327	1.0000002e-14
4	43336	2.76859801384	1.0000002e-14
4	43340	2.768840976614	3.5206750550602e-13
4	43350	2.769548158002	1.0000002e-14
4	43360	2.769831048465	1.0000002e-14
4	43367	2.770526552298	1.0000002e-14
4	43371	2.770802583221	7.1211584923627e-14
4	43381	2.771540368758	1.0000002e-14
4	43391	2.771813435668	1.0000002e-14
4	43398	2.772518838742	1.0000002e-14
4	43402	2.772831727603	1.0000002e-14
4	43409	2.773508837452	1.0000002e-14
4	43419	2.773826292387	1.190667872164e-12
4	43429	2.774515718694	1.0000002e-14
4	43433	2.774794337059	1.0000002e-14
4	43440	2.775492673989	1.0000002e-14
4	43447	2.775773098006	1.0000002e-14
4	43460	2.776514599451	1.0000002e-14
4	43464	2.776786419846	1.0000002e-14
4	43471	2.77747838772	2.4768998641424e-14
4	43478	2.777739019522	1.0000002e-14
4	43491	2.778467329812	1.0000002e-14
4	43495	2.778737953942	1.0000002e-14
4	43505	2.77944955418	1.0000002e-14
4	43509	2.779738231244	1.0000002e-14
4	43522	2.780478840978	1.0000002e-14
4	43526	2.780689079968	1.0000002e-14
4	43533	2.781514523907	1.0000002e-14
4	43543	2.781721627397	1.0000002e-14
4	43556	2.782504328287	1.0000002e-14
4	43560	2.782719464096	1.0000002e-14
4	43567	2.783528863935	1.0000002e-14
4	43571	2.783698982193	1.0000002e-14
4	43587	2.784578219426	1.0000002e-14
4	43591	2.784653428606	1.0000002e-14
4	43598	2.785551563035	1.0000002e-14
4	43602	2.785700337651	1.0000002e-14
4	43618	2.78650418503	1.0000002e-14
4	43622	2.786732410303	1.0000002e-14
4	43629	2.787542937486	1.0000002e-14
4	43633	2.787683551286	1.0000002e-14
4	43649	2.788541602001	1.0000002e-14
4	43653	2.788708168499	1.1075084262241e-13
4	43660	2.789506514758	1.0000002e-14
4	43667	2.789658841585	1.0000002e-14
4	43680	2.790531429808	1.0000002e-14
4	43684	2.790609209935	1.0000002e-14
4	43691	2.79154661671	1.0000002e-14
4	43695	2.791596541352	1.0000002e-14
4	43711	2.792552209756	1.0000002e-14
4	43715	2.792574953439	1.0000002e-14
4	43722	2.793551633125	1.0000002e-14
4	43726	2.793591866925	1.0000002e-14
4	43742	2.794583760394	1.0000002e-14
4	43746	2.794622788158	1.0000002e-14
4	43753	2.79560327344	1.0000002e-14
4	43757	2.795610953366	1.0000002e-14
4	43773	2.796555781179	1.0000002e-14
4	43777	2.796659605902	1.0000002e-14
4	43784	2.797559691811	1.0000002e-14
4	43788	2.797661166112	1.0000002e-14
4	43804	2.798521430788	1.0000002e-14
4	43811	2.798693476501	1.0000002e-14
4	43815	2.799499035633	1.0000002e-14
4	43819	2.79966680016	1.0000002e-14
4	43835	2.800511367533	1.0000002e-14
4	43839	2.800680178969	1.0000002e-14
4	43846	2.801465014507	1.0000002e-14
4	43850	2.801686907469	1.0000002e-14
4	43869	2.802502825039	1.0000002e-14
4	43873	2.802733118442	1.0000002e-14
4	43880	2.803475571491	2.3992495930024e-12
4	43890	2.803755348039	1.0000002e-14
4	43900	2.804475043593	1.0000002e-14
4	43904	2.804772374922	1.0000002e-14
4	43917	2.805497893088	1.0000002e-14
4	43921	2.805787947183	1.0000002e-14
4	43931	2.806485792529	1.0000002e-14
4	43935	2.806823441259	1.0000002e-14
4	43948	2.807525084757	1.0000002e-14
4	43955	2.80780962517	1.0000002e-14
4	43962	2.808507417655	1.9188296938883e-09
4	43966	2.808766691266	1.0000002e-14
4	43976	2.809541148175	1.0660114041322e-09
4	43983	2.809765100226	3.3647531985472e-14
4	43993	2.810499200316	1.0000002e-14
4	43997	2.810717164945	1.3956447202939e-12
4	44010	2.811517599843	1.0000002e-14
4	44017	2.811723590143	1.0000002e-14
4	44024	2.812483845145	6.0763824864209e-14
4	44028	2.812749958181	1.0000002e-14
4	44041	2.813513702974	1.0000002e-14
4	44048	2.813754571747	1.0000002e-14
4	44055	2.814501536182	1.0753829671106e-09
4	44059	2.814790662569	1.0000002e-14
4	44072	2.815506442376	1.0000002e-14
4	44079	2.815782067684	1.0000002e-14
4	44086	2.816530038317	1.0000002e-14
4	44090	2.816764523637	1.0000002e-14
4	44103	2.817561778807	1.0000002e-14
4	44110	2.817735939237	3.8654756089184e-12
4	44117	2.818520329031	1.0000002e-14
4	44121	2.818749459042	1.0000002e-14
4	44134	2.819511741552	1.0000002e-14
4	44138	2.819733988104	1.0000002e-14
4	44148	2.820507595717	1.0000002e-14
4	44152	2.820724985586	1.0000002e-14
4	44165	2.82150413649	1.0000002e-14
4	44169	2.82172144898	1.0000002e-14
4	44182	2.822497240686	1.0000002e-14
4	44186	2.822720869573	1.0000002e-14
4	44199	2.823500784334	1.0000002e-14
4	44203	2.823707666373	9.328006146041e-14
4	44213	2.824504582011	1.0000002e-14
4	44217	2.824702878373	1.0000002e-14
4	44230	2.825484581974	1.0000002e-14
4	44234	2.825662556247	1.0000002e-14
4	44244	2.826518379192	1.0000002e-14
4	44248	2.826672628118	1.0000002e-14
4	44261	2.827502868715	1.0000002e-14
4	44265	2.82771875525	1.0000002e-14
4	44275	2.828464506275	1.0000002e-14
4	44279	2.828721963368	1.0000002e-14
4	44292	2.829470227182	1.0000002e-14
4	44296	2.829699277763	1.0000002e-14
4	44306	2.830474928088	1.0000002e-14
4	44310	2.830745957833	1.0000002e-14
4	44323	2.831471842962	1.0000002e-14
4	44327	2.83170934354	1.0000002e-14
4	44337	2.832432886208	1.0000002e-14
4	44341	2.832666369089	1.0000002e-14
4	44354	2.833428742236	1.0000002e-14
4	44358	2.833682149624	1.0000002e-14
4	44368	2.834388983927	1.0000002e-14
4	44372	2.83468657587	1.0000002e-14
4	44385	2.83538731455	1.0000002e-14
4	44389	2.835732649576	1.0000002e-14
4	44399	2.83638168286	1.0000002e-14
4	44403	2.836693175158	6.4430457816247e-14
4	44416	2.837397009173	1.0000002e-14
4	44420	2.837666004557	1.0000002e-14
4	44430	2.838410684369	1.0000002e-14
4	44434	2.838616075509	1.0000002e-14
4	44447	2.839429298447	1.0000002e-14
4	44451	2.839634984778	1.0000002e-14
4	44458	2.840450544897	1.0000002e-14
4	44465	2.840658718876	1.0000002e-14
4	44478	2.841493672532	1.0000002e-14
4	44482	2.841677107138	1.0000002e-14
4	44492	2.842456498393	1.0000002e-14
4	44502	2.84272496963	1.0000002e-14
4	44512	2.843466098128	1.0000002e-14
4	44516	2.843734323882	1.0000002e-14
4	44523	2.844422820324	1.5517845114037e-11
4	44533	2.844743175744	1.0000002e-14
4	44543	2.845465732096	1.0000002e-14
4	44547	2.845718455863	1.0000002e-14
4	44554	2.846446938573	1.0000002e-14
4	44564	2.846708956778	1.0000002e-14
4	44574	2.847463094237	1.0000002e-14
4	44578	2.847693951722	1.0000002e-14
4	44585	2.848425873227	1.0000002e-14
4	44595	2.848698598374	1.0000002e-14
4	44605	2.849419813491	1.0000002e-14
4	44609	2.849706558623	1.0000002e-14
4	44619	2.850430935675	1.0000002e-14
4	44626	2.850675254809	1.0000002e-14
4	44636	2.851438828238	1.0000002e-14
4	44640	2.851643684034	1.0000002e-14
4	44650	2.852459695509	1.0000002e-14
4	44657	2.852681242367	1.0000002e-14
4	44667	2.853452364571	1.0000002e-14
4	44671	2.853654061526	1.0000002e-14
4	44684	2.85443315367	1.0000002e-14
4	44688	2.854605480504	1.0000002e-14
4	44698	2.855468350172	1.0000002e-14
4	44702	2.855642956001	1.0000002e-14
4	44709	2.856506262021	1.0000002e-14
4	44719	2.856655684169	1.8954283538049e-14
4	44729	2.857475389268	1.0000002e-14
4	44733	2.857671202512	1.0000002e-14
4	44740	2.858450235622	1.0000002e-14
4	44747	2.858634250573	1.0000002e-14
4	44760	2.859457817382	1.0000002e-14
4	44764	2.859631473189	1.0000002e-14
4	44771	2.860484009766	1.0000002e-14
4	44781	2.860674543605	1.0000002e-14
4	44791	2.861462126505	1.0000002e-14
4	44795	2.861649639848	1.0000002e-14
4	44805	2.862456945623	1.0000002e-14
4	44812	2.862646542978	1.0000002e-14
4	44825	2.863435165865	1.0000002e-14
4	44829	2.863597158957	1.0000002e-14
4	44833	2.864387027371	1.0000002e-14
4	44840	2.864632956379	1.0000002e-14
4	44856	2.865375099067	1.0000002e-14
4	44860	2.865594488391	1.0000002e-14
4	44864	2.866423766574	4.7163061442096e-14
4	44868	2.866610565525	1.0000002e-14
4	44884	2.867452078607	1.0000002e-14
4	44891	2.867654219277	1.0000002e-14
4	44895	2.868416173815	1.0000002e-14
4	44905	2.868693006798	1.0000002e-14
4	44915	2.869433777651	1.0000002e-14
4	44922	2.869690599572	1.0000002e-14
4	44929	2.870455651704	1.0000002e-14
4	44933	2.870707415336	1.0000002e-14
4	44946	2.871445913054	1.0000002e-14
4	44953	2.871693549864	7.4654726506308e-14
4	44957	2.872473784436	1.0000002e-14
4	44967	2.872655771033	1.0000002e-14
4	44977	2.873490372463	1.0000002e-14
4	44984	2.873614053735	1.0000002e-14
4	44988	2.874461566511	1.0000002e-14
4	45001	2.874621913803	1.0000002e-14
4	45008	2.87550157126	1.0000002e-14
4	45015	2.875648941739	4.968910142138e-12
4	45025	2.87651861577	1.0000002e-14
4	45029	2.8766395405	1.0000002e-14
4	45042	2.877515014027	1.0000002e-14
4	45046	2.877682229913	1.0000002e-14
4	45050	2.878528857693	1.0000002e-14
4	45060	2.878639155445	1.0000002e-14
4	45073	2.87948334177	1.0000002e-14
4	45077	2.879599370001	1.0000002e-14
4	45084	2.880520738439	1.0000002e-14
4	45088	2.880553906358	1.0000002e-14
4	45104	2.881519560276	1.0000002e-14
4	45108	2.88151984904	1.0000002e-14
4	45118	2.882497943318	1.0000002e-14
4	45122	2.882512172284	1.0000002e-14
4	45138	2.883468925569	1.0000002e-14
4	45142	2.88348027447	1.0000002e-14
4	45146	2.884466198599	1.0000002e-14
4	45150	2.884484092003	1.0000002e-14
4	45169	2.885432024359	1.0000002e-14
4	45173	2.885515772342	1.0000002e-14
4	45180	2.886440531463	1.0000002e-14
4	45184	2.886529478939	1.0000002e-14
4	45200	2.887427770466	1.0000002e-14
4	45204	2.887542634654	1.0000002e-14
4	45211	2.888447260024	1.0000002e-14
4	45215	2.888569401678	1.0000002e-14
4	45228	2.8894130612	1.0000002e-14
4	45235	2.889543388458	1.0000002e-14
4	45242	2.890380777909	1.0000002e-14
4	45246	2.890548884613	1.0000002e-14
4	45259	2.891373040568	1.0000002e-14
4	45263	2.891535146702	1.0000002e-14
4	45273	2.892398430692	1.0000002e-14
4	45277	2.892579691242	1.0000002e-14
4	45290	2.893429659026	1.0000002e-14
4	45297	2.893543321848	1.0000002e-14
4	45304	2.894459692635	1.0000002e-14
4	45308	2.894522206487	1.0000002e-14
4	45321	2.895431673456	1.0000002e-14
4	45325	2.895557523398	1.0000002e-14
4	45335	2.896440426988	1.0000002e-14
4	45339	2.896601065329	1.0000002e-14
4	45352	2.897459214768	1.0000002e-14
4	45356	2.89759561584	1.0000002e-14
4	45366	2.898504404972	1.0000002e-14
4	45370	2.898553342666	1.0000002e-14
4	45386	2.899509382326	1.0000002e-14
4	45390	2.899570287958	1.0000002e-14
4	45397	2.900466268298	1.0000002e-14
4	45401	2.900602204816	2.7749487988944e-14
4	45417	2.901476757914	1.0000002e-14
4	45421	2.901639930084	1.0000002e-14
4	45431	2.9024436953	1.0000002e-14
4	45435	2.902621080414	1.0000002e-14
4	45448	2.903438927982	1.0000002e-14
4	45455	2.903604304854	1.0000002e-14
4	45462	2.904459820192	1.0000002e-14
4	45466	2.904566679127	1.0000002e-14
4	45479	2.905456965666	1.0000002e-14
4	45483	2.905549938418	1.0000002e-14
4	45493	2.906412314165	1.0000002e-14
4	45500	2.906599835052	1.0000002e-14
4	45510	2.907424095575	1.0000002e-14
4	45517	2.907596924661	1.0000002e-14
4	45527	2.908463879852	1.0000002e-14
4	45531	2.908579017357	1.0000002e-14
4	45544	2.909506653723	9.2974189942666e-14
4	45548	2.909613649091	1.0000002e-14
4	45558	2.910498022711	1.0000002e-14
4	45562	2.91060079746	1.0000002e-14
4	45575	2.91148324549	1.0000002e-14
4	45579	2.911575976719	1.0000002e-14
4	45589	2.912503800243	1.0000002e-14
4	45593	2.912572407619	1.0000002e-14
4	45606	2.913509225267	1.0000002e-14
4	45610	2.913593919464	1.0000002e-14
4	45623	2.914533119732	1.0000002e-14
4	45627	2.914626031144	1.0000002e-14
4	45637	2.915542485601	1.0000002e-14
4	45641	2.915675337537	9.5974420038934e-13
4	45654	2.916537908215	1.0000002e-14
4	45658	2.916680806694	1.0000002e-14
4	45668	2.917553107286	1.0000002e-14
4	45672	2.917669661734	1.0000002e-14
4	45685	2.918529828109	1.0000002e-14
4	45689	2.918671505387	1.0000002e-14
4	45699	2.919506360554	1.0000002e-14
4	45703	2.919627236713	1.2771211347919e-14
4	45716	2.920491223499	1.0000002e-14
4	45720	2.920596036937	1.0000002e-14
4	45730	2.921473253424	1.0000002e-14
4	45734	2.921645970989	1.0000002e-14
4	45750	2.922469681349	1.0000002e-14
4	45757	2.922609263544	1.0000002e-14
4	45764	2.923421741651	1.0000002e-14
4	45768	2.923650240857	1.0000002e-14
4	45781	2.92438545632	1.0000002e-14
4	45788	2.92461805499	1.0000002e-14
4	45795	2.925380537003	1.0000002e-14
4	45799	2.925651038691	1.0000002e-14
4	45812	2.926330818459	1.0000002e-14
4	45819	2.92665306222	1.0000002e-14
4	45826	2.92728506792	1.0000002e-14
4	45830	2.927687505958	1.0000002e-14
4	45846	2.928292471885	1.0000002e-14
4	45850	2.928640336077	1.0000002e-14
4	45857	2.929262397414	1.0000002e-14
4	45861	2.929630753029	1.0000002e-14
4	45877	2.930244868257	1.0000002e-14
4	45881	2.930661269145	1.0000002e-14
4	45888	2.93119626883	1.0000002e-14
4	45892	2.931650663625	1.0000002e-14
4	45908	2.932170292748	1.0000002e-14
4	45912	2.932617836924	1.0000002e-14
4	45919	2.933168325041	1.0000002e-14
4	45923	2.933614701402	1.0000002e-14
4	45939	2.934164461996	1.0000002e-14
4	45943	2.934617979328	1.0000002e-14
4	45950	2.935175584989	1.0000002e-14
4	45954	2.935615193361	1.0000002e-14
4	45964	2.936144169083	1.0000002e-14
4	45974	2.936647295741	1.0000002e-14
4	45981	2.937127625995	1.0000002e-14
4	45985	2.937654113968	1.0000002e-14
4	45992	2.938085726497	1.0000002e-14
4	46005	2.938625040991	1.0000002e-14
4	46012	2.939097012605	1.0000002e-14
4	46016	2.939584849388	1.0000002e-14
4	46023	2.940083745236	1.0000002e-14
4	46036	2.940535125033	1.0000002e-14
4	46043	2.941124752585	1.0000002e-14
4	46047	2.941509100721	1.0000002e-14
4	46057	2.942097358742	1.0000002e-14
4	46070	2.942542482991	1.0000002e-14
4	46077	2.943126678662	1.0000002e-14
4	46081	2.943557505228	1.0000002e-14
4	46094	2.944140513306	1.0000002e-14
4	46101	2.944560482884	1.0000002e-14
4	46108	2.945166803774	1.0000002e-14
4	46112	2.945559374756	1.0000002e-14
4	46122	2.946183926585	1.0000002e-14
4	46135	2.946534667522	1.0000002e-14
4	46139	2.947206651191	1.0000002e-14
4	46143	2.947567957772	1.0000002e-14
4	46150	2.948162260895	1.0000002e-14
4	46166	2.948526517426	1.0000002e-14
4	46170	2.949126005367	1.0000002e-14
4	46174	2.949549510662	1.0000002e-14
4	46184	2.950173313545	1.0000002e-14
4	46197	2.950511609949	1.0000002e-14
4	46201	2.951132923912	1.0000002e-14
4	46205	2.951464331758	1.0000002e-14
4	46212	2.952104511985	1.0000002e-14
4	46228	2.952465645322	1.0000002e-14
4	46232	2.953136243732	5.9912296784404e-11
4	46236	2.953424214655	1.0000002e-14
4	46246	2.954107567902	1.0000002e-14
4	46253	2.954388209509	1.3984385107407e-14
4	46263	2.955103836309	1.0000002e-14
4	46267	2.955388892978	1.0000002e-14
4	46277	2.956089409589	1.0000002e-14
4	46284	2.956379254524	1.0000002e-14
4	46294	2.957123388085	1.2039122956155e-13
4	46298	2.957329537235	1.0000002e-14
4	46308	2.958160734928	1.0000002e-14
4	46315	2.958305275268	1.0000002e-14
4	46325	2.95912849457	1.0000002e-14
4	46329	2.959261335123	1.0000002e-14
4	46336	2.960105342892	4.0667979049687e-13
4	46343	2.960274488635	1.0000002e-14
4	46356	2.96110283656	1.0000002e-14
4	46360	2.961228634275	1.0000002e-14
4	46376	2.962148338906	1.0000002e-14
4	46380	2.962269087022	1.0000002e-14
4	46390	2.963139552051	1.0000002e-14
4	46394	2.963226932383	1.0000002e-14
4	46407	2.964149527419	1.0000002e-14
4	46411	2.964232148955	1.0000002e-14
4	46421	2.96519304487	1.0000002e-14
4	46425	2.96521416756	1.0000002e-14
4	46438	2.966152659839	1.0000002e-14
4	46442	2.966172577793	1.0000002e-14
4	46452	2.96716069648	1.0000002e-14
4	46456	2.96719747529	2.6274240669199e-14
4	46469	2.968210615923	1.0000002e-14
4	46473	2.968239577816	1.0000002e-14
4	46483	2.969252961223	1.0000002e-14
4	46487	2.969253859189	1.0000002e-14
4	46497	2.970229940933	1.0000002e-14
4	46507	2.970291868875	1.0000002e-14
4	46514	2.971232978557	1.0000002e-14
4	46518	2.971321944558	1.0000002e-14
4	46531	2.972269944438	1.4742957421564e-10
4	46535	2.972309054832	1.0000002e-14
4	46545	2.973260718901	1.0000002e-14
4	46549	2.973291144173	1.0000002e-14
4	46562	2.974304121173	1.0000002e-14
4	46566	2.974337796005	1.0000002e-14
4	46576	2.975311912356	1.0000002e-14
4	46580	2.975316947633	1.0000002e-14
4	46593	2.976281836527	1.0000002e-14
4	46600	2.976331265864	1.0000002e-14
4	46607	2.97730550489	1.355594060233e-14
4	46611	2.977335627736	1.0000002e-14
4	46627	2.978270186472	1.0000002e-14
4	46631	2.978346585531	1.0000002e-14
4	46638	2.979266954791	1.0000002e-14
4	46642	2.97933158977	1.0000002e-14
4	46655	2.980227560425	1.0000002e-14
4	46662	2.980329110474	1.0000002e-14
4	46669	2.981231910849	2.4455942103205e-13
4	46673	2.981355682682	1.0000002e-14
4	46692	2.982274669704	1.0000002e-14
4	46696	2.982390684235	1.0000002e-14
4	46703	2.983268909791	1.0000002e-14
4	46707	2.983392733487	1.0000002e-14
4	46723	2.98429690732	1.0000002e-14
4	46727	2.984389765673	1.0000002e-14
4	46734	2.985299917657	4.652113926533e-10
4	46738	2.985392229069	1.0000002e-14
4	46754	2.986333179506	1.0000002e-14
4	46758	2.986402127992	1.0000002e-14
4	46765	2.987333485375	1.0000002e-14
4	46769	2.987405889162	1.0000002e-14
4	46785	2.988364905762	1.0000002e-14
4	46789	2.988380846592	1.0000002e-14
4	46796	2.989352480538	1.0000002e-14
4	46800	2.989381939067	1.0000002e-14
4	46816	2.990378340248	1.0000002e-14
4	46820	2.990418504064	1.0000002e-14
4	46830	2.991347726655	1.0000002e-14
4	46834	2.991403317107	1.0000002e-14
4	46850	2.992364873649	2.6315968731866e-14
4	46854	2.992429594904	2.9088014082971e-08
4	46858	2.993339381138	1.0000002e-14
4	46865	2.993422367631	1.0000002e-14
4	46875	2.994308466367	1.0000002e-14
4	46885	2.994448232002	3.1128275295507e-13
4	46889	2.995335380923	1.0000002e-14
4	46896	2.99546133735	1.0000002e-14
4	46909	2.996363232313	1.0000002e-14
4	46913	2.996458218125	1.0000002e-14
4	46920	2.997392418413	1.0000002e-14
4	46924	2.997482091807	1.0000002e-14
4	46940	2.998352571231	1.0000002e-14
4	46947	2.998488928938	1.0000002e-14
4	46951	2.99934647055	1.6177138999445e-08
4	46958	2.999509770347	1.0000002e-14
4	46976	3.000348047709	1.0000002e-14
4	46980	3.000522445792	1.0000002e-14
4	46990	3.001313058322	1.0000002e-14
4	46994	3.001553720599	1.0000002e-14
4	47010	3.002348550676	1.0000002e-14
4	47014	3.00252126399	1.0000002e-14
4	47021	3.003336142284	1.0000002e-14
4	47025	3.003519090216	1.0000002e-14
4	47041	3.004309954827	1.0000002e-14
4	47045	3.00453231628	1.0000002e-14
4	47052	3.005299163216	1.0000002e-14
4	47056	3.005492643204	1.0000002e-14
4	47072	3.006336462895	1.0000002e-14
4	47076	3.006491673861	1.0000002e-14
4	47083	3.007292476613	1.0000002e-14
4	47087	3.00748379891	1.0000002e-14
4	47103	3.008295725933	1.0000002e-14
4	47107	3.008491058916	1.0000002e-14
4	47114	3.00932240399	1.0000002e-14
4	47118	3.009523158234	1.0000002e-14
4	47134	3.010307420854	1.0000002e-14
4	47138	3.010502264657	1.0000002e-14
4	47145	3.011266897926	1.0000002e-14
4	47149	3.011527632436	1.0000002e-14
4	47162	3.012295037253	1.0000002e-14
4	47169	3.012494773938	1.0000002e-14
4	47176	3.013335873579	1.0000002e-14
4	47180	3.013478895073	1.0000002e-14
4	47190	3.014325040541	1.0000002e-14
4	47200	3.014485073082	1.0000002e-14
4	47207	3.015361068481	1.0000002e-14
4	47211	3.015510808249	1.0000002e-14
4	47224	3.016352819369	1.0000002e-14
4	47231	3.016547954139	1.0000002e-14
4	47238	3.017336718246	1.0000002e-14
4	47242	3.017568018825	1.0000002e-14
4	47255	3.018376476373	1.0000002e-14
4	47259	3.018564641799	1.0000002e-14
4	47269	3.019329117558	1.0000002e-14
4	47273	3.019542869262	1.0000002e-14
4	47283	3.020358822745	1.0000002e-14
4	47290	3.020558957992	1.0000002e-14
4	47303	3.021317426085	1.0000002e-14
4	47307	3.021531155776	1.0000002e-14
4	47320	3.02234513601	1.0000002e-14
4	47324	3.022556435795	1.0000002e-14
4	47334	3.023384286095	1.0000002e-14
4	47338	3.023550824544	1.0000002e-14
4	47351	3.024412089298	1.0000002e-14
4	47355	3.024531344699	1.0000002e-14
4	47365	3.025382514579	1.0000002e-14
4	47369	3.025530246242	1.0000002e-14
4	47379	3.026415201459	1.0000002e-14
4	47386	3.026524382267	1.0000002e-14
4	47396	3.027463977846	1.0000002e-14
4	47400	3.027505780004	1.0000002e-14
4	47410	3.028466510962	1.0000002e-14
4	47417	3.028491044136	1.0000002e-14
4	47427	3.029470738508	1.0000002e-14
4	47431	3.029484406563	1.0000002e-14
4	47444	3.030467280338	1.0000002e-14
4	47451	3.030530421031	1.0000002e-14
4	47458	3.031427550574	1.0000002e-14
4	47462	3.031533409542	1.0000002e-14
4	47478	3.032432826521	1.0000002e-14
4	47482	3.03252215205	1.0000002e-14
4	47489	3.033482604003	1.0000002e-14
4	47493	3.033557837142	1.0000002e-14
4	47509	3.0345115271	1.0000002e-14
4	47513	3.034540058007	2.6603762431282e-12
4	47520	3.035529172527	1.0000002e-14
4	47524	3.035577153294	1.0000002e-14
4	47540	3.036524910767	1.0000002e-14
4	47544	3.036552144864	1.0000002e-14
4	47551	3.037538822238	1.0000002e-14
4	47555	3.037542126817	1.0000002e-14
4	47571	3.038511816894	1.0000002e-14
4	47575	3.038555053655	1.0000002e-14
4	47582	3.039463979178	1.0000002e-14
4	47586	3.039515720052	1.0000002e-14
4	47602	3.040512607811	1.0000002e-14
4	47606	3.040525853698	1.0000002e-14
4	47616	3.04149566297	1.0000002e-14
4	47620	3.041559905824	1.0000002e-14
4	47636	3.04249647155	1.0000002e-14
4	47640	3.04258427847	1.0000002e-14
4	47650	3.043484371017	1.0000002e-14
4	47654	3.043588988274	1.0000002e-14
4	47664	3.04452987585	1.0000002e-14
4	47671	3.044562936812	1.0000002e-14
4	47681	3.045508717535	1.0000002e-14
4	47685	3.045544438256	1.0000002e-14
4	47698	3.046476880476	1.0000002e-14
4	47705	3.046517987017	1.0000002e-14
4	47712	3.047498931977	1.0000002e-14
4	47716	3.047538086713	1.0000002e-14
4	47729	3.048494958945	1.0000002e-14
4	47733	3.048572760678	1.0000002e-14
4	47743	3.049446949658	1.0000002e-14
4	47747	3.04958226419	1.0000002e-14
4	47757	3.050484343664	1.0000002e-14
4	47761	3.050570807933	6.0565646731487e-13
4	47774	3.051455952	1.0000002e-14
4	47778	3.051593760678	1.0000002e-14
4	47788	3.052503047057	1.0000002e-14
4	47792	3.05255838298	1.0000002e-14
4	47805	3.053479854134	2.0575161527581e-13
4	47809	3.053607631225	1.0000002e-14
4	47822	3.05447679214	1.0000002e-14
4	47826	3.054642931886	1.0000002e-14
4	47836	3.055502581156	1.0000002e-14
4	47840	3.055683276123	1.0000002e-14
4	47853	3.056492769763	1.0000002e-14
4	47857	3.056701865686	1.531901211762e-08
4	47867	3.057449686625	1.0000002e-14
4	47871	3.05768332019	1.0000002e-14
4	47884	3.058498522911	1.0000002e-14
4	47888	3.058722989552	1.0000002e-14
4	47898	3.059495603482	1.0000002e-14
4	47902	3.059759010238	1.0000002e-14
4	47915	3.060473236815	1.0000002e-14
4	47925	3.060752137932	1.0000002e-14
4	47932	3.061457125409	1.0000002e-14
4	47936	3.061741743138	1.0000002e-14
4	47949	3.062429521994	1.0000002e-14
4	47953	3.062752842607	1.0000002e-14
4	47963	3.063426140436	1.9304232040231e-12
4	47967	3.063802541846	1.0000002e-14
4	47980	3.064474914191	1.0000002e-14
4	47987	3.06484217143	1.0000002e-14
4	47994	3.065498284595	1.0000002e-14
4	47998	3.065796582023	2.3568269551728e-09
4	48011	3.066495625821	1.0000002e-14
4	48018	3.066807223596	1.0000002e-14
4	48025	3.067454615532	1.0000002e-14
4	48029	3.067783546803	1.0000002e-14
4	48042	3.068447787726	1.0000002e-14
4	48049	3.068820396697	1.0000002e-14
4	48056	3.069474042887	1.0000002e-14
4	48060	3.069794694177	8.943952473168e-14
4	48073	3.070451392526	1.8022700050628e-14
4	48077	3.070776803714	1.310154452e-12
4	48087	3.071474623613	1.0000002e-14
4	48091	3.071763772929	1.0000002e-14
4	48104	3.072457202542	1.0000002e-14
4	48108	3.0727745252	1.0000002e-14
4	48118	3.073434224183	1.0000002e-14
4	48122	3.073738099575	1.0000002e-14
4	48135	3.074438070273	1.0000002e-14
4	48139	3.074772776864	1.0000002e-14
4	48149	3.075407337019	1.0000002e-14
4	48156	3.07578246139	1.0000002e-14
4	48166	3.0764388175	1.0000002e-14
4	48170	3.076777229641	1.0000002e-14
4	48180	3.077402032544	1.0000002e-14
4	48187	3.077774101645	1.0000002e-14
4	48197	3.078443083846	1.0000002e-14
4	48201	3.07873015327	1.0000002e-14
4	48211	3.079431367942	1.0000002e-14
4	48218	3.079773623829	1.0000002e-14
4	48228	3.080424438263	1.0000002e-14
4	48232	3.080733413097	1.0000002e-14
4	48245	3.081436435303	1.0000002e-14
4	48255	3.081721068065	1.0000002e-14
4	48262	3.0824748813	1.0000002e-14
4	48266	3.082719771441	1.0000002e-14
4	48276	3.083519748843	1.0000002e-14
4	48283	3.083699386337	1.0000002e-14
4	48293	3.08448868127	1.0000002e-14
4	48297	3.08474900508	1.0000002e-14
4	48310	3.085502392914	1.0000002e-14
4	48314	3.085734751764	1.0000002e-14
4	48324	3.086497883315	1.0000002e-14
4	48328	3.086756873887	1.7992818102535e-14
4	48341	3.087516715773	1.0000002e-14
4	48345	3.087743594129	1.0000002e-14
4	48355	3.088537698586	1.0000002e-14
4	48359	3.088720499995	1.0000002e-14
4	48369	3.089555087428	1.0000002e-14
4	48379	3.089769080572	1.0000002e-14
4	48386	3.090508997515	1.0000002e-14
4	48390	3.090784120059	1.0000002e-14
4	48400	3.091471166094	1.0000002e-14
4	48407	3.09178769943	1.0000002e-14
4	48417	3.092469565301	1.0000002e-14
4	48421	3.092754425528	1.0000002e-14
4	48431	3.093421472543	1.0000002e-14
4	48438	3.093756229843	1.0000002e-14
4	48448	3.094409337566	1.0000002e-14
4	48452	3.094720215241	1.0000002e-14
4	48462	3.095443869971	1.0000002e-14
4	48469	3.095761602929	1.0000002e-14
4	48479	3.096402696468	1.0000002e-14
4	48483	3.09671494901	1.0000002e-14
4	48496	3.09743336679	1.0000002e-14
4	48500	3.09771028795	1.0000002e-14
4	48510	3.098469128963	1.0000002e-14
4	48514	3.098678943915	1.0000002e-14
4	48524	3.099489282736	1.0000002e-14
4	48531	3.09971845069	1.0000002e-14
4	48541	3.100486724815	1.0000002e-14
4	48545	3.100726957108	1.0000002e-14
4	48561	3.101491661024	1.0000002e-14
4	48565	3.101687627497	1.0000002e-14
4	48575	3.102540942684	1.0000002e-14
4	48579	3.102640562927	1.0000002e-14
4	48592	3.103574707198	1.0000002e-14
4	48596	3.103625169231	1.0000002e-14
4	48606	3.104576039671	1.0000002e-14
4	48610	3.104589940392	1.0000002e-14
4	48626	3.105581091391	1.0000002e-14
4	48630	3.105607234438	1.0000002e-14
4	48637	3.106541417486	4.5764908978038e-05
4	48641	3.106651605261	1.0000002e-14
4	48654	3.10757960001	1.0000002e-14
4	48661	3.107693709752	1.0000002e-14
4	48668	3.108615261982	1.0000002e-14
4	48675	3.108731499212	1.0000002e-14
4	48685	3.109651821489	1.0000002e-14
4	48692	3.109761196155	1.0000002e-14
4	48702	3.110639315767	1.0000002e-14
4	48709	3.110792501926	1.0000002e-14
4	48719	3.111628142989	1.0000002e-14
4	48723	3.11177039129	1.0000002e-14
4	48733	3.11260170223	1.0000002e-14
4	48740	3.112743284552	2.5686657069184e-14
4	48750	3.113624247701	1.0000002e-14
4	48754	3.113765804589	1.0000002e-14
4	48764	3.114669790889	1.0000002e-14
4	48768	3.114815740597	1.0000002e-14
4	48781	3.115672360673	1.0000002e-14
4	48785	3.115770888922	1.0000002e-14
4	48795	3.116694180443	1.0000002e-14
4	48799	3.116814174745	1.0000002e-14
4	48812	3.117666993808	1.0000002e-14
4	48816	3.117771014166	1.0000002e-14
4	48826	3.118686837147	1.0000002e-14
4	48833	3.11881670909	1.0000002e-14
4	48843	3.119661070009	1.0000002e-14
4	48847	3.119793127142	1.0000002e-14
4	48860	3.120619464807	1.0000002e-14
4	48864	3.12080896949	1.0000002e-14
4	48877	3.121635659902	1.0000002e-14
4	48881	3.121791411685	1.0000002e-14
4	48891	3.122628185629	1.0000002e-14
4	48895	3.122774334172	1.0000002e-14
4	48908	3.123619834003	1.0000002e-14
4	48912	3.123739739353	1.0000002e-14
4	48919	3.124587860736	1.0000002e-14
4	48926	3.124768844874	1.0000002e-14
4	48939	3.125598176993	1.0000002e-14
4	48943	3.125781125964	1.0000002e-14
4	48953	3.126558050873	1.0000002e-14
4	48957	3.126802272568	1.0000002e-14
4	48967	3.127565083958	1.0000002e-14
4	48974	3.127816894598	1.0000002e-14
4	48984	3.128562729653	1.0000002e-14
4	48988	3.128818524853	1.0000002e-14
4	48998	3.129574158463	1.0000002e-14
4	49005	3.129774994618	1.0000002e-14
4	49015	3.130553951071	1.0000002e-14
4	49019	3.130777997735	1.0000002e-14
4	49032	3.131600129056	1.0000002e-14
4	49036	3.131767230887	1.0000002e-14
4	49046	3.132583382651	1.0000002e-14
4	49050	3.132732609045	1.0000002e-14
4	49060	3.133627882747	1.0000002e-14
4	49067	3.13372847155	1.0000002e-14
4	49077	3.134619714555	1.0000002e-14
4	49081	3.134720250694	1.0000002e-14
4	49091	3.135618237552	1.0000002e-14
4	49098	3.135676883551	1.0000002e-14
4	49108	3.136610878341	1.0000002e-14
4	49112	3.136682152902	1.0000002e-14
4	49122	3.137582911087	1.0000002e-14
4	49129	3.137730800356	1.0000002e-14
4	49139	3.138586623954	1.0000002e-14
4	49143	3.138757890833	1.0000002e-14
4	49153	3.139607234747	1.0000002e-14
4	49157	3.139749389171	1.0000002e-14
4	49173	3.140641404626	1.0000002e-14
4	49177	3.140784051073	1.0000002e-14
4	49187	3.141621204753	1.0000002e-14
4	49191	3.141808611988	1.0000002e-14
4	49204	3.142592345341	1.0000002e-14
4	49211	3.142820819933	1.0000002e-14
4	49218	3.143585473831	1.0000002e-14
4	49222	3.143815751907	1.0000002e-14
4	49235	3.144565483817	1.0000002e-14
4	49242	3.144856647992	1.0000002e-14
4	49249	3.145612709711	1.0000002e-14
4	49256	3.145808673193	1.0000002e-14
4	49266	3.146576162067	1.0000002e-14
4	49276	3.146855322026	1.0000002e-14
4	49283	3.147573505643	1.0000002e-14
4	49287	3.147863064133	1.0000002e-14
4	49297	3.148621719385	1.0000002e-14
4	49307	3.148838787365	1.0000002e-14
4	49314	3.149574501698	1.0000002e-14
4	49318	3.149872252476	1.0000002e-14
4	49328	3.150559983607	1.0000002e-14
4	49335	3.150899585903	1.0000002e-14
4	49342	3.151578317658	1.0000002e-14
4	49349	3.151923144418	1.0000002e-14
4	49359	3.152562254817	1.0000002e-14
4	49366	3.152908020305	1.0000002e-14
4	49373	3.153543561786	1.0000002e-14
4	49380	3.153937414454	1.0000002e-14
4	49387	3.154526383743	1.0000002e-14
4	49397	3.154972552198	1.0000002e-14
4	49404	3.155520494506	1.0449865939739e-12
4	49414	3.155952821993	1.0000002e-14
4	49418	3.156528605	1.0000002e-14
4	49428	3.157000948054	1.0000002e-14
4	49435	3.157499906845	1.0000002e-14
4	49445	3.158040917523	1.0000002e-14
4	49449	3.158454610756	1.0000002e-14
4	49459	3.159084464527	1.0000002e-14
4	49469	3.159504001162	1.0000002e-14
4	49476	3.160107046365	1.0000002e-14
4	49480	3.160482199836	1.0000002e-14
4	49490	3.161106117001	2.1626148147955e-12
4	49500	3.161471789695	1.0000002e-14
4	49510	3.162078213623	1.0000002e-14
4	49514	3.162500505014	1.0000002e-14
4	49521	3.163093691698	1.0000002e-14
4	49534	3.163518510897	1.0000002e-14
4	49541	3.164090628377	1.0000002e-14
4	49545	3.164491329595	1.0000002e-14
4	49555	3.165127333081	1.0000002e-14
4	49565	3.165520663051	1.0000002e-14
4	49572	3.166127743932	1.0000002e-14
4	49576	3.166542831227	1.0000002e-14
4	49583	3.167109699111	1.0000002e-14
4	49599	3.16755579049	1.0000002e-14
4	49603	3.168115362457	1.0000002e-14
4	49607	3.168536661547	3.157362131387e-14
4	49617	3.16915077428	1.0000002e-14
4	49627	3.169549503574	1.0701054112947e-14
4	49634	3.170100941485	1.0000002e-14
4	49638	3.170540913489	1.0000002e-14
4	49648	3.171108770305	1.0000002e-14
4	49658	3.171546311514	1.0000002e-14
4	49665	3.172088571417	1.0000002e-14
4	49669	3.172498123724	1.0000002e-14
4	49679	3.173114283967	1.0000002e-14
4	49686	3.173508774856	1.0000002e-14
4	49696	3.174072506146	1.0000002e-14
4	49700	3.174487349583	1.0000002e-14
4	49704	3.175053189284	1.0000002e-14
4	49717	3.175515913739	1.0000002e-14
4	49727	3.176057989851	1.0000002e-14
4	49731	3.176560475128	1.0000002e-14
4	49735	3.177103571571	1.0000002e-14
4	49748	3.177564160052	1.0000002e-14
4	49758	3.178081641395	1.0000002e-14
4	49762	3.17857833918	1.0000002e-14
4	49766	3.179111691684	1.0000002e-14
4	49779	3.179627069164	1.0000002e-14
4	49789	3.18007527186	2.1946669892505e-14
4	49793	3.180611048754	1.0000002e-14
4	49797	3.181074340882	1.0000002e-14
4	49816	3.181638930546	1.0000002e-14
4	49823	3.18210041648	1.0000002e-14
4	49827	3.182674521667	1.0000002e-14
4	49831	3.183141627831	1.0000002e-14
4	49847	3.183720969834	1.0000002e-14
4	49854	3.184172446255	1.0000002e-14
4	49858	3.184761684639	1.0000002e-14
4	49862	3.185166173819	1.0000002e-14
4	49875	3.185779874872	1.0000002e-14
4	49885	3.186177334099	1.0000002e-14
4	49889	3.1868274279	1.0000002e-14
4	49893	3.187146212056	1.0000002e-14
4	49906	3.187833242657	1.0000002e-14
4	49913	3.188118767607	1.0000002e-14
4	49920	3.188851582486	1.0000002e-14
4	49924	3.189160252512	1.0000002e-14
4	49937	3.189899434737	1.0000002e-14
4	49947	3.190193886212	1.0000002e-14
4	49951	3.190923153356	1.0000002e-14
4	49955	3.191211121935	1.0000002e-14
4	49971	3.191904578211	1.0000002e-14
4	49978	3.192199034798	1.0000002e-14
4	49982	3.192881766771	1.0000002e-14
4	49986	3.193231690535	1.0000002e-14
4	50002	3.19383923168	1.0000002e-14
4	50009	3.194183974401	1.0000002e-14
4	50013	3.194824255994	1.0000002e-14
4	50017	3.195137636138	1.0000002e-14
4	50036	3.195861343282	1.0000002e-14
4	50040	3.196169660687	1.0000002e-14
4	50044	3.196829628146	1.0000002e-14
4	50051	3.197167295522	1.0000002e-14
4	50064	3.197825831886	1.0000002e-14
4	50071	3.198172700707	1.0000002e-14
4	50075	3.198854918045	1.0000002e-14
4	50082	3.199169315024	1.0000002e-14
4	50095	3.199855148203	1.0000002e-14
4	50102	3.200196515669	1.0000002e-14
4	50106	3.20081139831	1.0000002e-14
4	50116	3.201176726332	1.0000002e-14
4	50129	3.201827917458	1.0000002e-14
4	50136	3.202211607965	1.0000002e-14
4	50140	3.202793802851	1.0000002e-14
4	50147	3.203164021269	1.0000002e-14
4	50160	3.20383055951	1.0000002e-14
4	50164	3.204136226334	1.0000002e-14
4	50171	3.204871067245	1.0000002e-14
4	50178	3.205096997272	9.6778225402854e-14
4	50191	3.205873810875	1.0000002e-14
4	50195	3.206094817803	1.0000002e-14
4	50202	3.206829907416	1.0000002e-14
4	50209	3.207091254976	1.0000002e-14
4	50219	3.207790867552	1.0000002e-14
4	50226	3.208120683962	5.4353697207557e-09
4	50233	3.20882369652	1.0000002e-14
4	50240	3.209101573373	2.1706959019061e-14
4	50250	3.209809645367	4.9915913587534e-13
4	50260	3.210146796766	1.0000002e-14
4	50267	3.210781026729	1.0000002e-14
4	50271	3.211141569179	1.0000002e-14
4	50281	3.211746648173	1.0000002e-14
4	50288	3.212160332251	1.0000002e-14
4	50295	3.212730104537	1.0000002e-14
4	50302	3.213125610276	1.0000002e-14
4	50309	3.213699151893	1.0000002e-14
4	50319	3.214103998427	1.0000002e-14
4	50329	3.214714969861	1.0000002e-14
4	50333	3.215075744061	1.0000002e-14
4	50340	3.215745519246	2.6394337211037e-14
4	50350	3.216112496722	1.0000002e-14
4	50360	3.216699749688	1.0000002e-14
4	50364	3.217123484454	1.0000002e-14
4	50371	3.217685026675	1.0000002e-14
4	50384	3.218092987947	1.0000002e-14
4	50391	3.218728172182	1.0000002e-14
4	50395	3.219067984586	1.0000002e-14
4	50402	3.219721189566	1.0000002e-14
4	50412	3.220072211306	1.0000002e-14
4	50425	3.220729733243	1.0000002e-14
4	50429	3.221056671179	1.0000002e-14
4	50439	3.221779269787	1.0000002e-14
4	50446	3.222009697692	1.0000002e-14
4	50456	3.22276882887	1.0000002e-14
4	50460	3.222982198536	1.0000002e-14
4	50467	3.223816341674	1.0000002e-14
4	50477	3.223972999821	3.0593565706948e-14
4	50487	3.224799972553	1.0000002e-14
4	50491	3.224988190005	1.0000002e-14
4	50498	3.225823252243	2.413910605775e-12
4	50505	3.225966323483	1.0000002e-14
4	50518	3.22681995627	1.0000002e-14
4	50522	3.227015481291	1.0000002e-14
4	50529	3.227857969763	1.0000002e-14
4	50539	3.228021464135	1.0000002e-14
4	50549	3.228905927363	7.9081739684545e-13
4	50553	3.22901241877	1.0000002e-14
4	50563	3.229910519178	1.0000002e-14
4	50567	3.229974247791	1.0000002e-14
4	50580	3.23086457787	1.0000002e-14
4	50584	3.23099004485	1.0000002e-14
4	50591	3.23184331822	1.0000002e-14
4	50598	3.232023244119	9.440343029048e-13
4	50611	3.232882198688	1.0000002e-14
4	50615	3.233035023228	1.0000002e-14
4	50622	3.233920206773	1.0000002e-14
4	50632	3.234059607797	1.0000002e-14
4	50642	3.23493581935	1.0000002e-14
4	50646	3.235081311389	1.0000002e-14
4	50659	3.235961713891	1.0000002e-14
4	50663	3.236114355354	1.0000002e-14
4	50673	3.236997498327	1.0000002e-14
4	50677	3.237067630496	1.0000002e-14
4	50690	3.238024505762	1.0000002e-14
4	50694	3.238114927942	1.0000002e-14
4	50704	3.239057099499	3.0221760539026e-13
4	50708	3.239112073527	1.0000002e-14
4	50721	3.240083091844	1.0000002e-14
4	50725	3.240098438538	1.0000002e-14
4	50738	3.241080282142	1.0000002e-14
4	50742	3.241147718216	1.0000002e-14
4	50755	3.242070870906	1.0000002e-14
4	50762	3.242167442742	1.0000002e-14
4	50769	3.243101288211	1.0000002e-14
4	50773	3.243148650546	1.0000002e-14
4	50789	3.24409067792	2.2566468749654e-13
4	50793	3.244111805096	1.0000002e-14
4	50800	3.245105570026	1.0000002e-14
4	50804	3.245110117219	1.0000002e-14
4	50820	3.246091754912	1.0000002e-14
4	50824	3.246124731855	1.0000002e-14
4	50831	3.247080132374	1.0000002e-14
4	50835	3.247154548619	1.0000002e-14
4	50851	3.248088908759	1.0000002e-14
4	50855	3.24813277181	1.0000002e-14
4	50862	3.249134289127	1.0000002e-14
4	50866	3.249144699128	1.0000002e-14
4	50881	3.250125116139	1.8784679806758e-12
4	50885	3.250166496846	1.0000002e-14
4	50895	3.251146998101	1.0000002e-14
4	50899	3.251199727124	1.0000002e-14
4	50915	3.2521180036	1.0000002e-14
4	50919	3.252195699976	1.0000002e-14
4	50926	3.253111433044	1.0000002e-14
4	50930	3.253186986122	1.0000002e-14
4	50946	3.254108466345	1.0000002e-14
4	50950	3.25422474348	1.0000002e-14
4	50957	3.255078746315	1.0000002e-14
4	50961	3.255229002427	1.0000002e-14
4	50977	3.256109839194	1.0000002e-14
4	50981	3.256206155158	1.0000002e-14
4	50988	3.257155579652	1.0000002e-14
4	50992	3.257178766647	1.0000002e-14
4	51008	3.258165174789	1.0000002e-14
4	51012	3.258184555544	1.0000002e-14
4	51019	3.259198996894	1.3202707916892e-13
4	51023	3.259223305171	1.0000002e-14
4	51039	3.260230929732	1.0000002e-14
4	51043	3.260252146353	1.0000002e-14
4	51053	3.261208606536	1.0000002e-14
4	51057	3.261256533841	8.0901035257731e-14
4	51073	3.262237507626	1.0000002e-14
4	51077	3.262238711043	1.0000002e-14
4	51084	3.263212627041	1.0000002e-14
4	51088	3.263231890154	1.0000002e-14
4	51104	3.264223125041	1.0000002e-14
4	51108	3.264238866468	1.0000002e-14
4	51118	3.265243318023	1.0000002e-14
4	51122	3.265248733058	1.0000002e-14
4	51135	3.26620833192	1.0000002e-14
4	51139	3.266244031675	1.0000002e-14
4	51146	3.267203143148	1.0000002e-14
4	51150	3.267275230506	1.0000002e-14
4	51166	3.268230245135	1.2424650422292e-13
4	51170	3.268244419053	1.0000002e-14
4	51180	3.269250755128	1.0000002e-14
4	51184	3.269276468906	1.0000002e-14
4	51197	3.270234422658	1.0000002e-14
4	51201	3.27024630528	1.0000002e-14
4	51208	3.27120515624	1.359254501963e-11
4	51212	3.271223639443	1.0000002e-14
4	51228	3.272180101219	1.0000002e-14
4	51232	3.272209198063	1.0000002e-14
4	51239	3.273200525745	1.0000002e-14
4	51243	3.273225126251	1.0000002e-14
4	51259	3.274191342313	1.0000002e-14
4	51263	3.274235429238	1.0000002e-14
4	51270	3.275233877138	1.0000002e-14
4	51274	3.275240156726	1.0000002e-14
4	51290	3.276239756257	1.0000002e-14
4	51294	3.276270706345	1.0000002e-14
4	51301	3.277221263011	1.0000002e-14
4	51305	3.277232724486	1.0000002e-14
4	51321	3.278210155763	1.0000002e-14
4	51325	3.278216467607	1.0000002e-14
4	51332	3.27916718197	1.0000002e-14
4	51336	3.27925042387	1.0000002e-14
4	51352	3.280136271752	1.0000002e-14
4	51356	3.280213495773	1.0000002e-14
4	51366	3.28110035925	1.0000002e-14
4	51370	3.281179715369	1.0000002e-14
4	51386	3.282134828926	1.0000002e-14
4	51390	3.282195847755	1.0000002e-14
4	51397	3.283161885811	1.0000002e-14
4	51401	3.283226152347	1.0000002e-14
4	51417	3.284120840987	1.0000002e-14
4	51421	3.28419890285	1.0000002e-14
4	51431	3.285142773355	1.0000002e-14
4	51435	3.285154088413	1.0000002e-14
4	51448	3.28612294302	1.0000002e-14
4	51452	3.286165437605	1.0000002e-14
4	51462	3.287103553754	1.0000002e-14
4	51466	3.287130480175	1.0000002e-14
4	51476	3.288123671426	1.0000002e-14
4	51480	3.288148678955	1.0000002e-14
4	51490	3.289149308083	3.648814001342e-13
4	51494	3.289174588901	1.0000002e-14
4	51510	3.290147980857	1.0000002e-14
4	51514	3.290155375361	1.0000002e-14
4	51527	3.291134372576	1.0000002e-14
4	51531	3.291183473925	1.0000002e-14
4	51541	3.292140161176	1.0000002e-14
4	51545	3.292149159231	1.0000002e-14
4	51555	3.293106033185	1.0000002e-14
4	51559	3.293179067678	1.0000002e-14
4	51572	3.294110547464	1.0000002e-14
4	51576	3.294216514742	1.0000002e-14
4	51583	3.295113888785	1.0000002e-14
4	51587	3.295186025222	1.0000002e-14
4	51603	3.296151705454	1.0000002e-14
4	51607	3.29619846469	1.0000002e-14
4	51617	3.297138601403	1.0000002e-14
4	51621	3.297237730547	1.0000002e-14
4	51634	3.298097678211	1.0000002e-14
4	51638	3.298285437485	1.0000002e-14
4	51648	3.299091024899	1.0000002e-14
4	51652	3.299306775793	1.0000002e-14
4	51665	3.300118870288	1.0000002e-14
4	51669	3.300347138357	3.0250753707318e-14
4	51682	3.301104152257	1.0000002e-14
4	51689	3.301364222894	1.0000002e-14
4	51699	3.302134800614	1.0000002e-14
4	51703	3.302322065012	1.0000002e-14
4	51713	3.303105911875	1.0000002e-14
4	51717	3.303284337976	1.0000002e-14
4	51730	3.30407616927	1.0000002e-14
4	51734	3.304288356813	4.2750510486277e-13
4	51744	3.305081520609	1.0000002e-14
4	51748	3.305307787022	1.0000002e-14
4	51761	3.306101418809	1.4613000730278e-10
4	51765	3.306309962977	1.0000002e-14
4	51775	3.307112840968	1.0000002e-14
4	51779	3.307291655468	1.0000002e-14
4	51792	3.308104453201	1.0000002e-14
4	51796	3.30834107753	1.3854718588988e-14
4	51806	3.309114314528	1.0000002e-14
4	51810	3.309362772798	1.0000002e-14
4	51823	3.310076518166	1.0000002e-14
4	51827	3.310384232452	1.0000002e-14
4	51837	3.311116380713	1.0000002e-14
4	51841	3.311349057169	1.0000002e-14
4	51854	3.312072769111	1.0000002e-14
4	51858	3.312315532505	1.0000002e-14
4	51865	3.313030679456	1.0000002e-14
4	51872	3.313278009033	3.8566785660053e-14
4	51885	3.313984053268	1.0000002e-14
4	51892	3.314281523878	1.0000002e-14
4	51896	3.315032746759	1.0000002e-14
4	51903	3.315235844821	1.0000002e-14
4	51913	3.316064040276	4.6510808160865e-07
4	51920	3.316191068629	1.0000002e-14
4	51927	3.317090546368	1.0000002e-14
4	51931	3.317166133839	1.0000002e-14
4	51947	3.318135172897	1.0000002e-14
4	51951	3.318136934831	1.0000002e-14
4	51958	3.319094503009	1.0000002e-14
4	51962	3.319144130393	1.0000002e-14
4	51975	3.320079187617	1.0000002e-14
4	51982	3.320114434547	6.4338052525269e-12
4	51992	3.321081227419	1.0585046136235e-13
4	51996	3.321153970291	1.0000002e-14
4	52009	3.322131014811	1.0000002e-14
4	52016	3.322192637077	1.0000002e-14
4	52026	3.323162553497	1.0000002e-14
4	52030	3.323239204158	1.0000002e-14
4	52043	3.324157194634	1.0000002e-14
4	52047	3.324197953394	1.0000002e-14
4	52054	3.325151940449	1.0000002e-14
4	52064	3.325211983759	1.0000002e-14
4	52074	3.32613489924	1.0000002e-14
4	52078	3.326244157484	1.0000002e-14
4	52088	3.327163931224	1.0000002e-14
4	52095	3.327287225712	1.0000002e-14
4	52105	3.328164491462	1.0000002e-14
4	52112	3.328246034941	1.0000002e-14
4	52122	3.329155994652	1.0000002e-14
4	52129	3.329233100653	1.0000002e-14
4	52136	3.330111389265	1.0000002e-14
4	52140	3.330237700738	1.0000002e-14
4	52153	3.331151414268	1.0000002e-14
4	52157	3.331224090893	1.0000002e-14
4	52167	3.332151372786	1.0000002e-14
4	52174	3.332211328769	1.0000002e-14
4	52187	3.333137048564	1.0000002e-14
4	52191	3.333242064802	4.8165840316459e-12
4	52198	3.334104564805	1.0000002e-14
4	52202	3.334215962386	2.4620325322264e-12
4	52218	3.335145834458	1.0000002e-14
4	52222	3.335210376096	1.0000002e-14
4	52229	3.336173967844	1.0000002e-14
4	52233	3.33622823547	1.0000002e-14
4	52249	3.337164822055	1.0000002e-14
4	52253	3.337187440414	1.0000002e-14
4	52260	3.338166197718	1.0000002e-14
4	52264	3.338222217807	1.0000002e-14
4	52280	3.33914222556	1.0000002e-14
4	52284	3.339178380594	1.0000002e-14
4	52291	3.34013499296	1.0000002e-14
4	52295	3.340194344505	1.0000002e-14
4	52311	3.341125434123	1.0000002e-14
4	52318	3.341233686668	1.0000002e-14
4	52325	3.342173729805	1.0000002e-14
4	52329	3.342190328999	1.0000002e-14
4	52345	3.343181148058	1.0000002e-14
4	52349	3.3432334065	1.0000002e-14
4	52356	3.344140312096	1.0000002e-14
4	52360	3.344247609733	1.0000002e-14
4	52376	3.345111106782	1.0000002e-14
4	52380	3.345251669385	1.0000002e-14
4	52387	3.346067118464	9.1177297568878e-14
4	52391	3.346269111242	1.0000002e-14
4	52407	3.347083975859	1.0000002e-14
4	52411	3.34724140313	1.0099247948279e-12
4	52418	3.348125170201	1.0000002e-14
4	52422	3.348195699749	1.0000002e-14
4	52438	3.349088164107	1.0000002e-14
4	52442	3.34921724922	1.0000002e-14
4	52449	3.350083871742	1.0000002e-14
4	52453	3.350242900622	1.0000002e-14
4	52469	3.351058779579	1.0000002e-14
4	52473	3.351234744535	1.0000002e-14
4	52480	3.352041584237	1.0000002e-14
4	52484	3.352244574873	1.0000002e-14
4	52497	3.352996023589	1.0000002e-14
4	52504	3.353211940157	1.0000002e-14
4	52511	3.353966751019	1.0000002e-14
4	52515	3.354221736085	1.0000002e-14
4	52528	3.354939242353	1.0000002e-14
4	52535	3.355216627782	1.0000002e-14
4	52542	3.355921163206	1.0000002e-14
4	52549	3.356235752389	1.0000002e-14
4	52559	3.356935089678	1.0000002e-14
4	52566	3.357262289611	1.0000002e-14
4	52573	3.357915748257	1.0000002e-14
4	52580	3.358244823236	1.0000002e-14
4	52590	3.358912219186	1.0000002e-14
4	52597	3.359203849393	1.0000002e-14
4	52604	3.359865234141	1.0000002e-14
4	52614	3.360190261618	1.0000002e-14
4	52624	3.360905683603	1.0000002e-14
4	52631	3.361148380935	1.0000002e-14
4	52638	3.361876653129	1.0000002e-14
4	52642	3.362147779138	1.0000002e-14
4	52652	3.362834503209	1.0000002e-14
4	52662	3.363177108566	1.0000002e-14
4	52666	3.363790420336	1.0000002e-14
4	52673	3.364150811634	1.0000002e-14
4	52683	3.364774722303	7.86443615149e-12
4	52693	3.365134488609	1.0000002e-14
4	52697	3.365736176415	1.0000002e-14
4	52704	3.3661429348	1.0000002e-14
4	52714	3.366711301294	1.0000002e-14
4	52724	3.367153593024	1.0000002e-14
4	52728	3.367692055929	1.0000002e-14
4	52735	3.36810593259	1.0000002e-14
4	52748	3.368715667455	1.0000002e-14
4	52755	3.369085112774	1.0000002e-14
4	52759	3.369681609537	1.0000002e-14
4	52766	3.370056667139	1.0000002e-14
4	52776	3.370662155387	1.0000002e-14
4	52786	3.371034861117	1.0000002e-14
4	52790	3.371643396338	1.0000002e-14
4	52797	3.371990954049	1.0000002e-14
4	52804	3.372678494561	1.0000002e-14
4	52817	3.372975735044	1.0000002e-14
4	52821	3.373698463154	1.0000002e-14
4	52828	3.374003150309	1.0000002e-14
4	52838	3.374717747962	1.0000002e-14
4	52845	3.375031467018	1.0000002e-14
4	52855	3.37576705179	1.0000002e-14
4	52859	3.376068974039	1.0000002e-14
4	52869	3.376742232826	1.0000002e-14
4	52879	3.377065902034	1.0000002e-14
4	52886	3.377735171925	1.0000002e-14
4	52890	3.378049356403	1.0000002e-14
4	52897	3.37877732692	1.0000002e-14
4	52910	3.379011289366	1.0000002e-14
4	52917	3.37974082454	1.0000002e-14
4	52921	3.38003448333	1.0000002e-14
4	52931	3.380734738424	1.0455756700542e-14
4	52941	3.381002415983	1.0000002e-14
4	52951	3.381724541657	1.0000002e-14
4	52955	3.382037543424	1.0000002e-14
4	52962	3.38271208255	1.0000002e-14
4	52975	3.383077112814	1.0000002e-14
4	52982	3.383733262607	1.0000002e-14
4	52986	3.384055201894	1.0000002e-14
4	52990	3.384713270517	1.0000002e-14
4	53006	3.38510390504	1.0000002e-14
4	53013	3.385720603516	1.0000002e-14
4	53017	3.386146032361	1.0000002e-14
4	53021	3.38671084316	1.0000002e-14
4	53037	3.387146366183	1.0000002e-14
4	53041	3.387743151868	1.0000002e-14
4	53048	3.388190643757	1.0000002e-14
4	53052	3.388696166008	1.0000002e-14
4	53068	3.389153743768	1.0000002e-14
4	53072	3.389647653351	1.0000002e-14
4	53079	3.390139475622	1.0000002e-14
4	53089	3.390640699996	1.0000002e-14
4	53099	3.391144427361	1.0000002e-14
4	53103	3.391595228727	1.0000002e-14
4	53110	3.392173829515	1.0000002e-14
4	53120	3.392600672268	1.0000002e-14
4	53130	3.393176526243	1.0000002e-14
4	53134	3.39364761497	1.0000002e-14
4	53141	3.394162226426	1.0000002e-14
4	53151	3.394602556755	1.0000002e-14
4	53161	3.395154571792	1.0000002e-14
4	53165	3.395626428725	1.0000002e-14
4	53172	3.396170020472	1.0000002e-14
4	53182	3.396606963087	1.0000002e-14
4	53192	3.39721188066	1.0000002e-14
4	53196	3.397562609908	1.0000002e-14
4	53203	3.398172158854	1.0000002e-14
4	53213	3.398603095267	1.0000002e-14
4	53223	3.399155128553	1.0000002e-14
4	53227	3.399608992766	1.0000002e-14
4	53234	3.40013882661	1.0000002e-14
4	53247	3.400563531639	1.0000002e-14
4	53257	3.401124018649	1.0000002e-14
4	53261	3.401519651726	1.0000002e-14
4	53268	3.402078475525	1.0000002e-14
4	53278	3.402511465373	1.0000002e-14
4	53288	3.403075340734	1.0000002e-14
4	53292	3.403503636266	1.0000002e-14
4	53299	3.404079799235	1.0000002e-14
4	53312	3.40453513898	1.0000002e-14
4	53319	3.405055086805	1.0000002e-14
4	53323	3.405540407651	1.0000002e-14
4	53333	3.40601790168	1.0000002e-14
4	53340	3.406532867199	1.0000002e-14
4	53350	3.406986253811	1.0000002e-14
4	53354	3.407580828085	1.0000002e-14
4	53358	3.40795728456	1.0000002e-14
4	53371	3.408614091565	1.0000002e-14
4	53381	3.408912192606	1.0000002e-14
4	53385	3.409627016826	1.0000002e-14
4	53392	3.409937374925	1.0000002e-14
4	53402	3.410670859518	1.0000002e-14
4	53412	3.410979052815	1.0000002e-14
4	53416	3.411695492065	1.0000002e-14
4	53423	3.411980831257	1.0000002e-14
4	53436	3.412696964242	1.0000002e-14
4	53443	3.412969610836	1.0000002e-14
4	53447	3.413653308835	1.0000002e-14
4	53451	3.414013356593	1.0000002e-14
4	53464	3.414661343344	1.0000002e-14
4	53471	3.414966606133	1.0000002e-14
4	53478	3.4156304391	1.0000002e-14
4	53482	3.415996164048	1.0000002e-14
4	53495	3.416629115422	1.0000002e-14
4	53502	3.417024706738	1.0000002e-14
4	53509	3.417613297908	1.0000002e-14
4	53513	3.418005248164	1.0000002e-14
4	53526	3.418586026169	1.0000002e-14
4	53533	3.418986115426	1.0000002e-14
4	53540	3.419560344828	1.0000002e-14
4	53547	3.420027128424	1.0000002e-14
4	53560	3.420540933518	1.0000002e-14
4	53567	3.421042576756	1.9743823810766e-06
4	53574	3.421521641901	1.0000002e-14
4	53581	3.422085898608	1.0000002e-14
4	53591	3.422474299348	1.554337161569e-12
4	53598	3.423054732591	1.0000002e-14
4	53605	3.423437093494	1.0000002e-14
4	53612	3.424028855205	1.0000002e-14
4	53622	3.42443316599	1.0000002e-14
4	53629	3.425025749398	1.7404412788573e-14
4	53636	3.425430809076	1.0000002e-14
4	53643	3.426032378043	1.0000002e-14
4	53653	3.426392518976	1.0000002e-14
4	53660	3.426993319264	1.0000002e-14
4	53667	3.427403793626	1.0000002e-14
4	53674	3.427959984982	1.0000002e-14
4	53681	3.428452224889	1.0000002e-14
4	53688	3.428999668652	1.0000002e-14
4	53698	3.429443389291	1.0000002e-14
4	53705	3.430041175441	1.0000002e-14
4	53715	3.430469567567	1.0000002e-14
4	53719	3.430996778886	5.5524731504646e-14
4	53726	3.431423904489	1.0000002e-14
4	53733	3.432037953	1.0000002e-14
4	53743	3.432435573812	1.0000002e-14
4	53750	3.433013123155	1.0000002e-14
4	53757	3.433427656869	1.0000002e-14
4	53764	3.434023952744	1.0000002e-14
4	53774	3.43438374888	1.0000002e-14
4	53781	3.435032506222	1.0000002e-14
4	53788	3.435359647915	1.0000002e-14
4	53795	3.435993430104	1.0000002e-14
4	53805	3.436340694976	1.0000002e-14
4	53812	3.437020868096	1.0000002e-14
4	53819	3.437365687442	1.0000002e-14
4	53826	3.437997340115	1.0000002e-14
4	53836	3.438396627623	1.0068867517597e-14
4	53843	3.439004593927	1.0000002e-14
4	53850	3.439425704708	1.0000002e-14
4	53860	3.440040448916	1.0000002e-14
4	53870	3.440469648639	1.0000002e-14
4	53877	3.441074944175	1.0000002e-14
4	53887	3.441474189874	1.0000002e-14
4	53891	3.442077886889	1.0000002e-14
4	53901	3.442480836728	1.0000002e-14
4	53908	3.443040423213	1.0000002e-14
4	53918	3.443447627568	1.0000002e-14
4	53922	3.44401926381	1.0000002e-14
4	53935	3.444449812503	1.0000002e-14
4	53939	3.445020386143	1.0000002e-14
4	53949	3.445422831746	1.0000002e-14
4	53953	3.44605019918	1.0000002e-14
4	53966	3.44643731885	1.0000002e-14
4	53973	3.447076129249	1.0000002e-14
4	53980	3.447471470706	1.0000002e-14
4	53984	3.448072727721	1.0000002e-14
4	53997	3.448487399133	1.0000002e-14
4	54004	3.449036987417	1.0000002e-14
4	54011	3.449532640531	1.0000002e-14
4	54015	3.449987828247	1.0000002e-14
4	54028	3.450553935653	1.0000002e-14
4	54032	3.451020184378	1.0000002e-14
4	54042	3.451542282584	1.0000002e-14
4	54046	3.452064021671	1.0000002e-14
4	54059	3.452498050418	1.0000002e-14
4	54066	3.453055375662	1.0000002e-14
4	54073	3.453492539659	2.1352988014691e-10
4	54077	3.454081499374	1.0000002e-14
4	54090	3.454532069079	1.0000002e-14
4	54097	3.455053515413	1.0000002e-14
4	54104	3.455495175684	1.0000002e-14
4	54108	3.456032788841	1.7733650480101e-13
4	54121	3.456520662178	1.0000002e-14
4	54128	3.457012117782	1.0000002e-14
4	54135	3.457478803784	1.0000002e-14
4	54139	3.457965577946	1.0000002e-14
4	54152	3.458481785813	1.0000002e-14
4	54159	3.459000854438	1.0000002e-14
4	54166	3.459436718386	4.3549808516919e-13
4	54170	3.460013599344	1.0000002e-14
4	54183	3.460419683881	1.0000002e-14
4	54193	3.461000604128	1.0000002e-14
4	54197	3.461391315422	1.0000002e-14
4	54204	3.46200355897	1.0000002e-14
4	54214	3.462428831447	1.0000002e-14
4	54221	3.462994319807	1.0000002e-14
4	54231	3.463453176258	1.0000002e-14
4	54235	3.464031831761	1.0000002e-14
4	54242	3.464416823765	1.0000002e-14
4	54252	3.465033708426	1.0000002e-14
4	54262	3.465419196871	1.0000002e-14
4	54266	3.466047321958	1.0000002e-14
4	54273	3.466403294336	1.0000002e-14
4	54283	3.467059328585	1.0000002e-14
4	54293	3.467366400941	1.0000002e-14
4	54297	3.46801214549	1.0000002e-14
4	54304	3.468370938706	1.0000002e-14
4	54314	3.469055322139	6.7147717795165e-12
4	54318	3.469385347992	1.0000002e-14
4	54328	3.470065887307	1.0000002e-14
4	54332	3.470432469486	1.0000002e-14
4	54345	3.471029237543	1.0000002e-14
4	54352	3.47144011011	1.0000002e-14
4	54359	3.472000648591	1.0000002e-14
4	54366	3.472475830785	1.0000002e-14
4	54376	3.473013978768	1.0000002e-14
4	54386	3.473479202949	1.0000002e-14
4	54390	3.474010480661	1.0000002e-14
4	54394	3.474469655525	1.0000002e-14
4	54407	3.475026112407	1.0000002e-14
4	54417	3.4754292836	1.0000002e-14
4	54421	3.476056094841	1.0000002e-14
4	54425	3.476387919194	1.0000002e-14
4	54438	3.477015577688	1.0000002e-14
4	54448	3.477390270217	1.0000002e-14
4	54452	3.478029993819	1.0000002e-14
4	54456	3.478377666873	1.0000002e-14
4	54469	3.479076880652	1.0000002e-14
4	54479	3.479371533752	1.0000002e-14
4	54483	3.48007896592	1.0000002e-14
4	54490	3.4804158434	1.0000002e-14
4	54503	3.481052161664	1.0000002e-14
4	54513	3.481462924826	1.0000002e-14
4	54517	3.482085483754	1.0000002e-14
4	54527	3.482507891195	1.0000002e-14
4	54534	3.483108413655	1.0000002e-14
4	54544	3.483480263437	1.0000002e-14
4	54548	3.484089350099	1.0000002e-14
4	54555	3.484509298515	1.5368600582536e-14
4	54565	3.485089918793	7.0558193401692e-13
4	54575	3.485521643452	1.0000002e-14
4	54579	3.48610687996	1.0000002e-14
4	54589	3.486473248385	1.0000002e-14
4	54599	3.487133517427	1.0000002e-14
4	54603	3.487488458742	1.0000002e-14
4	54610	3.488161365366	1.271515264537e-08
4	54620	3.488462438475	1.0000002e-14
4	54630	3.489180968806	1.0000002e-14
4	54634	3.489507192491	1.0000002e-14
4	54644	3.490188381748	1.0518756171126e-12
4	54651	3.490457272892	1.0000002e-14
4	54661	3.491213811203	1.0000002e-14
4	54665	3.491451698159	1.0000002e-14
4	54678	3.492205793831	1.0000002e-14
4	54685	3.492454728086	7.2534989445721e-14
4	54692	3.49319247023	1.0000002e-14
4	54696	3.493456760628	9.9184808305999e-14
4	54709	3.494238355823	1.0000002e-14
4	54713	3.494427813325	1.0000002e-14
4	54723	3.495252736283	1.0000002e-14
4	54727	3.495458846964	1.0000002e-14
4	54740	3.496272400663	1.0000002e-14
4	54744	3.496424943451	1.0000002e-14
4	54754	3.497252591917	1.0000002e-14
4	54758	3.497435156048	1.0000002e-14
4	54771	3.498299472943	1.0000002e-14
4	54775	3.498401175228	1.0000002e-14
4	54785	3.49934481743	1.0000002e-14
4	54789	3.499448045376	1.0000002e-14
4	54801	3.500381538237	1.0000002e-14
4	54805	3.500428272583	6.6290969737646e-07
4	54821	3.501411632712	1.0000002e-14
4	54825	3.501411716842	1.0000002e-14
4	54838	3.502445058526	1.0000002e-14
4	54842	3.502456460411	1.0000002e-14
4	54852	3.503422434287	1.0000002e-14
4	54856	3.503429521149	1.9912028116203e-13
4	54869	3.504448748227	1.0000002e-14
4	54873	3.504450907704	1.0000002e-14
4	54883	3.505434870872	1.0000002e-14
4	54887	3.505437114693	1.0000002e-14
4	54900	3.506464154858	1.0000002e-14
4	54904	3.506476454545	1.0000002e-14
4	54914	3.507501426551	1.0000002e-14
4	54918	3.507512951556	1.0000002e-14
4	54931	3.508472725164	1.0000002e-14
4	54935	3.508475339979	1.0000002e-14
4	54945	3.50945480049	1.0000002e-14
4	54952	3.509466866898	1.0000002e-14
4	54962	3.510427896531	1.0000002e-14
4	54966	3.51051138386	1.0000002e-14
4	54976	3.511383532825	1.0000002e-14
4	54980	3.511522387264	1.0000002e-14
4	54990	3.512363247813	1.0000002e-14
4	54997	3.512550891175	1.0000002e-14
4	55007	3.513336797358	1.0000002e-14
4	55011	3.513598348371	1.0000002e-14
4	55024	3.51430302631	1.0000002e-14
4	55028	3.514570753685	1.0000002e-14
4	55038	3.515264083983	3.9591871396448e-09
4	55045	3.515591262647	1.0000002e-14
4	55055	3.516264023132	1.0000002e-14
4	55062	3.516612576344	1.0000002e-14
4	55069	3.517305763465	1.0000002e-14
4	55079	3.517656519128	1.0000002e-14
4	55086	3.518335727131	1.0000002e-14
4	55093	3.518625656487	1.0000002e-14
4	55103	3.519294203567	1.0000002e-14
4	55107	3.519636025937	1.0000002e-14
4	55120	3.520272652835	1.0000002e-14
4	55127	3.520673412384	1.0000002e-14
4	55137	3.521278564537	1.0000002e-14
4	55141	3.521682602899	1.0000002e-14
4	55151	3.522256305363	1.0000002e-14
4	55158	3.522705507527	1.0000002e-14
4	55168	3.523255275542	1.0000002e-14
4	55172	3.523729623552	1.0000002e-14
4	55182	3.524257420423	1.0000002e-14
4	55189	3.524704644141	1.0000002e-14
4	55196	3.5252371897	1.0000002e-14
4	55203	3.525675126457	1.0000002e-14
4	55213	3.526272332798	8.8110193366036e-10
4	55220	3.52669079632	5.8772626282198e-06
4	55230	3.527268331346	1.0000002e-14
4	55234	3.527684036715	1.0000002e-14
4	55244	3.528300042715	1.0000002e-14
4	55251	3.528642776283	1.0000002e-14
4	55261	3.529323312662	1.0000002e-14
4	55265	3.529686783043	1.0000002e-14
4	55275	3.530324250306	1.0000002e-14
4	55282	3.530642753182	1.0000002e-14
4	55289	3.531319197166	1.0000002e-14
4	55296	3.531677500698	1.0000002e-14
4	55306	3.532281381532	1.0000002e-14
4	55316	3.53269944815	1.0000002e-14
4	55323	3.533293686322	1.0000002e-14
4	55327	3.533727918619	1.0000002e-14
4	55337	3.53427045138	1.0000002e-14
4	55344	3.534768137846	3.5598102115924e-14
4	55351	3.535224794347	4.2399623524891e-13
4	55358	3.535746756978	1.0000002e-14
4	55368	3.536211428592	1.0000002e-14
4	55375	3.536758453755	1.0000002e-14
4	55382	3.537173474912	1.2327931239306e-14
4	55389	3.537747929881	1.0000002e-14
4	55399	3.538175669693	1.0000002e-14
4	55406	3.538792000373	1.0000002e-14
4	55413	3.539217523435	1.0000002e-14
4	55429	3.539800734198	1.0000002e-14
4	55433	3.540205655013	1.0000002e-14
4	55440	3.54082219442	1.0000002e-14
4	55447	3.541177322517	1.0000002e-14
4	55460	3.541837407882	1.0000002e-14
4	55464	3.542211376118	1.0000002e-14
4	55474	3.542812577579	1.0000002e-14
4	55478	3.543220082226	1.0000002e-14
4	55488	3.543769462836	2.028573296114e-11
4	55495	3.544206112925	1.0000002e-14
4	55505	3.544743430045	1.0000002e-14
4	55509	3.545175699598	1.0000002e-14
4	55516	3.545718497685	1.0000002e-14
4	55526	3.546141817688	1.0000002e-14
4	55533	3.546675082705	1.0000002e-14
4	55540	3.547149253097	1.0000002e-14
4	55547	3.547628577091	1.0000002e-14
4	55557	3.548144294123	1.0000002e-14
4	55564	3.548617932292	1.0000002e-14
4	55571	3.549111098108	1.0000002e-14
4	55581	3.549648467201	1.0000002e-14
4	55588	3.550108235964	1.0000002e-14
4	55595	3.550649051696	1.0000002e-14
4	55602	3.551096069201	1.0000002e-14
4	55612	3.551661408191	1.0000002e-14
4	55619	3.552090656414	1.0000002e-14
4	55626	3.552681723425	1.0000002e-14
4	55633	3.553060992205	1.0000002e-14
4	55643	3.553674575726	1.0000002e-14
4	55650	3.554070992127	1.0000002e-14
4	55657	3.554717365344	1.0000002e-14
4	55664	3.555024946096	1.0000002e-14
4	55674	3.555678232145	1.0000002e-14
4	55681	3.556006313768	1.0000002e-14
4	55688	3.556680379804	1.0000002e-14
4	55692	3.556956672505	1.0000002e-14
4	55708	3.557631437178	1.0000002e-14
4	55712	3.557965863202	1.0000002e-14
4	55719	3.558645796359	1.0000002e-14
4	55726	3.558942174007	1.0000002e-14
4	55742	3.559675224933	1.0000002e-14
4	55746	3.559944559628	1.0000002e-14
4	55756	3.560706646717	1.0000002e-14
4	55760	3.560981925517	1.0000002e-14
4	55773	3.561688402327	1.0000002e-14
4	55777	3.561937135512	1.0000002e-14
4	55784	3.562640586237	1.0000002e-14
4	55791	3.562910132113	1.0000002e-14
4	55801	3.563602123061	1.0000002e-14
4	55808	3.563883751968	1.0000002e-14
4	55815	3.564601241853	1.0000002e-14
4	55822	3.564861015814	1.0000002e-14
4	55835	3.565593657763	1.0000002e-14
4	55839	3.565828072706	1.0000002e-14
4	55846	3.566589306712	1.0000002e-14
4	55850	3.566867867808	1.0000002e-14
4	55863	3.567592658379	1.0000002e-14
4	55870	3.567829639932	1.0000002e-14
4	55877	3.56854318746	1.0000002e-14
4	55881	3.568781748045	1.0000002e-14
4	55891	3.569578986458	1.0000002e-14
4	55901	3.569822357642	1.0000002e-14
4	55908	3.570605049141	1.0000002e-14
4	55912	3.570843376598	1.0000002e-14
4	55928	3.571628684513	1.0000002e-14
4	55932	3.571826026621	1.0000002e-14
4	55939	3.572628571393	6.9416211830768e-13
4	55943	3.572874102615	2.6407822578646e-11
4	55959	3.573666892967	1.0000002e-14
4	55966	3.573912700196	1.0000002e-14
4	55970	3.574632124252	6.9046319396349e-10
4	55974	3.574945905603	1.0000002e-14
4	55987	3.575586598757	1.0000002e-14
4	55994	3.575948519433	1.0000002e-14
4	56001	3.57660462607	1.0000002e-14
4	56008	3.576989824699	1.0000002e-14
4	56018	3.577635980845	1.0000002e-14
4	56028	3.578018424144	1.0000002e-14
4	56032	3.578627101915	1.0000002e-14
4	56039	3.579054304327	1.0000002e-14
4	56049	3.579636914669	7.8606829904855e-13
4	56062	3.580102251751	1.0817080374568e-14
4	56066	3.580675317726	1.0000002e-14
4	56073	3.58107398951	1.0000002e-14
4	56083	3.581677151893	3.1228419284492e-13
4	56093	3.582024937765	1.0000002e-14
4	56097	3.582651803032	1.0000002e-14
4	56104	3.58300997208	1.0000002e-14
4	56111	3.583638651577	1.0000002e-14
4	56124	3.583991445781	1.0000002e-14
4	56128	3.584655675653	1.0000002e-14
4	56132	3.58494763236	1.0000002e-14
4	56142	3.585647573753	1.0000002e-14
4	56155	3.585960127029	1.0000002e-14
4	56159	3.586693969334	1.0000002e-14
4	56166	3.587009352208	1.0000002e-14
4	56176	3.587676488808	1.0000002e-14
4	56186	3.588043795231	1.0000002e-14
4	56190	3.58867824961	1.0000002e-14
4	56197	3.589050876701	1.0000002e-14
4	56210	3.589698904693	1.0000002e-14
4	56217	3.590098267123	1.0000002e-14
4	56221	3.590695478732	1.0000002e-14
4	56225	3.59109537678	1.0000002e-14
4	56241	3.591745116243	1.0000002e-14
4	56248	3.592131834183	1.0000002e-14
4	56252	3.592759388702	5.6182168141858e-09
4	56256	3.593179059761	1.0000002e-14
4	56272	3.593737321333	1.0000002e-14
4	56279	3.594179356973	1.0000002e-14
4	56283	3.594772272897	1.0000002e-14
4	56287	3.595156018815	1.0000002e-14
4	56303	3.595746237706	1.0000002e-14
4	56310	3.596115959399	1.0000002e-14
4	56314	3.59669876483	1.0000002e-14
4	56318	3.597161525952	1.0000002e-14
4	56334	3.597682288525	1.0000002e-14
4	56341	3.598138583099	1.0000002e-14
4	56345	3.598682859672	1.0000002e-14
4	56349	3.599090365008	1.0000002e-14
4	56362	3.599712512136	1.0000002e-14
4	56375	3.600064224006	1.0000002e-14
4	56379	3.600692640883	1.0000002e-14
4	56383	3.601056469276	1.0000002e-14
4	56396	3.601663941214	1.0000002e-14
4	56406	3.602102377009	1.0000002e-14
4	56410	3.602639881259	1.0000002e-14
4	56414	3.603058086789	1.0000002e-14
4	56424	3.603645673757	8.1283154184489e-12
4	56437	3.604107673911	1.0000002e-14
4	56441	3.604672846439	1.0000002e-14
4	56445	3.605084196051	1.0000002e-14
4	56458	3.605666015379	1.0000002e-14
4	56468	3.606122751971	1.0000002e-14
4	56472	3.606628864087	1.0000002e-14
4	56476	3.607093646969	1.0000002e-14
4	56486	3.607656935397	1.0000002e-14
4	56499	3.608050962988	1.0000002e-14
4	56503	3.608677904691	1.0000002e-14
4	56507	3.609046167731	1.0000002e-14
4	56520	3.609634800376	1.0000002e-14
4	56530	3.610085135565	1.0000002e-14
4	56534	3.610634828195	1.0000002e-14
4	56538	3.611073278313	1.0000002e-14
4	56548	3.61161061059	1.0000002e-14
4	56561	3.61204831777	1.0000002e-14
4	56565	3.61257444037	1.0000002e-14
4	56569	3.613005023618	1.0000002e-14
4	56576	3.613593267517	1.0000002e-14
4	56592	3.614015110638	1.0000002e-14
4	56596	3.614629628893	1.0000002e-14
4	56600	3.614974304646	1.0000002e-14
4	56610	3.615611018598	1.0000002e-14
4	56620	3.615946676982	1.0000002e-14
4	56627	3.616611795166	1.0000002e-14
4	56631	3.616950292523	1.0000002e-14
4	56641	3.6175760234	1.0000002e-14
4	56651	3.617961398899	1.0000002e-14
4	56658	3.618563462075	1.0000002e-14
4	56662	3.61900334416	1.0000002e-14
4	56672	3.619574643653	1.0000002e-14
4	56685	3.620007585077	1.0000002e-14
4	56692	3.620534615313	1.0000002e-14
4	56696	3.62101200177	1.0000002e-14
4	56703	3.621537309223	1.0000002e-14
4	56716	3.622047340307	1.0000002e-14
4	56723	3.622488565768	1.0000002e-14
4	56727	3.623001927097	1.0000002e-14
4	56734	3.623456329708	1.0000002e-14
4	56747	3.624051458594	1.0000002e-14
4	56754	3.624480524817	1.0000002e-14
4	56758	3.625071774593	1.0000002e-14
4	56765	3.62550143215	1.0000002e-14
4	56778	3.626108543957	1.0000002e-14
4	56785	3.626501518255	2.7860859576464e-14
4	56789	3.627102592729	1.0000002e-14
4	56796	3.627480314609	1.0000002e-14
4	56809	3.628147820053	3.1060012536731e-13
4	56816	3.62852070587	1.0000002e-14
4	56823	3.629193670999	1.0000002e-14
4	56827	3.629488021705	1.0000002e-14
4	56840	3.630218571545	1.0000002e-14
4	56847	3.630517843646	1.0000002e-14
4	56854	3.631230052915	1.0000002e-14
4	56858	3.631506523453	1.0000002e-14
4	56874	3.632269171444	1.0000002e-14
4	56878	3.632532047891	1.0000002e-14
4	56885	3.633226810418	1.0000002e-14
4	56889	3.633506208601	1.0000002e-14
4	56905	3.634218376691	1.0000002e-14
4	56909	3.634497713087	1.0000002e-14
4	56916	3.635172409736	1.0000002e-14
4	56920	3.635451462266	1.0000002e-14
4	56936	3.63615399651	2.8346711566249e-14
4	56940	3.636489866879	1.0000002e-14
4	56947	3.637131386176	1.0000002e-14
4	56951	3.637527390224	1.0000002e-14
4	56964	3.638125971802	1.0000002e-14
4	56971	3.638549449933	1.0000002e-14
4	56978	3.639114475394	1.0000002e-14
4	56982	3.639531525105	1.0000002e-14
4	56998	3.640079994106	1.0000002e-14
4	57008	3.640517890934	1.0000002e-14
4	57012	3.641128307404	1.0000002e-14
4	57019	3.641553947786	1.0000002e-14
4	57029	3.642161546337	1.0000002e-14
4	57039	3.64253448944	1.0000002e-14
4	57043	3.643180325458	1.0000002e-14
4	57047	3.643515692755	1.0000002e-14
4	57063	3.644199082388	1.0000002e-14
4	57070	3.644542388068	1.0000002e-14
4	57074	3.645160465561	1.0000002e-14
4	57078	3.645502766817	1.0000002e-14
4	57091	3.646173938907	1.0000002e-14
4	57098	3.646458070813	1.1887986273511e-11
4	57105	3.647209535014	1.0000002e-14
4	57112	3.64748778788	1.0000002e-14
4	57122	3.648199965205	1.0000002e-14
4	57132	3.648475415115	3.0908635526813e-11
4	57136	3.649213257443	1.0000002e-14
4	57140	3.649478921892	1.0000002e-14
4	57153	3.650246777698	1.0000002e-14
4	57160	3.650511177857	1.0000002e-14
4	57167	3.651219544804	1.0000002e-14
4	57171	3.651507120083	2.2854858927658e-14
4	57184	3.652261050758	1.0000002e-14
4	57194	3.652553251409	1.0000002e-14
4	57198	3.653224192393	1.0000002e-14
4	57205	3.653576226346	1.0000002e-14
4	57215	3.654181819184	1.0000002e-14
4	57225	3.654621144481	1.0000002e-14
4	57229	3.655132929185	1.0000002e-14
4	57239	3.655584741031	1.0000002e-14
4	57246	3.656165247409	1.0000002e-14
4	57253	3.656617452837	1.0000002e-14
4	57260	3.657187001218	1.0000002e-14
4	57267	3.657596513946	1.0000002e-14
4	57277	3.658200792847	1.0000002e-14
4	57284	3.658562408781	1.0000002e-14
4	57291	3.659238207449	1.0000002e-14
4	57301	3.659600641189	1.0000002e-14
4	57311	3.660197933929	1.0000002e-14
4	57318	3.660586001233	1.0000002e-14
4	57325	3.661195202219	1.0000002e-14
4	57335	3.661611190727	1.0000002e-14
4	57342	3.662217359336	1.0000002e-14
4	57349	3.662608913671	1.0000002e-14
4	57356	3.663261056784	1.0000002e-14
4	57366	3.663575489524	1.0000002e-14
4	57373	3.664233739041	1.0000002e-14
4	57380	3.664538307846	1.0000002e-14
4	57387	3.665188400895	1.0000002e-14
4	57397	3.665515588804	1.0000002e-14
4	57404	3.666228042821	1.0000002e-14
4	57411	3.666522338588	1.0000002e-14
4	57418	3.667196485444	4.121436026065e-13
4	57425	3.667480610572	1.0000002e-14
4	57435	3.668211304532	1.0000002e-14
4	57442	3.66843553726	1.485984056684e-13
4	57446	3.6691900814	1.0000002e-14
4	57453	3.669413230496	1.0000002e-14
4	57466	3.670205983891	1.0000002e-14
4	57470	3.670394188212	1.0000002e-14
4	57477	3.671225390178	1.0000002e-14
4	57484	3.671377489975	1.0000002e-14
4	57497	3.672238731512	1.0000002e-14
4	57501	3.672424992687	1.0000002e-14
4	57511	3.673248405859	1.0000002e-14
4	57515	3.673386325015	1.0000002e-14
4	57528	3.674222157588	1.0000002e-14
4	57532	3.674365334275	1.0000002e-14
4	57542	3.675207026527	1.0000002e-14
4	57546	3.675332102543	1.0000002e-14
4	57559	3.676186800455	1.0000002e-14
4	57563	3.676361151481	1.0000002e-14
4	57573	3.677167045765	1.0000002e-14
4	57577	3.67731141792	1.0000002e-14
4	57590	3.678138276994	1.0000002e-14
4	57594	3.678304806386	1.0000002e-14
4	57601	3.679135693212	1.0000002e-14
4	57608	3.679301858893	1.0000002e-14
4	57624	3.68009122659	1.0000002e-14
4	57628	3.68025639041	1.0000002e-14
4	57635	3.681116272489	1.0000002e-14
4	57645	3.681306006506	1.3809716505433e-13
4	57655	3.682106314504	1.0000002e-14
4	57659	3.682313280565	1.0000002e-14
4	57666	3.683066208864	1.0000002e-14
4	57673	3.68329320068	1.0000002e-14
4	57686	3.684054283619	1.1661036247403e-14
4	57690	3.684275611061	1.0000002e-14
4	57697	3.685078016739	1.0000002e-14
4	57704	3.685265016821	1.0000002e-14
4	57717	3.686060625082	1.0000002e-14
4	57724	3.686244039423	1.0000002e-14
4	57734	3.687110585163	1.0000002e-14
4	57741	3.687283396272	1.0000002e-14
4	57748	3.688133920623	1.0000002e-14
4	57752	3.688325364336	1.0000002e-14
4	57762	3.689156041738	1.0000002e-14
4	57772	3.689362846883	1.0000002e-14
4	57782	3.690198797999	1.0000002e-14
4	57786	3.690409810435	1.0000002e-14
4	57793	3.691165141256	1.0000002e-14
4	57803	3.691373880169	1.0000002e-14
4	57813	3.692134206317	1.0000002e-14
4	57817	3.692342151156	1.0000002e-14
4	57821	3.693126047253	1.0000002e-14
4	57831	3.693339001987	1.0000002e-14
4	57841	3.694089259707	1.0000002e-14
4	57848	3.694315233883	1.0000002e-14
4	57852	3.695110439418	1.0000002e-14
4	57859	3.695288842382	1.0000002e-14
4	57872	3.696143839305	1.0000002e-14
4	57879	3.696244370011	1.0000002e-14
4	57883	3.697167611588	1.0000002e-14
4	57887	3.69723025365	1.0000002e-14
4	57903	3.698128876657	1.0000002e-14
4	57907	3.698186569062	1.0000002e-14
4	57914	3.699129215031	1.0000002e-14
4	57918	3.699208131558	1.0000002e-14
4	57937	3.700165629525	1.0000002e-14
4	57941	3.700172429068	1.0000002e-14
4	57948	3.701148781047	1.0000002e-14
4	57952	3.701184681466	1.0000002e-14
4	57968	3.702141997667	1.0000002e-14
4	57972	3.702150216176	1.0000002e-14
4	57979	3.703141530072	1.0000002e-14
4	57983	3.703179050408	4.1143771221777e-12
4	57999	3.704163038156	1.0000002e-14
4	58003	3.704187369335	1.0000002e-14
4	58010	3.705163526318	1.0000002e-14
4	58014	3.705190455612	1.0000002e-14
4	58033	3.706193303387	1.0000002e-14
4	58037	3.706200647176	1.0000002e-14
4	58041	3.707168625519	1.0000002e-14
4	58045	3.707247369661	1.0000002e-14
4	58061	3.708186511849	1.0000002e-14
4	58068	3.708234187612	1.0000002e-14
4	58072	3.709190918851	1.0000002e-14
4	58076	3.70927607569	1.0000002e-14
4	58092	3.710214402817	1.0000002e-14
4	58096	3.710278553693	1.0000002e-14
4	58103	3.711210421309	1.0000002e-14
4	58107	3.711253282631	1.0000002e-14
4	58123	3.712196125541	1.0000002e-14
4	58127	3.712246785255	1.0000002e-14
4	58134	3.713203245736	1.0000002e-14
4	58138	3.713260918592	1.0000002e-14
4	58154	3.714202772727	1.0000002e-14
4	58158	3.714232004362	1.0000002e-14
4	58165	3.71518610314	1.0000002e-14
4	58169	3.715193670818	1.0000002e-14
4	58185	3.716171948854	1.0000002e-14
4	58189	3.716190226578	1.0000002e-14
4	58196	3.717122448059	1.0000002e-14
4	58200	3.717144862752	1.0000002e-14
4	58216	3.718103286565	1.0000002e-14
4	58220	3.718133752453	1.0000002e-14
4	58227	3.719078365464	1.0000002e-14
4	58231	3.719145137983	1.0000002e-14
4	58250	3.720096837997	1.0000002e-14
4	58254	3.720182416665	1.0000002e-14
4	58261	3.721096932937	1.0000002e-14
4	58268	3.721188499117	1.0000002e-14
4	58281	3.722068733763	2.6021958983867e-12
4	58285	3.722188994866	1.0000002e-14
4	58295	3.723105643978	1.0000002e-14
4	58302	3.723175310284	1.0000002e-14
4	58312	3.724083102405	1.0000002e-14
4	58316	3.724223193413	1.0000002e-14
4	58326	3.725048292655	1.0000002e-14
4	58330	3.72517802315	1.0000002e-14
4	58343	3.726094364001	1.0000002e-14
4	58350	3.726211271699	1.0000002e-14
4	58357	3.727062298742	1.0000002e-14
4	58361	3.727234495861	1.0000002e-14
4	58374	3.728013486243	1.0000002e-14
4	58381	3.728241489611	1.0000002e-14
4	58388	3.72905039887	1.0000002e-14
4	58395	3.729237891681	1.0000002e-14
4	58408	3.730073996799	1.0000002e-14
4	58412	3.73027010926	1.0000002e-14
4	58419	3.73105058797	1.0000002e-14
4	58426	3.731221561972	1.0000002e-14
4	58436	3.732037450785	1.0000002e-14
4	58443	3.732200342741	1.0000002e-14
4	58447	3.733002004735	1.0000002e-14
4	58457	3.733198383722	1.0000002e-14
4	58467	3.733991922158	1.0000002e-14
4	58474	3.734219219935	1.0000002e-14
4	58481	3.735025243184	1.0000002e-14
4	58485	3.735243577828	1.0000002e-14
4	58498	3.736047663564	4.0310881591389e-13
4	58505	3.736279090429	1.0000002e-14
4	58509	3.73703844129	1.0000002e-14
4	58516	3.737285494476	1.0000002e-14
4	58529	3.738040036245	1.0000002e-14
4	58536	3.738258015669	1.0000002e-14
4	58540	3.739053123471	1.0000002e-14
4	58544	3.739223048295	1.0000002e-14
4	58563	3.740072249261	2.7393260323281e-14
4	58570	3.740214554288	1.0000002e-14
4	58574	3.741115441911	1.0000002e-14
4	58581	3.741244922559	1.0000002e-14
4	58597	3.74209902251	1.0000002e-14
4	58601	3.742271106346	1.0000002e-14
4	58605	3.743074049708	1.0000002e-14
4	58609	3.74328545422	1.0000002e-14
4	58628	3.7440516504	1.0000002e-14
4	58632	3.744293520121	1.0000002e-14
4	58636	3.745041665688	1.0000002e-14
4	58646	3.745332592024	1.0000002e-14
4	58659	3.746006696173	1.0000002e-14
4	58663	3.746327046047	1.0000002e-14
4	58667	3.747011032209	1.0000002e-14
4	58674	3.747350979877	1.0000002e-14
4	58687	3.747980188344	1.0000002e-14
4	58694	3.748325045321	1.0000002e-14
4	58698	3.748939393592	1.0000002e-14
4	58708	3.749305731616	1.0000002e-14
4	58718	3.74992369218	1.0000002e-14
4	58727	3.750325052466	1.0000002e-14
4	58731	3.750896592765	1.0000002e-14
4	58744	3.751363898937	1.0000002e-14
4	58751	3.75186280391	1.0000002e-14
4	58758	3.752363310749	1.0000002e-14
4	58762	3.752820785791	1.0000002e-14
4	58772	3.75332804352	1.0000002e-14
4	58782	3.753863632204	1.0000002e-14
4	58789	3.754363390822	1.0000002e-14
4	58793	3.754894836334	1.0000002e-14
4	58800	3.755317287714	1.0000002e-14
4	58816	3.755910074884	1.0000002e-14
4	58820	3.756318268843	1.0000002e-14
4	58824	3.75687419413	1.0000002e-14
4	58831	3.757326920482	1.0000002e-14
4	58847	3.757905353212	1.0000002e-14
4	58851	3.758316756312	1.0000002e-14
4	58855	3.758945811824	1.0000002e-14
4	58865	3.759353066148	1.0000002e-14
4	58881	3.759938290963	1.0000002e-14
4	58885	3.760360636697	1.0000002e-14
4	58889	3.760899160375	1.0000002e-14
4	58902	3.761332744125	1.0000002e-14
4	58912	3.761867184918	1.0000002e-14
4	58916	3.762363473075	1.0000002e-14
4	58920	3.762875714006	4.5802970895244e-13
4	58933	3.763346792054	6.7675628435457e-09
4	58940	3.763866322682	1.0000002e-14
4	58947	3.764381494988	1.0000002e-14
4	58954	3.76486067317	6.5206399696919e-09
4	58964	3.765429853477	2.1684116734283e-14
4	58971	3.765845098092	1.0000002e-14
4	58978	3.766456175008	1.0000002e-14
4	58982	3.766809999837	1.0000002e-14
4	58995	3.767503703322	1.0000002e-14
4	59005	3.767842469147	1.0000002e-14
4	59009	3.768476888776	1.0000002e-14
4	59013	3.768801421136	1.0000002e-14
4	59026	3.769457256555	1.0000002e-14
4	59030	3.76976541138	4.113296395317e-11
4	59040	3.770420253022	1.0000002e-14
4	59044	3.770725893497	1.0000002e-14
4	59057	3.771386473991	2.0042904700115e-14
4	59061	3.771699779294	1.0000002e-14
4	59071	3.772384884551	1.0000002e-14
4	59075	3.772659764636	1.0000002e-14
4	59088	3.773356315407	1.0000002e-14
4	59095	3.773624575629	1.0000002e-14
4	59102	3.774389788844	1.0000002e-14
4	59106	3.774582129412	1.0000002e-14
4	59119	3.775413199603	1.0000002e-14
4	59126	3.775616201653	1.0000002e-14
4	59133	3.776456341734	1.0000002e-14
4	59137	3.776583440932	1.0000002e-14
4	59153	3.777493804596	1.0000002e-14
4	59157	3.777552558508	1.0000002e-14
4	59164	3.778463217189	1.0000002e-14
4	59168	3.778519027243	1.0000002e-14
4	59181	3.779420526863	1.0000002e-14
4	59191	3.779563079645	1.0000002e-14
4	59198	3.780394480029	1.0000002e-14
4	59205	3.780569799679	1.0000002e-14
4	59218	3.781398875834	1.0000002e-14
4	59222	3.781604983799	1.0000002e-14
4	59229	3.782413790062	1.0000002e-14
4	59236	3.782606066404	1.0000002e-14
4	59249	3.783458778543	2.3086496776818e-14
4	59253	3.783622836492	1.0000002e-14
4	59260	3.784442091724	1.0000002e-14
4	59267	3.784619048566	1.0000002e-14
4	59280	3.785461271252	1.0000002e-14
4	59287	3.785619480338	1.0000002e-14
4	59294	3.786427371785	1.0000002e-14
4	59298	3.786668313004	1.0000002e-14
4	59311	3.78738049306	1.0000002e-14
4	59315	3.787634535785	1.0000002e-14
4	59322	3.788358229703	1.0000002e-14
4	59329	3.788608665258	1.0000002e-14
4	59342	3.789313856733	1.0000002e-14
4	59346	3.789650187854	1.0000002e-14
4	59353	3.790345606611	1.0000002e-14
4	59360	3.7906937314	2.521128567665e-09
4	59370	3.791395090342	1.0000002e-14
4	59377	3.791660691311	1.0000002e-14
4	59384	3.792370216172	1.0000002e-14
4	59391	3.792633411138	1.0000002e-14
4	59401	3.793350804921	1.0000002e-14
4	59408	3.79359065974	1.0000002e-14
4	59415	3.794394321652	1.0000002e-14
4	59422	3.794550210218	6.5252213784192e-08
4	59432	3.795409436706	1.0000002e-14
4	59439	3.795521128059	1.0000002e-14
4	59449	3.79639093467	1.0000002e-14
4	59453	3.796507978871	1.0000002e-14
4	59463	3.797416779042	1.0000002e-14
4	59467	3.797530731774	1.0000002e-14
4	59480	3.798435888747	1.0000002e-14
4	59484	3.79857105959	1.0000002e-14
4	59500	3.799431809028	1.0000002e-14
4	59504	3.799598930122	1.0000002e-14
4	59514	3.800421094678	1.0000002e-14
4	59518	3.800587158279	1.0000002e-14
4	59531	3.801372443121	1.0000002e-14
4	59535	3.80160591605	1.0000002e-14
4	59545	3.802359531721	1.0000002e-14
4	59549	3.802577847699	1.0000002e-14
4	59562	3.803370764794	1.0000002e-14
4	59566	3.803594049792	1.0000002e-14
4	59576	3.804404443961	1.0000002e-14
4	59580	3.804596028831	1.0000002e-14
4	59593	3.805421863562	1.0000002e-14
4	59597	3.805591853409	1.0000002e-14
4	59607	3.806402156668	1.0000002e-14
4	59611	3.806639894135	1.0000002e-14
4	59624	3.807378822696	1.0000002e-14
4	59628	3.807678923863	2.5356984689049e-12
4	59638	3.808332952812	1.0000002e-14
4	59645	3.808691651698	1.0000002e-14
4	59655	3.809336307377	1.0000002e-14
4	59659	3.809698204005	1.0000002e-14
4	59669	3.810299131168	1.0000002e-14
4	59676	3.810734294238	1.0000002e-14
4	59686	3.811255983359	1.0000002e-14
4	59690	3.811777851174	1.0000002e-14
4	59697	3.812281475641	1.0000002e-14
4	59707	3.812780609436	1.0000002e-14
4	59714	3.813317907258	1.0000002e-14
4	59721	3.81382382557	3.1366705367776e-11
4	59728	3.81428112658	1.0000002e-14
4	59738	3.814784533928	1.0000002e-14
4	59745	3.815259750507	1.0000002e-14
4	59752	3.815776679872	1.0000002e-14
4	59759	3.816223794317	1.0000002e-14
4	59769	3.816758682105	1.0000002e-14
4	59776	3.817219887224	1.0000002e-14
4	59783	3.81771261885	1.0000002e-14
4	59790	3.818189576635	1.0000002e-14
4	59800	3.818726880004	1.0000002e-14
4	59807	3.819232783354	1.0000002e-14
4	59817	3.819762177964	4.4583203076462e-11
4	59824	3.820236859263	1.832573997975e-13
4	59837	3.820810259533	1.0000002e-14
4	59841	3.82126398651	1.0000002e-14
4	59848	3.821838062124	1.0000002e-14
4	59855	3.82225693141	1.0000002e-14
4	59868	3.822887588001	1.1367077971749e-14
4	59872	3.823269323085	1.0000002e-14
4	59876	3.823893534534	1.0000002e-14
4	59886	3.824314486595	1.0000002e-14
4	59899	3.824870110155	1.0000002e-14
4	59903	3.825268363898	1.0000002e-14
4	59910	3.825896568568	1.0000002e-14
4	59917	3.826291578188	1.0000002e-14
4	59930	3.826870626733	1.0000002e-14
4	59934	3.827249988484	1.0000002e-14
4	59941	3.827825909457	1.0000002e-14
4	59948	3.828256364888	1.0000002e-14
4	59961	3.828854006146	1.5250339160075e-14
4	59965	3.829211266244	1.0000002e-14
4	59972	3.829857652918	2.8437255993447e-14
4	59979	3.830176911063	1.0000002e-14
4	59992	3.830863479735	1.0000002e-14
4	59996	3.831146612129	1.0000002e-14
4	60000	3.831872593606	1.0000002e-14
4	60010	3.832176553894	1.0000002e-14
4	60023	3.832920448028	1.0000002e-14
4	60027	3.833142149116	1.0000002e-14
4	60034	3.833953354738	1.0000002e-14
4	60038	3.834105587322	1.0000002e-14
4	60054	3.834972781404	2.6702667346167e-10
4	60058	3.835079128181	1.0000002e-14
4	60065	3.83597591883	1.0000002e-14
4	60069	3.836040651432	1.0000002e-14
4	60085	3.836942225198	3.4732574429712e-14
4	60089	3.837027260582	1.0000002e-14
4	60093	3.837962087761	1.0000002e-14
4	60097	3.837979948766	1.0000002e-14
4	60116	3.83893301027	1.0000002e-14
4	60120	3.838943045656	1.0000002e-14
4	60124	3.839897878574	1.0000002e-14
4	60128	3.839908197802	1.0000002e-14
4	60150	3.840870102108	1.0000002e-14
4	60154	3.840891885088	1.0000002e-14
4	60158	3.841831001287	1.0000002e-14
4	60165	3.841907010703	1.0000002e-14
4	60181	3.842842580921	1.0000002e-14
4	60185	3.842895928306	1.0000002e-14
4	60192	3.843851196721	1.0000002e-14
4	60196	3.84387430736	1.0000002e-14
4	60212	3.844810105431	1.0000002e-14
4	60216	3.84487777039	1.0000002e-14
4	60223	3.845771018786	1.0000002e-14
4	60227	3.845843826242	1.0000002e-14
4	60240	3.846797904782	1.0000002e-14
4	60244	3.846862818548	1.0000002e-14
4	60254	3.847822505661	1.0000002e-14
4	60258	3.84783955222	1.0000002e-14
4	60271	3.848868105853	1.0000002e-14
4	60275	3.848872711849	1.0000002e-14
4	60285	3.849887450994	1.0000002e-14
4	60289	3.849901452814	1.0000002e-14
4	60302	3.850869385176	1.0000002e-14
4	60306	3.850895395957	1.0000002e-14
4	60316	3.851842075353	1.0000002e-14
4	60320	3.85190958683	1.0000002e-14
4	60333	3.85286875438	0.00026109222149426
4	60337	3.852933483905	1.0000002e-14
4	60347	3.853862236947	1.0000002e-14
4	60351	3.853916143712	1.0000002e-14
4	60364	3.854850453821	1.0000002e-14
4	60368	3.854920719772	1.3221962790644e-09
4	60375	3.855831414539	1.601725180292e-14
4	60382	3.855969561238	1.0000002e-14
4	60395	3.856821393525	1.0000002e-14
4	60399	3.856968317447	1.0000002e-14
4	60409	3.85784957047	1.0000002e-14
4	60413	3.857936005143	1.0000002e-14
4	60426	3.858888453027	1.0000002e-14
4	60430	3.858966798393	1.0000002e-14
4	60446	3.859888291954	1.574107874138e-13
4	60450	3.859996054099	1.0000002e-14
4	60460	3.860901006173	1.0000002e-14
4	60464	3.861010345826	1.0000002e-14
4	60474	3.861871874231	1.0000002e-14
4	60481	3.861974634413	1.0000002e-14
4	60491	3.8629126476	1.0000002e-14
4	60495	3.863023614834	1.0000002e-14
4	60508	3.863901092662	1.0000002e-14
4	60512	3.864063202697	1.0000002e-14
4	60522	3.864886108599	1.0000002e-14
4	60526	3.865015947395	1.0000002e-14
4	60539	3.86591116487	1.0000002e-14
4	60546	3.865968856707	1.0000002e-14
4	60553	3.866939797653	1.0000002e-14
4	60557	3.866954839972	1.0000002e-14
4	60567	3.867964408635	1.0000002e-14
4	60571	3.867975977215	1.0000002e-14
4	60584	3.868955929944	1.0000002e-14
4	60588	3.869009916807	1.0000002e-14
4	60598	3.869934396739	1.0000002e-14
4	60605	3.870049105822	1.0000002e-14
4	60615	3.87091582738	1.0000002e-14
4	60619	3.871073098129	1.0000002e-14
4	60629	3.871946040775	1.0000002e-14
4	60633	3.872044841326	1.0000002e-14
4	60646	3.872926564594	1.0000002e-14
4	60650	3.873059786277	1.0000002e-14
4	60660	3.873934227532	1.0000002e-14
4	60664	3.874093096794	1.7448688682885e-10
4	60677	3.874978691175	1.0000002e-14
4	60681	3.875139930942	1.0000002e-14
4	60691	3.876014800128	1.0000002e-14
4	60695	3.876100132321	1.0000002e-14
4	60708	3.87699372766	1.0000002e-14
4	60712	3.877063742678	1.0000002e-14
4	60722	3.877997855093	1.0000002e-14
4	60726	3.87804061586	1.0000002e-14
4	60739	3.879034750511	1.0000002e-14
4	60743	3.879070041834	1.0000002e-14
4	60756	3.880012839796	1.0000002e-14
4	60763	3.880088660565	7.6156350053178e-14
4	60773	3.880986826462	1.0000002e-14
4	60777	3.881076747167	1.0000002e-14
4	60790	3.882021696678	1.0000002e-14
4	60794	3.882069903606	6.3146309315405e-14
4	60804	3.883037886301	1.0000002e-14
4	60808	3.883079620758	1.0000002e-14
4	60818	3.884043949754	1.0000002e-14
4	60822	3.884108162513	1.0000002e-14
4	60835	3.885047828719	1.0000002e-14
4	60839	3.885097734785	1.0000002e-14
4	60849	3.886091525916	4.5631689220029e-14
4	60853	3.886145116794	1.0000002e-14
4	60866	3.88712921701	1.0000002e-14
4	60870	3.887133059133	1.0000002e-14
4	60880	3.888128961407	1.0000002e-14
4	60884	3.888147171524	1.0000002e-14
4	60897	3.889140949866	1.0000002e-14
4	60901	3.889170179506	1.0000002e-14
4	60911	3.890146106231	1.0000002e-14
4	60915	3.890174472131	1.0000002e-14
4	60928	3.891115234367	1.0000002e-14
4	60932	3.891133415781	1.0000002e-14
4	60945	3.892074873797	1.0000002e-14
4	60949	3.892118853094	1.0000002e-14
4	60959	3.893101157696	1.0000002e-14
4	60963	3.893125673287	1.0000002e-14
4	60976	3.894088434116	1.0000002e-14
4	60980	3.894123004482	1.0000002e-14
4	60990	3.895089136589	1.0000002e-14
4	60994	3.895097486535	1.0000002e-14
4	61007	3.896104590805	6.8308120117399e-12
4	61011	3.896114469597	1.0000002e-14
4	61021	3.89712050576	1.0000002e-14
4	61025	3.897121416381	1.0000002e-14
4	61038	3.898137337972	1.0000002e-14
4	61042	3.898157963195	1.0000002e-14
4	61052	3.899116081077	1.0000002e-14
4	61056	3.899163161807	1.0000002e-14
4	61069	3.900067966769	1.0000002e-14
4	61073	3.900116808789	1.0000002e-14
4	61086	3.901095108535	1.0000002e-14
4	61090	3.901148747726	1.0000002e-14
4	61103	3.902136384626	1.0000002e-14
4	61107	3.902136588111	1.0000002e-14
4	61117	3.903102088549	1.0000002e-14
4	61121	3.903141673599	1.0000002e-14
4	61131	3.904089910158	1.0000002e-14
4	61135	3.904096085392	1.0000002e-14
4	61148	3.905061308193	1.0000002e-14
4	61152	3.905069573864	1.0000002e-14
4	61162	3.906061836639	1.0000002e-14
4	61166	3.906102524697	1.0000002e-14
4	61179	3.907043945354	1.0000002e-14
4	61183	3.907142080499	1.0000002e-14
4	61193	3.908015458342	1.0000002e-14
4	61197	3.908168730218	1.0000002e-14
4	61207	3.909031796142	1.0000002e-14
4	61214	3.909127071961	1.0000002e-14
4	61224	3.910002202549	1.0000002e-14
4	61228	3.910137283681	8.9608753011555e-10
4	61241	3.911038576049	1.0000002e-14
4	61248	3.911128593081	1.0691613597708e-13
4	61255	3.912078658059	1.0000002e-14
4	61259	3.912172619633	1.0000002e-14
4	61272	3.913080206867	1.0000002e-14
4	61279	3.913158851856	1.0000002e-14
4	61286	3.914123477145	1.0000002e-14
4	61290	3.914184413366	1.0000002e-14
4	61303	3.915131098768	1.0000002e-14
4	61307	3.915213246133	1.0000002e-14
4	61317	3.916110201643	1.0000002e-14
4	61321	3.916166615367	1.0000002e-14
4	61334	3.917132341966	1.0000002e-14
4	61338	3.917216038246	1.0000002e-14
4	61348	3.918167163365	1.0000002e-14
4	61352	3.918171868732	1.0000002e-14
4	61362	3.919132349779	1.0000002e-14
4	61369	3.919205451541	1.0000002e-14
4	61376	3.920138273471	2.6272199437535e-13
4	61380	3.920190168271	1.0000002e-14
4	61399	3.921097135481	1.0000002e-14
4	61403	3.921191041065	2.5877114441454e-10
4	61410	3.922049195081	1.0000002e-14
4	61417	3.922155347247	1.0000002e-14
4	61430	3.92309184715	1.0000002e-14
4	61434	3.923158990511	1.0000002e-14
4	61444	3.924054329945	1.0000002e-14
4	61448	3.924197859565	1.0000002e-14
4	61461	3.925007529243	1.0000002e-14
4	61465	3.925238770103	1.0000002e-14
4	61475	3.926049514459	1.0000002e-14
4	61482	3.926251771638	1.0000002e-14
4	61492	3.927002093905	1.0000002e-14
4	61496	3.927289203152	6.6017319002722e-13
4	61506	3.928000067111	1.0000002e-14
4	61510	3.928259133374	1.0000002e-14
4	61523	3.92902746441	1.0000002e-14
4	61527	3.929227306849	1.0000002e-14
4	61537	3.930074574438	1.0000002e-14
4	61541	3.930200850328	2.223927886212e-14
4	61554	3.931054307105	1.0000002e-14
4	61558	3.931162930106	1.0000002e-14
4	61568	3.932081932225	1.0000002e-14
4	61575	3.93214011889	1.0000002e-14
4	61585	3.933100041014	1.0000002e-14
4	61589	3.933115549879	1.0000002e-14
4	61599	3.934068950499	1.0000002e-14
4	61603	3.934105879026	1.0000002e-14
4	61616	3.93501931599	1.1193799434637e-13
4	61620	3.935073703689	1.0000002e-14
4	61630	3.935992596002	1.0000002e-14
4	61634	3.936092148026	1.0000002e-14
4	61647	3.937007121736	1.0000002e-14
4	61651	3.937052908088	1.0000002e-14
4	61661	3.937967413704	1.0000002e-14
4	61665	3.938097087009	1.0000002e-14
4	61678	3.938921702907	1.0000002e-14
4	61682	3.939069537861	1.0000002e-14
4	61695	3.939875627656	1.0000002e-14
4	61699	3.940082420541	1.0000002e-14
4	61709	3.940892286659	1.0000002e-14
4	61716	3.941050055621	1.0000002e-14
4	61726	3.941922502687	1.0000002e-14
4	61730	3.942035991887	1.0000002e-14
4	61740	3.942938903187	1.0000002e-14
4	61747	3.943046399332	1.0000002e-14
4	61757	3.943971388233	1.0000002e-14
4	61761	3.944001981034	1.0000002e-14
4	61771	3.944921585558	1.0000002e-14
4	61775	3.945017099794	1.0000002e-14
4	61788	3.945892203622	1.0000002e-14
4	61795	3.946045270495	1.0000002e-14
4	61802	3.94688244583	1.0000002e-14
4	61809	3.94701568414	1.0000002e-14
4	61819	3.947889143716	1.0000002e-14
4	61823	3.948020006517	1.0000002e-14
4	61833	3.948914058581	1.0000002e-14
4	61837	3.949042884576	1.0000002e-14
4	61850	3.949959092549	1.0000002e-14
4	61854	3.950039180895	1.0000002e-14
4	61864	3.950925193492	1.0000002e-14
4	61868	3.951031984583	1.0000002e-14
4	61881	3.951940831676	1.0000002e-14
4	61885	3.952012896414	1.0000002e-14
4	61895	3.952926838069	1.0000002e-14
4	61899	3.953030171244	1.0000002e-14
4	61912	3.953943080688	1.0000002e-14
4	61916	3.954049878205	1.0000002e-14
4	61926	3.954958818606	1.0000002e-14
4	61930	3.955045366987	1.0000002e-14
4	61943	3.955968365806	1.0000002e-14
4	61947	3.956056002462	1.0000002e-14
4	61957	3.956973180006	1.0000002e-14
4	61961	3.957021927899	1.0000002e-14
4	61974	3.95799671685	4.8843174825483e-14
4	61978	3.958052149502	1.0000002e-14
4	61988	3.958985640504	1.0000002e-14
4	61992	3.959014856852	1.0000002e-14
4	62008	3.959980302518	1.0000002e-14
4	62015	3.959992533242	1.0000002e-14
4	62022	3.960968222385	1.0000002e-14
4	62026	3.960972234626	1.0000002e-14
4	62042	3.961938484692	1.0000002e-14
4	62046	3.9620129009	1.0000002e-14
4	62053	3.962904590264	1.0000002e-14
4	62057	3.962977298054	1.0000002e-14
4	62073	3.963900756912	1.0000002e-14
4	62080	3.963991216466	1.0000002e-14
4	62084	3.964920676075	1.0000002e-14
4	62088	3.964977235698	1.0000002e-14
4	62107	3.965885373703	1.0000002e-14
4	62111	3.965932182567	1.0000002e-14
4	62115	3.966864545487	1.0000002e-14
4	62119	3.966884373009	1.0000002e-14
4	62138	3.96781865786	1.0000002e-14
4	62142	3.96785840086	1.0000002e-14
4	62146	3.968774160031	1.0000002e-14
4	62150	3.968823012813	1.0000002e-14
4	62166	3.969737180795	1.0000002e-14
4	62170	3.969817697366	1.0000002e-14
4	62177	3.970782643752	1.0000002e-14
4	62181	3.970793519168	1.0000002e-14
4	62200	3.971805500675	1.0000002e-14
4	62204	3.971827173634	1.0000002e-14
4	62208	3.972789163244	1.0000002e-14
4	62212	3.972791222452	1.0000002e-14
4	62225	3.973755217945	1.0000002e-14
4	62229	3.973760013146	1.0000002e-14
4	62239	3.974710248826	2.5215116915803e-14
4	62243	3.974767039127	1.0000002e-14
4	62253	3.97569367543	1.0000002e-14
4	62257	3.975766070804	1.0000002e-14
4	62270	3.976691687557	1.0000002e-14
4	62274	3.976745349436	1.0000002e-14
4	62284	3.977672410684	1.0000002e-14
4	62291	3.97776820598	1.0000002e-14
4	62301	3.978712373985	1.0000002e-14
4	62305	3.978802645871	2.4466520590692e-14
4	62321	3.979720381111	1.0000002e-14
4	62331	3.979802852705	1.0000002e-14
4	62335	3.98073752882	1.0000002e-14
4	62339	3.980809743331	1.0000002e-14
4	62352	3.981706298754	1.0000002e-14
4	62359	3.9818497928	1.0000002e-14
4	62366	3.982720501305	1.0000002e-14
4	62370	3.982897320453	1.0000002e-14
4	62383	3.983736373907	1.0000002e-14
4	62387	3.983851919925	1.0000002e-14
4	62397	3.984777115535	1.0000002e-14
4	62401	3.984857713533	1.0000002e-14
4	62414	3.985736598451	1.0000002e-14
4	62421	3.985825767353	1.0000002e-14
4	62428	3.986750529345	1.0000002e-14
4	62432	3.98683892211	1.0000002e-14
4	62448	3.987789612254	1.0000002e-14
4	62452	3.987791957269	1.0000002e-14
4	62459	3.988752682494	1.0000002e-14
4	62463	3.98878417331	1.0000002e-14
4	62476	3.989782903371	3.7488581946945e-11
4	62480	3.989785859109	1.0000002e-14
4	62490	3.990743100368	1.0000002e-14
4	62494	3.990799628661	1.0000002e-14
4	62507	3.991715191749	1.0000002e-14
4	62514	3.991765441615	1.0000002e-14
4	62521	3.992693658056	1.0000002e-14
4	62525	3.992738322767	1.0000002e-14
4	62535	3.993651386131	1.0000002e-14
4	62539	3.99371854727	1.0000002e-14
4	62552	3.994653715831	1.0000002e-14
4	62556	3.994767851109	1.0000002e-14
4	62566	3.995628007296	1.0000002e-14
4	62573	3.995745987875	1.0214484478623e-14
4	62580	3.996620406279	1.0000002e-14
4	62587	3.996762043241	1.0000002e-14
4	62597	3.997619539312	1.0000002e-14
4	62604	3.997748749389	1.0000002e-14
4	62611	3.998655084938	1.0000002e-14
4	62615	3.998770030717	1.0000002e-14
4	62625	3.999687993497	9.4993439230109e-11
4	62632	3.999732205779	1.0000002e-14
4	62647	4.000655495878	1.0000002e-14
4	62651	4.000754553511	1.0000002e-14
4	62664	4.001651799031	1.0000002e-14
4	62668	4.001748571574	1.0000002e-14
4	62678	4.002655723801	1.0000002e-14
4	62682	4.002703018793	1.0000002e-14
4	62692	4.003626751887	1.0000002e-14
4	62702	4.003751781677	1.0000002e-14
4	62709	4.00462785181	1.0000002e-14
4	62716	4.004747241639	1.0000002e-14
4	62723	4.005601329617	1.0000002e-14
4	62733	4.005772215245	1.0621342765001e-14
4	62740	4.006585303135	1.0000002e-14
4	62747	4.006811113862	1.0000002e-14
4	62757	4.007581396412	1.0000002e-14
4	62764	4.007822373896	1.0000002e-14
4	62771	4.008611976851	1.0000002e-14
4	62778	4.008861914289	1.0000002e-14
4	62788	4.009588134424	1.0000002e-14
4	62795	4.009858578547	1.0000002e-14
4	62802	4.010627832913	1.0000002e-14
4	62812	4.010858354396	1.0000002e-14
4	62822	4.011647853282	1.0000002e-14
4	62826	4.011885729162	1.0000002e-14
4	62833	4.01260644272	8.1509427317969e-14
4	62840	4.01287109515	1.0000002e-14
4	62850	4.013589866167	1.0000002e-14
4	62857	4.01385777871	1.0000002e-14
4	62864	4.014625394584	4.7885515440711e-13
4	62874	4.014842910663	1.0000002e-14
4	62881	4.015665915834	1.0000002e-14
4	62885	4.015833715325	1.0000002e-14
4	62895	4.016708532152	1.0000002e-14
4	62902	4.016811865146	1.0000002e-14
4	62915	4.017754427022	1.0000002e-14
4	62919	4.01783514377	1.0000002e-14
4	62929	4.018730164466	1.0000002e-14
4	62933	4.018827366039	1.0000002e-14
4	62949	4.019725069921	1.0000002e-14
4	62953	4.019799522314	1.0000002e-14
4	62960	4.02071864967	1.0000002e-14
4	62964	4.02076369299	1.0000002e-14
4	62980	4.021739342337	1.2720948784142e-12
4	62984	4.021758838148	1.0000002e-14
4	62991	4.022755908969	1.0000002e-14
4	62995	4.022776294142	1.0000002e-14
4	63011	4.02372902921	1.0000002e-14
4	63015	4.023791587344	1.0000002e-14
4	63022	4.024688567308	1.0000002e-14
4	63026	4.024792898239	1.0000002e-14
4	63042	4.025688508833	1.0000002e-14
4	63046	4.025795789792	1.0000002e-14
4	63053	4.026681960412	1.0000002e-14
4	63057	4.026809958745	1.0000002e-14
4	63073	4.027677969219	1.0000002e-14
4	63077	4.027854878589	1.0000002e-14
4	63084	4.028701530539	1.0000002e-14
4	63088	4.028835089757	1.0000002e-14
4	63104	4.029734879555	1.0000002e-14
4	63108	4.029848531009	1.0000002e-14
4	63115	4.030783880259	1.0000002e-14
4	63122	4.030877656802	1.0000002e-14
4	63135	4.031780536005	4.4107478679924e-09
4	63139	4.031862880111	1.0000002e-14
4	63146	4.032781059664	1.0000002e-14
4	63153	4.03289414205	1.0000002e-14
4	63166	4.033796359507	1.0000002e-14
4	63170	4.03387797922	1.0000002e-14
4	63177	4.034809315698	1.0000002e-14
4	63184	4.034876146975	1.0000002e-14
4	63197	4.035804630552	1.0000002e-14
4	63201	4.035838303312	1.0000002e-14
4	63211	4.036788949871	1.0000002e-14
4	63215	4.036798219522	1.0000002e-14
4	63228	4.037793576075	1.0000002e-14
4	63232	4.037844655068	1.5267825083623e-11
4	63239	4.03880626518	1.0000002e-14
4	63243	4.038847690134	1.0000002e-14
4	63262	4.039805269971	1.0000002e-14
4	63266	4.039867075327	2.117805851901e-13
4	63273	4.040840728635	1.0000002e-14
4	63277	4.040844776636	1.0000002e-14
4	63293	4.041880824798	1.0000002e-14
4	63297	4.041885645746	1.0000002e-14
4	63307	4.042871604829	1.0000002e-14
4	63314	4.042915649808	1.0000002e-14
4	63324	4.043852006118	1.0000002e-14
4	63328	4.043932147176	1.0000002e-14
4	63338	4.044871927895	1.0000002e-14
4	63342	4.044882485386	1.2550121529517e-13
4	63355	4.045834325164	1.0000002e-14
4	63359	4.045858298405	1.0000002e-14
4	63366	4.046785280411	1.0000002e-14
4	63373	4.046835913297	1.0000002e-14
4	63386	4.047762307174	1.0000002e-14
4	63390	4.04787251587	1.0000002e-14
4	63400	4.048804719342	1.0000002e-14
4	63404	4.048849329314	1.0000002e-14
4	63417	4.049825276796	1.0000002e-14
4	63421	4.049840578303	1.4512050662544e-08
4	63434	4.050801191171	1.0000002e-14
4	63438	4.050864748948	1.0000002e-14
4	63448	4.051839945214	1.0000002e-14
4	63452	4.0518764542	1.0000002e-14
4	63465	4.052815569049	1.0000002e-14
4	63469	4.052910443319	1.0000002e-14
4	63479	4.053839119637	1.6660796911655e-11
4	63483	4.053896114698	1.0000002e-14
4	63496	4.054882621416	1.0000002e-14
4	63500	4.054892129104	1.0000002e-14
4	63510	4.055852995688	1.0000002e-14
4	63514	4.055876006178	1.0000002e-14
4	63524	4.056839492827	1.0000002e-14
4	63528	4.056917325655	1.0000002e-14
4	63541	4.057871837738	6.4992484797227e-12
4	63545	4.057876547695	1.0000002e-14
4	63555	4.058860038462	1.0179048820858e-14
4	63559	4.058916671209	1.0000002e-14
4	63575	4.059884351549	8.2945268258779e-13
4	63579	4.05988936451	1.0000002e-14
4	63586	4.060852315076	1.0000002e-14
4	63590	4.0608667767	1.0000002e-14
4	63606	4.061814208187	5.5183183568208e-14
4	63610	4.06182514479	1.0000002e-14
4	63617	4.062766304571	1.0000002e-14
4	63621	4.062852087956	1.0000002e-14
4	63631	4.063808004051	1.0000002e-14
4	63641	4.06389986784	1.0000002e-14
4	63648	4.064795995737	1.0000002e-14
4	63655	4.064874336429	1.0000002e-14
4	63665	4.065760254902	1.0000002e-14
4	63672	4.06586396013	1.0000002e-14
4	63679	4.066758579491	1.0000002e-14
4	63686	4.066852327392	1.0000002e-14
4	63696	4.067750346194	1.0000002e-14
4	63703	4.067802914268	1.0000002e-14
4	63710	4.06875524518	1.0000002e-14
4	63714	4.068774875094	1.0000002e-14
4	63724	4.069756100823	1.0000002e-14
4	63728	4.069801072387	1.0000002e-14
4	63744	4.070729443412	1.0000002e-14
4	63748	4.070806961393	1.0000002e-14
4	63758	4.07173161958	1.0000002e-14
4	63762	4.071793228558	1.0000002e-14
4	63775	4.072696430335	1.0000002e-14
4	63779	4.07283136612	1.0000002e-14
4	63789	4.073709662204	1.0000002e-14
4	63793	4.073852005125	1.0000002e-14
4	63806	4.074727087511	1.0000002e-14
4	63810	4.07488344422	1.0000002e-14
4	63820	4.075727350733	1.0000002e-14
4	63827	4.075905748076	1.0000002e-14
4	63837	4.076740967361	1.0000002e-14
4	63841	4.076928649809	1.0000002e-14
4	63851	4.077697882342	1.0021051256964e-13
4	63858	4.077964877729	1.0000002e-14
4	63865	4.078729810475	9.2541935026545e-11
4	63872	4.078986341742	1.0000002e-14
4	63882	4.079739577802	5.4571868932181e-08
4	63892	4.080017843431	1.0000002e-14
4	63899	4.080725160218	1.0000002e-14
4	63909	4.081033715511	1.0000002e-14
4	63916	4.081762192232	1.0000002e-14
4	63920	4.082017702759	6.3674970150274e-10
4	63933	4.082801166868	1.0000002e-14
4	63940	4.082986403227	1.0000002e-14
4	63947	4.083764811406	1.0000002e-14
4	63954	4.083969883058	1.0000002e-14
4	63961	4.084787731566	1.0000002e-14
4	63968	4.084977733792	1.0000002e-14
4	63978	4.085788810191	5.1918918940675e-12
4	63982	4.085971047894	1.0000002e-14
4	63992	4.086816040749	1.0000002e-14
4	63999	4.087006446301	1.0000002e-14
4	64009	4.087839465575	2.5717443365278e-14
4	64013	4.087960557568	1.0000002e-14
4	64026	4.088850620309	1.0000002e-14
4	64030	4.088994672379	1.0000002e-14
4	64043	4.089883942448	1.0000002e-14
4	64047	4.090005076577	1.0000002e-14
4	64054	4.09092615991	1.0000002e-14
4	64061	4.0909696105	1.0000002e-14
4	64071	4.091949129051	2.6672468596537e-11
4	64075	4.091958055956	1.0000002e-14
4	64088	4.092987831173	1.0000002e-14
4	64092	4.09299144231	1.0000002e-14
4	64105	4.093945739882	1.0279260780774e-09
4	64109	4.094005165941	1.0000002e-14
4	64116	4.094917247119	1.0000002e-14
4	64120	4.094989213402	1.0000002e-14
4	64133	4.095921756037	1.0000002e-14
4	64140	4.096033632423	1.0000002e-14
4	64150	4.096896410062	1.0000002e-14
4	64154	4.097005967569	1.0000002e-14
4	64167	4.0979434334	1.0000002e-14
4	64174	4.098024101391	1.0000002e-14
4	64181	4.098945006101	1.0000002e-14
4	64185	4.099000641065	1.0000002e-14
4	64204	4.099925654564	1.0000002e-14
4	64208	4.100005678311	1.0000002e-14
4	64215	4.100911494773	1.0000002e-14
4	64219	4.100986513765	1.0000002e-14
4	64232	4.101884438166	1.0000002e-14
4	64236	4.101970542442	5.1119866585089e-11
4	64246	4.102844569918	1.0000002e-14
4	64250	4.102996131941	1.0000002e-14
4	64260	4.103884773433	1.0000002e-14
4	64267	4.103956903856	1.0000002e-14
4	64277	4.104862507459	1.0000002e-14
4	64281	4.104950937672	1.0000002e-14
4	64294	4.105857409154	1.0000002e-14
4	64298	4.105954169482	1.0000002e-14
4	64308	4.106845245959	1.0000002e-14
4	64312	4.106993959073	1.0000002e-14
4	64322	4.107849818622	1.0000002e-14
4	64329	4.107977313409	1.0000002e-14
4	64339	4.108898015721	1.0000002e-14
4	64343	4.108941676573	2.118691742005e-12
4	64353	4.109856367055	1.0000002e-14
4	64357	4.109931570965	2.0639299076833e-06
4	64370	4.110886142557	1.0000002e-14
4	64374	4.110966778441	1.0000002e-14
4	64387	4.1119020729	1.0000002e-14
4	64391	4.111980671334	1.0000002e-14
4	64401	4.112894249396	1.0000002e-14
4	64405	4.112971707676	1.0000002e-14
4	64415	4.113923723574	1.0000002e-14
4	64419	4.113936515768	1.0000002e-14
4	64432	4.114919465033	1.0000002e-14
4	64436	4.114953748444	1.0000002e-14
4	64446	4.115911882101	1.0000002e-14
4	64450	4.115956720044	1.0000002e-14
4	64460	4.116930258477	1.0000002e-14
4	64464	4.116937175961	1.0000002e-14
4	64477	4.117888009051	1.0000002e-14
4	64481	4.117964248722	1.0000002e-14
4	64491	4.118928959397	1.0000002e-14
4	64495	4.118985105829	1.0000002e-14
4	64508	4.119898161432	1.0000002e-14
4	64512	4.120029532451	1.0000002e-14
4	64525	4.120925778987	1.0000002e-14
4	64532	4.121059067325	1.0000002e-14
4	64542	4.121961482619	1.0000002e-14
4	64546	4.122078748108	1.0000002e-14
4	64556	4.122921036444	1.0000002e-14
4	64560	4.123126904544	1.0000002e-14
4	64573	4.12387986976	1.0000002e-14
4	64577	4.124085496746	1.0000002e-14
4	64587	4.124854093955	1.0000002e-14
4	64591	4.125079608289	1.0000002e-14
4	64604	4.125825688172	1.0000002e-14
4	64608	4.126095030783	1.0000002e-14
4	64618	4.126869096072	1.0000002e-14
4	64625	4.127131306022	1.0000002e-14
4	64635	4.127859868155	1.0000002e-14
4	64639	4.128150071328	1.0000002e-14
4	64649	4.128866364218	1.0000002e-14
4	64656	4.129190217245	1.0000002e-14
4	64666	4.129818452308	1.0000002e-14
4	64670	4.130206285013	1.0000002e-14
4	64680	4.130795104856	1.0000002e-14
4	64687	4.131185993649	1.0000002e-14
4	64697	4.131754880817	1.0000002e-14
4	64701	4.13214986366	1.0000002e-14
4	64708	4.132802723733	1.0000002e-14
4	64715	4.133107158602	1.0000002e-14
4	64728	4.133795450084	1.0000002e-14
4	64732	4.134097471271	1.0000002e-14
4	64742	4.134747314211	1.0000002e-14
4	64746	4.135140582105	1.0000002e-14
4	64756	4.135718114545	1.0000002e-14
4	64763	4.136106485299	1.0000002e-14
4	64770	4.136742290466	1.0000002e-14
4	64777	4.137103141353	1.0000002e-14
4	64790	4.137774932059	1.0000002e-14
4	64794	4.138132452084	1.0000002e-14
4	64801	4.138759735227	1.0000002e-14
4	64808	4.139135320717	1.0000002e-14
4	64818	4.139784908472	1.0000002e-14
4	64825	4.140103755942	2.1784489912289e-13
4	64838	4.140809296421	1.0000002e-14
4	64842	4.141072298541	1.0000002e-14
4	64852	4.141836640967	1.0000002e-14
4	64859	4.142087285478	1.0000002e-14
4	64869	4.142822889959	1.0000002e-14
4	64873	4.143113393262	1.0000002e-14
4	64883	4.143817334844	1.0000002e-14
4	64890	4.14415952797	1.0000002e-14
4	64900	4.144841902145	1.0000002e-14
4	64904	4.145161470452	1.0000002e-14
4	64914	4.145801077035	1.0000002e-14
4	64921	4.146149134102	1.0000002e-14
4	64928	4.146754984432	1.0799722220392e-14
4	64935	4.147179289987	1.0000002e-14
4	64945	4.1477709282	5.9704990590319e-12
4	64952	4.148187489951	1.0000002e-14
4	64962	4.148785632761	1.0000002e-14
4	64966	4.149195962756	1.0000002e-14
4	64976	4.14979771611	1.0000002e-14
4	64983	4.150152110259	1.0000002e-14
4	64990	4.150775161057	1.0000002e-14
4	64997	4.15119562598	1.0000002e-14
4	65004	4.151737064725	1.0000002e-14
4	65014	4.152198784613	1.0000002e-14
4	65018	4.152736091166	1.0000002e-14
4	65031	4.153230724264	1.0000002e-14
4	65035	4.153757108319	1.0000002e-14
4	65045	4.154216510777	1.0000002e-14
4	65052	4.154791066657	1.0000002e-14
4	65062	4.155259997228	1.0000002e-14
4	65069	4.155761773173	1.0000002e-14
4	65073	4.156210968392	1.0000002e-14
4	65083	4.156766789279	1.0000002e-14
4	65093	4.157199545605	1.0000002e-14
4	65097	4.157737282462	1.0000002e-14
4	65104	4.158160331391	1.0000002e-14
4	65114	4.158768381465	1.0000002e-14
4	65124	4.159205790733	1.0000002e-14
4	65128	4.159749857721	1.0000002e-14
4	65135	4.160195801672	1.0000002e-14
4	65151	4.160715672325	1.0000002e-14
4	65158	4.161228159293	1.0000002e-14
4	65162	4.16173068774	1.0000002e-14
4	65172	4.162264208749	1.0000002e-14
4	65182	4.162746679261	1.0000002e-14
4	65189	4.16328128155	1.0000002e-14
4	65193	4.163784177803	3.2165112838688e-14
4	65203	4.16423675572	1.0000002e-14
4	65213	4.164818383687	1.0000002e-14
4	65220	4.165245826714	1.0000002e-14
4	65224	4.165773325261	1.0000002e-14
4	65231	4.166230413259	1.0000002e-14
4	65244	4.166821782302	1.0000002e-14
4	65251	4.167191129063	1.0000002e-14
4	65258	4.167809920994	1.0000002e-14
4	65265	4.16814257537	1.0000002e-14
4	65275	4.168798678722	1.0000002e-14
4	65282	4.169111459707	1.0000002e-14
4	65289	4.16981119229	1.0000002e-14
4	65296	4.170125175705	1.0000002e-14
4	65306	4.170854215045	1.0000002e-14
4	65310	4.171131906373	1.0000002e-14
4	65320	4.171834499526	1.0000002e-14
4	65327	4.172121502916	1.0000002e-14
4	65337	4.172794755865	1.0000002e-14
4	65341	4.173093134719	1.0000002e-14
4	65348	4.173814853795	1.0000002e-14
4	65355	4.174108608009	1.0000002e-14
4	65368	4.174786568777	1.0000002e-14
4	65372	4.175077357935	1.0000002e-14
4	65379	4.175752087703	1.0000002e-14
4	65386	4.176105352217	1.0000002e-14
4	65399	4.176792429637	1.0000002e-14
4	65403	4.177110682492	1.0000002e-14
4	65413	4.177830408735	1.0000002e-14
4	65420	4.178094696011	1.0000002e-14
4	65430	4.17881963633	1.0000002e-14
4	65437	4.179139230528	1.0000002e-14
4	65447	4.179861112939	1.0000002e-14
4	65451	4.180117005482	1.0000002e-14
4	65464	4.180851719825	1.0000002e-14
4	65471	4.181135022695	1.0000002e-14
4	65478	4.181874298485	1.0000002e-14
4	65485	4.18214488892	1.0000002e-14
4	65495	4.182924262554	1.0000002e-14
4	65499	4.183162159392	1.0000002e-14
4	65509	4.183930518781	1.0000002e-14
4	65516	4.184139855283	1.0000002e-14
4	65526	4.184944285072	1.0000002e-14
4	65533	4.185160670382	1.0000002e-14
4	65540	4.185897906824	1.0000002e-14
4	65547	4.186133020024	1.0000002e-14
4	65557	4.186899337685	1.0000002e-14
4	65561	4.187104826047	2.5059438206087e-14
4	65571	4.187874229398	1.0000002e-14
4	65578	4.188125606261	1.0000002e-14
4	65588	4.188916597958	1.0000002e-14
4	65592	4.189083906752	1.0000002e-14
4	65602	4.189907747282	1.0000002e-14
4	65609	4.190080218762	1.0000002e-14
4	65619	4.190890245001	1.0000002e-14
4	65623	4.191059005383	1.1592511643565e-14
4	65633	4.191851549012	1.0000002e-14
4	65640	4.192102756892	1.0000002e-14
4	65650	4.192862819356	0.00025022349429027
4	65660	4.193145446291	1.0000002e-14
4	65664	4.193907756953	1.0000002e-14
4	65674	4.194172535118	1.0000002e-14
4	65684	4.194949253107	1.0000002e-14
4	65688	4.195185304979	1.0000002e-14
4	65698	4.195911500948	1.0000002e-14
4	65705	4.196228177123	1.0000002e-14
4	65712	4.196958900189	1.0000002e-14
4	65719	4.197247802802	1.0000002e-14
4	65729	4.1979306042	1.0000002e-14
4	65736	4.198275303417	1.0000002e-14
4	65743	4.198932535268	1.0000002e-14
4	65750	4.199271356081	1.0000002e-14
4	65760	4.199975565484	1.0000002e-14
4	65770	4.200317346715	1.0000002e-14
4	65780	4.200965003465	1.0000002e-14
4	65784	4.20134184348	1.0000002e-14
4	65794	4.201963420937	6.7116150656317e-14
4	65801	4.202376779657	1.0000002e-14
4	65808	4.202940270885	1.0000002e-14
4	65815	4.203368429483	1.0000002e-14
4	65825	4.203916399943	1.0000002e-14
4	65832	4.204354087257	1.0000002e-14
4	65842	4.204914985532	1.0000002e-14
4	65846	4.205318621829	1.0000002e-14
4	65856	4.20588537002	1.0000002e-14
4	65863	4.206353886437	1.0000002e-14
4	65873	4.206890735347	1.0000002e-14
4	65877	4.207400230348	1.0000002e-14
4	65887	4.207841859549	1.0000002e-14
4	65894	4.208387231076	1.0000002e-14
4	65904	4.208876749567	1.0000002e-14
4	65908	4.209432850102	1.0000002e-14
4	65915	4.209915038862	1.0000002e-14
4	65925	4.210421151235	1.0000002e-14
4	65935	4.210910406258	1.0000002e-14
4	65939	4.211451781066	1.0000002e-14
4	65946	4.211903738976	1.0000002e-14
4	65956	4.212499716924	1.0000002e-14
4	65966	4.212952410462	1.0000002e-14
4	65970	4.213523213794	1.0000002e-14
4	65977	4.21395585924	1.0000002e-14
4	65987	4.214535332166	1.0000002e-14
4	65994	4.21494662112	5.4983563711612e-14
4	66001	4.215546262773	1.5621688872751e-08
4	66005	4.215948274682	1.0000002e-14
4	66018	4.216551464001	1.0000002e-14
4	66025	4.216973776011	1.0000002e-14
4	66032	4.217504084291	1.0000002e-14
4	66039	4.217997191822	1.0000002e-14
4	66049	4.218514116702	1.0000002e-14
4	66053	4.218983475716	1.0000002e-14
4	66063	4.219496825467	1.0000002e-14
4	66067	4.21998618539	1.3142903500683e-14
4	66083	4.220518284769	1.0000002e-14
4	66087	4.221015992554	1.0000002e-14
4	66097	4.221509977093	1.0000002e-14
4	66101	4.221990438087	1.0000002e-14
4	66114	4.222549373753	1.0000002e-14
4	66118	4.223002639076	1.0000002e-14
4	66128	4.223538054638	1.0000002e-14
4	66135	4.224015588563	1.0000002e-14
4	66145	4.22451052462	1.0000002e-14
4	66149	4.225064314562	1.0000002e-14
4	66159	4.225556853622	1.0000002e-14
4	66166	4.226052612732	1.0000002e-14
4	66176	4.226593808351	1.0000002e-14
4	66183	4.227092728681	1.0000002e-14
4	66190	4.227604097897	1.0000002e-14
4	66194	4.228060501447	1.0000002e-14
4	66207	4.228566717854	3.7217669985312e-13
4	66211	4.229063012469	1.0000002e-14
4	66221	4.229537223824	1.0000002e-14
4	66228	4.230100230277	1.0000002e-14
4	66238	4.230558374042	1.0000002e-14
4	66245	4.231144032952	1.0000002e-14
4	66252	4.231537664877	1.0000002e-14
4	66259	4.232170428801	1.0000002e-14
4	66266	4.232543313697	1.0000002e-14
4	66273	4.233139446364	1.0000002e-14
4	66283	4.233589537974	1.0000002e-14
4	66290	4.234132992659	1.0000002e-14
4	66297	4.234561224452	1.0000002e-14
4	66307	4.235157888925	1.0000002e-14
4	66314	4.235606553182	1.0000002e-14
4	66321	4.236164983024	1.0000002e-14
4	66328	4.236609749622	1.0000002e-14
4	66338	4.237141460831	1.0000002e-14
4	66345	4.237608362435	1.0000002e-14
4	66349	4.238095049504	1.0000002e-14
4	66362	4.238584466878	1.0000002e-14
4	66372	4.239081296032	1.0000002e-14
4	66376	4.239605453592	1.0000002e-14
4	66380	4.240070430013	1.0000002e-14
4	66396	4.240614163275	1.0000002e-14
4	66406	4.241098834762	1.0000002e-14
4	66410	4.241655971767	1.0000002e-14
4	66414	4.242091163049	1.0000002e-14
4	66427	4.242659515018	1.0000002e-14
4	66437	4.243058142044	1.0000002e-14
4	66441	4.243652572974	1.0000002e-14
4	66445	4.244056757382	1.0000002e-14
4	66458	4.244673860788	1.0000002e-14
4	66468	4.245028108906	1.0000002e-14
4	66472	4.245666452608	1.0000002e-14
4	66476	4.24606938808	1.0000002e-14
4	66489	4.246654857123	1.0000002e-14
4	66499	4.247088028361	1.0000002e-14
4	66503	4.247636921393	1.0000002e-14
4	66507	4.248107363959	1.0000002e-14
4	66517	4.24864723372	1.0000002e-14
4	66527	4.249105957937	4.441118538209e-14
4	66534	4.249662824129	1.0000002e-14
4	66540	4.250090069631	1.0000002e-14
4	66553	4.250632477058	1.0000002e-14
4	66560	4.251110999168	1.0000002e-14
4	66567	4.251656083223	1.0000002e-14
4	66571	4.252080330508	1.0000002e-14
4	66587	4.252628745749	1.0000002e-14
4	66591	4.253033397228	1.0000002e-14
4	66598	4.253667332823	1.0000002e-14
4	66602	4.25406030256	1.0000002e-14
4	66615	4.254706836361	1.0000002e-14
4	66625	4.25501596847	1.0000002e-14
4	66629	4.255694094218	1.0000002e-14
4	66633	4.25598001183	1.0000002e-14
4	66649	4.256680950557	1.0000002e-14
4	66653	4.256934419205	1.0000002e-14
4	66660	4.257683331631	1.406431186494e-14
4	66664	4.25790488824	1.0000002e-14
4	66680	4.258650707782	1.0000002e-14
4	66684	4.258856656965	1.0000002e-14
4	66691	4.259602663622	1.0000002e-14
4	66695	4.259808717436	1.0000002e-14
4	66714	4.260625804073	1.0000002e-14
4	66718	4.260851034917	1.0000002e-14
4	66725	4.261635152997	1.0000002e-14
4	66729	4.26185444025	1.3785892403624e-14
4	66745	4.262604102997	4.2630113239585e-07
4	66749	4.262865374577	1.0000002e-14
4	66756	4.263617561141	1.0000002e-14
4	66760	4.263894397538	1.0000002e-14
4	66776	4.264618474186	1.0000002e-14
4	66780	4.264937582049	1.0000002e-14
4	66787	4.265621626971	1.0000002e-14
4	66791	4.265933202769	1.0000002e-14
4	66807	4.266656894058	1.0000002e-14
4	66811	4.266941737364	1.0000002e-14
4	66818	4.267651953951	1.0000002e-14
4	66822	4.267906333749	1.0000002e-14
4	66838	4.26861391896	1.0000002e-14
4	66842	4.268902037319	1.0000002e-14
4	66849	4.269663482164	1.0000002e-14
4	66853	4.269860438825	1.0000002e-14
4	66869	4.270680652497	1.0000002e-14
4	66873	4.270835920152	1.0000002e-14
4	66880	4.271709174145	0.00012853499254652
4	66884	4.271827793608	1.0000002e-14
4	66903	4.272690744249	1.0000002e-14
4	66907	4.272778218186	1.0000002e-14
4	66911	4.273696540823	1.0000002e-14
4	66915	4.273786299343	1.0000002e-14
4	66934	4.274700359861	1.0000002e-14
4	66938	4.274826896803	1.0000002e-14
4	66945	4.275748395204	1.0000002e-14
4	66949	4.2758539614	1.0000002e-14
4	66965	4.276705196148	1.0000002e-14
4	66969	4.276836321886	5.9800550061438e-14
4	66973	4.277696862592	6.695779683942e-12
4	66980	4.277851155533	1.0000002e-14
4	66996	4.278718634572	1.0000002e-14
4	67000	4.278884511397	1.0000002e-14
4	67007	4.279700239223	1.0000002e-14
4	67011	4.279919509887	1.0000002e-14
4	67030	4.280654264505	1.0000002e-14
4	67034	4.280908236468	1.0000002e-14
4	67038	4.281672219069	1.0000002e-14
4	67045	4.281953466111	1.0000002e-14
4	67061	4.282690649406	1.0000002e-14
4	67065	4.282950015521	1.0000002e-14
4	67072	4.283740622991	1.0000002e-14
4	67076	4.283928878225	1.0000002e-14
4	67086	4.284704775206	1.0000002e-14
4	67096	4.28487920724	1.0000002e-14
4	67100	4.285703634806	1.0000002e-14
4	67107	4.285862533469	1.0000002e-14
4	67120	4.286732926057	1.0000002e-14
4	67124	4.286837406976	1.0000002e-14
4	67134	4.287754868388	1.0000002e-14
4	67138	4.287797142136	1.0000002e-14
4	67148	4.288734118713	1.0000002e-14
4	67155	4.288812774878	1.0000002e-14
4	67162	4.2897237966	1.0000002e-14
4	67166	4.289833246648	1.0000002e-14
4	67182	4.290687747166	1.0000002e-14
4	67189	4.290837320217	1.0000002e-14
4	67193	4.291660979712	1.0000002e-14
4	67197	4.291864992088	1.0000002e-14
4	67213	4.29265740005	1.0000002e-14
4	67217	4.292835721713	1.0000002e-14
4	67224	4.293656212035	1.0000002e-14
4	67228	4.293830430051	1.0000002e-14
4	67244	4.294606916513	1.0000002e-14
4	67248	4.294782120779	1.0000002e-14
4	67255	4.29565517366	1.0000002e-14
4	67259	4.295735295623	1.0000002e-14
4	67275	4.296613167155	1.0000002e-14
4	67279	4.296698653784	1.0000002e-14
4	67286	4.29759972363	1.0000002e-14
4	67290	4.297696532981	1.0000002e-14
4	67306	4.298645266539	1.0000002e-14
4	67310	4.298727889363	1.0000002e-14
4	67317	4.299667027599	1.0000002e-14
4	67321	4.299719197507	1.0000002e-14
4	67343	4.300659808192	1.0000002e-14
4	67347	4.300698371792	1.0000002e-14
4	67351	4.301617092114	1.0000002e-14
4	67355	4.301670414809	1.0000002e-14
4	67374	4.302607614086	1.0000002e-14
4	67378	4.302704656228	1.0000002e-14
4	67382	4.303616162831	1.0000002e-14
4	67389	4.303663957079	1.0000002e-14
4	67405	4.304581751264	1.0000002e-14
4	67409	4.304707342029	1.0000002e-14
4	67413	4.305591617014	1.0000002e-14
4	67417	4.305702614981	1.0000002e-14
4	67436	4.306583473168	1.0000002e-14
4	67440	4.306735561096	1.0000002e-14
4	67444	4.307583615848	4.0298391980894e-11
4	67451	4.307742626732	1.0000002e-14
4	67467	4.308585991166	1.0000002e-14
4	67471	4.308757998234	1.0000002e-14
4	67478	4.309623669354	1.0000002e-14
4	67482	4.309760548989	1.4317298665568e-14
4	67498	4.310594188394	1.0000002e-14
4	67502	4.310729472328	1.0000002e-14
4	67509	4.311571286866	3.9466387826245e-14
4	67513	4.311725787318	1.0000002e-14
4	67529	4.312590993274	1.0000002e-14
4	67533	4.312690371769	1.0000002e-14
4	67540	4.313606853844	1.0000002e-14
4	67544	4.313715924604	1.0000002e-14
4	67560	4.314558283334	1.0000002e-14
4	67564	4.314748133971	5.0224164431708e-14
4	67571	4.315517065862	1.0000002e-14
4	67575	4.315706741021	1.0000002e-14
4	67591	4.316477937477	1.0000002e-14
4	67595	4.316690080434	1.0000002e-14
4	67602	4.317498958774	1.0000002e-14
4	67606	4.31766807815	1.0000002e-14
4	67622	4.3184738093	1.0000002e-14
4	67626	4.318650458192	1.0000002e-14
4	67633	4.319492730854	1.0000002e-14
4	67637	4.319649149933	1.0000002e-14
4	67656	4.320493253917	1.0000002e-14
4	67660	4.32067903452	1.0000002e-14
4	67667	4.321473630832	1.0000002e-14
4	67671	4.321670809445	4.2546193244548e-12
4	67684	4.322512182496	1.4921394320352e-12
4	67691	4.322665675874	1.0000002e-14
4	67698	4.32354006659	1.0000002e-14
4	67702	4.323616732077	1.0000002e-14
4	67715	4.324564064489	1.9686465786045e-13
4	67719	4.324656540413	1.0000002e-14
4	67729	4.325587194118	1.0000002e-14
4	67733	4.325664924134	1.0000002e-14
4	67746	4.32656689475	1.0000002e-14
4	67750	4.326622826849	1.0000002e-14
4	67760	4.327590874906	1.0000002e-14
4	67764	4.327630771659	1.0000002e-14
4	67780	4.328604842239	1.0000002e-14
4	67784	4.328633785027	1.0000002e-14
4	67791	4.329560818479	1.0000002e-14
4	67798	4.329667867441	1.0000002e-14
4	67808	4.330525021933	1.0000002e-14
4	67815	4.330671266128	3.2570905336523e-14
4	67822	4.331480985408	1.0000002e-14
4	67832	4.331672716667	1.0000002e-14
4	67839	4.332485605924	1.0000002e-14
4	67843	4.332665963781	1.0000002e-14
4	67856	4.33352294081	1.0000002e-14
4	67863	4.333661460195	1.0000002e-14
4	67870	4.334519292474	1.0000002e-14
4	67874	4.334616778474	1.0000002e-14
4	67887	4.335525822081	1.5150244729778e-12
4	67894	4.335568130803	8.2923544076786e-07
4	67901	4.336540354969	1.0000002e-14
4	67905	4.33656766102	1.0000002e-14
4	67915	4.337512243244	1.0000002e-14
4	67925	4.33760035149	6.7236147106343e-12
4	67932	4.338551590507	1.0000002e-14
4	67936	4.338567572206	1.0000002e-14
4	67958	4.339581419336	1.0000002e-14
4	67962	4.339600760013	1.0000002e-14
4	67966	4.340546237961	1.0000002e-14
4	67970	4.340604453642	1.0000002e-14
4	67983	4.341562097412	2.5146736749923e-13
4	67990	4.341594446243	1.0000002e-14
4	67997	4.342514282514	2.1184818421505e-08
4	68001	4.342614067678	1.0000002e-14
4	68017	4.343538584902	1.0000002e-14
4	68021	4.343662961869	1.0000002e-14
4	68028	4.344568401943	1.0000002e-14
4	68032	4.344625243895	1.0000002e-14
4	68048	4.345546816691	1.0000002e-14
4	68052	4.34563086677	1.0000002e-14
4	68059	4.346549105073	1.0000002e-14
4	68063	4.346597318839	1.0000002e-14
4	68082	4.347562412496	1.0000002e-14
4	68086	4.347610383052	1.0000002e-14
4	68090	4.348566688712	1.0000002e-14
4	68094	4.348644674142	1.0000002e-14
4	68110	4.349547015165	1.411504423292e-07
4	68117	4.349637308649	1.0994563432036e-12
4	68121	4.350513715721	1.0000002e-14
4	68128	4.350588711654	1.0000002e-14
4	68138	4.351514602945	1.0000002e-14
4	68145	4.351630843047	1.4913476865772e-13
4	68152	4.352474321071	1.0000002e-14
4	68159	4.35264732106	1.0000002e-14
4	68166	4.353461026414	1.0000002e-14
4	68176	4.353654102879	1.0000002e-14
4	68186	4.354473949687	1.0000002e-14
4	68190	4.354640319758	1.0000002e-14
4	68200	4.355472388282	1.0000002e-14
4	68210	4.355607305817	1.0000002e-14
4	68217	4.356431188959	1.0000002e-14
4	68221	4.356559078931	1.0000002e-14
4	68231	4.357441952151	1.0000002e-14
4	68238	4.357568101842	1.0000002e-14
4	68248	4.358442711099	1.0000002e-14
4	68252	4.358584871314	1.0000002e-14
4	68262	4.359422356833	1.0000002e-14
4	68275	4.359608089471	1.0000002e-14
4	68282	4.36040391812	1.0000002e-14
4	68286	4.360574805393	1.0000002e-14
4	68296	4.3613649981	1.0000002e-14
4	68306	4.36157587968	1.0000002e-14
4	68313	4.362331395982	1.0000002e-14
4	68317	4.362556581387	7.0101035347638e-13
4	68321	4.363295199765	1.0000002e-14
4	68337	4.36360132928	1.0000002e-14
4	68344	4.364296475529	1.0000002e-14
4	68348	4.364640657269	1.0000002e-14
4	68352	4.365318132916	1.0000002e-14
4	68368	4.365649530799	1.0000002e-14
4	68375	4.36632912477	1.0000002e-14
4	68379	4.366620413134	1.0000002e-14
4	68386	4.367359308634	1.0000002e-14
4	68396	4.367635817228	1.0000002e-14
4	68406	4.368373256461	1.0000002e-14
4	68410	4.368622943689	1.0000002e-14
4	68417	4.369360452112	1.0000002e-14
4	68430	4.369636932525	1.0000002e-14
4	68437	4.370337039573	1.0000002e-14
4	68441	4.370667542779	1.0000002e-14
4	68448	4.371305964496	1.0000002e-14
4	68455	4.371629655203	1.0000002e-14
4	68468	4.372342131259	1.0000002e-14
4	68472	4.372630233774	1.0000002e-14
4	68479	4.373314978831	1.0000002e-14
4	68489	4.373641735691	1.0000002e-14
4	68499	4.374270286841	1.621534218364e-13
4	68503	4.374599114231	1.0000002e-14
4	68510	4.375301820933	1.0000002e-14
4	68517	4.375641247894	1.0000002e-14
4	68530	4.376307163503	1.0000002e-14
4	68534	4.376614015094	1.0000002e-14
4	68541	4.377305488299	1.0000002e-14
4	68545	4.377580830207	1.0000002e-14
4	68561	4.378316493239	1.0000002e-14
4	68565	4.378534144525	1.0000002e-14
4	68572	4.379325393896	1.0000002e-14
4	68579	4.379546967084	1.0000002e-14
4	68595	4.380351498494	1.0000002e-14
4	68599	4.380520332816	7.443207239873e-14
4	68606	4.381313120519	1.0000002e-14
4	68616	4.381557652949	1.0000002e-14
4	68626	4.382266447428	1.0000002e-14
4	68630	4.382520566297	1.0000002e-14
4	68637	4.383267448777	1.0000002e-14
4	68647	4.383522675776	1.0000002e-14
4	68657	4.384240602998	1.0000002e-14
4	68661	4.384493625828	1.5197361833151e-12
4	68668	4.385283963111	1.0000002e-14
4	68675	4.385531671749	1.0000002e-14
4	68688	4.38625044281	1.0000002e-14
4	68692	4.386483741153	1.0000002e-14
4	68699	4.387205669849	1.0000002e-14
4	68709	4.387502048332	1.0000002e-14
4	68716	4.388176513492	3.1659980997853e-10
4	68723	4.388470744045	1.0000002e-14
4	68730	4.389225445857	1.0000002e-14
4	68737	4.389469291589	1.0000002e-14
4	68747	4.39023990113	1.0000002e-14
4	68754	4.390481687341	1.0000002e-14
4	68758	4.3912032657	1.0000002e-14
4	68771	4.391479946829	1.0000002e-14
4	68778	4.392196485104	1.0000002e-14
4	68785	4.392456001594	1.0000002e-14
4	68792	4.393236813466	1.0000002e-14
4	68799	4.393431254975	1.0000002e-14
4	68809	4.394208622837	1.0000002e-14
4	68816	4.394477952164	1.0000002e-14
4	68823	4.395209782073	1.0000002e-14
4	68830	4.395510390368	1.0000002e-14
4	68843	4.396217171949	1.0000002e-14
4	68847	4.39654418159	1.0000002e-14
4	68854	4.397232549985	1.0000002e-14
4	68861	4.397559826933	1.0000002e-14
4	68871	4.398236402333	1.0000002e-14
4	68878	4.398591187751	1.0000002e-14
4	68885	4.399203691357	1.0000002e-14
4	68892	4.399585418242	1.0000002e-14
4	68905	4.400233928274	1.0000002e-14
4	68912	4.400595586996	1.0000002e-14
4	68919	4.401278160744	1.0000002e-14
4	68926	4.401618622038	1.0000002e-14
4	68939	4.402232071782	1.0000002e-14
4	68943	4.402653177478	1.0000002e-14
4	68950	4.403216199268	1.0000002e-14
4	68960	4.403687094555	1.0000002e-14
4	68967	4.404190836019	1.0000002e-14
4	68974	4.404640927435	1.0000002e-14
4	68981	4.405221031576	1.0000002e-14
4	68991	4.405615692762	1.0000002e-14
4	68998	4.406179139463	1.0000002e-14
4	69005	4.406660830087	1.0000002e-14
4	69012	4.40720415747	1.0000002e-14
4	69022	4.407670182639	1.0000002e-14
4	69029	4.408228014944	1.0000002e-14
4	69036	4.408668906133	1.0000002e-14
4	69043	4.409219415151	1.0000002e-14
4	69053	4.409704379987	1.0000002e-14
4	69063	4.410239093831	1.0000002e-14
4	69067	4.410695918631	1.0000002e-14
4	69074	4.41123409813	1.0000002e-14
4	69087	4.411737644388	1.0000002e-14
4	69094	4.412225218668	1.0000002e-14
4	69098	4.412711820009	1.0000002e-14
4	69105	4.413192671463	1.0000002e-14
4	69115	4.413672686598	1.0000002e-14
4	69125	4.414165000276	1.0000002e-14
4	69129	4.414661333258	1.0000002e-14
4	69136	4.415182145648	1.0000002e-14
4	69143	4.415651757861	1.0000002e-14
4	69153	4.416145158887	1.0000002e-14
4	69160	4.416691497346	1.0000002e-14
4	69167	4.417186281361	1.0000002e-14
4	69177	4.417690964145	1.0000002e-14
4	69184	4.418192343835	1.0000002e-14
4	69191	4.418725683106	1.0000002e-14
4	69198	4.41921531949	1.0000002e-14
4	69214	4.419767673901	1.0000002e-14
4	69218	4.420180331959	1.0000002e-14
4	69225	4.420752463394	2.1338748930708e-09
4	69229	4.421142025118	1.0000002e-14
4	69245	4.421710048946	1.0000002e-14
4	69249	4.422110440024	1.0000002e-14
4	69256	4.422684587257	1.0000002e-14
4	69260	4.423119476579	1.0000002e-14
4	69276	4.423654570835	1.0000002e-14
4	69280	4.424123808484	1.0000002e-14
4	69287	4.4246074258	1.0000002e-14
4	69294	4.425095999769	1.0000002e-14
4	69307	4.425631181529	1.0000002e-14
4	69311	4.426091336867	1.0000002e-14
4	69318	4.426582825062	1.0000002e-14
4	69322	4.427099462479	1.0000002e-14
4	69338	4.427604171311	1.0000002e-14
4	69345	4.428093857477	1.0000002e-14
4	69349	4.428623782003	1.0000002e-14
4	69356	4.42911591015	1.0000002e-14
4	69366	4.429589947164	1.0000002e-14
4	69373	4.430123904619	1.0000002e-14
4	69380	4.43062994251	1.0000002e-14
4	69387	4.43112590374	1.0000002e-14
4	69397	4.431627579748	1.8562094932296e-14
4	69407	4.43217355121	1.0000002e-14
4	69411	4.432628529899	1.0000002e-14
4	69421	4.433124088545	1.0000002e-14
4	69428	4.433611000397	1.0000002e-14
4	69435	4.434128187181	1.0000002e-14
4	69442	4.434607126031	1.0000002e-14
4	69452	4.435120974951	1.0000002e-14
4	69459	4.435628422734	1.0000002e-14
4	69466	4.436086973984	1.0000002e-14
4	69473	4.43661158643	1.0000002e-14
4	69480	4.437090432045	1.0000002e-14
4	69490	4.437603625184	1.0000002e-14
4	69500	4.438134102389	1.0000002e-14
4	69504	4.438627077999	1.0000002e-14
4	69511	4.439105113654	1.0000002e-14
4	69524	4.439621799777	1.0000002e-14
4	69534	4.4401108855	9.3628718256941e-14
4	69538	4.440659595693	1.0000002e-14
4	69545	4.441098670071	1.0000002e-14
4	69555	4.441643899466	1.0000002e-14
4	69565	4.44212417865	5.1274467261528e-14
4	69569	4.442645602888	1.0000002e-14
4	69576	4.443087667579	1.0000002e-14
4	69586	4.443653280552	1.0000002e-14
4	69596	4.444074844918	1.0000002e-14
4	69603	4.444684531248	1.0000002e-14
4	69607	4.445082695946	1.0000002e-14
4	69617	4.445642844554	1.0000002e-14
4	69627	4.446073515817	1.0000002e-14
4	69634	4.446672071011	1.0000002e-14
4	69638	4.447104889158	1.0000002e-14
4	69648	4.447631613553	1.0000002e-14
4	69658	4.448061704207	1.0000002e-14
4	69665	4.448595898988	1.0000002e-14
4	69669	4.449013961103	1.0000002e-14
4	69676	4.449617499407	1.0000002e-14
4	69689	4.450036606301	1.0000002e-14
4	69696	4.450650699257	1.0000002e-14
4	69700	4.45099795957	1.0000002e-14
4	69710	4.45165763144	1.0000002e-14
4	69720	4.45203470113	1.0000002e-14
4	69727	4.45265183736	1.0000002e-14
4	69731	4.45304722305	1.0000002e-14
4	69741	4.453671072974	1.0000002e-14
4	69751	4.454063031972	1.0000002e-14
4	69755	4.454678214501	1.0000002e-14
4	69762	4.455042166872	1.0000002e-14
4	69772	4.455670972655	1.0000002e-14
4	69782	4.456035337756	1.0000002e-14
4	69786	4.456624250065	1.0000002e-14
4	69793	4.457014949307	4.2062584973558e-14
4	69803	4.457671389626	1.0000002e-14
4	69813	4.458063777703	1.0000002e-14
4	69820	4.45870532784	1.0000002e-14
4	69824	4.459036514752	1.0000002e-14
4	69837	4.459745988554	1.0000002e-14
4	69847	4.460024972868	1.0000002e-14
4	69854	4.460764279147	1.0000002e-14
4	69858	4.461073916746	1.0000002e-14
4	69871	4.461812835796	1.0000002e-14
4	69878	4.462114168926	1.0000002e-14
4	69885	4.462806168475	1.0000002e-14
4	69889	4.463155702202	1.0000002e-14
4	69902	4.463798639419	1.0000002e-14
4	69909	4.464193815114	1.0000002e-14
4	69916	4.464795707322	1.0000002e-14
4	69920	4.465148246795	1.0000002e-14
4	69933	4.465791152406	1.0000002e-14
4	69940	4.466146808341	1.0000002e-14
4	69947	4.466761057038	1.0000002e-14
4	69951	4.467166906715	1.0000002e-14
4	69958	4.467738804715	1.0000002e-14
4	69971	4.468155388649	1.0000002e-14
4	69978	4.468695735985	1.0000002e-14
4	69982	4.469142749799	1.0000002e-14
4	69992	4.469700413292	1.0000002e-14
4	70002	4.470182825498	1.0000002e-14
4	70009	4.470698352598	1.0000002e-14
4	70013	4.471209790566	1.0000002e-14
4	70023	4.471728402954	1.0000002e-14
4	70036	4.472252587764	1.0000002e-14
4	70040	4.472751530494	1.0000002e-14
4	70044	4.473274677229	1.0000002e-14
4	70054	4.473796923502	1.0000002e-14
4	70067	4.474265081344	1.0000002e-14
4	70071	4.474820365669	1.0000002e-14
4	70075	4.475222955102	1.0000002e-14
4	70088	4.475865755018	1.0000002e-14
4	70098	4.476208676886	1.0000002e-14
4	70102	4.476821458149	1.0000002e-14
4	70109	4.477221361802	1.0000002e-14
4	70116	4.477827142751	1.0000002e-14
4	70126	4.478249914753	1.0000002e-14
4	70133	4.478782954692	1.0000002e-14
4	70140	4.47929926919	1.0000002e-14
4	70153	4.4797605041	1.0000002e-14
4	70160	4.480283073584	1.0000002e-14
4	70167	4.48077577837	1.0000002e-14
4	70171	4.481237162397	1.0000002e-14
4	70181	4.481759896107	1.0000002e-14
4	70191	4.482188162049	1.0000002e-14
4	70198	4.482728279982	1.0000002e-14
4	70202	4.483154460397	1.0000002e-14
4	70212	4.483750389996	1.0000002e-14
4	70222	4.484153133328	1.0000002e-14
4	70229	4.484777701247	1.0000002e-14
4	70233	4.485150743715	1.0000002e-14
4	70246	4.485793876283	1.0000002e-14
4	70253	4.48618871234	1.0000002e-14
4	70260	4.486749373032	1.0000002e-14
4	70264	4.487214095947	1.0000002e-14
4	70274	4.487752009388	1.0000002e-14
4	70284	4.488242784886	1.0000002e-14
4	70291	4.488714551384	1.0000002e-14
4	70295	4.489287588093	1.0000002e-14
4	70302	4.489696450162	1.0000002e-14
4	70318	4.490241987287	1.0000002e-14
4	70322	4.490669297589	1.0000002e-14
4	70326	4.491244334593	1.0000002e-14
4	70333	4.491701264515	1.0000002e-14
4	70346	4.492225713547	1.0000002e-14
4	70353	4.492667022193	1.0000002e-14
4	70360	4.493227941234	1.0000002e-14
4	70364	4.493647657257	1.0000002e-14
4	70377	4.494221784757	1.0000002e-14
4	70384	4.494606235621	1.0000002e-14
4	70388	4.495177233372	1.0000002e-14
4	70395	4.495646925619	1.0000002e-14
4	70408	4.49621871905	1.0000002e-14
4	70415	4.49663209796	1.0000002e-14
4	70419	4.497204519649	1.0000002e-14
4	70426	4.497582259338	1.0000002e-14
4	70439	4.498199372406	1.0000002e-14
4	70446	4.498611097497	1.0000002e-14
4	70450	4.499226836124	6.4656268105171e-13
4	70463	4.499657404168	1.0000002e-14
4	70475	4.500262843322	1.0000002e-14
4	70482	4.500688320221	1.0000002e-14
4	70486	4.501307831135	1.0000002e-14
4	70496	4.501649600831	1.0000002e-14
4	70509	4.502316603213	1.0000002e-14
4	70513	4.50261316531	1.0000002e-14
4	70517	4.503281178898	1.0000002e-14
4	70530	4.503576655429	1.0000002e-14
4	70540	4.504328155789	1.0000002e-14
4	70544	4.504579249348	1.0000002e-14
4	70548	4.505309993735	1.0000002e-14
4	70558	4.505583100639	1.0000002e-14
4	70568	4.506268735732	1.0000002e-14
4	70575	4.506593313935	1.0000002e-14
4	70582	4.507289004944	1.0000002e-14
4	70589	4.507602529306	1.0000002e-14
4	70602	4.508258807376	1.0000002e-14
4	70606	4.508556217729	1.0000002e-14
4	70613	4.509262325442	1.0000002e-14
4	70620	4.509521449536	1.0000002e-14
4	70633	4.510258490854	1.0000002e-14
4	70637	4.510529223679	1.0000002e-14
4	70644	4.511281835882	1.0000002e-14
4	70654	4.511546314382	1.0000002e-14
4	70664	4.51223983785	3.6469752842765e-14
4	70668	4.512595607267	1.0000002e-14
4	70672	4.51320642538	1.0000002e-14
4	70685	4.513600487791	1.0000002e-14
4	70695	4.514225013514	1.0000002e-14
4	70699	4.514612412112	1.0000002e-14
4	70703	4.515232969449	1.4016563154399e-14
4	70716	4.515651959567	1.0000002e-14
4	70726	4.516208352743	1.0000002e-14
4	70730	4.516683059648	2.0897541526124e-09
4	70734	4.517171658401	1.0000002e-14
4	70747	4.517689626354	1.0000002e-14
4	70757	4.518204012907	1.0000002e-14
4	70761	4.518713927733	1.4860067311743e-13
4	70765	4.519168102176	1.0000002e-14
4	70781	4.519749406579	1.0000002e-14
4	70791	4.520139856206	1.0000002e-14
4	70795	4.520781494713	1.0000002e-14
4	70802	4.521136168389	1.0000002e-14
4	70812	4.521741087317	1.2837818344508e-13
4	70819	4.522094416844	1.0000002e-14
4	70826	4.522701785097	1.0000002e-14
4	70830	4.523061162365	1.0000002e-14
4	70843	4.523673771379	1.0000002e-14
4	70850	4.524076143297	1.0000002e-14
4	70857	4.52467367003	1.0000002e-14
4	70861	4.525037770598	1.0000002e-14
4	70874	4.525667578677	1.0000002e-14
4	70884	4.526055708526	1.0000002e-14
4	70888	4.526695458672	1.0000002e-14
4	70892	4.527054624704	1.0000002e-14
4	70902	4.527661641606	1.0000002e-14
4	70915	4.528025734606	1.0000002e-14
4	70919	4.528621466824	1.0000002e-14
4	70923	4.529018559424	1.0000002e-14
4	70933	4.529635564443	1.0000002e-14
4	70946	4.530023503267	1.0000002e-14
4	70950	4.530647134663	1.0000002e-14
4	70954	4.531047116958	1.0000002e-14
4	70970	4.531618514995	1.0000002e-14
4	70977	4.532047430555	1.0000002e-14
4	70981	4.532640442241	1.0000002e-14
4	70985	4.533080361057	1.0000002e-14
4	70998	4.533673599526	1.0000002e-14
4	71008	4.534088530082	1.0000002e-14
4	71012	4.534709480895	1.0000002e-14
4	71016	4.535087399495	1.0000002e-14
4	71029	4.535665196201	1.0000002e-14
4	71039	4.536123393423	1.0000002e-14
4	71043	4.536641215635	1.0000002e-14
4	71047	4.537137574763	1.0000002e-14
4	71060	4.537642172784	1.0000002e-14
4	71070	4.538129837017	1.0000002e-14
4	71074	4.538646842728	7.5953088125198e-11
4	71078	4.539173473414	1.0000002e-14
4	71094	4.53967541405	1.0000002e-14
4	71104	4.540152635256	1.0000002e-14
4	71108	4.540644042091	1.0000002e-14
4	71112	4.541108401993	1.0000002e-14
4	71125	4.541617409768	1.0000002e-14
4	71135	4.542113994171	1.0000002e-14
4	71139	4.542590042089	1.0000002e-14
4	71143	4.543159902019	1.0000002e-14
4	71156	4.543631925255	1.0000002e-14
4	71166	4.544137228906	1.0000002e-14
4	71170	4.544677048338	1.0000002e-14
4	71174	4.54509329285	1.0000002e-14
4	71187	4.54566561651	1.0000002e-14
4	71197	4.546061488407	1.0000002e-14
4	71201	4.546667564102	1.9098171310012e-14
4	71205	4.547107866832	1.0000002e-14
4	71218	4.5476750141	1.0000002e-14
4	71228	4.548126107364	1.0000002e-14
4	71232	4.548666304709	1.0000002e-14
4	71236	4.549077821019	1.0000002e-14
4	71249	4.549675114646	2.6430713416016e-10
4	71256	4.550117226456	1.0000002e-14
4	71263	4.550666860375	1.0000002e-14
4	71267	4.551103476093	1.0000002e-14
4	71277	4.551634541145	1.0000002e-14
4	71290	4.552122144742	1.0000002e-14
4	71294	4.552655739708	1.0000002e-14
4	71298	4.553131161641	1.0000002e-14
4	71311	4.553624549598	1.0000002e-14
4	71321	4.554169241936	1.0000002e-14
4	71325	4.554663780137	1.0000002e-14
4	71332	4.555119917033	1.0000002e-14
4	71342	4.555685825888	1.0000002e-14
4	71352	4.556075281375	1.0000002e-14
4	71356	4.556676356052	1.0000002e-14
4	71363	4.557065253217	1.0000002e-14
4	71373	4.557715364222	1.0000002e-14
4	71383	4.558067038145	1.0000002e-14
4	71387	4.558739592238	1.0000002e-14
4	71394	4.559097914561	1.0000002e-14
4	71407	4.55975225132	1.0000002e-14
4	71417	4.560062068224	1.0000002e-14
4	71421	4.560732963186	1.0000002e-14
4	71428	4.56109723797	1.0000002e-14
4	71441	4.56168718858	1.0000002e-14
4	71448	4.562099530021	1.0000002e-14
4	71452	4.562690932534	9.9591202755854e-11
4	71459	4.563049728975	1.0000002e-14
4	71469	4.563659793575	1.0000002e-14
4	71479	4.564032585916	1.0000002e-14
4	71486	4.564669488667	1.0000002e-14
4	71490	4.565029640679	1.0000002e-14
4	71500	4.565681330508	6.8920788240397e-07
4	71507	4.566044681526	1.0000002e-14
4	71517	4.566658910508	1.0000002e-14
4	71521	4.567065115894	1.0000002e-14
4	71531	4.567678914784	1.0000002e-14
4	71538	4.568016614458	1.0000002e-14
4	71548	4.568683158037	1.0000002e-14
4	71552	4.569021360073	1.0000002e-14
4	71562	4.569644664914	6.713952155254e-12
4	71569	4.570037243719	1.0000002e-14
4	71579	4.570662425279	1.0000002e-14
4	71583	4.571060208541	1.0000002e-14
4	71596	4.571687376056	1.0000002e-14
4	71600	4.572048224601	1.0000002e-14
4	71610	4.572638017048	1.0000002e-14
4	71614	4.57305077988	1.0000002e-14
4	71627	4.573684766138	1.0000002e-14
4	71631	4.574041195436	1.0000002e-14
4	71641	4.574686352129	1.0000002e-14
4	71645	4.575039030826	1.0000002e-14
4	71658	4.575707451837	1.1051655750757e-14
4	71662	4.575993456127	1.0000002e-14
4	71672	4.576754797953	1.0000002e-14
4	71676	4.57699347479	5.3127889883532e-14
4	71689	4.577736920002	1.0000002e-14
4	71693	4.577955964243	1.0000002e-14
4	71703	4.578712542163	1.0000002e-14
4	71707	4.578935481996	1.0000002e-14
4	71723	4.579740455378	1.0000002e-14
4	71727	4.579912872246	1.0000002e-14
4	71737	4.580756493483	1.0000002e-14
4	71741	4.580870567008	1.0000002e-14
4	71754	4.581782926105	1.0000002e-14
4	71758	4.581848209415	1.0000002e-14
4	71768	4.582752434369	1.0000002e-14
4	71772	4.582820983023	1.0000002e-14
4	71785	4.583788822112	1.0000002e-14
4	71789	4.583862075824	1.0000002e-14
4	71799	4.584807938759	1.0000002e-14
4	71803	4.584905927779	1.0000002e-14
4	71816	4.585820312095	1.0000002e-14
4	71820	4.585866932249	1.0000002e-14
4	71830	4.586789782096	1.0000002e-14
4	71834	4.58685893849	1.0000002e-14
4	71847	4.587755378277	1.0000002e-14
4	71851	4.587850032967	1.0000002e-14
4	71861	4.588747895518	1.0000002e-14
4	71865	4.588837485442	1.0000002e-14
4	71878	4.589713575116	3.4858273399026e-14
4	71882	4.589797840733	1.0000002e-14
4	71892	4.590673887282	1.0000002e-14
4	71896	4.590824070896	3.1520369886264e-14
4	71909	4.591718052106	1.0000002e-14
4	71913	4.591800871774	1.0000002e-14
4	71923	4.592760245166	2.1620396111153e-10
4	71927	4.592769541993	1.0000002e-14
4	71940	4.593730022264	1.0000002e-14
4	71944	4.593782001831	3.4488388714451e-14
4	71954	4.594712699757	1.0000002e-14
4	71958	4.594811732212	9.2627617146887e-14
4	71971	4.595692068007	1.0000002e-14
4	71975	4.595841560528	1.0000002e-14
4	71982	4.596676903649	1.0000002e-14
4	71989	4.596885418042	1.0000002e-14
4	71999	4.597659021772	1.2443308532093e-14
4	72006	4.597836265343	1.0000002e-14
4	72013	4.598671966944	1.0000002e-14
4	72020	4.598883472964	1.0000002e-14
4	72036	4.599683310737	1.0000002e-14
4	72040	4.599929530515	1.0000002e-14
4	72050	4.600656762843	1.7914069631632e-09
4	72054	4.600900971327	4.107825451666e-14
4	72067	4.601702463546	1.0000002e-14
4	72071	4.601866466782	1.0000002e-14
4	72081	4.602681876578	1.0000002e-14
4	72085	4.602844450384	1.9702862627067e-07
4	72098	4.603638919457	1.8633998530637e-14
4	72102	4.603886508414	7.3815940501414e-14
4	72112	4.604589152897	1.0000002e-14
4	72116	4.6049063173	1.5829295055654e-07
4	72123	4.605565258621	1.0000002e-14
4	72133	4.605933383595	1.0000002e-14
4	72143	4.606533328999	4.0743755941781e-13
4	72147	4.606920153386	1.0000002e-14
4	72154	4.607529860893	1.0000002e-14
4	72164	4.607955995175	1.0000002e-14
4	72171	4.608482217511	1.0000002e-14
4	72178	4.608948074165	1.0000002e-14
4	72185	4.609436908394	1.0000002e-14
4	72195	4.609947620319	1.0000002e-14
4	72202	4.610443712569	1.0000002e-14
4	72209	4.610984847623	1.0000002e-14
4	72216	4.611474656519	1.0000002e-14
4	72226	4.612025849779	1.0000002e-14
4	72233	4.612427629982	1.0000002e-14
4	72240	4.613036915234	1.0000002e-14
4	72247	4.613400454928	1.0000002e-14
4	72257	4.614008866256	1.0000002e-14
4	72261	4.614413006948	1.0000002e-14
4	72271	4.615053834072	1.0000002e-14
4	72278	4.615404726819	1.0000002e-14
4	72288	4.616103532192	1.0000002e-14
4	72292	4.616381012946	1.0000002e-14
4	72302	4.617072809722	1.0000002e-14
4	72309	4.6173866124	1.0000002e-14
4	72319	4.618031027875	1.0000002e-14
4	72326	4.618365224307	1.0000002e-14
4	72330	4.619040198903	1.0000002e-14
4	72343	4.619379182739	1.0000002e-14
4	72353	4.620002485483	1.0000002e-14
4	72360	4.62038223779	1.0000002e-14
4	72364	4.620955867048	1.0000002e-14
4	72377	4.621384099691	1.0000002e-14
4	72381	4.621934107605	1.0000002e-14
4	72391	4.62242551269	1.0000002e-14
4	72395	4.622889703615	1.0000002e-14
4	72408	4.623380755826	1.0000002e-14
4	72412	4.623873577836	1.0000002e-14
4	72422	4.624426536617	1.0000002e-14
4	72426	4.624891015334	4.3026984530008e-14
4	72439	4.625454152027	1.0000002e-14
4	72443	4.625920140399	1.0000002e-14
4	72453	4.626502879413	1.0000002e-14
4	72457	4.626922331774	1.0000002e-14
4	72470	4.627486241787	1.0000002e-14
4	72474	4.627923940215	1.0000002e-14
4	72484	4.628523807106	1.0000002e-14
4	72491	4.62892270546	1.0000002e-14
4	72501	4.629499587874	1.0000002e-14
4	72508	4.629933851687	1.0000002e-14
4	72515	4.630463273835	1.0000002e-14
4	72522	4.630886940371	1.0000002e-14
4	72532	4.631490402655	1.0000002e-14
4	72539	4.631898221566	1.0000002e-14
4	72546	4.632452429744	1.0000002e-14
4	72556	4.632860378555	1.0000002e-14
4	72563	4.633406495533	1.0000002e-14
4	72567	4.633832467432	1.0000002e-14
4	72577	4.634359337735	1.0000002e-14
4	72584	4.634808232262	1.0000002e-14
4	72591	4.635329888975	1.0000002e-14
4	72601	4.635768937239	1.0000002e-14
4	72608	4.636372602943	1.0000002e-14
4	72615	4.636741032021	1.0000002e-14
4	72625	4.63737597197	1.0000002e-14
4	72629	4.637763903085	1.0000002e-14
4	72642	4.638396080507	1.0000002e-14
4	72646	4.638791397445	1.0000002e-14
4	72659	4.639386530497	1.4098321215649e-13
4	72663	4.639759437084	6.7415121103114e-13
4	72673	4.640400480714	1.0000002e-14
4	72680	4.640807706784	1.0000002e-14
4	72690	4.641399060351	1.0000002e-14
4	72697	4.641842209908	1.0000002e-14
4	72704	4.642411546501	1.0000002e-14
4	72711	4.64284588719	1.0000002e-14
4	72721	4.643432057302	1.0000002e-14
4	72728	4.643866793208	1.0000002e-14
4	72738	4.644434042851	1.0000002e-14
4	72742	4.644828717147	1.0000002e-14
4	72749	4.645409511375	1.0000002e-14
4	72759	4.645827289322	1.0000002e-14
4	72769	4.646420980264	1.0000002e-14
4	72773	4.646837021705	1.0000002e-14
4	72780	4.647383198141	1.0000002e-14
4	72790	4.64785656227	1.0000002e-14
4	72800	4.648418494311	1.0000002e-14
4	72804	4.648898916284	1.0000002e-14
4	72814	4.649410009423	1.0000002e-14
4	72821	4.64987230715	1.0000002e-14
4	72831	4.650433841456	1.0000002e-14
4	72835	4.650888950044	1.0000002e-14
4	72845	4.651466295385	1.6626970827399e-13
4	72852	4.651859996174	1.0000002e-14
4	72862	4.652497697996	1.0000002e-14
4	72866	4.652865390319	1.0000002e-14
4	72873	4.653463352675	1.0000002e-14
4	72883	4.653819547688	1.0000002e-14
4	72893	4.654512282951	1.0000002e-14
4	72897	4.65481896447	1.0000002e-14
4	72910	4.65554345443	1.0000002e-14
4	72914	4.655776743693	1.0000002e-14
4	72924	4.656548187974	1.0000002e-14
4	72928	4.65676164496	1.0000002e-14
4	72938	4.65755879333	1.0000002e-14
4	72945	4.657740995869	1.0000002e-14
4	72955	4.658562035532	1.0000002e-14
4	72959	4.658703859654	1.0000002e-14
4	72975	4.65953463465	1.0000002e-14
4	72979	4.659674098224	1.0000002e-14
4	72989	4.660547402331	1.0000002e-14
4	72993	4.66071176953	1.0000002e-14
4	73003	4.661528406488	1.0000002e-14
4	73010	4.661736077837	1.0000002e-14
4	73020	4.662508218683	1.0000002e-14
4	73024	4.662707594131	1.0000002e-14
4	73031	4.663463341242	1.0000002e-14
4	73041	4.663665543293	1.0000002e-14
4	73051	4.664426789821	1.0000002e-14
4	73055	4.664710423035	1.0000002e-14
4	73065	4.665425691556	1.0000002e-14
4	73072	4.665721755082	1.0000002e-14
4	73082	4.666422453215	1.0000002e-14
4	73086	4.666675974752	1.0000002e-14
4	73096	4.667466486819	1.0000002e-14
4	73103	4.667626308334	1.0000002e-14
4	73113	4.668499103311	1.0000002e-14
4	73117	4.668626570104	1.0000002e-14
4	73127	4.66945140015	1.0000002e-14
4	73131	4.669620804182	1.0000002e-14
4	73141	4.67043455788	1.0000002e-14
4	73148	4.670643240061	1.0000002e-14
4	73158	4.671429348951	1.0000002e-14
4	73165	4.67159937283	1.0000002e-14
4	73175	4.672414421459	1.0000002e-14
4	73179	4.672624631904	1.0000002e-14
4	73186	4.673458911647	3.5639068158385e-14
4	73196	4.673603400499	1.0000002e-14
4	73206	4.674456436242	1.0000002e-14
4	73210	4.674625420918	1.0000002e-14
4	73217	4.675416919725	1.0000002e-14
4	73227	4.675618463571	1.0000002e-14
4	73237	4.676421082743	1.0000002e-14
4	73241	4.676651915866	1.0000002e-14
4	73248	4.677435780764	1.0000002e-14
4	73258	4.677665993668	1.0000002e-14
4	73268	4.678408772492	1.0000002e-14
4	73272	4.678709170906	1.0000002e-14
4	73282	4.679437763201	1.0000002e-14
4	73289	4.679717025251	1.0000002e-14
4	73299	4.680469714599	1.0000002e-14
4	73306	4.680748877488	1.0000002e-14
4	73313	4.681431873528	1.0000002e-14
4	73320	4.681718423674	1.0000002e-14
4	73333	4.682411498937	1.0000002e-14
4	73337	4.682758026005	1.0000002e-14
4	73344	4.683378007336	1.0000002e-14
4	73354	4.683763253728	2.8176015168071e-09
4	73361	4.684366615792	1.0000002e-14
4	73368	4.684747828553	1.0000002e-14
4	73375	4.685387790625	1.0000002e-14
4	73385	4.685774567027	1.0000002e-14
4	73395	4.686367460953	1.0000002e-14
4	73399	4.686816659137	1.0000002e-14
4	73406	4.68732219638	1.0000002e-14
4	73416	4.687840352717	1.0000002e-14
4	73423	4.688274944894	1.0000002e-14
4	73430	4.688859363266	1.0000002e-14
4	73437	4.689264496593	1.0000002e-14
4	73444	4.689848142443	1.0000002e-14
4	73454	4.690285726553	1.0000002e-14
4	73464	4.690875859302	1.0000002e-14
4	73471	4.691241914008	1.0000002e-14
4	73481	4.691910588872	1.0000002e-14
4	73485	4.692220431108	6.6802679169444e-12
4	73495	4.692899293921	1.0000002e-14
4	73502	4.693210306467	1.0000002e-14
4	73509	4.693856031392	1.0000002e-14
4	73516	4.694220720579	1.0000002e-14
4	73523	4.69487032081	1.0000002e-14
4	73533	4.695195645162	1.0000002e-14
4	73540	4.69585931762	1.6338689182587e-09
4	73547	4.696198155075	2.7645362849314e-14
4	73554	4.696894495404	1.0000002e-14
4	73564	4.697172129675	2.6394075441735e-11
4	73574	4.697933674729	1.0000002e-14
4	73578	4.698157650367	8.4226883130522e-13
4	73585	4.698899209163	1.0000002e-14
4	73595	4.699172568828	1.0000002e-14
4	73608	4.699852982458	1.0000002e-14
4	73612	4.7001953426	1.0000002e-14
4	73619	4.700862630807	1.0000002e-14
4	73626	4.701164085088	1.0000002e-14
4	73639	4.70185714816	1.0000002e-14
4	73643	4.702181948174	1.0000002e-14
4	73650	4.702889654565	1.0000002e-14
4	73654	4.703137183807	1.0000002e-14
4	73670	4.703925912986	1.0000002e-14
4	73674	4.704166318872	1.0000002e-14
4	73681	4.704934106109	1.0000002e-14
4	73688	4.705208171776	1.0000002e-14
4	73701	4.70596748079	1.0000002e-14
4	73705	4.706205094133	1.0000002e-14
4	73712	4.707002581393	1.0000002e-14
4	73716	4.707223565954	1.0000002e-14
4	73732	4.708027410282	1.0000002e-14
4	73736	4.708222513709	2.0895725038644e-07
4	73740	4.709077319109	1.0000002e-14
4	73750	4.709237088594	1.0000002e-14
4	73763	4.71011676859	1.0000002e-14
4	73767	4.710216558466	1.0000002e-14
4	73774	4.711130288367	1.0000002e-14
4	73787	4.711226374738	1.0000002e-14
4	73794	4.712109318355	1.0000002e-14
4	73798	4.712249297945	1.0000002e-14
4	73808	4.713093972858	1.0000002e-14
4	73818	4.71324627315	1.0227239241939e-13
4	73825	4.714078930215	1.0000002e-14
4	73829	4.714243945836	1.0000002e-14
4	73839	4.715035622585	1.0000002e-14
4	73846	4.715223927432	1.0000002e-14
4	73856	4.71600496054	1.0000002e-14
4	73860	4.716227884333	1.0000002e-14
4	73867	4.717047646484	1.0000002e-14
4	73877	4.717215693067	1.0000002e-14
4	73887	4.718054402566	1.0000002e-14
4	73891	4.718236431607	1.0000002e-14
4	73898	4.719034573706	1.0000002e-14
4	73908	4.719241099156	1.0000002e-14
4	73921	4.720025526208	1.0000002e-14
4	73925	4.720217188489	1.0000002e-14
4	73932	4.721048018673	1.0000002e-14
4	73936	4.721201531802	1.0000002e-14
4	73952	4.722072658323	1.0000002e-14
4	73956	4.722216660433	1.0000002e-14
4	73966	4.723119303704	1.0000002e-14
4	73970	4.723228018037	1.0000002e-14
4	73983	4.724130626679	1.0000002e-14
4	73987	4.724221049104	1.0000002e-14
4	73994	4.725139678994	1.0000002e-14
4	73998	4.725183926062	1.0000002e-14
4	74014	4.726142483801	1.0000002e-14
4	74018	4.726150611577	1.0000002e-14
4	74025	4.727103555403	1.0000002e-14
4	74029	4.727133862618	1.0000002e-14
4	74045	4.728090243932	1.0000002e-14
4	74049	4.728123499715	1.0000002e-14
4	74056	4.729119383322	3.3638501279896e-13
4	74060	4.729160317256	1.0000002e-14
4	74079	4.730100390907	1.0000002e-14
4	74083	4.730176629273	1.0000002e-14
4	74087	4.731058875749	1.0000002e-14
4	74094	4.731208233057	1.0000002e-14
4	74107	4.732076423695	1.0000002e-14
4	74114	4.732194574364	1.0000002e-14
4	74118	4.733029997315	1.0000002e-14
4	74125	4.733241705951	1.0000002e-14
4	74138	4.734052811379	1.0000002e-14
4	74142	4.734249086166	1.0000002e-14
4	74152	4.735091330401	1.0000002e-14
4	74162	4.735213488091	1.0000002e-14
4	74169	4.736117156329	1.0000002e-14
4	74176	4.736243719128	1.0000002e-14
4	74186	4.737112535332	1.0000002e-14
4	74193	4.737267993203	1.0000002e-14
4	74200	4.738112638794	1.0000002e-14
4	74207	4.738269447548	1.0000002e-14
4	74217	4.739104592449	4.7807670563796e-13
4	74224	4.739281382903	1.0000002e-14
4	74234	4.740147045106	1.0000002e-14
4	74241	4.74032703441	1.0000002e-14
4	74251	4.741132605376	1.0000002e-14
4	74255	4.741285900609	1.0000002e-14
4	74265	4.742099103375	1.0000002e-14
4	74269	4.742258859324	1.0000002e-14
4	74282	4.74313808224	1.0000002e-14
4	74286	4.743292443826	1.0000002e-14
4	74296	4.744108298485	3.1539329529424e-13
4	74300	4.744311711348	4.3670646656462e-14
4	74313	4.745108764933	1.0000002e-14
4	74317	4.745292730249	1.0000002e-14
4	74327	4.746113504746	1.0000002e-14
4	74331	4.74627458604	1.0000002e-14
4	74341	4.747158959719	1.0000002e-14
4	74348	4.747300366948	1.0000002e-14
4	74361	4.748170476183	1.0000002e-14
4	74365	4.748313769272	1.0000002e-14
4	74372	4.749188107593	4.2418071337127e-09
4	74379	4.749337831436	1.0000002e-14
4	74394	4.750191247818	1.0000002e-14
4	74398	4.750316583764	1.0000002e-14
4	74405	4.751151366909	1.0000002e-14
4	74412	4.751275000594	1.0000002e-14
4	74422	4.752160685802	1.0000002e-14
4	74429	4.752286652997	1.0000002e-14
4	74439	4.753185894913	1.0000002e-14
4	74443	4.753279390468	1.0000002e-14
4	74453	4.754219139382	1.0000002e-14
4	74460	4.754313589179	1.0000002e-14
4	74470	4.75524107829	1.0000002e-14
4	74474	4.755296728376	1.0000002e-14
4	74487	4.756221304968	1.0000002e-14
4	74491	4.756288428192	1.0000002e-14
4	74501	4.757221051434	1.8798236462363e-07
4	74505	4.757239215771	1.0000002e-14
4	74515	4.758207963315	1.0000002e-14
4	74519	4.758215881677	2.2811525836682e-14
4	74535	4.759188753877	1.0000002e-14
4	74539	4.759262221356	1.0000002e-14
4	74549	4.760165842214	1.0000002e-14
4	74553	4.76023382426	1.0000002e-14
4	74566	4.761130673662	1.0000002e-14
4	74570	4.761255933696	1.0000002e-14
4	74580	4.762158256369	1.0000002e-14
4	74584	4.762301705484	1.0000002e-14
4	74597	4.76317287311	1.0000002e-14
4	74601	4.763320337723	1.0000002e-14
4	74611	4.764187860618	1.0000002e-14
4	74618	4.764284441365	1.0000002e-14
4	74628	4.76519813966	7.9508588220262e-12
4	74632	4.765302382834	7.8536134452528e-12
4	74645	4.766237306277	1.0000002e-14
4	74652	4.766318073181	1.0000002e-14
4	74659	4.767191081828	1.0000002e-14
4	74663	4.767340825672	1.0000002e-14
4	74679	4.768222291356	1.0000002e-14
4	74683	4.768367700444	1.0000002e-14
4	74690	4.769231539881	1.0000002e-14
4	74694	4.76940179932	1.0000002e-14
4	74710	4.770269768987	1.0000002e-14
4	74714	4.770447752226	1.0000002e-14
4	74721	4.771289600238	1.0000002e-14
4	74725	4.771412905326	1.0000002e-14
4	74741	4.772338377383	1.0000002e-14
4	74745	4.772381843894	1.0000002e-14
4	74752	4.773342002062	1.0000002e-14
4	74756	4.773365513679	1.0000002e-14
4	74769	4.77435189907	1.0000002e-14
4	74773	4.774356676916	1.0000002e-14
4	74783	4.77530873324	1.0000002e-14
4	74787	4.775379837657	1.0000002e-14
4	74800	4.776315581686	1.0000002e-14
4	74807	4.776379557036	1.7575856245783e-13
4	74814	4.777299318291	1.0000002e-14
4	74818	4.777377929217	1.0000002e-14
4	74831	4.778305690998	1.0000002e-14
4	74835	4.778393228717	1.0000002e-14
4	74848	4.779323367245	1.0000002e-14
4	74852	4.779365165701	1.0093297500851e-12
4	74865	4.780337183965	1.0000002e-14
4	74869	4.78033883207	1.0000002e-14
4	74879	4.78132267209	1.0000002e-14
4	74883	4.781331636023	1.0000002e-14
4	74896	4.782318020758	1.0000002e-14
4	74900	4.782328832038	1.0000002e-14
4	74910	4.783303925575	1.0000002e-14
4	74914	4.783366688483	2.0452353034e-12
4	74927	4.784287822169	1.0000002e-14
4	74931	4.784395435986	1.0000002e-14
4	74941	4.785323271391	1.0000002e-14
4	74945	4.785372662993	1.0000002e-14
4	74958	4.786288547315	1.0000002e-14
4	74962	4.786330646682	1.0000002e-14
4	74972	4.78725562425	5.2825362289037e-14
4	74976	4.787287102143	1.0000002e-14
4	74989	4.788274033342	1.0000002e-14
4	74993	4.788288486627	1.0000002e-14
4	75003	4.789241995382	1.0000002e-14
4	75007	4.789331070682	1.0000002e-14
4	75017	4.790287087173	1.0000002e-14
4	75021	4.790353759674	1.0000002e-14
4	75034	4.791301303177	1.0000002e-14
4	75038	4.791373361829	1.0000002e-14
4	75048	4.792295182645	1.0000002e-14
4	75052	4.792383365838	5.5441002673424e-11
4	75065	4.793248123759	1.4123297617397e-13
4	75072	4.793336806167	1.0000002e-14
4	75079	4.79421400019	1.0000002e-14
4	75083	4.794336855922	1.0000002e-14
4	75096	4.795246466918	1.0000002e-14
4	75100	4.795320054358	1.0000002e-14
4	75110	4.79625946957	1.0000002e-14
4	75114	4.796333601693	1.0000002e-14
4	75127	4.797281339281	1.0000002e-14
4	75131	4.797343788928	1.0000002e-14
4	75141	4.798237061631	1.0000002e-14
4	75145	4.798338571014	1.0000002e-14
4	75161	4.799218715275	1.0000002e-14
4	75168	4.79937144856	1.0000002e-14
4	75175	4.800201974017	1.0000002e-14
4	75179	4.800358817417	1.0000002e-14
4	75195	4.801208857088	1.0000002e-14
4	75199	4.801327310363	1.0000002e-14
4	75206	4.80224829938	1.0000002e-14
4	75210	4.802311565672	1.0000002e-14
4	75226	4.803252741354	1.0000002e-14
4	75230	4.803355605755	1.0000002e-14
4	75237	4.804285793012	1.0000002e-14
4	75241	4.804340547562	1.0000002e-14
4	75257	4.80523704905	1.0000002e-14
4	75261	4.805307111416	1.0000002e-14
4	75268	4.806214869079	1.0000002e-14
4	75272	4.806287124664	1.0000002e-14
4	75285	4.807246908885	1.0000002e-14
4	75292	4.807324789327	1.0000002e-14
4	75299	4.808267549589	1.0000002e-14
4	75306	4.808321067911	1.0000002e-14
4	75316	4.80927255198	1.0000002e-14
4	75320	4.809339288605	1.0000002e-14
4	75330	4.810249716281	1.0000002e-14
4	75337	4.81029527818	1.0000002e-14
4	75347	4.811268766586	1.0000002e-14
4	75351	4.811271852318	1.0000002e-14
4	75358	4.812237291495	1.0000002e-14
4	75362	4.812291556683	1.0000002e-14
4	75375	4.813201361039	1.0000002e-14
4	75385	4.813263272881	1.0000002e-14
4	75389	4.814158754407	1.0000002e-14
4	75396	4.814221105144	1.0000002e-14
4	75406	4.815132484844	1.0000002e-14
4	75413	4.815266788233	1.0000002e-14
4	75423	4.816160698927	1.0000002e-14
4	75427	4.816297300743	1.0000002e-14
4	75440	4.817205330828	1.0000002e-14
4	75447	4.817259132363	1.0000002e-14
4	75454	4.818222919358	1.0000002e-14
4	75458	4.818233749279	1.0000002e-14
4	75471	4.819220518925	1.0000002e-14
4	75478	4.819243080277	1.0000002e-14
4	75491	4.820228357755	1.0000002e-14
4	75495	4.820270809124	1.0000002e-14
4	75505	4.821186353427	1.0000002e-14
4	75509	4.821308708167	1.0000002e-14
4	75516	4.822164059667	1.0000002e-14
4	75526	4.82230947251	1.0000002e-14
4	75533	4.823115286343	1.0000002e-14
4	75540	4.823274003903	1.0000002e-14
4	75547	4.824082937287	1.0000002e-14
4	75554	4.824294166629	1.0000002e-14
4	75567	4.825124054118	1.0000002e-14
4	75574	4.82526073216	1.0000002e-14
4	75581	4.826141230748	1.0000002e-14
4	75588	4.826251655289	1.0000002e-14
4	75601	4.827130342735	1.0000002e-14
4	75605	4.827299031426	1.0000002e-14
4	75612	4.828105697348	1.0000002e-14
4	75619	4.828331055499	1.0000002e-14
4	75629	4.829151776326	1.0000002e-14
4	75636	4.829360522529	1.0000002e-14
4	75646	4.830201421858	1.0000002e-14
4	75650	4.830317494275	1.0000002e-14
4	75663	4.831201126564	1.0000002e-14
4	75667	4.831352618565	1.0000002e-14
4	75674	4.832200445615	1.0000002e-14
4	75681	4.832339943624	1.0000002e-14
4	75694	4.833176781315	1.0000002e-14
4	75698	4.833316464994	1.0000002e-14
4	75708	4.83422237172	1.9680749158548e-14
4	75712	4.834331846087	1.0000002e-14
4	75725	4.835270238895	1.0000002e-14
4	75729	4.83530331479	1.0000002e-14
4	75739	4.836319865899	1.0000002e-14
4	75743	4.83633627701	1.0000002e-14
4	75756	4.837320351996	1.0199610625035e-14
4	75760	4.837380279351	1.0000002e-14
4	75770	4.838285126523	1.0000002e-14
4	75774	4.83835679476	1.0000002e-14
4	75790	4.839326370867	4.6371134646724e-11
4	75794	4.839346312046	3.691712402316e-13
4	75804	4.840310350099	1.0000002e-14
4	75808	4.840368381026	1.0000002e-14
4	75821	4.841303075519	1.0000002e-14
4	75825	4.841396979298	1.0000002e-14
4	75835	4.84226229095	1.0000002e-14
4	75839	4.842370231722	1.0000002e-14
4	75852	4.843298570924	1.0000002e-14
4	75856	4.8434201313	2.6987297286749e-14
4	75866	4.844251002642	1.0000002e-14
4	75870	4.844394206976	1.0000002e-14
4	75883	4.845273583421	1.0000002e-14
4	75887	4.845358723771	1.0000002e-14
4	75897	4.84627066027	1.0000002e-14
4	75901	4.846323249268	1.0000002e-14
4	75914	4.847259044271	1.0755002987146e-12
4	75918	4.847342609848	1.0000002e-14
4	75928	4.848214295517	1.0000002e-14
4	75932	4.848351058115	1.0000002e-14
4	75945	4.849259981135	1.0000002e-14
4	75949	4.849355163746	1.0000002e-14
4	75959	4.85022468558	1.0000002e-14
4	75963	4.85030940781	1.0000002e-14
4	75973	4.851230320682	1.1593009732561e-06
4	75977	4.851339957535	1.0000002e-14
4	75990	4.852241947371	1.0000002e-14
4	75994	4.852343541089	1.0000002e-14
4	76004	4.853291072867	1.0000002e-14
4	76014	4.853380415243	1.0000002e-14
4	76021	4.854285635169	1.0000002e-14
4	76025	4.854339093092	1.0000002e-14
4	76038	4.855288385594	1.0000002e-14
4	76045	4.855319025634	1.0000002e-14
4	76052	4.856318063662	1.0000002e-14
4	76056	4.856323279272	1.0000002e-14
4	76072	4.85731426234	1.0000002e-14
4	76076	4.8573470743	1.0000002e-14
4	76083	4.858304657037	1.0000002e-14
4	76087	4.858324524479	2.7012380308414e-10
4	76103	4.859287233209	1.0000002e-14
4	76107	4.85934298156	1.2571635785568e-13
4	76117	4.860294728873	1.0000002e-14
4	76121	4.860386580755	1.0000002e-14
4	76134	4.861278447182	1.0000002e-14
4	76138	4.861364217816	1.0000002e-14
4	76148	4.86231754488	1.0000002e-14
4	76152	4.862352181342	1.0000002e-14
4	76162	4.86327676513	1.9002825995759e-14
4	76169	4.863349027826	1.0000002e-14
4	76179	4.864309274822	1.0000002e-14
4	76183	4.864318779638	1.0000002e-14
4	76193	4.865297472074	1.0000002e-14
4	76197	4.865330500105	1.0000002e-14
4	76210	4.866279658662	1.0000002e-14
4	76214	4.866360106765	3.6868200076768e-14
4	76224	4.867328557629	1.0000002e-14
4	76231	4.867382196533	1.0000002e-14
4	76241	4.868355331491	1.0000002e-14
4	76245	4.868374957134	1.0000002e-14
4	76258	4.869326699565	1.0000002e-14
4	76262	4.869360693574	1.0000002e-14
4	76272	4.870294837109	1.0000002e-14
4	76276	4.870318820695	1.0000002e-14
4	76286	4.871253504456	1.0000002e-14
4	76290	4.871313135425	1.0000002e-14
4	76303	4.872230243458	1.0000002e-14
4	76307	4.872332088243	1.0000002e-14
4	76320	4.873192387494	1.0000002e-14
4	76324	4.873361038249	1.0000002e-14
4	76334	4.874165331451	1.0000002e-14
4	76338	4.874334546047	1.0000002e-14
4	76348	4.875157935151	1.0000002e-14
4	76355	4.875310428067	1.0000002e-14
4	76365	4.876136899697	1.0000002e-14
4	76369	4.876272303979	1.0000002e-14
4	76382	4.877102113371	1.0000002e-14
4	76386	4.877310136659	1.0000002e-14
4	76396	4.878082345076	1.0000002e-14
4	76400	4.878273420371	1.0000002e-14
4	76416	4.879094393531	1.0000002e-14
4	76420	4.879299923756	1.0000002e-14
4	76430	4.880106712612	1.0000002e-14
4	76434	4.880254187898	1.8232113313695e-11
4	76444	4.881059605126	1.0000002e-14
4	76451	4.881284884119	1.0000002e-14
4	76461	4.882055048401	1.0000002e-14
4	76465	4.882322980121	1.0000002e-14
4	76475	4.883050823523	1.0000002e-14
4	76482	4.883291175354	1.0000002e-14
4	76492	4.884085580679	1.0000002e-14
4	76496	4.884285567043	1.0000002e-14
4	76506	4.885073320701	1.0000002e-14
4	76513	4.885259812442	1.0000002e-14
4	76523	4.886105482386	1.0000002e-14
4	76527	4.886303951739	1.0000002e-14
4	76537	4.887081890997	1.0000002e-14
4	76541	4.887276665325	1.0000002e-14
4	76554	4.888080663366	1.0000002e-14
4	76558	4.888281887922	1.0000002e-14
4	76568	4.889112785433	1.0000002e-14
4	76572	4.889283481877	1.0000002e-14
4	76585	4.890141542489	1.0000002e-14
4	76589	4.890315834299	1.0000002e-14
4	76596	4.891092565	1.0000002e-14
4	76603	4.891348561505	1.0000002e-14
4	76616	4.892134390416	1.0000002e-14
4	76620	4.892395592328	1.0000002e-14
4	76630	4.893103686644	1.8291761690242e-13
4	76634	4.89341251107	1.0000002e-14
4	76647	4.894067196839	1.0000002e-14
4	76651	4.894395361645	1.0000002e-14
4	76661	4.895060776784	1.0000002e-14
4	76668	4.895444448674	1.0000002e-14
4	76678	4.896100877874	1.0000002e-14
4	76682	4.896406515849	1.0000002e-14
4	76692	4.897136423928	2.9110126921435e-14
4	76696	4.8974247624	1.0000002e-14
4	76709	4.898165895628	1.0000002e-14
4	76713	4.898460719004	1.0000002e-14
4	76726	4.899161552589	1.0000002e-14
4	76733	4.899487687344	1.0000002e-14
4	76743	4.900156754363	1.0000002e-14
4	76747	4.900534731298	1.0000002e-14
4	76757	4.90111262378	1.0000002e-14
4	76761	4.901491027684	1.0000002e-14
4	76774	4.902153534635	1.0000002e-14
4	76778	4.902477744874	1.0000002e-14
4	76788	4.903203395672	1.0000002e-14
4	76795	4.903510864937	1.0000002e-14
4	76805	4.904224995655	1.0000002e-14
4	76809	4.904502179776	1.0000002e-14
4	76819	4.905225803105	1.0000002e-14
4	76823	4.905495228267	1.0000002e-14
4	76836	4.906250208762	1.0000002e-14
4	76840	4.90653714267	1.0000002e-14
4	76850	4.907214498992	1.0000002e-14
4	76854	4.907494359288	1.0000002e-14
4	76867	4.908181763139	1.0000002e-14
4	76871	4.908525628436	1.0000002e-14
4	76881	4.909198886244	4.0759047451462e-14
4	76888	4.909558127998	1.0000002e-14
4	76898	4.910182808003	1.0000002e-14
4	76902	4.910525821366	1.0000002e-14
4	76912	4.911171712153	1.0000002e-14
4	76916	4.911564800272	1.0000002e-14
4	76929	4.912176121572	1.0000002e-14
4	76933	4.912599707473	1.0000002e-14
4	76943	4.913206985893	1.0000002e-14
4	76947	4.91356593985	1.0000002e-14
4	76957	4.91417299782	1.0000002e-14
4	76964	4.914590890236	1.0000002e-14
4	76974	4.915143926268	1.0000002e-14
4	76984	4.915606209464	1.0000002e-14
4	76988	4.91615748585	1.0000002e-14
4	76995	4.916619810388	1.0000002e-14
4	77005	4.917155559806	1.0000002e-14
4	77012	4.917597901844	1.2536197659174e-13
4	77019	4.918180214219	1.0000002e-14
4	77026	4.918551682607	1.0000002e-14
4	77039	4.919142979339	2.3000713927508e-13
4	77046	4.919592942799	1.0000002e-14
4	77053	4.920173026746	1.0000002e-14
4	77063	4.920630849734	1.0000002e-14
4	77070	4.921192529772	1.0000002e-14
4	77077	4.921597024381	1.0000002e-14
4	77084	4.922144870744	9.8884329448223e-13
4	77094	4.922572350012	1.0000002e-14
4	77104	4.923164473904	1.0000002e-14
4	77108	4.923532787401	1.0000002e-14
4	77118	4.924131285835	1.0000002e-14
4	77125	4.924555732655	1.0000002e-14
4	77132	4.925133475294	1.0000002e-14
4	77139	4.925593537302	1.0000002e-14
4	77146	4.926095071635	1.0000002e-14
4	77156	4.926582307234	1.0000002e-14
4	77160	4.927048050489	1.0000002e-14
4	77170	4.927559534868	1.0000002e-14
4	77180	4.928053759712	1.0000002e-14
4	77187	4.928510164708	1.0000002e-14
4	77191	4.929031209619	1.0000002e-14
4	77201	4.929557265341	3.280524281129e-08
4	77208	4.930005706072	1.0000002e-14
4	77218	4.930579028664	1.0000002e-14
4	77225	4.930995002536	1.0000002e-14
4	77232	4.93161734768	1.0000002e-14
4	77239	4.931977141672	1.0000002e-14
4	77249	4.932596646532	1.0000002e-14
4	77253	4.932935670533	1.0000002e-14
4	77263	4.933596908732	1.0000002e-14
4	77270	4.933932851794	1.0000002e-14
4	77280	4.934587810347	1.0000002e-14
4	77287	4.934889813007	1.0000002e-14
4	77294	4.935590235283	1.0000002e-14
4	77301	4.935858882626	1.0000002e-14
4	77308	4.936593419564	1.0000002e-14
4	77318	4.936879153124	1.0000002e-14
4	77325	4.937568619934	1.0000002e-14
4	77332	4.937857297489	8.1587197843329e-14
4	77339	4.938573463801	1.0000002e-14
4	77352	4.938830544206	1.0000002e-14
4	77359	4.939529568415	1.0000002e-14
4	77363	4.939787800236	1.0000002e-14
4	77373	4.940484445304	1.0000002e-14
4	77383	4.940818852534	1.0000002e-14
4	77390	4.941526657073	1.0000002e-14
4	77394	4.941817345683	1.0000002e-14
4	77404	4.942493906626	1.0000002e-14
4	77414	4.942816524696	6.8690633891801e-13
4	77421	4.94347269073	1.0000002e-14
4	77425	4.943805231355	1.9266932742042e-12
4	77438	4.944510456066	1.0000002e-14
4	77442	4.944777460737	1.0000002e-14
4	77452	4.945558333402	1.0000002e-14
4	77456	4.945816106442	1.0000002e-14
4	77469	4.9465703615	1.0000002e-14
4	77473	4.946860287061	1.0000002e-14
4	77483	4.947560653182	1.0000002e-14
4	77493	4.947890806278	1.0000002e-14
4	77500	4.948516633678	1.0000002e-14
4	77507	4.948929667447	1.0000002e-14
4	77514	4.949479708686	1.0000002e-14
4	77524	4.949948687957	1.0000002e-14
4	77528	4.950449425426	1.0000002e-14
4	77538	4.950992276423	1.0000002e-14
4	77545	4.951472818598	1.0000002e-14
4	77555	4.952034445593	1.0000002e-14
4	77559	4.952429698221	1.0000002e-14
4	77566	4.953029850647	1.0000002e-14
4	77576	4.953462546404	1.0000002e-14
4	77583	4.954078659673	1.0000002e-14
4	77590	4.954416556268	1.0000002e-14
4	77597	4.955105783955	1.0000002e-14
4	77607	4.955428843573	1.0000002e-14
4	77614	4.956122234916	1.0000002e-14
4	77621	4.956430407084	1.0000002e-14
4	77628	4.957125461244	1.0000002e-14
4	77635	4.957388890822	1.0000002e-14
4	77648	4.958155703362	1.0000002e-14
4	77652	4.958411249344	1.0000002e-14
4	77665	4.959195054531	1.0000002e-14
4	77669	4.959372894846	1.0000002e-14
4	77679	4.96024049826	1.0000002e-14
4	77686	4.960411180296	1.0000002e-14
4	77696	4.961253233584	1.0000002e-14
4	77703	4.961390687354	1.0000002e-14
4	77710	4.96221982535	1.8094446798529e-14
4	77717	4.962426584336	1.0000002e-14
4	77727	4.963240656915	1.0000002e-14
4	77731	4.96339241811	1.0000002e-14
4	77741	4.964195555496	1.0000002e-14
4	77748	4.964436327521	1.0000002e-14
4	77755	4.965209457068	1.0000002e-14
4	77762	4.965411840529	1.0000002e-14
4	77772	4.966178571042	1.0000002e-14
4	77779	4.966423360739	1.0000002e-14
4	77786	4.96719939641	1.0000002e-14
4	77793	4.967398753257	1.0000002e-14
4	77803	4.968210516617	1.0000002e-14
4	77810	4.968418112442	1.0000002e-14
4	77817	4.969164713885	1.0000002e-14
4	77824	4.96938073452	1.0000002e-14
4	77834	4.970191335405	1.0000002e-14
4	77841	4.970373492341	1.0000002e-14
4	77848	4.971174522506	1.0000002e-14
4	77855	4.971350519977	1.0000002e-14
4	77865	4.972146661137	1.0000002e-14
4	77872	4.972329842813	1.0000002e-14
4	77879	4.973123768496	1.0000002e-14
4	77886	4.973320894972	1.0000002e-14
4	77896	4.974149729676	1.0000002e-14
4	77903	4.974361128276	1.0000002e-14
4	77913	4.975150786953	1.0000002e-14
4	77917	4.975357225494	1.0000002e-14
4	77927	4.976112928131	1.0000002e-14
4	77931	4.976310522334	1.0000002e-14
4	77944	4.977141829322	1.0000002e-14
4	77948	4.97727386714	1.0000002e-14
4	77958	4.978190189056	1.0000002e-14
4	77962	4.978302287683	1.0000002e-14
4	77978	4.979142357614	1.0000002e-14
4	77982	4.979281559444	1.0000002e-14
4	77992	4.98018392508	1.0000002e-14
4	77996	4.980244004466	1.0000002e-14
4	78009	4.981209583767	1.0000002e-14
4	78013	4.981250615481	1.0000002e-14
4	78023	4.98222236146	1.3886605339211e-13
4	78027	4.98224158172	1.0000002e-14
4	78040	4.98325790535	1.0000002e-14
4	78044	4.983284387894	1.0000002e-14
4	78054	4.984267985274	1.0000002e-14
4	78058	4.984276384318	1.0000002e-14
4	78074	4.985226585319	1.0000002e-14
4	78078	4.985246698763	1.0000002e-14
4	78085	4.986264330015	1.0000002e-14
4	78089	4.986266949556	1.0000002e-14
4	78105	4.987281107855	1.0000002e-14
4	78109	4.987283330838	1.0000002e-14
4	78116	4.988268062953	1.0000002e-14
4	78120	4.988280428829	1.0000002e-14
4	78136	4.989244886634	1.0000002e-14
4	78140	4.989314615579	1.0000002e-14
4	78147	4.990263747615	1.0000002e-14
4	78151	4.990295846099	1.0000002e-14
4	78167	4.991304393172	1.4857560088752e-11
4	78171	4.991344254384	1.0000002e-14
4	78178	4.992325147727	1.0000002e-14
4	78182	4.992370182117	1.0000002e-14
4	78198	4.99328826917	1.0000002e-14
4	78205	4.993405114855	1.0000002e-14
4	78209	4.994288607951	1.0000002e-14
4	78213	4.994356061478	1.0000002e-14
4	78229	4.995278816484	1.0000002e-14
4	78233	4.995330776548	1.0000002e-14
4	78243	4.996302689672	1.0000002e-14
4	78247	4.996323537771	1.0000002e-14
4	78257	4.997307217575	1.0000002e-14
4	78261	4.997313492603	1.0000002e-14
4	78271	4.998306214354	1.0000002e-14
4	78275	4.998330724048	1.0000002e-14
4	78294	4.999293042315	1.0000002e-14
4	78298	4.99931555029	1.0000002e-14
5	15642	1.000110202438	0.083077
5	15646	1.000351174352	0.075108
5	15665	1.001136938316	0.075751
5	15669	1.001323667852	0.074717
5	15676	1.002180181951	0.099076
5	15680	1.002315933161	0.075829
5	15696	1.003168384359	0.074634
5	15703	1.00334569451	0.074367
5	15707	1.004207289667	0.074424
5	15711	1.004339886487	0.074361
5	15724	1.005189712022	0.074476
5	15731	1.005303980685	0.07465
5	15738	1.006160929235	0.075798
5	15742	1.006344157091	0.075669
5	15758	1.007127656622	0.075759
5	15762	1.007332925357	0.07448
5	15769	1.008086212482	0.074272
5	15773	1.008351013369	0.074491
5	15783	1.009040767419	0.074254
5	15796	1.009341123417	0.083371
5	15800	1.010036886723	0.075482
5	15807	1.01038948222	0.07458
5	15814	1.011078300812	0.074478
5	15821	1.011344913689	0.074296
5	15831	1.012082131254	0.07425
5	15835	1.012306975429	0.075267
5	15842	1.013103920368	0.074412
5	15855	1.013318350165	0.074356
5	15862	1.014106978186	0.074158
5	15869	1.0143671995	0.074281
5	15873	1.015077493871	0.074237
5	15886	1.015358950616	0.074411
5	15893	1.016090782058	0.074358
5	15900	1.01639342057	0.074174
5	15904	1.017129829817	0.074342
5	15914	1.017403691989	0.07417
5	15927	1.018172820425	0.074322
5	15931	1.018416036183	0.074358
5	15935	1.019189286848	0.07464
5	15942	1.019381925117	0.074197
5	15955	1.020185006526	0.083466
5	15962	1.020379056257	0.078752
5	15966	1.021212021728	0.076913
5	15973	1.021400415385	0.076605
5	15989	1.022230903118	0.075678
5	15996	1.022367592707	0.074558
5	16000	1.023228770925	0.074395
5	16004	1.023341833754	0.074354
5	16020	1.024251293767	0.074381
5	16027	1.024389692568	0.074391
5	16031	1.025261281121	0.07545
5	16038	1.025431120141	0.079813
5	16051	1.026216033584	0.079306
5	16055	1.026422358768	0.079235
5	16062	1.02725648632	0.078248
5	16066	1.027435680178	0.077429
5	16079	1.028257270407	0.076769
5	16089	1.028463332068	0.077687
5	16093	1.029220317349	0.077401
5	16097	1.029496187357	0.078482
5	16113	1.030269309512	0.077574
5	16120	1.030508833304	0.075079
5	16124	1.031273072556	0.075387
5	16128	1.031523382062	0.086538
5	16141	1.032257309245	0.076988
5	16151	1.032494657232	0.076243
5	16155	1.033265091444	0.075876
5	16165	1.033500106798	0.075905
5	16175	1.034233892395	0.086527
5	16182	1.034542677083	0.075394
5	16186	1.035258516569	0.074753
5	16190	1.035511200113	0.074375
5	16206	1.03627982928	0.074272
5	16210	1.036516952657	0.074463
5	16217	1.037315442046	0.074508
5	16224	1.037535702615	0.074343
5	16237	1.038293821018	0.081077
5	16241	1.038499971181	0.078128
5	16248	1.039280594052	0.07471
5	16255	1.039506048262	0.074412
5	16268	1.040257738207	0.074525
5	16272	1.040545848375	0.074705
5	16279	1.041256262382	0.074324
5	16286	1.041533716522	0.074342
5	16302	1.042221760744	0.077039
5	16306	1.042568858855	0.074709
5	16313	1.043254323232	0.074557
5	16317	1.043538064061	0.075877
5	16333	1.044294100423	0.074717
5	16337	1.04454797107	0.074278
5	16344	1.04524843614	0.074581
5	16348	1.04553204041	0.074371
5	16364	1.046252244284	0.074358
5	16368	1.046491929108	0.074325
5	16375	1.047260397848	0.074392
5	16379	1.047445426776	0.074432
5	16395	1.048212598484	0.074332
5	16399	1.048428761544	0.074282
5	16406	1.049220998623	0.079821
5	16410	1.049431985063	0.074851
5	16426	1.050210879776	0.075032
5	16430	1.050445858377	0.075581
5	16437	1.051198243695	0.075724
5	16441	1.051411544969	0.075727
5	16457	1.052202848075	0.074508
5	16461	1.052381321949	0.07439
5	16468	1.05324720095	0.07429
5	16475	1.053375360179	0.085266
5	16488	1.054297099105	0.075308
5	16492	1.054343665613	0.074655
5	16499	1.05527247932	0.074378
5	16506	1.055383955651	0.07453
5	16519	1.056238235089	0.074522
5	16523	1.056418282237	0.074528
5	16530	1.057273627124	0.075261
5	16540	1.057426377819	0.074371
5	16547	1.058295152366	0.074504
5	16554	1.058377642198	0.074304
5	16561	1.059325180657	0.074406
5	16565	1.059403875853	0.074688
5	16581	1.060347210916	0.074321
5	16585	1.060371551266	0.074198
5	16592	1.061332560472	0.07424
5	16596	1.061406665787	0.074401
5	16615	1.062359024815	0.07447
5	16619	1.062362081901	0.081667
5	16626	1.063329945993	0.076081
5	16630	1.063379330238	0.084551
5	16643	1.064289724573	0.075501
5	16647	1.064340033814	0.074466
5	16657	1.065330501478	0.093282
5	16661	1.065338264864	0.078685
5	16674	1.066300186021	0.077655
5	16678	1.066332458365	0.076564
5	16688	1.067250202413	0.076987
5	16692	1.067352410605	0.078021
5	16705	1.068261687663	0.078
5	16709	1.068380814299	0.078085
5	16719	1.069248586059	0.077709
5	16723	1.069380993839	0.076483
5	16736	1.070243649499	0.076855
5	16743	1.070429357754	0.076669
5	16750	1.071223510512	0.077198
5	16754	1.071474533411	0.07659
5	16767	1.072224175744	0.07484
5	16771	1.072426594598	0.083821
5	16781	1.073175478723	0.077349
5	16785	1.073458335781	0.075538
5	16798	1.074172634249	0.075463
5	16802	1.074462671445	0.075518
5	16812	1.075176510289	0.074956
5	16816	1.075421941848	0.087374
5	16829	1.076130523176	0.077314
5	16833	1.076455839267	0.075847
5	16843	1.077122176782	0.074579
5	16847	1.077421270738	0.074428
5	16860	1.078138536967	0.074319
5	16864	1.078458753204	0.075571
5	16874	1.079184948751	0.075572
5	16878	1.079493140666	0.075141
5	16891	1.080193118368	0.075382
5	16895	1.080447331508	0.075652
5	16905	1.081177735992	0.075509
5	16909	1.081487003286	0.075669
5	16925	1.082134080049	0.078283
5	16929	1.082445065565	0.07546
5	16939	1.083101622807	0.074835
5	16943	1.083443462665	0.074967
5	16956	1.084092671475	0.074838
5	16960	1.084436473477	0.074567
5	16970	1.085112376046	0.074528
5	16974	1.085394170366	0.074464
5	16987	1.086137018443	0.075028
5	16991	1.086387030178	0.074522
5	17001	1.08711621123	0.085386
5	17005	1.087398695331	0.075345
5	17018	1.088091291612	0.075545
5	17022	1.08839837319	0.074387
5	17032	1.089109054226	0.074244
5	17036	1.089381478527	0.074344
5	17049	1.090152089849	0.074527
5	17053	1.09040025446	0.074589
5	17063	1.091183757051	0.074419
5	17067	1.09138728249	0.081801
5	17080	1.092179926437	0.074913
5	17084	1.092384195813	0.074465
5	17094	1.093196100933	0.074224
5	17098	1.093352526	0.074517
5	17111	1.094173875102	0.074547
5	17118	1.094397270682	0.075203
5	17125	1.095218623235	0.074576
5	17129	1.095361833907	0.074257
5	17142	1.096187026867	0.074518
5	17149	1.096391066999	0.079224
5	17156	1.097159424899	0.074417
5	17163	1.097416579917	0.074329
5	17170	1.098141790968	0.074385
5	17180	1.098403489092	0.074435
5	17190	1.099138686473	0.074575
5	17194	1.099418022453	0.084529
5	17198	1.100096729837	0.075188
5	17211	1.100414437059	0.074595
5	17218	1.101059811341	0.07467
5	17225	1.101366309263	0.07541
5	17235	1.102068395629	0.075111
5	17248	1.102335616546	0.074387
5	17255	1.103039556985	0.077868
5	17259	1.103348392039	0.07649
5	17266	1.104082106649	0.074729
5	17273	1.104390185212	0.074678
5	17286	1.105113867169	0.074667
5	17290	1.105438480329	0.074399
5	17297	1.106083167726	0.074561
5	17310	1.10646307118	0.074435
5	17314	1.10706143179	0.074528
5	17321	1.107504787609	0.075315
5	17325	1.108025186068	0.07424
5	17341	1.108496031813	0.074538
5	17348	1.109071832943	0.074234
5	17352	1.109447342206	0.074394
5	17356	1.110054322286	0.074274
5	17369	1.110480618316	0.074556
5	17379	1.111023774742	0.085672
5	17383	1.111493111999	0.075438
5	17390	1.112063380009	0.074461
5	17400	1.112452321251	0.074423
5	17407	1.113056497196	0.074247
5	17414	1.113481201415	0.074533
5	17421	1.114040946672	0.074907
5	17434	1.114450449219	0.07441
5	17438	1.115027097347	0.074427
5	17445	1.115500097316	0.074339
5	17452	1.115999622791	0.07459
5	17465	1.116487251452	0.074291
5	17469	1.116963809735	0.074492
5	17476	1.117475257959	0.074417
5	17483	1.117989563202	0.074369
5	17496	1.1185001121	0.074899
5	17500	1.118978150414	0.07538
5	17507	1.119469947965	0.076237
5	17514	1.120007974268	0.075689
5	17524	1.120448993852	0.076434
5	17531	1.120997542381	0.082488
5	17538	1.121432319981	0.077085
5	17548	1.121951958047	0.075945
5	17558	1.122385498737	0.08553
5	17565	1.122930091359	0.078103
5	17572	1.123396923111	0.078178
5	17579	1.123907913586	0.076608
5	17589	1.124382571829	0.075922
5	17596	1.124857961022	0.077893
5	17600	1.125415801176	0.077361
5	17610	1.125875051968	0.075601
5	17620	1.126371768503	0.077262
5	17627	1.126877065961	0.077912
5	17634	1.127397489277	0.076632
5	17641	1.127854534866	0.07545
5	17651	1.128415332987	0.075049
5	17658	1.128850142674	0.074866
5	17665	1.129387739435	0.074844
5	17675	1.129860974221	0.074829
5	17679	1.130338873224	0.0743
5	17689	1.130905715506	0.074471
5	17696	1.131373063674	0.074367
5	17706	1.131879359223	0.074261
5	17710	1.132407820781	0.074313
5	17720	1.132894512087	0.075311
5	17727	1.133429982209	0.074419
5	17737	1.13390999627	0.074272
5	17744	1.134442204321	0.07427
5	17751	1.134905445072	0.076851
5	17758	1.135411173512	0.074843
5	17762	1.135867811586	0.074328
5	17772	1.136413618925	0.074545
5	17779	1.136846899609	0.07447
5	17789	1.137379459394	0.074425
5	17793	1.137858942464	0.074418
5	17803	1.138355163725	0.074407
5	17810	1.138859730083	0.074296
5	17817	1.139337950939	0.075241
5	17827	1.13982439699	0.074599
5	17837	1.140322306264	0.074374
5	17844	1.140840198652	0.07436
5	17851	1.141359877308	0.074407
5	17855	1.141856329466	0.074305
5	17871	1.14240552634	0.075001
5	17878	1.14283943591	0.074747
5	17882	1.143414622161	0.081683
5	17889	1.143811617398	0.074392
5	17902	1.144428104833	0.074511
5	17909	1.144840560917	0.074447
5	17916	1.145463460621	0.075324
5	17920	1.145887700065	0.074362
5	17933	1.146453722214	0.083755
5	17940	1.146911264972	0.075471
5	17947	1.147497511031	0.074811
5	17951	1.14787854381	0.074483
5	17964	1.148544986938	0.074371
5	17971	1.148928367468	0.074418
5	17978	1.149547797012	0.074389
5	17982	1.149947937263	0.085407
5	17995	1.150582743028	0.075225
5	18002	1.150921367538	0.074484
5	18009	1.151549251871	0.074392
5	18013	1.15195549706	0.075023
5	18026	1.15255108094	0.074215
5	18033	1.152960709852	0.074352
5	18040	1.153512438933	0.074463
5	18044	1.1539327087	0.074698
5	18057	1.154533012503	0.074564
5	18064	1.154905681723	0.074495
5	18071	1.155563781589	0.074404
5	18075	1.155877546854	0.074792
5	18088	1.156547547442	0.07503
5	18095	1.156882897805	0.074483
5	18102	1.15756591134	0.074144
5	18106	1.157841650303	0.07435
5	18122	1.158591219573	0.075101
5	18126	1.158877847509	0.076695
5	18133	1.15960262271	0.075003
5	18137	1.159911763771	0.074779
5	18153	1.16063972232	0.074374
5	18157	1.160871650925	0.074287
5	18164	1.16166680043	0.074382
5	18174	1.161906027879	0.074575
5	18187	1.16271517486	0.074477
5	18191	1.162955165779	0.074349
5	18198	1.163765062303	0.074317
5	18205	1.163959785763	0.074302
5	18218	1.164785232868	0.076176
5	18222	1.164913177543	0.075214
5	18229	1.16582247855	0.076299
5	18233	1.165949713933	0.075407
5	18249	1.166863962242	0.07564
5	18253	1.166911313561	0.080626
5	18263	1.167905241674	0.076067
5	18270	1.167947310898	0.075935
5	18280	1.168887724479	0.075899
5	18284	1.168978688505	0.07954
5	18294	1.169893124707	0.076088
5	18301	1.169987778944	0.075474
5	18311	1.170864561316	0.088668
5	18315	1.171024425273	0.077428
5	18325	1.171900804074	0.07552
5	18332	1.172008603133	0.07552
5	18342	1.172932073709	0.075256
5	18346	1.172969540621	0.074546
5	18362	1.173951720068	0.074743
5	18366	1.173963074257	0.074749
5	18373	1.174916931455	0.074682
5	18377	1.174976259912	0.075327
5	18390	1.175871596164	0.074806
5	18394	1.175973951497	0.074844
5	18404	1.176906721174	0.07457
5	18408	1.176969908957	0.074475
5	18412	1.17788088918	0.075772
5	18425	1.178001796903	0.083323
5	18435	1.17892620418	0.076175
5	18439	1.178972346584	0.075135
5	18446	1.179931105429	0.074568
5	18450	1.179944073394	0.074738
5	18466	1.180973842571	0.076042
5	18470	1.180976676791	0.075248
5	18483	1.181934476885	0.076597
5	18487	1.181982510387	0.087596
5	18500	1.18291771675	0.077082
5	18504	1.18293999382	0.077098
5	18511	1.18387950624	0.075658
5	18518	1.183974791291	0.07555
5	18531	1.184904989704	0.076048
5	18535	1.184950261311	0.075047
5	18542	1.185878819825	0.075042
5	18546	1.185980970344	0.076009
5	18562	1.186835019136	0.07565
5	18566	1.187014929258	0.074946
5	18573	1.187864388262	0.075997
5	18583	1.188044152724	0.075131
5	18593	1.188890080755	0.074733
5	18597	1.189005342033	0.075075
5	18604	1.189904985693	0.075353
5	18614	1.190004392396	0.075243
5	18624	1.19092180248	0.089691
5	18628	1.190965649956	0.075354
5	18638	1.191881121862	0.075347
5	18642	1.191988586311	0.07542
5	18655	1.192841476923	0.084961
5	18659	1.192986431336	0.07564
5	18666	1.193864048531	0.075155
5	18673	1.193944385703	0.07509
5	18686	1.194855305807	0.074897
5	18690	1.194992347171	0.075711
5	18700	1.195878236328	0.075503
5	18704	1.196010064223	0.075568
5	18717	1.196857081869	0.075303
5	18721	1.197016733416	0.075998
5	18728	1.197824927277	0.076809
5	18735	1.197977718571	0.077062
5	18748	1.198850933856	0.076229
5	18752	1.199022630826	0.076066
5	18762	1.199810776712	0.075086
5	18766	1.199976211253	0.075257
5	18779	1.200768367002	0.074922
5	18783	1.200977211833	0.075093
5	18796	1.201814627371	0.076809
5	18800	1.202007867789	0.076805
5	18813	1.202796733789	0.076769
5	18817	1.203046082459	0.076274
5	18827	1.203764649158	0.087313
5	18834	1.204037543203	0.077661
5	18844	1.204773341305	0.084145
5	18848	1.205007040571	0.075706
5	18858	1.205807641012	0.07544
5	18865	1.206023920865	0.074913
5	18875	1.206797292649	0.074871
5	18879	1.20703927919	0.07524
5	18892	1.207763502954	0.074942
5	18896	1.208051730061	0.075236
5	18906	1.208772416532	0.075905
5	18910	1.209100716157	0.075467
5	18920	1.209756259178	0.074984
5	18927	1.210107548992	0.074879
5	18937	1.210734639994	0.074816
5	18941	1.211101628798	0.07453
5	18954	1.211711106145	0.074403
5	18958	1.212133874631	0.074669
5	18968	1.212704074232	0.075239
5	18972	1.213126527843	0.074708
5	18982	1.213723474567	0.075118
5	18989	1.214162706319	0.079774
5	18999	1.214718867986	0.07465
5	19003	1.215126099757	0.075566
5	19016	1.215729981563	0.075168
5	19020	1.216095389874	0.085491
5	19030	1.216764958536	0.075503
5	19034	1.217075540444	0.074756
5	19047	1.21775631608	0.074781
5	19051	1.218026186574	0.075082
5	19061	1.218793288299	0.075152
5	19065	1.219033541269	0.074652
5	19078	1.219819293718	0.074772
5	19082	1.220029952241	0.075032
5	19092	1.220825818814	0.074659
5	19096	1.221001041574	0.074782
5	19112	1.22185557936	0.07475
5	19116	1.222041168564	0.075565
5	19126	1.222889678556	0.075093
5	19130	1.222994884692	0.075526
5	19140	1.223905163491	0.075498
5	19147	1.223989334606	0.085093
5	19157	1.224882525921	0.076587
5	19161	1.224963089475	0.075524
5	19174	1.225876208188	0.075116
5	19178	1.225985648171	0.074913
5	19188	1.226896366681	0.074837
5	19192	1.226987881277	0.074909
5	19205	1.227936256842	0.085977
5	19209	1.227991977298	0.076168
5	19219	1.228949075557	0.07502
5	19223	1.22896075299	0.074892
5	19236	1.229931910334	0.074538
5	19240	1.229996523972	0.074747
5	19250	1.230934631005	0.074533
5	19254	1.231018080574	0.074442
5	19267	1.231975599653	0.074899
5	19271	1.232055167515	0.074431
5	19281	1.232927447988	0.084569
5	19285	1.233009947821	0.075066
5	19298	1.233930279132	0.074923
5	19305	1.234023319288	0.075671
5	19312	1.234919681078	0.074822
5	19316	1.235045998707	0.074719
5	19329	1.235909848379	0.074536
5	19336	1.236027406208	0.07444
5	19343	1.236926044111	0.074427
5	19347	1.23702443576	0.074457
5	19360	1.237880678561	0.083085
5	19364	1.238010507482	0.090484
5	19374	1.238851664517	0.075246
5	19378	1.239018354197	0.074463
5	19388	1.239882042347	0.074499
5	19395	1.239987126826	0.074628
5	19405	1.240868984162	0.07546
5	19409	1.240969229028	0.182702
5	19422	1.241841016853	0.075436
5	19426	1.242009725246	0.074568
5	19439	1.242839242861	0.074436
5	19443	1.242969311013	0.074342
5	19453	1.243826307875	0.074238
5	19457	1.243942175338	0.074155
5	19470	1.244865609493	0.074344
5	19474	1.244959235632	0.074246
5	19484	1.245829072308	0.074431
5	19491	1.245953011694	0.075555
5	19501	1.246783828177	0.075788
5	19508	1.246994373447	0.075617
5	19515	1.2477710534	0.074452
5	19519	1.248041112745	0.074254
5	19532	1.248733476402	0.07433
5	19539	1.249030737659	0.085461
5	19546	1.249741537782	0.075245
5	19555	1.250057776082	0.25741
5	19565	1.250738872269	0.177125
5	19572	1.251083004952	0.173192
5	19579	1.25175231275	0.172427
5	19586	1.252072849651	0.235016
5	19596	1.252761588607	0.097345
5	19603	1.25308853795	0.084308
5	19610	1.253749311984	0.117525
5	19617	1.254131449498	0.077848
5	19627	1.254713519111	0.074694
5	19631	1.255092099455	0.074652
5	19641	1.255681415197	0.074545
5	19648	1.256138476862	0.074605
5	19658	1.256699518764	0.074711
5	19662	1.257119884052	0.074573
5	19672	1.257653272349	0.074672
5	19679	1.258071233183	0.074687
5	19689	1.258698868088	0.074741
5	19693	1.259054295649	0.075819
5	19703	1.259688610588	0.075033
5	19707	1.260083720281	0.074741
5	19720	1.260678689197	0.07478
5	19724	1.261053317116	0.074991
5	19737	1.261644901974	0.077075
5	19744	1.262024429944	0.075478
5	19754	1.262687792401	0.075364
5	19758	1.263064491274	0.075863
5	19768	1.263718638591	0.075364
5	19775	1.264103209452	0.075061
5	19785	1.264739484346	0.075354
5	19789	1.265068097653	0.075601
5	19799	1.265712982975	0.075442
5	19806	1.266101665777	0.076003
5	19816	1.266676436872	0.074777
5	19820	1.267116743983	0.089746
5	19830	1.26770786172	0.106288
5	19834	1.268074004088	0.105399
5	19847	1.268693443117	0.099201
5	19851	1.269069278245	0.091822
5	19861	1.269674978569	0.075398
5	19865	1.270033701182	0.074567
5	19878	1.270701084946	0.076028
5	19882	1.2710003866	0.085262
5	19892	1.271729629647	0.087247
5	19896	1.271959914461	0.07894
5	19909	1.272732983613	0.078232
5	19913	1.272997704436	0.077017
5	19923	1.273765123155	0.075174
5	19927	1.273966317558	0.076158
5	19940	1.27479213168	0.07752
5	19944	1.274955602448	0.076149
5	19954	1.275804878908	0.075412
5	19958	1.275967362082	0.083053
5	19971	1.276774977979	0.076405
5	19975	1.277009178382	0.076097
5	19985	1.277788009261	0.077013
5	19989	1.278043553145	0.077473
5	20002	1.278820157204	0.079281
5	20006	1.27907105281	0.079184
5	20016	1.279845357471	0.076124
5	20020	1.280111644648	0.078201
5	20033	1.280805138481	0.077756
5	20037	1.281064612639	0.079155
5	20044	1.281762079487	0.078114
5	20054	1.282081423455	0.076538
5	20067	1.282796353642	0.075365
5	20071	1.283120133489	0.086709
5	20075	1.283796860417	0.075577
5	20088	1.284130215911	0.074809
5	20098	1.284751125119	0.074439
5	20102	1.285135813066	0.074195
5	20106	1.285780893833	0.074283
5	20119	1.286157585169	0.074351
5	20129	1.286769156966	0.07437
5	20133	1.287108292156	0.074341
5	20137	1.287773109669	0.074774
5	20147	1.288105783373	0.074629
5	20160	1.288751396414	0.074685
5	20164	1.289073899158	0.074562
5	20168	1.289731202957	0.082556
5	20178	1.29005672648	0.075417
5	20191	1.290694332598	0.074917
5	20195	1.29101988501	0.074773
5	20199	1.29167608212	0.074534
5	20212	1.291996507731	0.074356
5	20219	1.292635602465	0.074287
5	20226	1.2929728195	0.074603
5	20230	1.293642503067	0.074508
5	20240	1.294013680898	0.074734
5	20250	1.294643090211	0.074473
5	20257	1.295027576032	0.083359
5	20261	1.29562381501	0.075526
5	20268	1.295997071255	0.075775
5	20281	1.296574372975	0.074967
5	20288	1.296984585665	0.074616
5	20292	1.297588923746	0.074664
5	20299	1.297953922376	0.074823
5	20315	1.298565837203	0.074707
5	20319	1.298912986611	0.074631
5	20323	1.299549362838	0.081821
5	20327	1.299940292919	0.076755
5	20343	1.300589565923	0.074855
5	20350	1.300907086043	0.074533
5	20354	1.301562044759	0.074738
5	20361	1.301917807713	0.074633
5	20380	1.302580361667	0.075992
5	20384	1.302951621852	0.074784
5	20388	1.303606074194	0.074394
5	20404	1.303977447073	0.074485
5	20411	1.304563312969	0.07444
5	20415	1.304942018814	0.085392
5	20419	1.30558394967	0.075497
5	20429	1.30590848138	0.074533
5	20442	1.306614951075	0.074534
5	20446	1.306953183207	0.074558
5	20450	1.30763997511	0.074438
5	20460	1.3079238367	0.074358
5	20473	1.308610381137	0.075325
5	20477	1.308950690133	0.07452
5	20484	1.309612535178	0.07442
5	20494	1.309948629007	0.074511
5	20504	1.310611557927	0.075173
5	20508	1.31091784566	0.075747
5	20515	1.311590215079	0.206428
5	20522	1.31190271973	0.212743
5	20532	1.312607501654	0.130424
5	20539	1.312872212532	0.095664
5	20546	1.313609110802	0.092572
5	20553	1.313875050715	0.092018
5	20566	1.314562583434	0.091913
5	20570	1.314849688349	0.091735
5	20574	1.315599609254	0.091842
5	20587	1.315836721568	0.091723
5	20594	1.316635947277	0.091729
5	20601	1.316793197853	0.091768
5	20608	1.317662492168	0.091654
5	20615	1.317780938471	0.092747
5	20625	1.318638919573	0.09453
5	20629	1.318764178655	0.094516
5	20642	1.319665443764	0.197491
5	20646	1.319811404721	0.113394
5	20656	1.320635384752	0.084042
5	20660	1.320792202418	0.083307
5	20676	1.321653947245	0.083804
5	20680	1.321792061973	0.075118
5	20690	1.322610741461	0.084358
5	20697	1.32282130015	0.075189
5	20707	1.323632697809	0.074861
5	20711	1.323798358882	0.074437
5	20721	1.324663282576	0.074615
5	20725	1.324787064102	0.07442
5	20738	1.325626334983	0.074358
5	20742	1.325825362473	0.074505
5	20749	1.326592687728	0.075238
5	20756	1.326798871755	0.075749
5	20769	1.327544919874	0.075696
5	20773	1.327808363596	0.074788
5	20780	1.328548779078	0.084309
5	20790	1.32880544019	0.075371
5	20800	1.329578696007	0.074667
5	20804	1.329802895561	0.074678
5	20811	1.330532914485	0.074684
5	20815	1.330793053263	0.074672
5	20831	1.331505786138	0.074648
5	20835	1.33182111104	0.074813
5	20842	1.33253190114	0.074627
5	20846	1.332783047217	0.074688
5	20862	1.333555032467	0.075716
5	20866	1.33376381097	0.074676
5	20873	1.334593259079	0.074622
5	20877	1.334736754845	0.0746
5	20893	1.335568743772	0.074738
5	20897	1.335686962612	0.07466
5	20904	1.33657392112	0.074545
5	20908	1.336639179993	0.074343
5	20924	1.337544908671	0.074412
5	20928	1.3376492483	0.074381
5	20935	1.338547182795	0.074302
5	20939	1.338699204054	0.074477
5	20955	1.339595385162	0.077097
5	20959	1.339660515815	0.075144
5	20966	1.340587972673	0.074326
5	20970	1.340691834982	0.074386
5	20989	1.341566296382	0.075061
5	20993	1.341655583491	0.074476
5	21000	1.342589274293	0.074505
5	21004	1.342692867023	0.074249
5	21020	1.343637957059	0.074286
5	21024	1.343735831835	0.074398
5	21031	1.344623745262	0.074471
5	21035	1.344693186362	0.074537
5	21051	1.345596252725	0.074656
5	21055	1.345691287316	0.075383
5	21062	1.346561650611	0.07473
5	21066	1.346709902646	0.074532
5	21082	1.347520979713	0.074385
5	21086	1.347753336492	0.074433
5	21093	1.3485157845	0.074483
5	21097	1.348729769314	0.074541
5	21113	1.349534622322	0.074433
5	21117	1.349732440676	0.074213
5	21124	1.350528053291	0.074405
5	21134	1.350739337333	0.088158
5	21144	1.351504453632	0.076052
5	21148	1.351769810973	0.075015
5	21155	1.352476017409	0.075198
5	21165	1.352808015112	0.074506
5	21175	1.353465029382	0.074956
5	21179	1.353823801338	0.074736
5	21186	1.354490503741	0.07486
5	21196	1.354858189384	0.074813
5	21206	1.355441817418	0.074533
5	21210	1.355906969676	0.07423
5	21217	1.356415598709	0.07447
5	21227	1.356859256276	0.074363
5	21237	1.35742406963	0.074391
5	21241	1.357909160347	0.075023
5	21248	1.358444637048	0.074505
5	21258	1.358935459881	0.075093
5	21268	1.359455107821	0.075584
5	21272	1.359906201658	0.074682
5	21279	1.360451983074	0.075052
5	21289	1.360863577537	0.075385
5	21302	1.361465377425	0.075698
5	21306	1.361899863593	0.074806
5	21313	1.36245318211	0.084721
5	21320	1.362856579577	0.075513
5	21333	1.363408966887	0.074771
5	21337	1.363878562073	0.07445
5	21344	1.364397947575	0.074516
5	21354	1.364918237313	0.078918
5	21364	1.365373505	0.075418
5	21368	1.365911530818	0.074388
5	21375	1.366337582206	0.074463
5	21385	1.36687886502	0.074384
5	21395	1.367342983656	0.074459
5	21399	1.367883994829	0.074364
5	21406	1.368384253221	0.074434
5	21413	1.36893173726	0.074445
5	21420	1.369354717323	0.074553
5	21430	1.369909253836	0.074465
5	21437	1.370341773229	0.074389
5	21447	1.370941635864	0.074539
5	21451	1.371352815947	0.074384
5	21461	1.371946129385	0.074427
5	21468	1.372330277909	0.074329
5	21475	1.37298770718	0.074286
5	21482	1.373351307233	0.074399
5	21492	1.374026979691	0.074321
5	21499	1.374372069429	0.074348
5	21509	1.375063486535	0.084046
5	21516	1.375357941174	0.075204
5	21523	1.376045682542	0.074694
5	21527	1.37630817527	0.074616
5	21540	1.377017499649	0.07435
5	21547	1.377346239303	0.074471
5	21554	1.378010103554	0.074393
5	21558	1.378319550576	0.074455
5	21571	1.379027973957	0.076094
5	21578	1.379311568023	0.082878
5	21585	1.380024295426	0.076321
5	21592	1.380355612096	0.074529
5	21602	1.380987819597	0.074506
5	21609	1.381393467852	0.074541
5	21619	1.382022336202	0.077865
5	21629	1.382405483834	0.074926
5	21636	1.383058205193	0.074459
5	21643	1.383452066525	0.074447
5	21650	1.384034241397	0.074484
5	21660	1.384442269443	0.074385
5	21667	1.385059834874	0.086452
5	21674	1.385421213661	0.075824
5	21684	1.386049268704	0.074508
5	21691	1.386422881276	0.074734
5	21698	1.387002935119	0.074557
5	21705	1.387414395984	0.074434
5	21709	1.387956181271	0.074668
5	21722	1.388439745307	0.074488
5	21729	1.3889142136	0.083122
5	21736	1.389486662905	0.074514
5	21740	1.389903211981	0.074403
5	21750	1.390493418829	0.074321
5	21760	1.390920911471	0.074297
5	21767	1.391476264018	0.075146
5	21771	1.391874787138	0.074346
5	21781	1.392513235009	0.074351
5	21791	1.392854387486	0.07469
5	21798	1.393482284263	0.074308
5	21802	1.39384165894	0.074415
5	21812	1.394475571498	0.074527
5	21819	1.394850822326	0.0744
5	21829	1.395453733155	0.074321
5	21833	1.395886107649	0.074477
5	21843	1.396450231435	0.0745
5	21850	1.396872718983	0.074558
5	21860	1.397431246308	0.084757
5	21864	1.397906277414	0.076156
5	21874	1.398444683527	0.074921
5	21881	1.398893436313	0.074348
5	21891	1.399484242016	0.074257
5	21895	1.399854969296	0.074323
5	21905	1.400473055923	0.074412
5	21912	1.40088603718	0.074272
5	21922	1.401482323263	0.074426
5	21926	1.401893780892	0.07429
5	21939	1.402507756729	0.074703
5	21946	1.402899354276	0.074516
5	21956	1.403518640232	0.074534
5	21960	1.403923925805	0.075156
5	21970	1.404479126289	0.074443
5	21977	1.404887965604	0.075161
5	21987	1.405520850228	0.29459
5	21991	1.405874795254	0.23428
5	22001	1.406565087512	0.179971
5	22008	1.406858084263	0.174337
5	22018	1.407614657274	0.191374
5	22022	1.407834197433	0.173387
5	22035	1.408572102722	0.174382
5	22039	1.408807208635	0.171723
5	22049	1.409524218255	0.171968
5	22053	1.409796609428	0.171513
5	22066	1.410507591657	0.171799
5	22070	1.410839223322	0.171607
5	22080	1.411477517816	0.248154
5	22084	1.411861464122	0.085445
5	22094	1.412493116586	0.076152
5	22101	1.412833298662	0.074537
5	22111	1.413474417813	0.074526
5	22115	1.413806480543	0.074512
5	22125	1.414433952715	0.074403
5	22132	1.414842215247	0.074378
5	22142	1.415434518802	0.074514
5	22146	1.415853513814	0.07471
5	22156	1.416420676433	0.074559
5	22163	1.416862260681	0.074387
5	22173	1.417447572728	0.074515
5	22177	1.417841758794	0.07455
5	22187	1.418444776365	0.074311
5	22194	1.418860495615	0.075345
5	22204	1.419468004899	0.074651
5	22208	1.419887006963	0.074736
5	22218	1.420438125631	0.074623
5	22225	1.420935950787	0.087408
5	22235	1.421404346185	0.075178
5	22239	1.421956727758	0.074617
5	22252	1.422409849719	0.074903
5	22259	1.42297249011	0.074484
5	22269	1.423448096349	0.074621
5	22273	1.423950712903	0.074297
5	22283	1.424414256069	0.074687
5	22290	1.424941153213	0.075541
5	22300	1.425437592517	0.074825
5	22304	1.425976704417	0.074463
5	22314	1.426453993573	0.074374
5	22321	1.426942622708	0.074732
5	22331	1.427475452789	0.074772
5	22335	1.427963865433	0.074461
5	22345	1.428432655602	0.074391
5	22352	1.429001818039	0.074448
5	22362	1.429465400539	0.074249
5	22366	1.429997601057	0.074403
5	22376	1.430450934782	0.074308
5	22383	1.431047161647	0.074349
5	22393	1.43144169903	0.074517
5	22400	1.432095017353	0.075789
5	22407	1.432422355297	0.084611
5	22417	1.433104449284	0.077398
5	22421	1.433431610797	0.074534
5	22431	1.434150421114	0.074382
5	22438	1.434407949032	0.074476
5	22448	1.435129559167	0.074677
5	22452	1.435394604591	0.074752
5	22462	1.436094257337	0.074919
5	22469	1.436435480568	0.074745
5	22473	1.437065891645	0.074779
5	22483	1.437407840879	0.074966
5	22493	1.438069506163	0.074647
5	22500	1.438398004286	0.075741
5	22507	1.439020270941	0.074559
5	22514	1.439386154667	0.074306
5	22524	1.440004119527	0.07448
5	22528	1.440350417048	0.074353
5	22538	1.441023241315	0.074255
5	22545	1.441355060394	0.074472
5	22552	1.442062007711	0.074291
5	22562	1.442356063857	0.074519
5	22575	1.443092123418	0.088515
5	22579	1.443375757228	0.075683
5	22589	1.444080521764	0.074833
5	22593	1.444326436332	0.076292
5	22600	1.445125660976	0.075899
5	22610	1.445333023722	0.075793
5	22620	1.446125103933	0.075804
5	22624	1.44630547588	0.075861
5	22634	1.44710356245	0.0758
5	22641	1.447292320871	0.075078
5	22648	1.448147270553	0.074336
5	22655	1.448339530156	0.074372
5	22665	1.449161109537	0.07854
5	22672	1.449349316016	0.074297
5	22679	1.450206923494	0.074358
5	22689	1.450317846472	0.074401
5	22696	1.451192330038	0.074413
5	22700	1.451317630246	0.075155
5	22710	1.45218921471	0.074306
5	22717	1.452314143809	0.074312
5	22730	1.453188488597	0.074391
5	22737	1.453329848447	0.083622
5	22741	1.454166373085	0.07516
5	22745	1.45433180728	0.074618
5	22758	1.455149582118	0.074524
5	22768	1.455374542082	0.074471
5	22772	1.456149459295	0.074452
5	22776	1.456412957939	0.074183
5	22795	1.457180865068	0.074291
5	22799	1.457455961179	0.074475
5	22803	1.458155031712	0.075284
5	22810	1.458419251737	0.074448
5	22823	1.459147937135	0.074291
5	22830	1.459422992242	0.074366
5	22834	1.46011100254	0.074275
5	22841	1.460400444373	0.07427
5	22851	1.461133547187	0.074285
5	22861	1.461354402239	0.074319
5	22865	1.462183115417	0.074366
5	22875	1.462346720444	0.074699
5	22885	1.463152305845	0.074381
5	22895	1.463375490258	0.074362
5	22899	1.464127405357	0.075279
5	22903	1.464352324496	0.074223
5	22916	1.4651328895	0.074277
5	22923	1.465329686758	0.084211
5	22930	1.466099841393	0.075237
5	22940	1.466304470232	0.074514
5	22950	1.467090519243	0.074476
5	22954	1.467265624527	0.074543
5	22961	1.468087972386	0.074466
5	22971	1.468278530731	0.074627
5	22981	1.469129183848	0.074394
5	22985	1.469284951077	0.074383
5	22998	1.470130080433	0.074442
5	23002	1.470249307444	0.07514
5	23012	1.471159194747	0.087713
5	23016	1.471260943238	0.076818
5	23029	1.47217066133	0.074964
5	23033	1.472269667798	0.074471
5	23043	1.473155387637	0.080343
5	23047	1.473292728776	0.074695
5	23057	1.474165110014	0.074566
5	23064	1.474307382433	0.074713
5	23074	1.475135036534	0.074714
5	23078	1.47526697972	0.074378
5	23088	1.476095068666	0.074424
5	23095	1.476268411114	0.074706
5	23105	1.477130490831	0.0752
5	23109	1.47727936121	0.083513
5	23119	1.47809125076	0.075425
5	23126	1.478310927406	0.075232
5	23136	1.479130081781	0.074525
5	23140	1.479289913946	0.074365
5	23153	1.480109263984	0.074411
5	23157	1.480284705241	0.07442
5	23167	1.481096630008	0.075248
5	23171	1.481321291115	0.07458
5	23184	1.482121086714	0.07458
5	23191	1.482276438183	0.074425
5	23201	1.483144878752	0.075188
5	23205	1.483297461423	0.074481
5	23215	1.484126228485	0.074487
5	23222	1.484332742143	0.074543
5	23232	1.48513144335	0.07441
5	23236	1.485342154873	0.074379
5	23249	1.486096610965	0.074429
5	23253	1.486375838101	0.075125
5	23263	1.487108406094	0.074326
5	23267	1.487335906136	0.074315
5	23277	1.48809188242	0.076626
5	23284	1.488311175968	0.074981
5	23294	1.489051134024	0.07452
5	23298	1.489319092541	0.075268
5	23308	1.490063123414	0.074335
5	23315	1.490273076134	0.074445
5	23325	1.491059789664	0.07617
5	23329	1.491227480873	0.074369
5	23339	1.492044945958	0.070585
5	23343	1.492268990165	0.073623
5	23356	1.493050960307	0.07458
5	23360	1.493292128637	0.074449
5	23370	1.494067119637	0.343154
5	23374	1.494321948437	0.275574
5	23387	1.495098152772	0.185551
5	23391	1.495306306059	0.18076
5	23401	1.496114045801	0.185246
5	23405	1.496330985529	0.181185
5	23418	1.497131677259	0.196741
5	23422	1.497330189054	0.231545
5	23432	1.498143133795	0.141131
5	23439	1.498318885465	0.083943
5	23449	1.499109772297	0.074847
5	23453	1.499286582294	0.074574
5	23465	1.500085359147	0.078925
5	23469	1.500301916873	0.075288
5	23482	1.501078871733	0.07513
5	23486	1.501276995743	0.074891
5	23499	1.502128788503	0.075753
5	23503	1.502267356894	0.074465
5	23516	1.503162126164	0.074711
5	23520	1.50330407636	0.074692
5	23530	1.504208467894	0.07461
5	23537	1.504332370254	0.075091
5	23547	1.505213595208	0.074818
5	23551	1.505299299964	0.074541
5	23561	1.506203238807	0.074409
5	23565	1.506309807843	0.074574
5	23578	1.507155474544	0.074502
5	23582	1.507350149292	0.074456
5	23592	1.508114744333	0.074639
5	23596	1.508315173701	0.074821
5	23609	1.509118720239	0.07551
5	23613	1.509338271908	0.087369
5	23623	1.510107076312	0.075927
5	23627	1.510350356152	0.09202
5	23640	1.511087450011	0.074548
5	23644	1.511304201969	0.075037
5	23651	1.512048056394	0.075304
5	23658	1.512272413606	0.074697
5	23671	1.513056678485	0.07487
5	23675	1.513239637426	0.075037
5	23682	1.514094213168	0.074769
5	23686	1.514235581082	0.074672
5	23702	1.515064265136	0.075087
5	23706	1.515258394477	0.075889
5	23710	1.516076182424	0.07447
5	23717	1.516283034105	0.074743
5	23733	1.517053797452	0.075004
5	23737	1.517314482976	0.075075
5	23744	1.51808183816	0.074557
5	23748	1.518360906504	0.074384
5	23764	1.519072729748	0.074822
5	23768	1.519368876835	0.0746
5	23775	1.52005412467	0.075209
5	23782	1.520359060146	0.074913
5	23795	1.521005827439	0.075445
5	23799	1.52135941881	0.076048
5	23806	1.522046873493	0.087891
5	23816	1.522344379337	0.079175
5	23829	1.52308358868	0.07834
5	23833	1.523336730591	0.079303
5	23840	1.524040637633	0.077236
5	23847	1.524331665217	0.076547
5	23860	1.525011351711	0.077136
5	23864	1.525353112359	0.075966
5	23868	1.525984333731	0.075181
5	23881	1.526392098424	0.07546
5	23891	1.526952919443	0.075431
5	23895	1.527410114729	0.075642
5	23899	1.52800190289	0.076781
5	23912	1.528396674917	0.076559
5	23922	1.528974112777	0.07569
5	23926	1.529391862009	0.07583
5	23933	1.529932465944	0.075101
5	23946	1.530429213025	0.077536
5	23953	1.530929584278	0.075693
5	23957	1.531475278807	0.076318
5	23964	1.531937718342	0.076143
5	23977	1.532475768227	0.075657
5	23984	1.53288788898	0.07562
5	23988	1.533511909785	0.078872
5	23992	1.53385522097	0.08467
5	24011	1.534510182504	0.076121
5	24015	1.53485824293	0.076814
5	24019	1.53550752576	0.074873
5	24026	1.535896009145	0.074533
5	24039	1.53652240451	0.074373
5	24046	1.536936955872	0.07433
5	24050	1.53754157908	0.082389
5	24063	1.537923109559	0.075529
5	24073	1.538538283474	0.074922
5	24077	1.538972799729	0.074299
5	24084	1.539521714583	0.074304
5	24091	1.539939518758	0.07445
5	24101	1.540510405559	0.074367
5	24108	1.540963492368	0.074345
5	24115	1.541500089925	0.075174
5	24119	1.541986981306	0.07425
5	24138	1.542494982948	0.074864
5	24142	1.542998179274	0.084049
5	24149	1.543472980099	0.076353
5	24153	1.543983872098	0.074606
5	24169	1.54446808448	0.074617
5	24173	1.544989800716	0.075215
5	24177	1.545463838341	0.07542
5	24184	1.545986809656	0.075158
5	24200	1.546469326326	0.074851
5	24204	1.546945284062	0.074848
5	24208	1.547445037713	0.07528
5	24215	1.547913929082	0.074689
5	24231	1.548425950297	0.074481
5	24235	1.548939060996	0.074419
5	24242	1.549396507837	0.074431
5	24246	1.549923728616	0.074655
5	24262	1.550422471539	0.074391
5	24266	1.550906671121	0.07448
5	24270	1.551430931077	0.074542
5	24277	1.551888777329	0.074903
5	24290	1.552452488525	0.080023
5	24297	1.552928176833	0.077826
5	24304	1.553426842327	0.074952
5	24308	1.553939667655	0.07597
5	24321	1.55443104796	0.07496
5	24328	1.554987530071	0.075025
5	24335	1.555431593483	0.085077
5	24339	1.555940252173	0.075661
5	24355	1.556412362198	0.074752
5	24359	1.556892691616	0.074633
5	24363	1.557410802581	0.078567
5	24370	1.557848256408	0.075301
5	24386	1.558440614076	0.074763
5	24390	1.558874018896	0.07478
5	24397	1.559439076512	0.074986
5	24401	1.559879258219	0.074726
5	24414	1.560438639511	0.088337
5	24421	1.560856943007	0.075463
5	24428	1.56141373054	0.075819
5	24432	1.561814409276	0.07652
5	24445	1.562379917144	0.076777
5	24455	1.562849326036	0.07611
5	24462	1.563403258345	0.075898
5	24466	1.563874440275	0.074873
5	24476	1.564388260959	0.075512
5	24486	1.564867081966	0.075264
5	24490	1.56534071344	0.074671
5	24497	1.565833406419	0.074682
5	24510	1.566364593521	0.085473
5	24514	1.566816633396	0.086613
5	24524	1.567332183682	0.076595
5	24528	1.567822540503	0.078066
5	24538	1.568287335759	0.075794
5	24548	1.568828355687	0.076036
5	24555	1.569308185267	0.078199
5	24559	1.569781032957	0.076263
5	24569	1.570283927236	0.0763
5	24579	1.570750875574	0.077071
5	24586	1.571273463765	0.075373
5	24590	1.571743166675	0.075069
5	24600	1.57229286203	0.075109
5	24607	1.572774559346	0.076389
5	24617	1.573256998719	0.074868
5	24621	1.573737508589	0.074457
5	24631	1.574251049272	0.271913
5	24635	1.574737878195	0.253404
5	24648	1.575292534083	0.186722
5	24652	1.575696754482	0.180819
5	24659	1.576279634776	0.241551
5	24666	1.576664469562	0.09822
5	24679	1.577276713587	0.075583
5	24683	1.577658346851	0.074737
5	24690	1.578302864211	0.083755
5	24697	1.578679822155	0.075912
5	24710	1.579326177086	0.075121
5	24714	1.579682439081	0.074683
5	24721	1.580311851178	0.075141
5	24728	1.580698266298	0.074526
5	24741	1.581285941252	0.074449
5	24745	1.581660384609	0.074448
5	24755	1.582255727167	0.074817
5	24762	1.582692778014	0.075464
5	24775	1.58322812939	0.074497
5	24779	1.583664299318	0.074358
5	24786	1.584221161969	0.074413
5	24793	1.584616968535	0.074436
5	24806	1.585263082142	0.084478
5	24810	1.585610093004	0.075633
5	24820	1.586257397914	0.074589
5	24824	1.586587714327	0.074436
5	24837	1.587230904161	0.074587
5	24841	1.587602256974	0.074343
5	24851	1.588211694028	0.07425
5	24855	1.588617650829	0.074482
5	24868	1.589201008583	0.075506
5	24872	1.589606236448	0.074298
5	24882	1.59022762375	0.074524
5	24889	1.590646785223	0.074389
5	24896	1.591213311125	0.074324
5	24903	1.591663272943	0.074327
5	24913	1.59223660256	0.074532
5	24920	1.59263500747	0.074358
5	24927	1.59324822586	0.074468
5	24934	1.593628654396	0.074403
5	24944	1.594225565784	0.07417
5	24951	1.594624864067	0.074469
5	24958	1.595217014301	0.074345
5	24968	1.595614922574	0.074738
5	24972	1.596202315749	0.08596
5	24982	1.596609073539	0.076975
5	24989	1.597189765851	0.076048
5	24999	1.59762791705	0.075192
5	25003	1.5981923344	0.074982
5	25013	1.598671501721	0.074481
5	25020	1.59915085768	0.082532
5	25030	1.599704056798	0.074553
5	25034	1.600162429752	0.074314
5	25044	1.600704243313	0.074376
5	25051	1.601136790566	0.0822
5	25064	1.601667826186	0.07592
5	25068	1.602089991632	0.076257
5	25078	1.602705607782	0.076357
5	25085	1.603068054565	0.075887
5	25095	1.603754236006	0.075708
5	25102	1.604109131496	0.075776
5	25109	1.604731302722	0.075416
5	25119	1.605129451859	0.074481
5	25126	1.605731358401	0.074458
5	25133	1.606174934325	0.074223
5	25140	1.606706620343	0.074257
5	25150	1.60716583959	0.074422
5	25157	1.607706721567	0.08405
5	25164	1.608162364587	0.075392
5	25171	1.608702537124	0.075752
5	25181	1.609169115655	0.07451
5	25188	1.609709951466	0.074314
5	25198	1.610199791918	0.074401
5	25202	1.610667994062	0.074218
5	25212	1.611156172771	0.074173
5	25219	1.61171681103	0.074323
5	25226	1.612199354763	0.074254
5	25233	1.612684856422	0.074198
5	25240	1.61317908596	0.07438
5	25253	1.613666412605	0.074275
5	25260	1.614194225985	0.074362
5	25264	1.614690875425	0.074367
5	25274	1.61517127859	0.074555
5	25284	1.615691597004	0.074351
5	25291	1.616159599922	0.074589
5	25295	1.616686934318	0.074565
5	25305	1.617151700953	0.074991
5	25315	1.617656673467	0.074963
5	25322	1.618175003061	0.076056
5	25326	1.61861738419	0.075646
5	25336	1.619210739389	0.075362
5	25343	1.619603586095	0.075283
5	25353	1.620209301167	0.078906
5	25357	1.620650133693	0.07594
5	25367	1.62122363623	0.075614
5	25377	1.621680308351	0.076259
5	25387	1.622182613138	0.083701
5	25391	1.6226596821	0.074583
5	25401	1.623211584652	0.074553
5	25411	1.623702755774	0.075755
5	25415	1.624223229772	0.074617
5	25422	1.624692074075	0.082108
5	25432	1.6252603667	0.075319
5	25442	1.625704192971	0.07454
5	25446	1.62625716367	0.074413
5	25453	1.626712526899	0.07447
5	25463	1.627207424126	0.074325
5	25470	1.62770112802	0.075315
5	25477	1.628160317717	0.074518
5	25484	1.628705152304	0.074601
5	25491	1.629157409518	0.074248
5	25501	1.62968137291	0.074212
5	25508	1.630149404798	0.074484
5	25515	1.630661668561	0.074271
5	25522	1.631146494478	0.07427
5	25532	1.631637365405	0.084734
5	25539	1.632118190583	0.075196
5	25543	1.632597847087	0.074449
5	25556	1.633129572723	0.074301
5	25563	1.633596142073	0.074281
5	25570	1.634179254726	0.074727
5	25574	1.634578008522	0.074276
5	25590	1.635195367511	0.074264
5	25594	1.635584669885	0.074401
5	25601	1.636197215936	0.07427
5	25605	1.636598169666	0.074383
5	25618	1.637225040548	0.074401
5	25625	1.637586651025	0.074243
5	25632	1.638264441258	0.074207
5	25636	1.638590376677	0.074171
5	25646	1.63924466098	0.07433
5	25656	1.639589279817	0.074303
5	25663	1.640214172807	0.074223
5	25667	1.640552288583	0.0744
5	25677	1.641251436271	0.075172
5	25690	1.641564552404	0.074799
5	25697	1.642234002431	0.079491
5	25701	1.642563291246	0.077538
5	25711	1.643231246862	0.084344
5	25724	1.64356035971	0.075763
5	25728	1.644215401443	0.074378
5	25732	1.644597011421	0.074668
5	25742	1.64517110234	0.074875
5	25755	1.645633015959	0.076687
5	25759	1.646143921502	0.080142
5	25766	1.646650241867	0.074483
5	25773	1.647142330385	0.075242
5	25783	1.647647492253	0.074209
5	25790	1.648135688253	0.074355
5	25797	1.648631358432	0.07433
5	25804	1.649154074913	0.081996
5	25814	1.649642982311	0.075319
5	25821	1.650203518995	0.074521
5	25828	1.650673955203	0.075276
5	25835	1.65122565894	0.074475
5	25845	1.651656907901	0.074355
5	25852	1.652260985663	0.074662
5	25859	1.652681180578	0.074388
5	25866	1.653290608799	0.074475
5	25876	1.653655113828	0.075239
5	25883	1.65432790384	0.074349
5	25890	1.654656920132	0.074737
5	25900	1.65534468995	0.074195
5	25907	1.655620103613	0.083784
5	25914	1.656303387951	0.074892
5	25918	1.656606055263	0.074495
5	25931	1.657341307001	0.074516
5	25938	1.657632067596	0.074286
5	25945	1.658303047464	0.074349
5	25955	1.658673522324	0.074316
5	25959	1.659321961793	0.074226
5	25969	1.659697878925	0.074464
5	25976	1.660320840966	0.074341
5	25980	1.660665786351	0.075543
5	25990	1.661326334487	0.075006
5	26003	1.661671206396	0.07546
5	26010	1.662356348051	0.074355
5	26020	1.662677019535	0.074526
5	26024	1.663347730012	0.074321
5	26034	1.663641383959	0.07449
5	26041	1.664364646997	0.074325
5	26045	1.664630703481	0.074411
5	26061	1.665376228229	0.074481
5	26065	1.665668283784	0.08436
5	26072	1.666415692888	0.075345
5	26076	1.666635394627	0.075888
5	26092	1.667383140571	0.075939
5	26096	1.667654196796	0.075713
5	26103	1.66840875137	0.075764
5	26107	1.668624776266	0.075667
5	26123	1.669383318009	0.075274
5	26127	1.669610818129	0.074353
5	26134	1.670343480186	0.078003
5	26141	1.670629056896	0.07704
5	26151	1.671352313413	0.075308
5	26158	1.671676761356	0.074293
5	26165	1.672366466718	0.074463
5	26172	1.672635220945	0.074276
5	26182	1.673321386719	0.076665
5	26189	1.673601514952	0.08809
5	26196	1.674327561316	0.098208
5	26200	1.674566013285	0.078569
5	26216	1.675312867059	0.078283
5	26220	1.67554169565	0.077355
5	26227	1.676305399515	0.077379
5	26234	1.67653230669	0.076472
5	26241	1.677260270025	0.077803
5	26251	1.677502665271	0.086226
5	26258	1.678279520572	0.075569
5	26265	1.67846423381	0.36877
5	26272	1.679254549508	0.082703
5	26279	1.679439796258	0.080215
5	26289	1.680210851336	0.082224
5	26293	1.680417533897	0.079141
5	26300	1.681176685212	0.07767
5	26307	1.681368048593	0.076494
5	26323	1.682178063539	0.079697
5	26327	1.682319980658	0.079885
5	26334	1.683160491045	0.080112
5	26344	1.683310388476	0.079297
5	26354	1.684164784082	0.077008
5	26358	1.684278077985	0.077566
5	26365	1.685196617945	0.075354
5	26372	1.685325665304	0.0747
5	26385	1.686198234062	0.074465
5	26389	1.686279259682	0.074445
5	26402	1.687194248238	0.074457
5	26406	1.687247800369	0.074319
5	26413	1.688215109247	0.087331
5	26420	1.688255442381	0.075546
5	26430	1.68916639704	0.075381
5	26434	1.689230470715	0.074635
5	26447	1.690141001869	0.074498
5	26451	1.690195747575	0.074419
5	26461	1.691162191911	0.085455
5	26465	1.691172370983	0.074453
5	26478	1.692155529342	0.07451
5	26482	1.692220990371	0.074688
5	26492	1.693198721219	0.074507
5	26499	1.693256910542	0.074435
5	26509	1.694205082181	0.074468
5	26513	1.694241327499	0.074468
5	26523	1.69516291328	0.074279
5	26527	1.695220136533	0.074325
5	26540	1.696193841295	0.082081
5	26544	1.696199381593	0.075142
5	26554	1.697187581385	0.074518
5	26558	1.697236984049	0.075581
5	26571	1.698216643266	0.074466
5	26575	1.698278447388	0.075538
5	26585	1.699187769562	0.074696
5	26595	1.699273040087	0.074405
5	26602	1.70014672635	0.083619
5	26606	1.700269962177	0.075154
5	26616	1.701145792397	0.074591
5	26623	1.701272582217	0.074512
5	26636	1.702184650767	0.074625
5	26640	1.702290840033	0.074265
5	26656	1.703194554381	0.074534
5	26660	1.703314845143	0.075292
5	26667	1.704227972496	0.074457
5	26671	1.70434258546	0.074575
5	26684	1.705206460835	0.074576
5	26691	1.705382415326	0.074439
5	26695	1.706159462256	0.074434
5	26702	1.70640726494	0.074656
5	26715	1.707181785998	0.07455
5	26722	1.707437442517	0.074431
5	26729	1.708196502562	0.074407
5	26733	1.708445155616	0.074372
5	26743	1.709183069831	0.074271
5	26753	1.709417624331	0.074243
5	26760	1.710201682227	0.074406
5	26764	1.710384018761	0.084172
5	26774	1.71124890222	0.075012
5	26781	1.711388793449	0.074386
5	26788	1.712237393832	0.074345
5	26795	1.712390484945	0.07442
5	26805	1.713234630173	0.074511
5	26815	1.713391741248	0.074706
5	26819	1.714219405101	0.075692
5	26823	1.714348652331	0.07547
5	26839	1.715224658263	0.079464
5	26843	1.71535240581	0.075987
5	26850	1.71623063798	0.075541
5	26857	1.716397262902	0.076236
5	26870	1.717263630407	0.077131
5	26877	1.717394220781	0.079035
5	26884	1.718263724034	0.079211
5	26888	1.718415247599	0.076031
5	26901	1.719251816701	0.075421
5	26908	1.719453648348	0.083307
5	26912	1.720210238932	0.07664
5	26919	1.72049693918	0.075066
5	26932	1.721213333089	0.076867
5	26942	1.721528267755	0.074901
5	26946	1.722180287464	0.074536
5	26953	1.722495470703	0.074326
5	26966	1.723198726898	0.075485
5	26970	1.723470490564	0.078559
5	26977	1.724230779161	0.076985
5	26987	1.724439714923	0.076082
5	26997	1.725274363836	0.075006
5	27001	1.725428315262	0.074387
5	27011	1.726284677021	0.074347
5	27015	1.72645164749	0.074333
5	27028	1.727289775974	0.074314
5	27032	1.727457089149	0.074358
5	27042	1.728302818518	0.074377
5	27046	1.728506932599	0.074301
5	27059	1.729305247585	0.074438
5	27063	1.729509357722	0.074362
5	27073	1.730330457207	0.074355
5	27077	1.730520465768	0.0751
5	27090	1.731352707169	0.082938
5	27094	1.731558533924	0.075176
5	27101	1.73237144521	0.074363
5	27108	1.732510144228	0.074453
5	27121	1.733366277325	0.074498
5	27125	1.733554768328	0.074376
5	27135	1.734377687915	0.074422
5	27139	1.734593581523	0.074501
5	27152	1.735345123572	0.074504
5	27156	1.735595515862	0.074379
5	27166	1.736386591583	0.074545
5	27170	1.736596251459	0.074413
5	27183	1.737436524918	0.074852
5	27187	1.737550956191	0.160389
5	27197	1.738418860269	0.08371
5	27204	1.738570254806	0.076747
5	27214	1.73939761498	0.078756
5	27221	1.73958651769	0.076286
5	27231	1.740433802151	0.074707
5	27235	1.740581064184	0.074644
5	27245	1.741418301752	0.085708
5	27249	1.741598445439	0.075568
5	27265	1.742389971361	0.075189
5	27269	1.742549852454	0.082713
5	27279	1.743349071409	0.075466
5	27283	1.743593864853	0.07455
5	27296	1.744367315736	0.074719
5	27300	1.744575924208	0.074573
5	27310	1.745390572488	0.074474
5	27317	1.74558803014	0.074463
5	27327	1.746341770302	0.074283
5	27331	1.746618191581	0.07427
5	27341	1.74736441438	0.07424
5	27348	1.747612912054	0.074305
5	27358	1.748411474932	0.07431
5	27362	1.748613791325	0.074309
5	27372	1.749373798469	0.075001
5	27379	1.749611882199	0.074326
5	27391	1.750416854898	0.084027
5	27395	1.750575172812	0.074815
5	27405	1.751380667748	0.075077
5	27412	1.751570100924	0.07468
5	27422	1.752425153967	0.074701
5	27426	1.752542000185	0.075256
5	27436	1.753452959149	0.074367
5	27440	1.753556288492	0.074367
5	27453	1.754501547406	0.074401
5	27457	1.754554833674	0.074335
5	27467	1.75546681398	0.074267
5	27471	1.755533851659	0.074398
5	27484	1.756418598838	0.074498
5	27488	1.756485024265	0.074449
5	27498	1.75740512831	0.074264
5	27502	1.757441979618	0.074354
5	27515	1.75841083737	0.074325
5	27519	1.758414804429	0.090594
5	27529	1.759376386925	0.075406
5	27533	1.75938906888	0.074391
5	27546	1.760405267686	0.07437
5	27550	1.760422986069	0.084578
5	27560	1.761355493873	0.075329
5	27564	1.761425149779	0.074817
5	27577	1.762360675581	0.074895
5	27584	1.762461104837	0.074409
5	27591	1.763359717849	0.074519
5	27598	1.763441264729	0.074408
5	27611	1.764363770281	0.074373
5	27615	1.764433629566	0.074117
5	27625	1.765402849692	0.07508
5	27629	1.765483097409	0.074378
5	27642	1.766387253985	0.0774
5	27646	1.766488901429	0.112015
5	27656	1.76742073724	0.086317
5	27660	1.767449738664	0.083955
5	27673	1.7684051216	0.078505
5	27677	1.768439881119	0.075011
5	27687	1.769410427545	0.074751
5	27691	1.769452153266	0.074657
5	27704	1.77039267581	0.074555
5	27708	1.770460046839	0.074409
5	27718	1.771395215687	0.074502
5	27722	1.771427289887	0.074406
5	27735	1.772380631071	0.074548
5	27739	1.772397414499	0.074442
5	27749	1.77336694197	0.074396
5	27753	1.773443704449	0.075154
5	27766	1.774337084874	0.074533
5	27770	1.774491476996	0.074355
5	27780	1.775308281712	0.074298
5	27784	1.775476086792	0.074612
5	27797	1.77635508662	0.086414
5	27801	1.776442708862	0.075241
5	27811	1.777395803999	0.074897
5	27815	1.777423100956	0.074644
5	27828	1.778356863502	0.074573
5	27832	1.778399311525	0.074378
5	27839	1.779361408846	0.074517
5	27843	1.779367873305	0.074487
5	27859	1.780355221889	0.075325
5	27863	1.780366870243	0.074582
5	27870	1.781333944123	0.083273
5	27874	1.781404166875	0.074437
5	27890	1.782349012042	0.075053
5	27894	1.782355874451	0.074622
5	27904	1.783364006448	0.074427
5	27908	1.783392321441	0.074571
5	27921	1.784335039035	0.074316
5	27925	1.784441106944	0.074373
5	27935	1.785304551972	0.074515
5	27939	1.785474463483	0.074373
5	27952	1.786348933234	0.086702
5	27956	1.786488077941	0.076701
5	27966	1.787302799875	0.076172
5	27970	1.78743870265	0.07542
5	27983	1.788322006308	0.074458
5	27987	1.78839277049	0.081751
5	27997	1.789278097579	0.075478
5	28001	1.789360634731	0.074554
5	28014	1.790287057742	0.074413
5	28018	1.790402317589	0.074337
5	28028	1.791291063742	0.074398
5	28032	1.791445333469	0.074381
5	28045	1.792302636386	0.074368
5	28049	1.79247710237	0.075286
5	28059	1.793296356614	0.074335
5	28063	1.793432709079	0.074269
5	28076	1.794336113353	0.074239
5	28080	1.794416667067	0.074447
5	28090	1.795346506393	0.074449
5	28094	1.79537976842	0.074603
5	28107	1.796366169871	0.074311
5	28111	1.79637166015	0.074384
5	28121	1.797401762689	0.074413
5	28125	1.797404181333	0.074157
5	28138	1.798384221759	0.074436
5	28142	1.798418062639	0.083799
5	28152	1.799416126545	0.075898
5	28156	1.799458077826	0.074411
5	28169	1.800446609105	0.074452
5	28173	1.800450218614	0.074344
5	28192	1.801485905958	0.075065
5	28196	1.801492487265	0.074474
5	28203	1.802467395182	0.074586
5	28207	1.802536857651	0.074583
5	28220	1.803486363776	0.074567
5	28224	1.80352010738	0.074458
5	28234	1.80448916865	0.095568
5	28238	1.804522559863	0.076194
5	28251	1.805461327781	0.07655
5	28258	1.805547832203	0.077059
5	28265	1.806423325107	0.077054
5	28269	1.806585045084	0.075553
5	28282	1.807400062411	0.07469
5	28289	1.807573413336	0.075211
5	28296	1.808366179836	0.083528
5	28300	1.808579968082	0.075741
5	28313	1.809385547514	0.074789
5	28320	1.809585346001	0.074522
5	28327	1.810370739561	0.074308
5	28337	1.810631286245	0.074401
5	28341	1.811375446118	0.074448
5	28354	1.811643929525	0.076149
5	28358	1.812364235816	0.075798
5	28368	1.81263248768	0.076001
5	28372	1.813370071202	0.075014
5	28385	1.813653097838	0.074852
5	28392	1.814414159707	0.075432
5	28399	1.8146855405	0.074918
5	28406	1.815446877208	0.075643
5	28416	1.815698212691	0.0756
5	28423	1.816429222515	0.07455
5	28430	1.816731616689	0.074708
5	28440	1.817410855303	0.075043
5	28444	1.817690330105	0.075019
5	28454	1.818377603436	0.076115
5	28461	1.818660940314	0.074399
5	28471	1.819418842988	0.076669
5	28478	1.819623374403	0.074701
5	28485	1.820429354356	0.074633
5	28489	1.820600269156	0.074252
5	28505	1.821442400979	0.075085
5	28512	1.821590973371	0.074493
5	28519	1.822449151533	0.074559
5	28526	1.822580675628	0.07447
5	28536	1.823413531834	0.074434
5	28543	1.82362867654	0.074418
5	28553	1.824436629121	0.075299
5	28557	1.82463993551	0.075895
5	28567	1.825476950964	0.083582
5	28571	1.825618496444	0.076
5	28584	1.826489378059	0.074728
5	28588	1.826585898141	0.074425
5	28601	1.827529393507	0.074398
5	28605	1.827590629124	0.074504
5	28615	1.828510057141	0.077053
5	28619	1.828615073166	0.083497
5	28632	1.829492889841	0.075022
5	28636	1.829649173362	0.074494
5	28646	1.830490937675	0.074447
5	28650	1.830647629654	0.082391
5	28660	1.831447782512	0.075158
5	28667	1.831613925776	0.07441
5	28677	1.83247972002	0.074433
5	28681	1.832588376067	0.074362
5	28694	1.833489067846	0.074247
5	28698	1.833635739223	0.074318
5	28708	1.834445445559	0.074633
5	28712	1.834615655283	0.074618
5	28722	1.83545328745	0.07467
5	28729	1.835600435108	0.074504
5	28739	1.83647976773	0.074621
5	28743	1.83662522464	0.074665
5	28753	1.837508171817	0.0746
5	28757	1.837663239358	0.074585
5	28770	1.838530796432	0.074627
5	28774	1.838630818797	0.074516
5	28784	1.839532249207	0.07456
5	28788	1.839582110765	0.0858
5	28801	1.840543828227	0.075361
5	28805	1.840545010194	0.074802
5	28818	1.841511482078	0.076466
5	28822	1.841571453944	0.075702
5	28835	1.842498482238	0.074668
5	28839	1.842532828766	0.074691
5	28849	1.843501670134	0.075579
5	28853	1.843516663188	0.074463
5	28866	1.844467358963	0.074769
5	28870	1.844503062953	0.074586
5	28880	1.84543047703	0.074634
5	28884	1.845487507882	0.074656
5	28897	1.846443796236	0.074567
5	28901	1.846514651875	0.074448
5	28914	1.84747653673	0.074656
5	28918	1.847481573548	0.074526
5	28928	1.848475326111	0.074624
5	28932	1.848481535356	0.074578
5	28945	1.849462883406	0.074699
5	28949	1.849505978896	0.074604
5	28959	1.850419371977	0.075542
5	28963	1.850471734284	0.076303
5	28976	1.851452217383	0.084343
5	28980	1.851492473059	0.080855
5	28987	1.852409944751	0.074573
5	28994	1.852452902098	0.074293
5	29007	1.85339836212	0.074451
5	29011	1.853437396992	0.074333
5	29021	1.854355458657	0.074392
5	29025	1.85440870648	0.074261
5	29035	1.855336581233	0.074419
5	29039	1.855415325435	0.074177
5	29052	1.856289460081	0.074388
5	29056	1.856414761236	0.166037
5	29066	1.857311133189	0.228313
5	29070	1.857398805888	0.181311
5	29083	1.858267894666	0.180286
5	29087	1.858399159529	0.179827
5	29097	1.859278997359	0.180013
5	29104	1.859362259744	0.179716
5	29114	1.860315608211	0.187994
5	29118	1.860316720296	0.180666
5	29134	1.861298316762	0.141637
5	29138	1.861354869052	0.084455
5	29148	1.862256302211	0.075005
5	29152	1.862339521908	0.074595
5	29165	1.863211679182	0.074697
5	29169	1.863324707755	0.074726
5	29179	1.864181242925	0.07481
5	29183	1.864315979239	0.074672
5	29193	1.865137718277	0.08396
5	29200	1.865343030317	0.075526
5	29207	1.866118753536	0.075105
5	29214	1.866364520842	0.075297
5	29224	1.867086303165	0.074492
5	29231	1.867352200841	0.082445
5	29235	1.868055441299	0.07443
5	29245	1.868358620032	0.07436
5	29249	1.869050782256	0.074539
5	29259	1.86939602515	0.085935
5	29266	1.870069667642	0.075773
5	29276	1.870434712	0.074893
5	29280	1.871026029132	0.074512
5	29290	1.871446769312	0.074484
5	29297	1.87204805449	0.074656
5	29307	1.872407424381	0.07451
5	29311	1.873029736877	0.075257
5	29321	1.873414549688	0.074501
5	29328	1.873995187459	0.074437
5	29335	1.874376257439	0.074591
5	29342	1.874967866524	0.074475
5	29349	1.875368971836	0.07455
5	29359	1.875923403046	0.074766
5	29366	1.876339051077	0.074665
5	29373	1.876953817067	0.074509
5	29383	1.877377730474	0.074457
5	29390	1.877936604823	0.074372
5	29397	1.878336621015	0.074357
5	29404	1.878963437759	0.074472
5	29411	1.879327458091	0.074525
5	29421	1.879939471439	0.076057
5	29431	1.880375529894	0.075822
5	29435	1.880891625206	0.07582
5	29448	1.881400715587	0.0855
5	29452	1.881851070186	0.075567
5	29462	1.882392274269	0.075049
5	29469	1.88282605703	0.074826
5	29479	1.883397861594	0.074526
5	29486	1.883815426621	0.074448
5	29496	1.884401749935	0.074508
5	29500	1.884767804862	0.074271
5	29507	1.885380492473	0.074421
5	29517	1.885720848087	0.075221
5	29527	1.886424512985	0.075476
5	29531	1.886707318298	0.075765
5	29538	1.887460406244	0.075934
5	29548	1.887661183377	0.075744
5	29558	1.88846118398	0.075149
5	29562	1.888691907688	0.074321
5	29569	1.889477143043	0.074434
5	29579	1.889654749667	0.074374
5	29586	1.890521188443	0.074394
5	29593	1.890690135601	0.08563
5	29603	1.891545000033	0.079799
5	29607	1.891713185453	0.083279
5	29620	1.892529840682	0.076324
5	29624	1.892698678586	0.074801
5	29631	1.893525342136	0.074388
5	29638	1.893705444747	0.07455
5	29651	1.8945435442	0.074344
5	29655	1.894736717238	0.074203
5	29662	1.895551854973	0.08815
5	29669	1.895709053865	0.075204
5	29682	1.896591344813	0.074554
5	29686	1.896673412063	0.07457
5	29693	1.897613060551	0.074316
5	29697	1.897656796823	0.074454
5	29713	1.898626928774	0.074389
5	29717	1.898657903118	0.075104
5	29727	1.899656332778	0.074535
5	29731	1.899677694737	0.074592
5	29744	1.90065483426	0.074425
5	29748	1.900700188774	0.074527
5	29755	1.901623834492	0.074385
5	29759	1.901672018645	0.074344
5	29778	1.902594013631	0.075629
5	29782	1.902652882263	0.074695
5	29789	1.903591114358	0.07446
5	29793	1.903684100407	0.074775
5	29809	1.904597482179	0.075006
5	29813	1.904714367607	0.075342
5	29820	1.905590118667	0.074434
5	29824	1.905674136006	0.074497
5	29840	1.906556677409	0.074359
5	29844	1.906668292943	0.074477
5	29851	1.907556851566	0.074242
5	29855	1.907628030002	0.074273
5	29871	1.908567988253	0.074372
5	29875	1.908667393051	0.074361
5	29882	1.909555092828	0.074272
5	29886	1.909640239263	0.074327
5	29902	1.91054783918	0.074202
5	29906	1.910672735433	0.074323
5	29913	1.911538085857	0.074368
5	29920	1.911712633862	0.075146
5	29933	1.912493892805	0.074307
5	29937	1.912743637209	0.084055
5	29947	1.913519638506	0.075282
5	29954	1.913716908507	0.074596
5	29964	1.9145317481	0.074431
5	29968	1.914725646361	0.074376
5	29981	1.915544155493	0.078042
5	29985	1.915763120734	0.074304
5	29995	1.91657580589	0.074488
5	29999	1.916719515157	0.081046
5	30012	1.917586423795	0.075351
5	30016	1.91768280283	0.074496
5	30026	1.918630938981	0.075265
5	30030	1.918655656818	0.074492
5	30043	1.919680334471	0.074385
5	30047	1.919702609158	0.074352
5	30057	1.920637478471	0.074486
5	30061	1.920662848845	0.074331
5	30077	1.921625745942	0.074937
5	30081	1.921630060312	0.074458
5	30088	1.922590944685	0.074323
5	30095	1.922608034019	0.074318
5	30102	1.923581819144	0.074479
5	30109	1.923651358899	0.074332
5	30122	1.924537920916	0.084707
5	30126	1.924678285598	0.075345
5	30133	1.925502933861	0.074578
5	30143	1.925678671505	0.074632
5	30150	1.926549486997	0.074351
5	30157	1.926701622688	0.074337
5	30170	1.927522638515	0.074299
5	30174	1.927741089765	0.074497
5	30184	1.928522087683	0.074343
5	30188	1.928769005139	0.074383
5	30201	1.929523956294	0.074629
5	30205	1.929723665137	0.074396
5	30215	1.930561517422	0.0745
5	30219	1.930677373607	0.075013
5	30229	1.931538802787	0.074484
5	30236	1.931722247389	0.074308
5	30246	1.932543423347	0.074439
5	30250	1.932732442453	0.080878
5	30263	1.9335533588	0.077147
5	30267	1.933728799975	0.074732
5	30277	1.934536224365	0.074451
5	30281	1.934748585686	0.084797
5	30294	1.935507287874	0.075922
5	30301	1.935723709964	0.074673
5	30308	1.936530288401	0.07452
5	30312	1.936741537735	0.074342
5	30325	1.937575322537	0.075254
5	30329	1.937751750283	0.074255
5	30339	1.938587547408	0.074337
5	30343	1.938730024262	0.074338
5	30356	1.939618575983	0.081559
5	30360	1.93973438832	0.0746
5	30370	1.940614060709	0.306981
5	30374	1.940696127417	0.251936
5	30390	1.941585847174	0.139345
5	30394	1.941671889248	0.074773
5	30404	1.942602902491	0.074466
5	30408	1.942650919151	0.074796
5	30418	1.943624656475	0.074828
5	30422	1.943630319022	0.074952
5	30435	1.944630987359	0.07463
5	30439	1.944673327565	0.074455
5	30452	1.945638824261	0.074368
5	30456	1.945688040057	0.074436
5	30469	1.946648659344	0.074598
5	30473	1.946688129101	0.074726
5	30483	1.947664535172	0.075565
5	30487	1.947674352307	0.074783
5	30497	1.948681427491	0.074599
5	30501	1.948701525897	0.074435
5	30517	1.94965947931	0.074398
5	30521	1.949673105672	0.074381
5	30528	1.950658201636	0.074441
5	30532	1.950692427117	0.076998
5	30545	1.951624414416	0.075169
5	30549	1.951652403132	0.074871
5	30559	1.95267112338	0.137439
5	30563	1.952682340097	0.077239
5	30576	1.953632436253	0.075682
5	30580	1.953635511481	0.075808
5	30590	1.954650317062	0.074817
5	30594	1.954655378967	0.084337
5	30607	1.955617441584	0.075419
5	30611	1.955636718844	0.074756
5	30618	1.956632770693	0.074402
5	30622	1.956641942323	0.074511
5	30638	1.957662116341	0.074512
5	30642	1.957686138055	0.074612
5	30649	1.958644851216	0.074575
5	30653	1.958693400107	0.074534
5	30669	1.959654596529	0.081896
5	30673	1.959658358658	0.07459
5	30680	1.960697256775	0.075369
5	30684	1.960702789901	0.074378
5	30703	1.96170462018	0.074713
5	30707	1.961717333276	0.074519
5	30714	1.962659496849	0.074429
5	30721	1.962733775922	0.074519
5	30731	1.963677425655	0.074393
5	30738	1.963732189944	0.074337
5	30748	1.964725235679	0.074351
5	30755	1.96475135499	0.082589
5	30762	1.965701610421	0.076045
5	30766	1.965759576697	0.074657
5	30779	1.966716729008	0.075376
5	30783	1.966728187422	0.075371
5	30793	1.967684829167	0.07586
5	30797	1.967720504855	0.075727
5	30810	1.968672109992	0.074351
5	30817	1.968770363441	0.074298
5	30824	1.969684798193	0.074423
5	30828	1.96979441927	0.074419
5	30844	1.970690636163	0.074419
5	30848	1.970757117735	0.074531
5	30855	1.971709660139	0.074411
5	30859	1.971780607959	0.074248
5	30875	1.97270335547	0.07427
5	30879	1.972757111416	0.074426
5	30886	1.973733447543	0.074512
5	30890	1.973769597161	0.0743
5	30906	1.974714901333	0.074364
5	30910	1.974796973283	0.074466
5	30917	1.975716778991	0.074202
5	30921	1.975814784956	0.083958
5	30937	1.976679234396	0.075533
5	30941	1.976860794979	0.074738
5	30948	1.97766868508	0.074514
5	30952	1.977824855341	0.074302
5	30968	1.978705932	0.074386
5	30972	1.978852650713	0.074218
5	30979	1.979738807056	0.07466
5	30983	1.979827937433	0.074272
5	30999	1.980740467609	0.074299
5	31003	1.980778354554	0.074389
5	31013	1.981744596578	0.074565
5	31017	1.981821882081	0.0744
5	31033	1.982786186938	0.074306
5	31037	1.982862102013	0.095522
5	31044	1.983789046193	0.075918
5	31048	1.983844909088	0.075107
5	31064	1.984786093761	0.074558
5	31068	1.984809738987	0.074422
5	31075	1.985795372986	0.082917
5	31079	1.98579740416	0.075084
5	31095	1.986751516904	0.074584
5	31099	1.986799699092	0.074247
5	31106	1.987707174335	0.083644
5	31110	1.987776798917	0.075456
5	31126	1.988698143198	0.074445
5	31130	1.988799042217	0.074238
5	31137	1.989663441699	0.074386
5	31141	1.989759577969	0.074332
5	31157	1.99064487229	0.074309
5	31161	1.99080641261	0.074169
5	31168	1.991621806858	0.074285
5	31172	1.991821977792	0.075292
5	31188	1.992579382609	0.074392
5	31192	1.992861546689	0.074331
5	31199	1.993542608669	0.074358
5	31203	1.993820315178	0.074318
5	31219	1.994559721707	0.074234
5	31223	1.994782291314	0.074228
5	31230	1.995509951342	0.074149
5	31234	1.995820369633	0.074305
5	31250	1.996525536464	0.074407
5	31254	1.996857621947	0.074296
5	31261	1.997568998939	0.074241
5	31265	1.997821872128	0.074222
5	31281	1.998578842379	0.084463
5	31285	1.998807127686	0.074945
5	31292	1.999626631486	0.074437
5	31296	1.999758644564	0.074371
5	31314	2.000585038335	0.081443
5	31318	2.000734814567	0.074801
5	31328	2.001549399899	0.075187
5	31332	2.001755524022	0.0754
5	31345	2.002503760817	0.074309
5	31352	2.002707270079	0.074336
5	31359	2.003542574735	0.074344
5	31363	2.0037329421	0.074152
5	31373	2.004534813737	0.075149
5	31383	2.004724478573	0.074575
5	31390	2.00549863363	0.074404
5	31394	2.005702793838	0.074358
5	31404	2.006511152176	0.074354
5	31414	2.006691847764	0.074354
5	31421	2.007531300286	0.074298
5	31425	2.007694251936	0.074245
5	31438	2.00856887414	0.074318
5	31442	2.008708863935	0.075289
5	31452	2.009614400769	0.074544
5	31456	2.009752309342	0.086063
5	31469	2.010604694926	0.075545
5	31476	2.01079131381	0.077129
5	31483	2.011603093863	0.074748
5	31487	2.011747142985	0.074388
5	31500	2.012635336753	0.074395
5	31507	2.012729867126	0.074271
5	31514	2.013664272818	0.074348
5	31518	2.013732957213	0.07426
5	31534	2.014677452285	0.074146
5	31538	2.014777906518	0.074139
5	31545	2.015680508366	0.075079
5	31549	2.015792950147	0.074251
5	31565	2.016631198034	0.07426
5	31569	2.016825877817	0.074171
5	31576	2.017646593396	0.074327
5	31580	2.017791415309	0.074672
5	31596	2.018664334185	0.074723
5	31600	2.018813458384	0.074308
5	31607	2.019639745413	0.074188
5	31614	2.019792832212	0.074147
5	31624	2.020590824869	0.074224
5	31631	2.020835537124	0.074261
5	31641	2.021611681603	0.075411
5	31651	2.021863305552	0.083669
5	31658	2.022635819843	0.07553
5	31665	2.022906248628	0.074541
5	31675	2.02364897047	0.074463
5	31682	2.023912654318	0.074327
5	31689	2.024672120782	0.074416
5	31693	2.024887943637	0.07426
5	31709	2.025703033987	0.07425
5	31713	2.025908662802	0.074259
5	31720	2.026676710424	0.074439
5	31724	2.02688827376	0.074265
5	31740	2.0276957983	0.074267
5	31744	2.02792117367	0.075252
5	31751	2.028739131984	0.074768
5	31755	2.028871259735	0.181344
5	31771	2.029699344608	0.295598
5	31775	2.029870550376	0.243405
5	31782	2.030726507852	0.180965
5	31786	2.030902869296	0.180832
5	31802	2.031738965228	0.199395
5	31806	2.031920143368	0.181162
5	31813	2.032755366857	0.180709
5	31820	2.032951164555	0.254364
5	31833	2.033783618302	0.082874
5	31837	2.033937689948	0.076003
5	31844	2.034773301467	0.075886
5	31848	2.034947150196	0.075883
5	31861	2.035737832287	0.075959
5	31868	2.035951945783	0.07582
5	31875	2.036785368429	0.074713
5	31882	2.036990456178	0.074561
5	31895	2.037833238466	0.074713
5	31899	2.037958039206	0.074609
5	31906	2.038869821407	0.074517
5	31913	2.038985511241	0.074544
5	31923	2.03982986396	0.074615
5	31930	2.039989427157	0.074553
5	31937	2.040813213435	0.075488
5	31944	2.041015913928	0.271784
5	31957	2.041809029954	0.188417
5	31961	2.041980993339	0.182104
5	31974	2.042792075876	0.196401
5	31978	2.043011813626	0.181671
5	31988	2.04375856056	0.230365
5	31992	2.04399267926	0.084628
5	32002	2.044760970843	0.076104
5	32009	2.044967956597	0.076135
5	32019	2.045747342816	0.074722
5	32023	2.045971382046	0.074678
5	32033	2.046706264365	0.074643
5	32043	2.046967528833	0.074611
5	32047	2.047669936523	0.074768
5	32054	2.04796148635	0.074405
5	32064	2.048696413624	0.074323
5	32074	2.04892536322	0.074287
5	32078	2.049664781714	0.074409
5	32085	2.049895148396	0.074391
5	32101	2.050656774607	0.074906
5	32105	2.050879640687	0.074121
5	32109	2.051655139823	0.074277
5	32116	2.051925066354	0.074256
5	32129	2.052619138822	0.074347
5	32136	2.052965917527	0.074224
5	32140	2.053615259488	0.171359
5	32147	2.053925439436	0.075456
5	32163	2.054627586223	0.074675
5	32167	2.05488661199	0.074459
5	32171	2.055631183369	0.074384
5	32175	2.055924092869	0.074456
5	32194	2.056652688049	0.074532
5	32198	2.056967499271	0.075308
5	32202	2.057697712951	0.075237
5	32209	2.058001436137	0.075681
5	32225	2.058664498902	0.07565
5	32229	2.058975760573	0.07469
5	32233	2.059698574853	0.074391
5	32240	2.060000825952	0.07455
5	32253	2.06066283981	0.083653
5	32263	2.060991902649	0.074976
5	32267	2.061658853356	0.074664
5	32274	2.061978236492	0.074464
5	32290	2.062665478344	0.075498
5	32294	2.062953731406	0.07575
5	32298	2.063671005313	0.075925
5	32305	2.0639171975	0.074819
5	32318	2.064720181884	0.074401
5	32325	2.064939061309	0.077193
5	32332	2.065749601756	0.074536
5	32336	2.065983330284	0.074385
5	32343	2.066749574963	0.074436
5	32356	2.066947153453	0.074324
5	32360	2.067739802267	0.081529
5	32367	2.067990811182	0.075587
5	32374	2.068782582082	0.074445
5	32387	2.068966434015	0.075042
5	32394	2.069820688643	0.074285
5	32398	2.069954483251	0.074284
5	32414	2.070812003346	0.074316
5	32418	2.070976464534	0.074247
5	32425	2.071849178538	0.074447
5	32429	2.071988490182	0.074456
5	32442	2.072811874382	0.074513
5	32449	2.073016706002	0.074394
5	32453	2.073824053596	0.074431
5	32460	2.073982492929	0.0743
5	32473	2.074863268063	0.074381
5	32477	2.074962988796	0.074425
5	32484	2.075860419335	0.074365
5	32491	2.075999310574	0.076073
5	32501	2.076843845974	0.0759
5	32511	2.076960221646	0.084636
5	32515	2.077857074235	0.075467
5	32519	2.077945460824	0.074719
5	32532	2.078890800282	0.07447
5	32536	2.078944261365	0.074304
5	32546	2.079911834318	0.074316
5	32550	2.079958302602	0.074343
5	32566	2.080936268817	0.074398
5	32570	2.080960971765	0.074344
5	32583	2.081913856486	0.074669
5	32587	2.082002202655	0.075271
5	32600	2.082962951373	0.074305
5	32604	2.082992970199	0.074458
5	32611	2.083954425455	0.074373
5	32615	2.08402912932	0.074199
5	32631	2.084962114603	0.074186
5	32635	2.084995202561	0.07417
5	32645	2.085931843668	0.074399
5	32649	2.085993891971	0.07428
5	32662	2.086956390849	0.074322
5	32666	2.086966120986	0.074282
5	32676	2.087935150541	0.074147
5	32680	2.08794651105	0.074248
5	32693	2.088950712185	0.074384
5	32697	2.088977748621	0.084204
5	32707	2.089910888038	0.075611
5	32711	2.089984768484	0.07454
5	32721	2.090867368067	0.074477
5	32728	2.091024736348	0.07438
5	32738	2.091842928538	0.074303
5	32742	2.092008643697	0.074489
5	32752	2.092832843287	0.074393
5	32759	2.093009584922	0.084006
5	32769	2.093831726064	0.075699
5	32773	2.094058519495	0.074545
5	32783	2.094829270103	0.074394
5	32790	2.095010961303	0.075261
5	32800	2.095813177806	0.074499
5	32804	2.096036337287	0.074375
5	32814	2.096807967486	0.074332
5	32821	2.097081642945	0.074516
5	32831	2.097807882808	0.074328
5	32835	2.098074831627	0.074549
5	32848	2.098832413147	0.074423
5	32852	2.099104465985	0.074287
5	32862	2.099828793976	0.082547
5	32869	2.100106928483	0.075125
5	32876	2.10080640987	0.071057
5	32883	2.101120992334	0.070629
5	32896	2.10181957355	0.070966
5	32903	2.102090166925	0.070646
5	32910	2.102791808542	0.071042
5	32917	2.103129057657	0.080013
5	32927	2.103762413103	0.075736
5	32931	2.104090183144	0.07057
5	32938	2.104720045393	0.070534
5	32948	2.105070909613	0.070458
5	32958	2.105695007635	0.070463
5	32965	2.106024178422	0.070557
5	32969	2.106680632226	0.070356
5	32979	2.10700016394	0.070472
5	32989	2.107642298467	0.075684
5	32996	2.107954599081	0.071033
5	33000	2.108597288351	0.071217
5	33004	2.108965560631	0.071875
5	33020	2.109601786323	0.074337
5	33024	2.109917466318	0.08165
5	33031	2.110602948137	0.071627
5	33038	2.110952374555	0.071242
5	33051	2.111622906965	0.070807
5	33058	2.111997223465	0.070509
5	33062	2.112589046478	0.070334
5	33066	2.112986234641	0.0703
5	33079	2.113593723403	0.070363
5	33086	2.113956365583	0.070387
5	33093	2.114639164805	0.070396
5	33097	2.114945411507	0.07042
5	33107	2.115595521992	0.071331
5	33117	2.115910261828	0.070461
5	33124	2.116583248709	0.070379
5	33128	2.116914105802	0.070259
5	33144	2.117616920106	0.070457
5	33148	2.117885787706	0.070348
5	33155	2.118577468136	0.070388
5	33159	2.118898883789	0.07037
5	33169	2.119592462336	0.07039
5	33179	2.119935031734	0.070425
5	33186	2.12056792157	0.070624
5	33190	2.120975831073	0.072781
5	33206	2.121525679707	0.071025
5	33213	2.121938743925	0.07121
5	33220	2.122477758814	0.078967
5	33227	2.122987088929	0.071412
5	33234	2.123440598539	0.070644
5	33247	2.123988206947	0.070393
5	33251	2.12440278486	0.070242
5	33255	2.124954412971	0.070332
5	33265	2.125400474173	0.070394
5	33275	2.125923831683	0.072625
5	33282	2.126354366807	0.073869
5	33286	2.126939003854	0.070416
5	33293	2.127385421696	0.070506
5	33306	2.12794724329	0.070343
5	33313	2.128388037825	0.070464
5	33317	2.128949241483	0.070431
5	33324	2.129401882639	0.071343
5	33337	2.129924592804	0.070682
5	33344	2.130367234327	0.070531
5	33348	2.130931257646	0.070517
5	33355	2.131407031696	0.070711
5	33368	2.131926253035	0.070515
5	33375	2.132411476518	0.074208
5	33379	2.132909342955	0.081005
5	33389	2.133393266706	0.07431
5	33402	2.1339475188	0.074405
5	33406	2.134347687739	0.074401
5	33410	2.134969599541	0.143048
5	33420	2.135352153756	0.076712
5	33430	2.135958808486	0.076257
5	33437	2.136334502824	0.07602
5	33441	2.136971837253	0.075677
5	33451	2.137367792567	0.075756
5	33461	2.137929359252	0.075828
5	33468	2.138359340203	0.075752
5	33472	2.138902737586	0.074429
5	33479	2.139344729295	0.074371
5	33495	2.139951547121	0.07453
5	33499	2.140360618092	0.074451
5	33503	2.140937210522	0.074512
5	33513	2.141324504443	0.074272
5	33526	2.141935166143	0.074823
5	33533	2.142346290275	0.075293
5	33537	2.142914707604	0.074327
5	33544	2.143327430462	0.07434
5	33557	2.143957265544	0.074348
5	33564	2.144277822237	0.074372
5	33568	2.144985140802	0.07426
5	33575	2.145294317087	0.074269
5	33588	2.145990278555	0.074305
5	33595	2.146274618609	0.085167
5	33599	2.146969017439	0.082084
5	33609	2.147305662358	0.075022
5	33619	2.148004495742	0.074477
5	33626	2.148291185183	0.074483
5	33633	2.149036349759	0.075191
5	33640	2.149248549343	0.074454
5	33650	2.150039229323	0.07448
5	33657	2.150273435281	0.074307
5	33667	2.151058030794	0.07428
5	33671	2.151243500905	0.074319
5	33678	2.152012542305	0.074358
5	33685	2.152201498971	0.074439
5	33698	2.153028809637	0.074222
5	33702	2.153243774448	0.074441
5	33709	2.154056635782	0.074324
5	33716	2.154287483032	0.074443
5	33729	2.155018888672	0.074354
5	33733	2.155287303376	0.074482
5	33740	2.156059803221	0.075152
5	33747	2.156243970702	0.078859
5	33760	2.157011782563	0.07432
5	33764	2.157247008246	0.074313
5	33774	2.158029227837	0.074346
5	33778	2.15821098491	0.074304
5	33791	2.159039434407	0.084066
5	33795	2.159221680021	0.075178
5	33805	2.160081048364	0.074411
5	33809	2.160175736332	0.074394
5	33819	2.161069636277	0.074317
5	33826	2.161176679712	0.074304
5	33839	2.162118724204	0.075422
5	33843	2.162147200073	0.07442
5	33856	2.163107031101	0.074282
5	33860	2.16311926031	0.07426
5	33870	2.164078437376	0.074126
5	33874	2.164149010616	0.074269
5	33887	2.165074993669	0.074217
5	33891	2.165122647379	0.0743
5	33901	2.166116836964	0.074163
5	33905	2.166121863974	0.074306
5	33915	2.1670758508	0.074295
5	33919	2.167086409122	0.074475
5	33929	2.168037778719	0.074156
5	33933	2.168062164324	0.074244
5	33946	2.168991349961	0.085641
5	33950	2.169094850687	0.075526
5	33960	2.170035567018	0.074532
5	33964	2.170054787522	0.074559
5	33977	2.171034253592	0.07855
5	33981	2.171057891117	0.076713
5	33991	2.172030609774	0.075082
5	33995	2.172058271177	0.074638
5	34005	2.173034483714	0.074873
5	34009	2.173084449407	0.08197
5	34025	2.174078204374	0.075951
5	34029	2.174110606888	0.074668
5	34042	2.175109752894	0.074639
5	34046	2.175126392544	0.074654
5	34056	2.176087736534	0.075427
5	34060	2.176148539856	0.074388
5	34067	2.177106587008	0.074607
5	34071	2.177115682366	0.074627
5	34081	2.178063552201	0.074498
5	34085	2.178087211086	0.074642
5	34101	2.179059448815	0.074595
5	34105	2.179102787898	0.074558
5	34112	2.180030449562	0.074601
5	34116	2.180081707873	0.080965
5	34132	2.181023368828	0.074576
5	34136	2.181130002223	0.084242
5	34149	2.182059215263	0.076217
5	34153	2.182155573334	0.07484
5	34166	2.183033296573	0.074594
5	34170	2.183182778234	0.074222
5	34177	2.184053321366	0.074281
5	34184	2.184172514151	0.074411
5	34194	2.18502282255	0.074355
5	34204	2.185212038377	0.074379
5	34211	2.186031775845	0.074416
5	34215	2.186181218386	0.074291
5	34228	2.187025096971	0.074441
5	34235	2.18718752022	0.074475
5	34242	2.188018493365	0.074176
5	34246	2.188190869493	0.07423
5	34259	2.189003104267	0.075207
5	34266	2.189203409445	0.074458
5	34273	2.19000154279	0.074283
5	34277	2.19017647214	0.074347
5	34290	2.190957021228	0.074353
5	34297	2.191130845747	0.084132
5	34301	2.191936782513	0.07545
5	34308	2.192102456169	0.074603
5	34324	2.192945441421	0.074346
5	34328	2.193150221429	0.074246
5	34332	2.193909977704	0.07427
5	34339	2.194179094613	0.074147
5	34355	2.194921590529	0.074287
5	34359	2.195152161673	0.075111
5	34363	2.195885799589	0.074447
5	34370	2.196114069259	0.074546
5	34386	2.196888230522	0.074528
5	34390	2.197147235723	0.074459
5	34397	2.197890977841	0.074519
5	34401	2.19813376263	0.074407
5	34417	2.19887354136	0.074743
5	34421	2.19909853722	0.074612
5	34428	2.199837664731	0.07453
5	34432	2.200107206834	0.076941
5	34448	2.200850823085	0.075076
5	34452	2.201080453807	0.074509
5	34456	2.201856471534	0.074717
5	34466	2.202090357271	0.074842
5	34482	2.202882849995	0.083882
5	34486	2.203122142941	0.075627
5	34490	2.203876437844	0.074963
5	34497	2.204120547746	0.075001
5	34513	2.204878488006	0.074746
5	34517	2.205151173689	0.074586
5	34521	2.205910555008	0.074587
5	34531	2.206194283875	0.074643
5	34544	2.206869204668	0.074553
5	34548	2.207228834709	0.07446
5	34552	2.207878187197	0.074661
5	34562	2.208260476989	0.075294
5	34575	2.208851310005	0.07431
5	34579	2.20926940563	0.074469
5	34583	2.209848036571	0.074417
5	34596	2.21024166106	0.074334
5	34603	2.210810428224	0.074328
5	34610	2.211225888907	0.074163
5	34614	2.211781900877	0.074337
5	34624	2.212249061984	0.074432
5	34631	2.212732491013	0.074353
5	34641	2.213238042291	0.074525
5	34645	2.213767331562	0.074645
5	34652	2.214261691133	0.074404
5	34662	2.214725929205	0.074372
5	34672	2.21524216368	0.084921
5	34676	2.215763175828	0.076863
5	34686	2.216235055213	0.075828
5	34693	2.216768706682	0.074398
5	34700	2.217284198654	0.074476
5	34707	2.217781718898	0.074515
5	34717	2.21829796672	0.074524
5	34727	2.218816147891	0.074205
5	34731	2.219321094167	0.07442
5	34738	2.219779497367	0.074568
5	34748	2.220337743248	0.074556
5	34758	2.220813203599	0.074517
5	34762	2.221326978725	0.074447
5	34769	2.221805648542	0.075029
5	34779	2.222312985409	0.074599
5	34789	2.222774345809	0.074434
5	34799	2.223347851124	0.074434
5	34803	2.223755067677	0.074283
5	34810	2.224397269182	0.074282
5	34820	2.224706959997	0.074479
5	34830	2.225438552386	0.0745
5	34834	2.225669251161	0.084307
5	34847	2.226488220719	0.082202
5	34851	2.226655571956	0.075309
5	34861	2.22751791262	0.074635
5	34865	2.227650555538	0.078952
5	34878	2.228506780473	0.074769
5	34882	2.228652813012	0.074562
5	34892	2.229482478757	0.12772
5	34896	2.229623287968	0.075524
5	34906	2.230460218725	0.074936
5	34913	2.230672635457	0.074423
5	34923	2.231415585465	0.074599
5	34927	2.231677598995	0.206188
5	34937	2.232402453302	0.105995
5	34944	2.232718571497	0.075026
5	34954	2.233404821981	0.075537
5	34958	2.233696104461	0.07464
5	34968	2.234385974999	0.074615
5	34975	2.234714736336	0.074534
5	34985	2.235431236547	0.074653
5	34989	2.23574619681	0.206839
5	34999	2.23642746068	0.184006
5	35006	2.236711513545	0.182594
5	35016	2.237429898466	0.180411
5	35020	2.237706511721	0.179882
5	35030	2.238443252736	0.179857
5	35037	2.238710836023	0.17973
5	35047	2.239421488801	0.179979
5	35051	2.239662695796	0.215212
5	35061	2.240423716339	0.183137
5	35065	2.240666074317	0.180978
5	35078	2.24143674782	0.18024
5	35082	2.241696147238	0.186155
5	35095	2.242413525548	0.098274
5	35102	2.242691240995	0.096664
5	35112	2.243415890141	0.096586
5	35116	2.24365972208	0.096154
5	35126	2.24443361563	0.09631
5	35130	2.244619307722	0.09637
5	35143	2.245428255676	0.09618
5	35147	2.245620951785	0.096293
5	35154	2.246395293934	0.108365
5	35161	2.246644034314	0.098429
5	35171	2.247389319818	0.096459
5	35178	2.247617886712	0.09649
5	35185	2.24836961484	0.096285
5	35192	2.248663344689	0.096197
5	35202	2.249322678012	0.096213
5	35209	2.249628415816	0.096166
5	35218	2.250279514329	0.110911
5	35228	2.250670387795	0.076654
5	35235	2.251283540215	0.075863
5	35239	2.251629267334	0.075871
5	35246	2.252262659315	0.074649
5	35256	2.252633642969	0.074402
5	35266	2.253303175075	0.074412
5	35270	2.253585688218	0.074693
5	35280	2.254263140323	0.074282
5	35287	2.25460896658	0.074296
5	35297	2.255310347615	0.074555
5	35304	2.255657687795	0.074524
5	35308	2.256275816993	0.07449
5	35315	2.256618350334	0.074801
5	35328	2.257300883738	0.074659
5	35332	2.257633869428	0.074847
5	35339	2.258286631958	0.07452
5	35352	2.258607737074	0.074601
5	35359	2.259317074084	0.074318
5	35363	2.259623930598	0.074339
5	35370	2.2603403483	0.097211
5	35374	2.260598749797	0.07578
5	35390	2.261346544792	0.074841
5	35394	2.261564515348	0.074382
5	35401	2.26233302519	0.074599
5	35405	2.262543419177	0.074456
5	35424	2.263343903961	0.07481
5	35428	2.263493613498	0.074563
5	35435	2.264304160025	0.074914
5	35439	2.264483275357	0.074496
5	35455	2.265332328547	0.074364
5	35459	2.265434307734	0.074565
5	35466	2.266339253118	0.074354
5	35470	2.266414998025	0.074373
5	35486	2.267302634018	0.074369
5	35490	2.2673690335	0.074506
5	35497	2.26834369554	0.074261
5	35501	2.268348814288	0.07443
5	35517	2.269306661846	0.075252
5	35521	2.269319980596	0.074493
5	35528	2.270321517739	0.074388
5	35532	2.270347392993	0.074487
5	35548	2.271299071333	0.074483
5	35552	2.271321184521	0.085414
5	35559	2.272262272883	0.075368
5	35563	2.272370490379	0.074624
5	35582	2.273307983203	0.074547
5	35586	2.273385693828	0.074462
5	35590	2.274262972013	0.074411
5	35594	2.274357141276	0.074561
5	35613	2.27529212733	0.074664
5	35617	2.275392917393	0.075098
5	35621	2.276320391647	0.074517
5	35625	2.276384718443	0.074341
5	35641	2.277288946712	0.074437
5	35645	2.277400940793	0.074204
5	35652	2.27831541238	0.074247
5	35656	2.278383419787	0.07432
5	35675	2.279360916418	0.074396
5	35679	2.279414203728	0.074271
5	35686	2.280374239583	0.074159
5	35690	2.280433717368	0.074409
5	35703	2.281408219271	0.074334
5	35710	2.281425223227	0.074409
5	35720	2.28240597123	0.075348
5	35724	2.282438375326	0.079688
5	35740	2.283390877027	0.082341
5	35744	2.283463873871	0.074946
5	35748	2.284363544912	0.074395
5	35755	2.28444884598	0.074547
5	35768	2.285378820509	0.074461
5	35772	2.285416284915	0.074471
5	35779	2.286406990573	0.074396
5	35783	2.286453902888	0.07441
5	35799	2.287369565247	0.074756
5	35803	2.287405192197	0.074515
5	35810	2.288348306658	0.075162
5	35814	2.288411234285	0.074463
5	35833	2.289390546701	0.074452
5	35837	2.289414625326	0.074441
5	35844	2.290367703128	0.074391
5	35848	2.290370088211	0.074481
5	35864	2.291343551826	0.074389
5	35868	2.291363430282	0.074376
5	35878	2.292352055069	0.074474
5	35882	2.292396086668	0.074369
5	35895	2.293345044084	0.074415
5	35899	2.293366009974	0.074463
5	35906	2.294311520413	0.083324
5	35910	2.294317614197	0.076278
5	35923	2.295283955785	0.074545
5	35927	2.29531262764	0.074444
5	35937	2.296256757757	0.074354
5	35941	2.296316482123	0.074296
5	35954	2.297272446338	0.074617
5	35958	2.297289371639	0.074546
5	35968	2.2982480524	0.074356
5	35972	2.298334166764	0.074527
5	35988	2.299253811743	0.074295
5	35992	2.299382737584	0.074327
5	35999	2.30026886367	0.079922
5	36003	2.300392711386	0.077576
5	36019	2.301261252021	0.075983
5	36023	2.30136714122	0.074503
5	36027	2.302250342174	0.074502
5	36037	2.302361714409	0.075083
5	36053	2.303227693174	0.074673
5	36057	2.303361087526	0.074443
5	36061	2.304189959158	0.074451
5	36065	2.304406402299	0.074454
5	36081	2.305144166256	0.074414
5	36088	2.305430052751	0.085089
5	36092	2.306191702179	0.09141
5	36099	2.306462970322	0.074982
5	36115	2.307198691684	0.08132
5	36119	2.307486483415	0.075976
5	36123	2.308235403999	0.075805
5	36130	2.308526151198	0.074692
5	36146	2.309199023812	0.074328
5	36150	2.309544832482	0.074337
5	36154	2.310218937689	0.074451
5	36164	2.31050062676	0.074214
5	36177	2.311224437947	0.076961
5	36181	2.311517885201	0.117889
5	36185	2.312210192426	0.087857
5	36195	2.312484338938	0.083409
5	36208	2.313177970406	0.083483
5	36212	2.313505444858	0.083321
5	36216	2.314224869772	0.090599
5	36226	2.314533596439	0.269524
5	36239	2.315235529105	0.199547
5	36243	2.315541603882	0.181673
5	36247	2.316228891066	0.180152
5	36257	2.316493126982	0.179635
5	36270	2.317225418118	0.179617
5	36274	2.317509410648	0.179375
5	36278	2.318214995534	0.180957
5	36288	2.318526491739	0.211578
5	36301	2.319205734789	0.095669
5	36305	2.319541531846	0.076456
5	36309	2.320251874995	0.075075
5	36322	2.320548954535	0.074591
5	36332	2.321224846353	0.074631
5	36336	2.321512344345	0.074756
5	36340	2.322223654184	0.074492
5	36356	2.322561848916	0.082751
5	36366	2.323267474393	0.074642
5	36370	2.323553006054	0.074466
5	36374	2.324222333142	0.074433
5	36387	2.32451837298	0.074555
5	36397	2.325178940165	0.075555
5	36401	2.325527090878	0.074671
5	36405	2.326203256222	0.074327
5	36415	2.326517911089	0.074606
5	36428	2.327184428274	0.07429
5	36432	2.327559038157	0.074443
5	36436	2.328193638612	0.08744
5	36446	2.328588251368	0.075315
5	36453	2.32917096451	0.074662
5	36463	2.3296365629	0.074516
5	36467	2.330146897323	0.074305
5	36477	2.330656556248	0.074388
5	36487	2.331124727953	0.081606
5	36494	2.331634342276	0.076439
5	36498	2.3321082673	0.074406
5	36508	2.332586159707	0.074536
5	36515	2.33312879021	0.074358
5	36525	2.333538722465	0.074677
5	36529	2.334090279078	0.074613
5	36536	2.334568326289	0.07451
5	36543	2.335085703866	0.074421
5	36556	2.335595987432	0.074405
5	36563	2.336127852684	0.074357
5	36567	2.33657486594	0.074358
5	36577	2.337104506361	0.074433
5	36584	2.337548500597	0.074559
5	36594	2.338099054599	0.074208
5	36598	2.338503072515	0.075264
5	36608	2.339115619972	0.07443
5	36615	2.339503914565	0.074442
5	36625	2.340092866635	0.08392
5	36629	2.340459083035	0.075293
5	36636	2.341058670948	0.074722
5	36646	2.341447291087	0.074491
5	36659	2.342015294789	0.074818
5	36663	2.342470961622	0.074482
5	36670	2.343014403235	0.074457
5	36680	2.343497441127	0.074523
5	36690	2.343997917809	0.074455
5	36694	2.344468598872	0.0753
5	36701	2.344962652558	0.074505
5	36711	2.345455113212	0.074567
5	36721	2.345948658762	0.074334
5	36725	2.346453134241	0.078286
5	36732	2.34691258044	0.074212
5	36742	2.347480710024	0.074212
5	36752	2.347923232562	0.074342
5	36756	2.348497353205	0.074161
5	36763	2.348948000809	0.074348
5	36773	2.349480836863	0.074359
5	36783	2.349918176771	0.074358
5	36787	2.35048932824	0.074346
5	36791	2.350873336381	0.07444
5	36804	2.351488914641	0.074352
5	36811	2.351892241933	0.083865
5	36818	2.35249338621	0.075297
5	36822	2.352847056178	0.07453
5	36835	2.353460256263	0.074377
5	36845	2.353896365153	0.074403
5	36849	2.354509848215	0.074442
5	36853	2.354857012416	0.07437
5	36866	2.35550112943	0.07435
5	36876	2.355869417714	0.074329
5	36880	2.356517959155	0.074187
5	36884	2.356856807354	0.074324
5	36897	2.357561597971	0.074357
5	36904	2.357819603149	0.076121
5	36911	2.358516073715	0.075702
5	36915	2.35881445825	0.07571
5	36928	2.359474159741	0.083171
5	36932	2.359830230211	0.076511
5	36942	2.360466444065	0.075054
5	36946	2.360785545544	0.074351
5	36959	2.361457092133	0.074471
5	36966	2.361827894243	0.074574
5	36976	2.362424283765	0.070959
5	36980	2.362808686494	0.070459
5	36990	2.36346735997	0.078941
5	37003	2.363857757653	0.077301
5	37007	2.364435597105	0.071046
5	37014	2.364808075034	0.070669
5	37024	2.36547030635	0.0706
5	37031	2.365769105056	0.070306
5	37038	2.366477132198	0.07056
5	37042	2.366737842223	0.070337
5	37055	2.367499931758	0.070351
5	37065	2.367726444571	0.070271
5	37069	2.368455615474	0.070476
5	37076	2.368754063869	0.070326
5	37086	2.369447754555	0.070635
5	37096	2.369761727074	0.070655
5	37100	2.370461654296	0.070524
5	37107	2.370792627257	0.075563
5	37117	2.371422803442	0.071496
5	37127	2.371805358352	0.070523
5	37131	2.372384899547	0.070517
5	37138	2.37276862266	0.070493
5	37148	2.373355483264	0.070463
5	37158	2.373738329115	0.070361
5	37162	2.374375346301	0.070355
5	37169	2.374737232185	0.079734
5	37185	2.375326222936	0.071512
5	37189	2.375750250872	0.070889
5	37193	2.376337758977	0.070647
5	37200	2.37676016894	0.070495
5	37213	2.377344817528	0.070653
5	37220	2.37780726704	0.07055
5	37224	2.378380835762	0.071424
5	37228	2.378783705249	0.070676
5	37244	2.379408310867	0.070319
5	37251	2.3797933741	0.070496
5	37255	2.380405576833	0.070338
5	37262	2.38078846891	0.070406
5	37275	2.381426491849	0.070236
5	37285	2.381818838868	0.070546
5	37289	2.382464706992	0.070507
5	37296	2.382818479842	0.070318
5	37309	2.383423840505	0.070728
5	37316	2.383835910099	0.070644
5	37320	2.384433374149	0.070657
5	37330	2.384863467397	0.071457
5	37340	2.385417937841	0.070545
5	37347	2.385836124027	0.116799
5	37351	2.386441612003	0.077715
5	37364	2.386867109467	0.079485
5	37371	2.387393493552	0.071173
5	37378	2.38787628254	0.070372
5	37382	2.388375138257	0.070533
5	37392	2.38884665371	0.070348
5	37402	2.389342186573	0.070408
5	37409	2.389860515993	0.070452
5	37413	2.390293895279	0.070334
5	37426	2.3908155581	0.070408
5	37433	2.391302378095	0.071238
5	37440	2.391852201469	0.070536
5	37444	2.392259888873	0.070528
5	37460	2.392901682026	0.070504
5	37464	2.393230802538	0.070489
5	37471	2.393898032713	0.0707
5	37475	2.39420112069	0.070641
5	37488	2.394945015775	0.070623
5	37495	2.395211001864	0.070552
5	37502	2.395922011299	0.074143
5	37506	2.396249604265	0.070726
5	37519	2.396881410449	0.070617
5	37526	2.397225925996	0.070543
5	37533	2.397919870997	0.07072
5	37537	2.398182842835	0.07969
5	37547	2.398923759333	0.071609
5	37557	2.399158505948	0.07078
5	37564	2.39990724073	0.070587
5	37568	2.400135771183	0.070395
5	37578	2.400866556887	0.070393
5	37588	2.401100280077	0.070395
5	37598	2.401875551875	0.071524
5	37602	2.402145573405	0.074581
5	37615	2.402827767481	0.074657
5	37622	2.403187479168	0.073118
5	37629	2.403853313187	0.071361
5	37633	2.404139836309	0.072263
5	37643	2.404884319295	0.070604
5	37653	2.405167992585	0.071486
5	37660	2.405922792554	0.070599
5	37664	2.406129222579	0.070542
5	37674	2.406939823664	0.070491
5	37684	2.407091441631	0.07064
5	37691	2.40795396048	0.070795
5	37695	2.408093744721	0.070625
5	37705	2.40896617808	0.070631
5	37712	2.409083631731	0.073197
5	37722	2.410003202437	0.074348
5	37726	2.410090699631	0.081631
5	37736	2.410989873014	0.076215
5	37743	2.411104030387	0.074586
5	37753	2.411983354624	0.074383
5	37757	2.412090974946	0.075143
5	37770	2.412954573091	0.074466
5	37777	2.413070277388	0.074203
5	37784	2.413967261515	0.084431
5	37788	2.41407675444	0.075239
5	37801	2.414951368879	0.074538
5	37808	2.415108584777	0.07445
5	37815	2.415960613882	0.074389
5	37819	2.416064018096	0.07461
5	37826	2.416947184542	0.074321
5	37833	2.417067843756	0.074477
5	37846	2.417915538974	0.0744
5	37850	2.418028331176	0.074319
5	37857	2.418875683947	0.074919
5	37864	2.419006300826	0.07451
5	37877	2.419905796526	0.074341
5	37881	2.419966533911	0.077532
5	37888	2.420933242151	0.074533
5	37892	2.420953141218	0.082177
5	37911	2.421887946781	0.074906
5	37915	2.421944864777	0.074366
5	37922	2.422867574139	0.074365
5	37926	2.422939933253	0.074335
5	37942	2.423860695378	0.074582
5	37946	2.423964152658	0.074303
5	37953	2.424909954967	0.075233
5	37957	2.424943802182	0.074216
5	37973	2.425915794202	0.074317
5	37977	2.425966081749	0.07427
5	37984	2.426947681645	0.074341
5	37988	2.426979278491	0.074363
5	38004	2.427958975979	0.074423
5	38008	2.428020245201	0.074292
5	38018	2.428963951702	0.074171
5	38022	2.428993845606	0.074357
5	38035	2.42997679629	0.074244
5	38039	2.429977524157	0.074222
5	38049	2.430952747374	0.074402
5	38053	2.430983650268	0.0836
5	38066	2.431968250582	0.075261
5	38070	2.431995113998	0.074638
5	38080	2.432975756803	0.074521
5	38087	2.43303625041	0.074366
5	38097	2.433977793759	0.074407
5	38101	2.434040123458	0.074482
5	38114	2.434948840384	0.074331
5	38118	2.435000883554	0.07448
5	38128	2.435973482884	0.074395
5	38132	2.435980223407	0.074173
5	38145	2.436953308399	0.074305
5	38149	2.436966640897	0.074263
5	38159	2.437936854915	0.074398
5	38163	2.4379518794	0.075655
5	38173	2.438955796155	0.075862
5	38177	2.438970472784	0.075768
5	38190	2.439933642996	0.074435
5	38194	2.439936665045	0.081413
5	38204	2.440895521508	0.075048
5	38208	2.440901557443	0.074484
5	38224	2.44185699978	0.0745
5	38228	2.441911856021	0.07432
5	38235	2.442875471061	0.074273
5	38239	2.442903857458	0.083836
5	38255	2.443852448082	0.079017
5	38262	2.443932988497	0.07496
5	38266	2.444853174467	0.074526
5	38270	2.44488875241	0.074373
5	38286	2.445855126273	0.074416
5	38290	2.445894209904	0.074414
5	38297	2.446884626991	0.074306
5	38301	2.44692556884	0.074326
5	38317	2.447836257816	0.074316
5	38321	2.447893342915	0.074342
5	38328	2.448815715712	0.074239
5	38332	2.448849267435	0.074283
5	38348	2.449807039784	0.074357
5	38352	2.44983443196	0.074196
5	38359	2.450832383294	0.074225
5	38363	2.450849890945	0.0752
5	38379	2.451821327678	0.074435
5	38383	2.451849215625	0.074359
5	38390	2.452833492625	0.074309
5	38394	2.452886677641	0.074272
5	38410	2.45386098923	0.074322
5	38414	2.453872994729	0.074502
5	38421	2.454840931186	0.074301
5	38425	2.454907108643	0.074219
5	38441	2.455844663651	0.077288
5	38445	2.455911670305	0.075108
5	38452	2.456868076526	0.074577
5	38456	2.456908108538	0.074596
5	38469	2.457867296474	0.075251
5	38473	2.457867724707	0.074383
5	38483	2.458825326088	0.074407
5	38487	2.4588992201	0.074442
5	38500	2.459865369723	0.074495
5	38504	2.459897490612	0.074515
5	38514	2.460884651391	0.074366
5	38518	2.460915159757	0.074464
5	38531	2.461920684848	0.074374
5	38535	2.461943686641	0.074465
5	38548	2.462963853894	0.074475
5	38552	2.46299073572	0.074459
5	38565	2.463942113921	0.075156
5	38569	2.463979647712	0.074503
5	38579	2.464898176922	0.074364
5	38583	2.464996745126	0.074329
5	38596	2.465869837658	0.083628
5	38600	2.4659995803	0.081894
5	38610	2.466862970328	0.075121
5	38617	2.467049459759	0.074446
5	38630	2.467906007219	0.07454
5	38634	2.468027224493	0.074424
5	38641	2.468866494796	0.074575
5	38645	2.468987878065	0.074444
5	38658	2.469903604808	0.074263
5	38665	2.469999357231	0.075324
5	38672	2.470900725647	0.074374
5	38676	2.471006081725	0.074276
5	38692	2.471924998502	0.074261
5	38696	2.471976310303	0.074347
5	38703	2.47288481173	0.074397
5	38707	2.472950868029	0.074334
5	38717	2.473847460648	0.074436
5	38724	2.473948484873	0.074337
5	38734	2.474875636198	0.074327
5	38738	2.474920047052	0.07437
5	38748	2.475911911875	0.074415
5	38752	2.475962978997	0.074291
5	38765	2.476912991806	0.074301
5	38769	2.476942917084	0.075211
5	38779	2.47791289771	0.074195
5	38789	2.477966953731	0.083158
5	38796	2.478889999967	0.075093
5	38800	2.478985781381	0.074408
5	38816	2.479863874031	0.074499
5	38820	2.479949696178	0.074314
5	38827	2.480821981052	0.074373
5	38831	2.480966645952	0.074268
5	38844	2.481786998268	0.074327
5	38854	2.481959156606	0.074686
5	38861	2.482739903597	0.074463
5	38865	2.482958827931	0.075348
5	38875	2.483767355998	0.074425
5	38885	2.483983985318	0.0743
5	38892	2.484776830373	0.074249
5	38896	2.484940499378	0.074216
5	38906	2.485750193873	0.074299
5	38913	2.485900002037	0.074325
5	38923	2.486794487358	0.074257
5	38927	2.486898453159	0.07462
5	38940	2.487838453269	0.074478
5	38944	2.487927762358	0.082139
5	38954	2.488878789291	0.075439
5	38958	2.488952898451	0.074834
5	38971	2.489839113458	0.075345
5	38975	2.489903553811	0.074454
5	38985	2.490886209619	0.074329
5	38989	2.490937655357	0.074383
5	39002	2.491861252996	0.080889
5	39006	2.491901028573	0.078364
5	39016	2.492852369792	0.0749
5	39020	2.492883314881	0.074394
5	39033	2.493841648735	0.074421
5	39037	2.493902945868	0.074415
5	39047	2.494836230502	0.074576
5	39054	2.494882139795	0.074623
5	39064	2.495883239991	0.074826
5	39068	2.495886057195	0.075709
5	39081	2.496852364037	0.074717
5	39085	2.49690286156	0.075463
5	39095	2.497840473374	0.074347
5	39099	2.497870637043	0.074399
5	39112	2.498803081353	0.083617
5	39116	2.498856458065	0.075318
5	39126	2.499841639474	0.074737
5	39130	2.499848613222	0.074627
5	39145	2.500799026794	0.079991
5	39149	2.500817438373	0.075686
5	39159	2.501825954759	0.074356
5	39163	2.501835192938	0.07429
5	39176	2.502829356277	0.074689
5	39180	2.502881180181	0.074671
5	39193	2.503797795997	0.074518
5	39197	2.50386859343	0.074309
5	39207	2.504831866512	0.074379
5	39211	2.504842427338	0.074414
5	39224	2.505786646043	0.074376
5	39228	2.505818490848	0.074374
5	39238	2.506763320837	0.074886
5	39242	2.506851540437	0.075534
5	39255	2.507787652385	0.074414
5	39259	2.507866824996	0.074783
5	39269	2.508773693192	0.07465
5	39273	2.508864267368	0.074491
5	39286	2.509805644569	0.074397
5	39290	2.509822105491	0.074251
5	39300	2.510832952278	0.085222
5	39304	2.510848071036	0.075477
5	39317	2.5117896146	0.074863
5	39324	2.511857429896	0.074445
5	39331	2.512778007295	0.07438
5	39335	2.512893638865	0.074588
5	39351	2.513755320954	0.075136
5	39355	2.513906549249	0.085244
5	39362	2.514764038559	0.074631
5	39366	2.514874675081	0.074459
5	39382	2.515811166062	0.074433
5	39386	2.515871394287	0.074269
5	39393	2.516805627007	0.084507
5	39397	2.516870632476	0.075379
5	39413	2.517833477058	0.07461
5	39417	2.517874593511	0.074584
5	39424	2.518794644973	0.074373
5	39428	2.518834335424	0.074571
5	39444	2.519800923233	0.074416
5	39448	2.519816669431	0.075236
5	39455	2.52081781125	0.074296
5	39459	2.520838201836	0.074279
5	39478	2.521775325089	0.074698
5	39482	2.521825258389	0.083819
5	39489	2.522762844407	0.075455
5	39493	2.522809863868	0.074728
5	39509	2.523746709033	0.07462
5	39513	2.523775560829	0.07432
5	39520	2.524718045135	0.074343
5	39524	2.524788295146	0.074327
5	39540	2.525718302296	0.07451
5	39544	2.525756466657	0.075286
5	39551	2.52669620939	0.074459
5	39555	2.526747676181	0.074372
5	39571	2.527736187144	0.074438
5	39575	2.527740655798	0.074359
5	39585	2.528761205668	0.074451
5	39589	2.528783109632	0.074237
5	39602	2.529744751638	0.074445
5	39606	2.529800888859	0.074449
5	39616	2.530695199121	0.074271
5	39620	2.530832209183	0.074428
5	39633	2.531738504709	0.074632
5	39637	2.53185325483	0.074519
5	39647	2.532735704768	0.0747
5	39651	2.532886021498	0.075406
5	39664	2.533690380269	0.074557
5	39668	2.533873784068	0.074551
5	39678	2.53469178303	0.083633
5	39682	2.5348672623	0.075055
5	39695	2.535713413178	0.074619
5	39699	2.535883557027	0.074342
5	39709	2.536666487432	0.074287
5	39713	2.536893177007	0.07442
5	39723	2.537669394009	0.074374
5	39730	2.537915813892	0.078747
5	39740	2.538712850328	0.074382
5	39744	2.538907787738	0.074413
5	39757	2.539719905332	0.079669
5	39761	2.539866089451	0.076921
5	39771	2.540687263189	0.074719
5	39775	2.540837914274	0.074478
5	39791	2.541703920088	0.082667
5	39795	2.541822451446	0.076061
5	39805	2.542748554404	0.074652
5	39809	2.542818059291	0.074422
5	39822	2.543763702317	0.074585
5	39826	2.543811707315	0.074512
5	39836	2.54477129438	0.0745
5	39840	2.544799999176	0.074531
5	39853	2.54578107394	0.075628
5	39857	2.545798558262	0.085319
5	39867	2.546786431474	0.076718
5	39871	2.546824187624	0.074794
5	39884	2.54782180332	0.074465
5	39888	2.5478452897	0.074325
5	39898	2.548840541626	0.074379
5	39902	2.548852777591	0.074404
5	39915	2.549827918774	0.074331
5	39919	2.54987049108	0.07431
5	39932	2.550861252271	0.074551
5	39936	2.550919598701	0.074463
5	39946	2.551825908761	0.074345
5	39950	2.551954266331	0.075408
5	39960	2.552786566288	0.075738
5	39967	2.552928123837	0.075756
5	39977	2.553787256161	0.075076
5	39981	2.553956474462	0.074462
5	39988	2.554748224804	0.074654
5	39998	2.554932365903	0.074805
5	40008	2.555740388532	0.074693
5	40012	2.555932384175	0.074536
5	40022	2.556762232989	0.083766
5	40029	2.556922904492	0.075268
5	40039	2.557808741329	0.074735
5	40043	2.557936669658	0.074606
5	40053	2.558803283724	0.075502
5	40057	2.558939136216	0.074502
5	40070	2.559771382853	0.074575
5	40074	2.559945408138	0.074498
5	40084	2.560815869767	0.075099
5	40088	2.560962514963	0.075025
5	40107	2.561785439833	0.07959
5	40111	2.562001848563	0.074826
5	40118	2.562762155241	0.074779
5	40125	2.563001933165	0.074621
5	40138	2.563756338884	0.074622
5	40142	2.564000734598	0.07465
5	40149	2.564717325325	0.075488
5	40156	2.565044980855	0.074393
5	40169	2.565749627494	0.074262
5	40173	2.566001316722	0.074374
5	40180	2.566743626877	0.074284
5	40184	2.567050342075	0.081373
5	40197	2.56770763936	0.075537
5	40204	2.568030990635	0.074772
5	40211	2.568715302935	0.083746
5	40218	2.568989404204	0.07537
5	40231	2.569729770988	0.074809
5	40235	2.570013447926	0.074281
5	40242	2.570756463474	0.074358
5	40249	2.571048518777	0.075134
5	40262	2.571759581271	0.074417
5	40266	2.572008631679	0.074344
5	40273	2.572718683464	0.074424
5	40280	2.573055651373	0.074401
5	40293	2.573714720335	0.074318
5	40297	2.574103206045	0.074501
5	40307	2.574691300285	0.074444
5	40311	2.575113363743	0.074409
5	40324	2.575692689255	0.074392
5	40328	2.576127219978	0.074254
5	40335	2.576696669891	0.074275
5	40345	2.577176352769	0.074392
5	40355	2.577731884216	0.074905
5	40359	2.578217804181	0.074371
5	40366	2.578740123995	0.07527
5	40376	2.579229049139	0.073321
5	40383	2.57972773059	0.070403
5	40390	2.58018722007	0.070448
5	40397	2.580755496556	0.070528
5	40407	2.581173490501	0.079258
5	40420	2.58176080072	0.070994
5	40424	2.582177589151	0.070508
5	40434	2.582792194341	0.070373
5	40441	2.583182135917	0.070319
5	40451	2.583823013679	0.070433
5	40455	2.584168478932	0.071228
5	40465	2.584803499625	0.070395
5	40472	2.585212828978	0.07508
5	40482	2.585755170364	0.304442
5	40486	2.586227604955	0.190713
5	40496	2.58676590713	0.181142
5	40503	2.587273051503	0.179822
5	40513	2.587790706906	0.179476
5	40517	2.588304836293	0.180444
5	40521	2.58876156179	0.201476
5	40534	2.589297327867	0.181799
5	40544	2.589739870065	0.180276
5	40548	2.590254807719	0.487742
5	40552	2.590692417958	0.220213
5	40565	2.591265350296	0.18441
5	40575	2.591691014757	0.180358
5	40579	2.5922617993	0.17974
5	40583	2.592732355595	0.180108
5	40596	2.593292488627	0.179513
5	40603	2.593738389831	0.219877
5	40610	2.594274078362	0.201487
5	40614	2.594738718406	0.180169
5	40627	2.595316073821	0.179968
5	40634	2.595756933419	0.179279
5	40641	2.596365728686	0.181011
5	40651	2.596728226555	0.17956
5	40658	2.597345744556	0.179317
5	40665	2.597696619909	0.179656
5	40672	2.59832577307	0.179405
5	40679	2.598668097233	0.203675
5	40689	2.599335068543	0.159416
5	40699	2.599715099918	0.075856
5	40706	2.600353973652	0.075751
5	40710	2.600700569266	0.075934
5	40720	2.601368554805	0.076183
5	40733	2.601686985897	0.07657
5	40737	2.602410138231	0.076025
5	40744	2.602700215115	0.075827
5	40754	2.60341112479	0.076058
5	40764	2.603731658742	0.07594
5	40768	2.604384256424	0.076082
5	40775	2.604770893235	0.075835
5	40788	2.605406289187	0.075658
5	40795	2.60574547267	0.075789
5	40799	2.606398691478	0.075647
5	40806	2.606768930494	0.076079
5	40816	2.607362505856	0.075693
5	40823	2.607816075596	0.075807
5	40830	2.608376277286	0.075743
5	40837	2.608811748283	0.075734
5	40850	2.609377520022	0.084276
5	40854	2.60977191772	0.075738
5	40861	2.610399776259	0.074865
5	40865	2.610732178144	0.078758
5	40881	2.611439950521	0.07535
5	40885	2.611722869259	0.074528
5	40892	2.612478118193	0.074386
5	40896	2.612701268997	0.07439
5	40912	2.613514362545	0.074262
5	40916	2.613720709258	0.074441
5	40923	2.614537852809	0.074321
5	40927	2.614758115035	0.074248
5	40943	2.615583355891	0.074346
5	40947	2.615761831641	0.074405
5	40954	2.61661959954	0.074387
5	40958	2.616806512235	0.074268
5	40974	2.617586788633	0.074473
5	40978	2.617799293484	0.074252
5	40985	2.618604054128	0.089974
5	40989	2.618783776687	0.075508
5	41005	2.619644811073	0.074845
5	41009	2.619798540441	0.084143
5	41016	2.620608172803	0.075445
5	41020	2.620749833176	0.074834
5	41039	2.621627552777	0.074839
5	41043	2.621711673664	0.074394
5	41050	2.622616484254	0.074493
5	41057	2.6227147489	0.074357
5	41070	2.623653088485	0.074313
5	41074	2.623722716394	0.074516
5	41081	2.624689774648	0.075396
5	41088	2.624751142238	0.074384
5	41098	2.625724788449	0.07435
5	41102	2.625735261271	0.074459
5	41115	2.626751935271	0.0743
5	41119	2.626760589827	0.07437
5	41129	2.62775878264	0.074279
5	41136	2.627780099421	0.074549
5	41146	2.628731381342	0.074265
5	41150	2.628766249212	0.07448
5	41160	2.629735787561	0.07426
5	41164	2.629791778825	0.074635
5	41177	2.630747663212	0.074354
5	41181	2.630813193026	0.074679
5	41191	2.631756384349	0.07613
5	41195	2.631834065158	0.084874
5	41208	2.632708259204	0.076412
5	41212	2.632787394164	0.074731
5	41222	2.633707809978	0.074291
5	41226	2.633833844892	0.074405
5	41239	2.634711631246	0.074495
5	41243	2.634824064184	0.083449
5	41250	2.635678040517	0.077389
5	41257	2.635805336052	0.074601
5	41270	2.636702488789	0.074247
5	41274	2.636813586775	0.074548
5	41281	2.637662189095	0.074415
5	41285	2.637860999079	0.075372
5	41301	2.638637882117	0.074269
5	41305	2.63888268114	0.074532
5	41312	2.639601239428	0.074494
5	41316	2.639841471413	0.074543
5	41332	2.64058502712	0.07423
5	41336	2.6408027707	0.074341
5	41343	2.641616971795	0.074434
5	41347	2.64179562008	0.074383
5	41366	2.642630206093	0.074616
5	41370	2.642763792045	0.074471
5	41377	2.643660132864	0.085171
5	41381	2.643759085475	0.076687
5	41397	2.644619587818	0.074631
5	41401	2.644764249022	0.07459
5	41408	2.64558822842	0.074398
5	41415	2.645750507899	0.074608
5	41428	2.646580034494	0.074447
5	41432	2.646742597188	0.07453
5	41439	2.647553857158	0.074397
5	41443	2.647733283135	0.074555
5	41459	2.648507442319	0.074422
5	41463	2.648775376376	0.074362
5	41467	2.649542987535	0.074331
5	41474	2.649796858831	0.074315
5	41490	2.650518235444	0.074926
5	41494	2.650799660775	0.074269
5	41498	2.651489537889	0.074278
5	41508	2.651817694517	0.074357
5	41521	2.652467199776	0.074296
5	41525	2.652802465858	0.074569
5	41529	2.653507032281	0.074239
5	41536	2.653828383325	0.074279
5	41552	2.654484364228	0.074392
5	41556	2.654817063805	0.074469
5	41560	2.655448267569	0.074322
5	41567	2.655830076908	0.082798
5	41580	2.656418136578	0.072337
5	41587	2.656821734154	0.071098
5	41591	2.657399610318	0.072581
5	41598	2.657796779292	0.103348
5	41611	2.658430024887	0.079101
5	41618	2.658833033552	0.074668
5	41622	2.659402421662	0.072078
5	41632	2.659837089171	0.070449
5	41642	2.660370492304	0.070397
5	41649	2.660795100451	0.070546
5	41653	2.661407746066	0.070572
5	41663	2.661833720031	0.070525
5	41676	2.662386477095	0.070652
5	41683	2.662827454432	0.070374
5	41687	2.663353581637	0.071253
5	41697	2.663793773303	0.077141
5	41707	2.664381402379	0.070933
5	41711	2.664766514125	0.070383
5	41718	2.665377909357	0.070355
5	41731	2.665771271966	0.070684
5	41735	2.666409117949	0.070537
5	41742	2.666752593974	0.071414
5	41749	2.667364028766	0.074472
5	41762	2.667702853081	0.081268
5	41766	2.668322592474	0.071196
5	41776	2.668712760702	0.070529
5	41780	2.669330670507	0.070448
5	41790	2.669693841634	0.070399
5	41800	2.670305506819	0.071337
5	41807	2.670681137157	0.070448
5	41814	2.671338141131	0.070337
5	41821	2.671649096116	0.070611
5	41831	2.672318778356	0.070643
5	41835	2.67268022455	0.070607
5	41845	2.673346285179	0.07054
5	41849	2.673636555696	0.070513
5	41862	2.67434570802	0.074755
5	41866	2.674630652014	0.074598
5	41876	2.675307442981	0.071635
5	41883	2.67560471347	0.070653
5	41893	2.676308897491	0.070541
5	41897	2.676594203702	0.070704
5	41907	2.677263383866	0.070579
5	41914	2.677601582415	0.071423
5	41924	2.678301973375	0.072337
5	41928	2.678616115044	0.071811
5	41941	2.679350585431	0.07055
5	41945	2.679589576064	0.070426
5	41955	2.680390458406	0.070656
5	41959	2.680558491639	0.079171
5	41972	2.681423139376	0.071613
5	41976	2.681522657485	0.071085
5	41989	2.682373906396	0.072349
5	41993	2.682561083003	0.074635
5	42006	2.683342232327	0.080567
5	42010	2.6835579497	0.074623
5	42020	2.684306452507	0.074489
5	42024	2.684589886349	0.075272
5	42037	2.685298230657	0.074626
5	42041	2.685628961952	0.074701
5	42051	2.686309287074	0.074255
5	42055	2.686581716182	0.07438
5	42068	2.687272219704	0.074286
5	42072	2.687607205413	0.074234
5	42079	2.688229980587	0.074261
5	42086	2.688611985534	0.074293
5	42096	2.689183801923	0.074333
5	42103	2.689623508296	0.074372
5	42110	2.690152454569	0.074358
5	42117	2.690605787263	0.074402
5	42121	2.691137644907	0.074223
5	42134	2.691612872591	0.075157
5	42141	2.692126116383	0.074239
5	42148	2.6926590992	0.08377
5	42155	2.693093528794	0.07536
5	42165	2.693657415547	0.074737
5	42172	2.694091489743	0.074476
5	42179	2.694651685717	0.074544
5	42186	2.69513378087	0.074248
5	42196	2.695664393124	0.074228
5	42203	2.696142230408	0.074462
5	42210	2.696619185012	0.077799
5	42217	2.697157460198	0.076223
5	42227	2.697649518668	0.074818
5	42234	2.698181832796	0.074629
5	42241	2.698623965731	0.075682
5	42248	2.699177221023	0.074388
5	42258	2.699574176551	0.074414
5	42265	2.700216115663	0.074389
5	42272	2.700617378872	0.07435
5	42282	2.701238993558	0.07441
5	42289	2.701634200059	0.07435
5	42299	2.70224656739	0.074668
5	42306	2.702676936427	0.074536
5	42316	2.703260826174	0.074443
5	42323	2.703699950264	0.074613
5	42330	2.704310484636	0.084574
5	42334	2.704742475863	0.076652
5	42350	2.705305212073	0.074499
5	42354	2.705760097005	0.07445
5	42361	2.706317816903	0.074408
5	42365	2.70671603827	0.0744
5	42381	2.707312565783	0.078495
5	42385	2.70770811164	0.074461
5	42392	2.708298828604	0.074445
5	42396	2.70873217947	0.074497
5	42412	2.709334698164	0.074397
5	42416	2.709713232804	0.074286
5	42423	2.710349734584	0.081444
5	42427	2.710736825649	0.075423
5	42440	2.71132660844	0.075443
5	42447	2.711714120064	0.07452
5	42454	2.712343397402	0.074448
5	42458	2.712740174615	0.074366
5	42474	2.713387346657	0.074196
5	42478	2.713692203406	0.074297
5	42485	2.714381331424	0.074459
5	42489	2.714658999619	0.074373
5	42505	2.715351418393	0.083845
5	42509	2.715633730382	0.075179
5	42513	2.716324763828	0.074414
5	42520	2.716588385206	0.074476
5	42536	2.717362863876	0.074423
5	42540	2.717619694268	0.075129
5	42544	2.718351952634	0.074369
5	42551	2.718636799298	0.074332
5	42567	2.719398078522	0.074346
5	42571	2.719658925807	0.074348
5	42575	2.720361751479	0.074495
5	42582	2.720622024664	0.074593
5	42598	2.721406047693	0.074569
5	42602	2.72166684014	0.074525
5	42606	2.722439058971	0.07464
5	42616	2.722677239684	0.075858
5	42632	2.723488624123	0.075462
5	42636	2.723696497517	0.074453
5	42643	2.724537908256	0.074311
5	42650	2.724651520167	0.074495
5	42663	2.725574356122	0.074384
5	42667	2.725688325246	0.074438
5	42677	2.726580607106	0.083657
5	42681	2.726662157399	0.075493
5	42694	2.727570839306	0.074868
5	42698	2.727674407333	0.074635
5	42705	2.728585737722	0.074552
5	42709	2.728644274737	0.074391
5	42725	2.729586430114	0.074428
5	42729	2.729684119062	0.074191
5	42739	2.730568590895	0.075017
5	42743	2.730709307513	0.080671
5	42756	2.731526078437	0.074377
5	42760	2.731755236936	0.074463
5	42767	2.732505345337	0.074344
5	42774	2.732712910511	0.07443
5	42784	2.733455626259	0.074401
5	42791	2.733676827765	0.074364
5	42798	2.734481758133	0.074316
5	42802	2.734707622156	0.074436
5	42815	2.735465378212	0.074325
5	42822	2.735712252393	0.074349
5	42829	2.736425513988	0.07423
5	42836	2.736724094071	0.074371
5	42846	2.737465691253	0.07587
5	42853	2.737754629466	0.075664
5	42863	2.738495968043	0.075875
5	42867	2.738766777694	0.082796
5	42880	2.739498689703	0.075208
5	42884	2.739746148202	0.074906
5	42894	2.740508512843	0.074673
5	42898	2.74076397684	0.074481
5	42911	2.741495518644	0.074347
5	42915	2.741809599351	0.074322
5	42928	2.742472085205	0.074993
5	42932	2.742832594512	0.074313
5	42942	2.743480192595	0.07527
5	42949	2.743860262608	0.074359
5	42959	2.74451922027	0.074461
5	42963	2.744869137363	0.074417
5	42973	2.74550240449	0.074341
5	42980	2.745889768228	0.074261
5	42990	2.746534967457	0.074229
5	42994	2.746895229139	0.074321
5	43004	2.74757860107	0.074187
5	43011	2.747878678904	0.074249
5	43021	2.748589407577	0.074128
5	43025	2.748927041045	0.074193
5	43035	2.749572340347	0.07433
5	43042	2.749951785651	0.074322
5	43054	2.750542534724	0.102156
5	43058	2.75090354235	0.075697
5	43068	2.751532483302	0.074501
5	43075	2.751932373863	0.074529
5	43082	2.752548736386	0.074746
5	43089	2.752947330478	0.07448
5	43099	2.753526048084	0.074486
5	43106	2.753989874348	0.074574
5	43113	2.754573885859	0.074403
5	43123	2.755021475103	0.074463
5	43133	2.75555903586	0.074656
5	43137	2.755996735901	0.074504
5	43144	2.756548618227	0.074573
5	43154	2.756952898491	0.074915
5	43164	2.757563673165	0.074401
5	43171	2.757935063671	0.074439
5	43175	2.758606717752	0.074351
5	43182	2.75894541272	0.074515
5	43192	2.759655515705	0.074468
5	43202	2.759930025742	0.074458
5	43209	2.760643903602	0.086481
5	43216	2.760965909202	0.075503
5	43223	2.761605524341	0.074617
5	43236	2.761946019075	0.074997
5	43240	2.762641508815	0.074795
5	43247	2.762984056835	0.075478
5	43257	2.763622523763	0.075926
5	43267	2.763971734032	0.075999
5	43274	2.764598346603	0.075615
5	43278	2.764939403473	0.074334
5	43288	2.765604544822	0.074502
5	43298	2.765906354488	0.074335
5	43305	2.766579666988	0.074627
5	43309	2.766871637525	0.074629
5	43319	2.767554697755	0.074705
5	43329	2.76784127327	0.074648
5	43336	2.76859801384	0.07465
5	43340	2.768840976614	0.074682
5	43350	2.769548158002	0.074552
5	43360	2.769831048465	0.075452
5	43367	2.770526552298	0.07466
5	43371	2.770802583221	0.074562
5	43381	2.771540368758	0.074603
5	43391	2.771813435668	0.074498
5	43398	2.772518838742	0.085528
5	43402	2.772831727603	0.075347
5	43409	2.773508837452	0.074975
5	43419	2.773826292387	0.074495
5	43429	2.774515718694	0.079619
5	43433	2.774794337059	0.074547
5	43440	2.775492673989	0.074684
5	43447	2.775773098006	0.074402
5	43460	2.776514599451	0.074431
5	43464	2.776786419846	0.075197
5	43471	2.77747838772	0.074467
5	43478	2.777739019522	0.074404
5	43491	2.778467329812	0.074293
5	43495	2.778737953942	0.074299
5	43505	2.77944955418	0.074271
5	43509	2.779738231244	0.074334
5	43522	2.780478840978	0.074422
5	43526	2.780689079968	0.074229
5	43533	2.781514523907	0.07443
5	43543	2.781721627397	0.074311
5	43556	2.782504328287	0.083565
5	43560	2.782719464096	0.076275
5	43567	2.783528863935	0.074721
5	43571	2.783698982193	0.074469
5	43587	2.784578219426	0.074613
5	43591	2.784653428606	0.074511
5	43598	2.785551563035	0.074334
5	43602	2.785700337651	0.074378
5	43618	2.78650418503	0.074393
5	43622	2.786732410303	0.074298
5	43629	2.787542937486	0.074277
5	43633	2.787683551286	0.074203
5	43649	2.788541602001	0.074235
5	43653	2.788708168499	0.07445
5	43660	2.789506514758	0.082628
5	43667	2.789658841585	0.075423
5	43680	2.790531429808	0.074674
5	43684	2.790609209935	0.074426
5	43691	2.79154661671	0.074353
5	43695	2.791596541352	0.074441
5	43711	2.792552209756	0.074344
5	43715	2.792574953439	0.084019
5	43722	2.793551633125	0.075304
5	43726	2.793591866925	0.074492
5	43742	2.794583760394	0.074444
5	43746	2.794622788158	0.074326
5	43753	2.79560327344	0.074338
5	43757	2.795610953366	0.075246
5	43773	2.796555781179	0.074395
5	43777	2.796659605902	0.074563
5	43784	2.797559691811	0.074479
5	43788	2.797661166112	0.074583
5	43804	2.798521430788	0.078216
5	43811	2.798693476501	0.074317
5	43815	2.799499035633	0.074447
5	43819	2.79966680016	0.074308
5	43835	2.800511367533	0.07435
5	43839	2.800680178969	0.074419
5	43846	2.801465014507	0.074343
5	43850	2.801686907469	0.074233
5	43869	2.802502825039	0.076913
5	43873	2.802733118442	0.074777
5	43880	2.803475571491	0.074519
5	43890	2.803755348039	0.074247
5	43900	2.804475043593	0.074352
5	43904	2.804772374922	0.086929
5	43917	2.805497893088	0.075678
5	43921	2.805787947183	0.074625
5	43931	2.806485792529	0.07451
5	43935	2.806823441259	0.074282
5	43948	2.807525084757	0.074564
5	43955	2.80780962517	0.074453
5	43962	2.808507417655	0.075274
5	43966	2.808766691266	0.07428
5	43976	2.809541148175	0.074287
5	43983	2.809765100226	0.074505
5	43993	2.810499200316	0.074435
5	43997	2.810717164945	0.074461
5	44010	2.811517599843	0.074313
5	44017	2.811723590143	0.074329
5	44024	2.812483845145	0.074394
5	44028	2.812749958181	0.074315
5	44041	2.813513702974	0.074368
5	44048	2.813754571747	0.074327
5	44055	2.814501536182	0.074276
5	44059	2.814790662569	0.074352
5	44072	2.815506442376	0.07606
5	44079	2.815782067684	0.075635
5	44086	2.816530038317	0.075847
5	44090	2.816764523637	0.084901
5	44103	2.817561778807	0.07687
5	44110	2.817735939237	0.075315
5	44117	2.818520329031	0.074439
5	44121	2.818749459042	0.074453
5	44134	2.819511741552	0.074402
5	44138	2.819733988104	0.07435
5	44148	2.820507595717	0.074257
5	44152	2.820724985586	0.074384
5	44165	2.82150413649	0.074442
5	44169	2.82172144898	0.074185
5	44182	2.822497240686	0.074868
5	44186	2.822720869573	0.07451
5	44199	2.823500784334	0.07436
5	44203	2.823707666373	0.081178
5	44213	2.824504582011	0.075425
5	44217	2.824702878373	0.074903
5	44230	2.825484581974	0.074453
5	44234	2.825662556247	0.074338
5	44244	2.826518379192	0.074283
5	44248	2.826672628118	0.07434
5	44261	2.827502868715	0.074365
5	44265	2.82771875525	0.07433
5	44275	2.828464506275	0.075107
5	44279	2.828721963368	0.083265
5	44292	2.829470227182	0.075046
5	44296	2.829699277763	0.074527
5	44306	2.830474928088	0.074523
5	44310	2.830745957833	0.074298
5	44323	2.831471842962	0.074537
5	44327	2.83170934354	0.07434
5	44337	2.832432886208	0.074397
5	44341	2.832666369089	0.074347
5	44354	2.833428742236	0.074387
5	44358	2.833682149624	0.074561
5	44368	2.834388983927	0.074442
5	44372	2.83468657587	0.075205
5	44385	2.83538731455	0.07428
5	44389	2.835732649576	0.074497
5	44399	2.83638168286	0.074454
5	44403	2.836693175158	0.07428
5	44416	2.837397009173	0.074312
5	44420	2.837666004557	0.074372
5	44430	2.838410684369	0.074199
5	44434	2.838616075509	0.074257
5	44447	2.839429298447	0.082893
5	44451	2.839634984778	0.07508
5	44458	2.840450544897	0.074355
5	44465	2.840658718876	0.07446
5	44478	2.841493672532	0.075283
5	44482	2.841677107138	0.074304
5	44492	2.842456498393	0.074626
5	44502	2.84272496963	0.074556
5	44512	2.843466098128	0.074459
5	44516	2.843734323882	0.074359
5	44523	2.844422820324	0.074314
5	44533	2.844743175744	0.074332
5	44543	2.845465732096	0.07439
5	44547	2.845718455863	0.07774
5	44554	2.846446938573	0.074452
5	44564	2.846708956778	0.074577
5	44574	2.847463094237	0.07519
5	44578	2.847693951722	0.074376
5	44585	2.848425873227	0.07433
5	44595	2.848698598374	0.074347
5	44605	2.849419813491	0.074317
5	44609	2.849706558623	0.074306
5	44619	2.850430935675	0.074433
5	44626	2.850675254809	0.074286
5	44636	2.851438828238	0.083484
5	44640	2.851643684034	0.075455
5	44650	2.852459695509	0.075043
5	44657	2.852681242367	0.074493
5	44667	2.853452364571	0.074599
5	44671	2.853654061526	0.07525
5	44684	2.85443315367	0.074492
5	44688	2.854605480504	0.074346
5	44698	2.855468350172	0.07445
5	44702	2.855642956001	0.074232
5	44709	2.856506262021	0.074751
5	44719	2.856655684169	0.074343
5	44729	2.857475389268	0.07437
5	44733	2.857671202512	0.07455
5	44740	2.858450235622	0.074433
5	44747	2.858634250573	0.07421
5	44760	2.859457817382	0.074343
5	44764	2.859631473189	0.088044
5	44771	2.860484009766	0.076053
5	44781	2.860674543605	0.074434
5	44791	2.861462126505	0.074442
5	44795	2.861649639848	0.083657
5	44805	2.862456945623	0.075041
5	44812	2.862646542978	0.074543
5	44825	2.863435165865	0.074413
5	44829	2.863597158957	0.074409
5	44833	2.864387027371	0.074476
5	44840	2.864632956379	0.074339
5	44856	2.865375099067	0.074347
5	44860	2.865594488391	0.074274
5	44864	2.866423766574	0.075032
5	44868	2.866610565525	0.07426
5	44884	2.867452078607	0.07442
5	44891	2.867654219277	0.074393
5	44895	2.868416173815	0.07437
5	44905	2.868693006798	0.074432
5	44915	2.869433777651	0.074383
5	44922	2.869690599572	0.077699
5	44929	2.870455651704	0.074422
5	44933	2.870707415336	0.074268
5	44946	2.871445913054	0.074539
5	44953	2.871693549864	0.074285
5	44957	2.872473784436	0.074552
5	44967	2.872655771033	0.074274
5	44977	2.873490372463	0.076196
5	44984	2.873614053735	0.084578
5	44988	2.874461566511	0.076972
5	45001	2.874621913803	0.076243
5	45008	2.87550157126	0.075808
5	45015	2.875648941739	0.075295
5	45025	2.87651861577	0.074321
5	45029	2.8766395405	0.074303
5	45042	2.877515014027	0.074422
5	45046	2.877682229913	0.074231
5	45050	2.878528857693	0.074266
5	45060	2.878639155445	0.074393
5	45073	2.87948334177	0.074489
5	45077	2.879599370001	0.074408
5	45084	2.880520738439	0.07525
5	45088	2.880553906358	0.07445
5	45104	2.881519560276	0.074365
5	45108	2.88151984904	0.074267
5	45118	2.882497943318	0.074428
5	45122	2.882512172284	0.074335
5	45138	2.883468925569	0.074482
5	45142	2.88348027447	0.083815
5	45146	2.884466198599	0.075308
5	45150	2.884484092003	0.07456
5	45169	2.885432024359	0.074451
5	45173	2.885515772342	0.0744
5	45180	2.886440531463	0.075132
5	45184	2.886529478939	0.074488
5	45200	2.887427770466	0.074502
5	45204	2.887542634654	0.074409
5	45211	2.888447260024	0.07437
5	45215	2.888569401678	0.074273
5	45228	2.8894130612	0.074395
5	45235	2.889543388458	0.074336
5	45242	2.890380777909	0.074329
5	45246	2.890548884613	0.074384
5	45259	2.891373040568	0.074404
5	45263	2.891535146702	0.074112
5	45273	2.892398430692	0.074325
5	45277	2.892579691242	0.07445
5	45290	2.893429659026	0.074383
5	45297	2.893543321848	0.079292
5	45304	2.894459692635	0.081804
5	45308	2.894522206487	0.075164
5	45321	2.895431673456	0.07455
5	45325	2.895557523398	0.074323
5	45335	2.896440426988	0.083344
5	45339	2.896601065329	0.07524
5	45352	2.897459214768	0.074416
5	45356	2.89759561584	0.074272
5	45366	2.898504404972	0.074355
5	45370	2.898553342666	0.074317
5	45386	2.899509382326	0.075163
5	45390	2.899570287958	0.074399
5	45397	2.900466268298	0.074331
5	45401	2.900602204816	0.07418
5	45417	2.901476757914	0.074279
5	45421	2.901639930084	0.074456
5	45431	2.9024436953	0.074555
5	45435	2.902621080414	0.07424
5	45448	2.903438927982	0.074293
5	45455	2.903604304854	0.074218
5	45462	2.904459820192	0.074269
5	45466	2.904566679127	0.074187
5	45479	2.905456965666	0.075234
5	45483	2.905549938418	0.074347
5	45493	2.906412314165	0.081982
5	45500	2.906599835052	0.075355
5	45510	2.907424095575	0.074711
5	45517	2.907596924661	0.074277
5	45527	2.908463879852	0.074318
5	45531	2.908579017357	0.074217
5	45544	2.909506653723	0.074344
5	45548	2.909613649091	0.074315
5	45558	2.910498022711	0.074299
5	45562	2.91060079746	0.074293
5	45575	2.91148324549	0.074295
5	45579	2.911575976719	0.074679
5	45589	2.912503800243	0.074218
5	45593	2.912572407619	0.074389
5	45606	2.913509225267	0.074407
5	45610	2.913593919464	0.07426
5	45623	2.914533119732	0.074251
5	45627	2.914626031144	0.07441
5	45637	2.915542485601	0.074209
5	45641	2.915675337537	0.07431
5	45654	2.916537908215	0.074291
5	45658	2.916680806694	0.074225
5	45668	2.917553107286	0.081919
5	45672	2.917669661734	0.078766
5	45685	2.918529828109	0.075225
5	45689	2.918671505387	0.074337
5	45699	2.919506360554	0.074491
5	45703	2.919627236713	0.074505
5	45716	2.920491223499	0.074441
5	45720	2.920596036937	0.074397
5	45730	2.921473253424	0.130025
5	45734	2.921645970989	0.075307
5	45750	2.922469681349	0.074684
5	45757	2.922609263544	0.074413
5	45764	2.923421741651	0.074253
5	45768	2.923650240857	0.081946
5	45781	2.92438545632	0.075342
5	45788	2.92461805499	0.074792
5	45795	2.925380537003	0.074356
5	45799	2.925651038691	0.074217
5	45812	2.926330818459	0.074295
5	45819	2.92665306222	0.083988
5	45826	2.92728506792	0.073364
5	45830	2.927687505958	0.070381
5	45846	2.928292471885	0.070309
5	45850	2.928640336077	0.070371
5	45857	2.929262397414	0.070229
5	45861	2.929630753029	0.070217
5	45877	2.930244868257	0.070463
5	45881	2.930661269145	0.071341
5	45888	2.93119626883	0.070528
5	45892	2.931650663625	0.070264
5	45908	2.932170292748	0.07035
5	45912	2.932617836924	0.070395
5	45919	2.933168325041	0.070378
5	45923	2.933614701402	0.070985
5	45939	2.934164461996	0.070455
5	45943	2.934617979328	0.070235
5	45950	2.935175584989	0.070348
5	45954	2.935615193361	0.070186
5	45964	2.936144169083	0.070272
5	45974	2.936647295741	0.070287
5	45981	2.937127625995	0.070292
5	45985	2.937654113968	0.074255
5	45992	2.938085726497	0.075503
5	46005	2.938625040991	0.075732
5	46012	2.939097012605	0.076047
5	46016	2.939584849388	0.08329
5	46023	2.940083745236	0.075227
5	46036	2.940535125033	0.074539
5	46043	2.941124752585	0.074333
5	46047	2.941509100721	0.074436
5	46057	2.942097358742	0.074677
5	46070	2.942542482991	0.074391
5	46077	2.943126678662	0.074385
5	46081	2.943557505228	0.07427
5	46094	2.944140513306	0.07529
5	46101	2.944560482884	0.074308
5	46108	2.945166803774	0.074414
5	46112	2.945559374756	0.074407
5	46122	2.946183926585	0.074282
5	46135	2.946534667522	0.074427
5	46139	2.947206651191	0.074296
5	46143	2.947567957772	0.074402
5	46150	2.948162260895	0.074273
5	46166	2.948526517426	0.074352
5	46170	2.949126005367	0.074362
5	46174	2.949549510662	0.07431
5	46184	2.950173313545	0.074459
5	46197	2.950511609949	0.074575
5	46201	2.951132923912	0.074325
5	46205	2.951464331758	0.083595
5	46212	2.952104511985	0.07524
5	46228	2.952465645322	0.074423
5	46232	2.953136243732	0.074379
5	46236	2.953424214655	0.074288
5	46246	2.954107567902	0.083641
5	46253	2.954388209509	0.075421
5	46263	2.955103836309	0.074446
5	46267	2.955388892978	0.074348
5	46277	2.956089409589	0.074285
5	46284	2.956379254524	0.07432
5	46294	2.957123388085	0.074493
5	46298	2.957329537235	0.075511
5	46308	2.958160734928	0.074417
5	46315	2.958305275268	0.074372
5	46325	2.95912849457	0.074554
5	46329	2.959261335123	0.078487
5	46336	2.960105342892	0.076928
5	46343	2.960274488635	0.074757
5	46356	2.96110283656	0.074783
5	46360	2.961228634275	0.074538
5	46376	2.962148338906	0.074837
5	46380	2.962269087022	0.074568
5	46390	2.963139552051	0.084946
5	46394	2.963226932383	0.076953
5	46407	2.964149527419	0.074847
5	46411	2.964232148955	0.074651
5	46421	2.96519304487	0.078249
5	46425	2.96521416756	0.074557
5	46438	2.966152659839	0.07461
5	46442	2.966172577793	0.07458
5	46452	2.96716069648	0.074541
5	46456	2.96719747529	0.074224
5	46469	2.968210615923	0.074476
5	46473	2.968239577816	0.07409
5	46483	2.969252961223	0.074374
5	46487	2.969253859189	0.074294
5	46497	2.970229940933	0.074251
5	46507	2.970291868875	0.075088
5	46514	2.971232978557	0.07435
5	46518	2.971321944558	0.074182
5	46531	2.972269944438	0.074349
5	46535	2.972309054832	0.074202
5	46545	2.973260718901	0.074132
5	46549	2.973291144173	0.084205
5	46562	2.974304121173	0.075354
5	46566	2.974337796005	0.074776
5	46576	2.975311912356	0.074505
5	46580	2.975316947633	0.074301
5	46593	2.976281836527	0.074398
5	46600	2.976331265864	0.074279
5	46607	2.97730550489	0.074723
5	46611	2.977335627736	0.074351
5	46627	2.978270186472	0.074523
5	46631	2.978346585531	0.074323
5	46638	2.979266954791	0.074438
5	46642	2.97933158977	0.074557
5	46655	2.980227560425	0.074527
5	46662	2.980329110474	0.074393
5	46669	2.981231910849	0.074584
5	46673	2.981355682682	0.074529
5	46692	2.982274669704	0.074853
5	46696	2.982390684235	0.074789
5	46703	2.983268909791	0.081574
5	46707	2.983392733487	0.076302
5	46723	2.98429690732	0.074742
5	46727	2.984389765673	0.074434
5	46734	2.985299917657	0.074586
5	46738	2.985392229069	0.083657
5	46754	2.986333179506	0.075244
5	46758	2.986402127992	0.074472
5	46765	2.987333485375	0.074396
5	46769	2.987405889162	0.074168
5	46785	2.988364905762	0.074307
5	46789	2.988380846592	0.074264
5	46796	2.989352480538	0.077535
5	46800	2.989381939067	0.074312
5	46816	2.990378340248	0.076412
5	46820	2.990418504064	0.076763
5	46830	2.991347726655	0.074657
5	46834	2.991403317107	0.074269
5	46850	2.992364873649	0.074393
5	46854	2.992429594904	0.074337
5	46858	2.993339381138	0.074274
5	46865	2.993422367631	0.074339
5	46875	2.994308466367	0.074334
5	46885	2.994448232002	0.074353
5	46889	2.995335380923	0.074328
5	46896	2.99546133735	0.074585
5	46909	2.996363232313	0.074378
5	46913	2.996458218125	0.074352
5	46920	2.997392418413	0.074375
5	46924	2.997482091807	0.074307
5	46940	2.998352571231	0.077055
5	46947	2.998488928938	0.074671
5	46951	2.99934647055	0.074465
5	46958	2.999509770347	0.074337
5	46976	3.000348047709	0.08206
5	46980	3.000522445792	0.075826
5	46990	3.001313058322	0.074892
5	46994	3.001553720599	0.074463
5	47010	3.002348550676	0.074338
5	47014	3.00252126399	0.074412
5	47021	3.003336142284	0.074377
5	47025	3.003519090216	0.074316
5	47041	3.004309954827	0.07429
5	47045	3.00453231628	0.074255
5	47052	3.005299163216	0.074291
5	47056	3.005492643204	0.07424
5	47072	3.006336462895	0.074213
5	47076	3.006491673861	0.07519
5	47083	3.007292476613	0.074229
5	47087	3.00748379891	0.07434
5	47103	3.008295725933	0.074332
5	47107	3.008491058916	0.074345
5	47114	3.00932240399	0.074287
5	47118	3.009523158234	0.074394
5	47134	3.010307420854	0.087391
5	47138	3.010502264657	0.074689
5	47145	3.011266897926	0.074413
5	47149	3.011527632436	0.074434
5	47162	3.012295037253	0.074448
5	47169	3.012494773938	0.082192
5	47176	3.013335873579	0.076047
5	47180	3.013478895073	0.07437
5	47190	3.014325040541	0.074597
5	47200	3.014485073082	0.074425
5	47207	3.015361068481	0.074335
5	47211	3.015510808249	0.074028
5	47224	3.016352819369	0.074415
5	47231	3.016547954139	0.074379
5	47238	3.017336718246	0.074132
5	47242	3.017568018825	0.074167
5	47255	3.018376476373	0.074317
5	47259	3.018564641799	0.074361
5	47269	3.019329117558	0.074615
5	47273	3.019542869262	0.074423
5	47283	3.020358822745	0.074327
5	47290	3.020558957992	0.074327
5	47303	3.021317426085	0.074599
5	47307	3.021531155776	0.085002
5	47320	3.02234513601	0.075429
5	47324	3.022556435795	0.074592
5	47334	3.023384286095	0.074314
5	47338	3.023550824544	0.074497
5	47351	3.024412089298	0.074307
5	47355	3.024531344699	0.074359
5	47365	3.025382514579	0.074418
5	47369	3.025530246242	0.075322
5	47379	3.026415201459	0.074383
5	47386	3.026524382267	0.074382
5	47396	3.027463977846	0.074369
5	47400	3.027505780004	0.074482
5	47410	3.028466510962	0.074469
5	47417	3.028491044136	0.074552
5	47427	3.029470738508	0.074647
5	47431	3.029484406563	0.074448
5	47444	3.030467280338	0.07468
5	47451	3.030530421031	0.074922
5	47458	3.031427550574	0.075466
5	47462	3.031533409542	0.075729
5	47478	3.032432826521	0.075865
5	47482	3.03252215205	0.077072
5	47489	3.033482604003	0.076458
5	47493	3.033557837142	0.085677
5	47509	3.0345115271	0.0832
5	47513	3.034540058007	0.075828
5	47520	3.035529172527	0.075033
5	47524	3.035577153294	0.075703
5	47540	3.036524910767	0.074811
5	47544	3.036552144864	0.075293
5	47551	3.037538822238	0.075512
5	47555	3.037542126817	0.075097
5	47571	3.038511816894	0.074916
5	47575	3.038555053655	0.074926
5	47582	3.039463979178	0.076056
5	47586	3.039515720052	0.075287
5	47602	3.040512607811	0.074841
5	47606	3.040525853698	0.075302
5	47616	3.04149566297	0.085333
5	47620	3.041559905824	0.076787
5	47636	3.04249647155	0.076899
5	47640	3.04258427847	0.07657
5	47650	3.043484371017	0.076322
5	47654	3.043588988274	0.076525
5	47664	3.04452987585	0.075208
5	47671	3.044562936812	0.075752
5	47681	3.045508717535	0.086788
5	47685	3.045544438256	0.07608
5	47698	3.046476880476	0.075756
5	47705	3.046517987017	0.075167
5	47712	3.047498931977	0.074921
5	47716	3.047538086713	0.074838
5	47729	3.048494958945	0.074395
5	47733	3.048572760678	0.074279
5	47743	3.049446949658	0.074378
5	47747	3.04958226419	0.074251
5	47757	3.050484343664	0.074392
5	47761	3.050570807933	0.07429
5	47774	3.051455952	0.074256
5	47778	3.051593760678	0.07532
5	47788	3.052503047057	0.078822
5	47792	3.05255838298	0.0769
5	47805	3.053479854134	0.07495
5	47809	3.053607631225	0.074406
5	47822	3.05447679214	0.074725
5	47826	3.054642931886	0.074491
5	47836	3.055502581156	0.074402
5	47840	3.055683276123	0.074271
5	47853	3.056492769763	0.074355
5	47857	3.056701865686	0.074377
5	47867	3.057449686625	0.074401
5	47871	3.05768332019	0.089839
5	47884	3.058498522911	0.077251
5	47888	3.058722989552	0.074335
5	47898	3.059495603482	0.074348
5	47902	3.059759010238	0.074258
5	47915	3.060473236815	0.074905
5	47925	3.060752137932	0.074845
5	47932	3.061457125409	0.074252
5	47936	3.061741743138	0.074523
5	47949	3.062429521994	0.074397
5	47953	3.062752842607	0.074575
5	47963	3.063426140436	0.074474
5	47967	3.063802541846	0.074381
5	47980	3.064474914191	0.0752
5	47987	3.06484217143	0.074256
5	47994	3.065498284595	0.074459
5	47998	3.065796582023	0.074353
5	48011	3.066495625821	0.074333
5	48018	3.066807223596	0.074415
5	48025	3.067454615532	0.074531
5	48029	3.067783546803	0.074303
5	48042	3.068447787726	0.074439
5	48049	3.068820396697	0.074526
5	48056	3.069474042887	0.084706
5	48060	3.069794694177	0.075339
5	48073	3.070451392526	0.074646
5	48077	3.070776803714	0.085698
5	48087	3.071474623613	0.076091
5	48091	3.071763772929	0.075977
5	48104	3.072457202542	0.075966
5	48108	3.0727745252	0.074841
5	48118	3.073434224183	0.074522
5	48122	3.073738099575	0.074431
5	48135	3.074438070273	0.398848
5	48139	3.074772776864	0.199731
5	48149	3.075407337019	0.187207
5	48156	3.07578246139	0.198419
5	48166	3.0764388175	0.215379
5	48170	3.076777229641	0.191343
5	48180	3.077402032544	0.218796
5	48187	3.077774101645	0.197216
5	48197	3.078443083846	0.181548
5	48201	3.07873015327	0.185305
5	48211	3.079431367942	0.203069
5	48218	3.079773623829	0.214543
5	48228	3.080424438263	0.205685
5	48232	3.080733413097	0.203567
5	48245	3.081436435303	0.196893
5	48255	3.081721068065	0.185303
5	48262	3.0824748813	0.181311
5	48266	3.082719771441	0.206594
5	48276	3.083519748843	0.19366
5	48283	3.083699386337	0.18315
5	48293	3.08448868127	0.182958
5	48297	3.08474900508	0.207802
5	48310	3.085502392914	0.183099
5	48314	3.085734751764	0.211464
5	48324	3.086497883315	0.11806
5	48328	3.086756873887	0.089933
5	48341	3.087516715773	0.083047
5	48345	3.087743594129	0.082237
5	48355	3.088537698586	0.08239
5	48359	3.088720499995	0.082315
5	48369	3.089555087428	0.082122
5	48379	3.089769080572	0.074922
5	48386	3.090508997515	0.074702
5	48390	3.090784120059	0.074756
5	48400	3.091471166094	0.07454
5	48407	3.09178769943	0.074434
5	48417	3.092469565301	0.075188
5	48421	3.092754425528	0.074438
5	48431	3.093421472543	0.07453
5	48438	3.093756229843	0.074426
5	48448	3.094409337566	0.07432
5	48452	3.094720215241	0.074354
5	48462	3.095443869971	0.087973
5	48469	3.095761602929	0.075164
5	48479	3.096402696468	0.074791
5	48483	3.09671494901	0.074424
5	48496	3.09743336679	0.074278
5	48500	3.09771028795	0.07456
5	48510	3.098469128963	0.074586
5	48514	3.098678943915	0.075214
5	48524	3.099489282736	0.074384
5	48531	3.09971845069	0.074368
5	48541	3.100486724815	0.074461
5	48545	3.100726957108	0.074403
5	48561	3.101491661024	0.075113
5	48565	3.101687627497	0.074634
5	48575	3.102540942684	0.074504
5	48579	3.102640562927	0.074287
5	48592	3.103574707198	0.074307
5	48596	3.103625169231	0.074328
5	48606	3.104576039671	0.075087
5	48610	3.104589940392	0.081834
5	48626	3.105581091391	0.074423
5	48630	3.105607234438	0.074439
5	48637	3.106541417486	0.085112
5	48641	3.106651605261	0.075113
5	48654	3.10757960001	0.074746
5	48661	3.107693709752	0.07445
5	48668	3.108615261982	0.074342
5	48675	3.108731499212	0.074402
5	48685	3.109651821489	0.074339
5	48692	3.109761196155	0.0743
5	48702	3.110639315767	0.074286
5	48709	3.110792501926	0.07519
5	48719	3.111628142989	0.074399
5	48723	3.11177039129	0.074414
5	48733	3.11260170223	0.074331
5	48740	3.112743284552	0.07428
5	48750	3.113624247701	0.074463
5	48754	3.113765804589	0.07418
5	48764	3.114669790889	0.074335
5	48768	3.114815740597	0.074158
5	48781	3.115672360673	0.074322
5	48785	3.115770888922	0.074203
5	48795	3.116694180443	0.074478
5	48799	3.116814174745	0.074226
5	48812	3.117666993808	0.0845
5	48816	3.117771014166	0.075361
5	48826	3.118686837147	0.074704
5	48833	3.11881670909	0.074474
5	48843	3.119661070009	0.074383
5	48847	3.119793127142	0.074316
5	48860	3.120619464807	0.075011
5	48864	3.12080896949	0.074807
5	48877	3.121635659902	0.074505
5	48881	3.121791411685	0.074596
5	48891	3.122628185629	0.074444
5	48895	3.122774334172	0.081708
5	48908	3.123619834003	0.076363
5	48912	3.123739739353	0.074862
5	48919	3.124587860736	0.074447
5	48926	3.124768844874	0.07443
5	48939	3.125598176993	0.074338
5	48943	3.125781125964	0.074288
5	48953	3.126558050873	0.074502
5	48957	3.126802272568	0.074625
5	48967	3.127565083958	0.084468
5	48974	3.127816894598	0.075397
5	48984	3.128562729653	0.074786
5	48988	3.128818524853	0.078498
5	48998	3.129574158463	0.074807
5	49005	3.129774994618	0.075421
5	49015	3.130553951071	0.074461
5	49019	3.130777997735	0.074455
5	49032	3.131600129056	0.07442
5	49036	3.131767230887	0.074326
5	49046	3.132583382651	0.074361
5	49050	3.132732609045	0.074309
5	49060	3.133627882747	0.074301
5	49067	3.13372847155	0.074255
5	49077	3.134619714555	0.07436
5	49081	3.134720250694	0.074369
5	49091	3.135618237552	0.074457
5	49098	3.135676883551	0.074504
5	49108	3.136610878341	0.074787
5	49112	3.136682152902	0.075127
5	49122	3.137582911087	0.074601
5	49129	3.137730800356	0.074616
5	49139	3.138586623954	0.07452
5	49143	3.138757890833	0.074613
5	49153	3.139607234747	0.074611
5	49157	3.139749389171	0.08389
5	49173	3.140641404626	0.075136
5	49177	3.140784051073	0.074705
5	49187	3.141621204753	0.074347
5	49191	3.141808611988	0.074376
5	49204	3.142592345341	0.074481
5	49211	3.142820819933	0.074495
5	49218	3.143585473831	0.075592
5	49222	3.143815751907	0.075611
5	49235	3.144565483817	0.075691
5	49242	3.144856647992	0.074661
5	49249	3.145612709711	0.070553
5	49256	3.145808673193	0.070489
5	49266	3.146576162067	0.070509
5	49276	3.146855322026	0.070542
5	49283	3.147573505643	0.070319
5	49287	3.147863064133	0.075903
5	49297	3.148621719385	0.076347
5	49307	3.148838787365	0.074773
5	49314	3.149574501698	0.074454
5	49318	3.149872252476	0.074334
5	49328	3.150559983607	0.075136
5	49335	3.150899585903	0.074294
5	49342	3.151578317658	0.201034
5	49349	3.151923144418	0.218421
5	49359	3.152562254817	0.184098
5	49366	3.152908020305	0.182131
5	49373	3.153543561786	0.184605
5	49380	3.153937414454	0.185973
5	49387	3.154526383743	0.18504
5	49397	3.154972552198	0.228899
5	49404	3.155520494506	0.188336
5	49414	3.155952821993	0.208335
5	49418	3.156528605	0.184255
5	49428	3.157000948054	0.183475
5	49435	3.157499906845	0.185031
5	49445	3.158040917523	0.185038
5	49449	3.158454610756	0.182441
5	49459	3.159084464527	0.180042
5	49469	3.159504001162	0.180236
5	49476	3.160107046365	0.226568
5	49480	3.160482199836	0.099013
5	49490	3.161106117001	0.075512
5	49500	3.161471789695	0.074773
5	49510	3.162078213623	0.074732
5	49514	3.162500505014	0.086621
5	49521	3.163093691698	0.074664
5	49534	3.163518510897	0.074505
5	49541	3.164090628377	0.074394
5	49545	3.164491329595	0.074453
5	49555	3.165127333081	0.07438
5	49565	3.165520663051	0.074449
5	49572	3.166127743932	0.075367
5	49576	3.166542831227	0.074404
5	49583	3.167109699111	0.074504
5	49599	3.16755579049	0.074464
5	49603	3.168115362457	0.074359
5	49607	3.168536661547	0.074299
5	49617	3.16915077428	0.089055
5	49627	3.169549503574	0.075214
5	49634	3.170100941485	0.074813
5	49638	3.170540913489	0.074594
5	49648	3.171108770305	0.074382
5	49658	3.171546311514	0.074355
5	49665	3.172088571417	0.074424
5	49669	3.172498123724	0.075499
5	49679	3.173114283967	0.074301
5	49686	3.173508774856	0.074337
5	49696	3.174072506146	0.074403
5	49700	3.174487349583	0.074281
5	49704	3.175053189284	0.074408
5	49717	3.175515913739	0.074287
5	49727	3.176057989851	0.074436
5	49731	3.176560475128	0.074424
5	49735	3.177103571571	0.074091
5	49748	3.177564160052	0.074397
5	49758	3.178081641395	0.074487
5	49762	3.17857833918	0.074496
5	49766	3.179111691684	0.074411
5	49779	3.179627069164	0.075107
5	49789	3.18007527186	0.074578
5	49793	3.180611048754	0.074348
5	49797	3.181074340882	0.074294
5	49816	3.181638930546	0.075161
5	49823	3.18210041648	0.074651
5	49827	3.182674521667	0.074414
5	49831	3.183141627831	0.074609
5	49847	3.183720969834	0.074377
5	49854	3.184172446255	0.074375
5	49858	3.184761684639	0.074454
5	49862	3.185166173819	0.074346
5	49875	3.185779874872	0.075171
5	49885	3.186177334099	0.078673
5	49889	3.1868274279	0.074309
5	49893	3.187146212056	0.074212
5	49906	3.187833242657	0.074439
5	49913	3.188118767607	0.074314
5	49920	3.188851582486	0.07436
5	49924	3.189160252512	0.074265
5	49937	3.189899434737	0.074195
5	49947	3.190193886212	0.074414
5	49951	3.190923153356	0.074347
5	49955	3.191211121935	0.074252
5	49971	3.191904578211	0.084435
5	49978	3.192199034798	0.076202
5	49982	3.192881766771	0.074755
5	49986	3.193231690535	0.074386
5	50002	3.19383923168	0.074304
5	50009	3.194183974401	0.074397
5	50013	3.194824255994	0.074237
5	50017	3.195137636138	0.074426
5	50036	3.195861343282	0.074337
5	50040	3.196169660687	0.081657
5	50044	3.196829628146	0.074927
5	50051	3.197167295522	0.074239
5	50064	3.197825831886	0.074424
5	50071	3.198172700707	0.074526
5	50075	3.198854918045	0.075002
5	50082	3.199169315024	0.074232
5	50095	3.199855148203	0.074361
5	50102	3.200196515669	0.074249
5	50106	3.20081139831	0.074394
5	50116	3.201176726332	0.074697
5	50129	3.201827917458	0.07429
5	50136	3.202211607965	0.074403
5	50140	3.202793802851	0.074198
5	50147	3.203164021269	0.08398
5	50160	3.20383055951	0.075401
5	50164	3.204136226334	0.074481
5	50171	3.204871067245	0.07525
5	50178	3.205096997272	0.075596
5	50191	3.205873810875	0.07563
5	50195	3.206094817803	0.074814
5	50202	3.206829907416	0.074199
5	50209	3.207091254976	0.074187
5	50219	3.207790867552	0.074218
5	50226	3.208120683962	0.074327
5	50233	3.20882369652	0.074247
5	50240	3.209101573373	0.074208
5	50250	3.209809645367	0.074243
5	50260	3.210146796766	0.074368
5	50267	3.210781026729	0.07423
5	50271	3.211141569179	0.074643
5	50281	3.211746648173	0.07432
5	50288	3.212160332251	0.08016
5	50295	3.212730104537	0.078055
5	50302	3.213125610276	0.074756
5	50309	3.213699151893	0.074578
5	50319	3.214103998427	0.086885
5	50329	3.214714969861	0.075409
5	50333	3.215075744061	0.07443
5	50340	3.215745519246	0.074519
5	50350	3.216112496722	0.074548
5	50360	3.216699749688	0.07441
5	50364	3.217123484454	0.07739
5	50371	3.217685026675	0.076512
5	50384	3.218092987947	0.075843
5	50391	3.218728172182	0.072039
5	50395	3.219067984586	0.071781
5	50402	3.219721189566	0.070288
5	50412	3.220072211306	0.070374
5	50425	3.220729733243	0.070895
5	50429	3.221056671179	0.070602
5	50439	3.221779269787	0.070652
5	50446	3.222009697692	0.070613
5	50456	3.22276882887	0.070477
5	50460	3.222982198536	0.070541
5	50467	3.223816341674	0.070401
5	50477	3.223972999821	0.070268
5	50487	3.224799972553	0.071227
5	50491	3.224988190005	0.070521
5	50498	3.225823252243	0.082226
5	50505	3.225966323483	0.075697
5	50518	3.22681995627	0.075127
5	50522	3.227015481291	0.074686
5	50529	3.227857969763	0.072107
5	50539	3.228021464135	0.070403
5	50549	3.228905927363	0.070323
5	50553	3.22901241877	0.070231
5	50563	3.229910519178	0.070407
5	50567	3.229974247791	0.070398
5	50580	3.23086457787	0.070526
5	50584	3.23099004485	0.070484
5	50591	3.23184331822	0.070764
5	50598	3.232023244119	0.070206
5	50611	3.232882198688	0.07202
5	50615	3.233035023228	0.074339
5	50622	3.233920206773	0.205309
5	50632	3.234059607797	0.093921
5	50642	3.23493581935	0.080496
5	50646	3.235081311389	0.074888
5	50659	3.235961713891	0.075203
5	50663	3.236114355354	0.074748
5	50673	3.236997498327	0.074919
5	50677	3.237067630496	0.074454
5	50690	3.238024505762	0.074769
5	50694	3.238114927942	0.07426
5	50704	3.239057099499	0.074436
5	50708	3.239112073527	0.074451
5	50721	3.240083091844	0.074457
5	50725	3.240098438538	0.074444
5	50738	3.241080282142	0.075009
5	50742	3.241147718216	0.07457
5	50755	3.242070870906	0.074503
5	50762	3.242167442742	0.074402
5	50769	3.243101288211	0.091486
5	50773	3.243148650546	0.076956
5	50789	3.24409067792	0.074838
5	50793	3.244111805096	0.074392
5	50800	3.245105570026	0.074368
5	50804	3.245110117219	0.074218
5	50820	3.246091754912	0.074472
5	50824	3.246124731855	0.07424
5	50831	3.247080132374	0.075072
5	50835	3.247154548619	0.074319
5	50851	3.248088908759	0.074397
5	50855	3.24813277181	0.0744
5	50862	3.249134289127	0.074506
5	50866	3.249144699128	0.074354
5	50881	3.250125116139	0.1073
5	50885	3.250166496846	0.084101
5	50895	3.251146998101	0.082146
5	50899	3.251199727124	0.074541
5	50915	3.2521180036	0.074795
5	50919	3.252195699976	0.074498
5	50926	3.253111433044	0.074802
5	50930	3.253186986122	0.07465
5	50946	3.254108466345	0.074561
5	50950	3.25422474348	0.074638
5	50957	3.255078746315	0.074738
5	50961	3.255229002427	0.087259
5	50977	3.256109839194	0.074459
5	50981	3.256206155158	0.074418
5	50988	3.257155579652	0.074625
5	50992	3.257178766647	0.075418
5	51008	3.258165174789	0.075818
5	51012	3.258184555544	0.075931
5	51019	3.259198996894	0.087617
5	51023	3.259223305171	0.075343
5	51039	3.260230929732	0.076981
5	51043	3.260252146353	0.074783
5	51053	3.261208606536	0.074939
5	51057	3.261256533841	0.074648
5	51073	3.262237507626	0.074351
5	51077	3.262238711043	0.074498
5	51084	3.263212627041	0.075023
5	51088	3.263231890154	0.074385
5	51104	3.264223125041	0.074463
5	51108	3.264238866468	0.074202
5	51118	3.265243318023	0.074305
5	51122	3.265248733058	0.07432
5	51135	3.26620833192	0.074273
5	51139	3.266244031675	0.074309
5	51146	3.267203143148	0.074413
5	51150	3.267275230506	0.07422
5	51166	3.268230245135	0.07435
5	51170	3.268244419053	0.074223
5	51180	3.269250755128	0.07439
5	51184	3.269276468906	0.074248
5	51197	3.270234422658	0.075341
5	51201	3.27024630528	0.074224
5	51208	3.27120515624	0.074244
5	51212	3.271223639443	0.077108
5	51228	3.272180101219	0.075019
5	51232	3.272209198063	0.074734
5	51239	3.273200525745	0.074698
5	51243	3.273225126251	0.074617
5	51259	3.274191342313	0.074593
5	51263	3.274235429238	0.074403
5	51270	3.275233877138	0.074358
5	51274	3.275240156726	0.074364
5	51290	3.276239756257	0.074286
5	51294	3.276270706345	0.074692
5	51301	3.277221263011	0.074375
5	51305	3.277232724486	0.074311
5	51321	3.278210155763	0.074296
5	51325	3.278216467607	0.074468
5	51332	3.27916718197	0.082177
5	51336	3.27925042387	0.074376
5	51352	3.280136271752	0.074454
5	51356	3.280213495773	0.074284
5	51366	3.28110035925	0.074726
5	51370	3.281179715369	0.083736
5	51386	3.282134828926	0.07562
5	51390	3.282195847755	0.07569
5	51397	3.283161885811	0.07446
5	51401	3.283226152347	0.074298
5	51417	3.284120840987	0.07431
5	51421	3.28419890285	0.074364
5	51431	3.285142773355	0.074303
5	51435	3.285154088413	0.074251
5	51448	3.28612294302	0.074195
5	51452	3.286165437605	0.074274
5	51462	3.287103553754	0.074534
5	51466	3.287130480175	0.074383
5	51476	3.288123671426	0.074269
5	51480	3.288148678955	0.07421
5	51490	3.289149308083	0.074268
5	51494	3.289174588901	0.075122
5	51510	3.290147980857	0.074423
5	51514	3.290155375361	0.074301
5	51527	3.291134372576	0.074247
5	51531	3.291183473925	0.074398
5	51541	3.292140161176	0.083913
5	51545	3.292149159231	0.075279
5	51555	3.293106033185	0.074494
5	51559	3.293179067678	0.074428
5	51572	3.294110547464	0.07446
5	51576	3.294216514742	0.074387
5	51583	3.295113888785	0.074463
5	51587	3.295186025222	0.074414
5	51603	3.296151705454	0.075261
5	51607	3.29619846469	0.081933
5	51617	3.297138601403	0.075581
5	51621	3.297237730547	0.074623
5	51634	3.298097678211	0.074452
5	51638	3.298285437485	0.074436
5	51648	3.299091024899	0.074307
5	51652	3.299306775793	0.074311
5	51665	3.300118870288	0.080108
5	51669	3.300347138357	0.077414
5	51682	3.301104152257	0.074779
5	51689	3.301364222894	0.07464
5	51699	3.302134800614	0.08207
5	51703	3.302322065012	0.077167
5	51713	3.303105911875	0.075933
5	51717	3.303284337976	0.086938
5	51730	3.30407616927	0.076896
5	51734	3.304288356813	0.076206
5	51744	3.305081520609	0.074886
5	51748	3.305307787022	0.074622
5	51761	3.306101418809	0.074418
5	51765	3.306309962977	0.074484
5	51775	3.307112840968	0.074349
5	51779	3.307291655468	0.074454
5	51792	3.308104453201	0.074404
5	51796	3.30834107753	0.075921
5	51806	3.309114314528	0.075795
5	51810	3.309362772798	0.075779
5	51823	3.310076518166	0.075782
5	51827	3.310384232452	0.075738
5	51837	3.311116380713	0.075203
5	51841	3.311349057169	0.074327
5	51854	3.312072769111	0.074242
5	51858	3.312315532505	0.074393
5	51865	3.313030679456	0.074261
5	51872	3.313278009033	0.074401
5	51885	3.313984053268	0.07434
5	51892	3.314281523878	0.074444
5	51896	3.315032746759	0.07474
5	51903	3.315235844821	0.074359
5	51913	3.316064040276	0.082961
5	51920	3.316191068629	0.075293
5	51927	3.317090546368	0.074566
5	51931	3.317166133839	0.074274
5	51947	3.318135172897	0.074279
5	51951	3.318136934831	0.074279
5	51958	3.319094503009	0.074319
5	51962	3.319144130393	0.074295
5	51975	3.320079187617	0.074342
5	51982	3.320114434547	0.074344
5	51992	3.321081227419	0.075622
5	51996	3.321153970291	0.074439
5	52009	3.322131014811	0.074447
5	52016	3.322192637077	0.074351
5	52026	3.323162553497	0.074429
5	52030	3.323239204158	0.074329
5	52043	3.324157194634	0.08738
5	52047	3.324197953394	0.075449
5	52054	3.325151940449	0.074789
5	52064	3.325211983759	0.074591
5	52074	3.32613489924	0.080257
5	52078	3.326244157484	0.074627
5	52088	3.327163931224	0.074302
5	52095	3.327287225712	0.084847
5	52105	3.328164491462	0.07497
5	52112	3.328246034941	0.07437
5	52122	3.329155994652	0.074222
5	52129	3.329233100653	0.074409
5	52136	3.330111389265	0.074269
5	52140	3.330237700738	0.074206
5	52153	3.331151414268	0.074305
5	52157	3.331224090893	0.074303
5	52167	3.332151372786	0.080878
5	52174	3.332211328769	0.075234
5	52187	3.333137048564	0.074352
5	52191	3.333242064802	0.074351
5	52198	3.334104564805	0.075124
5	52202	3.334215962386	0.074285
5	52218	3.335145834458	0.07428
5	52222	3.335210376096	0.074337
5	52229	3.336173967844	0.074356
5	52233	3.33622823547	0.074284
5	52249	3.337164822055	0.074553
5	52253	3.337187440414	0.074436
5	52260	3.338166197718	0.07429
5	52264	3.338222217807	0.07437
5	52280	3.33914222556	0.074392
5	52284	3.339178380594	0.074271
5	52291	3.34013499296	0.083547
5	52295	3.340194344505	0.075871
5	52311	3.341125434123	0.07466
5	52318	3.341233686668	0.074511
5	52325	3.342173729805	0.074282
5	52329	3.342190328999	0.07461
5	52345	3.343181148058	0.074729
5	52349	3.3432334065	0.074341
5	52356	3.344140312096	0.074702
5	52360	3.344247609733	0.07451
5	52376	3.345111106782	0.074509
5	52380	3.345251669385	0.074631
5	52387	3.346067118464	0.074515
5	52391	3.346269111242	0.075453
5	52407	3.347083975859	0.07447
5	52411	3.34724140313	0.074464
5	52418	3.348125170201	0.07456
5	52422	3.348195699749	0.074542
5	52438	3.349088164107	0.074488
5	52442	3.34921724922	0.074508
5	52449	3.350083871742	0.077914
5	52453	3.350242900622	0.074627
5	52469	3.351058779579	0.074553
5	52473	3.351234744535	0.083418
5	52480	3.352041584237	0.075704
5	52484	3.352244574873	0.074466
5	52497	3.352996023589	0.075284
5	52504	3.353211940157	0.074347
5	52511	3.353966751019	0.074321
5	52515	3.354221736085	0.074527
5	52528	3.354939242353	0.074397
5	52535	3.355216627782	0.074426
5	52542	3.355921163206	0.07446
5	52549	3.356235752389	0.074529
5	52559	3.356935089678	0.074682
5	52566	3.357262289611	0.074597
5	52573	3.357915748257	0.074613
5	52580	3.358244823236	0.074572
5	52590	3.358912219186	0.074724
5	52597	3.359203849393	0.07452
5	52604	3.359865234141	0.075426
5	52614	3.360190261618	0.075034
5	52624	3.360905683603	0.074684
5	52631	3.361148380935	0.074557
5	52638	3.361876653129	0.08334
5	52642	3.362147779138	0.075555
5	52652	3.362834503209	0.07486
5	52662	3.363177108566	0.074677
5	52666	3.363790420336	0.074414
5	52673	3.364150811634	0.074178
5	52683	3.364774722303	0.074495
5	52693	3.365134488609	0.074435
5	52697	3.365736176415	0.078817
5	52704	3.3661429348	0.076254
5	52714	3.366711301294	0.07467
5	52724	3.367153593024	0.085344
5	52728	3.367692055929	0.075526
5	52735	3.36810593259	0.074458
5	52748	3.368715667455	0.074522
5	52755	3.369085112774	0.074505
5	52759	3.369681609537	0.074433
5	52766	3.370056667139	0.074512
5	52776	3.370662155387	0.074476
5	52786	3.371034861117	0.074466
5	52790	3.371643396338	0.074315
5	52797	3.371990954049	0.08303
5	52804	3.372678494561	0.075579
5	52817	3.372975735044	0.074883
5	52821	3.373698463154	0.078455
5	52828	3.374003150309	0.074811
5	52838	3.374717747962	0.075014
5	52845	3.375031467018	0.074724
5	52855	3.37576705179	0.074843
5	52859	3.376068974039	0.074586
5	52869	3.376742232826	0.074792
5	52879	3.377065902034	0.07478
5	52886	3.377735171925	0.074906
5	52890	3.378049356403	0.074719
5	52897	3.37877732692	0.075546
5	52910	3.379011289366	0.074664
5	52917	3.37974082454	0.074992
5	52921	3.38003448333	0.074503
5	52931	3.380734738424	0.074957
5	52941	3.381002415983	0.074593
5	52951	3.381724541657	0.074601
5	52955	3.382037543424	0.084284
5	52962	3.38271208255	0.075605
5	52975	3.383077112814	0.074734
5	52982	3.383733262607	0.074448
5	52986	3.384055201894	0.074423
5	52990	3.384713270517	0.074441
5	53006	3.38510390504	0.075186
5	53013	3.385720603516	0.074245
5	53017	3.386146032361	0.074208
5	53021	3.38671084316	0.074247
5	53037	3.387146366183	0.074312
5	53041	3.387743151868	0.074295
5	53048	3.388190643757	0.074272
5	53052	3.388696166008	0.074175
5	53068	3.389153743768	0.074424
5	53072	3.389647653351	0.074458
5	53079	3.390139475622	0.074474
5	53089	3.390640699996	0.074655
5	53099	3.391144427361	0.074498
5	53103	3.391595228727	0.074605
5	53110	3.392173829515	0.075609
5	53120	3.392600672268	0.075839
5	53130	3.393176526243	0.075655
5	53134	3.39364761497	0.074792
5	53141	3.394162226426	0.074538
5	53151	3.394602556755	0.084068
5	53161	3.395154571792	0.075505
5	53165	3.395626428725	0.074609
5	53172	3.396170020472	0.074655
5	53182	3.396606963087	0.074659
5	53192	3.39721188066	0.07462
5	53196	3.397562609908	0.077759
5	53203	3.398172158854	0.074589
5	53213	3.398603095267	0.074691
5	53223	3.399155128553	0.075322
5	53227	3.399608992766	0.074626
5	53234	3.40013882661	0.074621
5	53247	3.400563531639	0.074837
5	53257	3.401124018649	0.081885
5	53261	3.401519651726	0.075589
5	53268	3.402078475525	0.07458
5	53278	3.402511465373	0.074517
5	53288	3.403075340734	0.074398
5	53292	3.403503636266	0.074424
5	53299	3.404079799235	0.074352
5	53312	3.40453513898	0.08242
5	53319	3.405055086805	0.076168
5	53323	3.405540407651	0.074715
5	53333	3.40601790168	0.07488
5	53340	3.406532867199	0.074624
5	53350	3.406986253811	0.074571
5	53354	3.407580828085	0.074519
5	53358	3.40795728456	0.074666
5	53371	3.408614091565	0.074888
5	53381	3.408912192606	0.074818
5	53385	3.409627016826	0.074522
5	53392	3.409937374925	0.074623
5	53402	3.410670859518	0.074633
5	53412	3.410979052815	0.074724
5	53416	3.411695492065	0.074934
5	53423	3.411980831257	0.074705
5	53436	3.412696964242	0.074752
5	53443	3.412969610836	0.074648
5	53447	3.413653308835	0.074655
5	53451	3.414013356593	0.074483
5	53464	3.414661343344	0.074611
5	53471	3.414966606133	0.074593
5	53478	3.4156304391	0.084186
5	53482	3.415996164048	0.075053
5	53495	3.416629115422	0.07465
5	53502	3.417024706738	0.074634
5	53509	3.417613297908	0.074661
5	53513	3.418005248164	0.07466
5	53526	3.418586026169	0.075418
5	53533	3.418986115426	0.07433
5	53540	3.419560344828	0.074425
5	53547	3.420027128424	0.074505
5	53560	3.420540933518	0.074592
5	53567	3.421042576756	0.07824
5	53574	3.421521641901	0.074423
5	53581	3.422085898608	0.074357
5	53591	3.422474299348	0.074137
5	53598	3.423054732591	0.200445
5	53605	3.423437093494	0.203297
5	53612	3.424028855205	0.181578
5	53622	3.42443316599	0.179949
5	53629	3.425025749398	0.179639
5	53636	3.425430809076	0.179526
5	53643	3.426032378043	0.179363
5	53653	3.426392518976	0.187388
5	53660	3.426993319264	0.213384
5	53667	3.427403793626	0.181584
5	53674	3.427959984982	0.196424
5	53681	3.428452224889	0.182799
5	53688	3.428999668652	0.180433
5	53698	3.429443389291	0.179361
5	53705	3.430041175441	0.179488
5	53715	3.430469567567	0.179311
5	53719	3.430996778886	0.133746
5	53726	3.431423904489	0.109505
5	53733	3.432037953	0.109472
5	53743	3.432435573812	0.120604
5	53750	3.433013123155	0.140413
5	53757	3.433427656869	0.09136
5	53764	3.434023952744	0.083741
5	53774	3.43438374888	0.083047
5	53781	3.435032506222	0.079463
5	53788	3.435359647915	0.074624
5	53795	3.435993430104	0.074808
5	53805	3.436340694976	0.074754
5	53812	3.437020868096	0.074535
5	53819	3.437365687442	0.074334
5	53826	3.437997340115	0.074528
5	53836	3.438396627623	0.074434
5	53843	3.439004593927	0.074548
5	53850	3.439425704708	0.074484
5	53860	3.440040448916	0.074342
5	53870	3.440469648639	0.075012
5	53877	3.441074944175	0.074518
5	53887	3.441474189874	0.074466
5	53891	3.442077886889	0.074473
5	53901	3.442480836728	0.08953
5	53908	3.443040423213	0.075409
5	53918	3.443447627568	0.074781
5	53922	3.44401926381	0.074499
5	53935	3.444449812503	0.074459
5	53939	3.445020386143	0.07424
5	53949	3.445422831746	0.074428
5	53953	3.44605019918	0.074283
5	53966	3.44643731885	0.075097
5	53973	3.447076129249	0.07436
5	53980	3.447471470706	0.074401
5	53984	3.448072727721	0.074266
5	53997	3.448487399133	0.074086
5	54004	3.449036987417	0.074365
5	54011	3.449532640531	0.074308
5	54015	3.449987828247	0.074246
5	54028	3.450553935653	0.074195
5	54032	3.451020184378	0.074399
5	54042	3.451542282584	0.074335
5	54046	3.452064021671	0.0744
5	54059	3.452498050418	0.074321
5	54066	3.453055375662	0.074561
5	54073	3.453492539659	0.075447
5	54077	3.454081499374	0.07453
5	54090	3.454532069079	0.074282
5	54097	3.455053515413	0.084486
5	54104	3.455495175684	0.085795
5	54108	3.456032788841	0.074504
5	54121	3.456520662178	0.074299
5	54128	3.457012117782	0.074413
5	54135	3.457478803784	0.074459
5	54139	3.457965577946	0.074429
5	54152	3.458481785813	0.074346
5	54159	3.459000854438	0.074268
5	54166	3.459436718386	0.074281
5	54170	3.460013599344	0.075024
5	54183	3.460419683881	0.074906
5	54193	3.461000604128	0.074312
5	54197	3.461391315422	0.074616
5	54204	3.46200355897	0.074315
5	54214	3.462428831447	0.074237
5	54221	3.462994319807	0.074365
5	54231	3.463453176258	0.074347
5	54235	3.464031831761	0.074371
5	54242	3.464416823765	0.074376
5	54252	3.465033708426	0.084083
5	54262	3.465419196871	0.075428
5	54266	3.466047321958	0.075463
5	54273	3.466403294336	0.075909
5	54283	3.467059328585	0.075869
5	54293	3.467366400941	0.075355
5	54297	3.46801214549	0.074337
5	54304	3.468370938706	0.085644
5	54314	3.469055322139	0.075045
5	54318	3.469385347992	0.074699
5	54328	3.470065887307	0.074384
5	54332	3.470432469486	0.074395
5	54345	3.471029237543	0.074274
5	54352	3.47144011011	0.074425
5	54359	3.472000648591	0.074576
5	54366	3.472475830785	0.075156
5	54376	3.473013978768	0.074424
5	54386	3.473479202949	0.074343
5	54390	3.474010480661	0.074412
5	54394	3.474469655525	0.074253
5	54407	3.475026112407	0.074378
5	54417	3.4754292836	0.08355
5	54421	3.476056094841	0.075477
5	54425	3.476387919194	0.074605
5	54438	3.477015577688	0.074437
5	54448	3.477390270217	0.074559
5	54452	3.478029993819	0.074317
5	54456	3.478377666873	0.074245
5	54469	3.479076880652	0.075203
5	54479	3.479371533752	0.07913
5	54483	3.48007896592	0.074251
5	54490	3.4804158434	0.074305
5	54503	3.481052161664	0.074577
5	54513	3.481462924826	0.074618
5	54517	3.482085483754	0.07439
5	54527	3.482507891195	0.074269
5	54534	3.483108413655	0.074261
5	54544	3.483480263437	0.074391
5	54548	3.484089350099	0.074525
5	54555	3.484509298515	0.071339
5	54565	3.485089918793	0.071177
5	54575	3.485521643452	0.070352
5	54579	3.48610687996	0.070288
5	54589	3.486473248385	0.070277
5	54599	3.487133517427	0.070458
5	54603	3.487488458742	0.07913
5	54610	3.488161365366	0.071399
5	54620	3.488462438475	0.070695
5	54630	3.489180968806	0.070615
5	54634	3.489507192491	0.07057
5	54644	3.490188381748	0.070393
5	54651	3.490457272892	0.074243
5	54661	3.491213811203	0.0735
5	54665	3.491451698159	0.070218
5	54678	3.492205793831	0.071354
5	54685	3.492454728086	0.070377
5	54692	3.49319247023	0.070234
5	54696	3.493456760628	0.070267
5	54709	3.494238355823	0.070369
5	54713	3.494427813325	0.070296
5	54723	3.495252736283	0.07042
5	54727	3.495458846964	0.070347
5	54740	3.496272400663	0.07035
5	54744	3.496424943451	0.070381
5	54754	3.497252591917	0.073313
5	54758	3.497435156048	0.074189
5	54771	3.498299472943	0.072596
5	54775	3.498401175228	0.073203
5	54785	3.49934481743	0.084195
5	54789	3.499448045376	0.072404
5	54801	3.500381538237	0.093017
5	54805	3.500428272583	0.076562
5	54821	3.501411632712	0.193958
5	54825	3.501411716842	0.077373
5	54838	3.502445058526	0.074864
5	54842	3.502456460411	0.075396
5	54852	3.503422434287	0.074593
5	54856	3.503429521149	0.074909
5	54869	3.504448748227	0.074736
5	54873	3.504450907704	0.074424
5	54883	3.505434870872	0.074487
5	54887	3.505437114693	0.209486
5	54900	3.506464154858	0.078775
5	54904	3.506476454545	0.074985
5	54914	3.507501426551	0.074842
5	54918	3.507512951556	0.074815
5	54931	3.508472725164	0.074538
5	54935	3.508475339979	0.075556
5	54945	3.50945480049	0.074548
5	54952	3.509466866898	0.074348
5	54962	3.510427896531	0.074695
5	54966	3.51051138386	0.0744
5	54976	3.511383532825	0.074838
5	54980	3.511522387264	0.07498
5	54990	3.512363247813	0.074995
5	54997	3.512550891175	0.074696
5	55007	3.513336797358	0.074823
5	55011	3.513598348371	0.074517
5	55024	3.51430302631	0.074865
5	55028	3.514570753685	0.074387
5	55038	3.515264083983	0.075385
5	55045	3.515591262647	0.075177
5	55055	3.516264023132	0.074925
5	55062	3.516612576344	0.087435
5	55069	3.517305763465	0.076219
5	55079	3.517656519128	0.075297
5	55086	3.518335727131	0.07511
5	55093	3.518625656487	0.075743
5	55103	3.519294203567	0.075699
5	55107	3.519636025937	0.075329
5	55120	3.520272652835	0.077719
5	55127	3.520673412384	0.076328
5	55137	3.521278564537	0.075849
5	55141	3.521682602899	0.075024
5	55151	3.522256305363	0.074704
5	55158	3.522705507527	0.075185
5	55168	3.523255275542	0.076204
5	55172	3.523729623552	0.077863
5	55182	3.524257420423	0.075655
5	55189	3.524704644141	0.076584
5	55196	3.5252371897	0.076328
5	55203	3.525675126457	0.076759
5	55213	3.526272332798	0.075248
5	55220	3.52669079632	0.074947
5	55230	3.527268331346	0.075633
5	55234	3.527684036715	0.088852
5	55244	3.528300042715	0.077365
5	55251	3.528642776283	0.075091
5	55261	3.529323312662	0.075056
5	55265	3.529686783043	0.07666
5	55275	3.530324250306	0.076401
5	55282	3.530642753182	0.074873
5	55289	3.531319197166	0.074488
5	55296	3.531677500698	0.074351
5	55306	3.532281381532	0.074396
5	55316	3.53269944815	0.075168
5	55323	3.533293686322	0.074771
5	55327	3.533727918619	0.075188
5	55337	3.53427045138	0.074484
5	55344	3.534768137846	0.07458
5	55351	3.535224794347	0.074496
5	55358	3.535746756978	0.07484
5	55368	3.536211428592	0.074779
5	55375	3.536758453755	0.074659
5	55382	3.537173474912	0.074438
5	55389	3.537747929881	0.074425
5	55399	3.538175669693	0.074677
5	55406	3.538792000373	0.074378
5	55413	3.539217523435	0.075438
5	55429	3.539800734198	0.084048
5	55433	3.540205655013	0.076067
5	55440	3.54082219442	0.075786
5	55447	3.541177322517	0.075921
5	55460	3.541837407882	0.075962
5	55464	3.542211376118	0.075674
5	55474	3.542812577579	0.074442
5	55478	3.543220082226	0.0744
5	55488	3.543769462836	0.074204
5	55495	3.544206112925	0.074438
5	55505	3.544743430045	0.074501
5	55509	3.545175699598	0.134056
5	55516	3.545718497685	0.083277
5	55526	3.546141817688	0.076136
5	55533	3.546675082705	0.074631
5	55540	3.547149253097	0.07424
5	55547	3.547628577091	0.074459
5	55557	3.548144294123	0.07438
5	55564	3.548617932292	0.074411
5	55571	3.549111098108	0.082416
5	55581	3.549648467201	0.075382
5	55588	3.550108235964	0.074582
5	55595	3.550649051696	0.074469
5	55602	3.551096069201	0.074454
5	55612	3.551661408191	0.07437
5	55619	3.552090656414	0.074448
5	55626	3.552681723425	0.075151
5	55633	3.553060992205	0.074426
5	55643	3.553674575726	0.074342
5	55650	3.554070992127	0.074519
5	55657	3.554717365344	0.074274
5	55664	3.555024946096	0.074243
5	55674	3.555678232145	0.074331
5	55681	3.556006313768	0.074183
5	55688	3.556680379804	0.074276
5	55692	3.556956672505	0.074261
5	55708	3.557631437178	0.074601
5	55712	3.557965863202	0.074283
5	55719	3.558645796359	0.074496
5	55726	3.558942174007	0.074406
5	55742	3.559675224933	0.08545
5	55746	3.559944559628	0.075096
5	55756	3.560706646717	0.074593
5	55760	3.560981925517	0.074355
5	55773	3.561688402327	0.074441
5	55777	3.561937135512	0.074373
5	55784	3.562640586237	0.074359
5	55791	3.562910132113	0.079408
5	55801	3.563602123061	0.075249
5	55808	3.563883751968	0.074485
5	55815	3.564601241853	0.074454
5	55822	3.564861015814	0.074305
5	55835	3.565593657763	0.075171
5	55839	3.565828072706	0.074455
5	55846	3.566589306712	0.074203
5	55850	3.566867867808	0.074385
5	55863	3.567592658379	0.0743
5	55870	3.567829639932	0.074291
5	55877	3.56854318746	0.074297
5	55881	3.568781748045	0.07436
5	55891	3.569578986458	0.074185
5	55901	3.569822357642	0.074427
5	55908	3.570605049141	0.074543
5	55912	3.570843376598	0.074318
5	55928	3.571628684513	0.074315
5	55932	3.571826026621	0.077225
5	55939	3.572628571393	0.076427
5	55943	3.572874102615	0.076051
5	55959	3.573666892967	0.075822
5	55966	3.573912700196	0.074434
5	55970	3.574632124252	0.07442
5	55974	3.574945905603	0.074391
5	55987	3.575586598757	0.074341
5	55994	3.575948519433	0.074325
5	56001	3.57660462607	0.074368
5	56008	3.576989824699	0.089952
5	56018	3.577635980845	0.076577
5	56028	3.578018424144	0.074825
5	56032	3.578627101915	0.074452
5	56039	3.579054304327	0.075345
5	56049	3.579636914669	0.074416
5	56062	3.580102251751	0.07469
5	56066	3.580675317726	0.074531
5	56073	3.58107398951	0.074323
5	56083	3.581677151893	0.074305
5	56093	3.582024937765	0.079957
5	56097	3.582651803032	0.077659
5	56104	3.58300997208	0.083892
5	56111	3.583638651577	0.076083
5	56124	3.583991445781	0.074634
5	56128	3.584655675653	0.074402
5	56132	3.58494763236	0.075367
5	56142	3.585647573753	0.074442
5	56155	3.585960127029	0.074398
5	56159	3.586693969334	0.080608
5	56166	3.587009352208	0.074775
5	56176	3.587676488808	0.074622
5	56186	3.588043795231	0.074428
5	56190	3.58867824961	0.074425
5	56197	3.589050876701	0.074412
5	56210	3.589698904693	0.074358
5	56217	3.590098267123	0.076838
5	56221	3.590695478732	0.079372
5	56225	3.59109537678	0.076103
5	56241	3.591745116243	0.075285
5	56248	3.592131834183	0.074486
5	56252	3.592759388702	0.07433
5	56256	3.593179059761	0.074442
5	56272	3.593737321333	0.074372
5	56279	3.594179356973	0.077778
5	56283	3.594772272897	0.076253
5	56287	3.595156018815	0.074535
5	56303	3.595746237706	0.085017
5	56310	3.596115959399	0.075377
5	56314	3.59669876483	0.07445
5	56318	3.597161525952	0.074325
5	56334	3.597682288525	0.074485
5	56341	3.598138583099	0.078488
5	56345	3.598682859672	0.075219
5	56349	3.599090365008	0.074511
5	56362	3.599712512136	0.145387
5	56375	3.600064224006	0.102964
5	56379	3.600692640883	0.09573
5	56383	3.601056469276	0.093619
5	56396	3.601663941214	0.211351
5	56406	3.602102377009	0.094899
5	56410	3.602639881259	0.092381
5	56414	3.603058086789	0.091684
5	56424	3.603645673757	0.091923
5	56437	3.604107673911	0.09288
5	56441	3.604672846439	0.09188
5	56445	3.605084196051	0.102678
5	56458	3.605666015379	0.092884
5	56468	3.606122751971	0.092116
5	56472	3.606628864087	0.091987
5	56476	3.607093646969	0.10071
5	56486	3.607656935397	0.091789
5	56499	3.608050962988	0.091673
5	56503	3.608677904691	0.091583
5	56507	3.609046167731	0.091779
5	56520	3.609634800376	0.092732
5	56530	3.610085135565	0.105627
5	56534	3.610634828195	0.092748
5	56538	3.611073278313	0.091872
5	56548	3.61161061059	0.091781
5	56561	3.61204831777	0.09178
5	56565	3.61257444037	0.091567
5	56569	3.613005023618	0.09186
5	56576	3.613593267517	0.09164
5	56592	3.614015110638	0.083911
5	56596	3.614629628893	0.074561
5	56600	3.614974304646	0.075323
5	56610	3.615611018598	0.074479
5	56620	3.615946676982	0.074351
5	56627	3.616611795166	0.074469
5	56631	3.616950292523	0.074705
5	56641	3.6175760234	0.074664
5	56651	3.617961398899	0.074737
5	56658	3.618563462075	0.074579
5	56662	3.61900334416	0.074701
5	56672	3.619574643653	0.074677
5	56685	3.620007585077	0.075221
5	56692	3.620534615313	0.074487
5	56696	3.62101200177	0.077785
5	56703	3.621537309223	0.075104
5	56716	3.622047340307	0.074749
5	56723	3.622488565768	0.074559
5	56727	3.623001927097	0.074398
5	56734	3.623456329708	0.074349
5	56747	3.624051458594	0.074408
5	56754	3.624480524817	0.074254
5	56758	3.625071774593	0.07434
5	56765	3.62550143215	0.074342
5	56778	3.626108543957	0.0743
5	56785	3.626501518255	0.074359
5	56789	3.627102592729	0.074338
5	56796	3.627480314609	0.075208
5	56809	3.628147820053	0.074709
5	56816	3.62852070587	0.074649
5	56823	3.629193670999	0.074558
5	56827	3.629488021705	0.074624
5	56840	3.630218571545	0.074616
5	56847	3.630517843646	0.07457
5	56854	3.631230052915	0.074617
5	56858	3.631506523453	0.074539
5	56874	3.632269171444	0.074544
5	56878	3.632532047891	0.074413
5	56885	3.633226810418	0.084326
5	56889	3.633506208601	0.075554
5	56905	3.634218376691	0.075035
5	56909	3.634497713087	0.075134
5	56916	3.635172409736	0.074445
5	56920	3.635451462266	0.074316
5	56936	3.63615399651	0.074399
5	56940	3.636489866879	0.074384
5	56947	3.637131386176	0.07462
5	56951	3.637527390224	0.07442
5	56964	3.638125971802	0.074655
5	56971	3.638549449933	0.074344
5	56978	3.639114475394	0.075117
5	56982	3.639531525105	0.082814
5	56998	3.640079994106	0.076281
5	57008	3.640517890934	0.076025
5	57012	3.641128307404	0.075642
5	57019	3.641553947786	0.074765
5	57029	3.642161546337	0.074811
5	57039	3.64253448944	0.074701
5	57043	3.643180325458	0.074663
5	57047	3.643515692755	0.074712
5	57063	3.644199082388	0.07439
5	57070	3.644542388068	0.075805
5	57074	3.645160465561	0.085338
5	57078	3.645502766817	0.075692
5	57091	3.646173938907	0.075
5	57098	3.646458070813	0.074664
5	57105	3.647209535014	0.075685
5	57112	3.64748778788	0.074698
5	57122	3.648199965205	0.074544
5	57132	3.648475415115	0.075355
5	57136	3.649213257443	0.076143
5	57140	3.649478921892	0.075227
5	57153	3.650246777698	0.075978
5	57160	3.650511177857	0.075344
5	57167	3.651219544804	0.075801
5	57171	3.651507120083	0.075731
5	57184	3.652261050758	0.075496
5	57194	3.652553251409	0.075067
5	57198	3.653224192393	0.084034
5	57205	3.653576226346	0.07577
5	57215	3.654181819184	0.080274
5	57225	3.654621144481	0.078174
5	57229	3.655132929185	0.074935
5	57239	3.655584741031	0.074621
5	57246	3.656165247409	0.074702
5	57253	3.656617452837	0.074776
5	57260	3.657187001218	0.085716
5	57267	3.657596513946	0.075839
5	57277	3.658200792847	0.074717
5	57284	3.658562408781	0.074568
5	57291	3.659238207449	0.074469
5	57301	3.659600641189	0.074339
5	57311	3.660197933929	0.074955
5	57318	3.660586001233	0.074485
5	57325	3.661195202219	0.074551
5	57335	3.661611190727	0.074433
5	57342	3.662217359336	0.074326
5	57349	3.662608913671	0.074296
5	57356	3.663261056784	0.074487
5	57366	3.663575489524	0.074612
5	57373	3.664233739041	0.074478
5	57380	3.664538307846	0.074468
5	57387	3.665188400895	0.074465
5	57397	3.665515588804	0.074515
5	57404	3.666228042821	0.074551
5	57411	3.666522338588	0.074324
5	57418	3.667196485444	0.074457
5	57425	3.667480610572	0.074299
5	57435	3.668211304532	0.074319
5	57442	3.66843553726	0.084732
5	57446	3.6691900814	0.075334
5	57453	3.669413230496	0.074638
5	57466	3.670205983891	0.074477
5	57470	3.670394188212	0.074436
5	57477	3.671225390178	0.074367
5	57484	3.671377489975	0.074579
5	57497	3.672238731512	0.074376
5	57501	3.672424992687	0.074617
5	57511	3.673248405859	0.074543
5	57515	3.673386325015	0.074338
5	57528	3.674222157588	0.074594
5	57532	3.674365334275	0.074338
5	57542	3.675207026527	0.074204
5	57546	3.675332102543	0.094773
5	57559	3.676186800455	0.077398
5	57563	3.676361151481	0.076436
5	57573	3.677167045765	0.08193
5	57577	3.67731141792	0.075609
5	57590	3.678138276994	0.075899
5	57594	3.678304806386	0.075472
5	57601	3.679135693212	0.0769
5	57608	3.679301858893	0.0766
5	57624	3.68009122659	0.087848
5	57628	3.68025639041	0.081853
5	57635	3.681116272489	0.081534
5	57645	3.681306006506	0.076323
5	57655	3.682106314504	0.07544
5	57659	3.682313280565	0.076045
5	57666	3.683066208864	0.07549
5	57673	3.68329320068	0.075807
5	57686	3.684054283619	0.07569
5	57690	3.684275611061	0.075581
5	57697	3.685078016739	0.076982
5	57704	3.685265016821	0.077418
5	57717	3.686060625082	0.077347
5	57724	3.686244039423	0.074846
5	57734	3.687110585163	0.075273
5	57741	3.687283396272	0.07514
5	57748	3.688133920623	0.075451
5	57752	3.688325364336	0.07534
5	57762	3.689156041738	0.075687
5	57772	3.689362846883	0.076061
5	57782	3.690198797999	0.075623
5	57786	3.690409810435	0.075122
5	57793	3.691165141256	0.07496
5	57803	3.691373880169	0.074925
5	57813	3.692134206317	0.087304
5	57817	3.692342151156	0.07527
5	57821	3.693126047253	0.074833
5	57831	3.693339001987	0.074358
5	57841	3.694089259707	0.074507
5	57848	3.694315233883	0.074534
5	57852	3.695110439418	0.074331
5	57859	3.695288842382	0.074826
5	57872	3.696143839305	0.074859
5	57879	3.696244370011	0.077058
5	57883	3.697167611588	0.180272
5	57887	3.69723025365	0.303395
5	57903	3.698128876657	0.217601
5	57907	3.698186569062	0.099353
5	57914	3.699129215031	0.077048
5	57918	3.699208131558	0.075695
5	57937	3.700165629525	0.075648
5	57941	3.700172429068	0.074432
5	57948	3.701148781047	0.074821
5	57952	3.701184681466	0.074702
5	57968	3.702141997667	0.0748
5	57972	3.702150216176	0.074287
5	57979	3.703141530072	0.074512
5	57983	3.703179050408	0.074701
5	57999	3.704163038156	0.07454
5	58003	3.704187369335	0.075139
5	58010	3.705163526318	0.074274
5	58014	3.705190455612	0.07438
5	58033	3.706193303387	0.07473
5	58037	3.706200647176	0.074313
5	58041	3.707168625519	0.089509
5	58045	3.707247369661	0.075238
5	58061	3.708186511849	0.074835
5	58068	3.708234187612	0.074631
5	58072	3.709190918851	0.074532
5	58076	3.70927607569	0.07439
5	58092	3.710214402817	0.074614
5	58096	3.710278553693	0.074433
5	58103	3.711210421309	0.075568
5	58107	3.711253282631	0.151988
5	58123	3.712196125541	0.075746
5	58127	3.712246785255	0.074573
5	58134	3.713203245736	0.074637
5	58138	3.713260918592	0.074554
5	58154	3.714202772727	0.074704
5	58158	3.714232004362	0.074419
5	58165	3.71518610314	0.074323
5	58169	3.715193670818	0.074433
5	58185	3.716171948854	0.074486
5	58189	3.716190226578	0.074514
5	58196	3.717122448059	0.074429
5	58200	3.717144862752	0.07513
5	58216	3.718103286565	0.074577
5	58220	3.718133752453	0.07449
5	58227	3.719078365464	0.083973
5	58231	3.719145137983	0.083062
5	58250	3.720096837997	0.075135
5	58254	3.720182416665	0.07454
5	58261	3.721096932937	0.07454
5	58268	3.721188499117	0.074495
5	58281	3.722068733763	0.074568
5	58285	3.722188994866	0.074417
5	58295	3.723105643978	0.074448
5	58302	3.723175310284	0.075763
5	58312	3.724083102405	0.075908
5	58316	3.724223193413	0.075765
5	58326	3.725048292655	0.074787
5	58330	3.72517802315	0.074398
5	58343	3.726094364001	0.074596
5	58350	3.726211271699	0.074547
5	58357	3.727062298742	0.07452
5	58361	3.727234495861	0.074443
5	58374	3.728013486243	0.07446
5	58381	3.728241489611	0.074432
5	58388	3.72905039887	0.084167
5	58395	3.729237891681	0.075047
5	58408	3.730073996799	0.075906
5	58412	3.73027010926	0.075967
5	58419	3.73105058797	0.075869
5	58426	3.731221561972	0.076125
5	58436	3.732037450785	0.075823
5	58443	3.732200342741	0.075978
5	58447	3.733002004735	0.075566
5	58457	3.733198383722	0.074573
5	58467	3.733991922158	0.074425
5	58474	3.734219219935	0.081642
5	58481	3.735025243184	0.075178
5	58485	3.735243577828	0.074645
5	58498	3.736047663564	0.074482
5	58505	3.736279090429	0.075409
5	58509	3.73703844129	0.074797
5	58516	3.737285494476	0.074753
5	58529	3.738040036245	0.075142
5	58536	3.738258015669	0.074935
5	58540	3.739053123471	0.074681
5	58544	3.739223048295	0.084162
5	58563	3.740072249261	0.076276
5	58570	3.740214554288	0.075086
5	58574	3.741115441911	0.074873
5	58581	3.741244922559	0.074953
5	58597	3.74209902251	0.074561
5	58601	3.742271106346	0.080655
5	58605	3.743074049708	0.076978
5	58609	3.74328545422	0.076706
5	58628	3.7440516504	0.076481
5	58632	3.744293520121	0.075852
5	58636	3.745041665688	0.076014
5	58646	3.745332592024	0.075189
5	58659	3.746006696173	0.074596
5	58663	3.746327046047	0.074691
5	58667	3.747011032209	0.074724
5	58674	3.747350979877	0.075472
5	58687	3.747980188344	0.075206
5	58694	3.748325045321	0.075518
5	58698	3.748939393592	0.0759
5	58708	3.749305731616	0.074367
5	58718	3.74992369218	0.074454
5	58727	3.750325052466	0.084254
5	58731	3.750896592765	0.075114
5	58744	3.751363898937	0.074725
5	58751	3.75186280391	0.074588
5	58758	3.752363310749	0.074478
5	58762	3.752820785791	0.074514
5	58772	3.75332804352	0.074513
5	58782	3.753863632204	0.076167
5	58789	3.754363390822	0.075742
5	58793	3.754894836334	0.075679
5	58800	3.755317287714	0.075737
5	58816	3.755910074884	0.075864
5	58820	3.756318268843	0.075308
5	58824	3.75687419413	0.078974
5	58831	3.757326920482	0.079132
5	58847	3.757905353212	0.078646
5	58851	3.758316756312	0.080803
5	58855	3.758945811824	0.080917
5	58865	3.759353066148	0.078711
5	58881	3.759938290963	0.088165
5	58885	3.760360636697	0.085707
5	58889	3.760899160375	0.075106
5	58902	3.761332744125	0.074519
5	58912	3.761867184918	0.074346
5	58916	3.762363473075	0.075209
5	58920	3.762875714006	0.07526
5	58933	3.763346792054	0.075892
5	58940	3.763866322682	0.08781
5	58947	3.764381494988	0.076331
5	58954	3.76486067317	0.076315
5	58964	3.765429853477	0.075868
5	58971	3.765845098092	0.075208
5	58978	3.766456175008	0.076716
5	58982	3.766809999837	0.076916
5	58995	3.767503703322	0.076604
5	59005	3.767842469147	0.074553
5	59009	3.768476888776	0.074351
5	59013	3.768801421136	0.07438
5	59026	3.769457256555	0.074346
5	59030	3.76976541138	0.074244
5	59040	3.770420253022	0.083772
5	59044	3.770725893497	0.074991
5	59057	3.771386473991	0.074168
5	59061	3.771699779294	0.074208
5	59071	3.772384884551	0.074346
5	59075	3.772659764636	0.075277
5	59088	3.773356315407	0.074369
5	59095	3.773624575629	0.07425
5	59102	3.774389788844	0.074325
5	59106	3.774582129412	0.074345
5	59119	3.775413199603	0.074232
5	59126	3.775616201653	0.074342
5	59133	3.776456341734	0.074313
5	59137	3.776583440932	0.07437
5	59153	3.777493804596	0.074415
5	59157	3.777552558508	0.074285
5	59164	3.778463217189	0.074366
5	59168	3.778519027243	0.074406
5	59181	3.779420526863	0.074173
5	59191	3.779563079645	0.076873
5	59198	3.780394480029	0.086366
5	59205	3.780569799679	0.075306
5	59218	3.781398875834	0.074536
5	59222	3.781604983799	0.074408
5	59229	3.782413790062	0.074308
5	59236	3.782606066404	0.074262
5	59249	3.783458778543	0.074105
5	59253	3.783622836492	0.074422
5	59260	3.784442091724	0.074342
5	59267	3.784619048566	0.074305
5	59280	3.785461271252	0.074343
5	59287	3.785619480338	0.075165
5	59294	3.786427371785	0.074274
5	59298	3.786668313004	0.074155
5	59311	3.78738049306	0.074603
5	59315	3.787634535785	0.080506
5	59322	3.788358229703	0.36275
5	59329	3.788608665258	0.317729
5	59342	3.789313856733	0.198743
5	59346	3.789650187854	0.183559
5	59353	3.790345606611	0.18032
5	59360	3.7906937314	0.179976
5	59370	3.791395090342	0.188973
5	59377	3.791660691311	0.181102
5	59384	3.792370216172	0.180603
5	59391	3.792633411138	0.180657
5	59401	3.793350804921	0.211007
5	59408	3.79359065974	0.184189
5	59415	3.794394321652	0.189668
5	59422	3.794550210218	0.184121
5	59432	3.795409436706	0.180252
5	59439	3.795521128059	0.18012
5	59449	3.79639093467	0.179459
5	59453	3.796507978871	0.200273
5	59463	3.797416779042	0.180374
5	59467	3.797530731774	0.179734
5	59480	3.798435888747	0.229196
5	59484	3.79857105959	0.098941
5	59500	3.799431809028	0.077843
5	59504	3.799598930122	0.076116
5	59514	3.800421094678	0.076197
5	59518	3.800587158279	0.075237
5	59531	3.801372443121	0.074659
5	59535	3.80160591605	0.074538
5	59545	3.802359531721	0.074509
5	59549	3.802577847699	0.07442
5	59562	3.803370764794	0.074554
5	59566	3.803594049792	0.074478
5	59576	3.804404443961	0.074646
5	59580	3.804596028831	0.075541
5	59593	3.805421863562	0.075937
5	59597	3.805591853409	0.075602
5	59607	3.806402156668	0.07494
5	59611	3.806639894135	0.074379
5	59624	3.807378822696	0.088863
5	59628	3.807678923863	0.075362
5	59638	3.808332952812	0.074694
5	59645	3.808691651698	0.074516
5	59655	3.809336307377	0.074863
5	59659	3.809698204005	0.074527
5	59669	3.810299131168	0.074364
5	59676	3.810734294238	0.074308
5	59686	3.811255983359	0.080374
5	59690	3.811777851174	0.077934
5	59697	3.812281475641	0.074787
5	59707	3.812780609436	0.074648
5	59714	3.813317907258	0.074671
5	59721	3.81382382557	0.074365
5	59728	3.81428112658	0.074428
5	59738	3.814784533928	0.074308
5	59745	3.815259750507	0.074293
5	59752	3.815776679872	0.074336
5	59759	3.816223794317	0.074378
5	59769	3.816758682105	0.074261
5	59776	3.817219887224	0.088565
5	59783	3.81771261885	0.076462
5	59790	3.818189576635	0.074534
5	59800	3.818726880004	0.074418
5	59807	3.819232783354	0.085957
5	59817	3.819762177964	0.075301
5	59824	3.820236859263	0.074412
5	59837	3.820810259533	0.074254
5	59841	3.82126398651	0.074407
5	59848	3.821838062124	0.07422
5	59855	3.82225693141	0.074344
5	59868	3.822887588001	0.074283
5	59872	3.823269323085	0.074372
5	59876	3.823893534534	0.075131
5	59886	3.824314486595	0.075704
5	59899	3.824870110155	0.075809
5	59903	3.825268363898	0.075831
5	59910	3.825896568568	0.075811
5	59917	3.826291578188	0.076026
5	59930	3.826870626733	0.074667
5	59934	3.827249988484	0.074317
5	59941	3.827825909457	0.074308
5	59948	3.828256364888	0.074337
5	59961	3.828854006146	0.074382
5	59965	3.829211266244	0.074464
5	59972	3.829857652918	0.074319
5	59979	3.830176911063	0.074303
5	59992	3.830863479735	0.075092
5	59996	3.831146612129	0.084205
5	60000	3.831872593606	0.075317
5	60010	3.832176553894	0.074554
5	60023	3.832920448028	0.074536
5	60027	3.833142149116	0.074362
5	60034	3.833953354738	0.074369
5	60038	3.834105587322	0.074255
5	60054	3.834972781404	0.074598
5	60058	3.835079128181	0.074317
5	60065	3.83597591883	0.074401
5	60069	3.836040651432	0.074372
5	60085	3.836942225198	0.074452
5	60089	3.837027260582	0.075147
5	60093	3.837962087761	0.074387
5	60097	3.837979948766	0.074718
5	60116	3.83893301027	0.074393
5	60120	3.838943045656	0.074181
5	60124	3.839897878574	0.074309
5	60128	3.839908197802	0.074308
5	60150	3.840870102108	0.082942
5	60154	3.840891885088	0.074747
5	60158	3.841831001287	0.074346
5	60165	3.841907010703	0.074528
5	60181	3.842842580921	0.085103
5	60185	3.842895928306	0.075929
5	60192	3.843851196721	0.074297
5	60196	3.84387430736	0.07444
5	60212	3.844810105431	0.074437
5	60216	3.84487777039	0.074295
5	60223	3.845771018786	0.074439
5	60227	3.845843826242	0.074612
5	60240	3.846797904782	0.074304
5	60244	3.846862818548	0.074469
5	60254	3.847822505661	0.074442
5	60258	3.84783955222	0.074847
5	60271	3.848868105853	0.074463
5	60275	3.848872711849	0.074212
5	60285	3.849887450994	0.074661
5	60289	3.849901452814	0.07425
5	60302	3.850869385176	0.074349
5	60306	3.850895395957	0.074332
5	60316	3.851842075353	0.074199
5	60320	3.85190958683	0.074233
5	60333	3.85286875438	0.074301
5	60337	3.852933483905	0.074362
5	60347	3.853862236947	0.074295
5	60351	3.853916143712	0.086861
5	60364	3.854850453821	0.075019
5	60368	3.854920719772	0.084006
5	60375	3.855831414539	0.075498
5	60382	3.855969561238	0.075359
5	60395	3.856821393525	0.07443
5	60399	3.856968317447	0.074387
5	60409	3.85784957047	0.074507
5	60413	3.857936005143	0.074477
5	60426	3.858888453027	0.074409
5	60430	3.858966798393	0.074283
5	60446	3.859888291954	0.074661
5	60450	3.859996054099	0.074243
5	60460	3.860901006173	0.074246
5	60464	3.861010345826	0.074165
5	60474	3.861871874231	0.074228
5	60481	3.861974634413	0.078672
5	60491	3.8629126476	0.076137
5	60495	3.863023614834	0.074466
5	60508	3.863901092662	0.217451
5	60512	3.864063202697	0.200355
5	60522	3.864886108599	0.305689
5	60526	3.865015947395	0.229436
5	60539	3.86591116487	0.108689
5	60546	3.865968856707	0.078842
5	60553	3.866939797653	0.074906
5	60557	3.866954839972	0.074764
5	60567	3.867964408635	0.074804
5	60571	3.867975977215	0.074547
5	60584	3.868955929944	0.074417
5	60588	3.869009916807	0.074336
5	60598	3.869934396739	0.074414
5	60605	3.870049105822	0.074582
5	60615	3.87091582738	0.075363
5	60619	3.871073098129	0.074658
5	60629	3.871946040775	0.074846
5	60633	3.872044841326	0.074679
5	60646	3.872926564594	0.074425
5	60650	3.873059786277	0.074418
5	60660	3.873934227532	0.074282
5	60664	3.874093096794	0.074404
5	60677	3.874978691175	0.074492
5	60681	3.875139930942	0.074506
5	60691	3.876014800128	0.086323
5	60695	3.876100132321	0.075557
5	60708	3.87699372766	0.074713
5	60712	3.877063742678	0.075168
5	60722	3.877997855093	0.074505
5	60726	3.87804061586	0.07451
5	60739	3.879034750511	0.074476
5	60743	3.879070041834	0.074328
5	60756	3.880012839796	0.074853
5	60763	3.880088660565	0.074514
5	60773	3.880986826462	0.074414
5	60777	3.881076747167	0.074518
5	60790	3.882021696678	0.074416
5	60794	3.882069903606	0.074333
5	60804	3.883037886301	0.074432
5	60808	3.883079620758	0.075222
5	60818	3.884043949754	0.082297
5	60822	3.884108162513	0.074674
5	60835	3.885047828719	0.074516
5	60839	3.885097734785	0.082388
5	60849	3.886091525916	0.075621
5	60853	3.886145116794	0.074894
5	60866	3.88712921701	0.074637
5	60870	3.887133059133	0.074367
5	60880	3.888128961407	0.076876
5	60884	3.888147171524	0.075093
5	60897	3.889140949866	0.074544
5	60901	3.889170179506	0.074454
5	60911	3.890146106231	0.075353
5	60915	3.890174472131	0.074334
5	60928	3.891115234367	0.074458
5	60932	3.891133415781	0.074497
5	60945	3.892074873797	0.074475
5	60949	3.892118853094	0.07427
5	60959	3.893101157696	0.07434
5	60963	3.893125673287	0.074459
5	60976	3.894088434116	0.074455
5	60980	3.894123004482	0.074217
5	60990	3.895089136589	0.074365
5	60994	3.895097486535	0.074363
5	61007	3.896104590805	0.074369
5	61011	3.896114469597	0.074418
5	61021	3.89712050576	0.075408
5	61025	3.897121416381	0.074344
5	61038	3.898137337972	0.074309
5	61042	3.898157963195	0.083973
5	61052	3.899116081077	0.075511
5	61056	3.899163161807	0.074649
5	61069	3.900067966769	0.074583
5	61073	3.900116808789	0.074335
5	61086	3.901095108535	0.074493
5	61090	3.901148747726	0.07439
5	61103	3.902136384626	0.074272
5	61107	3.902136588111	0.074416
5	61117	3.903102088549	0.075222
5	61121	3.903141673599	0.074393
5	61131	3.904089910158	0.074249
5	61135	3.904096085392	0.07442
5	61148	3.905061308193	0.074659
5	61152	3.905069573864	0.074205
5	61162	3.906061836639	0.07451
5	61166	3.906102524697	0.074541
5	61179	3.907043945354	0.074697
5	61183	3.907142080499	0.074721
5	61193	3.908015458342	0.078291
5	61197	3.908168730218	0.074825
5	61207	3.909031796142	0.074518
5	61214	3.909127071961	0.074829
5	61224	3.910002202549	0.074851
5	61228	3.910137283681	0.085626
5	61241	3.911038576049	0.076055
5	61248	3.911128593081	0.074922
5	61255	3.912078658059	0.074602
5	61259	3.912172619633	0.074577
5	61272	3.913080206867	0.07452
5	61279	3.913158851856	0.074662
5	61286	3.914123477145	0.074777
5	61290	3.914184413366	0.074485
5	61303	3.915131098768	0.074703
5	61307	3.915213246133	0.074667
5	61317	3.916110201643	0.074703
5	61321	3.916166615367	0.075515
5	61334	3.917132341966	0.081423
5	61338	3.917216038246	0.075768
5	61348	3.918167163365	0.074886
5	61352	3.918171868732	0.074924
5	61362	3.919132349779	0.074717
5	61369	3.919205451541	0.07472
5	61376	3.920138273471	0.074812
5	61380	3.920190168271	0.075271
5	61399	3.921097135481	0.07493
5	61403	3.921191041065	0.074851
5	61410	3.922049195081	0.08558
5	61417	3.922155347247	0.077957
5	61430	3.92309184715	0.075565
5	61434	3.923158990511	0.074924
5	61444	3.924054329945	0.075887
5	61448	3.924197859565	0.075068
5	61461	3.925007529243	0.07474
5	61465	3.925238770103	0.074655
5	61475	3.926049514459	0.074633
5	61482	3.926251771638	0.082395
5	61492	3.927002093905	0.075876
5	61496	3.927289203152	0.075319
5	61506	3.928000067111	0.074728
5	61510	3.928259133374	0.074704
5	61523	3.92902746441	0.074578
5	61527	3.929227306849	0.075429
5	61537	3.930074574438	0.074832
5	61541	3.930200850328	0.07483
5	61554	3.931054307105	0.074547
5	61558	3.931162930106	0.074473
5	61568	3.932081932225	0.080205
5	61575	3.93214011889	0.083665
5	61585	3.933100041014	0.075149
5	61589	3.933115549879	0.07432
5	61599	3.934068950499	0.074465
5	61603	3.934105879026	0.074286
5	61616	3.93501931599	0.074372
5	61620	3.935073703689	0.074425
5	61630	3.935992596002	0.075142
5	61634	3.936092148026	0.074248
5	61647	3.937007121736	0.074359
5	61651	3.937052908088	0.074355
5	61661	3.937967413704	0.074333
5	61665	3.938097087009	0.074392
5	61678	3.938921702907	0.074342
5	61682	3.939069537861	0.074174
5	61695	3.939875627656	0.07637
5	61699	3.940082420541	0.074345
5	61709	3.940892286659	0.074779
5	61716	3.941050055621	0.074518
5	61726	3.941922502687	0.075269
5	61730	3.942035991887	0.084109
5	61740	3.942938903187	0.075305
5	61747	3.943046399332	0.074616
5	61757	3.943971388233	0.074369
5	61761	3.944001981034	0.074389
5	61771	3.944921585558	0.074362
5	61775	3.945017099794	0.074439
5	61788	3.945892203622	0.07442
5	61795	3.946045270495	0.074261
5	61802	3.94688244583	0.074825
5	61809	3.94701568414	0.088455
5	61819	3.947889143716	0.075592
5	61823	3.948020006517	0.075349
5	61833	3.948914058581	0.074413
5	61837	3.949042884576	0.074545
5	61850	3.949959092549	0.07447
5	61854	3.950039180895	0.07595
5	61864	3.950925193492	0.074878
5	61868	3.951031984583	0.074514
5	61881	3.951940831676	0.074338
5	61885	3.952012896414	0.07418
5	61895	3.952926838069	0.074165
5	61899	3.953030171244	0.074209
5	61912	3.953943080688	0.074421
5	61916	3.954049878205	0.074253
5	61926	3.954958818606	0.082736
5	61930	3.955045366987	0.081359
5	61943	3.955968365806	0.075838
5	61947	3.956056002462	0.07572
5	61957	3.956973180006	0.074386
5	61961	3.957021927899	0.074212
5	61974	3.95799671685	0.07431
5	61978	3.958052149502	0.074222
5	61988	3.958985640504	0.074567
5	61992	3.959014856852	0.074347
5	62008	3.959980302518	0.074848
5	62015	3.959992533242	0.074401
5	62022	3.960968222385	0.074465
5	62026	3.960972234626	0.074393
5	62042	3.961938484692	0.075373
5	62046	3.9620129009	0.074322
5	62053	3.962904590264	0.074417
5	62057	3.962977298054	0.075072
5	62073	3.963900756912	0.138209
5	62080	3.963991216466	0.307294
5	62084	3.964920676075	0.207252
5	62088	3.964977235698	0.183546
5	62107	3.965885373703	0.181361
5	62111	3.965932182567	0.180914
5	62115	3.966864545487	0.181882
5	62119	3.966884373009	0.182438
5	62138	3.96781865786	0.283968
5	62142	3.96785840086	0.112758
5	62146	3.968774160031	0.084549
5	62150	3.968823012813	0.082545
5	62166	3.969737180795	0.079127
5	62170	3.969817697366	0.074518
5	62177	3.970782643752	0.089954
5	62181	3.970793519168	0.074793
5	62200	3.971805500675	0.083671
5	62204	3.971827173634	0.075452
5	62208	3.972789163244	0.074487
5	62212	3.972791222452	0.074383
5	62225	3.973755217945	0.074785
5	62229	3.973760013146	0.074678
5	62239	3.974710248826	0.075549
5	62243	3.974767039127	0.075787
5	62253	3.97569367543	0.075694
5	62257	3.975766070804	0.075848
5	62270	3.976691687557	0.076021
5	62274	3.976745349436	0.075804
5	62284	3.977672410684	0.085367
5	62291	3.97776820598	0.075255
5	62301	3.978712373985	0.074548
5	62305	3.978802645871	0.074365
5	62321	3.979720381111	0.07489
5	62331	3.979802852705	0.074414
5	62335	3.98073752882	0.075605
5	62339	3.980809743331	0.075723
5	62352	3.981706298754	0.076405
5	62359	3.9818497928	0.075742
5	62366	3.982720501305	0.075862
5	62370	3.982897320453	0.075769
5	62383	3.983736373907	0.074549
5	62387	3.983851919925	0.074419
5	62397	3.984777115535	0.07451
5	62401	3.984857713533	0.074352
5	62414	3.985736598451	0.074362
5	62421	3.985825767353	0.074439
5	62428	3.986750529345	0.074375
5	62432	3.98683892211	0.075196
5	62448	3.987789612254	0.074511
5	62452	3.987791957269	0.074285
5	62459	3.988752682494	0.074437
5	62463	3.98878417331	0.084621
5	62476	3.989782903371	0.075435
5	62480	3.989785859109	0.074649
5	62490	3.990743100368	0.074384
5	62494	3.990799628661	0.074496
5	62507	3.991715191749	0.074482
5	62514	3.991765441615	0.074325
5	62521	3.992693658056	0.075095
5	62525	3.992738322767	0.074632
5	62535	3.993651386131	0.075725
5	62539	3.99371854727	0.074959
5	62552	3.994653715831	0.075369
5	62556	3.994767851109	0.074582
5	62566	3.995628007296	0.074691
5	62573	3.995745987875	0.074809
5	62580	3.996620406279	0.074839
5	62587	3.996762043241	0.074595
5	62597	3.997619539312	0.074505
5	62604	3.997748749389	0.074508
5	62611	3.998655084938	0.074756
5	62615	3.998770030717	0.074836
5	62625	3.999687993497	0.074593
5	62632	3.999732205779	0.074836
5	62647	4.000655495878	0.084549
5	62651	4.000754553511	0.076882
5	62664	4.001651799031	0.076247
5	62668	4.001748571574	0.085681
5	62678	4.002655723801	0.078977
5	62682	4.002703018793	0.07734
5	62692	4.003626751887	0.078878
5	62702	4.003751781677	0.078606
5	62709	4.00462785181	0.077296
5	62716	4.004747241639	0.075677
5	62723	4.005601329617	0.075291
5	62733	4.005772215245	0.076192
5	62740	4.006585303135	0.075655
5	62747	4.006811113862	0.075954
5	62757	4.007581396412	0.078142
5	62764	4.007822373896	0.077426
5	62771	4.008611976851	0.076816
5	62778	4.008861914289	0.075555
5	62788	4.009588134424	0.074655
5	62795	4.009858578547	0.076999
5	62802	4.010627832913	0.088139
5	62812	4.010858354396	0.076918
5	62822	4.011647853282	0.076015
5	62826	4.011885729162	0.074733
5	62833	4.01260644272	0.074532
5	62840	4.01287109515	0.07417
5	62850	4.013589866167	0.074405
5	62857	4.01385777871	0.074538
5	62864	4.014625394584	0.074197
5	62874	4.014842910663	0.074194
5	62881	4.015665915834	0.085321
5	62885	4.015833715325	0.076569
5	62895	4.016708532152	0.074814
5	62902	4.016811865146	0.07519
5	62915	4.017754427022	0.074379
5	62919	4.01783514377	0.07435
5	62929	4.018730164466	0.074347
5	62933	4.018827366039	0.074341
5	62949	4.019725069921	0.074687
5	62953	4.019799522314	0.074588
5	62960	4.02071864967	0.074293
5	62964	4.02076369299	0.074282
5	62980	4.021739342337	0.074496
5	62984	4.021758838148	0.084972
5	62991	4.022755908969	0.075211
5	62995	4.022776294142	0.075411
5	63011	4.02372902921	0.074406
5	63015	4.023791587344	0.074588
5	63022	4.024688567308	0.074587
5	63026	4.024792898239	0.074317
5	63042	4.025688508833	0.07437
5	63046	4.025795789792	0.074125
5	63053	4.026681960412	0.074219
5	63057	4.026809958745	0.074326
5	63073	4.027677969219	0.074471
5	63077	4.027854878589	0.074267
5	63084	4.028701530539	0.074243
5	63088	4.028835089757	0.074263
5	63104	4.029734879555	0.074255
5	63108	4.029848531009	0.075269
5	63115	4.030783880259	0.074314
5	63122	4.030877656802	0.074308
5	63135	4.031780536005	0.074359
5	63139	4.031862880111	0.074393
5	63146	4.032781059664	0.07443
5	63153	4.03289414205	0.083488
5	63166	4.033796359507	0.075355
5	63170	4.03387797922	0.084125
5	63177	4.034809315698	0.076239
5	63184	4.034876146975	0.074456
5	63197	4.035804630552	0.074461
5	63201	4.035838303312	0.074563
5	63211	4.036788949871	0.075092
5	63215	4.036798219522	0.074434
5	63228	4.037793576075	0.074308
5	63232	4.037844655068	0.074539
5	63239	4.03880626518	0.074648
5	63243	4.038847690134	0.074415
5	63262	4.039805269971	0.074847
5	63266	4.039867075327	0.074796
5	63273	4.040840728635	0.074589
5	63277	4.040844776636	0.074462
5	63293	4.041880824798	0.074772
5	63297	4.041885645746	0.074503
5	63307	4.042871604829	0.091897
5	63314	4.042915649808	0.077483
5	63324	4.043852006118	0.074577
5	63328	4.043932147176	0.074411
5	63338	4.044871927895	0.08417
5	63342	4.044882485386	0.075147
5	63355	4.045834325164	0.074478
5	63359	4.045858298405	0.074393
5	63366	4.046785280411	0.074433
5	63373	4.046835913297	0.074344
5	63386	4.047762307174	0.074817
5	63390	4.04787251587	0.077273
5	63400	4.048804719342	0.074911
5	63404	4.048849329314	0.074236
5	63417	4.049825276796	0.075222
5	63421	4.049840578303	0.074543
5	63434	4.050801191171	0.074635
5	63438	4.050864748948	0.075914
5	63448	4.051839945214	0.56565
5	63452	4.0518764542	0.08679
5	63465	4.052815569049	0.075593
5	63469	4.052910443319	0.075038
5	63479	4.053839119637	0.074426
5	63483	4.053896114698	0.074299
5	63496	4.054882621416	0.074544
5	63500	4.054892129104	0.074438
5	63510	4.055852995688	0.074395
5	63514	4.055876006178	0.074193
5	63524	4.056839492827	0.074458
5	63528	4.056917325655	0.074325
5	63541	4.057871837738	0.074569
5	63545	4.057876547695	0.074243
5	63555	4.058860038462	0.074525
5	63559	4.058916671209	0.074309
5	63575	4.059884351549	0.085667
5	63579	4.05988936451	0.075284
5	63586	4.060852315076	0.074534
5	63590	4.0608667767	0.08645
5	63606	4.061814208187	0.07591
5	63610	4.06182514479	0.074597
5	63617	4.062766304571	0.074279
5	63621	4.062852087956	0.0743
5	63631	4.063808004051	0.08168
5	63641	4.06389986784	0.075222
5	63648	4.064795995737	0.074585
5	63655	4.064874336429	0.074483
5	63665	4.065760254902	0.075202
5	63672	4.06586396013	0.074095
5	63679	4.066758579491	0.074315
5	63686	4.066852327392	0.074601
5	63696	4.067750346194	0.075343
5	63703	4.067802914268	0.074731
5	63710	4.06875524518	0.074323
5	63714	4.068774875094	0.074324
5	63724	4.069756100823	0.074268
5	63728	4.069801072387	0.074353
5	63744	4.070729443412	0.074283
5	63748	4.070806961393	0.074301
5	63758	4.07173161958	0.074305
5	63762	4.071793228558	0.077598
5	63775	4.072696430335	0.075166
5	63779	4.07283136612	0.074327
5	63789	4.073709662204	0.074238
5	63793	4.073852005125	0.074394
5	63806	4.074727087511	0.074171
5	63810	4.07488344422	0.074305
5	63820	4.075727350733	0.074157
5	63827	4.075905748076	0.074249
5	63837	4.076740967361	0.074357
5	63841	4.076928649809	0.074339
5	63851	4.077697882342	0.074267
5	63858	4.077964877729	0.07445
5	63865	4.078729810475	0.074381
5	63872	4.078986341742	0.075131
5	63882	4.079739577802	0.074466
5	63892	4.080017843431	0.074677
5	63899	4.080725160218	0.074725
5	63909	4.081033715511	0.074351
5	63916	4.081762192232	0.074444
5	63920	4.082017702759	0.074398
5	63933	4.082801166868	0.07432
5	63940	4.082986403227	0.074318
5	63947	4.083764811406	0.088618
5	63954	4.083969883058	0.075445
5	63961	4.084787731566	0.074533
5	63968	4.084977733792	0.075283
5	63978	4.085788810191	0.075779
5	63982	4.085971047894	0.075611
5	63992	4.086816040749	0.076299
5	63999	4.087006446301	0.077008
5	64009	4.087839465575	0.07738
5	64013	4.087960557568	0.077839
5	64026	4.088850620309	0.075766
5	64030	4.088994672379	0.075869
5	64043	4.089883942448	0.075761
5	64047	4.090005076577	0.074836
5	64054	4.09092615991	0.076697
5	64061	4.0909696105	0.075615
5	64071	4.091949129051	0.075646
5	64075	4.091958055956	0.076914
5	64088	4.092987831173	0.076771
5	64092	4.09299144231	0.075468
5	64105	4.093945739882	0.074885
5	64109	4.094005165941	0.07478
5	64116	4.094917247119	0.082831
5	64120	4.094989213402	0.075678
5	64133	4.095921756037	0.083759
5	64140	4.096033632423	0.07611
5	64150	4.096896410062	0.075141
5	64154	4.097005967569	0.075501
5	64167	4.0979434334	0.076264
5	64174	4.098024101391	0.075011
5	64181	4.098945006101	0.076081
5	64185	4.099000641065	0.075017
5	64204	4.099925654564	0.075603
5	64208	4.100005678311	0.075458
5	64215	4.100911494773	0.075399
5	64219	4.100986513765	0.07456
5	64232	4.101884438166	0.075268
5	64236	4.101970542442	0.074443
5	64246	4.102844569918	0.074444
5	64250	4.102996131941	0.074682
5	64260	4.103884773433	0.074786
5	64267	4.103956903856	0.080522
5	64277	4.104862507459	0.078096
5	64281	4.104950937672	0.074884
5	64294	4.105857409154	0.074739
5	64298	4.105954169482	0.07436
5	64308	4.106845245959	0.074416
5	64312	4.106993959073	0.08953
5	64322	4.107849818622	0.075734
5	64329	4.107977313409	0.074509
5	64339	4.108898015721	0.074349
5	64343	4.108941676573	0.074298
5	64353	4.109856367055	0.074516
5	64357	4.109931570965	0.074476
5	64370	4.110886142557	0.074379
5	64374	4.110966778441	0.075496
5	64387	4.1119020729	0.0743
5	64391	4.111980671334	0.074284
5	64401	4.112894249396	0.07436
5	64405	4.112971707676	0.074437
5	64415	4.113923723574	0.074342
5	64419	4.113936515768	0.074376
5	64432	4.114919465033	0.074278
5	64436	4.114953748444	0.07427
5	64446	4.115911882101	0.074216
5	64450	4.115956720044	0.074144
5	64460	4.116930258477	0.074295
5	64464	4.116937175961	0.074158
5	64477	4.117888009051	0.0742
5	64481	4.117964248722	0.084596
5	64491	4.118928959397	0.075699
5	64495	4.118985105829	0.074562
5	64508	4.119898161432	0.074356
5	64512	4.120029532451	0.074178
5	64525	4.120925778987	0.074581
5	64532	4.121059067325	0.074422
5	64542	4.121961482619	0.074298
5	64546	4.122078748108	0.0742
5	64556	4.122921036444	0.074191
5	64560	4.123126904544	0.074218
5	64573	4.12387986976	0.075278
5	64577	4.124085496746	0.074396
5	64587	4.124854093955	0.074188
5	64591	4.125079608289	0.074252
5	64604	4.125825688172	0.08569
5	64608	4.126095030783	0.074816
5	64618	4.126869096072	0.074327
5	64625	4.127131306022	0.074311
5	64635	4.127859868155	0.07436
5	64639	4.128150071328	0.074172
5	64649	4.128866364218	0.074742
5	64656	4.129190217245	0.074259
5	64666	4.129818452308	0.083404
5	64670	4.130206285013	0.075988
5	64680	4.130795104856	0.074405
5	64687	4.131185993649	0.078128
5	64697	4.131754880817	0.07433
5	64701	4.13214986366	0.074229
5	64708	4.132802723733	0.074206
5	64715	4.133107158602	0.074277
5	64728	4.133795450084	0.074256
5	64732	4.134097471271	0.074354
5	64742	4.134747314211	0.074217
5	64746	4.135140582105	0.074255
5	64756	4.135718114545	0.07441
5	64763	4.136106485299	0.074382
5	64770	4.136742290466	0.074637
5	64777	4.137103141353	0.074232
5	64790	4.137774932059	0.074158
5	64794	4.138132452084	0.074285
5	64801	4.138759735227	0.074162
5	64808	4.139135320717	0.074278
5	64818	4.139784908472	0.074153
5	64825	4.140103755942	0.074168
5	64838	4.140809296421	0.074642
5	64842	4.141072298541	0.074457
5	64852	4.141836640967	0.084104
5	64859	4.142087285478	0.075502
5	64869	4.142822889959	0.075927
5	64873	4.143113393262	0.077415
5	64883	4.143817334844	0.074403
5	64890	4.14415952797	0.074351
5	64900	4.144841902145	0.074209
5	64904	4.145161470452	0.074443
5	64914	4.145801077035	0.074394
5	64921	4.146149134102	0.074189
5	64928	4.146754984432	0.074167
5	64935	4.147179289987	0.097411
5	64945	4.1477709282	0.296033
5	64952	4.148187489951	0.297825
5	64962	4.148785632761	0.104251
5	64966	4.149195962756	0.076145
5	64976	4.14979771611	0.075874
5	64983	4.150152110259	0.074529
5	64990	4.150775161057	0.074378
5	64997	4.15119562598	0.07432
5	65004	4.151737064725	0.092278
5	65014	4.152198784613	0.075364
5	65018	4.152736091166	0.0745
5	65031	4.153230724264	0.074383
5	65035	4.153757108319	0.074292
5	65045	4.154216510777	0.074386
5	65052	4.154791066657	0.074349
5	65062	4.155259997228	0.075083
5	65069	4.155761773173	0.074365
5	65073	4.156210968392	0.074297
5	65083	4.156766789279	0.074349
5	65093	4.157199545605	0.074444
5	65097	4.157737282462	0.074217
5	65104	4.158160331391	0.074476
5	65114	4.158768381465	0.08552
5	65124	4.159205790733	0.075075
5	65128	4.159749857721	0.074452
5	65135	4.160195801672	0.074307
5	65151	4.160715672325	0.074745
5	65158	4.161228159293	0.076008
5	65162	4.16173068774	0.075612
5	65172	4.162264208749	0.0757
5	65182	4.162746679261	0.074519
5	65189	4.16328128155	0.074222
5	65193	4.163784177803	0.074256
5	65203	4.16423675572	0.074342
5	65213	4.164818383687	0.074289
5	65220	4.165245826714	0.074368
5	65224	4.165773325261	0.074427
5	65231	4.166230413259	0.074335
5	65244	4.166821782302	0.074323
5	65251	4.167191129063	0.074289
5	65258	4.167809920994	0.074283
5	65265	4.16814257537	0.075299
5	65275	4.168798678722	0.074414
5	65282	4.169111459707	0.074382
5	65289	4.16981119229	0.074335
5	65296	4.170125175705	0.084361
5	65306	4.170854215045	0.07546
5	65310	4.171131906373	0.074507
5	65320	4.171834499526	0.074341
5	65327	4.172121502916	0.074324
5	65337	4.172794755865	0.074302
5	65341	4.173093134719	0.074325
5	65348	4.173814853795	0.074343
5	65355	4.174108608009	0.074291
5	65368	4.174786568777	0.074403
5	65372	4.175077357935	0.075285
5	65379	4.175752087703	0.078574
5	65386	4.176105352217	0.074309
5	65399	4.176792429637	0.074482
5	65403	4.177110682492	0.074345
5	65413	4.177830408735	0.074445
5	65420	4.178094696011	0.074283
5	65430	4.17881963633	0.074467
5	65437	4.179139230528	0.074342
5	65447	4.179861112939	0.07426
5	65451	4.180117005482	0.07428
5	65464	4.180851719825	0.075558
5	65471	4.181135022695	0.075495
5	65478	4.181874298485	0.083929
5	65485	4.18214488892	0.075204
5	65495	4.182924262554	0.074394
5	65499	4.183162159392	0.074518
5	65509	4.183930518781	0.074433
5	65516	4.184139855283	0.074646
5	65526	4.184944285072	0.074589
5	65533	4.185160670382	0.07437
5	65540	4.185897906824	0.074493
5	65547	4.186133020024	0.074445
5	65557	4.186899337685	0.074556
5	65561	4.187104826047	0.074352
5	65571	4.187874229398	0.075086
5	65578	4.188125606261	0.07441
5	65588	4.188916597958	0.074327
5	65592	4.189083906752	0.074522
5	65602	4.189907747282	0.074709
5	65609	4.190080218762	0.074507
5	65619	4.190890245001	0.074785
5	65623	4.191059005383	0.074406
5	65633	4.191851549012	0.074586
5	65640	4.192102756892	0.07446
5	65650	4.192862819356	0.084022
5	65660	4.193145446291	0.081249
5	65664	4.193907756953	0.075412
5	65674	4.194172535118	0.075843
5	65684	4.194949253107	0.074325
5	65688	4.195185304979	0.074521
5	65698	4.195911500948	0.074364
5	65705	4.196228177123	0.074592
5	65712	4.196958900189	0.074793
5	65719	4.197247802802	0.074492
5	65729	4.1979306042	0.07504
5	65736	4.198275303417	0.074937
5	65743	4.198932535268	0.0751
5	65750	4.199271356081	0.074752
5	65760	4.199975565484	0.080437
5	65770	4.200317346715	0.07715
5	65780	4.200965003465	0.076215
5	65784	4.20134184348	0.075095
5	65794	4.201963420937	0.075147
5	65801	4.202376779657	0.074368
5	65808	4.202940270885	0.076558
5	65815	4.203368429483	0.075289
5	65825	4.203916399943	0.074842
5	65832	4.204354087257	0.08591
5	65842	4.204914985532	0.075867
5	65846	4.205318621829	0.090569
5	65856	4.20588537002	0.076068
5	65863	4.206353886437	0.075475
5	65873	4.206890735347	0.078396
5	65877	4.207400230348	0.076579
5	65887	4.207841859549	0.076207
5	65894	4.208387231076	0.074712
5	65904	4.208876749567	0.074469
5	65908	4.209432850102	0.081674
5	65915	4.209915038862	0.075953
5	65925	4.210421151235	0.074758
5	65935	4.210910406258	0.074408
5	65939	4.211451781066	0.074338
5	65946	4.211903738976	0.074399
5	65956	4.212499716924	0.074199
5	65966	4.212952410462	0.074185
5	65970	4.213523213794	0.075171
5	65977	4.21395585924	0.074213
5	65987	4.214535332166	0.074382
5	65994	4.21494662112	0.083638
5	66001	4.215546262773	0.075237
5	66005	4.215948274682	0.074588
5	66018	4.216551464001	0.074374
5	66025	4.216973776011	0.074306
5	66032	4.217504084291	0.074189
5	66039	4.217997191822	0.074216
5	66049	4.218514116702	0.074289
5	66053	4.218983475716	0.074367
5	66063	4.219496825467	0.07431
5	66067	4.21998618539	0.075079
5	66083	4.220518284769	0.074574
5	66087	4.221015992554	0.074316
5	66097	4.221509977093	0.07451
5	66101	4.221990438087	0.074277
5	66114	4.222549373753	0.074228
5	66118	4.223002639076	0.084072
5	66128	4.223538054638	0.074506
5	66135	4.224015588563	0.074387
5	66145	4.22451052462	0.074343
5	66149	4.225064314562	0.074383
5	66159	4.225556853622	0.074274
5	66166	4.226052612732	0.075118
5	66176	4.226593808351	0.083926
5	66183	4.227092728681	0.075253
5	66190	4.227604097897	0.074439
5	66194	4.228060501447	0.074512
5	66207	4.228566717854	0.074481
5	66211	4.229063012469	0.074394
5	66221	4.229537223824	0.074579
5	66228	4.230100230277	0.074349
5	66238	4.230558374042	0.074377
5	66245	4.231144032952	0.074308
5	66252	4.231537664877	0.074471
5	66259	4.232170428801	0.074295
5	66266	4.232543313697	0.075164
5	66273	4.233139446364	0.074394
5	66283	4.233589537974	0.074301
5	66290	4.234132992659	0.074354
5	66297	4.234561224452	0.074345
5	66307	4.235157888925	0.074411
5	66314	4.235606553182	0.074274
5	66321	4.236164983024	0.074264
5	66328	4.236609749622	0.074308
5	66338	4.237141460831	0.07442
5	66345	4.237608362435	0.074467
5	66349	4.238095049504	0.0743
5	66362	4.238584466878	0.085437
5	66372	4.239081296032	0.0845
5	66376	4.239605453592	0.075232
5	66380	4.240070430013	0.074557
5	66396	4.240614163275	0.074489
5	66406	4.241098834762	0.074362
5	66410	4.241655971767	0.074339
5	66414	4.242091163049	0.074606
5	66427	4.242659515018	0.074477
5	66437	4.243058142044	0.221199
5	66441	4.243652572974	0.204568
5	66445	4.244056757382	0.183542
5	66458	4.244673860788	0.180931
5	66468	4.245028108906	0.180036
5	66472	4.245666452608	0.179459
5	66476	4.24606938808	0.180603
5	66489	4.246654857123	0.179407
5	66499	4.247088028361	0.1792
5	66503	4.247636921393	0.215188
5	66507	4.248107363959	0.084336
5	66517	4.24864723372	0.076309
5	66527	4.249105957937	0.075307
5	66534	4.249662824129	0.074692
5	66540	4.250090069631	0.079845
5	66553	4.250632477058	0.07527
5	66560	4.251110999168	0.0748
5	66567	4.251656083223	0.074702
5	66571	4.252080330508	0.074702
5	66587	4.252628745749	0.07524
5	66591	4.253033397228	0.074415
5	66598	4.253667332823	0.074328
5	66602	4.25406030256	0.074324
5	66615	4.254706836361	0.074255
5	66625	4.25501596847	0.074337
5	66629	4.255694094218	0.074234
5	66633	4.25598001183	0.088743
5	66649	4.256680950557	0.075424
5	66653	4.256934419205	0.07463
5	66660	4.257683331631	0.074445
5	66664	4.25790488824	0.074345
5	66680	4.258650707782	0.081756
5	66684	4.258856656965	0.076103
5	66691	4.259602663622	0.07437
5	66695	4.259808717436	0.074322
5	66714	4.260625804073	0.086903
5	66718	4.260851034917	0.084709
5	66725	4.261635152997	0.07535
5	66729	4.26185444025	0.07437
5	66745	4.262604102997	0.074412
5	66749	4.262865374577	0.074288
5	66756	4.263617561141	0.074238
5	66760	4.263894397538	0.074323
5	66776	4.264618474186	0.074389
5	66780	4.264937582049	0.07516
5	66787	4.265621626971	0.074744
5	66791	4.265933202769	0.074497
5	66807	4.266656894058	0.074585
5	66811	4.266941737364	0.074514
5	66818	4.267651953951	0.076561
5	66822	4.267906333749	0.074591
5	66838	4.26861391896	0.074305
5	66842	4.268902037319	0.074455
5	66849	4.269663482164	0.074381
5	66853	4.269860438825	0.074308
5	66869	4.270680652497	0.074277
5	66873	4.270835920152	0.07416
5	66880	4.271709174145	0.074245
5	66884	4.271827793608	0.075212
5	66903	4.272690744249	0.074152
5	66907	4.272778218186	0.074219
5	66911	4.273696540823	0.087635
5	66915	4.273786299343	0.075542
5	66934	4.274700359861	0.075107
5	66938	4.274826896803	0.074887
5	66945	4.275748395204	0.139258
5	66949	4.2758539614	0.145117
5	66965	4.276705196148	0.131472
5	66969	4.276836321886	0.152686
5	66973	4.277696862592	0.12848
5	66980	4.277851155533	0.128319
5	66996	4.278718634572	0.127813
5	67000	4.278884511397	0.127168
5	67007	4.279700239223	0.127884
5	67011	4.279919509887	0.128012
5	67030	4.280654264505	0.132544
5	67034	4.280908236468	0.14604
5	67038	4.281672219069	0.131223
5	67045	4.281953466111	0.099103
5	67061	4.282690649406	0.097898
5	67065	4.282950015521	0.096498
5	67072	4.283740622991	0.096262
5	67076	4.283928878225	0.109713
5	67086	4.284704775206	0.097418
5	67096	4.28487920724	0.096517
5	67100	4.285703634806	0.096418
5	67107	4.285862533469	0.09619
5	67120	4.286732926057	0.096277
5	67124	4.286837406976	0.096258
5	67134	4.287754868388	0.09691
5	67138	4.287797142136	0.09609
5	67148	4.288734118713	0.095904
5	67155	4.288812774878	0.096331
5	67162	4.2897237966	0.096187
5	67166	4.289833246648	0.096175
5	67182	4.290687747166	0.09609
5	67189	4.290837320217	0.096291
5	67193	4.291660979712	0.076421
5	67197	4.291864992088	0.074417
5	67213	4.29265740005	0.074449
5	67217	4.292835721713	0.074806
5	67224	4.293656212035	0.074631
5	67228	4.293830430051	0.084357
5	67244	4.294606916513	0.075624
5	67248	4.294782120779	0.074637
5	67255	4.29565517366	0.074577
5	67259	4.295735295623	0.074424
5	67275	4.296613167155	0.074303
5	67279	4.296698653784	0.074527
5	67286	4.29759972363	0.074544
5	67290	4.297696532981	0.074651
5	67306	4.298645266539	0.074637
5	67310	4.298727889363	0.074415
5	67317	4.299667027599	0.075211
5	67321	4.299719197507	0.074497
5	67343	4.300659808192	0.076164
5	67347	4.300698371792	0.074685
5	67351	4.301617092114	0.074607
5	67355	4.301670414809	0.074404
5	67374	4.302607614086	0.074444
5	67378	4.302704656228	0.074382
5	67382	4.303616162831	0.074451
5	67389	4.303663957079	0.085474
5	67405	4.304581751264	0.075368
5	67409	4.304707342029	0.074707
5	67413	4.305591617014	0.075188
5	67417	4.305702614981	0.074443
5	67436	4.306583473168	0.074396
5	67440	4.306735561096	0.074426
5	67444	4.307583615848	0.074256
5	67451	4.307742626732	0.074703
5	67467	4.308585991166	0.074706
5	67471	4.308757998234	0.074425
5	67478	4.309623669354	0.074647
5	67482	4.309760548989	0.07455
5	67498	4.310594188394	0.074669
5	67502	4.310729472328	0.074518
5	67509	4.311571286866	0.074627
5	67513	4.311725787318	0.074549
5	67529	4.312590993274	0.075206
5	67533	4.312690371769	0.07425
5	67540	4.313606853844	0.074377
5	67544	4.313715924604	0.074395
5	67560	4.314558283334	0.074282
5	67564	4.314748133971	0.074314
5	67571	4.315517065862	0.074766
5	67575	4.315706741021	0.07599
5	67591	4.316477937477	0.084608
5	67595	4.316690080434	0.075072
5	67602	4.317498958774	0.074564
5	67606	4.31766807815	0.074492
5	67622	4.3184738093	0.074274
5	67626	4.318650458192	0.075365
5	67633	4.319492730854	0.074368
5	67637	4.319649149933	0.074428
5	67656	4.320493253917	0.074927
5	67660	4.32067903452	0.074553
5	67667	4.321473630832	0.074354
5	67671	4.321670809445	0.074424
5	67684	4.322512182496	0.079069
5	67691	4.322665675874	0.075254
5	67698	4.32354006659	0.081285
5	67702	4.323616732077	0.077815
5	67715	4.324564064489	0.078857
5	67719	4.324656540413	0.082742
5	67729	4.325587194118	0.0848
5	67733	4.325664924134	0.090227
5	67746	4.32656689475	0.084745
5	67750	4.326622826849	0.077571
5	67760	4.327590874906	0.092633
5	67764	4.327630771659	0.080816
5	67780	4.328604842239	0.078531
5	67784	4.328633785027	0.075175
5	67791	4.329560818479	0.074379
5	67798	4.329667867441	0.074411
5	67808	4.330525021933	0.074385
5	67815	4.330671266128	0.074662
5	67822	4.331480985408	0.074376
5	67832	4.331672716667	0.074299
5	67839	4.332485605924	0.07475
5	67843	4.332665963781	0.074371
5	67856	4.33352294081	0.075514
5	67863	4.333661460195	0.076962
5	67870	4.334519292474	0.07454
5	67874	4.334616778474	0.074634
5	67887	4.335525822081	0.074248
5	67894	4.335568130803	0.074321
5	67901	4.336540354969	0.074306
5	67905	4.33656766102	0.074331
5	67915	4.337512243244	0.074325
5	67925	4.33760035149	0.076014
5	67932	4.338551590507	0.07576
5	67936	4.338567572206	0.075544
5	67958	4.339581419336	0.077586
5	67962	4.339600760013	0.075189
5	67966	4.340546237961	0.074373
5	67970	4.340604453642	0.07445
5	67983	4.341562097412	0.074326
5	67990	4.341594446243	0.075692
5	67997	4.342514282514	0.074765
5	68001	4.342614067678	0.074641
5	68017	4.343538584902	0.074341
5	68021	4.343662961869	0.075413
5	68028	4.344568401943	0.074226
5	68032	4.344625243895	0.074343
5	68048	4.345546816691	0.07433
5	68052	4.34563086677	0.074395
5	68059	4.346549105073	0.074474
5	68063	4.346597318839	0.079492
5	68082	4.347562412496	0.074505
5	68086	4.347610383052	0.07436
5	68090	4.348566688712	0.075565
5	68094	4.348644674142	0.074289
5	68110	4.349547015165	0.074406
5	68117	4.349637308649	0.074393
5	68121	4.350513715721	0.074696
5	68128	4.350588711654	0.074451
5	68138	4.351514602945	0.083989
5	68145	4.351630843047	0.075593
5	68152	4.352474321071	0.074794
5	68159	4.35264732106	0.074605
5	68166	4.353461026414	0.074386
5	68176	4.353654102879	0.085753
5	68186	4.354473949687	0.074948
5	68190	4.354640319758	0.074446
5	68200	4.355472388282	0.074273
5	68210	4.355607305817	0.074397
5	68217	4.356431188959	0.074332
5	68221	4.356559078931	0.075201
5	68231	4.357441952151	0.074128
5	68238	4.357568101842	0.074756
5	68248	4.358442711099	0.07424
5	68252	4.358584871314	0.074885
5	68262	4.359422356833	0.074282
5	68275	4.359608089471	0.074719
5	68282	4.36040391812	0.074493
5	68286	4.360574805393	0.074226
5	68296	4.3613649981	0.074311
5	68306	4.36157587968	0.074157
5	68313	4.362331395982	0.074251
5	68317	4.362556581387	0.084914
5	68321	4.363295199765	0.091568
5	68337	4.36360132928	0.078597
5	68344	4.364296475529	0.078164
5	68348	4.364640657269	0.076919
5	68352	4.365318132916	0.078074
5	68368	4.365649530799	0.077024
5	68375	4.36632912477	0.076587
5	68379	4.366620413134	0.076439
5	68386	4.367359308634	0.076456
5	68396	4.367635817228	0.076711
5	68406	4.368373256461	0.076536
5	68410	4.368622943689	0.077026
5	68417	4.369360452112	0.078349
5	68430	4.369636932525	0.076082
5	68437	4.370337039573	0.085086
5	68441	4.370667542779	0.076317
5	68448	4.371305964496	0.076946
5	68455	4.371629655203	0.076354
5	68468	4.372342131259	0.075385
5	68472	4.372630233774	0.075217
5	68479	4.373314978831	0.076705
5	68489	4.373641735691	0.079771
5	68499	4.374270286841	0.077444
5	68503	4.374599114231	0.087505
5	68510	4.375301820933	0.076026
5	68517	4.375641247894	0.076002
5	68530	4.376307163503	0.074758
5	68534	4.376614015094	0.075631
5	68541	4.377305488299	0.076268
5	68545	4.377580830207	0.077157
5	68561	4.378316493239	0.078349
5	68565	4.378534144525	0.075561
5	68572	4.379325393896	0.076533
5	68579	4.379546967084	0.076713
5	68595	4.380351498494	0.077806
5	68599	4.380520332816	0.076309
5	68606	4.381313120519	0.075421
5	68616	4.381557652949	0.075804
5	68626	4.382266447428	0.075727
5	68630	4.382520566297	0.07633
5	68637	4.383267448777	0.075572
5	68647	4.383522675776	0.075295
5	68657	4.384240602998	0.074367
5	68661	4.384493625828	0.074297
5	68668	4.385283963111	0.074351
5	68675	4.385531671749	0.089999
5	68688	4.38625044281	0.075309
5	68692	4.386483741153	0.074435
5	68699	4.387205669849	0.074344
5	68709	4.387502048332	0.074499
5	68716	4.388176513492	0.075148
5	68723	4.388470744045	0.074594
5	68730	4.389225445857	0.074219
5	68737	4.389469291589	0.074395
5	68747	4.39023990113	0.074289
5	68754	4.390481687341	0.07438
5	68758	4.3912032657	0.07456
5	68771	4.391479946829	0.074503
5	68778	4.392196485104	0.074356
5	68785	4.392456001594	0.074326
5	68792	4.393236813466	0.074194
5	68799	4.393431254975	0.081042
5	68809	4.394208622837	0.074337
5	68816	4.394477952164	0.075107
5	68823	4.395209782073	0.074255
5	68830	4.395510390368	0.074505
5	68843	4.396217171949	0.074398
5	68847	4.39654418159	0.07419
5	68854	4.397232549985	0.07425
5	68861	4.397559826933	0.074354
5	68871	4.398236402333	0.083467
5	68878	4.398591187751	0.075151
5	68885	4.399203691357	0.074752
5	68892	4.399585418242	0.07446
5	68905	4.400233928274	0.074837
5	68912	4.400595586996	0.075546
5	68919	4.401278160744	0.074412
5	68926	4.401618622038	0.074372
5	68939	4.402232071782	0.07453
5	68943	4.402653177478	0.077822
5	68950	4.403216199268	0.076572
5	68960	4.403687094555	0.0748
5	68967	4.404190836019	0.074454
5	68974	4.404640927435	0.074442
5	68981	4.405221031576	0.07474
5	68991	4.405615692762	0.074498
5	68998	4.406179139463	0.074231
5	69005	4.406660830087	0.074413
5	69012	4.40720415747	0.075253
5	69022	4.407670182639	0.074314
5	69029	4.408228014944	0.074404
5	69036	4.408668906133	0.074501
5	69043	4.409219415151	0.074581
5	69053	4.409704379987	0.074339
5	69063	4.410239093831	0.08436
5	69067	4.410695918631	0.075389
5	69074	4.41123409813	0.074551
5	69087	4.411737644388	0.074478
5	69094	4.412225218668	0.07437
5	69098	4.412711820009	0.074372
5	69105	4.413192671463	0.074297
5	69115	4.413672686598	0.075243
5	69125	4.414165000276	0.074299
5	69129	4.414661333258	0.074335
5	69136	4.415182145648	0.074326
5	69143	4.415651757861	0.074353
5	69153	4.416145158887	0.074276
5	69160	4.416691497346	0.074433
5	69167	4.417186281361	0.074236
5	69177	4.417690964145	0.077999
5	69184	4.418192343835	0.074372
5	69191	4.418725683106	0.074426
5	69198	4.41921531949	0.081015
5	69214	4.419767673901	0.076287
5	69218	4.420180331959	0.084717
5	69225	4.420752463394	0.075262
5	69229	4.421142025118	0.075488
5	69245	4.421710048946	0.07859
5	69249	4.422110440024	0.078372
5	69256	4.422684587257	0.077382
5	69260	4.423119476579	0.080141
5	69276	4.423654570835	0.078621
5	69280	4.424123808484	0.077609
5	69287	4.4246074258	0.07736
5	69294	4.425095999769	0.075581
5	69307	4.425631181529	0.074735
5	69311	4.426091336867	0.075775
5	69318	4.426582825062	0.074712
5	69322	4.427099462479	0.074138
5	69338	4.427604171311	0.074267
5	69345	4.428093857477	0.074622
5	69349	4.428623782003	0.074419
5	69356	4.42911591015	0.074168
5	69366	4.429589947164	0.074251
5	69373	4.430123904619	0.074222
5	69380	4.43062994251	0.074067
5	69387	4.43112590374	0.074432
5	69397	4.431627579748	0.07436
5	69407	4.43217355121	0.08617
5	69411	4.432628529899	0.076045
5	69421	4.433124088545	0.074595
5	69428	4.433611000397	0.074291
5	69435	4.434128187181	0.074436
5	69442	4.434607126031	0.074407
5	69452	4.435120974951	0.074304
5	69459	4.435628422734	0.074553
5	69466	4.436086973984	0.074444
5	69473	4.43661158643	0.07431
5	69480	4.437090432045	0.074278
5	69490	4.437603625184	0.074521
5	69500	4.438134102389	0.074318
5	69504	4.438627077999	0.074398
5	69511	4.439105113654	0.074936
5	69524	4.439621799777	0.074509
5	69534	4.4401108855	0.074538
5	69538	4.440659595693	0.080867
5	69545	4.441098670071	0.074495
5	69555	4.441643899466	0.074515
5	69565	4.44212417865	0.085227
5	69569	4.442645602888	0.075172
5	69576	4.443087667579	0.07443
5	69586	4.443653280552	0.074346
5	69596	4.444074844918	0.07431
5	69603	4.444684531248	0.074426
5	69607	4.445082695946	0.075177
5	69617	4.445642844554	0.074435
5	69627	4.446073515817	0.074203
5	69634	4.446672071011	0.074336
5	69638	4.447104889158	0.074222
5	69648	4.447631613553	0.074482
5	69658	4.448061704207	0.074339
5	69665	4.448595898988	0.074281
5	69669	4.449013961103	0.074142
5	69676	4.449617499407	0.074258
5	69689	4.450036606301	0.074318
5	69696	4.450650699257	0.074226
5	69700	4.45099795957	0.074245
5	69710	4.45165763144	0.085991
5	69720	4.45203470113	0.076711
5	69727	4.45265183736	0.075893
5	69731	4.45304722305	0.075899
5	69741	4.453671072974	0.074407
5	69751	4.454063031972	0.074346
5	69755	4.454678214501	0.084036
5	69762	4.455042166872	0.07508
5	69772	4.455670972655	0.074477
5	69782	4.456035337756	0.074312
5	69786	4.456624250065	0.074325
5	69793	4.457014949307	0.074293
5	69803	4.457671389626	0.074281
5	69813	4.458063777703	0.074169
5	69820	4.45870532784	0.075185
5	69824	4.459036514752	0.074295
5	69837	4.459745988554	0.07521
5	69847	4.460024972868	0.076134
5	69854	4.460764279147	0.076459
5	69858	4.461073916746	0.075881
5	69871	4.461812835796	0.075466
5	69878	4.462114168926	0.075272
5	69885	4.462806168475	0.075277
5	69889	4.463155702202	0.075268
5	69902	4.463798639419	0.075229
5	69909	4.464193815114	0.075
5	69916	4.464795707322	0.091154
5	69920	4.465148246795	0.076177
5	69933	4.465791152406	0.074586
5	69940	4.466146808341	0.074822
5	69947	4.466761057038	0.076457
5	69951	4.467166906715	0.074826
5	69958	4.467738804715	0.074487
5	69971	4.468155388649	0.075168
5	69978	4.468695735985	0.074977
5	69982	4.469142749799	0.075781
5	69992	4.469700413292	0.077315
5	70002	4.470182825498	0.075919
5	70009	4.470698352598	0.075341
5	70013	4.471209790566	0.076499
5	70023	4.471728402954	0.075526
5	70036	4.472252587764	0.074657
5	70040	4.472751530494	0.074448
5	70044	4.473274677229	0.074548
5	70054	4.473796923502	0.075212
5	70067	4.474265081344	0.075079
5	70071	4.474820365669	0.074563
5	70075	4.475222955102	0.075249
5	70088	4.475865755018	0.074659
5	70098	4.476208676886	0.074223
5	70102	4.476821458149	0.08539
5	70109	4.477221361802	0.075533
5	70116	4.477827142751	0.075294
5	70126	4.478249914753	0.075086
5	70133	4.478782954692	0.074408
5	70140	4.47929926919	0.074442
5	70153	4.4797605041	0.075612
5	70160	4.480283073584	0.082457
5	70167	4.48077577837	0.075267
5	70171	4.481237162397	0.074444
5	70181	4.481759896107	0.074738
5	70191	4.482188162049	0.074388
5	70198	4.482728279982	0.074462
5	70202	4.483154460397	0.074563
5	70212	4.483750389996	0.075303
5	70222	4.484153133328	0.074298
5	70229	4.484777701247	0.074297
5	70233	4.485150743715	0.074196
5	70246	4.485793876283	0.074305
5	70253	4.48618871234	0.074222
5	70260	4.486749373032	0.084656
5	70264	4.487214095947	0.075184
5	70274	4.487752009388	0.074404
5	70284	4.488242784886	0.083509
5	70291	4.488714551384	0.074516
5	70295	4.489287588093	0.0752
5	70302	4.489696450162	0.074463
5	70318	4.490241987287	0.075085
5	70322	4.490669297589	0.074184
5	70326	4.491244334593	0.074312
5	70333	4.491701264515	0.0743
5	70346	4.492225713547	0.074331
5	70353	4.492667022193	0.074525
5	70360	4.493227941234	0.074393
5	70364	4.493647657257	0.074293
5	70377	4.494221784757	0.074306
5	70384	4.494606235621	0.074316
5	70388	4.495177233372	0.074535
5	70395	4.495646925619	0.074352
5	70408	4.49621871905	0.07438
5	70415	4.49663209796	0.074607
5	70419	4.497204519649	0.074494
5	70426	4.497582259338	0.074518
5	70439	4.498199372406	0.074462
5	70446	4.498611097497	0.074472
5	70450	4.499226836124	0.084096
5	70463	4.499657404168	0.075322
5	70475	4.500262843322	0.114514
5	70482	4.500688320221	0.077928
5	70486	4.501307831135	0.076074
5	70496	4.501649600831	0.074813
5	70509	4.502316603213	0.07461
5	70513	4.50261316531	0.074492
5	70517	4.503281178898	0.074514
5	70530	4.503576655429	0.07449
5	70540	4.504328155789	0.074525
5	70544	4.504579249348	0.074337
5	70548	4.505309993735	0.074383
5	70558	4.505583100639	0.07427
5	70568	4.506268735732	0.074356
5	70575	4.506593313935	0.074319
5	70582	4.507289004944	0.074427
5	70589	4.507602529306	0.074214
5	70602	4.508258807376	0.075122
5	70606	4.508556217729	0.094748
5	70613	4.509262325442	0.075416
5	70620	4.509521449536	0.086855
5	70633	4.510258490854	0.07511
5	70637	4.510529223679	0.07448
5	70644	4.511281835882	0.074406
5	70654	4.511546314382	0.074407
5	70664	4.51223983785	0.074399
5	70668	4.512595607267	0.074311
5	70672	4.51320642538	0.074256
5	70685	4.513600487791	0.074261
5	70695	4.514225013514	0.074278
5	70699	4.514612412112	0.075279
5	70703	4.515232969449	0.074295
5	70716	4.515651959567	0.074243
5	70726	4.516208352743	0.074241
5	70730	4.516683059648	0.07448
5	70734	4.517171658401	0.074372
5	70747	4.517689626354	0.074386
5	70757	4.518204012907	0.074309
5	70761	4.518713927733	0.074355
5	70765	4.519168102176	0.074298
5	70781	4.519749406579	0.074933
5	70791	4.520139856206	0.074557
5	70795	4.520781494713	0.07533
5	70802	4.521136168389	0.082654
5	70812	4.521741087317	0.076171
5	70819	4.522094416844	0.07472
5	70826	4.522701785097	0.074375
5	70830	4.523061162365	0.074338
5	70843	4.523673771379	0.074234
5	70850	4.524076143297	0.07451
5	70857	4.52467367003	0.074405
5	70861	4.525037770598	0.074346
5	70874	4.525667578677	0.074409
5	70884	4.526055708526	0.074358
5	70888	4.526695458672	0.074295
5	70892	4.527054624704	0.074959
5	70902	4.527661641606	0.074338
5	70915	4.528025734606	0.074355
5	70919	4.528621466824	0.074479
5	70923	4.529018559424	0.07423
5	70933	4.529635564443	0.074263
5	70946	4.530023503267	0.074273
5	70950	4.530647134663	0.074249
5	70954	4.531047116958	0.074222
5	70970	4.531618514995	0.07442
5	70977	4.532047430555	0.074369
5	70981	4.532640442241	0.079542
5	70985	4.533080361057	0.074189
5	70998	4.533673599526	0.084038
5	71008	4.534088530082	0.076802
5	71012	4.534709480895	0.075753
5	71016	4.535087399495	0.075732
5	71029	4.535665196201	0.074342
5	71039	4.536123393423	0.074208
5	71043	4.536641215635	0.13426
5	71047	4.537137574763	0.075411
5	71060	4.537642172784	0.074659
5	71070	4.538129837017	0.081727
5	71074	4.538646842728	0.075095
5	71078	4.539173473414	0.074529
5	71094	4.53967541405	0.075715
5	71104	4.540152635256	0.074576
5	71108	4.540644042091	0.074465
5	71112	4.541108401993	0.074438
5	71125	4.541617409768	0.074557
5	71135	4.542113994171	0.074385
5	71139	4.542590042089	0.074384
5	71143	4.543159902019	0.074156
5	71156	4.543631925255	0.074329
5	71166	4.544137228906	0.07421
5	71170	4.544677048338	0.074361
5	71174	4.54509329285	0.084413
5	71187	4.54566561651	0.075299
5	71197	4.546061488407	0.075312
5	71201	4.546667564102	0.074379
5	71205	4.547107866832	0.074273
5	71218	4.5476750141	0.074314
5	71228	4.548126107364	0.074359
5	71232	4.548666304709	0.074288
5	71236	4.549077821019	0.074131
5	71249	4.549675114646	0.074297
5	71256	4.550117226456	0.074208
5	71263	4.550666860375	0.074277
5	71267	4.551103476093	0.074224
5	71277	4.551634541145	0.074146
5	71290	4.552122144742	0.074292
5	71294	4.552655739708	0.074249
5	71298	4.553131161641	0.075202
5	71311	4.553624549598	0.074205
5	71321	4.554169241936	0.074239
5	71325	4.554663780137	0.074156
5	71332	4.555119917033	0.079285
5	71342	4.555685825888	0.07791
5	71352	4.556075281375	0.080529
5	71356	4.556676356052	0.075344
5	71363	4.557065253217	0.084351
5	71373	4.557715364222	0.075314
5	71383	4.558067038145	0.075036
5	71387	4.558739592238	0.074601
5	71394	4.559097914561	0.075011
5	71407	4.55975225132	0.092368
5	71417	4.560062068224	0.07546
5	71421	4.560732963186	0.074817
5	71428	4.56109723797	0.074417
5	71441	4.56168718858	0.074452
5	71448	4.562099530021	0.074867
5	71452	4.562690932534	0.074659
5	71459	4.563049728975	0.074342
5	71469	4.563659793575	0.074624
5	71479	4.564032585916	0.074266
5	71486	4.564669488667	0.07532
5	71490	4.565029640679	0.074349
5	71500	4.565681330508	0.086378
5	71507	4.566044681526	0.075497
5	71517	4.566658910508	0.074414
5	71521	4.567065115894	0.074599
5	71531	4.567678914784	0.083809
5	71538	4.568016614458	0.07532
5	71548	4.568683158037	0.074551
5	71552	4.569021360073	0.074408
5	71562	4.569644664914	0.074672
5	71569	4.570037243719	0.07446
5	71579	4.570662425279	0.074317
5	71583	4.571060208541	0.075162
5	71596	4.571687376056	0.07431
5	71600	4.572048224601	0.076982
5	71610	4.572638017048	0.075344
5	71614	4.57305077988	0.074517
5	71627	4.573684766138	0.074408
5	71631	4.574041195436	0.074243
5	71641	4.574686352129	0.074347
5	71645	4.575039030826	0.074373
5	71658	4.575707451837	0.074448
5	71662	4.575993456127	0.074378
5	71672	4.576754797953	0.074407
5	71676	4.57699347479	0.074495
5	71689	4.577736920002	0.074779
5	71693	4.577955964243	0.075067
5	71703	4.578712542163	0.082506
5	71707	4.578935481996	0.0749
5	71723	4.579740455378	0.085005
5	71727	4.579912872246	0.075129
5	71737	4.580756493483	0.074695
5	71741	4.580870567008	0.074314
5	71754	4.581782926105	0.074354
5	71758	4.581848209415	0.074306
5	71768	4.582752434369	0.074573
5	71772	4.582820983023	0.074559
5	71785	4.583788822112	0.074718
5	71789	4.583862075824	0.075524
5	71799	4.584807938759	0.074404
5	71803	4.584905927779	0.074445
5	71816	4.585820312095	0.074402
5	71820	4.585866932249	0.074429
5	71830	4.586789782096	0.074508
5	71834	4.58685893849	0.074377
5	71847	4.587755378277	0.074269
5	71851	4.587850032967	0.074416
5	71861	4.588747895518	0.074302
5	71865	4.588837485442	0.074189
5	71878	4.589713575116	0.074238
5	71882	4.589797840733	0.083499
5	71892	4.590673887282	0.076096
5	71896	4.590824070896	0.074505
5	71909	4.591718052106	0.074232
5	71913	4.591800871774	0.07423
5	71923	4.592760245166	0.074312
5	71927	4.592769541993	0.074333
5	71940	4.593730022264	0.074327
5	71944	4.593782001831	0.074349
5	71954	4.594712699757	0.076554
5	71958	4.594811732212	0.074422
5	71971	4.595692068007	0.074503
5	71975	4.595841560528	0.074382
5	71982	4.596676903649	0.074272
5	71989	4.596885418042	0.075225
5	71999	4.597659021772	0.074327
5	72006	4.597836265343	0.074347
5	72013	4.598671966944	0.074242
5	72020	4.598883472964	0.074262
5	72036	4.599683310737	0.074589
5	72040	4.599929530515	0.074438
5	72050	4.600656762843	0.074469
5	72054	4.600900971327	0.07425
5	72067	4.601702463546	0.0746
5	72071	4.601866466782	0.086873
5	72081	4.602681876578	0.075261
5	72085	4.602844450384	0.075566
5	72098	4.603638919457	0.074529
5	72102	4.603886508414	0.074179
5	72112	4.604589152897	0.074336
5	72116	4.6049063173	0.07431
5	72123	4.605565258621	0.074545
5	72133	4.605933383595	0.074287
5	72143	4.606533328999	0.074384
5	72147	4.606920153386	0.268063
5	72154	4.607529860893	0.224585
5	72164	4.607955995175	0.183404
5	72171	4.608482217511	0.180311
5	72178	4.608948074165	0.17974
5	72185	4.609436908394	0.275488
5	72195	4.609947620319	0.188382
5	72202	4.610443712569	0.171815
5	72209	4.610984847623	0.165735
5	72216	4.611474656519	0.165671
5	72226	4.612025849779	0.186422
5	72233	4.612427629982	0.167481
5	72240	4.613036915234	0.182294
5	72247	4.613400454928	0.220907
5	72257	4.614008866256	0.175728
5	72261	4.614413006948	0.077728
5	72271	4.615053834072	0.07563
5	72278	4.615404726819	0.074753
5	72288	4.616103532192	0.074681
5	72292	4.616381012946	0.074774
5	72302	4.617072809722	0.074763
5	72309	4.6173866124	0.074519
5	72319	4.618031027875	0.089395
5	72326	4.618365224307	0.076011
5	72330	4.619040198903	0.075064
5	72343	4.619379182739	0.076589
5	72353	4.620002485483	0.095216
5	72360	4.62038223779	0.077511
5	72364	4.620955867048	0.075153
5	72377	4.621384099691	0.074851
5	72381	4.621934107605	0.074695
5	72391	4.62242551269	0.074451
5	72395	4.622889703615	0.075001
5	72408	4.623380755826	0.074864
5	72412	4.623873577836	0.074841
5	72422	4.624426536617	0.074486
5	72426	4.624891015334	0.074489
5	72439	4.625454152027	0.0747
5	72443	4.625920140399	0.095655
5	72453	4.626502879413	0.075642
5	72457	4.626922331774	0.074883
5	72470	4.627486241787	0.074531
5	72474	4.627923940215	0.074577
5	72484	4.628523807106	0.074569
5	72491	4.62892270546	0.085108
5	72501	4.629499587874	0.075311
5	72508	4.629933851687	0.074583
5	72515	4.630463273835	0.074436
5	72522	4.630886940371	0.074536
5	72532	4.631490402655	0.074385
5	72539	4.631898221566	0.091232
5	72546	4.632452429744	0.075997
5	72556	4.632860378555	0.074494
5	72563	4.633406495533	0.074382
5	72567	4.633832467432	0.074461
5	72577	4.634359337735	0.074408
5	72584	4.634808232262	0.099902
5	72591	4.635329888975	0.075311
5	72601	4.635768937239	0.074871
5	72608	4.636372602943	0.0744
5	72615	4.636741032021	0.080014
5	72625	4.63737597197	0.074437
5	72629	4.637763903085	0.074479
5	72642	4.638396080507	0.074468
5	72646	4.638791397445	0.075313
5	72659	4.639386530497	0.075312
5	72663	4.639759437084	0.074408
5	72673	4.640400480714	0.097246
5	72680	4.640807706784	0.075556
5	72690	4.641399060351	0.075348
5	72697	4.641842209908	0.074762
5	72704	4.642411546501	0.075193
5	72711	4.64284588719	0.075193
5	72721	4.643432057302	0.077525
5	72728	4.643866793208	0.075254
5	72738	4.644434042851	0.076642
5	72742	4.644828717147	0.075928
5	72749	4.645409511375	0.075392
5	72759	4.645827289322	0.074703
5	72769	4.646420980264	0.075027
5	72773	4.646837021705	0.074597
5	72780	4.647383198141	0.075603
5	72790	4.64785656227	0.076234
5	72800	4.648418494311	0.075483
5	72804	4.648898916284	0.075718
5	72814	4.649410009423	0.084857
5	72821	4.64987230715	0.075323
5	72831	4.650433841456	0.074784
5	72835	4.650888950044	0.075841
5	72845	4.651466295385	0.074798
5	72852	4.651859996174	0.074365
5	72862	4.652497697996	0.074381
5	72866	4.652865390319	0.074265
5	72873	4.653463352675	0.074509
5	72883	4.653819547688	0.07449
5	72893	4.654512282951	0.074381
5	72897	4.65481896447	0.074469
5	72910	4.65554345443	0.088131
5	72914	4.655776743693	0.083192
5	72924	4.656548187974	0.076008
5	72928	4.65676164496	0.074818
5	72938	4.65755879333	0.077394
5	72945	4.657740995869	0.075749
5	72955	4.658562035532	0.088055
5	72959	4.658703859654	0.077319
5	72975	4.65953463465	0.080386
5	72979	4.659674098224	0.074621
5	72989	4.660547402331	0.074517
5	72993	4.66071176953	0.074809
5	73003	4.661528406488	0.07433
5	73010	4.661736077837	0.075125
5	73020	4.662508218683	0.074664
5	73024	4.662707594131	0.074312
5	73031	4.663463341242	0.075572
5	73041	4.663665543293	0.078653
5	73051	4.664426789821	0.076526
5	73055	4.664710423035	0.076201
5	73065	4.665425691556	0.075787
5	73072	4.665721755082	0.075475
5	73082	4.666422453215	0.074451
5	73086	4.666675974752	0.074369
5	73096	4.667466486819	0.07443
5	73103	4.667626308334	0.074283
5	73113	4.668499103311	0.074454
5	73117	4.668626570104	0.07426
5	73127	4.66945140015	0.07431
5	73131	4.669620804182	0.088629
5	73141	4.67043455788	0.076467
5	73148	4.670643240061	0.075996
5	73158	4.671429348951	0.075909
5	73165	4.67159937283	0.075825
5	73175	4.672414421459	0.075274
5	73179	4.672624631904	0.084486
5	73186	4.673458911647	0.075394
5	73196	4.673603400499	0.074777
5	73206	4.674456436242	0.074843
5	73210	4.674625420918	0.081173
5	73217	4.675416919725	0.077631
5	73227	4.675618463571	0.07486
5	73237	4.676421082743	0.075678
5	73241	4.676651915866	0.074771
5	73248	4.677435780764	0.074599
5	73258	4.677665993668	0.074602
5	73268	4.678408772492	0.074899
5	73272	4.678709170906	0.074693
5	73282	4.679437763201	0.075296
5	73289	4.679717025251	0.07464
5	73299	4.680469714599	0.074627
5	73306	4.680748877488	0.074619
5	73313	4.681431873528	0.092921
5	73320	4.681718423674	0.076223
5	73333	4.682411498937	0.07537
5	73337	4.682758026005	0.084424
5	73344	4.683378007336	0.075058
5	73354	4.683763253728	0.074695
5	73361	4.684366615792	0.091096
5	73368	4.684747828553	0.07578
5	73375	4.685387790625	0.077298
5	73385	4.685774567027	0.076772
5	73395	4.686367460953	0.075104
5	73399	4.686816659137	0.090148
5	73406	4.68732219638	0.075855
5	73416	4.687840352717	0.074728
5	73423	4.688274944894	0.075273
5	73430	4.688859363266	0.074564
5	73437	4.689264496593	0.074419
5	73444	4.689848142443	0.074528
5	73454	4.690285726553	0.074638
5	73464	4.690875859302	0.074716
5	73471	4.691241914008	0.108842
5	73481	4.691910588872	0.089707
5	73485	4.692220431108	0.077265
5	73495	4.692899293921	0.076347
5	73502	4.693210306467	0.07533
5	73509	4.693856031392	0.074771
5	73516	4.694220720579	0.074855
5	73523	4.69487032081	0.074834
5	73533	4.695195645162	0.074619
5	73540	4.69585931762	0.074569
5	73547	4.696198155075	0.074659
5	73554	4.696894495404	0.074544
5	73564	4.697172129675	0.074287
5	73574	4.697933674729	0.251111
5	73578	4.698157650367	0.203055
5	73585	4.698899209163	0.183226
5	73595	4.699172568828	0.183199
5	73608	4.699852982458	0.181472
5	73612	4.7001953426	0.201316
5	73619	4.700862630807	0.259692
5	73626	4.701164085088	0.091003
5	73639	4.70185714816	0.083059
5	73643	4.702181948174	0.082719
5	73650	4.702889654565	0.082188
5	73654	4.703137183807	0.074628
5	73670	4.703925912986	0.07486
5	73674	4.704166318872	0.074525
5	73681	4.704934106109	0.074654
5	73688	4.705208171776	0.091018
5	73701	4.70596748079	0.075565
5	73705	4.706205094133	0.074761
5	73712	4.707002581393	0.074448
5	73716	4.707223565954	0.074529
5	73732	4.708027410282	0.075126
5	73736	4.708222513709	0.084959
5	73740	4.709077319109	0.075249
5	73750	4.709237088594	0.074723
5	73763	4.71011676859	0.074516
5	73767	4.710216558466	0.074422
5	73774	4.711130288367	0.074273
5	73787	4.711226374738	0.094905
5	73794	4.712109318355	0.075602
5	73798	4.712249297945	0.074389
5	73808	4.713093972858	0.074298
5	73818	4.71324627315	0.081753
5	73825	4.714078930215	0.075323
5	73829	4.714243945836	0.075312
5	73839	4.715035622585	0.075681
5	73846	4.715223927432	0.075684
5	73856	4.71600496054	0.075183
5	73860	4.716227884333	0.074221
5	73867	4.717047646484	0.074337
5	73877	4.717215693067	0.08752
5	73887	4.718054402566	0.07507
5	73891	4.718236431607	0.074329
5	73898	4.719034573706	0.074337
5	73908	4.719241099156	0.077214
5	73921	4.720025526208	0.07597
5	73925	4.720217188489	0.075873
5	73932	4.721048018673	0.083941
5	73936	4.721201531802	0.074468
5	73952	4.722072658323	0.074415
5	73956	4.722216660433	0.074352
5	73966	4.723119303704	0.074256
5	73970	4.723228018037	0.074346
5	73983	4.724130626679	0.074459
5	73987	4.724221049104	0.07442
5	73994	4.725139678994	0.074139
5	73998	4.725183926062	0.086708
5	74014	4.726142483801	0.07575
5	74018	4.726150611577	0.075618
5	74025	4.727103555403	0.125566
5	74029	4.727133862618	0.086866
5	74045	4.728090243932	0.076339
5	74049	4.728123499715	0.075536
5	74056	4.729119383322	0.074726
5	74060	4.729160317256	0.074817
5	74079	4.730100390907	0.074818
5	74083	4.730176629273	0.074579
5	74087	4.731058875749	0.074528
5	74094	4.731208233057	0.074533
5	74107	4.732076423695	0.074489
5	74114	4.732194574364	0.074663
5	74118	4.733029997315	0.074567
5	74125	4.733241705951	0.074353
5	74138	4.734052811379	0.07449
5	74142	4.734249086166	0.075098
5	74152	4.735091330401	0.07434
5	74162	4.735213488091	0.074455
5	74169	4.736117156329	0.074628
5	74176	4.736243719128	0.074608
5	74186	4.737112535332	0.074725
5	74193	4.737267993203	0.088163
5	74200	4.738112638794	0.075264
5	74207	4.738269447548	0.074424
5	74217	4.739104592449	0.077232
5	74224	4.739281382903	0.075573
5	74234	4.740147045106	0.083874
5	74241	4.74032703441	0.07618
5	74251	4.741132605376	0.074723
5	74255	4.741285900609	0.074655
5	74265	4.742099103375	0.074431
5	74269	4.742258859324	0.074491
5	74282	4.74313808224	0.074333
5	74286	4.743292443826	0.082461
5	74296	4.744108298485	0.074238
5	74300	4.744311711348	0.074471
5	74313	4.745108764933	0.074512
5	74317	4.745292730249	0.074439
5	74327	4.746113504746	0.07515
5	74331	4.74627458604	0.074291
5	74341	4.747158959719	0.074416
5	74348	4.747300366948	0.074275
5	74361	4.748170476183	0.083127
5	74365	4.748313769272	0.076598
5	74372	4.749188107593	0.075123
5	74379	4.749337831436	0.074414
5	74394	4.750191247818	0.101259
5	74398	4.750316583764	0.08435
5	74405	4.751151366909	0.083045
5	74412	4.751275000594	0.083014
5	74422	4.752160685802	0.082261
5	74429	4.752286652997	0.074873
5	74439	4.753185894913	0.074734
5	74443	4.753279390468	0.074719
5	74453	4.754219139382	0.074718
5	74460	4.754313589179	0.074657
5	74470	4.75524107829	0.07472
5	74474	4.755296728376	0.074564
5	74487	4.756221304968	0.074584
5	74491	4.756288428192	0.074741
5	74501	4.757221051434	0.075571
5	74505	4.757239215771	0.07472
5	74515	4.758207963315	0.074637
5	74519	4.758215881677	0.074757
5	74535	4.759188753877	0.088244
5	74539	4.759262221356	0.075406
5	74549	4.760165842214	0.074654
5	74553	4.76023382426	0.074362
5	74566	4.761130673662	0.074284
5	74570	4.761255933696	0.074478
5	74580	4.762158256369	0.074538
5	74584	4.762301705484	0.074657
5	74597	4.76317287311	0.074453
5	74601	4.763320337723	0.086396
5	74611	4.764187860618	0.074374
5	74618	4.764284441365	0.074351
5	74628	4.76519813966	0.074396
5	74632	4.765302382834	0.074326
5	74645	4.766237306277	0.074456
5	74652	4.766318073181	0.074369
5	74659	4.767191081828	0.074373
5	74663	4.767340825672	0.074302
5	74679	4.768222291356	0.074504
5	74683	4.768367700444	0.074354
5	74690	4.769231539881	0.150166
5	74694	4.76940179932	0.085291
5	74710	4.770269768987	0.083521
5	74714	4.770447752226	0.079262
5	74721	4.771289600238	0.075843
5	74725	4.771412905326	0.075794
5	74741	4.772338377383	0.074725
5	74745	4.772381843894	0.07446
5	74752	4.773342002062	0.074376
5	74756	4.773365513679	0.074438
5	74769	4.77435189907	0.074385
5	74773	4.774356676916	0.074551
5	74783	4.77530873324	0.074368
5	74787	4.775379837657	0.075484
5	74800	4.776315581686	0.074649
5	74807	4.776379557036	0.074605
5	74814	4.777299318291	0.074581
5	74818	4.777377929217	0.074301
5	74831	4.778305690998	0.0746
5	74835	4.778393228717	0.074387
5	74848	4.779323367245	0.075742
5	74852	4.779365165701	0.074702
5	74865	4.780337183965	0.074627
5	74869	4.78033883207	0.074503
5	74879	4.78132267209	0.074511
5	74883	4.781331636023	0.302263
5	74896	4.782318020758	0.199669
5	74900	4.782328832038	0.19802
5	74910	4.783303925575	0.180967
5	74914	4.783366688483	0.179964
5	74927	4.784287822169	0.180263
5	74931	4.784395435986	0.180477
5	74941	4.785323271391	0.24727
5	74945	4.785372662993	0.143086
5	74958	4.786288547315	0.076429
5	74962	4.786330646682	0.076218
5	74972	4.78725562425	0.076075
5	74976	4.787287102143	0.086685
5	74989	4.788274033342	0.076802
5	74993	4.788288486627	0.075147
5	75003	4.789241995382	0.074636
5	75007	4.789331070682	0.07479
5	75017	4.790287087173	0.074704
5	75021	4.790353759674	0.07479
5	75034	4.791301303177	0.074845
5	75038	4.791373361829	0.075108
5	75048	4.792295182645	0.075431
5	75052	4.792383365838	0.074397
5	75065	4.793248123759	0.074669
5	75072	4.793336806167	0.084223
5	75079	4.79421400019	0.07581
5	75083	4.794336855922	0.074588
5	75096	4.795246466918	0.074575
5	75100	4.795320054358	0.074699
5	75110	4.79625946957	0.074493
5	75114	4.796333601693	0.074387
5	75127	4.797281339281	0.074224
5	75131	4.797343788928	0.074494
5	75141	4.798237061631	0.074528
5	75145	4.798338571014	0.074689
5	75161	4.799218715275	0.084547
5	75168	4.79937144856	0.075942
5	75175	4.800201974017	0.074811
5	75179	4.800358817417	0.074764
5	75195	4.801208857088	0.082773
5	75199	4.801327310363	0.074941
5	75206	4.80224829938	0.074795
5	75210	4.802311565672	0.074618
5	75226	4.803252741354	0.074362
5	75230	4.803355605755	0.074446
5	75237	4.804285793012	0.074277
5	75241	4.804340547562	0.074699
5	75257	4.80523704905	0.087906
5	75261	4.805307111416	0.075403
5	75268	4.806214869079	0.074627
5	75272	4.806287124664	0.074357
5	75285	4.807246908885	0.081445
5	75292	4.807324789327	0.075458
5	75299	4.808267549589	0.075029
5	75306	4.808321067911	0.074701
5	75316	4.80927255198	0.074814
5	75320	4.809339288605	0.074368
5	75330	4.810249716281	0.074502
5	75337	4.81029527818	0.074589
5	75347	4.811268766586	0.084796
5	75351	4.811271852318	0.075906
5	75358	4.812237291495	0.074434
5	75362	4.812291556683	0.074425
5	75375	4.813201361039	0.074368
5	75385	4.813263272881	0.07428
5	75389	4.814158754407	0.074296
5	75396	4.814221105144	0.07434
5	75406	4.815132484844	0.074489
5	75413	4.815266788233	0.074383
5	75423	4.816160698927	0.074312
5	75427	4.816297300743	0.07446
5	75440	4.817205330828	0.074641
5	75447	4.817259132363	0.07445
5	75454	4.818222919358	0.074725
5	75458	4.818233749279	0.075523
5	75471	4.819220518925	0.075161
5	75478	4.819243080277	0.091554
5	75491	4.820228357755	0.075736
5	75495	4.820270809124	0.07529
5	75505	4.821186353427	0.075254
5	75509	4.821308708167	0.074861
5	75516	4.822164059667	0.074824
5	75526	4.82230947251	0.074582
5	75533	4.823115286343	0.074844
5	75540	4.823274003903	0.074609
5	75547	4.824082937287	0.074801
5	75554	4.824294166629	0.07525
5	75567	4.825124054118	0.079135
5	75574	4.82526073216	0.083725
5	75581	4.826141230748	0.076494
5	75588	4.826251655289	0.075102
5	75601	4.827130342735	0.074785
5	75605	4.827299031426	0.074594
5	75612	4.828105697348	0.075352
5	75619	4.828331055499	0.075581
5	75629	4.829151776326	0.075275
5	75636	4.829360522529	0.07437
5	75646	4.830201421858	0.075044
5	75650	4.830317494275	0.07437
5	75663	4.831201126564	0.074588
5	75667	4.831352618565	0.076154
5	75674	4.832200445615	0.083623
5	75681	4.832339943624	0.075737
5	75694	4.833176781315	0.074936
5	75698	4.833316464994	0.074611
5	75708	4.83422237172	0.074521
5	75712	4.834331846087	0.074553
5	75725	4.835270238895	0.074936
5	75729	4.83530331479	0.074855
5	75739	4.836319865899	0.074376
5	75743	4.83633627701	0.074468
5	75756	4.837320351996	0.074318
5	75760	4.837380279351	0.074314
5	75770	4.838285126523	0.088398
5	75774	4.83835679476	0.07517
5	75790	4.839326370867	0.0748
5	75794	4.839346312046	0.074537
5	75804	4.840310350099	0.07441
5	75808	4.840368381026	0.074403
5	75821	4.841303075519	0.074407
5	75825	4.841396979298	0.074341
5	75835	4.84226229095	0.074254
5	75839	4.842370231722	0.074336
5	75852	4.843298570924	0.07417
5	75856	4.8434201313	0.08261
5	75866	4.844251002642	0.07613
5	75870	4.844394206976	0.075601
5	75883	4.845273583421	0.075718
5	75887	4.845358723771	0.075647
5	75897	4.84627066027	0.075738
5	75901	4.846323249268	0.075734
5	75914	4.847259044271	0.074808
5	75918	4.847342609848	0.07437
5	75928	4.848214295517	0.074163
5	75932	4.848351058115	0.078284
5	75945	4.849259981135	0.080313
5	75949	4.849355163746	0.155247
5	75959	4.85022468558	0.080609
5	75963	4.85030940781	0.077281
5	75973	4.851230320682	0.076375
5	75977	4.851339957535	0.075944
5	75990	4.852241947371	0.075732
5	75994	4.852343541089	0.075771
5	76004	4.853291072867	0.074164
5	76014	4.853380415243	0.074302
5	76021	4.854285635169	0.074415
5	76025	4.854339093092	0.074336
5	76038	4.855288385594	0.086294
5	76045	4.855319025634	0.078962
5	76052	4.856318063662	0.075912
5	76056	4.856323279272	0.075571
5	76072	4.85731426234	0.075829
5	76076	4.8573470743	0.075696
5	76083	4.858304657037	0.074877
5	76087	4.858324524479	0.074327
5	76103	4.859287233209	0.075201
5	76107	4.85934298156	0.074393
5	76117	4.860294728873	0.074356
5	76121	4.860386580755	0.07428
5	76134	4.861278447182	0.074261
5	76138	4.861364217816	0.074435
5	76148	4.86231754488	0.074294
5	76152	4.862352181342	0.074519
5	76162	4.86327676513	0.075535
5	76169	4.863349027826	0.091717
5	76179	4.864309274822	0.076555
5	76183	4.864318779638	0.074633
5	76193	4.865297472074	0.074355
5	76197	4.865330500105	0.074326
5	76210	4.866279658662	0.074472
5	76214	4.866360106765	0.074305
5	76224	4.867328557629	0.074325
5	76231	4.867382196533	0.074344
5	76241	4.868355331491	0.121303
5	76245	4.868374957134	0.092144
5	76258	4.869326699565	0.084843
5	76262	4.869360693574	0.084376
5	76272	4.870294837109	0.083875
5	76276	4.870318820695	0.083526
5	76286	4.871253504456	0.24705
5	76290	4.871313135425	0.209179
5	76303	4.872230243458	0.188921
5	76307	4.872332088243	0.179749
5	76320	4.873192387494	0.179389
5	76324	4.873361038249	0.179802
5	76334	4.874165331451	0.179709
5	76338	4.874334546047	0.179765
5	76348	4.875157935151	0.279408
5	76355	4.875310428067	0.097445
5	76365	4.876136899697	0.076757
5	76369	4.876272303979	0.075504
5	76382	4.877102113371	0.074758
5	76386	4.877310136659	0.074687
5	76396	4.878082345076	0.074474
5	76400	4.878273420371	0.074547
5	76416	4.879094393531	0.075079
5	76420	4.879299923756	0.07453
5	76430	4.880106712612	0.074363
5	76434	4.880254187898	0.074588
5	76444	4.881059605126	0.074429
5	76451	4.881284884119	0.107573
5	76461	4.882055048401	0.075255
5	76465	4.882322980121	0.074583
5	76475	4.883050823523	0.074424
5	76482	4.883291175354	0.074551
5	76492	4.884085580679	0.074288
5	76496	4.884285567043	0.07436
5	76506	4.885073320701	0.074319
5	76513	4.885259812442	0.079121
5	76523	4.886105482386	0.078467
5	76527	4.886303951739	0.074953
5	76537	4.887081890997	0.083759
5	76541	4.887276665325	0.093531
5	76554	4.888080663366	0.074838
5	76558	4.888281887922	0.074518
5	76568	4.889112785433	0.074442
5	76572	4.889283481877	0.074665
5	76585	4.890141542489	0.074414
5	76589	4.890315834299	0.084801
5	76596	4.891092565	0.075173
5	76603	4.891348561505	0.074722
5	76616	4.892134390416	0.07437
5	76620	4.892395592328	0.074514
5	76630	4.893103686644	0.074948
5	76634	4.89341251107	0.08895
5	76647	4.894067196839	0.076284
5	76651	4.894395361645	0.074752
5	76661	4.895060776784	0.081858
5	76668	4.895444448674	0.075846
5	76678	4.896100877874	0.074996
5	76682	4.896406515849	0.106988
5	76692	4.897136423928	0.075481
5	76696	4.8974247624	0.074507
5	76709	4.898165895628	0.074319
5	76713	4.898460719004	0.074401
5	76726	4.899161552589	0.075122
5	76733	4.899487687344	0.074697
5	76743	4.900156754363	0.07598
5	76747	4.900534731298	0.075919
5	76757	4.90111262378	0.075759
5	76761	4.901491027684	0.094314
5	76774	4.902153534635	0.075401
5	76778	4.902477744874	0.074791
5	76788	4.903203395672	0.074521
5	76795	4.903510864937	0.074624
5	76805	4.904224995655	0.074562
5	76809	4.904502179776	0.084362
5	76819	4.905225803105	0.075586
5	76823	4.905495228267	0.07474
5	76836	4.906250208762	0.074652
5	76840	4.90653714267	0.074645
5	76850	4.907214498992	0.075447
5	76854	4.907494359288	0.074418
5	76867	4.908181763139	0.074282
5	76871	4.908525628436	0.074206
5	76881	4.909198886244	0.074261
5	76888	4.909558127998	0.07431
5	76898	4.910182808003	0.082132
5	76902	4.910525821366	0.083459
5	76912	4.911171712153	0.07531
5	76916	4.911564800272	0.074487
5	76929	4.912176121572	0.074492
5	76933	4.912599707473	0.074398
5	76943	4.913206985893	0.07444
5	76947	4.91356593985	0.075483
5	76957	4.91417299782	0.074359
5	76964	4.914590890236	0.074379
5	76974	4.915143926268	0.074355
5	76984	4.915606209464	0.074548
5	76988	4.91615748585	0.074264
5	76995	4.916619810388	0.074429
5	77005	4.917155559806	0.082057
5	77012	4.917597901844	0.075188
5	77019	4.918180214219	0.074802
5	77026	4.918551682607	0.074456
5	77039	4.919142979339	0.074846
5	77046	4.919592942799	0.075384
5	77053	4.920173026746	0.074464
5	77063	4.920630849734	0.074407
5	77070	4.921192529772	0.074337
5	77077	4.921597024381	0.074308
5	77084	4.922144870744	0.081326
5	77094	4.922572350012	0.085852
5	77104	4.923164473904	0.074974
5	77108	4.923532787401	0.074532
5	77118	4.924131285835	0.074316
5	77125	4.924555732655	0.07442
5	77132	4.925133475294	0.074404
5	77139	4.925593537302	0.08351
5	77146	4.926095071635	0.075864
5	77156	4.926582307234	0.074421
5	77160	4.927048050489	0.074285
5	77170	4.927559534868	0.074411
5	77180	4.928053759712	0.074282
5	77187	4.928510164708	0.074445
5	77191	4.929031209619	0.074527
5	77201	4.929557265341	0.074349
5	77208	4.930005706072	0.074304
5	77218	4.930579028664	0.074393
5	77225	4.930995002536	0.074239
5	77232	4.93161734768	0.230809
5	77239	4.931977141672	0.240237
5	77249	4.932596646532	0.180517
5	77253	4.932935670533	0.179272
5	77263	4.933596908732	0.179472
5	77270	4.933932851794	0.179276
5	77280	4.934587810347	0.180188
5	77287	4.934889813007	0.179251
5	77294	4.935590235283	0.273215
5	77301	4.935858882626	0.096161
5	77308	4.936593419564	0.092169
5	77318	4.936879153124	0.075168
5	77325	4.937568619934	0.074528
5	77332	4.937857297489	0.074629
5	77339	4.938573463801	0.074615
5	77352	4.938830544206	0.084659
5	77359	4.939529568415	0.0755
5	77363	4.939787800236	0.074495
5	77373	4.940484445304	0.074394
5	77383	4.940818852534	0.074627
5	77390	4.941526657073	0.074686
5	77394	4.941817345683	0.082344
5	77404	4.942493906626	0.077053
5	77414	4.942816524696	0.076091
5	77421	4.94347269073	0.074642
5	77425	4.943805231355	0.074417
5	77438	4.944510456066	0.082948
5	77442	4.944777460737	0.075158
5	77452	4.945558333402	0.074659
5	77456	4.945816106442	0.074607
5	77469	4.9465703615	0.074473
5	77473	4.946860287061	0.074445
5	77483	4.947560653182	0.074267
5	77493	4.947890806278	0.074308
5	77500	4.948516633678	0.075164
5	77507	4.948929667447	0.074391
5	77514	4.949479708686	0.079876
5	77524	4.949948687957	0.07482
5	77528	4.950449425426	0.07431
5	77538	4.950992276423	0.084908
5	77545	4.951472818598	0.074863
5	77555	4.952034445593	0.074538
5	77559	4.952429698221	0.074404
5	77566	4.953029850647	0.074266
5	77576	4.953462546404	0.074347
5	77583	4.954078659673	0.074672
5	77590	4.954416556268	0.074604
5	77597	4.955105783955	0.076004
5	77607	4.955428843573	0.074739
5	77614	4.956122234916	0.074487
5	77621	4.956430407084	0.075698
5	77628	4.957125461244	0.075148
5	77635	4.957388890822	0.074935
5	77648	4.958155703362	0.075293
5	77652	4.958411249344	0.07601
5	77665	4.959195054531	0.075361
5	77669	4.959372894846	0.096983
5	77679	4.96024049826	0.076899
5	77686	4.960411180296	0.074748
5	77696	4.961253233584	0.075747
5	77703	4.961390687354	0.074816
5	77710	4.96221982535	0.075144
5	77717	4.962426584336	0.074804
5	77727	4.963240656915	0.074254
5	77731	4.96339241811	0.074387
5	77741	4.964195555496	0.074281
5	77748	4.964436327521	0.074349
5	77755	4.965209457068	0.074378
5	77762	4.965411840529	0.074379
5	77772	4.966178571042	0.074324
5	77779	4.966423360739	0.074339
5	77786	4.96719939641	0.074307
5	77793	4.967398753257	0.075292
5	77803	4.968210516617	0.074442
5	77810	4.968418112442	0.07422
5	77817	4.969164713885	0.090378
5	77824	4.96938073452	0.092722
5	77834	4.970191335405	0.075401
5	77841	4.970373492341	0.074604
5	77848	4.971174522506	0.074449
5	77855	4.971350519977	0.0755
5	77865	4.972146661137	0.081247
5	77872	4.972329842813	0.075645
5	77879	4.973123768496	0.080825
5	77886	4.973320894972	0.076076
5	77896	4.974149729676	0.076409
5	77903	4.974361128276	0.076444
5	77913	4.975150786953	0.089665
5	77917	4.975357225494	0.076202
5	77927	4.976112928131	0.075385
5	77931	4.976310522334	0.075036
5	77944	4.977141829322	0.074872
5	77948	4.97727386714	0.074172
5	77958	4.978190189056	0.084613
5	77962	4.978302287683	0.075274
5	77978	4.979142357614	0.075001
5	77982	4.979281559444	0.074567
5	77992	4.98018392508	0.090741
5	77996	4.980244004466	0.075634
5	78009	4.981209583767	0.074596
5	78013	4.981250615481	0.074368
5	78023	4.98222236146	0.074453
5	78027	4.98224158172	0.074263
5	78040	4.98325790535	0.090458
5	78044	4.983284387894	0.075211
5	78054	4.984267985274	0.074551
5	78058	4.984276384318	0.074445
5	78074	4.985226585319	0.074343
5	78078	4.985246698763	0.074287
5	78085	4.986264330015	0.074412
5	78089	4.986266949556	0.075093
5	78105	4.987281107855	0.074335
5	78109	4.987283330838	0.074325
5	78116	4.988268062953	0.074291
5	78120	4.988280428829	0.07428
5	78136	4.989244886634	0.074234
5	78140	4.989314615579	0.082844
5	78147	4.990263747615	0.075788
5	78151	4.990295846099	0.074405
5	78167	4.991304393172	0.074402
5	78171	4.991344254384	0.074428
5	78178	4.992325147727	0.074319
5	78182	4.992370182117	0.074257
5	78198	4.99328826917	0.074396
5	78205	4.993405114855	0.074311
5	78209	4.994288607951	0.074069
5	78213	4.994356061478	0.074299
5	78229	4.995278816484	0.074454
5	78233	4.995330776548	0.082068
5	78243	4.996302689672	0.075609
5	78247	4.996323537771	0.078361
5	78257	4.997307217575	0.075134
5	78261	4.997313492603	0.07443
5	78271	4.998306214354	0.081108
5	78275	4.998330724048	0.074924
5	78294	4.999293042315	0.075594
5	78298	4.99931555029	0.074487
6	15657	1.000848479869	5.5642247200012
6	15978	1.021522867293	12.053745269775
6	16291	1.04169243459	8.5926122665405
6	16604	1.061643692504	8.8193340301514
6	16917	1.081697665107	8.7225160598755
6	17230	1.101961084924	3.4380328655243
6	17543	1.121710626359	4.7329316139221
6	17860	1.141908666558	11.267621040344
6	18169	1.161763465889	12.6606798172
6	18478	1.181859337935	12.904236793518
6	18791	1.201489855437	10.100700378418
6	19104	1.221427645217	10.349944114685
6	19417	1.241582859419	6.7237267494202
6	19732	1.261515914159	11.547832489014
6	20049	1.281793252726	2.8376133441925
6	20366	1.301986287534	0.55767405033112
6	20671	1.321630586384	7.342423915863
6	20984	1.341400783552	7.0783772468567
6	21297	1.361160697962	6.87184715271
6	21614	1.381668654063	12.604857444763
6	21931	1.40205628324	10.549668312073
6	22244	1.422096345868	5.5012044906616
6	22557	1.442099316646	9.6389856338501
6	22870	1.462293602364	8.6834983825684
6	23179	1.481981699624	3.0983228683472
6	23494	1.501667173978	9.851861000061
6	23811	1.522284108339	12.9204454422
6	24124	1.54202664603	9.4008750915527
6	24437	1.562292118062	8.7481756210327
6	24750	1.582230328403	6.8281021118164
6	25059	1.601471766983	10.392711639404
6	25372	1.621382781608	7.3078560829163
6	25685	1.641436619707	2.1855020523071
6	25998	1.661544926919	3.7817726135254
6	26315	1.681489022583	8.5947170257568
6	26628	1.701293018432	10.973547935486
6	26937	1.721506950184	14.410938262939
6	27254	1.74166953481	10.097014427185
6	27569	1.761803327669	1.4726660251617
6	27882	1.781735271993	11.187238693237
6	28187	1.801452908824	5.8347568511963
6	28500	1.821143527296	12.598969459534
6	28813	1.841132135535	9.7239847183228
6	29126	1.860857314152	9.7203187942505
6	29443	1.881273941102	6.2682776451111
6	29764	1.901739452617	2.4930372238159
6	30069	1.921600462509	12.435285568237
6	30382	1.941327952823	10.534852981567
6	30695	1.961043045471	12.760691642761
6	31008	1.981262700798	4.2379384040833
6	31323	2.001371644799	3.430150270462
6	31636	2.021560238498	10.497773170471
6	31949	2.041086213941	8.6448173522949
6	32258	2.060765383154	2.7373712062836
6	32575	2.081188216918	5.269052028656
6	32888	2.101234825255	1.1822068691254
6	33201	2.121519074988	12.703419685364
6	33518	2.141611035214	4.1610531806946
6	33831	2.161410325528	6.4529547691345
6	34144	2.181981603526	9.3340835571289
6	34461	2.201955117005	4.5487360954285
6	34774	2.222219813982	14.184844017029
6	35087	2.242196740354	9.4902410507202
6	35410	2.262646557283	12.365592956543
6	35715	2.282322553311	6.8384065628052
6	36032	2.302300392839	9.4282693862915
6	36345	2.322341206539	2.4519858360291
6	36654	2.341860011825	9.3936901092529
6	36971	2.361873434127	5.675705909729
6	37280	2.381542658	2.5180425643921
6	37593	2.40176121782	13.600308418274
6	37906	2.421648307301	3.8215255737305
6	38219	2.441253784499	7.0662407875061
6	38540	2.462045457801	13.333374023438
6	38849	2.481906716845	10.420868873596
6	39168	2.502257098384	9.8510007858276
6	39473	2.521700400964	10.289474487305
6	39786	2.541514694946	8.578200340271
6	40099	2.561616830075	9.6431179046631
6	40412	2.58134728786	4.8014421463013
6	40725	2.601517309589	6.3550271987915
6	41034	2.621484330053	4.4598565101624
6	41355	2.642094215215	2.6605937480927
6	41668	2.662036647503	6.2509560585022
6	41981	2.681906276326	13.343153953552
6	42294	2.702185848015	14.375714302063
6	42611	2.722668786743	11.721164703369
6	42920	2.742207359536	11.231220245361
6	43231	2.761713826034	7.5911388397217
6	43548	2.781963993125	9.0929222106934
6	43861	2.802182385451	10.606974601746
6	44174	2.821763305854	9.0502185821533
6	44487	2.842387094405	8.6578979492188
6	44800	2.862397720736	1.9567515850067
6	45113	2.882343849038	11.735619544983
6	45426	2.902051603022	6.0263352394104
6	45739	2.922108667048	10.647065162659
6	46052	2.942094345108	11.20893573761
6	46365	2.962031286293	4.8314409255981
6	46678	2.981817905545	3.9967880249023
6	46985	3.001212218182	9.4624423980713
6	47298	3.020777940271	10.029755592346
6	47611	3.040853514571	9.3606090545654
6	47920	3.060732344117	10.207982063293
6	48237	3.080957482835	9.4477033615112
6	48550	3.100756118179	10.872344970703
6	48855	3.120494867227	8.1167078018188
6	49168	3.140464007502	10.284875869751
6	49485	3.160824641144	10.837436676025
6	49802	3.181286095643	7.8656735420227
6	50111	3.201058072844	4.6605792045593
6	50420	3.220287020958	8.1864490509033
6	50733	3.240444494268	8.1019163131714
6	51048	3.260480011722	5.4551882743835
6	51361	3.280461532856	4.1150784492493
6	51674	3.300585706089	12.511808395386
6	51987	3.320449206604	12.392283439636
6	52300	3.340584923969	3.2926054000854
6	52609	3.360073049151	5.5138611793518
6	52926	3.380601640426	8.5085897445679
6	53239	3.400248634195	4.550178527832
6	53552	3.420159533309	9.3569917678833
6	53865	3.440217240797	6.9430088996887
6	54178	3.46038902561	11.739481925964
6	54495	3.480580334204	5.4156322479248
6	54810	3.500445788984	15.643360137939
6	55115	3.519878583898	11.636496543884
6	55424	3.539695529883	4.2251272201538
6	55737	3.55957609722	11.912779808044
6	56054	3.579701996381	14.491907119751
6	56367	3.599741801975	7.8014478683472
6	56680	3.619826123737	10.672888755798
6	56993	3.639727949084	6.3491530418396
6	57306	3.659716112728	5.8073496818542
6	57619	3.679716713094	9.908106803894
6	57932	3.699692455116	12.190717697144
6	58245	3.719749655379	4.4769067764282
6	58558	3.739605514231	8.7193813323975
6	58873	3.759578181171	4.9889469146729
6	59186	3.779425775355	10.492590904236
6	59495	3.799403973783	7.8724617958069
6	59812	3.819730273521	3.010767698288
6	60133	3.839926527046	7.3472118377686
6	60438	3.859608381951	0.9965273141861
6	60751	3.879667006848	12.071200370789
6	61064	3.899960943065	4.9575409889221
6	61385	3.920214041726	3.1058192253113
6	61690	3.939425628556	8.3352842330933
6	62003	3.959619958174	7.9579677581787
6	62316	3.979656833411	12.335188865662
6	62637	3.999737138212	7.9158177375793
6	62944	4.019709996395	10.456085205078
6	63257	4.039328189147	2.1524205207825
6	63570	4.059833135605	6.9556984901428
6	63887	4.079996387409	15.032364845276
6	64196	4.099914754728	4.6493253707886
6	64517	4.120096290027	12.400207519531
6	64830	4.140511212444	14.873858451843
6	65143	4.160483235339	5.9050097465515
6	65456	4.18032097707	6.0988965034485
6	65765	4.200198110073	9.3896751403809
6	66078	4.220377141763	11.677543640137
6	66391	4.240611983185	10.368402481079
6	66706	4.260379624215	6.6315979957581
6	67019	4.280507825761	9.5880546569824
6	67332	4.300137625254	8.3441228866577
6	67645	4.320034187815	9.969183921814
6	67950	4.339579610629	11.976760864258
6	68267	4.359453189818	9.7195491790771
6	68584	4.379617029621	5.995879650116
6	68897	4.399662735115	10.892994880676
6	69206	4.419407213106	1.8054910898209
6	69519	4.439236775668	0.72401392459869
6	69832	4.459253660307	5.3416748046875
6	70145	4.4794510335	12.351903915405
6	70458	4.499636979516	15.824901580811
6	70773	4.519363087306	5.7833223342896
6	71086	4.539428036886	3.1029772758484
6	71399	4.559322950455	8.2989473342896
6	71712	4.579163831678	8.9545927047729
6	72025	4.599298697481	8.5196857452393
6	72338	4.619269355964	9.5863065719604
6	72651	4.638891464614	3.2713894844055
6	72964	4.659036895749	5.7612819671631
6	73277	4.67902693996	7.0307273864746
6	73590	4.699115567611	8.4393663406372
6	73903	4.719053877982	8.9301919937134
6	74212	4.73884477785	14.157577514648
6	74527	4.758582040845	12.272485733032
6	74840	4.778485526082	10.876220703125
6	75153	4.798966203278	9.8877401351929
6	75466	4.818541859992	5.6841287612915
6	75779	4.838472773287	9.2160177230835
6	76092	4.858660421663	15.771291732788
6	76405	4.878742225266	10.723476409912
6	76718	4.898898104815	4.9320044517517
6	77031	4.91859678347	3.7409508228302
6	77344	4.938637946697	10.54619884491
6	77657	4.958950581434	5.3504180908203
6	77970	4.978698339172	8.12868309021
6	78283	4.998719379907	8.1745166778564
7	15657	1.000848479869	0.99368433235402
7	15978	1.021522867293	0.99998258132522
7	16291	1.04169243459	0.99959510009872
7	16604	1.061643692504	0.9996704906917
7	16917	1.081697665107	0.9996401847794
7	17230	1.101961084924	0.95793179792867
7	17543	1.121710626359	0.9866482364712
7	17860	1.141908666558	0.99996440578558
7	18169	1.161763465889	0.99998996788346
7	18478	1.181859337935	0.99999196040941
7	18791	1.201489855437	0.99989718278028
7	19104	1.221427645217	0.99991802711864
7	19417	1.241582859419	0.99778984242852
7	19732	1.261515914159	0.99997240999879
7	20049	1.281793252726	0.92954025068376
7	20366	1.301986287534	0.62409740721137
7	20671	1.321630586384	0.99873943115628
7	20984	1.341400783552	0.99839798282275
7	21297	1.361160697962	0.99806774564621
7	21614	1.381668654063	0.99998944564374
7	21931	1.40205628324	0.9999316368022
7	22244	1.422096345868	0.99331442471055
7	22557	1.442099316646	0.99984356510794
7	22870	1.462293602364	0.99962719770181
7	23179	1.481981699624	0.9435693360831
7	23494	1.501667173978	0.99987108614855
7	23811	1.522284108339	0.99999207800441
7	24124	1.54202664603	0.99980576549429
7	24437	1.562292118062	0.99964847808864
7	24750	1.582230328403	0.99798951253699
7	25059	1.601471766983	0.99992115278162
7	25372	1.621382781608	0.99869924073618
7	25685	1.641436619707	0.87940630752729
7	25998	1.661544926919	0.96887050198527
7	26315	1.681489022583	0.99959587378774
7	26628	1.701293018432	0.99995349725303
7	26937	1.721506950184	0.99999795651732
7	27254	1.74166953481	0.99989683771141
7	27569	1.761803327669	0.7922904419069
7	27882	1.781735271993	0.99996170745343
7	28187	1.801452908824	0.99505452447154
7	28500	1.821143527296	0.99998938899843
7	28813	1.841132135535	0.99985519621254
7	29126	1.860857314152	0.9998547128962
7	29443	1.881273941102	0.99665998449116
7	29764	1.901739452617	0.90605559330049
7	30069	1.921600462509	0.99998768653742
7	30382	1.941327952823	0.99993070988944
7	30695	1.961043045471	0.99999083975769
7	31008	1.981262700798	0.97921808567231
7	31323	2.001371644799	0.95764206977078
7	31636	2.021560238498	0.99992833455198
7	31949	2.041086213941	0.99961386020085
7	32258	2.060765383154	0.92333304934067
7	32575	2.081188216918	0.99175645663969
7	32888	2.101234825255	0.74549605723868
7	33201	2.121519074988	0.99999035019645
7	33518	2.141611035214	0.97774703273318
7	33831	2.161410325528	0.99717473124601
7	34144	2.181981603526	0.99979360875008
7	34461	2.201955117005	0.98425271365779
7	34774	2.222219813982	0.99999749021948
7	35087	2.242196740354	0.99982091875306
7	35410	2.262646557283	0.9999868811609
7	35715	2.282322553311	0.99800822086959
7	36032	2.302300392839	0.99981054205107
7	36345	2.322341206539	0.90283050708964
7	36654	2.341860011825	0.99980449288931
7	36971	2.361873434127	0.99428956142865
7	37280	2.381542658	0.90797274713387
7	37593	2.40176121782	0.99999573010369
7	37906	2.421648307301	0.96994219622541
7	38219	2.441253784499	0.99838023845683
7	38540	2.462045457801	0.99999455740482
7	38849	2.481906716845	0.99992314530643
7	39168	2.502257098384	0.99987098530984
7	39473	2.521700400964	0.99991339511406
7	39786	2.541514694946	0.99958976248757
7	40099	2.561616830075	0.99984415157895
7	40412	2.58134728786	0.9874443255566
7	40725	2.601517309589	0.99691248815775
7	41034	2.621484330053	0.98295011662445
7	41355	2.642094215215	0.91824382284836
7	41668	2.662036647503	0.99660715318473
7	41981	2.681906276326	0.99999460557935
7	42294	2.702185848015	0.99999789002254
7	42611	2.722668786743	0.99997643216841
7	42920	2.742207359536	0.99996320825341
7	43231	2.761713826034	0.99899426991152
7	43548	2.781963993125	0.99974302966871
7	43861	2.802182385451	0.9999351068884
7	44174	2.821763305854	0.99973286024613
7	44487	2.842387094405	0.99961842302843
7	44800	2.862397720736	0.85555666936675
7	45113	2.882343849038	0.99997673983463
7	45426	2.902051603022	0.99584171908577
7	45739	2.922108667048	0.99993742925495
7	46052	2.942094345108	0.99996245532967
7	46365	2.962031286293	0.98777798374541
7	46678	2.981817905545	0.97425527630757
7	46985	3.001212218182	0.99981633627289
7	47298	3.020777940271	0.99989033379456
7	47611	3.040853514571	0.99979852516852
7	47920	3.060732344117	0.99990673605461
7	48237	3.080957482835	0.99981385923992
7	48550	3.100756118179	0.99994901611515
7	48855	3.120494867227	0.9993760556732
7	49168	3.140464007502	0.99991303233071
7	49485	3.160824641144	0.99994737229096
7	49802	3.181286095643	0.99921623112793
7	50111	3.201058072844	0.98575343153938
7	50420	3.220287020958	0.99941436405599
7	50733	3.240444494268	0.99936761429185
7	51048	3.260480011722	0.99303080572685
7	51361	3.280461532856	0.97681927199728
7	51674	3.300585706089	0.99998851401262
7	51987	3.320449206604	0.99998719564259
7	52300	3.340584923969	0.95226950727379
7	52609	3.360073049151	0.99339040309223
7	52926	3.380601640426	0.99956297436669
7	53239	3.400248634195	0.9842730250353
7	53552	3.420159533309	0.99979786167373
7	53865	3.440217240797	0.99818857118376
7	54178	3.46038902561	0.99997682136191
7	54495	3.480580334204	0.9927774758106
7	54810	3.500445788984	0.99999933350764
7	55115	3.519878583898	0.99997454653502
7	55424	3.539695529883	0.97897975095612
7	55737	3.55957609722	0.99998019982191
7	56054	3.579701996381	0.99999810153125
7	56367	3.599741801975	0.99916914605291
7	56680	3.619826123737	0.99993888096871
7	56993	3.639727949084	0.99689600761678
7	57306	3.659716112728	0.99493038958812
7	57619	3.679716713094	0.99987751136623
7	57932	3.699692455116	0.99998462066777
7	58245	3.719749655379	0.98320795276312
7	58558	3.739605514231	0.99963915830326
7	58873	3.759578181171	0.98939120343199
7	59186	3.779425775355	0.99992799615303
7	59495	3.799403973783	0.99922104922576
7	59812	3.819730273521	0.93917846183057
7	60133	3.839926527046	0.99874489918381
7	60438	3.859608381951	0.71216739733419
7	60751	3.879667006848	0.99998285554334
7	61064	3.899960943065	0.9890873010186
7	61385	3.920214041726	0.94393110732619
7	61690	3.939425628556	0.99948843853487
7	62003	3.959619958174	0.99927926363543
7	62316	3.979656833411	0.99998651350234
7	62637	3.999737138212	0.99925113145137
7	62944	4.019709996395	0.99992556664828
7	63257	4.039328189147	0.87618035549446
7	63570	4.059833135605	0.998209310537
7	63887	4.079996387409	0.99999883848734
7	64196	4.099914754728	0.98560903850848
7	64517	4.120096290027	0.99998728754885
7	64830	4.140511212444	0.99999865845798
7	65143	4.160483235339	0.99535907882045
7	65456	4.18032097707	0.99610613419031
7	65765	4.200198110073	0.99980377813028
7	66078	4.220377141763	0.99997547881905
7	66391	4.240611983185	0.99991939106428
7	66706	4.260379624215	0.99759722537732
7	67019	4.280507825761	0.99983615294963
7	67332	4.300137625254	0.99949253045513
7	67645	4.320034187815	0.99988412636971
7	67950	4.339579610629	0.99998131861723
7	68267	4.359453189818	0.99985461122527
7	68584	4.379617029621	0.99572547957524
7	68897	4.399662735115	0.99994996424238
7	69206	4.419407213106	0.83771930107306
7	69519	4.439236775668	0.65885468618496
7	69832	4.459253660307	0.99227905804127
7	70145	4.4794510335	0.99998671688453
7	70458	4.499636979516	0.99999943490655
7	70773	4.519363087306	0.99481901564395
7	71086	4.539428036886	0.94379421342651
7	71399	4.559322950455	0.99947126671994
7	71712	4.579163831678	0.99970860483602
7	72025	4.599298697481	0.99956735870626
7	72338	4.619269355964	0.99983589240487
7	72651	4.638891464614	0.95138517335043
7	72964	4.659036895749	0.99471471304257
7	73277	4.67902693996	0.99832718019731
7	73590	4.699115567611	0.99953460159092
7	73903	4.719053877982	0.99970207069514
7	74212	4.73884477785	0.99999742723043
7	74527	4.758582040845	0.99998572241152
7	74840	4.778485526082	0.99994919542622
7	75153	4.798966203278	0.99987522263061
7	75466	4.818541859992	0.99433287321123
7	75779	4.838472773287	0.99977022907587
7	76092	4.858660421663	0.9999994066839
7	76405	4.878742225266	0.99994162794494
7	76718	4.898898104815	0.98883386072775
7	77031	4.91859678347	0.96773153852833
7	77344	4.938637946697	0.99993142085491
7	77657	4.958950581434	0.99233971600515
7	77970	4.978698339172	0.99938280731127
7	78283	4.998719379907	0.99940798050499
8	15657	1.000848479869	0.005381
8	15978	1.021522867293	0.005036
8	16291	1.04169243459	0.006958
8	16604	1.061643692504	0.004431
8	16917	1.081697665107	0.007049
8	17230	1.101961084924	0.004556
8	17543	1.121710626359	0.00517
8	17860	1.141908666558	0.006087
8	18169	1.161763465889	0.004366
8	18478	1.181859337935	0.00666
8	18791	1.201489855437	0.007073
8	19104	1.221427645217	0.005228
8	19417	1.241582859419	0.006204
8	19732	1.261515914159	0.010754
8	20049	1.281793252726	0.006194
8	20366	1.301986287534	0.004876
8	20671	1.321630586384	0.009263
8	20984	1.341400783552	0.012457
8	21297	1.361160697962	0.004666
8	21614	1.381668654063	0.010174
8	21931	1.40205628324	0.004743
8	22244	1.422096345868	0.007897
8	22557	1.442099316646	0.004713
8	22870	1.462293602364	0.004219
8	23179	1.481981699624	0.004122
8	23494	1.501667173978	0.007402
8	23811	1.522284108339	0.005155
8	24124	1.54202664603	0.004785
8	24437	1.562292118062	0.004715
8	24750	1.582230328403	0.007735
8	25059	1.601471766983	0.004677
8	25372	1.621382781608	0.004311
8	25685	1.641436619707	0.003874
8	25998	1.661544926919	0.004435
8	26315	1.681489022583	0.006892
8	26628	1.701293018432	0.004169
8	26937	1.721506950184	0.004444
8	27254	1.74166953481	0.004518
8	27569	1.761803327669	0.005139
8	27882	1.781735271993	0.007547
8	28187	1.801452908824	0.005229
8	28500	1.821143527296	0.005237
8	28813	1.841132135535	0.005019
8	29126	1.860857314152	0.010556
8	29443	1.881273941102	0.005423
8	29764	1.901739452617	0.005469
8	30069	1.921600462509	0.004839
8	30382	1.941327952823	0.006697
8	30695	1.961043045471	0.005191
8	31008	1.981262700798	0.004471
8	31323	2.001371644799	0.004968
8	31636	2.021560238498	0.004411
8	31949	2.041086213941	0.018234
8	32258	2.060765383154	0.017541
8	32575	2.081188216918	0.004554
8	32888	2.101234825255	0.004385
8	33201	2.121519074988	0.004234
8	33518	2.141611035214	0.004834
8	33831	2.161410325528	0.004146
8	34144	2.181981603526	0.004492
8	34461	2.201955117005	0.004133
8	34774	2.222219813982	0.003877
8	35087	2.242196740354	0.009901
8	35410	2.262646557283	0.007925
8	35715	2.282322553311	0.004556
8	36032	2.302300392839	0.004864
8	36345	2.322341206539	0.006835
8	36654	2.341860011825	0.004497
8	36971	2.361873434127	0.003977
8	37280	2.381542658	0.003983
8	37593	2.40176121782	0.004138
8	37906	2.421648307301	0.00394
8	38219	2.441253784499	0.003865
8	38540	2.462045457801	0.004133
8	38849	2.481906716845	0.003847
8	39168	2.502257098384	0.004639
8	39473	2.521700400964	0.00416
8	39786	2.541514694946	0.004719
8	40099	2.561616830075	0.004548
8	40412	2.58134728786	0.003789
8	40725	2.601517309589	0.009656
8	41034	2.621484330053	0.004776
8	41355	2.642094215215	0.005091
8	41668	2.662036647503	0.004535
8	41981	2.681906276326	0.004019
8	42294	2.702185848015	0.004554
8	42611	2.722668786743	0.004949
8	42920	2.742207359536	0.004324
8	43231	2.761713826034	0.00649
8	43548	2.781963993125	0.004255
8	43861	2.802182385451	0.006839
8	44174	2.821763305854	0.004384
8	44487	2.842387094405	0.00389
8	44800	2.862397720736	0.00391
8	45113	2.882343849038	0.004097
8	45426	2.902051603022	0.003959
8	45739	2.922108667048	0.004278
8	46052	2.942094345108	0.003935
8	46365	2.962031286293	0.004546
8	46678	2.981817905545	0.00451
8	46985	3.001212218182	0.005251
8	47298	3.020777940271	0.004176
8	47611	3.040853514571	0.005621
8	47920	3.060732344117	0.005427
8	48237	3.080957482835	0.020848
8	48550	3.100756118179	0.013129
8	48855	3.120494867227	0.005118
8	49168	3.140464007502	0.00472
8	49485	3.160824641144	0.012906
8	49802	3.181286095643	0.007187
8	50111	3.201058072844	0.004642
8	50420	3.220287020958	0.005517
8	50733	3.240444494268	0.008714
8	51048	3.260480011722	0.009381
8	51361	3.280461532856	0.004772
8	51674	3.300585706089	0.005349
8	51987	3.320449206604	0.004872
8	52300	3.340584923969	0.004556
8	52609	3.360073049151	0.004364
8	52926	3.380601640426	0.004537
8	53239	3.400248634195	0.004231
8	53552	3.420159533309	0.004354
8	53865	3.440217240797	0.008591
8	54178	3.46038902561	0.005411
8	54495	3.480580334204	0.004799
8	54810	3.500445788984	0.021349
8	55115	3.519878583898	0.011268
8	55424	3.539695529883	0.005824
8	55737	3.55957609722	0.004958
8	56054	3.579701996381	0.005196
8	56367	3.599741801975	0.01027
8	56680	3.619826123737	0.006883
8	56993	3.639727949084	0.005028
8	57306	3.659716112728	0.005948
8	57619	3.679716713094	0.005792
8	57932	3.699692455116	0.011386
8	58245	3.719749655379	0.006924
8	58558	3.739605514231	0.005404
8	58873	3.759578181171	0.007177
8	59186	3.779425775355	0.005456
8	59495	3.799403973783	0.01273
8	59812	3.819730273521	0.006347
8	60133	3.839926527046	0.005051
8	60438	3.859608381951	0.005086
8	60751	3.879667006848	0.007147
8	61064	3.899960943065	0.004687
8	61385	3.920214041726	0.004564
8	61690	3.939425628556	0.005311
8	62003	3.959619958174	0.004374
8	62316	3.979656833411	0.008483
8	62637	3.999737138212	0.004734
8	62944	4.019709996395	0.005506
8	63257	4.039328189147	0.004234
8	63570	4.059833135605	0.006374
8	63887	4.079996387409	0.004288
8	64196	4.099914754728	0.005155
8	64517	4.120096290027	0.00435
8	64830	4.140511212444	0.004163
8	65143	4.160483235339	0.007206
8	65456	4.18032097707	0.005974
8	65765	4.200198110073	0.004401
8	66078	4.220377141763	0.004402
8	66391	4.240611983185	0.004201
8	66706	4.260379624215	0.005924
8	67019	4.280507825761	0.012735
8	67332	4.300137625254	0.005318
8	67645	4.320034187815	0.004944
8	67950	4.339579610629	0.006323
8	68267	4.359453189818	0.004668
8	68584	4.379617029621	0.007137
8	68897	4.399662735115	0.004972
8	69206	4.419407213106	0.004867
8	69519	4.439236775668	0.006097
8	69832	4.459253660307	0.004331
8	70145	4.4794510335	0.005899
8	70458	4.499636979516	0.004384
8	70773	4.519363087306	0.008917
8	71086	4.539428036886	0.005313
8	71399	4.559322950455	0.145311
8	71712	4.579163831678	0.004991
8	72025	4.599298697481	0.004395
8	72338	4.619269355964	0.011643
8	72651	4.638891464614	0.005928
8	72964	4.659036895749	0.005397
8	73277	4.67902693996	0.005414
8	73590	4.699115567611	0.016797
8	73903	4.719053877982	0.017386
8	74212	4.73884477785	0.009308
8	74527	4.758582040845	0.0082
8	74840	4.778485526082	0.008186
8	75153	4.798966203278	0.007699
8	75466	4.818541859992	0.005204
8	75779	4.838472773287	0.005753
8	76092	4.858660421663	0.005221
8	76405	4.878742225266	0.00917
8	76718	4.898898104815	0.005732
8	77031	4.91859678347	0.004954
8	77344	4.938637946697	0.006
8	77657	4.958950581434	0.005355
8	77970	4.978698339172	0.00604
8	78283	4.998719379907	0.004437
9	15658	1.000848479869	1
9	15979	1.021522867293	1
9	16292	1.04169243459	1
9	16605	1.061643692504	1
9	16918	1.081697665107	1
9	17231	1.101961084924	1
9	17544	1.121710626359	1
9	17861	1.141908666558	1
9	18170	1.161763465889	1
9	18479	1.181859337935	1
9	18792	1.201489855437	1
9	19105	1.221427645217	1
9	19418	1.241582859419	1
9	19733	1.261515914159	1
9	20050	1.281793252726	1
9	20367	1.301986287534	2
9	20672	1.321630586384	1
9	20985	1.341400783552	1
9	21298	1.361160697962	1
9	21615	1.381668654063	1
9	21932	1.40205628324	1
9	22245	1.422096345868	1
9	22558	1.442099316646	1
9	22871	1.462293602364	1
9	23180	1.481981699624	1
9	23495	1.501667173978	1
9	23812	1.522284108339	1
9	24125	1.54202664603	1
9	24438	1.562292118062	1
9	24751	1.582230328403	1
9	25060	1.601471766983	1
9	25373	1.621382781608	1
9	25686	1.641436619707	1
9	25999	1.661544926919	1
9	26316	1.681489022583	1
9	26629	1.701293018432	1
9	26938	1.721506950184	1
9	27255	1.74166953481	1
9	27570	1.761803327669	1
9	27883	1.781735271993	1
9	28188	1.801452908824	1
9	28501	1.821143527296	1
9	28814	1.841132135535	1
9	29127	1.860857314152	1
9	29444	1.881273941102	1
9	29765	1.901739452617	1
9	30070	1.921600462509	1
9	30383	1.941327952823	1
9	30696	1.961043045471	1
9	31009	1.981262700798	1
9	31324	2.001371644799	1
9	31637	2.021560238498	1
9	31950	2.041086213941	1
9	32259	2.060765383154	1
9	32576	2.081188216918	1
9	32889	2.101234825255	1
9	33202	2.121519074988	1
9	33519	2.141611035214	1
9	33832	2.161410325528	1
9	34145	2.181981603526	1
9	34462	2.201955117005	1
9	34775	2.222219813982	1
9	35088	2.242196740354	1
9	35411	2.262646557283	1
9	35716	2.282322553311	1
9	36033	2.302300392839	1
9	36346	2.322341206539	1
9	36655	2.341860011825	1
9	36972	2.361873434127	1
9	37281	2.381542658	1
9	37594	2.40176121782	1
9	37907	2.421648307301	1
9	38220	2.441253784499	1
9	38541	2.462045457801	1
9	38850	2.481906716845	1
9	39169	2.502257098384	1
9	39474	2.521700400964	1
9	39787	2.541514694946	1
9	40100	2.561616830075	1
9	40413	2.58134728786	1
9	40726	2.601517309589	1
9	41035	2.621484330053	1
9	41356	2.642094215215	1
9	41669	2.662036647503	1
9	41982	2.681906276326	1
9	42295	2.702185848015	1
9	42612	2.722668786743	1
9	42921	2.742207359536	1
9	43232	2.761713826034	1
9	43549	2.781963993125	1
9	43862	2.802182385451	1
9	44175	2.821763305854	1
9	44488	2.842387094405	1
9	44801	2.862397720736	1
9	45114	2.882343849038	1
9	45427	2.902051603022	1
9	45740	2.922108667048	1
9	46053	2.942094345108	1
9	46366	2.962031286293	1
9	46679	2.981817905545	1
9	46986	3.001212218182	1
9	47299	3.020777940271	1
9	47612	3.040853514571	1
9	47921	3.060732344117	1
9	48238	3.080957482835	1
9	48551	3.100756118179	1
9	48856	3.120494867227	1
9	49169	3.140464007502	1
9	49486	3.160824641144	1
9	49803	3.181286095643	1
9	50112	3.201058072844	1
9	50421	3.220287020958	1
9	50734	3.240444494268	1
9	51049	3.260480011722	1
9	51362	3.280461532856	1
9	51675	3.300585706089	1
9	51988	3.320449206604	1
9	52301	3.340584923969	1
9	52610	3.360073049151	1
9	52927	3.380601640426	1
9	53240	3.400248634195	1
9	53553	3.420159533309	1
9	53866	3.440217240797	1
9	54179	3.46038902561	1
9	54496	3.480580334204	1
9	54811	3.500445788984	1
9	55116	3.519878583898	1
9	55425	3.539695529883	1
9	55738	3.55957609722	1
9	56055	3.579701996381	1
9	56368	3.599741801975	1
9	56681	3.619826123737	1
9	56994	3.639727949084	1
9	57307	3.659716112728	1
9	57620	3.679716713094	1
9	57933	3.699692455116	1
9	58246	3.719749655379	1
9	58559	3.739605514231	1
9	58874	3.759578181171	1
9	59187	3.779425775355	1
9	59496	3.799403973783	1
9	59813	3.819730273521	1
9	60134	3.839926527046	1
9	60439	3.859608381951	1
9	60752	3.879667006848	1
9	61065	3.899960943065	1
9	61386	3.920214041726	1
9	61691	3.939425628556	1
9	62004	3.959619958174	1
9	62317	3.979656833411	1
9	62638	3.999737138212	1
9	62945	4.019709996395	1
9	63258	4.039328189147	1
9	63571	4.059833135605	1
9	63888	4.079996387409	1
9	64197	4.099914754728	1
9	64518	4.120096290027	1
9	64831	4.140511212444	1
9	65144	4.160483235339	1
9	65457	4.18032097707	1
9	65766	4.200198110073	1
9	66079	4.220377141763	1
9	66392	4.240611983185	1
9	66707	4.260379624215	1
9	67020	4.280507825761	1
9	67333	4.300137625254	1
9	67646	4.320034187815	1
9	67951	4.339579610629	1
9	68268	4.359453189818	1
9	68585	4.379617029621	1
9	68898	4.399662735115	1
9	69207	4.419407213106	1
9	69520	4.439236775668	2
9	69833	4.459253660307	1
9	70146	4.4794510335	1
9	70459	4.499636979516	1
9	70774	4.519363087306	1
9	71087	4.539428036886	1
9	71400	4.559322950455	1
9	71713	4.579163831678	1
9	72026	4.599298697481	1
9	72339	4.619269355964	1
9	72652	4.638891464614	1
9	72965	4.659036895749	1
9	73278	4.67902693996	1
9	73591	4.699115567611	1
9	73904	4.719053877982	1
9	74213	4.73884477785	1
9	74528	4.758582040845	1
9	74841	4.778485526082	1
9	75154	4.798966203278	1
9	75467	4.818541859992	1
9	75780	4.838472773287	1
9	76093	4.858660421663	1
9	76406	4.878742225266	1
9	76719	4.898898104815	1
9	77032	4.91859678347	1
9	77345	4.938637946697	1
9	77658	4.958950581434	1
9	77971	4.978698339172	1
9	78284	4.998719379907	1
10	15658	1.000848479869	0
10	15979	1.021522867293	0
10	16292	1.04169243459	0
10	16605	1.061643692504	0
10	16918	1.081697665107	0
10	17231	1.101961084924	0
10	17544	1.121710626359	0
10	17861	1.141908666558	0
10	18170	1.161763465889	0
10	18479	1.181859337935	0
10	18792	1.201489855437	0
10	19105	1.221427645217	0
10	19418	1.241582859419	0
10	19733	1.261515914159	0
10	20050	1.281793252726	0
10	20367	1.301986287534	1
10	20672	1.321630586384	0
10	20985	1.341400783552	0
10	21298	1.361160697962	0
10	21615	1.381668654063	0
10	21932	1.40205628324	0
10	22245	1.422096345868	0
10	22558	1.442099316646	0
10	22871	1.462293602364	0
10	23180	1.481981699624	0
10	23495	1.501667173978	0
10	23812	1.522284108339	0
10	24125	1.54202664603	0
10	24438	1.562292118062	0
10	24751	1.582230328403	0
10	25060	1.601471766983	0
10	25373	1.621382781608	0
10	25686	1.641436619707	0
10	25999	1.661544926919	0
10	26316	1.681489022583	0
10	26629	1.701293018432	0
10	26938	1.721506950184	0
10	27255	1.74166953481	0
10	27570	1.761803327669	1
10	27883	1.781735271993	0
10	28188	1.801452908824	0
10	28501	1.821143527296	0
10	28814	1.841132135535	0
10	29127	1.860857314152	0
10	29444	1.881273941102	0
10	29765	1.901739452617	0
10	30070	1.921600462509	0
10	30383	1.941327952823	0
10	30696	1.961043045471	0
10	31009	1.981262700798	0
10	31324	2.001371644799	0
10	31637	2.021560238498	0
10	31950	2.041086213941	0
10	32259	2.060765383154	0
10	32576	2.081188216918	0
10	32889	2.101234825255	1
10	33202	2.121519074988	0
10	33519	2.141611035214	0
10	33832	2.161410325528	0
10	34145	2.181981603526	0
10	34462	2.201955117005	0
10	34775	2.222219813982	0
10	35088	2.242196740354	0
10	35411	2.262646557283	0
10	35716	2.282322553311	0
10	36033	2.302300392839	0
10	36346	2.322341206539	0
10	36655	2.341860011825	0
10	36972	2.361873434127	0
10	37281	2.381542658	0
10	37594	2.40176121782	0
10	37907	2.421648307301	0
10	38220	2.441253784499	0
10	38541	2.462045457801	0
10	38850	2.481906716845	0
10	39169	2.502257098384	0
10	39474	2.521700400964	0
10	39787	2.541514694946	0
10	40100	2.561616830075	0
10	40413	2.58134728786	0
10	40726	2.601517309589	0
10	41035	2.621484330053	0
10	41356	2.642094215215	0
10	41669	2.662036647503	0
10	41982	2.681906276326	0
10	42295	2.702185848015	0
10	42612	2.722668786743	0
10	42921	2.742207359536	0
10	43232	2.761713826034	0
10	43549	2.781963993125	0
10	43862	2.802182385451	0
10	44175	2.821763305854	0
10	44488	2.842387094405	0
10	44801	2.862397720736	0
10	45114	2.882343849038	0
10	45427	2.902051603022	0
10	45740	2.922108667048	0
10	46053	2.942094345108	0
10	46366	2.962031286293	0
10	46679	2.981817905545	0
10	46986	3.001212218182	0
10	47299	3.020777940271	0
10	47612	3.040853514571	0
10	47921	3.060732344117	0
10	48238	3.080957482835	0
10	48551	3.100756118179	0
10	48856	3.120494867227	0
10	49169	3.140464007502	0
10	49486	3.160824641144	0
10	49803	3.181286095643	0
10	50112	3.201058072844	0
10	50421	3.220287020958	0
10	50734	3.240444494268	0
10	51049	3.260480011722	0
10	51362	3.280461532856	0
10	51675	3.300585706089	0
10	51988	3.320449206604	0
10	52301	3.340584923969	0
10	52610	3.360073049151	0
10	52927	3.380601640426	0
10	53240	3.400248634195	0
10	53553	3.420159533309	0
10	53866	3.440217240797	0
10	54179	3.46038902561	0
10	54496	3.480580334204	0
10	54811	3.500445788984	0
10	55116	3.519878583898	0
10	55425	3.539695529883	0
10	55738	3.55957609722	0
10	56055	3.579701996381	0
10	56368	3.599741801975	0
10	56681	3.619826123737	0
10	56994	3.639727949084	0
10	57307	3.659716112728	0
10	57620	3.679716713094	0
10	57933	3.699692455116	0
10	58246	3.719749655379	0
10	58559	3.739605514231	0
10	58874	3.759578181171	0
10	59187	3.779425775355	0
10	59496	3.799403973783	0
10	59813	3.819730273521	0
10	60134	3.839926527046	0
10	60439	3.859608381951	1
10	60752	3.879667006848	0
10	61065	3.899960943065	0
10	61386	3.920214041726	0
10	61691	3.939425628556	0
10	62004	3.959619958174	0
10	62317	3.979656833411	0
10	62638	3.999737138212	0
10	62945	4.019709996395	0
10	63258	4.039328189147	0
10	63571	4.059833135605	0
10	63888	4.079996387409	0
10	64197	4.099914754728	0
10	64518	4.120096290027	0
10	64831	4.140511212444	0
10	65144	4.160483235339	0
10	65457	4.18032097707	0
10	65766	4.200198110073	0
10	66079	4.220377141763	0
10	66392	4.240611983185	0
10	66707	4.260379624215	0
10	67020	4.280507825761	0
10	67333	4.300137625254	0
10	67646	4.320034187815	0
10	67951	4.339579610629	0
10	68268	4.359453189818	0
10	68585	4.379617029621	0
10	68898	4.399662735115	0
10	69207	4.419407213106	1
10	69520	4.439236775668	1
10	69833	4.459253660307	0
10	70146	4.4794510335	0
10	70459	4.499636979516	0
10	70774	4.519363087306	0
10	71087	4.539428036886	0
10	71400	4.559322950455	0
10	71713	4.579163831678	0
10	72026	4.599298697481	0
10	72339	4.619269355964	0
10	72652	4.638891464614	0
10	72965	4.659036895749	0
10	73278	4.67902693996	0
10	73591	4.699115567611	0
10	73904	4.719053877982	0
10	74213	4.73884477785	0
10	74528	4.758582040845	0
10	74841	4.778485526082	0
10	75154	4.798966203278	0
10	75467	4.818541859992	0
10	75780	4.838472773287	0
10	76093	4.858660421663	0
10	76406	4.878742225266	0
10	76719	4.898898104815	0
10	77032	4.91859678347	0
10	77345	4.938637946697	0
10	77658	4.958950581434	0
10	77971	4.978698339172	0
10	78284	4.998719379907	0
11	15658	1.000848479869	0.0001
11	15979	1.021522867293	9.6e-05
11	16292	1.04169243459	0.000192
11	16605	1.061643692504	9e-05
11	16918	1.081697665107	9.2e-05
11	17231	1.101961084924	0.000103
11	17544	1.121710626359	9.4e-05
11	17861	1.141908666558	0.0001
11	18170	1.161763465889	9.3e-05
11	18479	1.181859337935	8.7e-05
11	18792	1.201489855437	0.000318
11	19105	1.221427645217	0.000319
11	19418	1.241582859419	0.0002
11	19733	1.261515914159	0.000132
11	20050	1.281793252726	9.9e-05
11	20367	1.301986287534	0.00011
11	20672	1.321630586384	0.000179
11	20985	1.341400783552	9.1e-05
11	21298	1.361160697962	9.1e-05
11	21615	1.381668654063	0.000125
11	21932	1.40205628324	8.8e-05
11	22245	1.422096345868	0.000161
11	22558	1.442099316646	0.000101
11	22871	1.462293602364	9.6e-05
11	23180	1.481981699624	0.0001
11	23495	1.501667173978	0.000115
11	23812	1.522284108339	9.8e-05
11	24125	1.54202664603	9.4e-05
11	24438	1.562292118062	0.000218
11	24751	1.582230328403	0.000134
11	25060	1.601471766983	0.000228
11	25373	1.621382781608	0.000115
11	25686	1.641436619707	9.2e-05
11	25999	1.661544926919	9.7e-05
11	26316	1.681489022583	0.000331
11	26629	1.701293018432	0.000121
11	26938	1.721506950184	9.8e-05
11	27255	1.74166953481	9e-05
11	27570	1.761803327669	0.000125
11	27883	1.781735271993	0.000178
11	28188	1.801452908824	0.000109
11	28501	1.821143527296	9.8e-05
11	28814	1.841132135535	0.000109
11	29127	1.860857314152	0.000156
11	29444	1.881273941102	9.2e-05
11	29765	1.901739452617	9.2e-05
11	30070	1.921600462509	9.7e-05
11	30383	1.941327952823	9.6e-05
11	30696	1.961043045471	9.5e-05
11	31009	1.981262700798	9.8e-05
11	31324	2.001371644799	8.9e-05
11	31637	2.021560238498	9.9e-05
11	31950	2.041086213941	0.000367
11	32259	2.060765383154	0.000196
11	32576	2.081188216918	9.6e-05
11	32889	2.101234825255	0.000126
11	33202	2.121519074988	0.000103
11	33519	2.141611035214	0.000123
11	33832	2.161410325528	9.6e-05
11	34145	2.181981603526	9.8e-05
11	34462	2.201955117005	0.000101
11	34775	2.222219813982	0.000101
11	35088	2.242196740354	0.000227
11	35411	2.262646557283	0.000152
11	35716	2.282322553311	9.2e-05
11	36033	2.302300392839	0.000109
11	36346	2.322341206539	0.000136
11	36655	2.341860011825	0.000111
11	36972	2.361873434127	9.1e-05
11	37281	2.381542658	8.7e-05
11	37594	2.40176121782	8.9e-05
11	37907	2.421648307301	9.5e-05
11	38220	2.441253784499	0.000101
11	38541	2.462045457801	9.6e-05
11	38850	2.481906716845	8.9e-05
11	39169	2.502257098384	9.4e-05
11	39474	2.521700400964	8.7e-05
11	39787	2.541514694946	0.000116
11	40100	2.561616830075	0.000109
11	40413	2.58134728786	7.7e-05
11	40726	2.601517309589	0.000168
11	41035	2.621484330053	0.000107
11	41356	2.642094215215	0.000123
11	41669	2.662036647503	9.3e-05
11	41982	2.681906276326	8.8e-05
11	42295	2.702185848015	9.7e-05
11	42612	2.722668786743	0.000107
11	42921	2.742207359536	9.6e-05
11	43232	2.761713826034	0.000139
11	43549	2.781963993125	0.000103
11	43862	2.802182385451	0.000128
11	44175	2.821763305854	0.0001
11	44488	2.842387094405	0.000104
11	44801	2.862397720736	9.8e-05
11	45114	2.882343849038	9.2e-05
11	45427	2.902051603022	0.000101
11	45740	2.922108667048	9.3e-05
11	46053	2.942094345108	0.000108
11	46366	2.962031286293	0.0001
11	46679	2.981817905545	9.5e-05
11	46986	3.001212218182	9.6e-05
11	47299	3.020777940271	9.3e-05
11	47612	3.040853514571	9.5e-05
11	47921	3.060732344117	9.6e-05
11	48238	3.080957482835	0.000394
11	48551	3.100756118179	0.00023
11	48856	3.120494867227	0.000105
11	49169	3.140464007502	9.6e-05
11	49486	3.160824641144	0.000131
11	49803	3.181286095643	0.000116
11	50112	3.201058072844	0.000104
11	50421	3.220287020958	0.000107
11	50734	3.240444494268	0.000133
11	51049	3.260480011722	0.000161
11	51362	3.280461532856	9.6e-05
11	51675	3.300585706089	0.000137
11	51988	3.320449206604	0.000112
11	52301	3.340584923969	9.5e-05
11	52610	3.360073049151	0.000101
11	52927	3.380601640426	9.7e-05
11	53240	3.400248634195	0.000104
11	53553	3.420159533309	0.0001
11	53866	3.440217240797	0.000192
11	54179	3.46038902561	0.000115
11	54496	3.480580334204	0.000103
11	54811	3.500445788984	0.000355
11	55116	3.519878583898	0.000182
11	55425	3.539695529883	0.000111
11	55738	3.55957609722	9.8e-05
11	56055	3.579701996381	9.5e-05
11	56368	3.599741801975	0.000209
11	56681	3.619826123737	0.000136
11	56994	3.639727949084	0.000114
11	57307	3.659716112728	0.000231
11	57620	3.679716713094	0.0001
11	57933	3.699692455116	0.000274
11	58246	3.719749655379	0.000128
11	58559	3.739605514231	0.000109
11	58874	3.759578181171	0.000106
11	59187	3.779425775355	0.000102
11	59496	3.799403973783	0.000154
11	59813	3.819730273521	0.000113
11	60134	3.839926527046	0.000136
11	60439	3.859608381951	0.000136
11	60752	3.879667006848	0.000146
11	61065	3.899960943065	0.00011
11	61386	3.920214041726	9.5e-05
11	61691	3.939425628556	8.6e-05
11	62004	3.959619958174	9.9e-05
11	62317	3.979656833411	0.000267
11	62638	3.999737138212	0.000108
11	62945	4.019709996395	0.000124
11	63258	4.039328189147	9.9e-05
11	63571	4.059833135605	0.000115
11	63888	4.079996387409	0.0001
11	64197	4.099914754728	0.000121
11	64518	4.120096290027	0.000138
11	64831	4.140511212444	0.000133
11	65144	4.160483235339	0.000141
11	65457	4.18032097707	0.000101
11	65766	4.200198110073	9.3e-05
11	66079	4.220377141763	9.2e-05
11	66392	4.240611983185	9.2e-05
11	66707	4.260379624215	0.000122
11	67020	4.280507825761	0.00027
11	67333	4.300137625254	0.000112
11	67646	4.320034187815	0.000107
11	67951	4.339579610629	0.000105
11	68268	4.359453189818	9.7e-05
11	68585	4.379617029621	0.000214
11	68898	4.399662735115	0.000207
11	69207	4.419407213106	0.000181
11	69520	4.439236775668	0.000112
11	69833	4.459253660307	9.6e-05
11	70146	4.4794510335	9.1e-05
11	70459	4.499636979516	9.7e-05
11	70774	4.519363087306	0.000274
11	71087	4.539428036886	0.000103
11	71400	4.559322950455	0.000132
11	71713	4.579163831678	9.6e-05
11	72026	4.599298697481	0.000112
11	72339	4.619269355964	0.000161
11	72652	4.638891464614	0.000104
11	72965	4.659036895749	0.000106
11	73278	4.67902693996	0.000123
11	73591	4.699115567611	0.00037
11	73904	4.719053877982	0.000174
11	74213	4.73884477785	0.000205
11	74528	4.758582040845	0.00016
11	74841	4.778485526082	0.000161
11	75154	4.798966203278	0.000147
11	75467	4.818541859992	0.000101
11	75780	4.838472773287	9.3e-05
11	76093	4.858660421663	0.000112
11	76406	4.878742225266	0.000137
11	76719	4.898898104815	0.000109
11	77032	4.91859678347	8.8e-05
11	77345	4.938637946697	0.000115
11	77658	4.958950581434	9.5e-05
11	77971	4.978698339172	0.00013
11	78284	4.998719379907	9.9e-05
12	15638	1	1
12	19551	1.25	1
12	23461	1.5	2
12	27381	1.75	1
12	31298	2	1
12	35211	2.25	1
12	39132	2.5	1
12	43047	2.75	1
12	46960	3	1
12	50877	3.25	1
12	54797	3.5	1
12	58720	3.75	1
12	62640	4	1
12	66536	4.25	1
12	70468	4.5	2
12	74387	4.75	1
12	78303	5	1
13	15638	1	12
13	19551	1.25	13
13	23461	1.5	12
13	27381	1.75	13
13	31298	2	12
13	35211	2.25	13
13	39132	2.5	12
13	43047	2.75	13
13	46960	3	12
13	50877	3.25	13
13	54797	3.5	12
13	58720	3.75	13
13	62640	4	13
13	66536	4.25	12
13	70468	4.5	13
13	74387	4.75	12
13	78303	5	13
14	15638	1	38.780279467
14	19551	1.25	68.140749065
14	23461	1.5	198.013822466
14	27381	1.75	28.493147816
14	31298	2	38.957049529
14	35211	2.25	27.780287018
14	39132	2.5	98.23887118
14	43047	2.75	47.814248985
14	46960	3	117.656242962
14	50877	3.25	149.244111821
14	54797	3.5	199.414430911
14	58720	3.75	249.554566016
14	62640	4	20.343433589
14	66536	4.25	170.003712591
14	70468	4.5	60.763336332
14	74387	4.75	11.15542715
14	78303	5	141.339690337
15	15639	1	1
15	19552	1.25	1
15	23462	1.5	2
15	27382	1.75	1
15	31299	2	1
15	35212	2.25	1
15	39133	2.5	1
15	43048	2.75	1
15	46961	3	1
15	50878	3.25	1
15	54798	3.5	1
15	58721	3.75	1
15	62641	4	1
15	66537	4.25	1
15	70469	4.5	2
15	74388	4.75	1
15	78304	5	1
16	15639	1	38.780279467
16	19552	1.25	68.140749065
16	23462	1.5	198.013822466
16	27382	1.75	28.493147816
16	31299	2	38.957049529
16	35212	2.25	27.780287018
16	39133	2.5	98.23887118
16	43048	2.75	47.814248985
16	46961	3	117.656242962
16	50878	3.25	149.244111821
16	54798	3.5	199.414430911
16	58721	3.75	249.554566016
16	62641	4	20.343433589
16	66537	4.25	170.003712591
16	70469	4.5	60.763336332
16	74388	4.75	11.15542715
16	78304	5	141.339690337

