version 3
run General-0-20260506-09:46:29-1681
attr configname General
attr datetime 20260506-09:46:29
attr datetimef 20260506-094629
attr experiment General
attr inifile omnetpp.ini
attr iterationvars ""
attr iterationvarsd ""
attr iterationvarsf ""
attr measurement ""
attr network dpcrids.AutomotiveNetwork
attr processid 1681
attr repetition 0
attr replication #0
attr resultdir results
attr runnumber 0
attr seedset 0
config sim-time-limit 5s
config network dpcrids.AutomotiveNetwork
config sim-time-limit 30s
config warmup-period 1s
config repeat 5
config seed-set 0
config *.numSensorECUs 5
config *.numAdasECUs 2
config *.enableDos false
config *.enableFuzzy false
config *.enableSpoof false
config *.sensor[*].sendInterval 2ms
config *.sensor[*].numCanIds 10
config *.sensor[*].payloadLength 8
config *.adas[*].sendInterval 1ms
config *.adas[*].payloadLength 512
config *.gateway.canExpert.onnxModelPath "\"models/can_student.onnx\""
config *.gateway.canExpert.normalizationPath "\"models/can_normalization.json\""
config *.gateway.canExpert.temperature 0.95
config *.gateway.canExpert.windowSize 100
config *.gateway.canExpert.stride 50
config *.gateway.ethExpert.onnxModelPath "\"models/eth_student.onnx\""
config *.gateway.ethExpert.temperature 0.5
config *.gateway.fusion.onnxModelPath "\"models/fusion_student.onnx\""
config *.gateway.fusion.temperature 1.1
config *.gateway.fusion.bucketMs 250
config *.gateway.router.tauLow 0.15
config *.gateway.router.tauHigh 0.85
config *.gateway.router.fallbackUncertaintyLow 0.3
config *.gateway.router.fallbackUncertaintyHigh 0.7
config *.gateway.aggregator.bucketMs 250
config *.gateway.aggregator.failOpen true
config *.alertSink.logFile "\"results/ids_alerts_general.csv\""
config output-vector-file results/General-0.vec
config output-scalar-file results/General-0.sca
config eventlog-file results/General-0.elog

vector 0 AutomotiveNetwork.gateway.canExpert canLogit:vector ETV
attr recordingmode vector
vector 1 AutomotiveNetwork.gateway.canExpert canCalProb:vector ETV
attr recordingmode vector
vector 2 AutomotiveNetwork.gateway.canExpert canInferenceMs:vector ETV
attr recordingmode vector
vector 3 AutomotiveNetwork.gateway.ethExpert ethLogit:vector ETV
attr recordingmode vector
vector 4 AutomotiveNetwork.gateway.ethExpert ethCalProb:vector ETV
attr recordingmode vector
vector 5 AutomotiveNetwork.gateway.ethExpert ethInferenceMs:vector ETV
attr recordingmode vector
vector 6 AutomotiveNetwork.gateway.fusion fusionLogit:vector ETV
attr recordingmode vector
vector 7 AutomotiveNetwork.gateway.fusion fusionCalProb:vector ETV
attr recordingmode vector
vector 8 AutomotiveNetwork.gateway.fusion fusionInferenceMs:vector ETV
attr recordingmode vector
vector 9 AutomotiveNetwork.gateway.router routeDecision:vector ETV
attr recordingmode vector
vector 10 AutomotiveNetwork.gateway.router routePath:vector ETV
attr recordingmode vector
vector 11 AutomotiveNetwork.gateway.router routingLatencyMs:vector ETV
attr recordingmode vector
vector 12 AutomotiveNetwork.gateway.aggregator aggregatedDecision:vector ETV
attr recordingmode vector
vector 13 AutomotiveNetwork.gateway.aggregator bucketSize:vector ETV
attr recordingmode vector
vector 14 AutomotiveNetwork.gateway.aggregator endToEndLatencyMs:vector ETV
attr recordingmode vector
vector 15 AutomotiveNetwork.alertSink alertDecision:vector ETV
attr recordingmode vector
vector 16 AutomotiveNetwork.alertSink alertLatencyMs:vector ETV
attr recordingmode vector
0	15680	1.003197271992	10.271266937256
0	15993	1.023100263836	10.370126724243
0	16298	1.042721761154	10.419383049011
0	16615	1.062884952386	10.365760803223
0	16924	1.082260996098	10.496832847595
0	17237	1.102588164562	10.468636512756
0	17546	1.122275041917	10.401010513306
0	17863	1.142295020725	10.108218193054
0	18176	1.162400936523	10.158076286316
0	18489	1.182504171816	9.6673040390015
0	18798	1.202174840847	9.9357042312622
0	19115	1.222338558455	9.8739290237427
0	19428	1.242395780373	10.384692192078
0	19747	1.262803580099	9.8313474655151
0	20052	1.282234698446	9.852765083313
0	20369	1.302718086716	9.7980041503906
0	20686	1.32313263243	9.7455129623413
0	20999	1.342697422465	9.8493432998657
0	21312	1.362831377991	10.001493453979
0	21625	1.382757967542	10.038468360901
0	21938	1.402899175068	9.8083066940308
0	22251	1.422571315466	10.244951248169
0	22560	1.442466115201	10.408492088318
0	22873	1.462301828551	9.8488931655884
0	23194	1.482980398135	9.6713085174561
0	23505	1.502826796069	9.6093559265137
0	23822	1.523055389309	9.73890209198
0	24135	1.543236518128	9.6327390670776
0	24444	1.562821366523	9.8696660995483
0	24753	1.58274953153	9.9896297454834
0	25066	1.602492342476	10.054996490479
0	25379	1.622618148355	10.204153060913
0	25688	1.642099190035	10.198073387146
0	25997	1.66205696876	9.9431095123291
0	26318	1.682447860147	9.5495386123657
0	26631	1.702362592607	9.5231199264526
0	26944	1.722410440749	9.9920797348022
0	27257	1.742572349234	9.985634803772
0	27572	1.76261208958	9.7941961288452
0	27881	1.782399437946	9.8241710662842
0	28198	1.802628336053	9.8164863586426
0	28511	1.822421427462	9.6810598373413
0	28824	1.842389134724	9.6244201660156
0	29133	1.862297568042	9.8386783599854
0	29450	1.882581717315	9.5324096679688
0	29763	1.902412404425	9.7712087631226
0	30076	1.922654641113	9.7068939208984
0	30389	1.942544240496	9.9741640090942
0	30698	1.962464614347	9.9210433959961
0	31015	1.982521975617	9.7752838134766
0	31330	2.002718269622	10.051013946533
0	31643	2.022436915582	10.022730827332
0	31960	2.043176579342	9.4870710372925
0	32269	2.06302569248	9.4845857620239
0	32582	2.082922005862	9.5800094604492
0	32895	2.103094401554	9.5312423706055
0	33208	2.123045503	9.5006227493286
0	33521	2.143147971431	9.5284423828125
0	33834	2.162987759478	9.7193870544434
0	34147	2.183083372202	9.6765594482422
0	34460	2.203157680199	9.7706117630005
0	34781	2.223440812374	9.4498796463013
0	35094	2.243461995549	9.4575119018555
0	35401	2.26306373479	9.400915145874
0	35714	2.283040160882	9.7776184082031
0	36027	2.30322793022	9.3143653869629
0	36348	2.323613544239	8.9628839492798
0	36661	2.343750821819	9.242805480957
0	36970	2.363308144746	10.00133228302
0	37283	2.38346303163	9.8262157440186
0	37592	2.402911908142	9.8914060592651
0	37901	2.42260748725	10.167371749878
0	38222	2.443148747235	10.071339607239
0	38535	2.462786278666	10.019647598267
0	38840	2.482438626467	10.072195053101
0	39163	2.502839759501	9.7101583480835
0	39468	2.522175266126	9.7923812866211
0	39781	2.542284128	9.9774932861328
0	40094	2.562538419577	9.6774425506592
0	40407	2.582566592056	9.3467712402344
0	40720	2.602787503395	9.2380542755127
0	41041	2.623171192272	8.9395599365234
0	41354	2.643116363639	9.3981266021729
0	41667	2.663221810643	9.2566623687744
0	41972	2.682381596052	9.9997520446777
0	42285	2.702376515784	10.390294075012
0	42602	2.722847933103	10.177327156067
0	42915	2.742933108549	9.7941608428955
0	43234	2.763314202447	9.1992292404175
0	43543	2.782986679014	9.5499219894409
0	43860	2.803292607136	9.9555597305298
0	44173	2.82317965478	9.4708938598633
0	44478	2.842629485033	9.9654359817505
0	44795	2.862762922068	9.9653348922729
0	45104	2.882809310008	9.8272676467896
0	45417	2.902565919275	9.5398397445679
0	45730	2.922421521657	9.4792213439941
0	46047	2.942674801417	9.0878009796143
0	46352	2.96191990743	9.7194881439209
0	46673	2.982563947465	9.3762521743774
0	46988	3.002519215952	9.5773811340332
0	47293	3.021951170618	9.5725803375244
0	47606	3.041873414399	9.86146068573
0	47923	3.062306871684	9.2583913803101
0	48240	3.08239078704	9.1920375823975
0	48549	3.102406557264	9.1368751525879
0	48862	3.12228677325	9.4288778305054
0	49171	3.14216831395	9.5796251296997
0	49484	3.16219752396	9.7805662155151
0	49797	3.182047870885	9.9358186721802
0	50110	3.201859593587	9.6517887115479
0	50423	3.222209191176	9.6150722503662
0	50740	3.242273518116	9.3284893035889
0	51055	3.262294821665	9.5533752441406
0	51368	3.282556445242	9.3278388977051
0	51681	3.302613351423	9.4366664886475
0	51994	3.322722265423	9.8134336471558
0	52307	3.34271286955	9.2491855621338
0	52620	3.36299886996	9.31214427948
0	52937	3.383110432862	9.1411180496216
0	53250	3.403403517955	9.442177772522
0	53571	3.423912856799	9.0829429626465
0	53884	3.443935940102	8.8957185745239
0	54193	3.463224927445	9.5742645263672
0	54498	3.482813781767	9.8439674377441
0	54817	3.502888276369	9.6655864715576
0	55134	3.523352830897	9.2111730575562
0	55451	3.543812819901	8.9982128143311
0	55768	3.563931885501	8.8874521255493
0	56073	3.583708256218	9.4103479385376
0	56386	3.603657343983	9.0989570617676
0	56699	3.623585130484	9.2531442642212
0	57012	3.643305834303	9.4382524490356
0	57325	3.663258532307	9.4518413543701
0	57638	3.683107741614	9.5827236175537
0	57951	3.703116478337	9.303807258606
0	58264	3.722704585656	9.7375240325928
0	58577	3.743033977222	9.4056720733643
0	58892	3.763009509742	9.3896989822388
0	59205	3.783304929012	8.6482677459717
0	59518	3.803059773448	9.4050779342651
0	59823	3.822435470888	9.6757659912109
0	60136	3.842573931619	9.4922199249268
0	60457	3.862914598612	9.3063802719116
0	60770	3.883135198951	8.7657642364502
0	61083	3.90314790883	8.4997100830078
0	61392	3.92301365513	8.8137331008911
0	61705	3.942973633355	8.7977533340454
0	62018	3.962899847085	9.2140998840332
0	62327	3.982543284918	8.996021270752
0	62642	4.002385942935	9.1960115432739
0	62955	4.022439524594	9.1438903808594
0	63268	4.042136265953	9.5074586868286
0	63581	4.062656397571	8.9899921417236
0	63894	4.082863587569	8.6726560592651
0	64211	4.102961966387	9.0382604598999
0	64528	4.123354596754	8.3908357620239
0	64837	4.143187753571	9.0770473480225
0	65154	4.163559859654	8.9386768341064
0	65467	4.183691841423	8.6272840499878
0	65784	4.203899965581	8.7805147171021
0	66097	4.224090957231	8.6825065612793
0	66410	4.244097579714	9.2741785049438
0	66725	4.264192411882	9.0614461898804
0	67038	4.283941080382	9.3156099319458
0	67351	4.303977818082	9.0947761535645
0	67664	4.323952139167	9.2198724746704
0	67977	4.344024477074	8.8646602630615
0	68294	4.364655152715	8.7087144851685
0	68611	4.384871174931	8.9271926879883
0	68928	4.404966793797	8.7498350143433
0	69233	4.424548633107	9.4902076721191
0	69546	4.444417639521	9.2714643478394
0	69867	4.464701935805	8.6509523391724
0	70180	4.484927021157	8.7808322906494
0	70491	4.504802551782	8.9265155792236
0	70808	4.524973348227	8.5691585540771
0	71121	4.544793834327	9.0912313461304
0	71434	4.564944834998	8.7153072357178
0	71747	4.584862014611	9.4592599868774
0	72060	4.60512551076	9.0998630523682
0	72373	4.625359671732	8.9404850006104
0	72686	4.645480272033	8.6318874359131
0	72999	4.665701482754	8.363805770874
0	73312	4.685329917216	8.7080411911011
0	73625	4.705240518462	8.9778842926025
0	73938	4.725015099155	9.1472339630127
0	74251	4.745514024888	8.1276473999023
0	74566	4.765341139209	8.6497211456299
0	74879	4.785402457336	8.7268600463867
0	75192	4.805506301591	8.846417427063
0	75501	4.825047181975	9.0422897338867
0	75810	4.844599911947	9.332836151123
0	76123	4.864797427792	9.1150684356689
0	76436	4.884541091496	9.4223728179932
0	76749	4.90459017513	9.1353540420532
0	77062	4.924904519676	8.5987720489502
0	77379	4.945025750476	8.2941589355469
0	77692	4.96514157337	8.5351076126099
0	78009	4.985524403148	8.2132110595703
1	15680	1.003197271992	0.99997984141071
1	15993	1.023100263836	0.99998183367648
1	16298	1.042721761154	0.99998275156044
1	16615	1.062884952386	0.99998174999879
1	16924	1.082260996098	0.9999841019426
1	17237	1.102588164562	0.99998362301822
1	17546	1.122275041917	0.99998241474348
1	17863	1.142295020725	0.9999760670314
1	18176	1.162400936523	0.99997729066739
1	18489	1.182504171816	0.999961932421
1	18798	1.202174840847	0.99997130147218
1	19115	1.222338558455	0.99996937335345
1	19428	1.242395780373	0.99998211007458
1	19747	1.262803580099	0.99996796939919
1	20052	1.282234698446	0.99996868342299
1	20369	1.302718086716	0.999966825258
1	20686	1.32313263243	0.99996494070395
1	20999	1.342697422465	0.99996857042469
1	21312	1.362831377991	0.99997322159088
1	21625	1.382757967542	0.99997424378389
1	21938	1.402899175068	0.99996718307533
1	22251	1.422571315466	0.99997927520884
1	22560	1.442466115201	0.99998255268708
1	22873	1.462301828551	0.99996855552949
1	23194	1.482980398135	0.99996209254121
1	23505	1.502826796069	0.99995953818889
1	23822	1.523055389309	0.99996469589074
1	24135	1.543236518128	0.99996052191352
1	24444	1.562821366523	0.99996923561828
1	24753	1.58274953153	0.99997288509137
1	25066	1.602492342476	0.99997468800451
1	25379	1.622618148355	0.99997836580477
1	25688	1.642099190035	0.99997822691241
1	25997	1.66205696876	0.99997152430216
1	26318	1.682447860147	0.99995690868115
1	26631	1.702362592607	0.9999556935845
1	26944	1.722410440749	0.99997295492701
1	27257	1.742572349234	0.99997277083074
1	27572	1.76261208958	0.99996669201647
1	27881	1.782399437946	0.99996772652832
1	28198	1.802628336053	0.99996746441262
1	28511	1.822421427462	0.99996247963942
1	28824	1.842389134724	0.99996017471006
1	29133	1.862297568042	0.99996821561167
1	29450	1.882581717315	0.99995612471218
1	29763	1.902412404425	0.99996587625333
1	30076	1.922654641113	0.99996348617453
1	30389	1.942544240496	0.99997244006774
1	30698	1.962464614347	0.99997085516127
1	31015	1.982521975617	0.9999660223096
1	31330	2.002718269622	0.99997458167276
1	31643	2.022436915582	0.9999738135685
1	31960	2.043176579342	0.99995398009725
1	32269	2.06302569248	0.99995385955348
1	32582	2.082922005862	0.9999582688296
1	32895	2.103094401554	0.99995607077035
1	33208	2.123045503	0.99995463187966
1	33521	2.143147971431	0.99995594111002
1	33834	2.162987759478	0.99996396319494
1	34147	2.183083372202	0.99996230148107
1	34460	2.203157680199	0.99996585480324
1	34781	2.223440812374	0.9999521428292
1	35094	2.243461995549	0.99995252575296
1	35401	2.26306373479	0.99994961164913
1	35714	2.283040160882	0.99996610570335
1	36027	2.30322793022	0.9999448056707
1	36348	2.323613544239	0.99992009679472
1	36661	2.343750821819	0.9999404877534
1	36970	2.363308144746	0.99997321704756
1	37283	2.38346303163	0.99996779591333
1	37592	2.402911908142	0.99996993162031
1	37901	2.42260748725	0.99997751178283
1	38222	2.443148747235	0.99997511971894
1	38535	2.462786278666	0.99997372844449
1	38840	2.482438626467	0.99997514211223
1	39163	2.502839759501	0.99996361142488
1	39468	2.522175266126	0.99996662832753
1	39781	2.542284128	0.9999725364799
1	40094	2.562538419577	0.99996233650732
1	40407	2.582566592056	0.99994665657943
1	40720	2.602787503395	0.99994018938897
1	41041	2.623171192272	0.99991811092607
1	41354	2.643116363639	0.99994946353394
1	41667	2.663221810643	0.99994134946009
1	41972	2.682381596052	0.99997317246069
1	42285	2.702376515784	0.99998221525415
1	42602	2.722847933103	0.99997774620958
1	42915	2.742933108549	0.99996669077933
1	43234	2.763314202447	0.99993769454076
1	43543	2.782986679014	0.9999569260666
1	43860	2.803292607136	0.99997189504503
1	44173	2.82317965478	0.99995318976906
1	44478	2.842629485033	0.99997218570406
1	44795	2.862762922068	0.99997218274427
1	45104	2.882809310008	0.99996783155094
1	45417	2.902565919275	0.99995646651334
1	45730	2.922421521657	0.99995359828477
1	46047	2.942674801417	0.99992994124813
1	46352	2.96191990743	0.99996396702927
1	46673	2.982563947465	0.99994828645641
1	46988	3.002519215952	0.99995815321864
1	47293	3.021951170618	0.99995794122087
1	47606	3.041873414399	0.99996896875519
1	47923	3.062306871684	0.99994145610146
1	48240	3.08239078704	0.999937221118
1	48549	3.102406557264	0.99993346815499
1	48862	3.12228677325	0.9999510731135
1	49171	3.14216831395	0.99995825194418
1	49484	3.16219752396	0.99996621070928
1	49797	3.182047870885	0.99997130492901
1	50110	3.201859593587	0.9999613056238
1	50423	3.222209191176	0.99995978091423
1	50740	3.242273518116	0.99994562014614
1	51055	3.262294821665	0.99995708234963
1	51368	3.282556445242	0.99994558290492
1	51681	3.302613351423	0.99995147258561
1	51994	3.322722265423	0.99996735969866
1	52307	3.34271286955	0.99994088606756
1	52620	3.36299886996	0.9999446764821
1	52937	3.383110432862	0.9999337646178
1	53250	3.403403517955	0.99995175328162
1	53571	3.423912856799	0.99992958209626
1	53884	3.443935940102	0.999914243618
1	54193	3.463224927445	0.99995801571477
1	54498	3.482813781767	0.9999683920724
1	54817	3.502888276369	0.9999618635365
1	55134	3.523352830897	0.99993847292084
1	55451	3.543812819901	0.99992301345964
1	55768	3.563931885501	0.99991349421549
1	56073	3.583708256218	0.99995010946741
1	56386	3.603657343983	0.99993075909671
1	56699	3.623585130484	0.99994113187157
1	57012	3.643305834303	0.99995155352732
1	57325	3.663258532307	0.99995224154547
1	57638	3.683107741614	0.99995838788076
1	57951	3.703116478337	0.99994418886394
1	58264	3.722704585656	0.99996464464364
1	58577	3.743033977222	0.99994986331506
1	58892	3.763009509742	0.99994901324442
1	59205	3.783304929012	0.99988873001457
1	59518	3.803059773448	0.99994983195087
1	59823	3.822435470888	0.99996226998263
1	60136	3.842573931619	0.99995422883359
1	60457	3.862914598612	0.99994433981186
1	60770	3.883135198951	0.99990167365691
1	61083	3.90314790883	0.99986989820241
1	61392	3.92301365513	0.99990651478663
1	61705	3.942973633355	0.99990492914085
1	62018	3.962899847085	0.99993866217446
1	62327	3.982543284918	0.99992283566903
1	62642	4.002385942935	0.99993748316451
1	62955	4.022439524594	0.99993395761426
1	63268	4.042136265953	0.99995495714973
1	63581	4.062656397571	0.99992234443021
1	63894	4.082863587569	0.99989154986733
1	64211	4.102961966387	0.99992619117034
1	64528	4.123354596754	0.99985410226184
1	64837	4.143187753571	0.99992914376132
1	65154	4.163559859654	0.99991803477436
1	65467	4.183691841423	0.99988624521019
1	65784	4.203899965581	0.99990318841459
1	66097	4.224090957231	0.99989266845129
1	66410	4.244097579714	0.99994242089082
1	66725	4.264192411882	0.99992797061825
1	67038	4.283941080382	0.99994487792656
1	67351	4.303977818082	0.99993045372026
1	67664	4.323952139167	0.99993903373557
1	67977	4.344024477074	0.99991139390758
1	68294	4.364655152715	0.99989558866294
1	68611	4.384871174931	0.99991703800115
1	68928	4.404966793797	0.99990001122622
1	69233	4.424548633107	0.9999541317846
1	69546	4.444417639521	0.99994225616117
1	69867	4.464701935805	0.99988904397234
1	70180	4.484927021157	0.999903220769
1	70491	4.504802551782	0.99991697885414
1	70808	4.524973348227	0.99987906868736
1	71121	4.544793834327	0.99993019375031
1	71434	4.564944834998	0.99989631066692
1	71747	4.584862014611	0.99995261302536
1	72060	4.60512551076	0.99993082509394
1	72373	4.625359671732	0.99991819062037
1	72686	4.645480272033	0.99988679503269
1	72999	4.665701482754	0.9998498921007
1	73312	4.685329917216	0.99989551464494
1	73625	4.705240518462	0.99992134844623
1	73938	4.725015099155	0.99993418963058
1	74251	4.745514024888	0.99980753780178
1	74566	4.765341139209	0.99988890009685
1	74879	4.785402457336	0.99989756385317
1	75192	4.805506301591	0.99990967611924
1	75501	4.825047181975	0.99992650353286
1	75810	4.844599911947	0.99994586838635
1	76123	4.864797427792	0.99993192339608
1	76436	4.884541091496	0.99995073695937
1	76749	4.90459017513	0.99993336154804
1	77062	4.924904519676	0.99988277978655
1	77379	4.945025750476	0.99983847573092
1	77692	4.96514157337	0.99987465606945
1	78009	4.985524403148	0.99982411166591
2	15680	1.003197271992	0.134254
2	15993	1.023100263836	0.107231
2	16298	1.042721761154	0.089807
2	16615	1.062884952386	0.089827
2	16924	1.082260996098	0.09012
2	17237	1.102588164562	0.102869
2	17546	1.122275041917	0.088388
2	17863	1.142295020725	0.087661
2	18176	1.162400936523	0.087953
2	18489	1.182504171816	0.099476
2	18798	1.202174840847	0.100915
2	19115	1.222338558455	0.090024
2	19428	1.242395780373	0.089151
2	19747	1.262803580099	0.09477
2	20052	1.282234698446	0.091266
2	20369	1.302718086716	0.087823
2	20686	1.32313263243	0.087577
2	20999	1.342697422465	0.089129
2	21312	1.362831377991	0.235942
2	21625	1.382757967542	0.145764
2	21938	1.402899175068	0.088086
2	22251	1.422571315466	0.094148
2	22560	1.442466115201	0.086325
2	22873	1.462301828551	0.13409
2	23194	1.482980398135	0.089829
2	23505	1.502826796069	0.116814
2	23822	1.523055389309	0.107023
2	24135	1.543236518128	0.100895
2	24444	1.562821366523	0.086974
2	24753	1.58274953153	0.087233
2	25066	1.602492342476	0.105619
2	25379	1.622618148355	0.089585
2	25688	1.642099190035	0.087964
2	25997	1.66205696876	0.092711
2	26318	1.682447860147	0.089369
2	26631	1.702362592607	0.086784
2	26944	1.722410440749	0.087385
2	27257	1.742572349234	0.088546
2	27572	1.76261208958	0.094749
2	27881	1.782399437946	0.092521
2	28198	1.802628336053	0.102567
2	28511	1.822421427462	0.088417
2	28824	1.842389134724	0.090066
2	29133	1.862297568042	0.087919
2	29450	1.882581717315	0.086888
2	29763	1.902412404425	0.093012
2	30076	1.922654641113	0.088689
2	30389	1.942544240496	0.120195
2	30698	1.962464614347	0.138826
2	31015	1.982521975617	0.107377
2	31330	2.002718269622	0.091863
2	31643	2.022436915582	0.161128
2	31960	2.043176579342	0.130215
2	32269	2.06302569248	0.089614
2	32582	2.082922005862	0.089049
2	32895	2.103094401554	0.407017
2	33208	2.123045503	0.105374
2	33521	2.143147971431	0.089916
2	33834	2.162987759478	0.093552
2	34147	2.183083372202	0.091097
2	34460	2.203157680199	0.100283
2	34781	2.223440812374	0.094508
2	35094	2.243461995549	0.09773
2	35401	2.26306373479	0.099134
2	35714	2.283040160882	0.108268
2	36027	2.30322793022	0.095337
2	36348	2.323613544239	0.092425
2	36661	2.343750821819	0.101612
2	36970	2.363308144746	0.088581
2	37283	2.38346303163	0.087292
2	37592	2.402911908142	0.09591
2	37901	2.42260748725	0.091455
2	38222	2.443148747235	0.09119
2	38535	2.462786278666	0.087372
2	38840	2.482438626467	0.086584
2	39163	2.502839759501	0.095916
2	39468	2.522175266126	0.091442
2	39781	2.542284128	0.088684
2	40094	2.562538419577	0.087528
2	40407	2.582566592056	0.087753
2	40720	2.602787503395	0.087279
2	41041	2.623171192272	0.092585
2	41354	2.643116363639	0.088143
2	41667	2.663221810643	0.086323
2	41972	2.682381596052	0.085937
2	42285	2.702376515784	0.086226
2	42602	2.722847933103	0.100712
2	42915	2.742933108549	0.091859
2	43234	2.763314202447	0.088756
2	43543	2.782986679014	0.095075
2	43860	2.803292607136	0.090993
2	44173	2.82317965478	0.086026
2	44478	2.842629485033	0.086832
2	44795	2.862762922068	0.086365
2	45104	2.882809310008	0.25376
2	45417	2.902565919275	0.101855
2	45730	2.922421521657	0.090595
2	46047	2.942674801417	0.088906
2	46352	2.96191990743	0.089474
2	46673	2.982563947465	0.087805
2	46988	3.002519215952	0.091644
2	47293	3.021951170618	0.088475
2	47606	3.041873414399	0.100361
2	47923	3.062306871684	0.106805
2	48240	3.08239078704	0.091339
2	48549	3.102406557264	0.088405
2	48862	3.12228677325	0.090413
2	49171	3.14216831395	0.089368
2	49484	3.16219752396	0.089808
2	49797	3.182047870885	0.087142
2	50110	3.201859593587	0.087416
2	50423	3.222209191176	0.096247
2	50740	3.242273518116	0.089533
2	51055	3.262294821665	0.094746
2	51368	3.282556445242	0.08718
2	51681	3.302613351423	0.102717
2	51994	3.322722265423	0.087373
2	52307	3.34271286955	0.086315
2	52620	3.36299886996	0.085933
2	52937	3.383110432862	0.087568
2	53250	3.403403517955	0.096367
2	53571	3.423912856799	0.088704
2	53884	3.443935940102	0.086872
2	54193	3.463224927445	0.087054
2	54498	3.482813781767	0.087875
2	54817	3.502888276369	0.094463
2	55134	3.523352830897	0.087638
2	55451	3.543812819901	0.087336
2	55768	3.563931885501	0.089476
2	56073	3.583708256218	0.087283
2	56386	3.603657343983	0.101132
2	56699	3.623585130484	0.100094
2	57012	3.643305834303	0.088536
2	57325	3.663258532307	0.088497
2	57638	3.683107741614	0.095572
2	57951	3.703116478337	0.120207
2	58264	3.722704585656	0.092868
2	58577	3.743033977222	0.089518
2	58892	3.763009509742	0.106534
2	59205	3.783304929012	0.090256
2	59518	3.803059773448	0.087997
2	59823	3.822435470888	0.091326
2	60136	3.842573931619	0.088898
2	60457	3.862914598612	0.090864
2	60770	3.883135198951	0.088178
2	61083	3.90314790883	0.088005
2	61392	3.92301365513	0.089758
2	61705	3.942973633355	0.093042
2	62018	3.962899847085	0.09238
2	62327	3.982543284918	0.088252
2	62642	4.002385942935	0.094442
2	62955	4.022439524594	0.089374
2	63268	4.042136265953	0.103547
2	63581	4.062656397571	0.091585
2	63894	4.082863587569	0.089103
2	64211	4.102961966387	0.087638
2	64528	4.123354596754	0.131242
2	64837	4.143187753571	0.100809
2	65154	4.163559859654	0.088772
2	65467	4.183691841423	0.088291
2	65784	4.203899965581	0.088121
2	66097	4.224090957231	0.105153
2	66410	4.244097579714	0.094094
2	66725	4.264192411882	0.092995
2	67038	4.283941080382	0.089023
2	67351	4.303977818082	0.097451
2	67664	4.323952139167	0.089798
2	67977	4.344024477074	0.092817
2	68294	4.364655152715	0.090024
2	68611	4.384871174931	0.093085
2	68928	4.404966793797	0.10397
2	69233	4.424548633107	0.090082
2	69546	4.444417639521	0.089293
2	69867	4.464701935805	0.089655
2	70180	4.484927021157	0.09083
2	70491	4.504802551782	0.110158
2	70808	4.524973348227	0.088938
2	71121	4.544793834327	0.088746
2	71434	4.564944834998	0.091043
2	71747	4.584862014611	0.099537
2	72060	4.60512551076	0.08974
2	72373	4.625359671732	0.088122
2	72686	4.645480272033	0.083199
2	72999	4.665701482754	0.09847
2	73312	4.685329917216	0.090792
2	73625	4.705240518462	0.087466
2	73938	4.725015099155	0.08813
2	74251	4.745514024888	0.088296
2	74566	4.765341139209	0.102173
2	74879	4.785402457336	0.096551
2	75192	4.805506301591	0.089118
2	75501	4.825047181975	0.113894
2	75810	4.844599911947	0.101037
2	76123	4.864797427792	0.089654
2	76436	4.884541091496	0.091502
2	76749	4.90459017513	0.085297
2	77062	4.924904519676	0.094714
2	77379	4.945025750476	0.100059
2	77692	4.96514157337	0.088731
2	78009	4.985524403148	0.091275
3	15641	1.000444026651	-5.479377746582
3	15645	1.000726828724	-7.3141417503357
3	15655	1.001465320605	-4.270435333252
3	15662	1.00176021378	-8.8732986450195
3	15672	1.002497555887	-4.8995518684387
3	15676	1.002782608517	-6.9398231506348
3	15689	1.003500313137	-4.8509092330933
3	15696	1.003801927895	-6.3645601272583
3	15706	1.004548131313	-4.9879584312439
3	15710	1.004753394101	-5.5057435035706
3	15720	1.005588823268	-4.1886048316956
3	15727	1.005731272481	-6.6261706352234
3	15737	1.006623261643	-6.9577302932739
3	15741	1.006721475457	-7.8939366340637
3	15751	1.007595822072	-4.9260234832764
3	15755	1.007739443523	-6.4102282524109
3	15768	1.008578061559	-7.2091517448425
3	15772	1.008729971328	-6.9650120735168
3	15782	1.009551716284	-5.9776978492737
3	15792	1.009779936821	-8.1210336685181
3	15799	1.010558637816	-3.4003460407257
3	15803	1.010790283442	-6.6306462287903
3	15813	1.011580716182	-5.4125618934631
3	15817	1.011762655087	-5.317361831665
3	15830	1.01254714357	-7.2311644554138
3	15834	1.012809192031	-6.6085848808289
3	15844	1.013563830623	-6.0661549568176
3	15854	1.013809582808	-4.6300106048584
3	15861	1.014577133032	-3.1893930435181
3	15865	1.014783264602	-5.6524562835693
3	15881	1.015619903366	-7.5169043540955
3	15888	1.015807143619	-5.3327651023865
3	15892	1.016647496672	-7.7902302742004
3	15896	1.016820081959	-6.5448842048645
3	15912	1.017658420923	-4.8809728622437
3	15919	1.017809444936	-7.2221484184265
3	15923	1.018641412645	-4.5400452613831
3	15927	1.018806397626	-5.6277875900269
3	15943	1.019620156104	-6.1645398139954
3	15947	1.0198038535	-5.840003490448
3	15954	1.020647880285	-6.6712951660156
3	15958	1.020798694843	-5.1652708053589
3	15974	1.021663459181	-4.003086566925
3	15981	1.021839826804	-4.3125972747803
3	15985	1.022711368405	-2.8252265453339
3	15989	1.022874321621	-5.4740686416626
3	16008	1.023698861623	-5.3523879051208
3	16015	1.023913509676	-4.4910759925842
3	16019	1.024687606127	-4.0276103019714
3	16023	1.024962621473	-6.0257129669189
3	16039	1.025727845305	-6.6933507919312
3	16046	1.025956332646	-4.0950999259949
3	16050	1.026703951337	-3.5620975494385
3	16054	1.026919440877	-5.3611693382263
3	16070	1.027689673383	-5.3215909004211
3	16074	1.02793547545	-6.5343437194824
3	16081	1.028734056585	-8.8158111572266
3	16085	1.028933651251	-5.5263900756836
3	16101	1.029695537468	-11.419838905334
3	16105	1.029883939747	-5.2695813179016
3	16112	1.03066414199	-4.0102014541626
3	16116	1.030891563248	-5.3072128295898
3	16129	1.031691791588	-6.0312385559082
3	16139	1.031933241468	-7.031286239624
3	16143	1.032688191487	-5.7772817611694
3	16147	1.032928388018	-7.4233002662659
3	16160	1.033725983213	-5.7667751312256
3	16167	1.033896199508	-5.69602394104
3	16174	1.034736803145	-5.9465718269348
3	16178	1.034872906162	-5.1828899383545
3	16191	1.035737036989	-3.7084898948669
3	16198	1.035895820781	-6.0292615890503
3	16205	1.036757851128	-3.5315561294556
3	16209	1.036942317164	-4.1289987564087
3	16225	1.037733948257	-3.1248934268951
3	16229	1.037919650258	-4.7742118835449
3	16236	1.038775225422	-2.8785614967346
3	16240	1.038871657656	-3.0858998298645
3	16256	1.039797909721	-7.1844029426575
3	16260	1.039864299636	-6.03546667099
3	16267	1.040759368216	-4.0094180107117
3	16271	1.040833293822	-5.0955276489258
3	16284	1.041765274744	-4.7285280227661
3	16291	1.041850787475	-6.3599586486816
3	16304	1.042768907561	-4.136625289917
3	16308	1.042858722331	-8.6205673217773
3	16321	1.043763226508	-5.4851956367493
3	16325	1.04382033214	-7.8090481758118
3	16335	1.044764223729	-5.1564040184021
3	16339	1.044851767271	-7.3246088027954
3	16352	1.045790558408	-5.1766076087952
3	16356	1.045827704976	-3.8809635639191
3	16366	1.046787129404	-5.4679250717163
3	16370	1.046836028188	-6.0140600204468
3	16383	1.047767150237	-5.6397857666016
3	16387	1.047799629879	-5.47216796875
3	16397	1.048759499972	-7.1679739952087
3	16401	1.048771566963	-5.4936919212341
3	16414	1.049781511983	-3.3507225513458
3	16418	1.04981618646	-4.782778263092
3	16428	1.050829305855	-7.0708465576172
3	16432	1.05083065131	-6.9504017829895
3	16448	1.051792107645	-7.5658841133118
3	16452	1.051839658963	-4.255660533905
3	16459	1.052815134613	-3.0872604846954
3	16463	1.052864802952	-5.2141156196594
3	16479	1.053825062663	-5.4557762145996
3	16483	1.053889951475	-8.4685754776001
3	16490	1.054870296669	-4.4208297729492
3	16494	1.054878487123	-9.3708457946777
3	16510	1.055884826465	-4.3724961280823
3	16514	1.05590930709	-3.6742255687714
3	16521	1.056921642284	-6.6931538581848
3	16525	1.056932327787	-4.1485595703125
3	16541	1.057886809747	-2.8522918224335
3	16545	1.057899992302	-6.0490322113037
3	16552	1.058851265869	-5.6870045661926
3	16556	1.058932549094	-7.7763414382935
3	16572	1.059801492542	-5.2959017753601
3	16576	1.059938840974	-4.5074200630188
3	16580	1.060784683893	-5.9810247421265
3	16587	1.060972628903	-2.9486680030823
3	16600	1.061765345752	-6.1025238037109
3	16607	1.061995959167	-7.9780502319336
3	16611	1.06273663406	-5.7136421203613
3	16621	1.063028011115	-6.6222448348999
3	16634	1.063698891386	-9.0558853149414
3	16641	1.064018910414	-5.056164264679
3	16645	1.064736706535	-5.1806607246399
3	16652	1.064991794924	-6.3542823791504
3	16668	1.065748324345	-4.7576603889465
3	16672	1.065986249696	-6.055070400238
3	16679	1.066765383291	-6.4514436721802
3	16683	1.067028541562	-4.4342484474182
3	16699	1.067774374045	-4.3084630966187
3	16703	1.068015288375	-8.0515260696411
3	16710	1.068792430869	-7.5013732910156
3	16714	1.069024330394	-4.1996111869812
3	16730	1.069776410005	-6.6541414260864
3	16734	1.069998813396	-5.8382124900818
3	16741	1.070740444531	-6.3089423179626
3	16745	1.071011888385	-8.304838180542
3	16758	1.071724013037	-5.461925983429
3	16765	1.072010843782	-11.115973472595
3	16772	1.072757586884	-5.6422963142395
3	16779	1.073044907862	-6.1323518753052
3	16789	1.073801084872	-7.4675025939941
3	16796	1.074055639215	-5.3745136260986
3	16803	1.074810666893	-8.5619211196899
3	16807	1.075037408863	-4.5657286643982
3	16823	1.075788651652	-4.6771392822266
3	16827	1.076049134907	-8.235520362854
3	16834	1.076788866685	-6.9506120681763
3	16838	1.07702060747	-7.0609941482544
3	16854	1.077809663631	-4.3998141288757
3	16858	1.078032263473	-8.7310199737549
3	16865	1.078846873449	-7.2895088195801
3	16869	1.079015542577	-5.5878896713257
3	16885	1.079869081302	-3.4922916889191
3	16889	1.080044380272	-4.1935472488403
3	16896	1.080837864504	-10.039442062378
3	16903	1.081053498159	-6.6804347038269
3	16916	1.081850909461	-5.7504596710205
3	16920	1.082045494505	-4.6103382110596
3	16930	1.082900284082	-3.6968023777008
3	16934	1.083009693146	-3.7887282371521
3	16950	1.08391037788	-5.537971496582
3	16954	1.083984035433	-5.3795199394226
3	16961	1.084923465421	-7.798436164856
3	16965	1.084959782587	-4.2450642585754
3	16981	1.085928090689	-5.2499008178711
3	16985	1.085984673367	-7.7915062904358
3	16992	1.086887237355	-6.0180072784424
3	16996	1.087034163712	-7.33420753479
3	17012	1.087840893626	-3.7548499107361
3	17016	1.088025426548	-5.4430131912231
3	17023	1.088858615981	-3.6694509983063
3	17027	1.088979482059	-5.5981230735779
3	17043	1.089809256574	-6.0369095802307
3	17047	1.089958495358	-6.0239863395691
3	17054	1.09080639517	-7.0173797607422
3	17058	1.090942739695	-5.6984052658081
3	17074	1.091828361066	-5.5273170471191
3	17078	1.091912819907	-8.0251779556274
3	17085	1.092855578046	-4.307879447937
3	17089	1.092893755837	-7.0354633331299
3	17105	1.09382321055	-7.9983811378479
3	17109	1.093919155562	-4.0120873451233
3	17116	1.094778969332	-9.2959060668945
3	17120	1.094916518102	-4.4589424133301
3	17136	1.095734716649	-5.6160101890564
3	17140	1.095929297742	-3.8176028728485
3	17147	1.09673951266	-5.3863391876221
3	17151	1.096952840664	-4.8603663444519
3	17164	1.097732966462	-5.3618569374084
3	17171	1.097997443953	-8.731897354126
3	17178	1.098682995306	-7.0605039596558
3	17185	1.09902551275	-7.6225075721741
3	17198	1.09972500914	-6.1626434326172
3	17202	1.100028099536	-3.6471197605133
3	17209	1.100762857005	-5.6844072341919
3	17216	1.101061159163	-4.6778779029846
3	17226	1.101734218901	-3.1746742725372
3	17233	1.102072570696	-4.3403687477112
3	17243	1.102777840302	-3.9039504528046
3	17253	1.103119285341	-10.405959129333
3	17260	1.103822531783	-4.6891732215881
3	17267	1.104123158319	-6.5875239372253
3	17277	1.104778865966	-6.7614531517029
3	17284	1.10514025474	-8.0351037979126
3	17291	1.105808517046	-5.0894260406494
3	17298	1.106166721495	-4.849760055542
3	17308	1.106831772872	-6.7860398292542
3	17315	1.107147563821	-3.4593913555145
3	17325	1.107861603706	-6.6841487884521
3	17329	1.108127037265	-7.7442660331726
3	17342	1.108839227464	-6.5431632995605
3	17346	1.109149916738	-3.9353928565979
3	17356	1.109856863712	-6.4947891235352
3	17360	1.110172480325	-5.3619794845581
3	17373	1.110862116267	-4.2606530189514
3	17377	1.111203025609	-5.3918509483337
3	17384	1.111829686051	-5.9100475311279
3	17394	1.112243285635	-6.4807472229004
3	17404	1.11283466797	-4.5409426689148
3	17408	1.113293170866	-4.3528590202332
3	17415	1.113843834628	-5.8820805549622
3	17425	1.114295730036	-3.165408372879
3	17435	1.114872094852	-4.3809204101562
3	17439	1.115307950056	-6.7378973960876
3	17446	1.115843281121	-4.56995677948
3	17456	1.116357738922	-5.0290279388428
3	17463	1.11686559547	-4.1333913803101
3	17470	1.117364935283	-5.6740617752075
3	17477	1.11783286547	-4.716160774231
3	17487	1.118376459922	-7.7224092483521
3	17491	1.118824047639	-5.0022568702698
3	17501	1.119347901566	-5.5030193328857
3	17505	1.119777584179	-6.6279392242432
3	17518	1.120333843026	-6.3233242034912
3	17522	1.120810899553	-6.3977742195129
3	17532	1.121284793093	-7.3068594932556
3	17539	1.121800049625	-6.272696018219
3	17552	1.122282922463	-7.0783400535583
3	17559	1.122800300823	-7.1433620452881
3	17566	1.123257355177	-3.3511340618134
3	17570	1.123767066147	-5.1940107345581
3	17580	1.124238173707	-5.4160308837891
3	17590	1.124745517036	-6.3490180969238
3	17597	1.125247763825	-4.8637957572937
3	17601	1.125770823249	-5.7306122779846
3	17611	1.126241584276	-5.8437614440918
3	17621	1.126803259977	-6.8735613822937
3	17628	1.127282040053	-3.745374917984
3	17632	1.127815892186	-6.4016308784485
3	17645	1.12824832035	-4.8171892166138
3	17652	1.128861515729	-4.2028865814209
3	17659	1.129204335069	-4.6235094070435
3	17666	1.129892674099	-5.1236338615417
3	17673	1.130155772651	-3.2149024009705
3	17683	1.13085539441	-5.0472230911255
3	17690	1.131139060816	-6.244430065155
3	17697	1.131812584303	-5.5426692962646
3	17704	1.132103325613	-6.4592781066895
3	17717	1.132769387999	-5.1983885765076
3	17721	1.133102407136	-6.7208080291748
3	17725	1.133765143013	-5.4101452827454
3	17735	1.134143082828	-2.3115200996399
3	17745	1.134769193949	-8.310076713562
3	17752	1.135129761946	-6.7694048881531
3	17756	1.135737287977	-9.6816110610962
3	17766	1.136147478346	-7.0730676651001
3	17779	1.136754896254	-5.7394709587097
3	17783	1.137142017573	-5.5315160751343
3	17787	1.137737665719	-5.4730830192566
3	17797	1.13813428782	-4.3147163391113
3	17810	1.138781890293	-4.7667536735535
3	17814	1.139145103004	-10.152311325073
3	17818	1.139786531767	-3.6966869831085
3	17825	1.140095914271	-7.1962828636169
3	17838	1.14074142202	-6.230863571167
3	17845	1.141093005175	-5.1809892654419
3	17849	1.141727676513	-7.9290294647217
3	17859	1.142081572643	-4.7461428642273
3	17872	1.142760724905	-7.5735116004944
3	17879	1.143080570304	-5.2208480834961
3	17883	1.143714616442	-7.1490511894226
3	17890	1.14412194104	-6.1522746086121
3	17903	1.14473716223	-3.9933099746704
3	17907	1.145116244189	-4.8524837493896
3	17917	1.145707188452	-4.6533718109131
3	17924	1.146121394571	-8.8594551086426
3	17931	1.146664275518	-4.2118325233459
3	17941	1.14711577272	-4.9970827102661
3	17945	1.147678671033	-5.1533546447754
3	17952	1.14811632582	-5.3839249610901
3	17962	1.14870375292	-4.4652557373047
3	17972	1.149125666949	-7.0750274658203
3	17976	1.14965857615	-4.9970407485962
3	17983	1.150138600714	-5.3647451400757
3	17993	1.150657285728	-4.3769559860229
3	18000	1.151101056856	-4.8817892074585
3	18007	1.151640674222	-8.3413257598877
3	18014	1.152123038183	-5.2408080101013
3	18024	1.152600305172	-6.8274869918823
3	18031	1.153154933487	-5.3160057067871
3	18038	1.153620575729	-5.9541969299316
3	18045	1.154110518017	-6.4152855873108
3	18055	1.154644545453	-3.4584083557129
3	18062	1.155102833369	-5.9458866119385
3	18069	1.155625986599	-7.0558695793152
3	18076	1.156102345239	-4.6000709533691
3	18086	1.156589780785	-5.3386397361755
3	18093	1.157141134436	-8.9488229751587
3	18100	1.157608876898	-3.2998948097229
3	18104	1.15813338974	-5.3702096939087
3	18117	1.158608679619	-3.246467590332
3	18124	1.15915663934	-5.5101900100708
3	18131	1.159631968285	-6.1764507293701
3	18135	1.160179917809	-8.64089012146
3	18151	1.160587951572	-6.2085218429565
3	18155	1.16119219181	-5.1937279701233
3	18162	1.161623565477	-5.381450176239
3	18166	1.16215882782	-6.5576219558716
3	18185	1.162584012208	-5.1344151496887
3	18189	1.16310898926	-3.7648937702179
3	18196	1.163632213054	-5.9807662963867
3	18200	1.164074070701	-5.3123264312744
3	18216	1.164661533122	-4.5542297363281
3	18220	1.165074629605	-4.3866510391235
3	18227	1.16563750371	-10.700805664062
3	18231	1.166054887022	-5.7903709411621
3	18247	1.16664165264	-7.1340923309326
3	18251	1.167032820151	-5.6325788497925
3	18258	1.167628063426	-4.9180088043213
3	18262	1.168052767694	-7.5318737030029
3	18278	1.168581629516	-5.3030519485474
3	18282	1.169036808847	-6.759434223175
3	18289	1.16957081388	-7.0155620574951
3	18293	1.170077573369	-4.8838839530945
3	18309	1.170591090705	-7.008927822113
3	18313	1.171093938008	-11.586365699768
3	18320	1.171543799802	-5.1398520469666
3	18324	1.172138748778	-4.6472034454346
3	18340	1.1725805857	-5.9452929496765
3	18344	1.173138427463	-3.0791027545929
3	18351	1.173569999094	-6.1177959442139
3	18358	1.174147041902	-4.8804812431335
3	18368	1.174587136722	-4.3402237892151
3	18375	1.175121990634	-6.166042804718
3	18382	1.175604766126	-4.8400621414185
3	18386	1.176169436168	-5.4876203536987
3	18399	1.176561146751	-3.9181571006775
3	18406	1.177157794519	-6.5526900291443
3	18410	1.17756909819	-5.6560606956482
3	18417	1.178161765477	-7.3623542785645
3	18430	1.178602801267	-8.4198541641235
3	18437	1.179173175794	-7.9491896629333
3	18444	1.179597853096	-4.8464140892029
3	18451	1.180188292231	-6.6233835220337
3	18461	1.180600144858	-4.3202567100525
3	18468	1.181139945313	-4.8831005096436
3	18475	1.181599221706	-4.7645454406738
3	18482	1.182169774249	-8.3631639480591
3	18495	1.18257644971	-6.5278120040894
3	18502	1.183212514748	-4.3499627113342
3	18509	1.183559891164	-5.3153400421143
3	18519	1.184256956094	-4.0984873771667
3	18526	1.184519650476	-8.0999069213867
3	18533	1.18523235073	-7.2307333946228
3	18537	1.185473628468	-4.7346839904785
3	18550	1.186214931764	-3.6634125709534
3	18557	1.186517240279	-4.7863430976868
3	18564	1.187243111822	-5.9930806159973
3	18568	1.187521748041	-5.6853947639465
3	18581	1.188280126092	-6.3733420372009
3	18588	1.188562851052	-5.4605855941772
3	18595	1.18932291192	-5.3762707710266
3	18602	1.189598496461	-5.5051198005676
3	18612	1.190322141557	-3.8400609493256
3	18619	1.190617535712	-4.8558220863342
3	18626	1.191363790163	-2.9105415344238
3	18633	1.19160455028	-5.8506388664246
3	18643	1.192368822708	-4.476776599884
3	18647	1.192627008333	-2.7518286705017
3	18657	1.193360211547	-4.6822028160095
3	18667	1.193609524883	-5.8193383216858
3	18674	1.19439148232	-5.0620384216309
3	18681	1.194612146128	-4.1636004447937
3	18688	1.195441256607	-5.0219788551331
3	18698	1.195610875621	-7.7502355575562
3	18708	1.196446854251	-7.710512638092
3	18712	1.19657343696	-5.8556399345398
3	18722	1.197461271176	-4.5229535102844
3	18726	1.197523833501	-8.7385816574097
3	18739	1.198417679414	-3.7121217250824
3	18743	1.198549670119	-7.4858603477478
3	18753	1.199409841529	-6.1305818557739
3	18757	1.199511166678	-7.3594217300415
3	18770	1.200384097429	-5.6350774765015
3	18774	1.200536612342	-6.5578579902649
3	18784	1.201400963297	-5.002025604248
3	18788	1.201514773268	-8.5337944030762
3	18804	1.202426451652	-4.5183610916138
3	18808	1.202504024046	-5.0958142280579
3	18818	1.203407195124	-9.6025114059448
3	18822	1.203531071967	-5.5081782341003
3	18835	1.204439954405	-3.5563578605652
3	18839	1.204528064897	-5.4504470825195
3	18849	1.205439813179	-6.4787755012512
3	18853	1.205528578487	-5.8374075889587
3	18866	1.206485375062	-6.2024521827698
3	18870	1.206574328448	-4.2214298248291
3	18880	1.207468162098	-7.1559691429138
3	18884	1.20753232127	-10.726572990417
3	18897	1.208441455817	-6.7359862327576
3	18901	1.208549012009	-5.3970427513123
3	18911	1.209471835428	-2.4863650798798
3	18915	1.209539155203	-9.9074821472168
3	18928	1.210443830768	-3.8809099197388
3	18932	1.210511725807	-6.1240382194519
3	18942	1.21140778044	-7.2260971069336
3	18946	1.211482299725	-4.4870910644531
3	18959	1.212442215247	-6.2489748001099
3	18963	1.212454240378	-8.4843854904175
3	18973	1.213441615081	-5.3316035270691
3	18977	1.213443823497	-5.0684418678284
3	18990	1.214420253396	-5.8229966163635
3	18994	1.214426908161	-5.5182223320007
3	19004	1.215392109353	-5.7542171478271
3	19008	1.215414763565	-4.2538051605225
3	19021	1.216345612048	-6.0011944770813
3	19025	1.21643095222	-2.5793905258179
3	19035	1.217338631883	-5.849072933197
3	19039	1.217437723193	-6.977737903595
3	19049	1.218348381652	-4.00288438797
3	19056	1.218426218759	-6.0376200675964
3	19066	1.219358066818	-1.2534857988358
3	19070	1.21946018483	-4.5383987426758
3	19083	1.220338803395	-3.0303561687469
3	19087	1.220507294135	-7.028844833374
3	19097	1.221310380662	-7.092396736145
3	19101	1.221526744693	-7.4846549034119
3	19111	1.222306892834	-5.0154733657837
3	19121	1.222534116802	-6.0651397705078
3	19131	1.223349728771	-6.1718692779541
3	19138	1.22355785399	-7.2368493080139
3	19148	1.22438593504	-5.3961458206177
3	19152	1.224554871584	-4.4373068809509
3	19162	1.225364507704	-7.4804606437683
3	19172	1.225599950767	-5.2932090759277
3	19179	1.226338970608	-5.6545491218567
3	19183	1.226624688992	-6.0897922515869
3	19193	1.22729260665	-8.1739940643311
3	19203	1.227618941178	-6.4490876197815
3	19207	1.228273801878	-3.7538647651672
3	19214	1.228651811176	-3.2161679267883
3	19227	1.229320747459	-4.769079208374
3	19234	1.229626896096	-5.29256772995
3	19241	1.230361960819	-4.7891206741333
3	19245	1.230609653497	-9.5217628479004
3	19258	1.231362170815	-7.749783039093
3	19265	1.231585182537	-4.8088512420654
3	19272	1.232313667015	-4.2085781097412
3	19276	1.232591690474	-6.15989112854
3	19289	1.233356687204	-6.7892203330994
3	19296	1.233594499634	-5.3650054931641
3	19303	1.234374755955	-3.1908738613129
3	19307	1.234558668898	-7.9867668151855
3	19320	1.235344446749	-9.7570791244507
3	19327	1.235575334674	-4.6870155334473
3	19334	1.23630475113	-5.9538788795471
3	19338	1.236540457831	-6.9468975067139
3	19351	1.23728375012	-5.3246736526489
3	19358	1.237499222954	-8.5785732269287
3	19362	1.23825203858	-4.0126452445984
3	19369	1.23853953125	-3.6170616149902
3	19382	1.239259425892	-4.4330539703369
3	19389	1.239528049452	-5.8799538612366
3	19393	1.240216551357	-4.2502298355103
3	19400	1.240563125914	-5.4573822021484
3	19410	1.241214296395	-6.5464487075806
3	19420	1.241609147159	-4.3996787071228
3	19424	1.242190359332	-4.9994282722473
3	19434	1.242576717501	-5.0916690826416
3	19444	1.243213795163	-3.9802937507629
3	19454	1.243540556294	-6.6202936172485
3	19458	1.244253187414	-7.2088370323181
3	19465	1.244583724304	-5.2106604576111
3	19478	1.245276613357	-7.048891544342
3	19485	1.245567595378	-7.7536668777466
3	19489	1.246260670488	-7.1556763648987
3	19496	1.246566579397	-5.4925193786621
3	19506	1.24721935804	-8.8889751434326
3	19516	1.24760342033	-5.4443774223328
3	19520	1.248204601182	-5.157618522644
3	19524	1.24859760957	-5.0199589729309
3	19540	1.249224008635	-4.9245586395264
3	19547	1.249644845631	-3.6886594295502
3	19553	1.250182976347	-6.1988749504089
3	19557	1.250678867318	-6.1575326919556
3	19573	1.251166517353	-6.6430611610413
3	19580	1.251667412353	-9.8189353942871
3	19584	1.252149193218	-7.9206161499023
3	19591	1.252677613159	-6.3664326667786
3	19601	1.253144486416	-3.3896355628967
3	19611	1.253705225435	-7.283031463623
3	19615	1.254149375309	-5.7268023490906
3	19622	1.254704567334	-4.8430557250977
3	19632	1.255191184544	-5.4172148704529
3	19642	1.255695119271	-7.2953629493713
3	19646	1.256177103957	-6.0699610710144
3	19653	1.256692984511	-6.6572895050049
3	19663	1.25716568919	-6.5052461624146
3	19673	1.257666896311	-5.1608424186707
3	19677	1.258204685469	-2.9926533699036
3	19684	1.258656403351	-8.1722345352173
3	19694	1.259213288434	-5.188823223114
3	19704	1.259636256628	-5.4409699440002
3	19708	1.260172434683	-8.1062116622925
3	19715	1.260663991925	-6.1591501235962
3	19725	1.261154123202	-4.3991112709045
3	19735	1.261626007281	-7.4357347488403
3	19739	1.26212432338	-3.6790692806244
3	19743	1.262596669663	-5.7363862991333
3	19759	1.263155785426	-4.6217484474182
3	19763	1.26356781322	-4.1259379386902
3	19773	1.264113456705	-6.5420303344727
3	19777	1.26456965173	-4.0047469139099
3	19790	1.265144449974	-5.8660292625427
3	19797	1.265611407865	-5.5048112869263
3	19804	1.266155390841	-6.2311973571777
3	19808	1.266652817255	-4.7953324317932
3	19821	1.267178853465	-5.3558278083801
3	19825	1.267658584654	-6.24671459198
3	19835	1.268215944232	-4.7844843864441
3	19839	1.268651318694	-3.8640470504761
3	19852	1.269250375329	-7.1947154998779
3	19856	1.269660281154	-5.6351046562195
3	19866	1.270264417418	-5.3992123603821
3	19873	1.270686470767	-3.9353992938995
3	19883	1.271278635681	-5.4419565200806
3	19887	1.271692372171	-7.5029525756836
3	19897	1.272263599003	-4.4351878166199
3	19904	1.272737101175	-4.7004461288452
3	19911	1.273225666339	-4.7563943862915
3	19921	1.273688146503	-3.7774910926819
3	19928	1.274269605547	-6.4565486907959
3	19935	1.274667118304	-3.6751706600189
3	19942	1.275233786961	-5.1605839729309
3	19949	1.275702998591	-4.2135877609253
3	19959	1.276260011147	-5.2202482223511
3	19963	1.276680312672	-5.174605846405
3	19973	1.277305583151	-4.6961154937744
3	19980	1.277671289691	-5.9486966133118
3	19990	1.278317747058	-4.5460605621338
3	19997	1.278636725029	-5.8186445236206
3	20004	1.279367658941	-5.6509017944336
3	20011	1.279655247592	-4.5663237571716
3	20021	1.280328849536	-3.0814356803894
3	20028	1.280636871812	-3.8778645992279
3	20038	1.281368725298	-5.501145362854
3	20042	1.28159114237	-3.0479476451874
3	20058	1.282402896494	-5.7443189620972
3	20062	1.282546738565	-5.4649481773376
3	20069	1.283371654415	-3.9634337425232
3	20076	1.283574792718	-4.5870118141174
3	20086	1.284363031444	-4.6552257537842
3	20093	1.28462006324	-7.5517330169678
3	20100	1.285383290107	-4.2969641685486
3	20107	1.285605521213	-5.57088804245
3	20117	1.286418288889	-6.2890644073486
3	20124	1.28662680414	-4.7126994132996
3	20131	1.287420499058	-4.933669090271
3	20135	1.287654583131	-5.5776591300964
3	20148	1.28842617077	-3.9992334842682
3	20155	1.288631884544	-6.071084022522
3	20162	1.289461030641	-6.9573278427124
3	20166	1.289655961277	-4.733597278595
3	20182	1.290494775625	-3.7001152038574
3	20186	1.290666061271	-4.8248128890991
3	20193	1.29146637318	-5.1600351333618
3	20200	1.291653420018	-4.9339838027954
3	20210	1.292434388943	-4.1465945243835
3	20217	1.292671057919	-10.892971038818
3	20224	1.293432616209	-6.052065372467
3	20231	1.293705108836	-7.2443542480469
3	20241	1.29440670286	-5.360682964325
3	20245	1.294733498653	-7.1644825935364
3	20255	1.295420248165	-4.3199696540833
3	20262	1.295766140381	-4.625057220459
3	20272	1.296409023056	-6.2136588096619
3	20279	1.29671976358	-5.0719847679138
3	20286	1.297407225007	-4.0916800498962
3	20293	1.297759356366	-5.4273843765259
3	20300	1.298421162121	-2.8379638195038
3	20313	1.298797810304	-6.9804272651672
3	20320	1.29945570931	-3.3515582084656
3	20324	1.299787137049	-7.1799612045288
3	20331	1.300437341959	-6.2273097038269
3	20344	1.300790653704	-4.9459466934204
3	20351	1.301398555897	-5.2404360771179
3	20355	1.301777638436	-8.6206550598145
3	20362	1.302428656758	-11.584480285645
3	20378	1.302780451273	-4.292534828186
3	20382	1.303423831122	-5.6897397041321
3	20389	1.303809912972	-5.979341506958
3	20396	1.304452801533	-7.6246180534363
3	20409	1.304830995252	-7.5508632659912
3	20416	1.305463050181	-3.9123373031616
3	20420	1.30587819778	-6.093647480011
3	20427	1.306444813375	-4.9633922576904
3	20440	1.306853306912	-4.8486413955688
3	20447	1.307476346425	-4.3312473297119
3	20451	1.307890732444	-4.3342537879944
3	20461	1.308442115958	-6.0142073631287
3	20471	1.30888596294	-1.9653753042221
3	20478	1.309477600696	-5.0848779678345
3	20482	1.309926592432	-4.498095035553
3	20492	1.310434025823	-5.3023300170898
3	20502	1.31092108439	-4.7503361701965
3	20509	1.311476960809	-6.2260723114014
3	20513	1.311960518992	-5.765839099884
3	20523	1.312475187704	-5.3550934791565
3	20530	1.312915092037	-3.6130242347717
3	20540	1.313441536567	-8.5748090744019
3	20544	1.31388783574	-4.8227524757385
3	20554	1.314415384948	-4.4605145454407
3	20558	1.314868618048	-7.0105047225952
3	20571	1.315446145398	-3.9545595645905
3	20575	1.315912462053	-3.2817335128784
3	20585	1.316472543994	-5.3580279350281
3	20592	1.316916571604	-3.8848330974579
3	20599	1.317519010317	-6.0351438522339
3	20606	1.317872017638	-4.8282499313354
3	20616	1.318525376176	-3.6468169689178
3	20623	1.318836926714	-5.3149271011353
3	20630	1.319510589255	-10.514628410339
3	20634	1.319820341469	-3.2618401050568
3	20647	1.320539149741	-9.0964708328247
3	20651	1.320858979743	-5.70543384552
3	20661	1.321586912417	-5.3176627159119
3	20668	1.321837744709	-7.2781844139099
3	20678	1.322572145481	-5.7130274772644
3	20682	1.32278826169	-4.3292512893677
3	20695	1.323563049144	-7.4111094474792
3	20699	1.323765083707	-4.2077579498291
3	20712	1.324593105636	-4.8176593780518
3	20716	1.324733334789	-5.5793428421021
3	20726	1.325621473085	-5.416298866272
3	20730	1.325731262542	-5.2260785102844
3	20740	1.326630712206	-6.5934505462646
3	20747	1.326720212272	-8.3971529006958
3	20757	1.327678471933	-5.1577963829041
3	20761	1.327683329681	-9.4514455795288
3	20774	1.328671309878	-4.7770371437073
3	20778	1.328692801732	-6.2930474281311
3	20791	1.329654382265	-4.820921421051
3	20795	1.329679579165	-4.9914469718933
3	20805	1.330654811786	-4.5598163604736
3	20809	1.330665880821	-5.8880491256714
3	20819	1.331627377018	-5.6542673110962
3	20823	1.331693976093	-7.3507342338562
3	20836	1.332613033617	-6.8547043800354
3	20843	1.332734105769	-5.4905233383179
3	20853	1.333638203253	-3.8943388462067
3	20857	1.333708049327	-5.3462934494019
3	20870	1.334658468119	-5.9914889335632
3	20874	1.334685674608	-6.6727170944214
3	20884	1.335686088175	-5.741473197937
3	20888	1.335692866412	-8.9272613525391
3	20901	1.336645385882	-3.5776677131653
3	20905	1.336649235316	-6.0835280418396
3	20915	1.337633916141	-4.9616827964783
3	20919	1.337678197672	-8.080249786377
3	20929	1.338650808369	-7.3511462211609
3	20936	1.338701352588	-6.3050007820129
3	20946	1.339642584487	-3.9981467723846
3	20950	1.339666228257	-4.9704837799072
3	20960	1.34061788922	-5.7958688735962
3	20964	1.340627070387	-5.3244166374207
3	20977	1.341599360819	-6.0230855941772
3	20981	1.341608619354	-6.3481364250183
3	20991	1.34255925027	-5.3672399520874
3	20995	1.342596554012	-6.1395487785339
3	21008	1.34355320702	-8.6271724700928
3	21012	1.34358912623	-6.2510242462158
3	21025	1.344550556515	-6.5112037658691
3	21029	1.344557246858	-6.5665044784546
3	21042	1.345561847438	-4.5904731750488
3	21046	1.345592789387	-6.2936005592346
3	21059	1.346564208582	-6.8569011688232
3	21063	1.3465913851	-4.6587719917297
3	21073	1.34757632219	-3.2999019622803
3	21077	1.347590909415	-6.5739951133728
3	21090	1.348623960833	-6.6850318908691
3	21094	1.348639903342	-8.4683532714844
3	21104	1.349598059787	-7.296416759491
3	21108	1.349632918607	-4.6724600791931
3	21121	1.350632852093	-4.9469151496887
3	21125	1.350637552746	-6.5313658714294
3	21132	1.35160054158	-4.4927845001221
3	21136	1.351672381468	-5.0607676506042
3	21152	1.352630540493	-3.8853633403778
3	21156	1.352683484152	-4.3256559371948
3	21163	1.353645094224	-7.8815412521362
3	21167	1.353661411106	-5.8093967437744
3	21183	1.354627082653	-2.8442268371582
3	21187	1.354644411777	-5.675341129303
3	21197	1.355629413997	-5.9637322425842
3	21201	1.355638345529	-3.9102931022644
3	21214	1.356632407372	-4.3411989212036
3	21218	1.356687994701	-7.6339826583862
3	21225	1.357624941364	-5.1721348762512
3	21229	1.357701470048	-7.0723791122437
3	21242	1.358647838059	-4.9975061416626
3	21246	1.358657806256	-3.064845085144
3	21256	1.359600140126	-4.0190410614014
3	21260	1.359660670154	-5.533700466156
3	21270	1.360580251333	-5.4280552864075
3	21277	1.360655516703	-3.5554049015045
3	21287	1.361617520927	-4.6108241081238
3	21291	1.361669299377	-8.1473064422607
3	21304	1.362616970202	-5.720184803009
3	21308	1.362664977498	-6.1535730361938
3	21324	1.363589219795	-3.5767774581909
3	21328	1.363646115112	-3.3556725978851
3	21338	1.364601013107	-5.2657408714294
3	21342	1.364646746129	-5.364960193634
3	21355	1.365636068971	-3.2161931991577
3	21359	1.365665871891	-6.558614730835
3	21369	1.366599666593	-3.6632950305939
3	21373	1.366674584792	-5.922107219696
3	21386	1.367575961362	-5.7733144760132
3	21390	1.367704173465	-6.2055425643921
3	21400	1.368596430638	-6.3340187072754
3	21404	1.368661025594	-5.9872994422913
3	21417	1.369620431501	-8.1740217208862
3	21421	1.36962281912	-3.8892951011658
3	21428	1.370597288973	-3.2334773540497
3	21432	1.370627637047	-5.7961478233337
3	21448	1.371589717939	-6.3814692497253
3	21452	1.371621286964	-4.6787805557251
3	21459	1.372575581676	-5.587450504303
3	21463	1.372591453448	-6.7594275474548
3	21479	1.373541744379	-5.2344741821289
3	21483	1.373611032153	-6.1553130149841
3	21490	1.374499225573	-4.7438898086548
3	21497	1.374564673336	-5.6438074111938
3	21510	1.37552960304	-7.7750778198242
3	21514	1.375535631116	-4.2410507202148
3	21521	1.37651951132	-5.3752012252808
3	21525	1.376533407019	-6.3186001777649
3	21541	1.377532969416	-5.1992044448853
3	21545	1.377550301767	-5.6344165802002
3	21555	1.378504619466	-3.4748978614807
3	21559	1.378507446719	-4.1543774604797
3	21572	1.37946230227	-3.8417172431946
3	21576	1.379510264666	-6.981556892395
3	21586	1.380472285176	-7.0124974250793
3	21590	1.380494669381	-5.5332489013672
3	21603	1.381473723075	-5.3129715919495
3	21607	1.381510143769	-7.1996760368347
3	21614	1.382456523391	-4.5723996162415
3	21618	1.382522058026	-9.7430334091187
3	21637	1.383504208264	-5.0714221000671
3	21641	1.383523189828	-4.9667067527771
3	21648	1.384462147055	-7.1223850250244
3	21652	1.384543116332	-10.22070980072
3	21668	1.38545835855	-4.9449038505554
3	21672	1.385563196174	-7.7004928588867
3	21679	1.386428784213	-5.0780363082886
3	21683	1.386517835667	-7.1959547996521
3	21699	1.387458495726	-5.9575924873352
3	21703	1.387493272059	-8.642053604126
3	21710	1.388461697462	-4.0271830558777
3	21714	1.388477921033	-7.3667192459106
3	21730	1.389432728591	-6.9211778640747
3	21734	1.389507150478	-4.0641932487488
3	21741	1.390399838926	-5.9080386161804
3	21745	1.390497368687	-6.6466197967529
3	21761	1.391431378942	-5.4166231155396
3	21765	1.391489597104	-4.0622491836548
3	21772	1.392447152114	-4.4794716835022
3	21776	1.392530944443	-7.5517592430115
3	21792	1.393432205062	-7.5644655227661
3	21796	1.393516848691	-5.0999178886414
3	21803	1.394385550955	-6.6893649101257
3	21807	1.3945468416	-4.5397381782532
3	21823	1.395412920676	-6.2168741226196
3	21827	1.395528279323	-6.8419318199158
3	21834	1.396418163549	-4.7021565437317
3	21838	1.396503131255	-5.8513808250427
3	21854	1.397394773743	-4.1418957710266
3	21858	1.397529341174	-6.5984444618225
3	21865	1.398385035118	-4.0785012245178
3	21869	1.398524406751	-6.2825927734375
3	21885	1.399350708301	-5.5799503326416
3	21889	1.399527689078	-6.2249484062195
3	21896	1.400322764171	-4.3927626609802
3	21900	1.40051844854	-4.0927977561951
3	21916	1.401301108274	-4.8177614212036
3	21920	1.401549714781	-3.9068789482117
3	21927	1.402280942064	-4.5871200561523
3	21931	1.402526844031	-4.6668066978455
3	21944	1.403259086411	-4.8756432533264
3	21954	1.403549593181	-5.3584790229797
3	21961	1.404236468665	-6.7835054397583
3	21965	1.404587059544	-5.7840218544006
3	21978	1.405281243864	-6.0267062187195
3	21985	1.405557752371	-4.5201072692871
3	21992	1.406276043527	-5.9802255630493
3	21996	1.406517215606	-3.8931844234467
3	22009	1.407289474089	-5.9298276901245
3	22016	1.407566339016	-4.0263485908508
3	22023	1.408317890432	-4.0038661956787
3	22027	1.408552033698	-7.4368262290955
3	22040	1.409314574532	-4.7663221359253
3	22047	1.409509516638	-5.0566434860229
3	22054	1.410280762641	-5.4210681915283
3	22058	1.410520851969	-4.7743740081787
3	22071	1.41132143202	-6.5967106819153
3	22078	1.411498573842	-3.0348706245422
3	22085	1.412361171943	-4.5191550254822
3	22092	1.412543889336	-5.8971037864685
3	22102	1.413312984042	-7.2253155708313
3	22106	1.413501936466	-5.4849309921265
3	22116	1.414338231165	-4.9557871818542
3	22120	1.414477008883	-6.4203462600708
3	22133	1.415353312353	-7.9312353134155
3	22137	1.415516927212	-4.6268892288208
3	22147	1.416318618797	-4.938072681427
3	22151	1.416527240305	-5.1666812896729
3	22164	1.41728988205	-4.6432976722717
3	22171	1.417563995621	-3.2742528915405
3	22178	1.418329091875	-5.8045763969421
3	22185	1.418587081592	-5.8294820785522
3	22195	1.419326343883	-3.3371934890747
3	22202	1.419584494735	-4.7653160095215
3	22209	1.420312101778	-2.3607301712036
3	22216	1.420550477943	-5.9903974533081
3	22226	1.421306567231	-4.2407078742981
3	22230	1.421546632471	-3.6541175842285
3	22237	1.422313204544	-4.6415076255798
3	22247	1.422544987392	-3.2481873035431
3	22260	1.423353695678	-5.7075600624084
3	22267	1.423541305358	-5.5358996391296
3	22274	1.424318954038	-6.8097438812256
3	22284	1.42457586723	-8.2832908630371
3	22291	1.425285468551	-5.8126878738403
3	22298	1.425571763272	-6.3754625320435
3	22305	1.426267428807	-5.335512638092
3	22309	1.426583381764	-5.7441720962524
3	22322	1.427238466334	-4.9133749008179
3	22329	1.427579492062	-5.3486318588257
3	22333	1.428242318133	-2.696759223938
3	22346	1.428613275029	-8.4341173171997
3	22356	1.42928803232	-5.1644015312195
3	22360	1.429614860306	-11.043412208557
3	22364	1.430239239194	-7.7282958030701
3	22374	1.430617075561	-6.9160976409912
3	22384	1.431224002571	-4.1954460144043
3	22391	1.431576964992	-6.8220863342285
3	22398	1.432227424729	-4.8542046546936
3	22405	1.432595230038	-4.0828132629395
3	22415	1.433194589824	-4.882435798645
3	22422	1.433611112865	-4.4637026786804
3	22429	1.434242410557	-3.4770932197571
3	22439	1.434607382367	-4.3193817138672
3	22446	1.435226602617	-6.4064564704895
3	22450	1.435580550256	-5.8569884300232
3	22460	1.436230815582	-4.1739559173584
3	22470	1.436614273064	-4.4307637214661
3	22477	1.437243092616	-5.3316669464111
3	22484	1.437624881988	-6.6486644744873
3	22488	1.438200750287	-7.3407816886902
3	22501	1.438618704776	-6.733350276947
3	22508	1.439226721711	-4.7968907356262
3	22515	1.439612377779	-4.284167766571
3	22522	1.440183190863	-4.5997967720032
3	22532	1.440599778817	-4.0801544189453
3	22539	1.441167171617	-6.3073525428772
3	22546	1.441565980021	-6.9148540496826
3	22550	1.442146558878	-6.8194446563721
3	22566	1.44255738481	-5.7852926254272
3	22573	1.443193322058	-8.8702793121338
3	22580	1.443516375323	-6.2860999107361
3	22587	1.444207006014	-8.1446180343628
3	22597	1.444531976112	-5.2438178062439
3	22604	1.445182414068	-5.3298392295837
3	22611	1.445539236395	-6.1111145019531
3	22618	1.446148921674	-7.4276204109192
3	22631	1.446541134091	-5.018171787262
3	22635	1.447195543431	-5.3691201210022
3	22642	1.447570663967	-4.1152758598328
3	22649	1.448227445686	-4.9722471237183
3	22659	1.448598085478	-5.131863117218
3	22666	1.449265856586	-4.6322078704834
3	22673	1.449568699105	-5.858332157135
3	22680	1.450251614428	-5.2022204399109
3	22690	1.450541873046	-4.4550948143005
3	22697	1.451266745616	-8.6980152130127
3	22701	1.45150014741	-5.7008581161499
3	22711	1.45225337293	-5.4178290367126
3	22721	1.452506186869	-4.4900984764099
3	22728	1.453212016431	-6.6092753410339
3	22732	1.453484679207	-8.1867771148682
3	22745	1.454231249888	-6.2428379058838
3	22752	1.454486513815	-5.2545971870422
3	22759	1.455263889798	-7.4473028182983
3	22763	1.455516077428	-6.1557412147522
3	22773	1.456268663148	-6.4350562095642
3	22783	1.456502623889	-8.8918514251709
3	22790	1.45730535975	-3.2175195217133
3	22794	1.45749299715	-4.7099323272705
3	22807	1.458314688645	-3.6039900779724
3	22811	1.458468722703	-4.709056854248
3	22821	1.459268668615	-6.2824869155884
3	22825	1.459506059732	-7.2112579345703
3	22835	1.460227742246	-4.8922662734985
3	22845	1.460461735006	-7.9977116584778
3	22852	1.461181163165	-6.6590704917908
3	22859	1.461430722724	-4.0055775642395
3	22866	1.462136287148	-5.9000415802002
3	22879	1.462406998181	-6.0952320098877
3	22886	1.463140936105	-6.4528474807739
3	22890	1.463455305661	-6.2198362350464
3	22903	1.464093225141	-3.9211163520813
3	22910	1.464498049609	-5.0313620567322
3	22917	1.465117566896	-5.3318786621094
3	22924	1.465519100652	-8.0472593307495
3	22934	1.466144270028	-6.4603152275085
3	22938	1.466527480243	-4.9135012626648
3	22948	1.467193722211	-4.1769018173218
3	22955	1.467490735259	-9.0567026138306
3	22965	1.468204850814	-2.9383144378662
3	22969	1.468468256471	-6.9126653671265
3	22979	1.469187753168	-5.6545963287354
3	22986	1.469491412481	-5.2404050827026
3	22993	1.470158664106	-4.7116079330444
3	23000	1.470442203019	-4.7467966079712
3	23010	1.471108722801	-6.4556632041931
3	23017	1.471480773959	-9.9387912750244
3	23021	1.472155987398	-6.1666603088379
3	23031	1.472513412576	-5.513370513916
3	23041	1.473143839901	-8.2666082382202
3	23045	1.473487140682	-6.3912415504456
3	23055	1.4741148078	-6.8406734466553
3	23062	1.474521894034	-4.3475456237793
3	23072	1.475089081227	-5.3817858695984
3	23079	1.475524983749	-5.3541855812073
3	23086	1.476101363317	-8.0531902313232
3	23093	1.476555721954	-6.6880621910095
3	23100	1.47708074623	-6.0014066696167
3	23110	1.477521275751	-4.5173254013062
3	23117	1.478058956683	-5.7518301010132
3	23124	1.478557349672	-5.9650063514709
3	23134	1.479051092739	-6.7147645950317
3	23141	1.479537109118	-5.8126783370972
3	23148	1.480056686643	-3.5491163730621
3	23155	1.480504718052	-6.9878458976746
3	23162	1.48104371236	-4.2375221252441
3	23172	1.481513418138	-4.30797290802
3	23179	1.482014407184	-6.7355151176453
3	23186	1.482507764482	-7.6455454826355
3	23190	1.482966574794	-4.9086937904358
3	23206	1.483489121116	-5.2477006912231
3	23210	1.483960371285	-3.0384242534637
3	23220	1.484537120828	-6.8654184341431
3	23224	1.484949668714	-5.8850784301758
3	23237	1.485539463989	-6.3029375076294
3	23244	1.485995863589	-4.4890451431274
3	23251	1.486555012884	-6.6141505241394
3	23255	1.487018162074	-6.201003074646
3	23268	1.4875417603	-5.3654518127441
3	23278	1.488016194713	-5.3964266777039
3	23282	1.488577336239	-10.257165908813
3	23286	1.489010171433	-5.9680728912354
3	23299	1.48959443187	-7.8363451957703
3	23309	1.490043785731	-5.851372718811
3	23313	1.490614661504	-5.6870665550232
3	23320	1.491082080682	-6.5021529197693
3	23333	1.491658572066	-9.1444358825684
3	23340	1.492053311676	-4.4215989112854
3	23344	1.492616071554	-9.1842346191406
3	23351	1.493059793785	-5.0327916145325
3	23361	1.493580027165	-5.6923494338989
3	23368	1.494058412219	-3.7694983482361
3	23375	1.494553012135	-6.8186297416687
3	23382	1.495043511232	-5.2165322303772
3	23392	1.495584378312	-4.0463533401489
3	23399	1.496043347279	-7.6148815155029
3	23406	1.496569180695	-3.2793471813202
3	23413	1.497010942996	-4.9058413505554
3	23420	1.497539243498	-5.4255113601685
3	23433	1.498036966356	-4.9956178665161
3	23437	1.498534757721	-5.0171790122986
3	23444	1.499073317852	-6.3564214706421
3	23451	1.499570842133	-7.765166759491
3	23466	1.50002645406	-4.1163606643677
3	23470	1.500569951559	-5.1363191604614
3	23477	1.501005351539	-6.61092710495
3	23481	1.501543432491	-7.9302182197571
3	23491	1.502028723711	-5.2574696540833
3	23501	1.50253332598	-6.3345112800598
3	23511	1.503065085235	-8.1715431213379
3	23518	1.503497316494	-6.5114860534668
3	23531	1.504111473918	-5.9590744972229
3	23535	1.50445394368	-7.5296297073364
3	23542	1.505072710472	-5.8091650009155
3	23552	1.505484884532	-6.1602144241333
3	23556	1.506029092379	-5.0278663635254
3	23566	1.506482197504	-5.0872683525085
3	23573	1.506993050344	-3.9553742408752
3	23583	1.507498940141	-6.120719909668
3	23587	1.50803360884	-5.274847984314
3	23597	1.50849371035	-6.5714073181152
3	23601	1.509051613916	-6.7274971008301
3	23611	1.509496161859	-6.7747540473938
3	23618	1.51002562303	-6.4902377128601
3	23628	1.510467203725	-9.9933319091797
3	23632	1.511074596407	-7.3345031738281
3	23642	1.511450535762	-10.253019332886
3	23652	1.512101722368	-7.0673403739929
3	23659	1.512481266404	-6.6900000572205
3	23663	1.513111790338	-10.271363258362
3	23676	1.513448045691	-4.548180103302
3	23683	1.514084752691	-3.5421977043152
3	23690	1.514480963768	-7.4433789253235
3	23694	1.515133078486	-6.3510355949402
3	23704	1.515449916989	-8.6710596084595
3	23714	1.516100618831	-7.6599855422974
3	23721	1.516451350816	-4.9767818450928
3	23725	1.517086066575	-6.2921576499939
3	23735	1.517473041324	-3.9487252235413
3	23745	1.518074895647	-5.238338470459
3	23749	1.518456262301	-7.6855087280273
3	23756	1.519077413968	-8.775541305542
3	23766	1.519467233766	-8.1734466552734
3	23776	1.520042237247	-5.1366920471191
3	23780	1.520417338339	-7.2223434448242
3	23787	1.521038741808	-5.2107133865356
3	23800	1.521398837022	-6.0922446250916
3	23807	1.521990157276	-3.1423442363739
3	23811	1.522378523625	-3.8995382785797
3	23818	1.522985666955	-5.3500390052795
3	23834	1.5234212887	-8.0685338973999
3	23841	1.523967804384	-4.0491547584534
3	23845	1.524431220234	-5.3408632278442
3	23852	1.52493582567	-4.1480369567871
3	23862	1.525382288045	-7.1079921722412
3	23872	1.525910054907	-4.8953313827515
3	23876	1.526368203212	-4.3100733757019
3	23883	1.526887224137	-7.2345213890076
3	23896	1.527410776507	-5.7235131263733
3	23903	1.527926641679	-7.6087446212769
3	23907	1.528369362627	-5.743136882782
3	23917	1.528972001466	-4.5815567970276
3	23924	1.529351668419	-4.5213012695312
3	23934	1.529941377766	-6.2740030288696
3	23938	1.530368359047	-4.2170825004578
3	23945	1.530944985636	-6.4504985809326
3	23955	1.531360978435	-3.5447638034821
3	23965	1.531897412315	-4.6971750259399
3	23969	1.532317542022	-6.4156136512756
3	23976	1.53288735778	-4.6180386543274
3	23986	1.533353963477	-6.6533484458923
3	23996	1.533878775239	-5.4939813613892
3	24000	1.534373064912	-7.5011410713196
3	24010	1.534874558502	-4.3702874183655
3	24017	1.535329457446	-5.5364832878113
3	24027	1.535908292425	-6.7794408798218
3	24031	1.536309108985	-5.7848181724548
3	24038	1.536909850352	-3.8834354877472
3	24048	1.537356450041	-5.3091201782227
3	24058	1.537934389072	-6.7443351745605
3	24062	1.538356026173	-6.2386703491211
3	24069	1.538955310567	-6.7611489295959
3	24082	1.539389890784	-6.1853003501892
3	24089	1.539923202012	-5.2224793434143
3	24093	1.54038163248	-4.3030481338501
3	24100	1.540886883164	-4.8084797859192
3	24113	1.541396106303	-8.0622529983521
3	24120	1.541925249125	-7.3251576423645
3	24124	1.542440235942	-5.3473620414734
3	24131	1.542912293611	-2.9971284866333
3	24147	1.543450001443	-4.4807615280151
3	24154	1.543952371271	-7.0745048522949
3	24161	1.544495965785	-5.3203945159912
3	24165	1.544982239627	-6.0565533638
3	24178	1.545534781267	-4.211678981781
3	24185	1.546021508403	-6.3094553947449
3	24192	1.546583849857	-4.2899856567383
3	24196	1.546985207575	-5.8589496612549
3	24209	1.547629151662	-4.5307645797729
3	24216	1.548016608931	-4.7012844085693
3	24223	1.548652627492	-3.904084444046
3	24227	1.549049150543	-6.005108833313
3	24240	1.549655320728	-6.4245572090149
3	24247	1.550069004591	-6.205858707428
3	24251	1.550642161073	-6.5456485748291
3	24264	1.551108980982	-3.7482738494873
3	24274	1.551617566841	-5.9479789733887
3	24278	1.552096238654	-4.0539269447327
3	24285	1.552667497097	-5.4499697685242
3	24298	1.553136808422	-3.8336737155914
3	24302	1.553711405928	-4.0756092071533
3	24309	1.554114613872	-4.3977918624878
3	24313	1.554677655763	-5.8620347976685
3	24323	1.555117927285	-6.4850754737854
3	24336	1.555675337111	-5.5603857040405
3	24340	1.556076798704	-6.7987017631531
3	24347	1.556680905816	-5.1997895240784
3	24351	1.55707073325	-4.3631067276001
3	24367	1.557688411787	-8.1205453872681
3	24371	1.558118118883	-9.4638147354126
3	24378	1.558714204408	-4.8044319152832
3	24385	1.559140966324	-5.7015566825867
3	24398	1.559735020158	-5.4402837753296
3	24405	1.560169300365	-8.3430919647217
3	24409	1.560705462811	-5.1087975502014
3	24416	1.561137856206	-9.2673645019531
3	24426	1.561752191099	-7.0765824317932
3	24433	1.56211852358	-8.5498332977295
3	24440	1.562737115651	-4.2641439437866
3	24450	1.563097996761	-4.8065886497498
3	24460	1.563765876144	-8.0135316848755
3	24470	1.564090173006	-4.6674642562866
3	24477	1.564787584274	-4.282648563385
3	24481	1.565044447852	-8.7708759307861
3	24491	1.565808196195	-9.1446571350098
3	24501	1.566073773137	-5.2279176712036
3	24508	1.566794283676	-5.1393885612488
3	24512	1.56709502144	-5.1372637748718
3	24522	1.567750810008	-10.598475456238
3	24532	1.568096387375	-4.9941902160645
3	24539	1.568757270999	-4.0470113754272
3	24543	1.569093688223	-4.6219429969788
3	24550	1.56974324993	-4.2907137870789
3	24563	1.570068245047	-6.7880229949951
3	24570	1.570788508019	-6.1599774360657
3	24574	1.571075127956	-3.9447703361511
3	24584	1.571773904068	-4.5703182220459
3	24594	1.572097855701	-6.7926387786865
3	24598	1.572775750054	-5.7765517234802
3	24605	1.573052482484	-6.6529498100281
3	24618	1.57382178652	-3.824963092804
3	24625	1.574065149968	-7.454981803894
3	24629	1.574867336164	-3.328521490097
3	24636	1.575075958889	-7.7563090324402
3	24652	1.575912779643	-7.0549330711365
3	24656	1.576062490953	-7.6765418052673
3	24663	1.576870804181	-4.4917674064636
3	24667	1.577104469034	-4.528115272522
3	24680	1.577846747271	-2.8260424137115
3	24687	1.578153549883	-6.3297228813171
3	24691	1.57882532249	-6.4308800697327
3	24698	1.5791529932	-5.7105178833008
3	24711	1.579784012403	-4.9474477767944
3	24718	1.580114582049	-4.6204261779785
3	24722	1.58078796167	-4.6720986366272
3	24729	1.581098380818	-3.8967809677124
3	24739	1.581816688125	-8.1993579864502
3	24746	1.582073541169	-5.6024260520935
3	24759	1.582808965469	-5.9916472434998
3	24763	1.583078516756	-5.7178926467896
3	24773	1.583797786632	-6.8375568389893
3	24783	1.584077703263	-6.5070524215698
3	24787	1.58483697259	-6.370491027832
3	24794	1.585106248336	-5.2712407112122
3	24804	1.585829754055	-5.6328315734863
3	24814	1.586092990321	-6.8142848014832
3	24818	1.586864172164	-6.1203508377075
3	24828	1.587081287214	-4.0300860404968
3	24838	1.587839381103	-5.3381834030151
3	24845	1.588045386034	-7.9239535331726
3	24855	1.588828021479	-4.4755034446716
3	24862	1.589093832904	-6.2177052497864
3	24866	1.589813004951	-4.1084861755371
3	24876	1.590135817533	-3.7204523086548
3	24883	1.590771838991	-6.166121006012
3	24893	1.591106818654	-3.977799654007
3	24897	1.591778384614	-7.152229309082
3	24907	1.592061717003	-3.936535358429
3	24914	1.592800272576	-4.45574426651
3	24921	1.593096437241	-4.3010716438293
3	24928	1.593792221214	-5.73219871521
3	24938	1.594124117929	-5.4739141464233
3	24945	1.594769262189	-5.7459092140198
3	24952	1.595170454827	-5.7902278900146
3	24962	1.595754778204	-4.4282565116882
3	24969	1.596170223595	-4.0109624862671
3	24976	1.596795710493	-4.7769136428833
3	24983	1.597158362498	-8.075439453125
3	24990	1.597818529733	-6.8370714187622
3	25000	1.598189383329	-6.0496335029602
3	25007	1.598847521256	-3.3735108375549
3	25017	1.599202019128	-6.3071722984314
3	25024	1.599847507311	-3.5756876468658
3	25031	1.600207260803	-8.8598136901855
3	25041	1.600880293563	-7.2383675575256
3	25048	1.601169846098	-6.6516070365906
3	25055	1.601911016878	-4.1806716918945
3	25062	1.602151942387	-5.1408953666687
3	25072	1.602862511643	-5.6271977424622
3	25079	1.603187715572	-4.7356324195862
3	25092	1.603876272852	-7.9373168945312
3	25096	1.60422203303	-4.2605056762695
3	25103	1.604872256609	-6.9140224456787
3	25113	1.60523732397	-4.8019151687622
3	25123	1.605859406821	-3.8142614364624
3	25127	1.606201526662	-3.9633412361145
3	25137	1.606886024667	-6.1949529647827
3	25144	1.607237610105	-8.9729175567627
3	25151	1.607920090688	-6.4458618164062
3	25158	1.608190774347	-5.3464040756226
3	25168	1.608926744512	-5.1273846626282
3	25172	1.609175632173	-4.5182456970215
3	25185	1.609941450707	-4.1544408798218
3	25189	1.610150431106	-6.8860325813293
3	25199	1.610952874892	-5.2781128883362
3	25206	1.611170643014	-5.8384366035461
3	25216	1.611970716871	-5.8921856880188
3	25220	1.612153787988	-6.5151424407959
3	25233	1.61301430261	-5.1411328315735
3	25237	1.613124690382	-5.22252368927
3	25244	1.614017603902	-5.4167165756226
3	25251	1.61413214209	-8.3171443939209
3	25264	1.615041863027	-3.3308231830597
3	25268	1.615109897453	-3.9814615249634
3	25275	1.616069917802	-3.5421092510223
3	25279	1.616129530207	-8.0796060562134
3	25292	1.617071725036	-4.2447557449341
3	25299	1.617123895613	-6.3374214172363
3	25306	1.618058462396	-3.7814569473267
3	25310	1.618115060128	-7.7190828323364
3	25326	1.619098851235	-5.0838904380798
3	25330	1.619119036713	-4.877453327179
3	25337	1.620081317908	-2.8160407543182
3	25341	1.62014710624	-8.9268026351929
3	25357	1.621035212519	-9.570761680603
3	25361	1.621142595566	-6.8846416473389
3	25368	1.622003257228	-5.2537913322449
3	25372	1.622100730467	-7.1798324584961
3	25388	1.622962071188	-5.5013995170593
3	25392	1.62312329071	-5.6491279602051
3	25402	1.623912503204	-9.0344867706299
3	25406	1.624108541414	-6.0747685432434
3	25419	1.624889978765	-3.5745646953583
3	25426	1.625150067031	-7.8145403862
3	25433	1.625858234793	-6.5257291793823
3	25437	1.626151372858	-5.9349770545959
3	25453	1.626906800957	-3.8381645679474
3	25457	1.62715249948	-4.2219290733337
3	25464	1.62790850249	-5.7040615081787
3	25468	1.628151103172	-7.0827431678772
3	25484	1.628862343744	-5.466649055481
3	25488	1.629142231102	-5.781373500824
3	25492	1.629873238924	-5.4013576507568
3	25499	1.630166847312	-4.3518171310425
3	25515	1.630900091893	-5.315568447113
3	25519	1.631126496083	-4.2202076911926
3	25526	1.631935331555	-3.3042259216309
3	25530	1.632121538784	-5.5246863365173
3	25546	1.632906157238	-5.3533592224121
3	25550	1.633122151492	-3.1157257556915
3	25557	1.633913204142	-4.4323258399963
3	25564	1.634169307591	-5.8654870986938
3	25577	1.634954651026	-5.1341071128845
3	25581	1.635212307532	-4.2805533409119
3	25585	1.635937066373	-4.3116908073425
3	25592	1.636187201185	-4.5918741226196
3	25608	1.636955802477	-4.7687387466431
3	25612	1.637222256097	-4.045955657959
3	25619	1.637931598533	-4.2446613311768
3	25629	1.638238291721	-4.5773735046387
3	25639	1.638893799445	-3.9997179508209
3	25643	1.639269495964	-8.2920637130737
3	25650	1.639852118234	-8.0092821121216
3	25660	1.640271897636	-7.0051836967468
3	25670	1.640866479987	-3.6474709510803
3	25674	1.641278619589	-5.6548628807068
3	25684	1.641889805973	-7.8866519927979
3	25694	1.642327137354	-6.4177107810974
3	25704	1.642934505613	-7.1141967773438
3	25708	1.643360553758	-4.4967393875122
3	25718	1.643984390644	-8.9807357788086
3	25725	1.644375545741	-5.7336573600769
3	25735	1.645000387497	-6.4336895942688
3	25739	1.645389648216	-4.2589478492737
3	25746	1.646026622962	-4.9530210494995
3	25759	1.64637387013	-7.8697814941406
3	25766	1.64697934548	-6.8685541152954
3	25770	1.647327536363	-3.6374788284302
3	25780	1.648027162723	-6.8878474235535
3	25790	1.648369573995	-3.8002896308899
3	25794	1.64902748588	-3.3222835063934
3	25801	1.649362209589	-6.4124426841736
3	25811	1.650057538716	-6.6739344596863
3	25821	1.650400374301	-4.3791007995605
3	25825	1.651082441271	-5.4103050231934
3	25832	1.651374253262	-4.6854109764099
3	25842	1.652056771129	-5.6004118919373
3	25852	1.652391868545	-5.7299609184265
3	25856	1.65304200225	-4.440242767334
3	25860	1.65339972685	-4.5413184165955
3	25876	1.654084099761	-5.2011494636536
3	25883	1.654367206724	-4.9958748817444
3	25887	1.65510362578	-4.6006417274475
3	25891	1.655368157753	-3.8459992408752
3	25904	1.656153152065	-5.2232737541199
3	25911	1.656347366893	-4.741485118866
3	25918	1.65711149681	-3.5545449256897
3	25922	1.657323217938	-4.3699831962585
3	25935	1.658117300992	-5.7208743095398
3	25942	1.658341745625	-6.7039217948914
3	25949	1.659101798592	-5.4172458648682
3	25953	1.659332198553	-6.9655823707581
3	25966	1.660130660646	-6.4983668327332
3	25976	1.660358954595	-5.165620803833
3	25980	1.661118728083	-8.3159265518188
3	25984	1.661383296979	-6.080367565155
3	26003	1.66214615856	-3.7421333789825
3	26007	1.662392439716	-4.2869305610657
3	26014	1.663124188066	-5.7624068260193
3	26018	1.663418753729	-4.3220100402832
3	26031	1.66415408063	-4.8051452636719
3	26038	1.664374248051	-4.105574131012
3	26045	1.665121685571	-3.1123015880585
3	26049	1.665362300668	-4.990749835968
3	26062	1.666150529322	-5.5825238227844
3	26069	1.666381014621	-6.9574728012085
3	26076	1.667165009466	-6.0236320495605
3	26080	1.667380076303	-5.9152483940125
3	26093	1.668152714345	-4.5759315490723
3	26100	1.668370501559	-8.2904062271118
3	26107	1.669150305952	-4.4717807769775
3	26111	1.6693753634	-6.3789553642273
3	26124	1.670170955422	-7.6755876541138
3	26131	1.670337561722	-6.8885846138
3	26138	1.671123133301	-7.5260148048401
3	26142	1.671312413323	-5.7254791259766
3	26152	1.672170201155	-5.3357963562012
3	26159	1.672277812888	-8.0995349884033
3	26169	1.673168844627	-4.5072255134583
3	26173	1.673291478962	-10.868848800659
3	26183	1.674159021256	-4.1905498504639
3	26193	1.67432048039	-5.903772354126
3	26200	1.675203185774	-6.406304359436
3	26204	1.675334072576	-3.5831451416016
3	26217	1.676215748997	-6.0741729736328
3	26221	1.676319500446	-8.1810884475708
3	26231	1.677180882779	-4.363317489624
3	26238	1.677337745433	-6.4401535987854
3	26248	1.67820570301	-6.4552321434021
3	26252	1.678360864035	-9.3163585662842
3	26262	1.679203207893	-3.381306886673
3	26266	1.679319948704	-5.7534818649292
3	26279	1.68021928468	-4.7091884613037
3	26286	1.680286154949	-7.017409324646
3	26296	1.681236864536	-6.8213248252869
3	26300	1.6812867435	-5.3956413269043
3	26310	1.682252390656	-6.8267569541931
3	26314	1.6822658183	-6.8772187232971
3	26330	1.683224879902	-3.586541891098
3	26334	1.68328965553	-8.5848960876465
3	26344	1.684230670975	-6.4037718772888
3	26348	1.684293891032	-7.6966218948364
3	26361	1.685183004397	-7.1689381599426
3	26365	1.685251117646	-5.5128183364868
3	26375	1.686165165405	-3.4861164093018
3	26379	1.686251454485	-6.0680747032166
3	26389	1.687134056406	-4.4999113082886
3	26393	1.687211125498	-8.2143278121948
3	26406	1.688138461652	-5.9855737686157
3	26410	1.688252795251	-6.6916446685791
3	26420	1.689173895911	-3.8877577781677
3	26424	1.689302593728	-7.0147023200989
3	26437	1.690211417748	-5.3946046829224
3	26441	1.690315219001	-5.3174653053284
3	26448	1.691176627073	-5.4788317680359
3	26455	1.691278862394	-6.3493385314941
3	26468	1.692153262146	-7.1457901000977
3	26472	1.69231569387	-7.0032553672791
3	26482	1.693182558706	-6.3899359703064
3	26486	1.69334646764	-5.1537079811096
3	26499	1.69413993189	-4.3416781425476
3	26506	1.694385908989	-5.3300752639771
3	26510	1.69511507362	-6.7706036567688
3	26517	1.695398523695	-7.1128115653992
3	26530	1.696091177484	-4.6539855003357
3	26537	1.696390462334	-5.3976936340332
3	26541	1.697115632175	-3.0092263221741
3	26548	1.697386398764	-4.6954584121704
3	26561	1.698071577985	-4.6900496482849
3	26568	1.698404741135	-5.0804166793823
3	26572	1.699057660655	-7.446804523468
3	26579	1.699404619118	-5.2818994522095
3	26592	1.700047846892	-5.2392764091492
3	26596	1.700372115336	-8.3404541015625
3	26603	1.701059529622	-5.1278424263
3	26610	1.701340109057	-4.3266525268555
3	26617	1.702092806058	-3.5993876457214
3	26627	1.702310532635	-7.4842643737793
3	26640	1.703093175822	-4.4481911659241
3	26644	1.703301546845	-6.6991786956787
3	26651	1.704069019858	-5.1989245414734
3	26661	1.704333685344	-5.7866058349609
3	26668	1.705033636082	-4.9800262451172
3	26675	1.705328846576	-7.1191062927246
3	26682	1.706069831554	-6.0391302108765
3	26692	1.706358370989	-6.6252551078796
3	26699	1.70711896485	-4.9966073036194
3	26706	1.707319686994	-6.5567336082458
3	26713	1.70815843353	-7.484769821167
3	26723	1.708275035414	-6.7102708816528
3	26733	1.709185275775	-7.4408164024353
3	26737	1.709263847015	-7.33766746521
3	26747	1.710145100076	-5.3717088699341
3	26754	1.710287755606	-4.70241355896
3	26764	1.711151596384	-3.2263381481171
3	26768	1.711333201229	-6.1857452392578
3	26781	1.712134528282	-6.0964722633362
3	26785	1.712326495608	-5.6281709671021
3	26795	1.713118593687	-8.3919248580933
3	26799	1.71331212242	-3.7035541534424
3	26812	1.714137428948	-4.74582862854
3	26816	1.71433831922	-5.3911724090576
3	26826	1.715153694222	-3.5833888053894
3	26830	1.715352058282	-5.1158628463745
3	26843	1.716146102823	-4.3220300674438
3	26847	1.716314593398	-6.8139405250549
3	26857	1.717184699843	-4.1450796127319
3	26861	1.717341491247	-5.1498012542725
3	26874	1.718210199734	-6.6860690116882
3	26878	1.718305775092	-4.2452044487
3	26888	1.719215969777	-4.5596694946289
3	26892	1.719283069967	-7.4014339447021
3	26902	1.720182228515	-4.8844327926636
3	26906	1.720305969956	-4.2378911972046
3	26919	1.7211978385	-5.2248435020447
3	26923	1.721325511602	-8.0040826797485
3	26933	1.72218901822	-5.1802434921265
3	26937	1.722302294834	-7.2173156738281
3	26953	1.723202845495	-3.9729127883911
3	26957	1.72334272288	-4.4874920845032
3	26967	1.724205263195	-5.1726174354553
3	26971	1.724383495946	-3.9620966911316
3	26984	1.725163278783	-4.3446278572083
3	26988	1.725380636696	-4.0759377479553
3	26998	1.726136936158	-3.5210745334625
3	27002	1.726339513501	-6.6388301849365
3	27015	1.727178248275	-6.961169719696
3	27019	1.727341536968	-5.4088702201843
3	27029	1.728133331846	-6.6107401847839
3	27036	1.728361714699	-4.0055694580078
3	27046	1.729093624905	-5.7671461105347
3	27050	1.729348633101	-5.8281164169312
3	27060	1.730122667528	-3.4555633068085
3	27067	1.730384326159	-3.6473758220673
3	27074	1.731093496372	-5.9019575119019
3	27084	1.731402580926	-7.6676077842712
3	27091	1.732080785384	-5.4145498275757
3	27098	1.73240976158	-5.7503385543823
3	27105	1.733096428587	-7.1645970344543
3	27112	1.733400605314	-7.3122386932373
3	27122	1.734098685874	-6.2330298423767
3	27129	1.734380362957	-3.2252359390259
3	27136	1.735055352681	-6.5876941680908
3	27143	1.735402950134	-4.4358377456665
3	27153	1.736033573694	-6.1415848731995
3	27160	1.73641913505	-7.6152606010437
3	27167	1.737018324893	-9.1241321563721
3	27171	1.737401500542	-4.7411279678345
3	27181	1.737971576884	-5.1444892883301
3	27191	1.738389199849	-6.8289823532104
3	27198	1.739000024004	-4.9524841308594
3	27205	1.739371727071	-4.5579285621643
3	27215	1.740018455305	-5.9550085067749
3	27219	1.740412277052	-5.4299178123474
3	27229	1.740976049754	-5.9759206771851
3	27239	1.741439325315	-5.6254563331604
3	27246	1.74193005414	-5.1273350715637
3	27250	1.742469528971	-4.5350685119629
3	27263	1.74292018566	-5.7309579849243
3	27273	1.743436877045	-5.0227541923523
3	27280	1.743904120768	-4.3169755935669
3	27287	1.744405776367	-7.5144124031067
3	27294	1.744948671528	-6.4180898666382
3	27304	1.745392318978	-7.6355791091919
3	27311	1.745978498159	-5.0526509284973
3	27318	1.746428925865	-7.9538536071777
3	27325	1.746950533961	-6.2859134674072
3	27335	1.747478009214	-3.9729096889496
3	27342	1.747902862732	-7.8014459609985
3	27349	1.748436265122	-5.8555111885071
3	27353	1.748922961467	-7.0336098670959
3	27366	1.749391847026	-3.2684371471405
3	27373	1.749877049165	-5.6058239936829
3	27382	1.750388780495	-6.1588096618652
3	27389	1.750886927555	-7.8572654724121
3	27396	1.751417503393	-7.1714034080505
3	27406	1.751893305575	-4.6043872833252
3	27413	1.752451684903	-5.8890619277954
3	27420	1.752872349213	-5.3447642326355
3	27430	1.753436986298	-8.3711242675781
3	27437	1.753894928721	-5.6759119033813
3	27444	1.754484702199	-6.5337772369385
3	27451	1.75487504548	-6.7043380737305
3	27461	1.75545638989	-4.4344906806946
3	27468	1.75586756052	-5.2139058113098
3	27475	1.756499679806	-5.897611618042
3	27485	1.756900463235	-6.4211382865906
3	27492	1.757461260792	-5.1044330596924
3	27499	1.757860962646	-8.5378465652466
3	27506	1.758416977163	-5.5715703964233
3	27513	1.758820633755	-3.3873257637024
3	27523	1.759421058788	-4.1011581420898
3	27527	1.759858725357	-7.1001043319702
3	27537	1.760404046334	-6.4371657371521
3	27544	1.760855031997	-5.5615448951721
3	27554	1.761405883897	-5.0382251739502
3	27558	1.761861830526	-5.31591796875
3	27568	1.762407167126	-7.7722105979919
3	27578	1.762891383802	-5.988049030304
3	27588	1.763358755902	-3.908885717392
3	27595	1.763876700847	-5.6026697158813
3	27602	1.764329571269	-6.561252117157
3	27609	1.764844178115	-3.3179264068604
3	27619	1.765319260719	-6.2333426475525
3	27623	1.765795225386	-6.4286069869995
3	27633	1.766330998285	-8.2369041442871
3	27640	1.766775511786	-6.0179777145386
3	27650	1.767323710198	-5.9356255531311
3	27654	1.767745669558	-7.4375371932983
3	27664	1.768314427904	-8.9486141204834
3	27671	1.768767336439	-5.6969256401062
3	27681	1.769322138088	-6.187566280365
3	27685	1.769783384575	-6.7183575630188
3	27695	1.77034387949	-6.2254724502563
3	27702	1.770805844186	-5.8069424629211
3	27712	1.771322248456	-3.7976169586182
3	27716	1.771811382235	-4.1073846817017
3	27726	1.772325238037	-7.8588328361511
3	27733	1.772786924761	-6.7655434608459
3	27743	1.773374582728	-3.360942363739
3	27747	1.773755269475	-7.3962178230286
3	27757	1.774375687815	-7.2335720062256
3	27764	1.774727252546	-5.9234457015991
3	27774	1.775383384747	-5.119092464447
3	27778	1.775712339259	-5.8843331336975
3	27788	1.776398930304	-6.8779878616333
3	27795	1.776694802425	-4.5711488723755
3	27805	1.777360626602	-6.5536556243896
3	27809	1.777675545486	-4.6403994560242
3	27816	1.778348264266	-6.0734133720398
3	27826	1.778699253196	-4.0765337944031
3	27836	1.779364242945	-5.77814245224
3	27840	1.779680807647	-6.9893045425415
3	27850	1.780402346439	-5.9332113265991
3	27857	1.780726104116	-9.1705799102783
3	27867	1.781421660169	-8.0340757369995
3	27871	1.781725837162	-6.0463099479675
3	27887	1.782437728829	-0.88218754529953
3	27894	1.782712967988	-3.524430513382
3	27901	1.783422429231	-4.6910676956177
3	27905	1.783753759241	-3.5925621986389
3	27915	1.784388296864	-6.3263916969299
3	27922	1.784704585328	-3.3318676948547
3	27929	1.785372616753	-7.7002539634705
3	27936	1.785681275745	-4.4175000190735
3	27943	1.786398231436	-9.0230150222778
3	27953	1.786657160001	-5.5318336486816
3	27960	1.787364265554	-4.3218598365784
3	27967	1.787670643292	-4.409951210022
3	27977	1.788392191509	-4.6944952011108
3	27984	1.788703306973	-4.4564719200134
3	27994	1.789378982624	-4.584774017334
3	27998	1.789724984415	-5.6926803588867
3	28008	1.790364816329	-4.4658904075623
3	28015	1.790746759249	-4.9412040710449
3	28022	1.791314923983	-4.7446708679199
3	28029	1.791788880062	-4.2124695777893
3	28039	1.792345883274	-3.7364542484283
3	28049	1.792815891529	-4.6957020759583
3	28053	1.793301767061	-7.0708994865417
3	28060	1.793820192241	-5.6416897773743
3	28067	1.794270678407	-4.7084259986877
3	28080	1.794851270186	-6.2940154075623
3	28084	1.795238450212	-7.0299611091614
3	28091	1.795850658059	-6.7059917449951
3	28098	1.796207405856	-6.644820690155
3	28111	1.796833069673	-5.273138999939
3	28115	1.797200721409	-7.3813180923462
3	28122	1.797852859729	-5.164183139801
3	28126	1.798242610282	-5.5544567108154
3	28142	1.798827038363	-7.9264583587646
3	28146	1.799212383463	-4.923731803894
3	28153	1.799866421818	-4.8302621841431
3	28160	1.800169771134	-9.2972469329834
3	28170	1.800871401741	-7.2284965515137
3	28177	1.8011281878	-3.6323502063751
3	28184	1.801897713044	-3.4820747375488
3	28191	1.80208509274	-3.9298622608185
3	28207	1.802877326299	-3.6097726821899
3	28211	1.803120978725	-4.9138741493225
3	28218	1.803894389297	-5.6825466156006
3	28225	1.804076947424	-5.2771673202515
3	28238	1.804874440295	-4.7613797187805
3	28242	1.80511360834	-6.7316813468933
3	28252	1.805855954769	-5.0802879333496
3	28256	1.806143953657	-6.7472534179688
3	28269	1.806881488778	-4.4537997245789
3	28273	1.807176417272	-8.0954074859619
3	28283	1.807915231621	-7.2493691444397
3	28287	1.808167464545	-4.9547295570374
3	28300	1.808950026803	-4.3910765647888
3	28304	1.809130016668	-5.3051900863647
3	28314	1.809970770296	-3.9153430461884
3	28318	1.810095729862	-4.2456126213074
3	28331	1.810925038215	-6.3132829666138
3	28335	1.811079915545	-5.9059190750122
3	28345	1.811951436725	-8.6454219818115
3	28349	1.812033184678	-6.0845103263855
3	28362	1.812956052236	-8.3966932296753
3	28366	1.813079718408	-5.905659198761
3	28376	1.813923912228	-10.128885269165
3	28380	1.8140530458	-6.3639311790466
3	28393	1.814887306477	-3.3868644237518
3	28397	1.815099452895	-4.182092666626
3	28407	1.815894289539	-3.7387938499451
3	28411	1.816137747798	-4.1806373596191
3	28424	1.816874092717	-3.6879787445068
3	28428	1.817182993435	-7.0168423652649
3	28438	1.817839472106	-5.3694911003113
3	28442	1.818137680697	-7.8446264266968
3	28455	1.818866866311	-6.1123523712158
3	28459	1.819114771149	-5.8783392906189
3	28469	1.819831157993	-5.2370400428772
3	28473	1.820120763888	-6.6328573226929
3	28486	1.820847228387	-8.053786277771
3	28490	1.821122569898	-6.2592811584473
3	28500	1.821883094614	-7.0773210525513
3	28504	1.822116633263	-4.2005825042725
3	28520	1.822843338015	-5.6834907531738
3	28524	1.823070871286	-4.1024026870728
3	28534	1.823875631719	-5.3653998374939
3	28538	1.824098240144	-7.4662833213806
3	28551	1.824922954378	-6.9695234298706
3	28555	1.825120862048	-6.4231705665588
3	28565	1.825909779891	-7.3251233100891
3	28569	1.826160187711	-6.2848844528198
3	28582	1.826898036126	-5.8308835029602
3	28586	1.827201515409	-5.1155781745911
3	28593	1.827939021777	-5.4575786590576
3	28603	1.828208968775	-6.8669400215149
3	28613	1.828899773823	-6.3146452903748
3	28617	1.829243034385	-9.9424753189087
3	28621	1.829907759746	-2.2777013778687
3	28631	1.830221939836	-6.0191864967346
3	28644	1.830951395238	-8.0913543701172
3	28648	1.831197899665	-3.1999850273132
3	28655	1.831955491888	-5.6448483467102
3	28665	1.832205734345	-4.0153284072876
3	28675	1.832910114274	-5.5186448097229
3	28679	1.833179212094	-4.4896597862244
3	28686	1.833922200771	-5.1677341461182
3	28696	1.834140875469	-3.3346424102783
3	28706	1.83488952299	-6.8565554618835
3	28710	1.835180324575	-4.7034525871277
3	28717	1.835874893984	-5.9517841339111
3	28724	1.836130393597	-5.8978180885315
3	28737	1.836899402833	-5.5443921089172
3	28741	1.837089166102	-4.9900269508362
3	28751	1.83788751327	-3.1111032962799
3	28755	1.838116462727	-3.1980192661285
3	28768	1.838857223971	-6.9532470703125
3	28772	1.839130065796	-5.0346703529358
3	28782	1.839862182005	-8.3561325073242
3	28789	1.840107605317	-5.6294827461243
3	28799	1.84091082323	-3.4877200126648
3	28803	1.84112897227	-4.4755659103394
3	28813	1.841955539838	-4.7777738571167
3	28820	1.842159369299	-3.6491041183472
3	28833	1.842979587497	-4.7687554359436
3	28837	1.843186228579	-5.2151651382446
3	28850	1.844013893159	-6.5223574638367
3	28854	1.844219829904	-6.0569968223572
3	28864	1.845005488085	-4.157618522644
3	28868	1.845241606658	-10.072192192078
3	28881	1.845998669746	-5.9248433113098
3	28885	1.846263297865	-2.6588389873505
3	28895	1.847006982592	-9.1650953292847
3	28899	1.847289981711	-6.7320995330811
3	28912	1.848039334336	-6.0831527709961
3	28916	1.848282824605	-6.0082836151123
3	28926	1.849031042848	-6.5853877067566
3	28933	1.849330909574	-6.2966022491455
3	28943	1.850034114959	-6.9467444419861
3	28947	1.850379936584	-5.2643790245056
3	28957	1.851076248414	-7.2431282997131
3	28961	1.851363398419	-8.8321342468262
3	28974	1.852121081581	-6.2295951843262
3	28978	1.852407963056	-5.8932709693909
3	28988	1.85317079834	-6.5795068740845
3	28992	1.85344663911	-4.1562275886536
3	29005	1.854194793763	-5.4024815559387
3	29009	1.854411130563	-3.5691342353821
3	29019	1.855181065756	-7.688756942749
3	29023	1.855388332961	-3.9195652008057
3	29036	1.856148220732	-5.4466876983643
3	29043	1.856344429442	-5.1460552215576
3	29050	1.857181847402	-4.7037992477417
3	29054	1.857301323224	-10.493386268616
3	29070	1.858188786044	-4.2986001968384
3	29074	1.858308726615	-7.6058464050293
3	29081	1.85918553828	-6.0059223175049
3	29085	1.859324501131	-6.0359663963318
3	29101	1.860184135251	-5.4235167503357
3	29105	1.860324363905	-5.9819941520691
3	29112	1.861188201074	-6.3777451515198
3	29116	1.86128654754	-8.0875730514526
3	29129	1.862157709165	-5.1509203910828
3	29139	1.862313542886	-6.4120945930481
3	29143	1.863117782063	-9.1608695983887
3	29150	1.863318962673	-5.5301456451416
3	29163	1.864147498249	-5.7660875320435
3	29167	1.864292541156	-6.8392095565796
3	29174	1.865158620215	-5.702440738678
3	29181	1.865281641892	-5.7617835998535
3	29194	1.866164509953	-6.1322522163391
3	29198	1.866241566307	-6.9403839111328
3	29208	1.867210326954	-7.5992217063904
3	29212	1.867242241844	-6.8421230316162
3	29222	1.868160986387	-5.6474723815918
3	29229	1.868274065004	-4.8142266273499
3	29239	1.869135132505	-6.0761771202087
3	29243	1.869236257549	-4.8682804107666
3	29253	1.87013747595	-6.5794568061829
3	29260	1.870274717516	-6.1294078826904
3	29270	1.871090586747	-2.9967143535614
3	29274	1.87130496813	-4.2057619094849
3	29281	1.8721260227	-5.7425608634949
3	29291	1.87226334492	-4.2960534095764
3	29301	1.87317206746	-7.1118350028992
3	29305	1.873280338781	-7.393424987793
3	29315	1.874183684269	-7.85884141922
3	29322	1.874274945019	-4.8760643005371
3	29332	1.875217837114	-5.5237522125244
3	29336	1.875262764567	-6.8119144439697
3	29346	1.876200300967	-7.0818681716919
3	29350	1.876303208538	-6.4318709373474
3	29363	1.877187369849	-4.8616237640381
3	29367	1.877253288791	-6.4433126449585
3	29374	1.878175159913	-5.1075124740601
3	29378	1.878243351106	-4.7461943626404
3	29394	1.879133601092	-4.6730852127075
3	29398	1.879217695105	-4.5776958465576
3	29402	1.880113997984	-5.7439637184143
3	29406	1.880183415033	-4.3662843704224
3	29425	1.881074322503	-4.93430519104
3	29429	1.881148395597	-7.6943559646606
3	29433	1.882081780938	-7.1620135307312
3	29437	1.882108248351	-4.1517424583435
3	29459	1.883089917199	-7.860203742981
3	29463	1.88309145322	-6.8882446289062
3	29467	1.884082597116	-2.4044754505157
3	29471	1.884101010448	-7.1240434646606
3	29490	1.885067096819	-4.9677700996399
3	29494	1.885127888937	-6.3567442893982
3	29498	1.886041807807	-4.6575546264648
3	29502	1.886166042476	-5.0942649841309
3	29521	1.887036251895	-6.5685119628906
3	29525	1.887172725854	-5.4410963058472
3	29535	1.888083709858	-6.2453379631042
3	29539	1.888126389291	-7.4929461479187
3	29552	1.889088391382	-6.0037541389465
3	29556	1.889152271578	-5.0281915664673
3	29566	1.890125157496	-5.9082021713257
3	29570	1.890160042165	-4.0642647743225
3	29583	1.891147231503	-5.6484365463257
3	29587	1.891184698528	-3.9633224010468
3	29600	1.892188508367	-4.0497093200684
3	29604	1.892224449157	-7.1175155639648
3	29614	1.893139458795	-5.0760383605957
3	29618	1.893244851539	-5.692943572998
3	29628	1.894187987497	-4.8603324890137
3	29632	1.894227642291	-7.2459754943848
3	29645	1.895202467523	-5.196346282959
3	29649	1.895217741092	-7.2180023193359
3	29659	1.896175197104	-6.0342354774475
3	29663	1.896242491708	-4.17014503479
3	29676	1.897148047314	-5.2543330192566
3	29680	1.89720295045	-4.9703159332275
3	29690	1.898133348709	-3.0696465969086
3	29694	1.898247061811	-5.0562582015991
3	29707	1.899159041265	-5.0881881713867
3	29711	1.899278070402	-8.8367567062378
3	29721	1.900186373028	-9.1390466690063
3	29728	1.900281805526	-5.2229642868042
3	29738	1.901227227717	-4.349681854248
3	29742	1.901289012718	-5.0418710708618
3	29752	1.902202626053	-6.3861026763916
3	29756	1.90226316901	-6.2678823471069
3	29772	1.903156044354	-4.5089416503906
3	29776	1.903310448645	-4.8665471076965
3	29786	1.904154977465	-2.4354243278503
3	29793	1.904273426506	-4.5383262634277
3	29803	1.905107388346	-5.4191646575928
3	29807	1.905292922006	-4.9803681373596
3	29814	1.906070238912	-7.0118503570557
3	29824	1.906339425461	-10.117712974548
3	29834	1.907085356488	-4.0067811012268
3	29838	1.907323586301	-5.5125942230225
3	29845	1.908109082333	-9.6774005889893
3	29849	1.908302012267	-4.913923740387
3	29865	1.909153328649	-5.7550411224365
3	29872	1.909342222294	-8.7236633300781
3	29876	1.910183835193	-5.1710381507874
3	29880	1.910316574868	-5.2229337692261
3	29899	1.911204591386	-6.3661847114563
3	29903	1.911330256714	-5.5120768547058
3	29907	1.912249720635	-5.8636150360107
3	29911	1.912320913207	-6.8375639915466
3	29927	1.913243010783	-7.4352192878723
3	29934	1.913289695886	-3.2997727394104
3	29938	1.914272998175	-4.9627366065979
3	29945	1.914327493073	-7.1479477882385
3	29961	1.915307227359	-3.6171946525574
3	29965	1.915356945548	-7.7407059669495
3	29972	1.916347317391	-5.6430320739746
3	29976	1.916406128319	-5.6671175956726
3	29992	1.917317413187	-6.0573840141296
3	29996	1.917363869747	-3.290694475174
3	30000	1.918329789209	-6.2995672225952
3	30004	1.918381814264	-5.1394176483154
3	30020	1.91936686161	-5.5256700515747
3	30027	1.919427561725	-4.5992183685303
3	30031	1.920341737532	-5.9423441886902
3	30038	1.920417155299	-6.2077856063843
3	30054	1.921344869441	-4.4680852890015
3	30058	1.921410393396	-4.9144611358643
3	30065	1.922368174967	-5.8278388977051
3	30072	1.922408356249	-5.6713652610779
3	30085	1.923355953487	-3.5946671962738
3	30089	1.92339706418	-4.7114019393921
3	30102	1.924347627822	-5.8665981292725
3	30106	1.92436105325	-4.6408410072327
3	30116	1.925338983669	-4.5555129051208
3	30120	1.925370681335	-4.9290904998779
3	30133	1.926322147338	-4.5268087387085
3	30137	1.926389549206	-5.1160893440247
3	30147	1.927325560441	-3.4979438781738
3	30151	1.927351379181	-8.4155435562134
3	30164	1.928365327406	-7.0664567947388
3	30168	1.928387209778	-6.3420438766479
3	30178	1.929352125491	-3.8620901107788
3	30182	1.929353039318	-6.8651719093323
3	30195	1.930308927234	-5.1930656433105
3	30202	1.930330619656	-4.5416088104248
3	30209	1.931299581089	-6.0750303268433
3	30213	1.931341729598	-6.9361348152161
3	30226	1.932317129625	-6.8513159751892
3	30230	1.932376226439	-5.1154103279114
3	30243	1.93329076229	-4.6703100204468
3	30247	1.933351326846	-6.1476125717163
3	30254	1.934304085989	-6.5701179504395
3	30258	1.934308445595	-7.1667127609253
3	30274	1.935264219848	-4.794517993927
3	30278	1.935305375329	-8.356990814209
3	30285	1.93623323877	-5.1873326301575
3	30289	1.936349252074	-10.072443008423
3	30305	1.937244319411	-5.9669694900513
3	30309	1.937364880338	-9.249641418457
3	30316	1.938263598237	-7.0354504585266
3	30320	1.938370888495	-7.0091948509216
3	30336	1.939252809431	-5.7550740242004
3	30340	1.939372796017	-3.5611770153046
3	30347	1.940289764719	-4.9458179473877
3	30351	1.940329620342	-5.3871722221375
3	30367	1.941331708417	-5.3393211364746
3	30371	1.941358058161	-8.2259502410889
3	30378	1.942297729374	-4.7998533248901
3	30382	1.94231430984	-3.6221668720245
3	30401	1.943298129539	-8.5882110595703
3	30405	1.943302553723	-5.2929105758667
3	30412	1.944273656115	-5.4133067131042
3	30416	1.944290314852	-7.1847658157349
3	30432	1.945281898067	-5.050802230835
3	30436	1.945297752229	-7.0124869346619
3	30446	1.946297316128	-6.7814855575562
3	30450	1.946317437288	-5.375328540802
3	30463	1.947274261418	-5.8446435928345
3	30467	1.947309191048	-4.448043346405
3	30474	1.948288927171	-7.668360710144
3	30478	1.948347126302	-7.2596406936646
3	30494	1.949303846686	-6.9235663414001
3	30498	1.949351290909	-8.6230583190918
3	30505	1.950258034797	-5.8249287605286
3	30512	1.950397444246	-5.4391026496887
3	30525	1.951261125547	-4.3130879402161
3	30529	1.951372580219	-7.0520033836365
3	30539	1.952281219457	-6.9561457633972
3	30543	1.952410811814	-6.0287036895752
3	30556	1.953314365998	-3.9564487934113
3	30560	1.953387699242	-5.742115020752
3	30567	1.954329160062	-7.8312911987305
3	30574	1.954366472937	-6.3751535415649
3	30587	1.955327466348	-6.4111738204956
3	30591	1.955404474559	-6.7087292671204
3	30598	1.956360091951	-2.6298298835754
3	30602	1.95637514038	-5.1281232833862
3	30618	1.957383776365	-3.8169198036194
3	30622	1.957417139603	-5.9867072105408
3	30629	1.958421940292	-4.1162323951721
3	30633	1.958447885564	-6.3227367401123
3	30649	1.959440395648	-3.9004623889923
3	30653	1.959441811488	-10.387504577637
3	30663	1.960397109531	-7.1623430252075
3	30667	1.960489439165	-10.847368240356
3	30677	1.961400397044	-6.4695196151733
3	30684	1.961534249055	-6.4615545272827
3	30691	1.962390356607	-4.9810991287231
3	30704	1.962556467885	-4.7919301986694
3	30711	1.963410812127	-4.3398551940918
3	30715	1.963578658766	-4.907274723053
3	30725	1.964388190801	-3.4049572944641
3	30735	1.964533693766	-8.2547101974487
3	30742	1.965370021071	-5.5626330375671
3	30746	1.965578241976	-6.0148773193359
3	30759	1.966383602901	-7.1221771240234
3	30763	1.966543687632	-7.3920769691467
3	30773	1.967414761106	-5.4882011413574
3	30777	1.967550032869	-5.4170107841492
3	30790	1.968367922065	-4.6977806091309
3	30794	1.968595824444	-3.9030163288116
3	30804	1.969364413464	-4.4394574165344
3	30808	1.96954606274	-6.3429636955261
3	30821	1.970340397946	-4.8642024993896
3	30825	1.97052416622	-7.4497561454773
3	30835	1.971334000512	-5.9418368339539
3	30839	1.971488247356	-12.21605682373
3	30852	1.972340834656	-5.406259059906
3	30859	1.972451075464	-4.5755167007446
3	30866	1.973336810046	-4.7669563293457
3	30870	1.973459572807	-8.4943733215332
3	30883	1.974353705568	-8.6421232223511
3	30887	1.974503162243	-8.4530925750732
3	30897	1.975354342173	-5.4706072807312
3	30901	1.975496965373	-4.4713878631592
3	30914	1.976375750087	-4.4782071113586
3	30918	1.976544686795	-6.2359166145325
3	30928	1.977365616637	-5.2946443557739
3	30932	1.97757545388	-5.8145794868469
3	30945	1.978319182436	-4.7455639839172
3	30955	1.978599416126	-5.9473524093628
3	30959	1.979368186314	-6.74738073349
3	30963	1.979572804571	-5.1669974327087
3	30973	1.980334223918	-4.4003953933716
3	30983	1.98052827307	-5.7328667640686
3	30990	1.981310496733	-4.8280029296875
3	30997	1.981514022626	-6.9525923728943
3	31007	1.982349716911	-6.0426893234253
3	31011	1.982488617478	-7.6687693595886
3	31024	1.983312699927	-4.8523020744324
3	31028	1.98347231356	-4.978816986084
3	31038	1.984290996297	-2.647280216217
3	31048	1.984510600415	-3.9085638523102
3	31055	1.985336171121	-5.3150229454041
3	31059	1.985488579218	-7.6630640029907
3	31069	1.986305230853	-5.428747177124
3	31076	1.986493386177	-6.4458165168762
3	31086	1.987323950022	-2.9625957012177
3	31090	1.987529449797	-5.781662940979
3	31103	1.988366864933	-8.1556282043457
3	31110	1.988508728174	-5.3720808029175
3	31117	1.989363678639	-6.5513138771057
3	31121	1.989521282586	-4.2637419700623
3	31134	1.990338255167	-4.7932024002075
3	31138	1.990526398636	-5.5417122840881
3	31148	1.991291150312	-6.9823002815247
3	31152	1.991573053326	-5.6152210235596
3	31165	1.992295392786	-6.0104007720947
3	31175	1.992595663888	-5.4883575439453
3	31179	1.993322280327	-5.9162316322327
3	31183	1.993623313756	-7.372124671936
3	31196	1.994367575266	-3.5377945899963
3	31200	1.994619407158	-6.0550451278687
3	31210	1.995385071529	-4.1787061691284
3	31214	1.995619290656	-5.262622833252
3	31227	1.996379363474	-5.2370352745056
3	31234	1.996584881107	-3.7308914661407
3	31241	1.997386330471	-4.9860119819641
3	31245	1.997593944694	-12.667392730713
3	31258	1.998435725878	-5.3509531021118
3	31262	1.998554402252	-7.3565888404846
3	31272	1.999421504656	-4.0180225372314
3	31276	1.999536413204	-6.2556190490723
3	31291	2.000383529855	-4.6894993782043
3	31295	2.00056757535	-6.7911405563354
3	31305	2.001406397106	-7.201756477356
3	31309	2.001565835308	-6.3380942344666
3	31322	2.002394103638	-4.0569977760315
3	31326	2.00256899209	-3.9991402626038
3	31339	2.003351654204	-4.7350587844849
3	31343	2.003550342767	-5.45250415802
3	31353	2.00430666905	-4.5872926712036
3	31360	2.004551848256	-7.0521531105042
3	31370	2.005332155564	-3.3185076713562
3	31374	2.00553657989	-4.898166179657
3	31381	2.006298471506	-4.5499811172485
3	31394	2.006562024572	-6.787645816803
3	31401	2.007275002964	-4.5311789512634
3	31405	2.007586240372	-8.5376586914062
3	31415	2.008233773803	-4.3871550559998
3	31428	2.008578832335	-6.2073864936829
3	31432	2.009183870911	-7.2957878112793
3	31436	2.009592552391	-9.4126176834106
3	31446	2.010226283022	-5.9279403686523
3	31459	2.010549366489	-4.8427143096924
3	31463	2.011251330959	-5.8827466964722
3	31467	2.011569162374	-7.5026001930237
3	31483	2.012251719926	-7.5645637512207
3	31490	2.012574198259	-8.1307048797607
3	31494	2.013235036827	-4.6141958236694
3	31501	2.013541378943	-8.8861436843872
3	31511	2.014187892885	-5.6881995201111
3	31521	2.014505350601	-7.5403990745544
3	31525	2.01520395305	-5.6244988441467
3	31529	2.015489415662	-3.9377171993256
3	31542	2.016163550067	-5.7430691719055
3	31549	2.016455416734	-2.7990984916687
3	31556	2.017136642165	-3.5755834579468
3	31563	2.017463915109	-3.4705600738525
3	31570	2.018097205421	-5.5020322799683
3	31580	2.018507673833	-7.9523191452026
3	31587	2.019070432604	-3.7785000801086
3	31594	2.019473522163	-6.0560665130615
3	31601	2.020063429282	-5.0831899642944
3	31611	2.0204254127	-6.2361040115356
3	31621	2.021096066943	-3.8099420070648
3	31625	2.021392035256	-5.4769854545593
3	31629	2.022075906201	-7.1426906585693
3	31639	2.022406544053	-6.4345369338989
3	31655	2.023114047455	-8.9217596054077
3	31659	2.023415341505	-9.7758026123047
3	31663	2.024068666519	-7.2345814704895
3	31670	2.024427183806	-5.2181649208069
3	31686	2.025092338231	-4.7360129356384
3	31690	2.025403973052	-6.181489944458
3	31694	2.026138432047	-7.1353917121887
3	31704	2.026443556044	-5.7621297836304
3	31714	2.02717567589	-4.150511264801
3	31721	2.027395205191	-6.1028761863708
3	31728	2.028145642391	-4.8140916824341
3	31732	2.028356246615	-5.8823881149292
3	31748	2.029168785226	-4.6694130897522
3	31752	2.029315194298	-7.1454071998596
3	31759	2.030185544644	-5.0013990402222
3	31766	2.030276170131	-4.8878984451294
3	31779	2.031160724521	-5.7756457328796
3	31783	2.031297966621	-6.152449131012
3	31793	2.032210488734	-2.7864320278168
3	31797	2.032329094073	-5.3182864189148
3	31807	2.033181704534	-4.2086472511292
3	31814	2.033375142455	-5.4070158004761
3	31824	2.03418916531	-4.9569411277771
3	31828	2.034408186258	-7.8656368255615
3	31838	2.035231483688	-8.616114616394
3	31845	2.035417141545	-5.7965416908264
3	31855	2.036255180425	-5.9287662506104
3	31859	2.036380590644	-8.4288082122803
3	31869	2.037234329503	-8.7509460449219
3	31876	2.037389782828	-5.6232347488403
3	31886	2.038195813569	-6.1308994293213
3	31890	2.038361278224	-4.5208258628845
3	31900	2.039190747719	-7.3400106430054
3	31907	2.039380206955	-3.3955824375153
3	31917	2.040143842334	-5.2261061668396
3	31921	2.040408652065	-6.6356768608093
3	31928	2.041115782291	-4.8918538093567
3	31938	2.041387106411	-4.925407409668
3	31945	2.042102331022	-4.1371154785156
3	31952	2.042369817248	-8.1918087005615
3	31956	2.043078139368	-4.0086236000061
3	31972	2.043353172865	-7.4112162590027
3	31979	2.044102167083	-5.8721857070923
3	31986	2.044376968727	-6.2766809463501
3	31993	2.04511831493	-5.2165565490723
3	32000	2.045350581699	-6.178964138031
3	32007	2.04607026754	-7.3609342575073
3	32014	2.046360602024	-5.3857345581055
3	32024	2.047068581155	-5.747465133667
3	32031	2.047367636706	-8.0938882827759
3	32038	2.048046763516	-5.3893599510193
3	32045	2.048410532081	-5.3215179443359
3	32055	2.049084665525	-5.9088592529297
3	32062	2.04938171896	-4.0725274085999
3	32069	2.050079292267	-9.5930223464966
3	32076	2.050341730792	-5.445023059845
3	32089	2.05105825996	-5.7588987350464
3	32093	2.051363532416	-3.4806191921234
3	32100	2.052104811536	-4.8008480072021
3	32104	2.052389408622	-5.1453423500061
3	32120	2.053060845939	-6.495087146759
3	32124	2.053424160274	-6.7492823600769
3	32131	2.054061475305	-5.4349589347839
3	32138	2.054397113928	-5.1678290367126
3	32151	2.055068074505	-5.0107455253601
3	32155	2.055439696144	-4.8170394897461
3	32159	2.056078690193	-6.1712055206299
3	32169	2.056481595186	-2.6311013698578
3	32182	2.057096216771	-5.1317358016968
3	32186	2.057446834133	-4.1028280258179
3	32190	2.058120923008	-1.6313209533691
3	32200	2.058434524098	-3.8287904262543
3	32213	2.059151189004	-4.3191885948181
3	32217	2.059417737348	-5.267050743103
3	32224	2.060160918827	-7.8908414840698
3	32228	2.060430643074	-6.4987316131592
3	32244	2.061204360076	-6.8519263267517
3	32248	2.061457019426	-5.4119634628296
3	32255	2.062247172763	-3.5779759883881
3	32262	2.062492072299	-4.4548363685608
3	32278	2.063240948894	-8.2982387542725
3	32282	2.063496983681	-6.7604312896729
3	32292	2.064227558344	-5.2688655853271
3	32296	2.064461950661	-5.713538646698
3	32309	2.065237461328	-6.443555355072
3	32313	2.065489820173	-5.4124612808228
3	32323	2.066216533678	-5.8952221870422
3	32327	2.066453693003	-5.712779045105
3	32337	2.067183379418	-6.6782097816467
3	32344	2.067415018983	-3.7750113010406
3	32354	2.068194118341	-4.7408409118652
3	32358	2.06845396306	-4.3402452468872
3	32368	2.069182971713	-7.8808350563049
3	32375	2.069427074987	-6.4051399230957
3	32382	2.070169736536	-4.4995446205139
3	32389	2.070387915006	-6.979953289032
3	32399	2.07113039414	-5.4077014923096
3	32403	2.07137178587	-8.2371397018433
3	32413	2.072103043963	-6.4200439453125
3	32417	2.072328299575	-2.7086338996887
3	32430	2.073135600647	-5.80508852005
3	32434	2.073339735771	-6.2902331352234
3	32444	2.074165387191	-3.5667810440063
3	32448	2.074351861348	-7.3118586540222
3	32461	2.075160400646	-5.1578583717346
3	32468	2.075377293172	-5.6077632904053
3	32475	2.076148562574	-3.6747236251831
3	32479	2.076328578021	-5.1931681632996
3	32492	2.077112571995	-5.0671181678772
3	32496	2.077363401427	-5.8903102874756
3	32506	2.078151635352	-6.2090525627136
3	32510	2.078341309423	-7.1355538368225
3	32523	2.079105702479	-6.0564970970154
3	32527	2.079342638988	-5.1365838050842
3	32534	2.080150756722	-2.5434923171997
3	32541	2.080340673105	-6.7539520263672
3	32554	2.081102191802	-6.382396697998
3	32558	2.08135769536	-6.9031577110291
3	32565	2.082118082112	-5.019193649292
3	32572	2.082342914485	-4.2469248771667
3	32588	2.083166471082	-7.4899706840515
3	32595	2.083385252862	-4.3745942115784
3	32599	2.084119518186	-5.4618940353394
3	32606	2.084375677363	-6.9610333442688
3	32619	2.085138141108	-6.2513618469238
3	32626	2.085360784474	-6.132511138916
3	32630	2.086139230721	-5.6155896186829
3	32634	2.086316315587	-7.0882606506348
3	32650	2.08715474056	-8.1765432357788
3	32654	2.087276109946	-8.6771373748779
3	32661	2.088135988349	-6.2947006225586
3	32665	2.08824690102	-9.9953317642212
3	32681	2.089161454811	-5.7706623077393
3	32688	2.089269650632	-6.0706553459167
3	32692	2.090143295766	-6.1904129981995
3	32696	2.090270327031	-9.7863721847534
3	32712	2.091134136161	-4.9148759841919
3	32716	2.091235528758	-3.6790523529053
3	32723	2.092098578683	-4.1785416603088
3	32727	2.092196565578	-6.0735440254211
3	32743	2.093135172245	-5.0289888381958
3	32747	2.093189627712	-6.0112524032593
3	32754	2.094126388462	-6.4132452011108
3	32758	2.094167508361	-4.7032871246338
3	32774	2.0951247934	-7.2231578826904
3	32778	2.095183316019	-4.8921279907227
3	32785	2.096129897833	-4.578971862793
3	32789	2.09617217413	-7.795557975769
3	32805	2.097091768423	-4.5005035400391
3	32809	2.097172065158	-5.2757306098938
3	32816	2.098069070876	-3.8980190753937
3	32823	2.098135925609	-7.2212762832642
3	32836	2.099095684868	-4.8134074211121
3	32840	2.099123173597	-4.9104137420654
3	32847	2.100067768656	-6.2070231437683
3	32854	2.100132827995	-5.7666397094727
3	32867	2.101077962042	-5.9667172431946
3	32871	2.101145331993	-5.1954288482666
3	32884	2.102124578468	-3.1145708560944
3	32888	2.1021721323	-3.0621130466461
3	32901	2.103168922325	-5.4984951019287
3	32905	2.103172460784	-7.6651244163513
3	32918	2.104146040359	-4.7471356391907
3	32922	2.104167602342	-7.0187721252441
3	32932	2.1051212111	-6.4842658042908
3	32936	2.105129406306	-5.8146748542786
3	32943	2.10612834403	-5.3758578300476
3	32950	2.10616878279	-5.2727842330933
3	32960	2.107119376075	-6.1669521331787
3	32964	2.10719456942	-8.3702030181885
3	32974	2.108078166179	-5.3081483840942
3	32978	2.108163455781	-8.3393058776855
3	32991	2.109126977821	-3.8931376934052
3	32995	2.109144237641	-4.0738716125488
3	33005	2.110103260847	-7.5691585540771
3	33012	2.110160433543	-3.2992885112762
3	33022	2.111110579896	-6.6555881500244
3	33026	2.111118420234	-5.6493282318115
3	33039	2.112141435988	-5.3674635887146
3	33043	2.112146983512	-6.6763024330139
3	33053	2.113106613207	-3.3660628795624
3	33057	2.113126529491	-4.8776025772095
3	33070	2.114099206994	-4.6257562637329
3	33074	2.114132498956	-7.2532663345337
3	33084	2.11506150454	-4.9009666442871
3	33088	2.11516497019	-6.1630258560181
3	33101	2.116018206531	-5.4671688079834
3	33105	2.116156227529	-8.5185060501099
3	33115	2.117044366536	-6.7218961715698
3	33119	2.117205554122	-4.9872689247131
3	33132	2.118016350548	-10.280136108398
3	33136	2.118220130314	-7.8984565734863
3	33146	2.119038318719	-5.4210729598999
3	33153	2.119251073399	-9.0722436904907
3	33163	2.12008475697	-6.9910478591919
3	33167	2.120276881759	-7.2607402801514
3	33177	2.121104117956	-5.2559218406677
3	33184	2.121294818148	-6.8766403198242
3	33194	2.122074567879	-6.4592981338501
3	33198	2.122298192214	-7.5050187110901
3	33214	2.123103705568	-6.7907848358154
3	33218	2.123275751623	-7.7476878166199
3	33228	2.124088919878	-4.9285564422607
3	33232	2.124235982741	-4.7042746543884
3	33245	2.125137862263	-4.3056049346924
3	33249	2.125269881865	-8.390305519104
3	33259	2.1261724871	-4.2777519226074
3	33263	2.126258884273	-5.679699420929
3	33276	2.127200579727	-5.4392576217651
3	33280	2.127270094661	-6.776554107666
3	33290	2.128188473135	-7.404972076416
3	33294	2.128291277159	-5.7176108360291
3	33304	2.129168740762	-3.858039855957
3	33311	2.129316458409	-5.8606038093567
3	33321	2.130213753823	-3.4968762397766
3	33325	2.130294089728	-4.373788356781
3	33335	2.131219246414	-4.8582444190979
3	33342	2.13133617834	-4.6705727577209
3	33352	2.13226263148	-3.9963459968567
3	33356	2.13229640935	-5.5874743461609
3	33366	2.133276540625	-4.3445658683777
3	33370	2.133309223413	-7.0364336967468
3	33383	2.134260429123	-6.107449054718
3	33387	2.134293140179	-7.0158457756042
3	33397	2.135253655184	-4.4719696044922
3	33401	2.13525734345	-5.29984998703
3	33414	2.1362619236	-5.2935009002686
3	33418	2.13630239429	-7.8826508522034
3	33428	2.13727943698	-7.3213863372803
3	33432	2.137301599499	-7.8599133491516
3	33445	2.138275012527	-4.9755835533142
3	33449	2.138293317095	-6.0882258415222
3	33459	2.139231643275	-2.8502027988434
3	33463	2.139255939673	-4.7642545700073
3	33476	2.140208391766	-6.4994068145752
3	33480	2.140227663842	-6.9699912071228
3	33493	2.141178774703	-4.0680289268494
3	33497	2.141250227774	-6.4779200553894
3	33507	2.142217857543	-8.9518432617188
3	33511	2.142222480565	-6.2158665657043
3	33527	2.143170859677	-4.7274990081787
3	33531	2.143222765553	-6.7450928688049
3	33541	2.144190725635	-4.4114294052124
3	33545	2.144228689921	-4.1690430641174
3	33558	2.145180637023	-4.1604614257812
3	33562	2.145210616778	-3.8604555130005
3	33572	2.146158745953	-7.1249108314514
3	33576	2.146237478447	-6.1606893539429
3	33589	2.147125823404	-3.2385694980621
3	33596	2.147195411057	-4.9422144889832
3	33603	2.14815150003	-4.0760989189148
3	33607	2.148179016108	-6.7502603530884
3	33620	2.149104714851	-1.9070941209793
3	33627	2.149168358267	-4.0844354629517
3	33634	2.150105029178	-7.116717338562
3	33638	2.150176910116	-6.9068012237549
3	33651	2.151071585411	-3.0942513942719
3	33655	2.151216931182	-2.9207005500793
3	33665	2.152120838298	-5.7539739608765
3	33669	2.152184187536	-5.3100190162659
3	33682	2.153167582446	-5.8195915222168
3	33686	2.153197774953	-6.4011888504028
3	33696	2.154170416707	-4.0482206344604
3	33700	2.154172118106	-6.6877336502075
3	33716	2.155160821843	-5.1890058517456
3	33720	2.155160865646	-5.6645922660828
3	33727	2.156140942422	-3.4275076389313
3	33731	2.156197164951	-4.5685000419617
3	33747	2.157142606044	-5.1958069801331
3	33754	2.157237862539	-6.7900948524475
3	33758	2.158129577956	-7.950502872467
3	33762	2.15822394868	-8.1431913375854
3	33775	2.159150988958	-4.7581367492676
3	33782	2.159193940393	-8.3004522323608
3	33789	2.160120742551	-8.9507675170898
3	33793	2.160226245279	-3.4805161952972
3	33806	2.161168059379	-6.9703154563904
3	33813	2.161264451205	-2.9772975444794
3	33820	2.162209316863	-7.2040109634399
3	33824	2.162240169602	-7.1452922821045
3	33843	2.163238007509	-5.8695573806763
3	33847	2.163270496612	-4.9901599884033
3	33854	2.164235879587	-5.6604981422424
3	33858	2.164281098282	-5.5135612487793
3	33874	2.165241379221	-5.0775442123413
3	33878	2.165254763976	-6.6966829299927
3	33885	2.166200223391	-4.8744306564331
3	33889	2.166242398535	-6.1594014167786
3	33905	2.167250106063	-5.5966186523438
3	33912	2.16727872221	-5.0398902893066
3	33916	2.168276920216	-8.2041635513306
3	33920	2.168291263506	-5.2749066352844
3	33936	2.169277910307	-5.857241153717
3	33940	2.169309429524	-6.1128931045532
3	33947	2.170249828417	-8.3006362915039
3	33951	2.170347998364	-6.8680305480957
3	33967	2.171250925547	-6.4135994911194
3	33971	2.17137694869	-6.2187275886536
3	33978	2.172260356917	-7.0726103782654
3	33982	2.17236548767	-3.1994264125824
3	33998	2.173265720747	-7.7442255020142
3	34002	2.173333769539	-4.6532044410706
3	34009	2.174276012084	-5.6714143753052
3	34013	2.174357026057	-5.8011612892151
3	34032	2.175288065391	-5.7678289413452
3	34036	2.175336592105	-4.1339302062988
3	34040	2.176322349161	-7.3073177337646
3	34044	2.176329313549	-3.4446439743042
3	34060	2.177314862264	-4.2908363342285
3	34067	2.177328044589	-7.0100932121277
3	34071	2.178316014059	-5.0368285179138
3	34075	2.178348892973	-4.5113968849182
3	34094	2.179295356247	-3.6907501220703
3	34098	2.179321678271	-5.9584131240845
3	34102	2.180287047112	-5.1890158653259
3	34106	2.180328180175	-6.3237867355347
3	34125	2.181325639467	-6.6091542243958
3	34129	2.181346424497	-5.3079710006714
3	34133	2.182285066321	-6.0915927886963
3	34137	2.182382238138	-5.2985258102417
3	34156	2.18333183885	-7.8607749938965
3	34160	2.183368879881	-8.37255859375
3	34167	2.184335465855	-7.6530833244324
3	34171	2.184342423992	-6.4965395927429
3	34187	2.185291114385	-6.0717673301697
3	34194	2.185323668721	-4.709680557251
3	34198	2.186268035006	-7.6383996009827
3	34202	2.186371064113	-6.4724969863892
3	34212	2.187246320453	-7.6386752128601
3	34222	2.187326396058	-6.5015664100647
3	34229	2.188246581591	-6.6998658180237
3	34233	2.18831989976	-4.7490639686584
3	34246	2.189199492862	-6.6167078018188
3	34250	2.189345900499	-7.6792583465576
3	34260	2.190221066122	-6.3685846328735
3	34264	2.190334678409	-5.6888179779053
3	34277	2.191194212352	-4.1048483848572
3	34284	2.191343353225	-5.3032727241516
3	34291	2.19224049318	-4.2741770744324
3	34295	2.192362426063	-6.8370151519775
3	34308	2.193234420587	-5.3042998313904
3	34315	2.193405394528	-5.6446189880371
3	34322	2.194237931279	-5.7401323318481
3	34326	2.1943693498	-5.3307476043701
3	34342	2.195217946974	-6.8132991790771
3	34346	2.195332845067	-4.690899848938
3	34353	2.196170651604	-5.5369791984558
3	34357	2.196311314004	-4.7010526657104
3	34373	2.197185227494	-4.7408194541931
3	34377	2.197273553539	-3.0952112674713
3	34384	2.198149443012	-5.0383415222168
3	34388	2.198275402938	-8.9967517852783
3	34401	2.199151493374	-6.1610350608826
3	34408	2.199319940585	-6.6057953834534
3	34415	2.200121599996	-4.9740538597107
3	34419	2.200286499511	-5.47585105896
3	34429	2.201124531213	-3.8376986980438
3	34436	2.201248792346	-5.6433930397034
3	34446	2.202166390156	-7.2688770294189
3	34450	2.202226850224	-4.2900452613831
3	34466	2.203178554507	-4.1529016494751
3	34470	2.203272879153	-2.8670585155487
3	34480	2.204192368607	-4.4402709007263
3	34484	2.204262138704	-3.5385911464691
3	34497	2.205183186717	-5.2979092597961
3	34504	2.205304674946	-8.2957134246826
3	34511	2.206172091175	-4.8605046272278
3	34515	2.206298340044	-7.1741790771484
3	34525	2.207144357171	-5.1632838249207
3	34532	2.2072864909	-7.8171825408936
3	34542	2.20814584933	-7.6319599151611
3	34546	2.208248646136	-6.4626488685608
3	34556	2.209156150915	-3.4548041820526
3	34560	2.209295394383	-3.4377040863037
3	34573	2.210157987364	-5.2039527893066
3	34577	2.210265302321	-7.7693862915039
3	34587	2.211174498817	-5.3196582794189
3	34591	2.211296541238	-9.6030178070068
3	34604	2.212166243219	-4.8853902816772
3	34608	2.212343097646	-8.8173456192017
3	34618	2.21319363255	-4.1128225326538
3	34622	2.213310368946	-5.6925230026245
3	34635	2.21420587318	-4.8038725852966
3	34639	2.214304568607	-7.1528267860413
3	34649	2.215192065341	-4.9436845779419
3	34653	2.215293721646	-3.7084002494812
3	34666	2.216234824799	-4.8601331710815
3	34670	2.216299735949	-5.1654105186462
3	34680	2.217283309271	-3.7902328968048
3	34684	2.21728799769	-8.0286169052124
3	34697	2.218270611292	-3.0350024700165
3	34701	2.218298680947	-6.3559265136719
3	34711	2.219251437255	-6.2939186096191
3	34715	2.219321551829	-3.4058754444122
3	34728	2.220241466635	-6.7615232467651
3	34732	2.220326522782	-4.4436039924622
3	34742	2.22119989299	-6.0272588729858
3	34746	2.221285974045	-3.6726160049438
3	34759	2.222208288898	-5.332103729248
3	34763	2.222289950979	-6.5050263404846
3	34773	2.223203915856	-3.7114350795746
3	34777	2.223250171328	-5.1192493438721
3	34793	2.22422451995	-7.5071868896484
3	34797	2.224296317974	-7.0985112190247
3	34804	2.225189331993	-7.1078944206238
3	34811	2.225300681673	-7.8685450553894
3	34824	2.22614273126	-3.450352191925
3	34828	2.226293654024	-4.6618895530701
3	34835	2.227104460677	-6.1611623764038
3	34842	2.227340858075	-6.8157730102539
3	34855	2.228114956438	-5.2862358093262
3	34859	2.228311354535	-5.7489848136902
3	34866	2.229148269991	-4.3378224372864
3	34873	2.229347314624	-3.8661954402924
3	34886	2.230187592114	-6.8196992874146
3	34890	2.23036642481	-7.5897307395935
3	34897	2.231203968533	-6.84379529953
3	34901	2.231369702715	-3.2235941886902
3	34917	2.232251199471	-7.362331867218
3	34921	2.232326537057	-2.6312522888184
3	34928	2.233253344386	-4.2065458297729
3	34935	2.233333007465	-7.8853435516357
3	34948	2.234274011982	-6.1392803192139
3	34952	2.234362346969	-4.7893180847168
3	34959	2.235240915313	-5.5818881988525
3	34966	2.235372659176	-4.1671686172485
3	34979	2.236252330402	-6.8328709602356
3	34983	2.23635844325	-7.071747303009
3	34990	2.237273445338	-5.9313902854919
3	35000	2.237399691844	-6.7981495857239
3	35010	2.238285498601	-5.8298206329346
3	35014	2.238413803965	-5.6096177101135
3	35024	2.239290954594	-4.7495827674866
3	35031	2.239381764213	-8.0146598815918
3	35041	2.240283602198	-6.4672784805298
3	35045	2.24035681212	-6.5818653106689
3	35055	2.241262151346	-3.1682593822479
3	35062	2.241393813798	-2.8821194171906
3	35072	2.242254509479	-4.9431262016296
3	35076	2.242351261593	-5.2939982414246
3	35086	2.243216396574	-5.5817685127258
3	35090	2.243363260614	-5.7443952560425
3	35106	2.244170788676	-4.0992345809937
3	35110	2.244409636319	-4.9319682121277
3	35117	2.245211154872	-4.771635055542
3	35127	2.245391619807	-5.0946879386902
3	35137	2.246203036801	-5.5124197006226
3	35141	2.246428073413	-5.9159383773804
3	35148	2.247252347155	-4.3534741401672
3	35158	2.247422201295	-4.6046223640442
3	35168	2.248219135526	-4.8843417167664
3	35172	2.24838255072	-5.6835598945618
3	35179	2.249210396052	-6.7862315177917
3	35189	2.249369805294	-5.0271635055542
3	35201	2.250206195363	-5.3358201980591
3	35205	2.250393060077	-5.1211380958557
3	35212	2.251253910479	-5.6037640571594
3	35219	2.251411764874	-5.6551694869995
3	35232	2.252301042893	-5.5787377357483
3	35236	2.252389745727	-4.3655157089233
3	35243	2.253271393961	-3.2226486206055
3	35253	2.253373467352	-8.6870136260986
3	35263	2.254308466805	-7.254638671875
3	35267	2.254356499972	-8.2235956192017
3	35280	2.25528627554	-5.2533755302429
3	35287	2.255380915333	-6.7541861534119
3	35294	2.256302982398	-6.1089539527893
3	35298	2.256366525595	-5.2418956756592
3	35314	2.257329110896	-8.2621231079102
3	35318	2.257400042632	-3.9710199832916
3	35325	2.258333773315	-4.7800369262695
3	35329	2.258425688928	-6.5481472015381
3	35345	2.259289899565	-5.8424887657166
3	35349	2.259474610617	-8.9479513168335
3	35356	2.260270377005	-5.6593751907349
3	35360	2.260478788905	-5.4661583900452
3	35376	2.2612920084	-6.398645401001
3	35380	2.26143794152	-6.6427216529846
3	35387	2.262341548806	-5.6513185501099
3	35391	2.262462966193	-6.9491128921509
3	35410	2.263382050015	-5.5212745666504
3	35414	2.263510772959	-5.8032269477844
3	35421	2.264409349941	-4.6969990730286
3	35425	2.264478654	-6.3132658004761
3	35441	2.265396353537	-10.003993034363
3	35445	2.265473388986	-8.7750978469849
3	35452	2.266363530829	-4.7620973587036
3	35456	2.266487993021	-5.4248943328857
3	35472	2.267333599046	-5.6343078613281
3	35476	2.26745362014	-5.4356913566589
3	35483	2.26828644274	-7.2539391517639
3	35487	2.268472418265	-6.5378456115723
3	35503	2.269319626285	-4.7309041023254
3	35507	2.269510584126	-7.1120405197144
3	35514	2.270292796867	-6.2604265213013
3	35518	2.270550921934	-7.1728043556213
3	35534	2.271292848627	-5.8224477767944
3	35538	2.271526277855	-5.7050123214722
3	35545	2.272327841624	-4.3732490539551
3	35549	2.27249777609	-7.6368088722229
3	35565	2.273355736583	-8.7164125442505
3	35569	2.273466289335	-6.7052516937256
3	35576	2.274321942859	-7.0793766975403
3	35580	2.274482537868	-6.3912072181702
3	35596	2.275350534673	-5.4390664100647
3	35600	2.275462516878	-5.5933718681335
3	35607	2.276360874239	-4.970025062561
3	35611	2.276412591424	-4.1512885093689
3	35627	2.277382557061	-5.018280506134
3	35631	2.277402575712	-7.025954246521
3	35638	2.278368279414	-6.4104671478271
3	35642	2.278372583827	-6.5037016868591
3	35658	2.279382719995	-7.1464886665344
3	35662	2.27941485074	-6.9560823440552
3	35669	2.280378974644	-3.2235386371613
3	35673	2.280433959745	-7.6383023262024
3	35689	2.281357116111	-6.1770663261414
3	35693	2.281461254746	-5.0906362533569
3	35700	2.282316606654	-5.0456686019897
3	35704	2.282419523313	-6.9287033081055
3	35723	2.283277709434	-4.3447570800781
3	35727	2.283462675064	-6.4827523231506
3	35734	2.284251742374	-6.6773891448975
3	35738	2.284493784584	-4.5384998321533
3	35754	2.285246810994	-5.2529215812683
3	35758	2.285454516922	-5.8815035820007
3	35762	2.286214025048	-4.0773386955261
3	35769	2.286431096311	-7.3223385810852
3	35782	2.287225576936	-5.5033330917358
3	35789	2.287390805369	-6.4042072296143
3	35796	2.28825697905	-5.6997618675232
3	35800	2.2883885225	-5.2180604934692
3	35813	2.289288255145	-4.5791606903076
3	35817	2.289378640964	-4.8986377716064
3	35827	2.29033713521	-7.8944368362427
3	35831	2.290415073242	-3.7781600952148
3	35844	2.291337765919	-5.311128616333
3	35848	2.291412603116	-3.9438135623932
3	35858	2.292293931808	-5.6896314620972
3	35862	2.29236972036	-4.9863109588623
3	35875	2.293249589858	-4.4748644828796
3	35879	2.293404378631	-9.2297945022583
3	35889	2.294226094331	-5.0104188919067
3	35893	2.294448268596	-4.2022728919983
3	35906	2.295230217935	-6.3323712348938
3	35910	2.29544511756	-6.3875970840454
3	35920	2.296230167115	-5.8993148803711
3	35927	2.296461168705	-8.5909862518311
3	35937	2.297269408053	-6.2676048278809
3	35944	2.297431420796	-6.9817709922791
3	35951	2.298288392543	-3.7468023300171
3	35958	2.298444906801	-3.7585480213165
3	35965	2.299275034166	-4.9543108940125
3	35975	2.299490885115	-6.7256379127502
3	35982	2.300313808866	-6.0142159461975
3	35989	2.300442363911	-5.981330871582
3	35996	2.301298586304	-6.6229290962219
3	36006	2.301476078069	-5.523699760437
3	36013	2.302303216123	-5.1038146018982
3	36017	2.302465703551	-7.6583156585693
3	36033	2.303286528329	-3.7976901531219
3	36040	2.303494147987	-3.0231437683105
3	36047	2.304279441937	-5.3539090156555
3	36051	2.304479345563	-5.4905352592468
3	36064	2.305293131036	-6.1356911659241
3	36068	2.305446009236	-5.0391020774841
3	36078	2.306331205199	-6.5057816505432
3	36082	2.306478482398	-4.4400105476379
3	36095	2.30733208253	-4.3782339096069
3	36099	2.307477912242	-6.041576385498
3	36109	2.308347058668	-4.5251317024231
3	36113	2.30849681958	-5.474452495575
3	36126	2.309323963655	-9.6450901031494
3	36130	2.309524636895	-5.8742094039917
3	36140	2.310283815786	-6.4108533859253
3	36144	2.310558113872	-4.5417189598083
3	36157	2.311270297672	-4.1298069953918
3	36164	2.311565092159	-6.5982284545898
3	36171	2.312283610479	-5.0430908203125
3	36175	2.312567688486	-5.9864544868469
3	36185	2.313262341798	-3.4359667301178
3	36192	2.313526190401	-8.5986080169678
3	36202	2.314296891168	-6.2252297401428
3	36206	2.314552614526	-4.9058799743652
3	36219	2.315322797094	-5.0813994407654
3	36226	2.315598213875	-5.4363260269165
3	36233	2.316303725934	-5.3833842277527
3	36237	2.316612849296	-7.6227383613586
3	36247	2.317316285387	-6.74702501297
3	36254	2.317595303548	-6.093017578125
3	36264	2.318272284179	-4.6575508117676
3	36268	2.318579533769	-6.4241070747375
3	36278	2.319301967603	-3.3637752532959
3	36285	2.319537134244	-6.4826149940491
3	36295	2.320309192754	-6.3337335586548
3	36299	2.32053064812	-3.8407661914825
3	36309	2.321298579692	-6.9412536621094
3	36316	2.321500529186	-4.1984729766846
3	36326	2.322329306459	-5.1934914588928
3	36330	2.32248607111	-5.9395623207092
3	36340	2.323327771147	-8.6606540679932
3	36344	2.323461247016	-9.052453994751
3	36360	2.324341992814	-5.0343980789185
3	36364	2.324467736147	-6.3486347198486
3	36374	2.325325663856	-6.7532958984375
3	36378	2.325449686376	-5.5564293861389
3	36391	2.326300713683	-6.9210538864136
3	36395	2.326493163085	-6.7220940589905
3	36405	2.327324122	-4.8662533760071
3	36409	2.327468197323	-6.855833530426
3	36419	2.328299870471	-5.9797129631042
3	36426	2.32850629438	-5.4409523010254
3	36436	2.329348758685	-6.9791841506958
3	36443	2.329506205545	-5.6220469474792
3	36450	2.330299863408	-5.226243019104
3	36457	2.330525058879	-4.2992577552795
3	36467	2.331314159172	-6.5187010765076
3	36471	2.331556137449	-8.3389358520508
3	36481	2.332307603233	-7.6325163841248
3	36488	2.33258782425	-4.1612887382507
3	36498	2.333354491281	-3.4816620349884
3	36502	2.333586119168	-5.2167615890503
3	36512	2.334366570822	-5.6299743652344
3	36519	2.33463009348	-6.3760080337524
3	36529	2.335319742575	-4.0783195495605
3	36533	2.335650642143	-5.3981070518494
3	36543	2.33631153115	-2.1875579357147
3	36550	2.336657718232	-4.6872472763062
3	36560	2.337343100604	-4.5634107589722
3	36564	2.337671108273	-6.6312184333801
3	36574	2.338387048722	-8.2702255249023
3	36581	2.338649762349	-5.6814246177673
3	36591	2.339402112834	-5.2242245674133
3	36595	2.339629703833	-8.3579177856445
3	36605	2.340394129023	-4.9848856925964
3	36615	2.340673572595	-6.4861531257629
3	36622	2.341349536295	-4.7685956954956
3	36629	2.341641202794	-6.4252500534058
3	36636	2.342303824533	-4.2756032943726
3	36649	2.342684999634	-4.6556730270386
3	36653	2.343345034286	-5.57927942276
3	36657	2.343691777531	-4.3738646507263
3	36670	2.344316711198	-6.4990167617798
3	36683	2.344736100753	-6.6810541152954
3	36687	2.345357496052	-7.2383913993835
3	36694	2.345734202283	-8.111291885376
3	36701	2.346367926412	-4.5546817779541
3	36714	2.34668658419	-5.7615056037903
3	36718	2.347375588427	-4.3533873558044
3	36725	2.3476377964	-6.7669863700867
3	36735	2.348419919764	-4.7599844932556
3	36745	2.348590271084	-10.503531455994
3	36749	2.349413352336	-5.965057849884
3	36753	2.349582506244	-5.1967325210571
3	36769	2.350403440304	-5.9555416107178
3	36773	2.350609839245	-6.7117462158203
3	36780	2.351377803464	-4.0563402175903
3	36790	2.351637538135	-4.593608379364
3	36800	2.352349678133	-5.1445269584656
3	36807	2.352597165398	-6.9177098274231
3	36811	2.353305121475	-7.1369552612305
3	36821	2.353629432558	-5.1107754707336
3	36828	2.354285173503	-5.9584331512451
3	36838	2.354663879544	-5.5109901428223
3	36842	2.355259463628	-4.1589159965515
3	36852	2.355641380931	-5.7908930778503
3	36859	2.356271442643	-7.9420385360718
3	36869	2.35663237496	-3.1355109214783
3	36876	2.357303433645	-5.1532144546509
3	36883	2.357637170213	-9.8047456741333
3	36890	2.358276129374	-6.2988777160645
3	36900	2.358670967787	-4.7438488006592
3	36907	2.359293295695	-4.6830906867981
3	36914	2.359715826286	-8.0159549713135
3	36918	2.360315314706	-5.0595998764038
3	36931	2.36073903526	-4.2616100311279
3	36938	2.36127733963	-4.3439016342163
3	36945	2.361755777163	-4.2002663612366
3	36949	2.362233496468	-8.8983135223389
3	36962	2.362767186116	-3.4821791648865
3	36966	2.363259729247	-6.9957361221313
3	36979	2.363726599349	-5.6155433654785
3	36986	2.364234299403	-4.6385440826416
3	36996	2.364763325167	-3.4155378341675
3	37006	2.365246032501	-3.3545694351196
3	37010	2.365812609659	-5.8457598686218
3	37017	2.366206941675	-6.9075055122375
3	37027	2.366770464382	-5.9475984573364
3	37034	2.367178064606	-3.8370518684387
3	37041	2.367817980315	-5.858952999115
3	37048	2.368174069292	-6.5297284126282
3	37058	2.368841612754	-6.8152041435242
3	37062	2.369166141425	-6.7492122650146
3	37072	2.369833463268	-7.4343838691711
3	37079	2.370116641983	-4.7305665016174
3	37089	2.370790836759	-6.6333518028259
3	37093	2.371072577169	-4.913384437561
3	37103	2.371813035952	-5.0884051322937
3	37107	2.372039000033	-7.9517140388489
3	37120	2.372834966252	-6.4584102630615
3	37124	2.372992929579	-9.5388593673706
3	37134	2.373861126717	-7.4063801765442
3	37138	2.374027644118	-6.7252254486084
3	37151	2.374831595605	-4.24165391922
3	37155	2.374986219758	-5.9146733283997
3	37165	2.375794826125	-3.7874507904053
3	37169	2.37593628659	-4.9148001670837
3	37182	2.376789113243	-7.6020340919495
3	37186	2.376964191743	-6.7038617134094
3	37196	2.377784960137	-4.5017428398132
3	37200	2.377981913034	-5.0984344482422
3	37213	2.378749663519	-3.7869644165039
3	37217	2.378977208346	-6.1577558517456
3	37227	2.379730738357	-4.4598159790039
3	37231	2.380011190405	-4.3106398582458
3	37244	2.380711317813	-7.0199327468872
3	37248	2.381024121221	-5.9340491294861
3	37258	2.381691977812	-4.1646432876587
3	37262	2.381975301399	-6.2285103797913
3	37275	2.382696279495	-3.3936378955841
3	37279	2.382966520515	-4.6900062561035
3	37289	2.383658744036	-6.5313491821289
3	37296	2.383916782979	-5.4117021560669
3	37309	2.384652232115	-5.6240792274475
3	37313	2.384868939503	-8.0171890258789
3	37323	2.385652020523	-6.2385177612305
3	37327	2.385895894107	-5.1563491821289
3	37340	2.386632641043	-4.6643376350403
3	37344	2.386860694394	-5.0437397956848
3	37354	2.387625216851	-4.3757429122925
3	37358	2.387866511672	-4.670642375946
3	37371	2.38867071163	-6.0552949905396
3	37375	2.388871142781	-4.174388885498
3	37385	2.389697179521	-7.9258546829224
3	37392	2.389883048891	-7.8184361457825
3	37402	2.390726586765	-4.4433188438416
3	37406	2.390901646149	-8.0907945632935
3	37419	2.391754172464	-3.989533662796
3	37423	2.391941743229	-7.3766503334045
3	37433	2.392775878843	-4.960928440094
3	37437	2.392974861598	-5.2935647964478
3	37447	2.393738734413	-5.4072976112366
3	37454	2.393979423782	-8.2887420654297
3	37464	2.394693839035	-6.1310749053955
3	37468	2.394989962567	-5.0434794425964
3	37478	2.395668045786	-6.9710431098938
3	37485	2.395999170906	-5.281503200531
3	37492	2.396618467633	-6.963098526001
3	37499	2.397026036524	-5.1994886398315
3	37506	2.397573300305	-4.4746117591858
3	37516	2.398025696681	-6.9471311569214
3	37523	2.398571793248	-5.0654187202454
3	37530	2.399050228432	-4.5428943634033
3	37540	2.399588116961	-7.8494262695312
3	37547	2.400095976583	-7.3949117660522
3	37554	2.400610744576	-4.9802718162537
3	37564	2.401090496371	-3.9302716255188
3	37571	2.401634924924	-3.841924905777
3	37578	2.402125192312	-6.6084237098694
3	37585	2.402627182625	-4.896194934845
3	37598	2.403076243908	-6.7158308029175
3	37605	2.403676434029	-8.313346862793
3	37612	2.404075225512	-6.3992075920105
3	37622	2.404686253977	-5.0026707649231
3	37629	2.40511936067	-6.1172389984131
3	37639	2.405693511311	-5.6646018028259
3	37646	2.40611212022	-5.1713280677795
3	37653	2.406742337649	-6.9267997741699
3	37660	2.407084783656	-5.0934686660767
3	37670	2.407762948224	-5.3195180892944
3	37674	2.408065733171	-4.9288353919983
3	37684	2.408729514124	-4.5619449615479
3	37691	2.409033183694	-6.8106112480164
3	37698	2.409771782754	-5.8617868423462
3	37705	2.409993439733	-5.90740442276
3	37718	2.410787310218	-8.0301179885864
3	37722	2.410948021638	-5.9487552642822
3	37729	2.411778137295	-5.2265658378601
3	37733	2.411914554624	-4.7634196281433
3	37749	2.412814353156	-7.6815123558044
3	37753	2.412908156786	-8.4862966537476
3	37760	2.413804533171	-4.5019159317017
3	37764	2.413929605271	-8.3119087219238
3	37780	2.414851219466	-8.0856342315674
3	37784	2.414896078303	-5.0599865913391
3	37791	2.415813733039	-8.9434642791748
3	37795	2.415880631096	-4.8463034629822
3	37811	2.416828537659	-6.7604761123657
3	37815	2.416887224663	-6.1019005775452
3	37822	2.417866964626	-4.8603672981262
3	37826	2.417872886969	-4.7434983253479
3	37842	2.418865414	-6.2922353744507
3	37846	2.418901166181	-10.036053657532
3	37853	2.419837501942	-5.7606267929077
3	37860	2.419864495624	-5.8288726806641
3	37873	2.420844464244	-4.0241899490356
3	37877	2.420852111357	-5.4931330680847
3	37887	2.421836660053	-6.1650500297546
3	37891	2.421901019902	-4.8198900222778
3	37907	2.422812145981	-6.3104934692383
3	37911	2.422903285732	-5.833637714386
3	37921	2.423795100745	-6.4638938903809
3	37928	2.423882729895	-5.3472113609314
3	37935	2.424760129076	-5.6937818527222
3	37942	2.424893815218	-4.6796908378601
3	37955	2.425799611389	-5.4665312767029
3	37959	2.425922317805	-4.13805103302
3	37969	2.426755581167	-5.5579261779785
3	37973	2.426894096536	-5.5390114784241
3	37983	2.427728086113	-5.7942414283752
3	37990	2.42786523259	-5.2368931770325
3	38000	2.428742187799	-7.8039827346802
3	38004	2.428880542129	-5.6741142272949
3	38014	2.429693191854	-6.6764626502991
3	38018	2.429835395144	-4.0228762626648
3	38028	2.430648300611	-7.6899118423462
3	38032	2.430815702021	-6.9067621231079
3	38042	2.431623906726	-6.5103158950806
3	38052	2.431817266803	-5.295015335083
3	38059	2.432627889148	-4.2297401428223
3	38063	2.432796180201	-5.6522612571716
3	38079	2.433636701573	-4.1363472938538
3	38086	2.433814435384	-5.1077237129211
3	38090	2.434655353907	-6.8724393844604
3	38094	2.434825265032	-5.234691619873
3	38107	2.435669568636	-6.2844266891479
3	38117	2.435832349997	-6.8220567703247
3	38121	2.436641273791	-5.6769704818726
3	38125	2.436792346932	-8.050630569458
3	38138	2.437683946141	-5.3680663108826
3	38145	2.437762369276	-5.6081881523132
3	38152	2.438724768198	-4.617018699646
3	38156	2.438757425611	-9.0726842880249
3	38169	2.439759468559	-4.4051475524902
3	38179	2.439805593517	-6.4775128364563
3	38183	2.440722169664	-5.2326607704163
3	38187	2.440830493118	-6.6063876152039
3	38203	2.441709438975	-2.8008658885956
3	38207	2.441872878292	-3.5192902088165
3	38214	2.442670932712	-8.9591608047485
3	38218	2.442839573625	-5.4952340126038
3	38234	2.443718888736	-7.4421520233154
3	38241	2.443849295542	-5.600950717926
3	38248	2.444745012346	-3.8772876262665
3	38252	2.444830192742	-9.0449981689453
3	38265	2.445754183861	-3.4846918582916
3	38269	2.445844015358	-4.6122870445251
3	38279	2.446726014992	-4.2279982566833
3	38283	2.44683036933	-5.2928581237793
3	38296	2.447726249304	-9.3549165725708
3	38303	2.447851853199	-5.4956278800964
3	38310	2.448748313462	-7.1080007553101
3	38314	2.448809881551	-8.5805978775024
3	38330	2.449721507249	-8.7159328460693
3	38334	2.449837051872	-5.1480536460876
3	38341	2.450680868589	-3.8962001800537
3	38345	2.450820039554	-4.8237237930298
3	38361	2.451726453342	-4.9534215927124
3	38365	2.451812053289	-5.926824092865
3	38372	2.452721039691	-7.218590259552
3	38379	2.452837000772	-6.6375985145569
3	38392	2.453724613575	-5.7140498161316
3	38396	2.453801876091	-5.4799962043762
3	38406	2.454708283651	-7.0230793952942
3	38410	2.454764176888	-4.418125629425
3	38423	2.455756701569	-5.1367177963257
3	38427	2.45579152638	-5.1187834739685
3	38440	2.456768568353	-4.4566612243652
3	38444	2.456810884652	-6.8490285873413
3	38454	2.457771009	-3.4220151901245
3	38458	2.457793209848	-4.4712390899658
3	38468	2.458740103852	-7.4592733383179
3	38472	2.458835222956	-4.3808493614197
3	38485	2.459707622673	-6.1920886039734
3	38489	2.459838095989	-4.931752204895
3	38499	2.460703620374	-5.8024930953979
3	38503	2.460807688989	-6.2171773910522
3	38516	2.461719508809	-7.1530251502991
3	38520	2.461809344248	-4.2356271743774
3	38527	2.462671165807	-3.7925856113434
3	38531	2.462765676132	-6.3222451210022
3	38550	2.463697637784	-5.2285943031311
3	38554	2.463743653649	-7.2273955345154
3	38561	2.464716055815	-3.2314376831055
3	38568	2.464771697074	-6.5342888832092
3	38581	2.465731875896	-6.8144392967224
3	38585	2.465740595151	-4.8233370780945
3	38592	2.466737653634	-4.0044193267822
3	38596	2.466766377379	-3.8764147758484
3	38612	2.46775013229	-5.0139904022217
3	38616	2.467762286363	-6.2858667373657
3	38626	2.468769652671	-5.9375996589661
3	38630	2.468773248181	-4.20436668396
3	38643	2.469746924038	-5.2945909500122
3	38647	2.469779939181	-4.6323089599609
3	38657	2.470758220808	-3.5537261962891
3	38664	2.470791955867	-4.3693752288818
3	38674	2.47173209916	-3.0385038852692
3	38678	2.471785761812	-5.0246806144714
3	38688	2.472703851304	-5.0157656669617
3	38692	2.472754330531	-4.8872032165527
3	38705	2.473722082516	-5.7186217308044
3	38709	2.473722802764	-7.3000526428223
3	38719	2.474718947848	-6.8505825996399
3	38723	2.474736322045	-6.3029675483704
3	38736	2.475701747029	-6.6456909179688
3	38740	2.475718723348	-6.1974339485168
3	38750	2.47672555417	-5.4863801002502
3	38754	2.476743672365	-5.1049909591675
3	38767	2.477703089194	-4.5969104766846
3	38771	2.477704786809	-6.0287952423096
3	38781	2.478720921945	-5.8003449440002
3	38785	2.478753864145	-9.5242309570312
3	38798	2.479684258795	-6.3221464157104
3	38802	2.479778811678	-5.3142652511597
3	38815	2.480720384861	-8.7871541976929
3	38819	2.480811965025	-8.2465219497681
3	38829	2.48175997083	-8.0180072784424
3	38833	2.481823790592	-5.1602869033813
3	38846	2.482731973381	-4.7831678390503
3	38853	2.48279352794	-3.9579870700836
3	38863	2.483684120099	-5.6963887214661
3	38867	2.483814625125	-3.4984583854675
3	38877	2.484654534571	-4.6212210655212
3	38884	2.48484731633	-8.5169286727905
3	38894	2.485665644494	-5.9705247879028
3	38898	2.485878853472	-6.2600922584534
3	38905	2.486677274572	-3.8921504020691
3	38915	2.486916493709	-8.0121183395386
3	38925	2.48767606674	-5.3189644813538
3	38929	2.487937374588	-7.4262924194336
3	38936	2.488672335935	-3.5790197849274
3	38946	2.488943098701	-6.4820265769958
3	38956	2.489629264771	-2.1514279842377
3	38960	2.489894166259	-4.1296415328979
3	38970	2.490668519471	-5.8962430953979
3	38974	2.490890422438	-4.4440717697144
3	38987	2.491643082536	-6.7517900466919
3	38991	2.491863818905	-7.4367203712463
3	39001	2.492622681889	-5.4937400817871
3	39008	2.492880568339	-5.7025709152222
3	39018	2.49362522844	-4.0478477478027
3	39022	2.49385064621	-8.43017578125
3	39032	2.494638098521	-5.8273286819458
3	39036	2.494809754528	-6.2297081947327
3	39049	2.495660899649	-4.8753066062927
3	39053	2.495789750365	-8.3375539779663
3	39063	2.496652012378	-3.7272582054138
3	39067	2.496752764552	-4.663969039917
3	39080	2.497636060418	-6.8739762306213
3	39084	2.49778004591	-6.5495204925537
3	39091	2.498606396792	-6.2132549285889
3	39098	2.49882249534	-4.171971321106
3	39108	2.499647154733	-5.187310218811
3	39115	2.499775215347	-4.1757354736328
3	39124	2.500680964682	-8.6037836074829
3	39131	2.500760253703	-5.1160445213318
3	39144	2.501680677918	-4.2909693717957
3	39148	2.501781165581	-5.3673677444458
3	39155	2.502641876302	-6.4749703407288
3	39159	2.502780580562	-5.2801623344421
3	39178	2.503613739163	-4.9685883522034
3	39182	2.503733289229	-6.4485535621643
3	39189	2.504587469477	-7.5763626098633
3	39193	2.504737550834	-9.2709665298462
3	39209	2.505625330601	-5.402437210083
3	39213	2.505766940511	-5.3687987327576
3	39223	2.506626539105	-3.066074848175
3	39227	2.506787812726	-5.2860226631165
3	39240	2.507598456785	-9.0810289382935
3	39244	2.50777759148	-4.5034375190735
3	39254	2.508631512274	-4.640962600708
3	39258	2.508812282007	-8.4586887359619
3	39271	2.509647856427	-5.8599252700806
3	39275	2.509836340843	-5.2479724884033
3	39285	2.51066326067	-5.1546745300293
3	39289	2.510808371053	-5.6154384613037
3	39302	2.511694048965	-6.7052707672119
3	39306	2.511781456382	-5.9252443313599
3	39319	2.512724678067	-6.6890769004822
3	39326	2.512762370144	-7.0229225158691
3	39333	2.51370675645	-7.7687573432922
3	39337	2.513808687957	-6.5094804763794
3	39347	2.514661566657	-4.9701452255249
3	39354	2.514836867453	-6.2101268768311
3	39361	2.515689050882	-7.0252594947815
3	39365	2.515801914124	-5.7632579803467
3	39378	2.516732139866	-5.8359270095825
3	39385	2.516784809329	-5.4056882858276
3	39395	2.517732046598	-6.2345976829529
3	39399	2.517755642913	-7.8320446014404
3	39409	2.518709284834	-4.4758706092834
3	39416	2.518762263384	-5.799159526825
3	39426	2.519702049666	-5.4756207466125
3	39430	2.519722374613	-5.7093749046326
3	39443	2.520699225748	-6.3886547088623
3	39447	2.520707948545	-5.9501266479492
3	39457	2.52167335283	-5.083420753479
3	39461	2.521745811722	-4.3843493461609
3	39474	2.522631250422	-4.1666431427002
3	39481	2.522791771053	-5.2268147468567
3	39491	2.523641935565	-5.3602347373962
3	39495	2.523764079926	-4.686571598053
3	39508	2.524642064242	-4.4004855155945
3	39512	2.524746338202	-6.9263591766357
3	39519	2.525608534123	-7.6578769683838
3	39529	2.525770017169	-4.5988321304321
3	39539	2.526642315743	-6.8988981246948
3	39543	2.526807440207	-11.179271697998
3	39550	2.527646042329	-4.3471102714539
3	39560	2.527825050753	-6.8567070960999
3	39570	2.528609287857	-7.9589076042175
3	39574	2.528845869788	-5.9697804450989
3	39584	2.52959632931	-3.6492943763733
3	39588	2.529816070231	-6.6285338401794
3	39601	2.530628028123	-7.3117771148682
3	39605	2.530806512997	-5.0430064201355
3	39615	2.531588787577	-5.6598334312439
3	39619	2.53181450112	-3.3088397979736
3	39632	2.532613015311	-8.0199031829834
3	39636	2.532805167687	-6.1971354484558
3	39643	2.533645115558	-7.2510638237
3	39653	2.53377628409	-4.6891293525696
3	39663	2.534621481666	-2.6148459911346
3	39667	2.53475405292	-8.304404258728
3	39674	2.535633916643	-3.2017247676849
3	39678	2.53576072101	-7.8087797164917
3	39694	2.53665906496	-6.8058686256409
3	39698	2.536744348926	-6.8494920730591
3	39705	2.537656081958	-7.0646777153015
3	39712	2.537775227722	-13.564683914185
3	39725	2.538664522562	-4.0633506774902
3	39729	2.538763582285	-3.2608096599579
3	39736	2.539644370806	-4.8653254508972
3	39743	2.539759513868	-5.4657640457153
3	39756	2.540674349786	-5.4322748184204
3	39760	2.540767040444	-5.3038492202759
3	39767	2.541645131526	-4.2097730636597
3	39771	2.54175112649	-9.0971298217773
3	39790	2.542627095894	-8.0882120132446
3	39794	2.542755554478	-6.6114349365234
3	39801	2.543626831569	-3.9858553409576
3	39805	2.543731838853	-6.5977826118469
3	39821	2.544649681744	-7.5893187522888
3	39825	2.544722439635	-6.2541055679321
3	39835	2.545642061372	-6.8690938949585
3	39839	2.545765473319	-6.2185726165771
3	39852	2.546681550914	-2.4471018314362
3	39856	2.546747163614	-5.1075744628906
3	39866	2.547720166688	-3.5851018428802
3	39870	2.547795117585	-5.0549716949463
3	39883	2.548745917926	-6.843786239624
3	39887	2.548787035906	-6.6146950721741
3	39897	2.549765194953	-8.148060798645
3	39901	2.54978594901	-6.3656215667725
3	39914	2.55075122113	-4.8780393600464
3	39918	2.550808408372	-7.2005000114441
3	39928	2.55173632354	-5.4802622795105
3	39932	2.551783672206	-4.5484280586243
3	39942	2.552691757714	-6.0218105316162
3	39946	2.552781042698	-4.0771713256836
3	39956	2.553684615076	-4.1712880134583
3	39960	2.553767139155	-8.0398111343384
3	39973	2.554717792314	-5.7445983886719
3	39977	2.554773743883	-5.7459959983826
3	39987	2.555762163833	-7.0419631004333
3	39991	2.555815472617	-8.2474012374878
3	40007	2.556805230617	-9.391411781311
3	40011	2.556833556984	-5.3471665382385
3	40018	2.557760889221	-3.8021061420441
3	40022	2.557856524769	-4.5244450569153
3	40038	2.558751349689	-5.8016443252563
3	40042	2.558846495871	-4.8044743537903
3	40049	2.559787079629	-3.1810228824615
3	40056	2.559892020981	-4.0494985580444
3	40069	2.56081873813	-5.0801219940186
3	40073	2.560925159871	-6.5951414108276
3	40080	2.561820338928	-7.897132396698
3	40084	2.561971923681	-4.9195408821106
3	40103	2.562778863095	-6.2966122627258
3	40107	2.562941263363	-4.3417267799377
3	40114	2.563781876868	-5.0355505943298
3	40118	2.563985371853	-7.1819605827332
3	40134	2.564804122736	-5.8957905769348
3	40138	2.56500399296	-7.4705309867859
3	40145	2.565812715262	-6.5449709892273
3	40149	2.565973762182	-4.7646527290344
3	40165	2.566838552557	-3.7235143184662
3	40169	2.566970057666	-7.6465392112732
3	40176	2.567870635947	-5.4033265113831
3	40180	2.567943607592	-5.5610427856445
3	40196	2.568845669576	-4.1291174888611
3	40200	2.568948406784	-4.3179149627686
3	40207	2.56988549526	-3.6654543876648
3	40211	2.569992607965	-9.1705112457275
3	40227	2.570913111496	-6.0781989097595
3	40231	2.571023639184	-7.268590927124
3	40238	2.571950785022	-3.5310380458832
3	40242	2.57199184954	-4.6884641647339
3	40258	2.572983870233	-3.6735002994537
3	40262	2.572996587594	-6.2879257202148
3	40269	2.57393774679	-4.7747502326965
3	40273	2.574002147454	-6.3164348602295
3	40289	2.574902255776	-4.5676894187927
3	40293	2.574988773601	-5.6777415275574
3	40300	2.575934211395	-3.6204631328583
3	40304	2.575969337659	-4.2578940391541
3	40320	2.576900742304	-6.9667458534241
3	40324	2.576988609652	-4.9764976501465
3	40328	2.577935734918	-7.0173635482788
3	40332	2.577959900592	-5.2040977478027
3	40351	2.5789372001	-4.345817565918
3	40355	2.578995834958	-6.8262076377869
3	40359	2.579919749159	-6.2699661254883
3	40366	2.580023270255	-6.4719390869141
3	40382	2.580871303735	-5.5030460357666
3	40386	2.581026826329	-4.055567741394
3	40390	2.58183691507	-6.5669574737549
3	40397	2.582050250638	-5.7643890380859
3	40416	2.582880863407	-4.6782460212708
3	40420	2.583010536084	-8.2231140136719
3	40424	2.583872936159	-4.3315935134888
3	40428	2.583981757838	-4.8737545013428
3	40447	2.584881210692	-5.3427133560181
3	40451	2.585017546042	-5.637083530426
3	40455	2.585862933246	-4.7309560775757
3	40459	2.586017846267	-6.7051563262939
3	40478	2.586866157728	-5.3713183403015
3	40482	2.587022564382	-4.5640487670898
3	40486	2.587889414644	-5.666196346283
3	40493	2.58800512298	-8.0937404632568
3	40506	2.588897169702	-6.4265851974487
3	40513	2.589035491054	-3.9139161109924
3	40520	2.589894724879	-4.7486071586609
3	40524	2.590010357196	-7.0594100952148
3	40537	2.590898613853	-6.0487670898438
3	40544	2.59103958192	-5.2495365142822
3	40548	2.591919125046	-5.1387343406677
3	40555	2.592015495383	-6.2780780792236
3	40571	2.592919841593	-9.0082426071167
3	40575	2.592993862986	-8.679741859436
3	40579	2.593953435702	-6.0264925956726
3	40583	2.593988459818	-5.0399127006531
3	40602	2.594978979843	-8.1772565841675
3	40606	2.595031643921	-4.5312938690186
3	40610	2.595990799638	-3.9949178695679
3	40614	2.596002628881	-7.778965473175
3	40633	2.596956441223	-7.6153874397278
3	40637	2.597036670292	-6.1537399291992
3	40641	2.59799520386	-5.3626928329468
3	40645	2.598031378589	-6.612325668335
3	40661	2.59895278056	-8.0764093399048
3	40668	2.599045525642	-8.2213764190674
3	40672	2.599928059461	-6.2905597686768
3	40682	2.600017204457	-6.5943541526794
3	40692	2.600954157961	-6.2980470657349
3	40696	2.601002741897	-6.1259651184082
3	40706	2.601925401985	-9.9739990234375
3	40710	2.602010183176	-4.1379914283752
3	40726	2.602901563964	-6.706892490387
3	40730	2.602979058317	-5.3320407867432
3	40737	2.603915369906	-4.3418912887573
3	40744	2.604023540457	-7.9256534576416
3	40754	2.604944630356	-4.8601431846619
3	40764	2.605070166761	-9.7566452026367
3	40768	2.605930673207	-15.497355461121
3	40775	2.606112160255	-11.703413009644
3	40791	2.606951223391	-4.7202587127686
3	40795	2.60713116692	-9.1161203384399
3	40802	2.607970269224	-4.4542021751404
3	40809	2.608104095374	-6.1854224205017
3	40816	2.608997096998	-8.2590026855469
3	40826	2.609102534011	-5.9599413871765
3	40836	2.610003601199	-3.9607162475586
3	40840	2.610080340872	-3.7915105819702
3	40853	2.610979894476	-5.3075804710388
3	40857	2.611045010996	-11.533885955811
3	40864	2.611996289022	-5.1990365982056
3	40868	2.612007191963	-4.166482925415
3	40881	2.612951108165	-5.8993682861328
3	40888	2.613029204444	-4.8963890075684
3	40892	2.613945099747	-3.7859790325165
3	40896	2.613997077952	-6.1635060310364
3	40912	2.614950956067	-7.2254295349121
3	40916	2.614967547904	-4.9818444252014
3	40929	2.615938661922	-3.5875182151794
3	40933	2.615972660285	-5.1960382461548
3	40943	2.616941164444	-5.6718425750732
3	40947	2.616952902691	-5.7806706428528
3	40954	2.617897445331	-6.6845288276672
3	40961	2.617950388183	-6.6252431869507
3	40971	2.61887022951	-4.6550822257996
3	40978	2.618991029926	-4.7662882804871
3	40985	2.619842305759	-3.1815989017487
3	40995	2.619993411493	-6.384156703949
3	41002	2.620884481406	-8.9431934356689
3	41006	2.620947587493	-5.6374983787537
3	41019	2.621880352281	-4.6007633209229
3	41026	2.621957452252	-9.4002075195312
3	41033	2.622845626301	-4.4281568527222
3	41037	2.622922254403	-4.2946925163269
3	41053	2.62381575915	-6.3759732246399
3	41060	2.623957416944	-7.9458346366882
3	41067	2.624776067355	-5.2585034370422
3	41071	2.624923012139	-11.329015731812
3	41084	2.625825247444	-2.460028886795
3	41091	2.625893215042	-4.7479496002197
3	41098	2.626866409562	-6.3966536521912
3	41102	2.62688462043	-6.0519785881042
3	41118	2.627895788407	-5.0417146682739
3	41122	2.627919559109	-6.9936580657959
3	41129	2.628886777787	-6.8199906349182
3	41133	2.62888872165	-3.8971736431122
3	41149	2.629840952123	-5.6938605308533
3	41153	2.629844086104	-6.1268301010132
3	41160	2.630843591163	-6.7326326370239
3	41164	2.630854130226	-5.1715378761292
3	41177	2.631828092856	-4.5648918151855
3	41181	2.631883675188	-5.3255071640015
3	41191	2.632856712116	-4.7614135742188
3	41195	2.632911979704	-5.9766850471497
3	41205	2.633833030191	-4.9118413925171
3	41212	2.633868683845	-5.4374947547913
3	41222	2.634822891597	-5.1899580955505
3	41226	2.634863001442	-5.5165143013
3	41239	2.635817193582	-5.5978126525879
3	41243	2.635827680629	-10.67577457428
3	41253	2.636779418248	-3.8947303295135
3	41257	2.636832086884	-6.5490756034851
3	41270	2.637796088575	-4.6488647460938
3	41274	2.637804937152	-7.4042654037476
3	41284	2.638754335515	-7.5006318092346
3	41288	2.638830718727	-7.754364490509
3	41301	2.639790784453	-8.8392200469971
3	41305	2.63985605063	-5.1161293983459
3	41315	2.640765980931	-3.0495827198029
3	41319	2.640863592487	-7.2991065979004
3	41332	2.641751684773	-7.0911650657654
3	41336	2.641816223039	-4.7127809524536
3	41346	2.642798355707	-3.6867308616638
3	41350	2.642857408785	-4.4435358047485
3	41366	2.643825003486	-5.2414498329163
3	41370	2.643844214258	-5.2849335670471
3	41380	2.644857125601	-3.4770655632019
3	41384	2.644888747253	-6.5931277275085
3	41397	2.645818946525	-4.1384754180908
3	41401	2.645895275838	-5.1243462562561
3	41411	2.646834643017	-6.5974478721619
3	41415	2.646879045922	-5.2855496406555
3	41428	2.647828824679	-6.0537314414978
3	41435	2.647886577202	-6.4909253120422
3	41442	2.648847616717	-7.7291975021362
3	41446	2.648913787055	-8.4413061141968
3	41459	2.649892850622	-7.7561526298523
3	41466	2.649962687736	-5.9557108879089
3	41473	2.650887792702	-6.8390617370605
3	41477	2.650922919274	-4.6832437515259
3	41490	2.651907779526	-8.0393218994141
3	41494	2.651915220551	-3.7982110977173
3	41504	2.652926465036	-5.3583950996399
3	41508	2.652953195688	-4.6660537719727
3	41521	2.653908273756	-6.1229910850525
3	41525	2.653919785887	-7.2268929481506
3	41535	2.654905848813	-4.2138352394104
3	41539	2.654915375145	-8.2973775863647
3	41552	2.655858218542	-5.5884737968445
3	41556	2.655874810624	-6.3496246337891
3	41566	2.656863396205	-5.5970616340637
3	41570	2.656902029323	-7.6097922325134
3	41580	2.657849588685	-4.067901134491
3	41584	2.657886222067	-6.8088083267212
3	41597	2.658812577335	-4.3813495635986
3	41601	2.658930323115	-4.6149973869324
3	41611	2.659855150775	-4.4216532707214
3	41618	2.65995442945	-6.3337163925171
3	41628	2.660874436051	-3.6826794147491
3	41632	2.660990331634	-5.5024886131287
3	41645	2.661850629238	-7.4175028800964
3	41649	2.661942301966	-5.5951929092407
3	41659	2.662818946942	-5.3659114837646
3	41663	2.662937358971	-4.7859840393066
3	41679	2.663844091591	-5.071391582489
3	41686	2.663975811514	-8.7230920791626
3	41693	2.664825488624	-6.0396304130554
3	41697	2.66495997193	-6.8719973564148
3	41710	2.665862994984	-6.0185742378235
3	41714	2.665977864456	-6.9792881011963
3	41724	2.666842587005	-4.7953758239746
3	41731	2.666971791405	-4.4191584587097
3	41741	2.667827039998	-5.2746186256409
3	41745	2.668016491482	-7.8999810218811
3	41755	2.668875475802	-4.8120455741882
3	41759	2.669002675701	-6.3572731018066
3	41772	2.669828616819	-7.316086769104
3	41776	2.670038545638	-4.5726265907288
3	41786	2.670797013681	-3.5965654850006
3	41793	2.671007363261	-6.0164861679077
3	41803	2.671845326704	-5.9830565452576
3	41807	2.672020474804	-9.4176864624023
3	41820	2.672839319603	-6.288405418396
3	41824	2.673025316283	-4.6698117256165
3	41834	2.673807320084	-4.1744985580444
3	41841	2.674023688634	-7.7213940620422
3	41848	2.674806478524	-2.7164907455444
3	41855	2.675002319187	-4.8291163444519
3	41865	2.675827467108	-5.3730945587158
3	41872	2.675975242523	-5.8387818336487
3	41882	2.676832752988	-6.2290587425232
3	41886	2.676949986246	-6.5093994140625
3	41896	2.677851223982	-6.452766418457
3	41903	2.677936511608	-7.3885717391968
3	41913	2.678896198091	-8.7350330352783
3	41917	2.678921531258	-5.7568097114563
3	41927	2.679891834725	-6.056097984314
3	41934	2.679907701299	-5.1535568237305
3	41944	2.680864483394	-5.2134413719177
3	41948	2.680903464899	-7.0062665939331
3	41961	2.681822655934	-3.2990307807922
3	41965	2.681863408149	-6.5569643974304
3	41978	2.682818427938	-3.3781094551086
3	41982	2.682903588543	-5.456563949585
3	41992	2.683795310403	-5.7943181991577
3	41999	2.68392473693	-5.3697929382324
3	42009	2.684752388235	-5.9498963356018
3	42013	2.684932571096	-5.3854866027832
3	42023	2.685705600283	-4.9302759170532
3	42030	2.685960412955	-5.1773447990417
3	42040	2.686726069008	-8.6244792938232
3	42044	2.686992411314	-4.199568271637
3	42054	2.687706499574	-4.371844291687
3	42064	2.688028111742	-4.7667260169983
3	42071	2.688752114609	-5.5027804374695
3	42075	2.689000195614	-7.3426189422607
3	42085	2.689776140644	-3.1854872703552
3	42095	2.690000559088	-5.1704478263855
3	42102	2.690738313029	-5.948600769043
3	42106	2.690970464822	-6.7924175262451
3	42116	2.691689535519	-6.9746351242065
3	42120	2.691962089719	-6.010097026825
3	42133	2.692672157516	-3.0482289791107
3	42137	2.69294934191	-7.821873664856
3	42147	2.693622186212	-5.9421234130859
3	42151	2.693909419918	-4.4726696014404
3	42164	2.694586406487	-4.8192753791809
3	42168	2.694879471166	-6.0569334030151
3	42175	2.695544363693	-4.8441686630249
3	42182	2.695893104056	-3.4411842823029
3	42195	2.696529062207	-3.3856666088104
3	42199	2.696942746006	-4.7474193572998
3	42206	2.697548914515	-5.0629396438599
3	42213	2.697937587826	-5.0816359519958
3	42226	2.698539599461	-4.1193137168884
3	42230	2.698911787586	-5.40531873703
3	42240	2.699519194952	-6.1220097541809
3	42244	2.699942237953	-3.7798273563385
3	42257	2.700500185473	-6.8042550086975
3	42261	2.700918993482	-4.7691211700439
3	42271	2.701457887612	-4.3349666595459
3	42275	2.701871312876	-5.8608374595642
3	42291	2.702419989578	-4.2934613227844
3	42295	2.702854327982	-7.1848978996277
3	42302	2.703375195302	-5.2491788864136
3	42309	2.703842170957	-4.0697779655457
3	42319	2.704412450421	-5.2856340408325
3	42326	2.70487189718	-4.4870705604553
3	42333	2.705437362103	-5.1355566978455
3	42340	2.705871363479	-7.8363256454468
3	42350	2.706449264463	-5.3649401664734
3	42357	2.706907043611	-3.4287996292114
3	42367	2.707432223396	-4.3452296257019
3	42371	2.707941058492	-4.0831346511841
3	42378	2.708399363276	-4.737238407135
3	42388	2.708906336542	-4.217456817627
3	42392	2.709365081428	-6.831645488739
3	42402	2.709888087662	-6.4952073097229
3	42409	2.710324228258	-3.6510705947876
3	42419	2.710891865064	-2.3103485107422
3	42426	2.711326499406	-6.9519386291504
3	42433	2.711890560135	-6.0046496391296
3	42443	2.712362993554	-3.7436439990997
3	42450	2.712935413754	-4.6981949806213
3	42460	2.713380439627	-4.6794910430908
3	42464	2.713950200536	-6.3568429946899
3	42471	2.71434230802	-6.6409606933594
3	42481	2.714930345474	-7.9145669937134
3	42488	2.715371281994	-3.2859697341919
3	42495	2.715977802769	-6.8983798027039
3	42502	2.716339414015	-5.1372294425964
3	42512	2.717005449411	-3.7609097957611
3	42519	2.717340795109	-7.181893825531
3	42529	2.717970124933	-4.9502620697021
3	42533	2.718317251802	-4.8518571853638
3	42543	2.718949113999	-4.9785885810852
3	42550	2.719362544039	-6.1931180953979
3	42557	2.719993033809	-7.9587569236755
3	42564	2.720399426656	-4.9707012176514
3	42574	2.720994973561	-9.5460586547852
3	42584	2.721448477876	-9.6918096542358
3	42588	2.722007380277	-4.445300579071
3	42595	2.722482745381	-4.5937166213989
3	42608	2.723013020929	-6.1159372329712
3	42618	2.723444369881	-5.3394646644592
3	42622	2.723998833662	-8.0155401229858
3	42629	2.724451631825	-3.9041526317596
3	42636	2.724954900235	-5.9322662353516
3	42649	2.725467809583	-3.1831645965576
3	42653	2.725989343959	-3.2279644012451
3	42660	2.726490478584	-5.6005954742432
3	42670	2.727018047328	-3.0834338665009
3	42680	2.72745534606	-3.3422570228577
3	42687	2.728034142344	-5.1807074546814
3	42691	2.728430253438	-7.3133683204651
3	42701	2.72904607261	-7.0343132019043
3	42711	2.729452345631	-5.3614072799683
3	42715	2.730022614908	-5.7069730758667
3	42722	2.730426580265	-6.3687834739685
3	42732	2.731024400747	-5.7256984710693
3	42742	2.731412546811	-8.263557434082
3	42746	2.731992051244	-10.040143966675
3	42753	2.732385579422	-6.6701135635376
3	42763	2.733033328269	-7.1005029678345
3	42773	2.733362937052	-5.2304487228394
3	42777	2.734028107486	-6.1441850662231
3	42784	2.734367438145	-6.0606455802917
3	42794	2.735036496762	-3.7822916507721
3	42804	2.735400229896	-5.5302605628967
3	42808	2.736036745075	-6.8959221839905
3	42815	2.736411914724	-5.9804086685181
3	42825	2.737003542279	-4.0146398544312
3	42832	2.737443032427	-6.3705577850342
3	42839	2.737963204865	-6.7212419509888
3	42843	2.738462308038	-4.255877494812
3	42856	2.738919117126	-5.3572034835815
3	42860	2.739429176932	-3.8704040050507
3	42870	2.739883088448	-4.6705689430237
3	42874	2.740411679356	-7.4150152206421
3	42887	2.740895000815	-5.524552822113
3	42891	2.741456536223	-6.3997502326965
3	42901	2.741930084736	-4.2255830764771
3	42905	2.742414222362	-6.5379037857056
3	42921	2.742946747688	-5.1859412193298
3	42925	2.743452489063	-7.6040749549866
3	42935	2.74394973728	-5.4876699447632
3	42942	2.744502071815	-4.3843421936035
3	42949	2.744978400832	-5.6498489379883
3	42959	2.745499826451	-7.4967799186707
3	42966	2.745962143442	-7.9007759094238
3	42973	2.74647957044	-9.182204246521
3	42980	2.746997839584	-5.5053367614746
3	42990	2.747458547745	-5.7515969276428
3	42997	2.747947918316	-7.2377338409424
3	43001	2.748423579947	-5.1300759315491
3	43011	2.748984272921	-6.2831239700317
3	43021	2.749465939223	-5.6071786880493
3	43028	2.749949577001	-9.0830736160278
3	43034	2.750498961623	-5.7578864097595
3	43044	2.75091318714	-5.1751751899719
3	43054	2.751476575001	-6.2137112617493
3	43061	2.751876676632	-6.7917079925537
3	43065	2.752446011729	-7.9773983955383
3	43075	2.752877904194	-8.2165927886963
3	43085	2.753411606587	-5.4977974891663
3	43092	2.75388586169	-4.3068785667419
3	43099	2.754446313038	-4.8839559555054
3	43106	2.754870547489	-6.2673316001892
3	43113	2.755492656233	-5.400269985199
3	43120	2.755905403295	-4.5761532783508
3	43130	2.756476164782	-3.4921667575836
3	43137	2.756904453527	-5.0131421089172
3	43144	2.757506061764	-5.113160610199
3	43154	2.757913703627	-4.284074306488
3	43161	2.758502648391	-6.6678929328918
3	43168	2.758941128723	-6.0583233833313
3	43175	2.75949909125	-4.9129700660706
3	43185	2.759945406748	-6.1731405258179
3	43192	2.760481283235	-7.3842067718506
3	43199	2.760953639384	-7.821072101593
3	43206	2.761460318631	-3.7764658927917
3	43213	2.761967550734	-4.7841515541077
3	43223	2.762485177974	-7.1710538864136
3	43230	2.762971793147	-6.2718644142151
3	43240	2.763476758539	-5.1025123596191
3	43247	2.763952084139	-7.8492312431335
3	43257	2.764452875035	-5.7591562271118
3	43264	2.764978257607	-5.6274981498718
3	43271	2.765416006296	-5.0584053993225
3	43278	2.766013222292	-7.0403509140015
3	43288	2.766380367232	-5.3842787742615
3	43295	2.767059473652	-4.5474095344543
3	43302	2.767379203692	-4.7778301239014
3	43315	2.768104718284	-5.2582244873047
3	43319	2.768362349483	-7.4571719169617
3	43326	2.769143461957	-5.3665170669556
3	43333	2.76941026198	-7.5103859901428
3	43346	2.770111753568	-4.1808671951294
3	43350	2.770364086361	-6.0073051452637
3	43357	2.771076737173	-4.6435189247131
3	43361	2.771343713543	-6.4494318962097
3	43377	2.772070530396	-5.241934299469
3	43381	2.772295971615	-5.8318872451782
3	43388	2.773117795101	-3.8855948448181
3	43392	2.773321680632	-7.2240166664124
3	43408	2.774111796659	-5.1040396690369
3	43412	2.774304142907	-5.7704949378967
3	43419	2.775117865881	-4.0781760215759
3	43423	2.775288151483	-5.818416595459
3	43439	2.776077197225	-5.5624465942383
3	43443	2.776282258778	-6.6004872322083
3	43450	2.777073502539	-6.3438625335693
3	43454	2.777315931063	-6.5772948265076
3	43470	2.778037734001	-7.7205681800842
3	43474	2.778318601886	-6.6169204711914
3	43481	2.779043858699	-5.751989364624
3	43488	2.779285836215	-6.4948735237122
3	43501	2.780024635748	-8.1257123947144
3	43505	2.780318859821	-5.377450466156
3	43512	2.781017853562	-7.0571327209473
3	43519	2.781285203952	-6.8515992164612
3	43532	2.781978487203	-6.6725258827209
3	43536	2.782264552499	-7.433940410614
3	43549	2.783014923943	-4.5307745933533
3	43553	2.78327238591	-5.45867395401
3	43566	2.784017873876	-5.0448613166809
3	43570	2.78430893248	-7.8398094177246
3	43577	2.784991754602	-5.3628606796265
3	43584	2.785291028841	-4.6305441856384
3	43597	2.785965480433	-6.6021161079407
3	43601	2.786288779462	-5.4182515144348
3	43608	2.786952295747	-9.550745010376
3	43618	2.787322568505	-6.3011322021484
3	43628	2.787962095499	-4.4625096321106
3	43632	2.788343483389	-4.2917423248291
3	43639	2.788925844321	-8.7959156036377
3	43649	2.789356954938	-5.8645253181458
3	43659	2.789956413029	-7.8906950950623
3	43663	2.790313505476	-6.5455884933472
3	43670	2.790914454293	-5.2221398353577
3	43683	2.791335239979	-2.8595359325409
3	43690	2.791891993418	-4.157693862915
3	43694	2.792367804941	-3.2138252258301
3	43698	2.792900748243	-6.3705234527588
3	43717	2.793391275045	-6.343813419342
3	43721	2.79391395582	-7.3728265762329
3	43725	2.79440316477	-5.2953424453735
3	43729	2.794917308315	-5.0286984443665
3	43748	2.795385509939	-4.8776483535767
3	43752	2.795930052917	-5.2898931503296
3	43756	2.796432908005	-5.0329141616821
3	43763	2.79696354722	-7.0178561210632
3	43779	2.797423747448	-6.6342921257019
3	43783	2.797918988651	-3.6995265483856
3	43787	2.798377495766	-10.060290336609
3	43791	2.798947215133	-4.604190826416
3	43807	2.799400554056	-6.5247201919556
3	43814	2.799965841603	-6.1711220741272
3	43818	2.800405500252	-4.7286534309387
3	43822	2.801004963642	-4.7490439414978
3	43835	2.801419952846	-3.8158288002014
3	43845	2.80201140727	-6.7017316818237
3	43849	2.802413778728	-6.4082460403442
3	43853	2.802994916689	-7.8717932701111
3	43866	2.80338187097	-5.1275296211243
3	43879	2.804016824425	-5.3401145935059
3	43883	2.80433258517	-5.4862041473389
3	43887	2.805015591917	-5.8647036552429
3	43897	2.805381580276	-4.3570170402527
3	43910	2.806044673504	-4.7397122383118
3	43914	2.806382526055	-9.5202856063843
3	43918	2.807040857765	-5.1229014396667
3	43931	2.807404016446	-5.8100175857544
3	43941	2.808029541472	-8.6930618286133
3	43945	2.808440944292	-6.706919670105
3	43949	2.809026271305	-3.6846256256104
3	43965	2.809487930176	-5.437520980835
3	43972	2.809982764394	-8.021071434021
3	43976	2.810526117406	-5.1010303497314
3	43980	2.811025877649	-4.3652558326721
3	43996	2.811567590374	-6.3656282424927
3	44003	2.812061744174	-4.1618776321411
3	44007	2.812589676055	-4.7515559196472
3	44014	2.813079125532	-6.5471534729004
3	44030	2.81363808268	-5.3286881446838
3	44034	2.814060069745	-5.7840342521667
3	44038	2.814621532012	-7.3481526374817
3	44045	2.815015218015	-2.9974412918091
3	44061	2.81565608302	-4.9344830513
3	44065	2.816059772051	-7.2914834022522
3	44069	2.816680605182	-3.7462866306305
3	44076	2.817105038404	-6.5382471084595
3	44092	2.81766737877	-4.5916228294373
3	44096	2.818106714609	-4.896586894989
3	44100	2.818623578523	-5.5397067070007
3	44107	2.819067864472	-4.1055107116699
3	44123	2.819589522613	-3.8214001655579
3	44127	2.82007467716	-4.197850227356
3	44131	2.820639438986	-4.9929261207581
3	44144	2.82112044028	-5.141562461853
3	44151	2.821655803031	-7.3387322425842
3	44158	2.822073969241	-5.3166933059692
3	44165	2.822646442983	-5.779691696167
3	44169	2.823095377425	-5.0783882141113
3	44185	2.82363491908	-4.8222756385803
3	44192	2.824082976421	-3.5809948444366
3	44199	2.824596635486	-4.5565299987793
3	44206	2.825126403987	-2.6972172260284
3	44216	2.825585032939	-5.9142379760742
3	44223	2.82608534454	-7.2343482971191
3	44227	2.826603078847	-6.3035612106323
3	44237	2.827044348251	-3.5963423252106
3	44247	2.827625145585	-4.4380707740784
3	44254	2.828061037602	-3.7000317573547
3	44258	2.828590691956	-5.0526804924011
3	44268	2.829071587029	-6.257746219635
3	44278	2.829555435875	-6.2678246498108
3	44285	2.830107259541	-5.9845085144043
3	44289	2.830556406351	-5.9605894088745
3	44299	2.831111614216	-4.0573148727417
3	44309	2.831534255622	-8.0262622833252
3	44316	2.832116151003	-6.2977247238159
3	44323	2.832578764781	-7.8334579467773
3	44330	2.833099215615	-4.3611326217651
3	44340	2.833541286959	-7.9301738739014
3	44347	2.834108241472	-7.5446643829346
3	44354	2.834527577952	-4.6036028862
3	44358	2.835071048319	-6.1451649665833
3	44371	2.835572900639	-4.2517161369324
3	44378	2.836099147061	-6.5086059570312
3	44385	2.836586855992	-6.229257106781
3	44395	2.837117460038	-6.5226907730103
3	44402	2.837586440593	-9.7769184112549
3	44409	2.838158468692	-8.253870010376
3	44413	2.838636108508	-6.8085398674011
3	44423	2.839146103807	-7.5694804191589
3	44433	2.839659314548	-4.1981511116028
3	44440	2.840172844601	-5.9570016860962
3	44447	2.840656532931	-6.0189409255981
3	44454	2.841137026544	-4.3886728286743
3	44467	2.841683318372	-6.0521016120911
3	44471	2.842125126162	-4.1622519493103
3	44484	2.842676074041	-6.8483462333679
3	44488	2.843096378355	-7.4174914360046
3	44501	2.843719310014	-5.6174564361572
3	44505	2.844111539042	-5.2100434303284
3	44515	2.844673513582	-7.5826315879822
3	44519	2.845074617992	-9.5531349182129
3	44529	2.845673337929	-4.8143444061279
3	44536	2.846073208076	-5.9620690345764
3	44546	2.846718896991	-3.3754134178162
3	44550	2.84707284011	-6.4439144134521
3	44560	2.84773176649	-6.0237493515015
3	44567	2.848076606022	-3.9645748138428
3	44577	2.848758209682	-8.6440744400024
3	44584	2.849048484853	-5.2436895370483
3	44594	2.849738985188	-6.5341858863831
3	44598	2.850049136533	-1.0824700593948
3	44605	2.850711491935	-4.8387179374695
3	44612	2.851026104909	-6.3392686843872
3	44625	2.851694322263	-5.8361754417419
3	44629	2.852029723767	-7.4991135597229
3	44636	2.852725476876	-6.6995968818665
3	44646	2.852991048031	-8.0365772247314
3	44653	2.853707200473	-7.2650933265686
3	44660	2.854014476693	-7.5334882736206
3	44667	2.85470436882	-6.2923712730408
3	44671	2.85497896179	-5.1592793464661
3	44684	2.855693134348	-8.0452537536621
3	44694	2.856008297828	-5.0676989555359
3	44698	2.856664247213	-4.2568092346191
3	44705	2.857050856562	-6.7723259925842
3	44715	2.857629209852	-6.5957579612732
3	44725	2.858093992354	-3.9688308238983
3	44729	2.858639574483	-5.5249099731445
3	44736	2.859078080914	-7.6699976921082
3	44746	2.859629892753	-5.9125113487244
3	44753	2.860102208724	-4.1190032958984
3	44760	2.860645967557	-3.895409822464
3	44767	2.861073164592	-6.9425964355469
3	44777	2.86167858405	-6.1013722419739
3	44784	2.862078656616	-6.0761771202087
3	44791	2.862687620351	-4.8537983894348
3	44801	2.863077540702	-5.5759019851685
3	44814	2.863721997858	-4.2998223304749
3	44821	2.864043609036	-5.6613359451294
3	44825	2.864761641832	-5.4777092933655
3	44832	2.865082319974	-5.9060659408569
3	44845	2.865735362728	-3.256032705307
3	44852	2.866035055236	-6.9724731445312
3	44856	2.866739070229	-3.4839160442352
3	44863	2.867004241473	-5.3439908027649
3	44876	2.867786455675	-6.1006441116333
3	44883	2.868048046016	-3.5388219356537
3	44890	2.868829923754	-4.6624765396118
3	44894	2.869037182955	-7.5020823478699
3	44907	2.869872256521	-4.8848462104797
3	44914	2.87006348894	-5.3665542602539
3	44921	2.870871645063	-4.28377866745
3	44928	2.871040639786	-4.4639501571655
3	44938	2.871857260044	-5.2459750175476
3	44945	2.872075765327	-4.3420929908752
3	44949	2.872849760722	-6.5181946754456
3	44959	2.873092505431	-5.0097374916077
3	44969	2.873870205964	-5.369469165802
3	44973	2.87412226193	-5.5183639526367
3	44980	2.874877559407	-5.0794124603271
3	44990	2.875127140092	-6.0021572113037
3	45000	2.875913383305	-5.0665192604065
3	45004	2.876142790438	-4.7082929611206
3	45011	2.876938440545	-3.815691947937
3	45021	2.877099046696	-5.7319364547729
3	45031	2.877924103528	-5.1055541038513
3	45038	2.878138624587	-5.3744916915894
3	45045	2.878932799653	-2.7065677642822
3	45052	2.879172571177	-5.4388194084167
3	45062	2.879920346679	-5.1877026557922
3	45069	2.880193824144	-5.1899242401123
3	45076	2.880917667881	-7.3239283561707
3	45083	2.881170619532	-5.0048966407776
3	45093	2.881906288039	-4.3340940475464
3	45097	2.882159288045	-3.5101561546326
3	45113	2.882943695432	-6.3413214683533
3	45117	2.883133616458	-4.0772943496704
3	45127	2.883894904844	-5.3243789672852
3	45131	2.884159878548	-3.765029668808
3	45144	2.884923392779	-5.0358920097351
3	45148	2.885138206151	-3.3664894104004
3	45158	2.885884135113	-6.5758409500122
3	45162	2.886109915768	-3.4717969894409
3	45175	2.886883511604	-6.8735890388489
3	45179	2.887140171729	-4.1164064407349
3	45189	2.887834283166	-3.5892693996429
3	45193	2.8881076633	-5.4069223403931
3	45206	2.888854287083	-3.8935492038727
3	45210	2.889067699178	-5.9996538162231
3	45220	2.889827119657	-3.8153071403503
3	45224	2.89003452374	-7.6846814155579
3	45234	2.890801175899	-4.2376689910889
3	45241	2.891014000962	-4.4648342132568
3	45251	2.891809613194	-6.4207711219788
3	45255	2.89205215335	-4.3791646957397
3	45262	2.892818246023	-4.3486022949219
3	45272	2.89304867455	-4.5390729904175
3	45282	2.893799368844	-7.7407703399658
3	45286	2.894044943179	-5.4643335342407
3	45299	2.894829360332	-7.2771148681641
3	45303	2.895082986679	-6.2692623138428
3	45310	2.895826791308	-4.625542640686
3	45317	2.896113388961	-5.4865765571594
3	45330	2.896844356693	-6.4585657119751
3	45337	2.897115382162	-5.9816098213196
3	45341	2.897800866771	-6.5790042877197
3	45348	2.898083433647	-6.3031554222107
3	45361	2.89881981234	-4.7532477378845
3	45368	2.899040751673	-5.9851641654968
3	45372	2.899786219962	-6.5488152503967
3	45376	2.900073126283	-6.6556553840637
3	45392	2.900806768335	-7.9424152374268
3	45399	2.901045506322	-5.2030601501465
3	45403	2.901764922075	-6.2995667457581
3	45407	2.902069144343	-5.3124279975891
3	45426	2.902772252566	-4.5072855949402
3	45433	2.903048690344	-5.253363609314
3	45437	2.903777652083	-5.348406791687
3	45444	2.904043282843	-6.0574111938477
3	45460	2.904737183861	-9.2908926010132
3	45464	2.905027870982	-5.3330750465393
3	45468	2.905742450686	-6.2437305450439
3	45472	2.906066716923	-6.7988796234131
3	45491	2.906695856451	-3.3409752845764
3	45495	2.907098923467	-7.3792209625244
3	45499	2.907721550254	-4.3911490440369
3	45506	2.908142441475	-5.4008297920227
3	45519	2.908672233046	-5.9118604660034
3	45526	2.909128283598	-3.0407361984253
3	45530	2.909647746188	-4.4918093681335
3	45537	2.910143620201	-6.23464012146
3	45550	2.910653761685	-4.159854888916
3	45557	2.911099667545	-5.2685856819153
3	45561	2.911664214874	-6.6931443214417
3	45565	2.912066406504	-5.5586667060852
3	45578	2.912630391158	-4.9226422309875
3	45588	2.913049750289	-5.2317047119141
3	45592	2.91359390317	-6.3074107170105
3	45596	2.914003105984	-4.7484402656555
3	45609	2.914635753072	-6.0193819999695
3	45619	2.915013544129	-4.7129426002502
3	45623	2.915642787765	-8.971019744873
3	45627	2.916041833945	-5.8275532722473
3	45643	2.91662502691	-4.9347867965698
3	45650	2.917069033405	-8.5655212402344
3	45654	2.917656105719	-5.1538963317871
3	45658	2.91808711581	-7.5574135780334
3	45671	2.918681154417	-4.5127534866333
3	45681	2.919125340927	-8.6283235549927
3	45685	2.91963692355	-4.4141507148743
3	45692	2.920166927515	-4.4456114768982
3	45702	2.920592945194	-5.8526082038879
3	45712	2.921137680943	-4.4260020256042
3	45716	2.921623365368	-4.5288271903992
3	45723	2.922169545834	-7.2389049530029
3	45736	2.9226292375	-4.9765439033508
3	45746	2.923213444927	-6.4441938400269
3	45750	2.923650347121	-6.845850944519
3	45757	2.924214282709	-4.4316158294678
3	45770	2.924642920374	-7.0091080665588
3	45777	2.925228615164	-5.627908706665
3	45781	2.925633957706	-6.8875169754028
3	45788	2.926192646205	-5.9398155212402
3	45801	2.926682790687	-5.4938893318176
3	45808	2.92716527172	-5.2702040672302
3	45812	2.927702891531	-6.9159088134766
3	45819	2.928189506546	-4.734043598175
3	45832	2.928704639292	-7.6570181846619
3	45836	2.929222599127	-8.8551435470581
3	45843	2.929658469877	-7.1785941123962
3	45850	2.930223969916	-6.7476010322571
3	45860	2.930675068316	-4.6494097709656
3	45867	2.931238721573	-6.3802990913391
3	45874	2.931706086741	-6.2085862159729
3	45881	2.932195371179	-4.4018740653992
3	45891	2.932688799754	-4.8720011711121
3	45898	2.933184069348	-6.0732173919678
3	45905	2.933665080052	-4.6915378570557
3	45912	2.934213563866	-6.8076944351196
3	45922	2.934709986246	-5.6449847221375
3	45929	2.935177298198	-3.2058019638062
3	45936	2.935715165499	-6.2518343925476
3	45943	2.936186898056	-5.9659967422485
3	45953	2.936724556398	-6.9712443351746
3	45963	2.937205336649	-4.3745393753052
3	45967	2.937682914376	-4.9101881980896
3	45974	2.938210106048	-5.424741268158
3	45984	2.938674478815	-6.4129486083984
3	45991	2.939201154588	-5.9278802871704
3	45998	2.939650703231	-4.8727612495422
3	46005	2.940157937621	-4.8031711578369
3	46015	2.940637715428	-3.6023261547089
3	46022	2.941135735149	-6.3433971405029
3	46029	2.94166273775	-4.8317122459412
3	46039	2.942129793371	-7.7376856803894
3	46043	2.942631184194	-4.853039264679
3	46059	2.943107552884	-5.1603064537048
3	46063	2.943583058517	-4.6079769134521
3	46073	2.944155045705	-6.9653964042664
3	46080	2.94453862365	-5.0144972801208
3	46090	2.945195569264	-5.0798854827881
3	46094	2.945524209855	-5.4853553771973
3	46101	2.946179654904	-4.6600117683411
3	46108	2.946538844909	-4.9107847213745
3	46121	2.947145807594	-5.0502486228943
3	46125	2.947507290005	-5.1548223495483
3	46135	2.948104757917	-6.6022472381592
3	46139	2.948473714394	-4.7795510292053
3	46152	2.949065402703	-8.6680898666382
3	46156	2.949450268633	-5.9798994064331
3	46166	2.950100725652	-6.7094120979309
3	46170	2.950437388404	-4.2879686355591
3	46183	2.951145857568	-4.1634559631348
3	46187	2.951404762625	-3.6266412734985
3	46197	2.952101016531	-3.8375854492188
3	46201	2.952361650753	-6.9260025024414
3	46214	2.953083382694	-3.5135502815247
3	46218	2.953375209887	-6.8084602355957
3	46228	2.954066165755	-5.7593050003052
3	46235	2.954377923409	-5.743302822113
3	46242	2.955069959323	-6.3919506072998
3	46252	2.955426122134	-3.7696044445038
3	46256	2.956022571392	-7.4545474052429
3	46266	2.956392627117	-6.0501871109009
3	46273	2.957049657741	-6.6853137016296
3	46283	2.957362368245	-5.7826037406921
3	46290	2.958009231971	-3.1391875743866
3	46297	2.958329600443	-7.4027013778687
3	46304	2.959056614986	-6.4122405052185
3	46311	2.959310141906	-6.3220357894897
3	46324	2.960099353929	-5.0830268859863
3	46328	2.960312425247	-4.0259985923767
3	46338	2.961123357783	-3.4256961345673
3	46342	2.961269718602	-9.0791549682617
3	46358	2.962165196714	-6.7485947608948
3	46362	2.962252415534	-5.7655735015869
3	46372	2.963145392729	-5.6735777854919
3	46376	2.963227465342	-3.9870855808258
3	46389	2.964121192683	-6.2012634277344
3	46393	2.964219660388	-5.797306060791
3	46403	2.965092880699	-4.4182496070862
3	46407	2.965171243074	-7.9686284065247
3	46417	2.966075153852	-3.7737216949463
3	46424	2.966178438451	-3.4192390441895
3	46434	2.967076939734	-5.1786198616028
3	46438	2.9671992769	-8.8370227813721
3	46451	2.968125970274	-5.7785444259644
3	46455	2.968170541113	-5.451940536499
3	46465	2.969099080914	-8.1286325454712
3	46469	2.969178706202	-5.0976667404175
3	46476	2.970116850022	-5.1619038581848
3	46483	2.970190249177	-6.0251607894897
3	46496	2.971071689454	-7.0765805244446
3	46500	2.971141199387	-5.4942798614502
3	46507	2.972059551412	-5.1186423301697
3	46514	2.972185169822	-5.2849979400635
3	46527	2.973045990529	-5.3040761947632
3	46531	2.973221139159	-5.9959616661072
3	46541	2.974089096748	-5.2187819480896
3	46545	2.974255786631	-7.3471651077271
3	46558	2.975110066584	-4.2384948730469
3	46562	2.975286895795	-4.3029499053955
3	46569	2.976132491107	-3.8037576675415
3	46576	2.976269902233	-3.7669761180878
3	46589	2.977161396279	-8.2334117889404
3	46593	2.977284402586	-10.209934234619
3	46600	2.978188013877	-4.4552989006042
3	46607	2.978258683581	-7.101375579834
3	46620	2.979148587281	-4.1411681175232
3	46624	2.979293580037	-5.8258581161499
3	46631	2.980101673858	-6.1029787063599
3	46635	2.980334003567	-5.9140357971191
3	46651	2.98108964675	-4.2771801948547
3	46655	2.981328539681	-8.2411251068115
3	46662	2.982049663811	-6.8918347358704
3	46666	2.982322048076	-3.022207736969
3	46685	2.983055128799	-3.8987691402435
3	46689	2.983369590063	-5.4170417785645
3	46696	2.984043145144	-6.0796446800232
3	46703	2.984364605384	-4.0827512741089
3	46716	2.985089456481	-5.8793864250183
3	46720	2.985319952612	-4.0561895370483
3	46727	2.986069530881	-5.0419154167175
3	46734	2.986343584	-4.9589591026306
3	46747	2.987107867712	-8.6950054168701
3	46751	2.98729840237	-4.1700348854065
3	46758	2.988114459575	-4.5153226852417
3	46765	2.988309459521	-5.3609228134155
3	46778	2.989131958355	-4.8717064857483
3	46782	2.989351738751	-5.6791133880615
3	46789	2.990156843833	-4.6467895507812
3	46796	2.990309134109	-3.5588655471802
3	46809	2.991131032312	-6.0415019989014
3	46813	2.991292317512	-4.4153337478638
3	46820	2.992159640656	-7.7223405838013
3	46824	2.992300339939	-4.5935573577881
3	46840	2.993185008548	-5.5585036277771
3	46844	2.993302157439	-4.1677079200745
3	46851	2.994224516797	-3.5935189723969
3	46855	2.994345905215	-4.0874004364014
3	46871	2.995209748528	-6.5270223617554
3	46875	2.995319616321	-2.8638596534729
3	46882	2.996254569424	-10.398596763611
3	46889	2.996341657867	-8.2354936599731
3	46902	2.997296236397	-7.7480039596558
3	46906	2.997300022832	-10.302363395691
3	46916	2.99827278614	-3.7943952083588
3	46920	2.998331856579	-6.3094530105591
3	46933	2.999319365232	-9.4691600799561
3	46937	2.999329434096	-6.72230052948
3	46949	3.000349706306	-5.6171097755432
3	46953	3.000355332705	-4.5338597297668
3	46966	3.001359750345	-3.9824001789093
3	46970	3.001396445238	-6.7342357635498
3	46980	3.002334636717	-3.7901902198792
3	46984	3.0023564374	-6.4211382865906
3	47000	3.003353406652	-7.2341737747192
3	47004	3.003405386741	-6.1712551116943
3	47014	3.004309482023	-6.0949096679688
3	47018	3.004415570862	-5.9014239311218
3	47031	3.005350634024	-4.9232034683228
3	47035	3.005454063514	-5.9811034202576
3	47048	3.006371551577	-4.7930564880371
3	47052	3.006455742459	-7.429271697998
3	47062	3.007374697414	-2.9147584438324
3	47066	3.007462364424	-8.6417837142944
3	47079	3.008407103112	-3.0740263462067
3	47083	3.008488451936	-9.5138683319092
3	47093	3.009432802778	-5.3898634910583
3	47097	3.009444744393	-6.7541012763977
3	47110	3.010434371258	-3.4846758842468
3	47114	3.010488337291	-7.5332837104797
3	47124	3.011415804497	-6.3730273246765
3	47131	3.011473563071	-5.6723742485046
3	47141	3.01238570148	-3.5881507396698
3	47145	3.012447152888	-4.5281043052673
3	47155	3.013405170159	-9.3514528274536
3	47159	3.013423521673	-4.7513194084167
3	47172	3.014392652778	-7.5926251411438
3	47176	3.014438783118	-4.8121309280396
3	47186	3.015362651558	-5.8116931915283
3	47190	3.015415693708	-6.4373145103455
3	47203	3.016314167935	-3.8111038208008
3	47207	3.01644833447	-5.6182060241699
3	47217	3.017321134965	-5.5614199638367
3	47221	3.017399177239	-6.4554657936096
3	47234	3.018304108191	-8.1104583740234
3	47238	3.018409515894	-8.4150915145874
3	47251	3.019321779509	-6.2726550102234
3	47255	3.019445071408	-5.3891735076904
3	47268	3.020363289974	-7.4186015129089
3	47272	3.020441582782	-5.630003452301
3	47282	3.021395135934	-5.3542804718018
3	47286	3.021434388086	-5.8524346351624
3	47302	3.022361065405	-7.2924294471741
3	47306	3.022432289513	-8.4820442199707
3	47316	3.023395813092	-8.300365447998
3	47320	3.023406992124	-4.0572576522827
3	47333	3.024426363155	-9.0090341567993
3	47337	3.024451511762	-7.6406064033508
3	47347	3.025433610032	-8.0692405700684
3	47351	3.025497684042	-3.926748752594
3	47364	3.026426716127	-3.9261565208435
3	47368	3.026489567836	-5.9953474998474
3	47378	3.027441225617	-7.1555228233337
3	47382	3.027444611061	-4.8132677078247
3	47395	3.028397250043	-7.594982624054
3	47399	3.028448481698	-5.0010666847229
3	47406	3.029388619559	-6.2575325965881
3	47410	3.029481901201	-5.597188949585
3	47426	3.030403520426	-9.4466733932495
3	47430	3.030445683803	-7.9663019180298
3	47440	3.031370387756	-6.3718891143799
3	47444	3.031479476636	-6.7366619110107
3	47457	3.032345281839	-4.5239992141724
3	47461	3.032516153638	-7.8178563117981
3	47468	3.033330264079	-5.1326413154602
3	47475	3.033469960228	-9.1588678359985
3	47488	3.034377714234	-7.3085923194885
3	47492	3.034446534603	-4.018835067749
3	47499	3.035351861871	-4.9887351989746
3	47506	3.035479492876	-9.237154006958
3	47519	3.036380344621	-4.9267597198486
3	47523	3.036435945572	-4.417254447937
3	47530	3.03733913956	-6.4867715835571
3	47537	3.037460164782	-6.264657497406
3	47547	3.038388492254	-5.9251565933228
3	47551	3.038440246466	-5.705020904541
3	47564	3.03937892137	-5.037278175354
3	47568	3.03941995227	-7.3850774765015
3	47578	3.040371770129	-7.3700742721558
3	47582	3.040407900225	-8.3994216918945
3	47592	3.041349577244	-5.9891619682312
3	47596	3.041376566495	-7.7445755004883
3	47612	3.042336661164	-5.8798289299011
3	47619	3.042362521269	-6.8850636482239
3	47626	3.043350061953	-5.5392990112305
3	47630	3.043361086553	-8.7130651473999
3	47643	3.044306706788	-9.6802158355713
3	47647	3.044356618033	-8.5852823257446
3	47657	3.04533409105	-4.9927849769592
3	47664	3.045379922547	-4.4022688865662
3	47677	3.046328369627	-3.7893569469452
3	47681	3.046418676828	-6.7176051139832
3	47691	3.047354562435	-5.1105051040649
3	47695	3.047447806695	-7.4311370849609
3	47708	3.048367230177	-6.5137143135071
3	47712	3.04848049329	-6.9616742134094
3	47722	3.049410481576	-6.1563172340393
3	47726	3.049435010732	-8.5805892944336
3	47736	3.050370460064	-5.8539042472839
3	47740	3.050432504811	-5.8683323860168
3	47753	3.051359197031	-5.3640079498291
3	47757	3.051402200225	-5.7373080253601
3	47767	3.052349445828	-5.4227414131165
3	47771	3.052379650034	-6.0932493209839
3	47784	3.053322699464	-4.4755024909973
3	47788	3.053386081885	-5.9006657600403
3	47801	3.054317627776	-6.1086597442627
3	47805	3.054361070917	-7.8785576820374
3	47815	3.055272461444	-6.7084536552429
3	47819	3.05540068149	-5.7578353881836
3	47826	3.056246056706	-4.7080974578857
3	47836	3.056402721376	-6.4996228218079
3	47843	3.057217175626	-5.8733220100403
3	47850	3.057438802408	-4.5933012962341
3	47857	3.058250838405	-3.7637550830841
3	47861	3.058417233138	-8.1010236740112
3	47874	3.059217251837	-4.8486456871033
3	47878	3.059393023947	-6.7575459480286
3	47888	3.06022757654	-6.4878549575806
3	47895	3.060407495389	-5.5067100524902
3	47905	3.06120626775	-5.1601033210754
3	47909	3.061361392687	-5.9504170417786
3	47919	3.062176351976	-4.4437785148621
3	47929	3.062331810626	-4.1531195640564
3	47939	3.063199089751	-4.0356698036194
3	47943	3.063341511387	-8.7065944671631
3	47950	3.064231633606	-7.3226089477539
3	47960	3.064342841518	-6.0422391891479
3	47970	3.065266443809	-3.5990755558014
3	47974	3.065307819834	-5.7469086647034
3	47981	3.066216888415	-4.7712664604187
3	47988	3.066260261398	-5.6133494377136
3	48001	3.067239590006	-6.6728410720825
3	48005	3.067292180025	-8.6833791732788
3	48015	3.068241285152	-4.7143235206604
3	48019	3.068258473931	-6.1587634086609
3	48032	3.069228469615	-5.5959787368774
3	48036	3.069276448802	-5.5101490020752
3	48046	3.070235311149	-1.7966490983963
3	48050	3.070246963386	-5.3239374160767
3	48063	3.071186456342	-5.5451574325562
3	48067	3.07126838281	-7.4126434326172
3	48077	3.072223811494	-2.9550766944885
3	48081	3.072230323887	-5.7680225372314
3	48094	3.073180824668	-7.0495290756226
3	48098	3.073181950189	-5.2443008422852
3	48108	3.074133950467	-7.7560715675354
3	48112	3.074199075121	-4.9228644371033
3	48125	3.075140708221	-5.5881323814392
3	48129	3.075228393642	-9.2385349273682
3	48136	3.076177662639	-5.6040649414062
3	48143	3.076253470576	-4.8255696296692
3	48156	3.077195157607	-4.7680220603943
3	48160	3.077233346401	-6.0633463859558
3	48170	3.078202213313	-6.9024391174316
3	48174	3.078254896014	-3.8588140010834
3	48187	3.079205977282	-6.6777639389038
3	48191	3.079225020165	-4.677743434906
3	48198	3.080247658635	-3.3795785903931
3	48202	3.080253968163	-4.6837339401245
3	48218	3.081216736163	-7.3462948799133
3	48222	3.081233147354	-4.9480924606323
3	48229	3.082224826785	-5.9638905525208
3	48233	3.082229835349	-3.9035818576813
3	48252	3.083223680488	-3.1952748298645
3	48256	3.083228609675	-5.2479367256165
3	48266	3.08421977651	-5.6315388679504
3	48270	3.084266822549	-6.8845615386963
3	48283	3.085202413334	-6.2305936813354
3	48287	3.085253788708	-5.8354315757751
3	48294	3.086189715248	-6.7994422912598
3	48298	3.086215502129	-6.8084082603455
3	48314	3.087192347908	-4.1049094200134
3	48318	3.087238017959	-5.0570731163025
3	48325	3.088172420985	-5.9379925727844
3	48332	3.088243836389	-4.1437239646912
3	48345	3.089163093768	-6.262864112854
3	48349	3.089280727054	-7.0258235931396
3	48356	3.090181243552	-7.1430897712708
3	48363	3.090288299291	-4.8098335266113
3	48376	3.091208366975	-3.5907533168793
3	48380	3.091305391887	-6.3276319503784
3	48387	3.092174835042	-7.2869033813477
3	48394	3.092320541323	-5.5194220542908
3	48407	3.093211966839	-4.9639844894409
3	48411	3.093348289779	-6.1134266853333
3	48421	3.094234284908	-5.08815574646
3	48425	3.09437282719	-4.6261601448059
3	48438	3.095234939196	-5.848952293396
3	48442	3.095362043803	-10.687097549438
3	48452	3.096260306479	-6.5534429550171
3	48456	3.096399857489	-5.0133075714111
3	48469	3.097236600292	-7.8958916664124
3	48473	3.09740521641	-7.3866410255432
3	48483	3.09826256877	-6.0793671607971
3	48490	3.098443271654	-5.7451343536377
3	48500	3.099228139624	-3.6142845153809
3	48504	3.09940310844	-6.7945232391357
3	48514	3.10021458274	-3.190286397934
3	48521	3.100442685608	-3.9678549766541
3	48531	3.101188761144	-3.0748233795166
3	48535	3.101465378395	-5.2068238258362
3	48545	3.102197681067	-4.7803168296814
3	48555	3.102420391288	-5.8308324813843
3	48565	3.103156054792	-5.414204120636
3	48569	3.103428859248	-4.7052412033081
3	48579	3.104151487136	-6.6603026390076
3	48583	3.104450293601	-4.6075687408447
3	48596	3.105133001948	-5.1893644332886
3	48600	3.105427096514	-4.852156162262
3	48607	3.106159874784	-8.7765455245972
3	48617	3.106422160626	-5.055052280426
3	48627	3.107157452745	-7.0425357818604
3	48631	3.107398628111	-3.6193523406982
3	48638	3.108141532988	-5.0433683395386
3	48645	3.108352576523	-8.2162666320801
3	48658	3.109182326145	-5.1758770942688
3	48662	3.109329719068	-8.6016988754272
3	48666	3.110162527474	-3.9195539951324
3	48676	3.110297253124	-3.5724520683289
3	48689	3.111121516148	-6.4144859313965
3	48693	3.111302735822	-4.3736391067505
3	48697	3.112138367189	-3.7149033546448
3	48707	3.112343871238	-9.5526313781738
3	48720	3.113133444234	-6.9318404197693
3	48724	3.11339110781	-5.331015586853
3	48731	3.114157367967	-3.4539375305176
3	48738	3.114359417342	-6.1280822753906
3	48751	3.115155804205	-4.6971826553345
3	48755	3.115341722674	-4.7870984077454
3	48759	3.116127834352	-7.3553733825684
3	48769	3.116379024523	-8.4019250869751
3	48779	3.117078550911	-5.3862543106079
3	48786	3.11739751524	-5.722324848175
3	48790	3.118115884029	-5.6183414459229
3	48803	3.118393839282	-5.9812836647034
3	48813	3.119130852356	-7.4661345481873
3	48817	3.119436762764	-7.6537666320801
3	48827	3.120167254632	-4.6838994026184
3	48834	3.120468044357	-5.8749389648438
3	48844	3.121194019756	-4.5475330352783
3	48848	3.12150188885	-5.8341751098633
3	48858	3.122211730036	-4.3859391212463
3	48868	3.1224709638	-5.0959544181824
3	48878	3.123242036358	-6.6283440589905
3	48882	3.123497426535	-6.1340522766113
3	48892	3.124246263257	-5.2074480056763
3	48899	3.124482791345	-7.626932144165
3	48909	3.125270975112	-5.7999868392944
3	48913	3.125462625918	-5.6252374649048
3	48923	3.126254515059	-2.6555588245392
3	48930	3.12642501391	-5.4444856643677
3	48940	3.127272880734	-7.1626348495483
3	48944	3.127424012754	-4.1210799217224
3	48954	3.128270144974	-5.8591547012329
3	48958	3.128443254559	-4.741681098938
3	48971	3.129247285218	-6.0739359855652
3	48975	3.129401011456	-5.4297409057617
3	48985	3.130231392705	-3.5137927532196
3	48989	3.130360499688	-4.4895801544189
3	48999	3.13120032932	-8.2644462585449
3	49006	3.131368402035	-5.203323841095
3	49016	3.132168517582	-5.6825494766235
3	49020	3.132366283562	-6.7800235748291
3	49030	3.133193184998	-5.4826068878174
3	49034	3.133350756574	-5.918963432312
3	49047	3.134213259031	-6.6771559715271
3	49051	3.134395946225	-4.0485973358154
3	49061	3.135257838976	-5.3130869865417
3	49065	3.135385813986	-4.2917551994324
3	49078	3.136271013721	-4.3584976196289
3	49082	3.136435146754	-6.8756508827209
3	49092	3.137229089032	-5.37975025177
3	49096	3.137445750725	-5.7545199394226
3	49109	3.138208913494	-3.5983929634094
3	49116	3.138445840613	-5.383204460144
3	49123	3.139218640607	-5.9224624633789
3	49130	3.139449916266	-3.950475692749
3	49140	3.14018842336	-4.8818378448486
3	49147	3.140490061022	-5.8702402114868
3	49154	3.141197269356	-4.9989619255066
3	49161	3.141507425754	-4.8957061767578
3	49177	3.142238041828	-6.4003810882568
3	49181	3.142542400396	-4.5747919082642
3	49188	3.143235098738	-3.6987612247467
3	49198	3.143590153443	-5.9891090393066
3	49208	3.144198195732	-5.3130025863647
3	49212	3.144593311094	-5.2207803726196
3	49219	3.14519934715	-5.9426665306091
3	49226	3.145553209275	-8.874490737915
3	49236	3.14619437334	-6.3480458259583
3	49243	3.146595037749	-6.4615316390991
3	49250	3.147231499065	-6.6327466964722
3	49260	3.147611305597	-4.1044182777405
3	49270	3.148186245181	-4.658965587616
3	49274	3.148564093746	-5.122697353363
3	49281	3.149142016238	-4.8270444869995
3	49291	3.149592271609	-5.4406113624573
3	49298	3.150117047488	-5.7232899665833
3	49305	3.150556868949	-4.4143896102905
3	49312	3.151158916757	-4.573860168457
3	49322	3.151507179609	-4.2610716819763
3	49329	3.152191873301	-7.8672380447388
3	49336	3.152488617947	-5.4540281295776
3	49343	3.153232575323	-6.3286933898926
3	49353	3.153463572435	-6.1002612113953
3	49363	3.154205115922	-6.0221996307373
3	49367	3.154486336568	-5.6565852165222
3	49374	3.15516165552	-8.2762279510498
3	49381	3.155511260692	-5.5303297042847
3	49394	3.156210993509	-7.0118360519409
3	49398	3.156527152775	-4.8240733146667
3	49405	3.15721439858	-6.5407547950745
3	49412	3.157545055611	-5.3900861740112
3	49425	3.158185710805	-10.213766098022
3	49429	3.158522533911	-4.2150650024414
3	49436	3.159196306794	-7.0480279922485
3	49440	3.159501823408	-4.7962617874146
3	49456	3.160245877379	-5.2009582519531
3	49460	3.160459241326	-4.009202003479
3	49467	3.161240467758	-7.3741474151611
3	49474	3.161459830848	-6.6117944717407
3	49490	3.162287334709	-7.0699381828308
3	49494	3.16248559738	-5.6305966377258
3	49501	3.163287345479	-9.5741939544678
3	49508	3.163444738924	-5.8937816619873
3	49521	3.164304448999	-7.6856737136841
3	49525	3.164426738539	-6.1076397895813
3	49532	3.165261778401	-5.9546875953674
3	49536	3.165464921218	-5.5217542648315
3	49549	3.166279966873	-4.8572001457214
3	49556	3.16645360327	-7.971489906311
3	49563	3.167289140689	-7.1781978607178
3	49567	3.16746969724	-5.2335047721863
3	49583	3.168269228251	-5.5239267349243
3	49587	3.168437057416	-6.5919804573059
3	49594	3.169228001069	-8.2778854370117
3	49598	3.16948308376	-4.293074131012
3	49614	3.17018598267	-6.4931974411011
3	49618	3.170492139595	-4.5900325775146
3	49625	3.171150210629	-4.1276745796204
3	49629	3.171533546163	-5.5075545310974
3	49645	3.172106478441	-4.8926129341125
3	49649	3.172567753193	-6.3247237205505
3	49656	3.173075906307	-5.4025158882141
3	49660	3.173555253668	-5.7321190834045
3	49673	3.174124411864	-6.6609206199646
3	49680	3.174594304898	-5.5775651931763
3	49687	3.175163586758	-5.466673374176
3	49691	3.175635801444	-5.1993350982666
3	49704	3.176154761161	-5.723518371582
3	49711	3.176610679835	-8.2117176055908
3	49718	3.177200245328	-5.4332404136658
3	49722	3.177588244542	-5.9450602531433
3	49738	3.178229275374	-5.7828040122986
3	49742	3.178591709306	-5.7619500160217
3	49749	3.179194382807	-3.610671043396
3	49753	3.179569209598	-5.532732963562
3	49769	3.180181413199	-7.1961441040039
3	49773	3.180571497851	-7.3928198814392
3	49780	3.18119227211	-7.7127370834351
3	49784	3.181523770316	-9.8890819549561
3	49803	3.182201628305	-5.2962741851807
3	49807	3.18251966298	-4.2106513977051
3	49814	3.1832159532	-5.347909450531
3	49821	3.183556698989	-5.2697720527649
3	49834	3.184183238461	-5.9866881370544
3	49838	3.184532778865	-6.886519908905
3	49845	3.18521488834	-7.22381067276
3	49852	3.185552401711	-7.3986616134644
3	49865	3.186175014218	-7.705828666687
3	49872	3.186563949048	-6.3016829490662
3	49876	3.187167066134	-6.5328850746155
3	49883	3.187585275586	-4.6702795028687
3	49896	3.188207639468	-4.9480471611023
3	49903	3.18856384296	-7.6767401695251
3	49907	3.189230344816	-4.1065382957458
3	49914	3.189586889956	-7.5995979309082
3	49927	3.190275357929	-4.7568349838257
3	49934	3.190556752758	-4.5888061523438
3	49938	3.191272378778	-4.3979907035828
3	49945	3.191556647073	-6.1729516983032
3	49958	3.192321744622	-6.0440077781677
3	49962	3.192509383428	-5.0484189987183
3	49969	3.193288646304	-3.9974091053009
3	49976	3.193516327008	-4.9521007537842
3	49989	3.194295499936	-3.5596985816956
3	49996	3.194512574145	-6.0271821022034
3	50000	3.195303339677	-3.8428800106049
3	50007	3.19554643698	-5.7307605743408
3	50020	3.196268641684	-8.7099380493164
3	50027	3.196534218219	-10.441543579102
3	50031	3.197267647708	-4.3011808395386
3	50038	3.197582310189	-8.4469728469849
3	50051	3.198229103263	-6.6561856269836
3	50058	3.198605273629	-6.2888307571411
3	50062	3.199271105443	-4.7980885505676
3	50066	3.199601311952	-4.9294238090515
3	50082	3.200271785413	-5.4105710983276
3	50089	3.20061372799	-4.9924669265747
3	50093	3.201294669835	-6.0917434692383
3	50100	3.201639202622	-6.074583530426
3	50116	3.202257754666	-8.932746887207
3	50123	3.202648327267	-7.3183608055115
3	50127	3.203267737847	-6.1746616363525
3	50131	3.20361348306	-6.830982208252
3	50147	3.204282964887	-7.9108915328979
3	50154	3.204655888927	-3.2837784290314
3	50158	3.205233657662	-5.7659945487976
3	50162	3.205609890978	-4.2648816108704
3	50178	3.206200335187	-3.8471488952637
3	50185	3.206633440715	-7.0900955200195
3	50189	3.20721641312	-5.8825812339783
3	50193	3.207609815085	-5.0550675392151
3	50209	3.208215398839	-5.8538136482239
3	50216	3.20865282851	-4.9082050323486
3	50220	3.209213502786	-4.6584529876709
3	50224	3.209653127263	-5.1787486076355
3	50240	3.210245773232	-4.558473110199
3	50247	3.210639074546	-6.2172493934631
3	50251	3.211256976834	-7.3999843597412
3	50258	3.211652584344	-4.6202554702759
3	50268	3.212250475817	-4.6180553436279
3	50278	3.212658955457	-4.3661723136902
3	50282	3.213283974804	-6.3282957077026
3	50289	3.213657391488	-6.1870112419128
3	50299	3.214277138216	-4.650848865509
3	50309	3.21469201304	-5.1538710594177
3	50313	3.215283266594	-3.6754574775696
3	50323	3.215704087127	-3.4925057888031
3	50330	3.216281884886	-5.5090107917786
3	50340	3.216743904956	-4.956440448761
3	50344	3.217247004742	-8.3737659454346
3	50354	3.217762365395	-7.5514640808105
3	50364	3.218281382104	-5.6631598472595
3	50371	3.218785414501	-5.3415493965149
3	50375	3.219286171863	-4.8878636360168
3	50385	3.219760315104	-4.6045107841492
3	50395	3.220281579823	-5.1802506446838
3	50402	3.220736474098	-10.109785079956
3	50406	3.221258174612	-4.0884642601013
3	50416	3.221754676353	-8.7860593795776
3	50429	3.222232306096	-4.4539375305176
3	50433	3.222735304704	-7.8164882659912
3	50440	3.223250405575	-7.2469391822815
3	50450	3.223711447963	-4.5996341705322
3	50460	3.224237448024	-5.8737034797668
3	50464	3.224739848637	-8.8970785140991
3	50471	3.22521255271	-5.8514947891235
3	50481	3.22574490576	-5.4633264541626
3	50488	3.226199724408	-4.2897114753723
3	50495	3.22676596566	-7.136990070343
3	50502	3.227215042336	-3.3934257030487
3	50512	3.227810368959	-3.7338085174561
3	50519	3.228166804767	-6.5479302406311
3	50526	3.228763675478	-5.0651774406433
3	50533	3.22916504377	-7.3836679458618
3	50543	3.229728091081	-6.9728918075562
3	50550	3.230193985034	-4.5294322967529
3	50557	3.230698323868	-3.4920828342438
3	50564	3.231182550727	-8.2151174545288
3	50571	3.231737235202	-9.0379629135132
3	50581	3.23216081744	-7.0458641052246
3	50588	3.232746300239	-5.4838891029358
3	50595	3.233123461269	-5.5962662696838
3	50602	3.233753694931	-3.5060014724731
3	50609	3.2341291389	-7.0510416030884
3	50619	3.234715585682	-5.796658039093
3	50626	3.235145741695	-4.7419352531433
3	50633	3.235755971984	-6.1858510971069
3	50643	3.236115042629	-7.4820213317871
3	50650	3.236751184206	-5.6816482543945
3	50654	3.237067264855	-4.6241683959961
3	50664	3.237728726719	-6.7930731773376
3	50674	3.238069846636	-6.7037224769592
3	50681	3.238746668966	-4.7595925331116
3	50685	3.239079236968	-5.0215220451355
3	50695	3.239740850845	-4.0635299682617
3	50702	3.240040091654	-5.2770524024963
3	50712	3.240706080708	-6.858302116394
3	50722	3.24108215161	-5.4348526000977
3	50726	3.241743763347	-4.8798842430115
3	50736	3.242038717452	-4.9241013526917
3	50746	3.242725911176	-7.9025588035583
3	50753	3.243017786362	-5.8530631065369
3	50760	3.243715961297	-5.7270131111145
3	50770	3.244001124825	-6.4954605102539
3	50777	3.244758613824	-5.0119962692261
3	50784	3.244992563679	-3.762859582901
3	50791	3.24578086965	-5.1502175331116
3	50795	3.245976121011	-5.5692491531372
3	50808	3.246750041735	-5.8604578971863
3	50815	3.246987120413	-6.6717491149902
3	50822	3.247786714718	-2.6494419574738
3	50829	3.247948223158	-4.7215733528137
3	50839	3.248828181835	-4.9314818382263
3	50843	3.248944840079	-6.9966816902161
3	50853	3.249854569823	-5.2468423843384
3	50863	3.249968401501	-4.9066762924194
3	50872	3.250808218905	-3.4136552810669
3	50876	3.250953557358	-3.9312858581543
3	50886	3.251773708976	-4.6796035766602
3	50890	3.2519659449	-6.6315326690674
3	50903	3.252753615286	-4.3854665756226
3	50910	3.252958834561	-4.9964470863342
3	50917	3.253789782502	-5.7436375617981
3	50921	3.253986687342	-6.4514966011047
3	50934	3.254808311795	-5.5167355537415
3	50941	3.254974726431	-4.3321442604065
3	50948	3.255769526101	-5.4562096595764
3	50955	3.255981584964	-4.5796270370483
3	50968	3.256784182902	-6.8061742782593
3	50972	3.257008759994	-8.4700450897217
3	50982	3.257754709778	-7.149188041687
3	50986	3.258044619584	-3.4679172039032
3	50996	3.258768654239	-5.9430785179138
3	51003	3.259057990071	-4.6671895980835
3	51013	3.259777008021	-5.7043838500977
3	51017	3.260023849818	-9.5221147537231
3	51030	3.260816867979	-5.7938895225525
3	51034	3.261022487539	-5.7914342880249
3	51044	3.261788009165	-6.0700159072876
3	51048	3.261987483141	-6.3849148750305
3	51061	3.262767854698	-4.1405897140503
3	51068	3.26297385239	-4.3756861686707
3	51078	3.263787316094	-4.9924473762512
3	51082	3.264000808343	-8.2521047592163
3	51092	3.264771909672	-6.1132392883301
3	51099	3.265032363054	-6.7465772628784
3	51109	3.265749999015	-4.0354962348938
3	51113	3.265992435418	-4.7850842475891
3	51123	3.26672496974	-4.5497875213623
3	51130	3.266998026362	-5.2273306846619
3	51137	3.267762930969	-8.5011692047119
3	51144	3.267994596091	-7.439151763916
3	51157	3.268755579586	-4.8832974433899
3	51161	3.268970665582	-4.1869459152222
3	51168	3.269776593311	-4.5991992950439
3	51175	3.269968527164	-6.950119972229
3	51188	3.270815119691	-5.8153529167175
3	51192	3.270952665592	-8.9904451370239
3	51199	3.271784699009	-4.1057095527649
3	51206	3.271980179204	-5.5240230560303
3	51216	3.272756748941	-6.0067958831787
3	51220	3.272981958954	-4.3055577278137
3	51230	3.273780228986	-4.1791677474976
3	51237	3.274030919866	-5.3482537269592
3	51247	3.274797224745	-6.1259880065918
3	51254	3.274986763735	-6.4696106910706
3	51261	3.275839093638	-6.9597697257996
3	51265	3.276034432296	-6.5941390991211
3	51281	3.276820503243	-8.1524934768677
3	51285	3.277075092327	-4.9622249603271
3	51292	3.277834060019	-6.4227838516235
3	51299	3.278118389512	-7.2179627418518
3	51309	3.278870998224	-7.068585395813
3	51316	3.27910406825	-4.9250674247742
3	51323	3.279866897289	-5.3118834495544
3	51330	3.280112503643	-7.3677287101746
3	51340	3.280909529784	-7.9559302330017
3	51347	3.281155902405	-3.4092128276825
3	51357	3.28187587157	-3.9997587203979
3	51361	3.282166201841	-6.5803809165955
3	51374	3.282882145864	-3.0161504745483
3	51378	3.28311866841	-4.5565257072449
3	51388	3.283869480008	-8.1087875366211
3	51398	3.284120789433	-5.0237274169922
3	51405	3.284917856553	-4.8501591682434
3	51409	3.285102633841	-7.2207860946655
3	51419	3.28596278466	-5.0791335105896
3	51429	3.286134455493	-6.5506734848022
3	51436	3.287011067484	-5.2662310600281
3	51443	3.28717112838	-5.8319845199585
3	51450	3.288009793426	-6.0331625938416
3	51457	3.288122566502	-5.6314396858215
3	51467	3.289044686172	-3.7410128116608
3	51471	3.289079540568	-5.312903881073
3	51484	3.290042461999	-2.7725274562836
3	51488	3.290116421581	-4.4055891036987
3	51498	3.291065112008	-7.45552110672
3	51502	3.291125247049	-4.6065139770508
3	51515	3.292049668312	-6.7517991065979
3	51522	3.292110178391	-5.0375413894653
3	51529	3.293084028967	-3.7270696163177
3	51536	3.293112047086	-6.6143684387207
3	51546	3.294073272501	-4.8210959434509
3	51553	3.294157716752	-5.9865007400513
3	51560	3.29502378376	-6.4002437591553
3	51564	3.29513939114	-4.8454923629761
3	51577	3.29602198844	-4.2527632713318
3	51584	3.296164837493	-6.6186537742615
3	51591	3.29706774563	-4.4602451324463
3	51595	3.297133018836	-8.8392105102539
3	51608	3.298116743892	-4.173725605011
3	51612	3.298147957828	-8.6609468460083
3	51622	3.299113505848	-7.5740351676941
3	51626	3.299139456203	-5.9514136314392
3	51639	3.300097623775	-5.7228517532349
3	51643	3.300140236961	-8.3306074142456
3	51656	3.30105806977	-4.0037622451782
3	51663	3.301167109643	-8.8359155654907
3	51670	3.302017168772	-3.6985955238342
3	51677	3.302153158737	-5.0335965156555
3	51690	3.303037599074	-6.4536490440369
3	51694	3.303113656314	-4.0742816925049
3	51707	3.304058289444	-3.3767061233521
3	51711	3.304131517665	-6.1079244613647
3	51718	3.305039744567	-6.094012260437
3	51725	3.305181379746	-5.4141120910645
3	51738	3.306022663607	-4.6453475952148
3	51742	3.306179346152	-8.7453622817993
3	51752	3.307050319269	-5.7711882591248
3	51756	3.307139958095	-4.7565536499023
3	51769	3.308057041819	-7.0764479637146
3	51773	3.308157089244	-7.42573595047
3	51783	3.309101572362	-5.0834827423096
3	51787	3.309165263975	-4.6842198371887
3	51800	3.310120458549	-5.179557800293
3	51804	3.310210670598	-5.4463133811951
3	51814	3.311073577586	-5.8493137359619
3	51818	3.311179441392	-7.1470398902893
3	51831	3.312094705073	-4.4012870788574
3	51835	3.312197824766	-4.8502254486084
3	51845	3.31307802862	-3.7618103027344
3	51849	3.313224684026	-6.1889514923096
3	51862	3.31406930796	-4.5500602722168
3	51866	3.314191043293	-3.6398003101349
3	51876	3.315104873718	-7.8215503692627
3	51880	3.315222343679	-6.45458984375
3	51893	3.316094747641	-7.2546901702881
3	51897	3.316214720279	-5.8451490402222
3	51907	3.317076537281	-3.2440083026886
3	51914	3.317177435426	-5.9578924179077
3	51921	3.318057900655	-5.1932764053345
3	51925	3.318204296108	-4.6892938613892
3	51941	3.319021419733	-5.879912853241
3	51945	3.319206007894	-4.1720209121704
3	51952	3.320053478556	-3.8391909599304
3	51956	3.320192064362	-8.7088022232056
3	51972	3.321097605404	-5.1601057052612
3	51976	3.32115473536	-6.0682339668274
3	51983	3.322113653655	-6.6587443351746
3	51987	3.322194720071	-6.3399043083191
3	52006	3.323085267968	-6.2902812957764
3	52010	3.32321654002	-5.9290947914124
3	52017	3.324106181494	-3.6281244754791
3	52021	3.324230507214	-5.9054093360901
3	52037	3.325139724007	-6.0310926437378
3	52041	3.325235056441	-6.68474817276
3	52048	3.326112689855	-5.5983157157898
3	52052	3.326211466508	-4.8708515167236
3	52065	3.32715921509	-4.2430248260498
3	52069	3.327221067385	-3.7642529010773
3	52079	3.328124783696	-4.1487560272217
3	52083	3.328214052077	-5.9381537437439
3	52096	3.329113669517	-5.0732069015503
3	52100	3.329231264115	-7.3399286270142
3	52110	3.330078958408	-4.3542132377625
3	52114	3.330219967563	-10.177111625671
3	52127	3.331065257901	-6.4184551239014
3	52131	3.331264330638	-4.2198348045349
3	52141	3.332017024246	-7.7604026794434
3	52145	3.332285578896	-5.8210377693176
3	52155	3.332983415895	-5.1111555099487
3	52165	3.333334305844	-5.628493309021
3	52172	3.333998281307	-3.7714881896973
3	52176	3.334350317231	-5.7414546012878
3	52186	3.334978341798	-6.245569229126
3	52196	3.335337538261	-4.8303627967834
3	52203	3.335986219736	-5.2029829025269
3	52207	3.336367457934	-5.5248155593872
3	52220	3.336962545706	-2.5714244842529
3	52227	3.337386747556	-3.1834843158722
3	52234	3.33801091025	-6.8076272010803
3	52238	3.338392528857	-2.9156408309937
3	52251	3.339049325865	-3.4067101478577
3	52258	3.339430173487	-7.2181072235107
3	52265	3.340065425739	-3.4489076137543
3	52269	3.340424687073	-3.7132468223572
3	52282	3.341084375339	-5.1618757247925
3	52286	3.341398881828	-3.9441740512848
3	52296	3.342057399026	-4.2955441474915
3	52300	3.342428032315	-6.3828887939453
3	52316	3.343055273068	-6.8759837150574
3	52323	3.343409891851	-6.5145893096924
3	52330	3.34407785458	-3.4683864116669
3	52334	3.344374772534	-7.1045007705688
3	52347	3.345053808209	-4.8843684196472
3	52351	3.345325010634	-4.3798785209656
3	52361	3.346013821113	-5.6962733268738
3	52368	3.346326633319	-7.4867248535156
3	52375	3.347009022056	-6.7457156181335
3	52382	3.347318834152	-5.9647455215454
3	52392	3.348001010996	-5.2230887413025
3	52396	3.348364776165	-6.030535697937
3	52406	3.349029719962	-6.1635966300964
3	52413	3.349320125078	-8.1112384796143
3	52423	3.350010021076	-4.5174102783203
3	52427	3.350304608741	-6.9884867668152
3	52437	3.35105037614	-4.6477289199829
3	52441	3.351289434842	-5.1490297317505
3	52454	3.352054932405	-5.7383980751038
3	52458	3.352270183078	-6.6618909835815
3	52468	3.353038876642	-5.237847328186
3	52472	3.353270713261	-5.3806734085083
3	52485	3.353992472179	-6.3679041862488
3	52489	3.35429567163	-3.4247264862061
3	52496	3.355013056103	-7.5223026275635
3	52506	3.35527941395	-4.7904329299927
3	52516	3.356002888534	-5.0507054328918
3	52520	3.356298222559	-6.2282743453979
3	52527	3.357034160124	-5.4364438056946
3	52537	3.35728792055	-5.4715437889099
3	52544	3.357997717526	-6.5111293792725
3	52551	3.358332946577	-5.4426469802856
3	52558	3.358954392635	-5.6103105545044
3	52565	3.359348249464	-4.9384779930115
3	52575	3.359973461254	-6.8850584030151
3	52582	3.360357011851	-7.7995457649231
3	52592	3.361011898531	-5.4730138778687
3	52596	3.361364226659	-10.223921775818
3	52606	3.361988595011	-4.7333102226257
3	52610	3.362328807224	-5.3061676025391
3	52626	3.363011657315	-7.8408074378967
3	52630	3.363354170059	-7.0007791519165
3	52640	3.364049639374	-2.2744212150574
3	52647	3.364394242807	-5.6080145835876
3	52657	3.365060473005	-6.3904113769531
3	52661	3.365434450878	-4.9528617858887
3	52671	3.366072607222	-3.57159948349
3	52678	3.366469526824	-6.7772436141968
3	52688	3.367076347715	-10.004579544067
3	52692	3.367426549379	-4.9104566574097
3	52702	3.368067005046	-5.8255553245544
3	52709	3.368401293783	-5.6178226470947
3	52719	3.36905115323	-6.7431936264038
3	52723	3.369418580114	-5.8141803741455
3	52733	3.370083241728	-6.7482142448425
3	52737	3.370427659262	-5.1988086700439
3	52750	3.371120404713	-5.4670577049255
3	52754	3.371400307821	-5.9752039909363
3	52764	3.372160094455	-6.4876675605774
3	52768	3.372423678645	-4.0892395973206
3	52781	3.373161757997	-3.6891388893127
3	52785	3.373451928444	-5.6734328269958
3	52795	3.374193573744	-7.3362874984741
3	52799	3.37443207493	-4.5593571662903
3	52812	3.375156694944	-5.1158905029297
3	52816	3.375443888933	-7.5646510124207
3	52826	3.376159109914	-7.3735456466675
3	52833	3.376476976471	-5.5930833816528
3	52843	3.377110033895	-7.6687951087952
3	52847	3.377459802561	-2.8427140712738
3	52857	3.378108352365	-3.1997923851013
3	52864	3.378482007921	-6.1850419044495
3	52871	3.379076301515	-5.5514998435974
3	52878	3.379478732137	-6.6040015220642
3	52888	3.380049502907	-6.3870062828064
3	52895	3.380452848384	-7.2191553115845
3	52902	3.381012937772	-6.3453068733215
3	52909	3.381451830398	-4.673800945282
3	52916	3.382009528361	-4.2813968658447
3	52923	3.382430565137	-6.8658218383789
3	52933	3.383030644476	-5.0731945037842
3	52943	3.383403217793	-5.9660811424255
3	52950	3.384026954324	-4.1481885910034
3	52957	3.384375411751	-5.7862439155579
3	52967	3.385034409478	-4.1390085220337
3	52974	3.38536677224	-6.3562150001526
3	52981	3.386080754848	-5.0029039382935
3	52988	3.386398877518	-6.2364473342896
3	52995	3.387120691496	-5.0369658470154
3	53005	3.387412254488	-5.3881664276123
3	53012	3.388126984883	-6.864077091217
3	53019	3.388397232768	-6.2562260627747
3	53029	3.389168720568	-4.8067817687988
3	53036	3.389364328494	-5.0110330581665
3	53043	3.390163680218	-7.5683193206787
3	53047	3.390358116311	-3.8259327411652
3	53060	3.39114125865	-4.1696004867554
3	53067	3.391346901697	-4.7827463150024
3	53074	3.392116626404	-7.8650636672974
3	53081	3.392334946748	-5.6790127754211
3	53091	3.393091691339	-5.8992300033569
3	53101	3.393374446118	-5.9608068466187
3	53105	3.394044692248	-5.3815212249756
3	53109	3.394342125516	-6.8465127944946
3	53122	3.395020380053	-5.3326692581177
3	53126	3.395346349809	-5.8635249137878
3	53136	3.396047316679	-5.5629858970642
3	53143	3.396395904089	-3.9659411907196
3	53153	3.397026771129	-5.6507940292358
3	53157	3.397400077998	-4.5688772201538
3	53167	3.397999809939	-6.3206257820129
3	53174	3.398393254252	-8.6147537231445
3	53181	3.398961592973	-4.7715063095093
3	53188	3.399362932507	-7.0431842803955
3	53198	3.399980778341	-7.1327710151672
3	53205	3.400356238674	-5.0650787353516
3	53215	3.401024410076	-4.0620322227478
3	53219	3.401362900484	-5.1814670562744
3	53229	3.402061066928	-9.8021850585938
3	53236	3.402402555403	-5.0560231208801
3	53246	3.403092848803	-7.5220804214478
3	53256	3.403415243433	-6.531397819519
3	53263	3.404081209425	-5.7591156959534
3	53273	3.404386494303	-7.9210681915283
3	53280	3.405035606376	-5.6379952430725
3	53287	3.405386906366	-5.1959838867188
3	53294	3.40605858099	-6.6729831695557
3	53304	3.40643310899	-8.2920532226562
3	53311	3.407066143524	-4.3854808807373
3	53318	3.407444942308	-6.1320724487305
3	53325	3.408016336218	-5.3808422088623
3	53335	3.408444983472	-4.3811616897583
3	53342	3.40905215239	-5.7174491882324
3	53349	3.409467210465	-7.5177993774414
3	53356	3.410063082288	-3.5701184272766
3	53366	3.410435737349	-6.3064594268799
3	53373	3.411037576035	-4.3289794921875
3	53380	3.411460337662	-5.6959385871887
3	53387	3.411999536621	-5.9441022872925
3	53394	3.412431258887	-8.1240005493164
3	53401	3.412970455125	-6.8348870277405
3	53408	3.413451986342	-7.42138671875
3	53418	3.414014392977	-2.9311304092407
3	53425	3.414419280817	-4.1821532249451
3	53432	3.414967819469	-5.1237177848816
3	53439	3.415425254036	-4.8977298736572
3	53449	3.415932035553	-7.4572324752808
3	53459	3.416434302579	-5.4067206382751
3	53463	3.41688292009	-7.1047344207764
3	53470	3.417426053841	-2.7201132774353
3	53480	3.417925506134	-2.5525040626526
3	53484	3.418387682686	-8.2701253890991
3	53494	3.418890966869	-7.6461882591248
3	53501	3.419346221479	-9.2280359268188
3	53508	3.419877178453	-3.8746621608734
3	53515	3.420297727738	-5.50741147995
3	53525	3.420893483233	-5.7935976982117
3	53532	3.421275107798	-5.9289603233337
3	53539	3.421869102591	-6.0549674034119
3	53546	3.422313257753	-3.4383363723755
3	53556	3.422822398938	-4.6402797698975
3	53563	3.423274242352	-5.3583607673645
3	53567	3.42380581396	-4.906494140625
3	53580	3.424237730831	-7.0356130599976
3	53590	3.424789860432	-3.4898991584778
3	53594	3.425236667446	-7.499626159668
3	53601	3.42576582688	-9.359320640564
3	53611	3.426225770178	-3.1209805011749
3	53621	3.426760349341	-5.7849946022034
3	53625	3.427244424042	-2.4793899059296
3	53632	3.427731133176	-7.5082020759583
3	53645	3.428247386981	-5.2928619384766
3	53652	3.428738561916	-6.151792049408
3	53656	3.429255380552	-4.7091932296753
3	53663	3.429723138283	-3.6345641613007
3	53676	3.430290876994	-6.8314528465271
3	53683	3.430702230283	-6.2308583259583
3	53687	3.431243907673	-4.2026658058167
3	53694	3.43165749702	-6.1356763839722
3	53707	3.432268049464	-5.711208820343
3	53714	3.432663501825	-4.3521747589111
3	53718	3.433227691204	-4.929714679718
3	53725	3.433622294876	-5.5160212516785
3	53741	3.434186372986	-7.9081969261169
3	53745	3.434583800215	-4.5411987304688
3	53749	3.435142530977	-4.3618454933167
3	53753	3.435576409696	-4.7105960845947
3	53769	3.436149152711	-5.2806587219238
3	53776	3.436563370806	-5.0907769203186
3	53780	3.437180310277	-5.9850845336914
3	53784	3.437603897959	-5.5511956214905
3	53803	3.438230236722	-6.3149132728577
3	53807	3.438601085291	-5.6975879669189
3	53811	3.439228077394	-6.8856654167175
3	53815	3.43958206006	-5.9921026229858
3	53828	3.440199761901	-7.5790305137634
3	53838	3.440579217729	-6.4658050537109
3	53842	3.441152386952	-3.0682854652405
3	53846	3.4416066089	-5.6499848365784
3	53859	3.442151914306	-7.518196105957
3	53869	3.442575498413	-5.2992639541626
3	53873	3.443153770176	-3.4263150691986
3	53877	3.443574063291	-4.9914646148682
3	53896	3.444122842535	-6.4480152130127
3	53903	3.444618367525	-7.4672584533691
3	53907	3.445108056351	-4.9327273368835
3	53914	3.445651157015	-6.3115606307983
3	53924	3.446081039203	-7.1868948936462
3	53934	3.446648632531	-4.7556304931641
3	53938	3.447057808605	-4.9205026626587
3	53948	3.447601038667	-7.5735769271851
3	53955	3.448062518799	-5.360550403595
3	53965	3.448570298916	-6.2116327285767
3	53969	3.449024889168	-5.0433511734009
3	53976	3.449556216153	-7.6300363540649
3	53986	3.449998886197	-4.1376523971558
3	53996	3.450545966411	-6.6470408439636
3	54000	3.450978314892	-8.78786277771
3	54007	3.451591754675	-3.4825165271759
3	54017	3.451955030828	-4.9582023620605
3	54027	3.45258122958	-9.4797172546387
3	54031	3.452917922362	-4.4118571281433
3	54038	3.453561975347	-4.3048992156982
3	54045	3.453948450117	-4.814115524292
3	54058	3.454604828609	-2.9704291820526
3	54062	3.45494647351	-4.7759318351746
3	54069	3.455563980349	-5.4406204223633
3	54079	3.455904638909	-6.003267288208
3	54089	3.456566344093	-5.8174147605896
3	54093	3.456881696965	-8.0264415740967
3	54103	3.457581203088	-6.3566703796387
3	54110	3.45789955071	-6.4075598716736
3	54120	3.458598212382	-3.9850881099701
3	54124	3.458915890877	-6.9902491569519
3	54134	3.45964202408	-4.8733162879944
3	54141	3.459867615026	-8.2906789779663
3	54151	3.46063474133	-6.407121181488
3	54155	3.460890502539	-6.2725095748901
3	54165	3.461607902774	-7.6487011909485
3	54169	3.461846638535	-3.721400976181
3	54182	3.462652040117	-5.2379112243652
3	54186	3.462896250496	-5.9322147369385
3	54199	3.463652020306	-4.6265273094177
3	54203	3.463911349152	-4.2343349456787
3	54216	3.464695575985	-5.079204082489
3	54223	3.464920767253	-5.247576713562
3	54230	3.465646249925	-3.5627000331879
3	54237	3.46596378519	-6.4079489707947
3	54247	3.466605203443	-2.7339389324188
3	54254	3.466939655381	-6.1706552505493
3	54261	3.467636757122	-4.7057480812073
3	54271	3.467985445471	-4.9890398979187
3	54278	3.468671715047	-5.602963924408
3	54285	3.468993716814	-5.1385102272034
3	54292	3.469703365078	-4.545521736145
3	54299	3.469956823585	-7.9182982444763
3	54309	3.470711452394	-7.7090167999268
3	54316	3.470918558368	-7.4818091392517
3	54323	3.471715507553	-5.3150444030762
3	54327	3.471903518218	-5.8354358673096
3	54343	3.472739231217	-4.8207726478577
3	54347	3.472928973692	-4.1066966056824
3	54354	3.473774995276	-6.0253939628601
3	54364	3.473945330506	-4.8818249702454
3	54374	3.474765742766	-6.5476679801941
3	54378	3.474956318728	-5.1569018363953
3	54388	3.475778680298	-5.9022960662842
3	54392	3.475957104338	-5.5103249549866
3	54405	3.476781821963	-5.6571197509766
3	54409	3.476921770167	-6.1617832183838
3	54419	3.477777945882	-4.6122951507568
3	54423	3.477877553281	-5.5537037849426
3	54436	3.478794051032	-3.3656234741211
3	54440	3.47888041485	-5.9809598922729
3	54450	3.479793033419	-8.1985445022583
3	54457	3.479914669202	-8.1939859390259
3	54464	3.480776726997	-5.884530544281
3	54471	3.480879267524	-5.5710506439209
3	54481	3.481825785342	-5.2964878082275
3	54485	3.481901123581	-6.9509167671204
3	54504	3.48283407295	-7.1119742393494
3	54508	3.48291992708	-4.2284784317017
3	54515	3.483819781237	-8.395471572876
3	54522	3.483900840849	-8.8455123901367
3	54535	3.484833565692	-7.0790538787842
3	54539	3.484929913293	-6.5605945587158
3	54546	3.485809151114	-3.4193322658539
3	54553	3.485903176228	-5.1965341567993
3	54563	3.486836321852	-6.2937064170837
3	54570	3.48692870077	-5.552125453949
3	54580	3.48785235509	-4.0015072822571
3	54584	3.487921226244	-5.9178295135498
3	54597	3.488845635657	-5.2513709068298
3	54601	3.488907541857	-6.6381521224976
3	54608	3.489815837595	-4.767804145813
3	54612	3.489925188291	-5.0113716125488
3	54628	3.490788634748	-3.8284294605255
3	54632	3.490945921763	-4.0190367698669
3	54642	3.491837350196	-4.8150658607483
3	54646	3.491903139784	-7.7596464157104
3	54656	3.492845506625	-7.0015640258789
3	54663	3.492857105094	-12.390214920044
3	54670	3.493836149541	-5.9368448257446
3	54674	3.493893641414	-3.5994479656219
3	54690	3.494826565215	-4.3943643569946
3	54694	3.494942502542	-7.0397167205811
3	54701	3.495790207368	-7.0992875099182
3	54705	3.4958953831	-6.7698006629944
3	54721	3.496752996498	-5.8158898353577
3	54725	3.49691482077	-4.3540649414062
3	54735	3.497791154631	-6.176709651947
3	54739	3.497890810478	-6.1731305122375
3	54752	3.498803991218	-5.8890995979309
3	54756	3.49891127555	-5.5173678398132
3	54763	3.499765062428	-4.8925218582153
3	54770	3.499928790699	-5.3887996673584
3	54785	3.50077914671	-8.680212020874
3	54789	3.500932790554	-5.553858757019
3	54796	3.50179892439	-4.6515831947327
3	54803	3.501914602328	-3.1583466529846
3	54813	3.502765447477	-9.6066570281982
3	54823	3.50295519528	-8.8011665344238
3	54830	3.503759194213	-5.1241989135742
3	54837	3.503927681894	-6.6435885429382
3	54847	3.504798216594	-8.9292192459106
3	54851	3.504944648287	-5.5672745704651
3	54861	3.505811345576	-3.8531534671783
3	54868	3.505957259723	-5.5457653999329
3	54878	3.506772191465	-6.0316185951233
3	54882	3.506953014989	-6.492778301239
3	54892	3.507772793786	-7.3491153717041
3	54896	3.507970821734	-3.7128286361694
3	54909	3.508789890626	-4.5695748329163
3	54913	3.508925015127	-7.0506319999695
3	54923	3.509814413924	-6.7553911209106
3	54930	3.50993278907	-3.1306147575378
3	54940	3.510838557009	-4.5888671875
3	54944	3.510916946233	-4.4028167724609
3	54954	3.511822387162	-5.9467906951904
3	54958	3.511893438465	-4.284414768219
3	54971	3.512800220063	-7.1722869873047
3	54975	3.512889065252	-5.8475842475891
3	54985	3.513798859773	-4.2893733978271
3	54989	3.513910863261	-7.1247444152832
3	55002	3.514805900114	-5.3195385932922
3	55006	3.514891597507	-4.7755742073059
3	55016	3.515807223191	-6.4533410072327
3	55020	3.515908348697	-6.1143035888672
3	55033	3.516767381533	-7.1000461578369
3	55037	3.516930417079	-5.5627403259277
3	55044	3.517721682755	-2.5468847751617
3	55051	3.517934727334	-5.6725044250488
3	55064	3.518708995969	-5.7830801010132
3	55068	3.518903297725	-4.2705879211426
3	55075	3.519713289867	-2.2440748214722
3	55085	3.519947849541	-2.5842764377594
3	55095	3.520715750189	-5.2556209564209
3	55099	3.520918698851	-5.4583773612976
3	55109	3.521735182424	-4.3310885429382
3	55113	3.521894238175	-4.9135212898254
3	55126	3.522712455085	-6.199933052063
3	55130	3.522924400865	-5.6081438064575
3	55140	3.523729082439	-5.0110335350037
3	55150	3.523890763148	-2.2906274795532
3	55160	3.524682094877	-7.9337406158447
3	55164	3.524900634118	-4.3950667381287
3	55171	3.525703778934	-6.689359664917
3	55178	3.525882464203	-5.6142835617065
3	55191	3.526664013778	-3.9007248878479
3	55195	3.526843495553	-7.0414862632751
3	55202	3.52767197804	-3.6123702526093
3	55206	3.527831689354	-6.1802620887756
3	55222	3.528656363886	-5.9059400558472
3	55226	3.528835167471	-4.6783890724182
3	55233	3.52964007793	-6.0950908660889
3	55237	3.529794018948	-5.0500617027283
3	55253	3.530655678015	-2.0546438694
3	55257	3.530809515356	-6.4529585838318
3	55264	3.531621342289	-4.2578229904175
3	55268	3.53181905282	-3.3781132698059
3	55284	3.532650349574	-5.4169707298279
3	55288	3.532865965291	-6.227822303772
3	55295	3.533664852855	-3.4859836101532
3	55299	3.533830338706	-8.0475883483887
3	55315	3.534665949231	-6.1261744499207
3	55319	3.534836745414	-8.8274917602539
3	55326	3.535683952105	-6.4155840873718
3	55330	3.535801100891	-8.8856382369995
3	55346	3.536722999117	-7.267831325531
3	55350	3.536842563894	-4.6626553535461
3	55357	3.537745219612	-5.1926984786987
3	55361	3.537828679778	-9.9094476699829
3	55377	3.538736648833	-5.3665165901184
3	55381	3.53882340925	-4.7078104019165
3	55385	3.539774270375	-5.0305314064026
3	55389	3.539795139272	-8.2032690048218
3	55408	3.54073113516	-6.2643136978149
3	55412	3.540828691811	-2.570080280304
3	55419	3.541694485206	-4.9693694114685
3	55423	3.541828934219	-6.3619241714478
3	55439	3.542647716438	-5.7010145187378
3	55443	3.542808752705	-5.8346657752991
3	55447	3.543677673277	-5.0595455169678
3	55457	3.543829819839	-5.5080671310425
3	55473	3.544643663818	-5.6858444213867
3	55477	3.54481733822	-5.2345108985901
3	55481	3.54563145672	-7.3862657546997
3	55485	3.545778196374	-4.3537564277649
3	55504	3.54666963027	-4.3993101119995
3	55508	3.546771781	-6.8705949783325
3	55512	3.547638124524	-4.2115774154663
3	55516	3.547765052395	-6.5298743247986
3	55535	3.548630591591	-7.5275197029114
3	55539	3.548795306471	-7.1948537826538
3	55543	3.54967954988	-12.002068519592
3	55547	3.549759780759	-9.1657629013062
3	55566	3.550687517361	-7.3238301277161
3	55570	3.55074058104	-5.7037024497986
3	55574	3.551660382042	-4.8379774093628
3	55578	3.551755787229	-6.550323009491
3	55597	3.552650361856	-6.3963413238525
3	55601	3.552777866502	-5.4192047119141
3	55605	3.553627190696	-6.7975463867188
3	55609	3.55377892249	-6.8535118103027
3	55628	3.554621482937	-5.8243899345398
3	55632	3.554813269202	-7.3467092514038
3	55636	3.555659481102	-4.7985663414001
3	55640	3.555815749353	-6.2328548431396
3	55659	3.556708989233	-7.0137753486633
3	55663	3.556832525172	-6.8413410186768
3	55667	3.557687986473	-7.1210556030273
3	55674	3.557856542053	-10.015931129456
3	55690	3.558690100715	-5.0271854400635
3	55694	3.558894010484	-6.0146017074585
3	55698	3.5597271921	-5.572368144989
3	55708	3.559923443684	-3.1583256721497
3	55721	3.56070019048	-10.239119529724
3	55725	3.560887221419	-5.3880310058594
3	55729	3.561680485956	-6.4335927963257
3	55736	3.561885129793	-7.4056711196899
3	55752	3.562663416665	-8.3248329162598
3	55756	3.562844752549	-6.3395566940308
3	55760	3.56367103489	-6.1107921600342
3	55764	3.563840895953	-8.2849283218384
3	55786	3.564720399507	-6.875358581543
3	55790	3.56488530468	-4.4766879081726
3	55794	3.565766760248	-3.9793779850006
3	55801	3.565841614711	-6.1307039260864
3	55817	3.566811429405	-5.612096786499
3	55821	3.566828704656	-6.318012714386
3	55828	3.567788058446	-4.8578662872314
3	55832	3.567804980071	-6.3551869392395
3	55848	3.568836333642	-5.9282841682434
3	55852	3.568849005194	-5.4848442077637
3	55862	3.569869006096	-3.2988340854645
3	55866	3.5698776876	-5.9585776329041
3	55879	3.570893085608	-4.8661775588989
3	55883	3.570924277397	-6.2719278335571
3	55893	3.571877969042	-5.0046820640564
3	55897	3.571908516108	-6.3464584350586
3	55910	3.572883459394	-6.5128560066223
3	55914	3.572890964396	-7.3587985038757
3	55924	3.573908702883	-4.6461777687073
3	55928	3.573932647766	-2.3884274959564
3	55941	3.574865639842	-3.6682674884796
3	55945	3.574947938612	-6.3536992073059
3	55952	3.575893043621	-4.0679025650024
3	55956	3.575904432893	-5.2923488616943
3	55972	3.576930784631	-2.3185744285583
3	55976	3.576952033269	-4.9343118667603
3	55983	3.57791920116	-6.1218872070312
3	55987	3.577931183903	-5.8851823806763
3	56003	3.578881254782	-5.0027985572815
3	56007	3.578961679434	-5.918616771698
3	56014	3.579930295089	-4.0176010131836
3	56018	3.579993673396	-7.1901249885559
3	56034	3.580961733625	-3.7295734882355
3	56038	3.580965315481	-5.4523558616638
3	56051	3.581954848428	-6.8042559623718
3	56055	3.582001204345	-6.6047224998474
3	56065	3.582981365794	-4.6844029426575
3	56069	3.583022362257	-5.7027697563171
3	56082	3.584007911635	-6.8103947639465
3	56086	3.584009322087	-6.4185256958008
3	56099	3.584974046689	-10.112393379211
3	56103	3.584993736736	-4.7615609169006
3	56116	3.586002774429	-6.1441030502319
3	56120	3.58601625405	-4.1247024536133
3	56130	3.587001889905	-5.2654151916504
3	56134	3.587009730448	-3.039115190506
3	56144	3.587992252034	-4.8094258308411
3	56148	3.588044978483	-5.1064510345459
3	56158	3.58899617882	-4.8407330513
3	56165	3.589024068874	-4.8891830444336
3	56175	3.589999069234	-5.0506272315979
3	56182	3.590013238089	-5.9867796897888
3	56192	3.59103157832	-5.5525498390198
3	56196	3.591051239014	-5.1992406845093
3	56206	3.59204742493	-5.0939884185791
3	56210	3.592082159468	-7.4332838058472
3	56223	3.59306180115	-4.0993037223816
3	56227	3.593109959208	-7.3931407928467
3	56240	3.594083578209	-3.3269181251526
3	56244	3.594104493737	-4.7068858146667
3	56251	3.595054641771	-5.3073358535767
3	56255	3.595131295733	-3.7829902172089
3	56268	3.596008009366	-5.6383376121521
3	56272	3.596104838088	-4.692120552063
3	56282	3.597030385351	-3.3426456451416
3	56286	3.597108423733	-5.5056900978088
3	56302	3.597991623592	-6.7805480957031
3	56306	3.598088983428	-4.4208674430847
3	56313	3.598945599307	-3.7804961204529
3	56317	3.599116571743	-5.1935539245605
3	56324	3.599901116267	-5.5290880203247
3	56337	3.600146732068	-6.4091205596924
3	56344	3.600894685845	-3.9587652683258
3	56348	3.601103549625	-6.7299876213074
3	56358	3.601850352438	-6.2748789787292
3	56371	3.602124285336	-9.0976295471191
3	56375	3.60281037363	-4.7709426879883
3	56379	3.603105111366	-7.6457366943359
3	56392	3.603761736731	-4.9490418434143
3	56399	3.604115435329	-4.5416932106018
3	56409	3.604769007287	-9.3884744644165
3	56413	3.605089970128	-8.4582061767578
3	56420	3.605728794049	-5.7201042175293
3	56430	3.606123663819	-5.9478979110718
3	56440	3.606733464232	-7.4460797309875
3	56444	3.607134401046	-6.0033721923828
3	56451	3.607756411519	-6.4830045700073
3	56464	3.608163200803	-5.910204410553
3	56471	3.608802302808	-4.2326831817627
3	56475	3.609188737433	-6.3640880584717
3	56485	3.609770229199	-8.0989007949829
3	56495	3.610234166542	-4.2956719398499
3	56502	3.610757611994	-8.3858270645142
3	56506	3.611206698404	-5.4219512939453
3	56516	3.611806576155	-5.1259212493896
3	56526	3.612218148397	-4.2515182495117
3	56533	3.612778551179	-4.8804597854614
3	56537	3.613220708081	-5.2609453201294
3	56547	3.613741726387	-4.1794142723083
3	56557	3.614194248743	-7.1528520584106
3	56564	3.614729363375	-6.7953581809998
3	56568	3.61519947056	-6.1002330780029
3	56581	3.615748129811	-4.2564473152161
3	56588	3.61617624166	-4.5364179611206
3	56595	3.616760823464	-8.7792491912842
3	56599	3.617212761812	-5.5481972694397
3	56609	3.617713889663	-4.6243228912354
3	56622	3.618242278355	-4.1506419181824
3	56626	3.618695702211	-6.3664650917053
3	56630	3.619195584575	-6.8054203987122
3	56637	3.619701060222	-5.3707809448242
3	56653	3.620228460992	-6.2669959068298
3	56657	3.620689358221	-6.6602053642273
3	56664	3.621267050869	-5.6987500190735
3	56671	3.621653448141	-6.8299250602722
3	56684	3.622256209529	-6.1153264045715
3	56688	3.622702198929	-8.2338380813599
3	56692	3.623257174228	-5.6675124168396
3	56705	3.623689710266	-4.8919386863708
3	56718	3.624236464698	-4.4800634384155
3	56722	3.624713251598	-3.7658112049103
3	56726	3.625243974792	-9.9076538085938
3	56739	3.625734623455	-6.4938359260559
3	56749	3.626202991553	-5.3680462837219
3	56753	3.626781523846	-5.3207607269287
3	56760	3.627216468006	-5.0843448638916
3	56770	3.627746827574	-7.5146608352661
3	56780	3.62818854206	-9.3065528869629
3	56784	3.628710186125	-4.4688520431519
3	56791	3.629237973313	-4.7754416465759
3	56798	3.62974385428	-4.3433609008789
3	56811	3.630260196531	-10.867148399353
3	56815	3.630709225998	-5.0793333053589
3	56822	3.631266847561	-5.4419341087341
3	56832	3.631709775571	-8.3986291885376
3	56839	3.632242653478	-6.1806530952454
3	56846	3.632737419425	-7.3474335670471
3	56853	3.633218996473	-9.9603099822998
3	56860	3.633693480142	-7.1607069969177
3	56870	3.634194426119	-3.9918158054352
3	56877	3.634726243771	-7.3754291534424
3	56884	3.635148773535	-5.3199806213379
3	56891	3.635680152505	-7.4841394424438
3	56901	3.636140098692	-3.9275934696198
3	56908	3.636669484211	-5.1671566963196
3	56915	3.637151740448	-2.6804876327515
3	56922	3.63765540832	-4.0481405258179
3	56932	3.638189166946	-4.2890777587891
3	56939	3.638649316532	-3.7748055458069
3	56946	3.639154142657	-4.7247948646545
3	56953	3.639641442491	-7.9263124465942
3	56963	3.640130948293	-4.8654046058655
3	56970	3.640592490067	-5.080334186554
3	56977	3.641132472689	-5.6723585128784
3	56984	3.641602335642	-4.0757865905762
3	56997	3.642171689117	-4.1730408668518
3	57001	3.6425903189	-5.8612685203552
3	57008	3.643165444037	-3.5202379226685
3	57018	3.643579670474	-10.363405227661
3	57031	3.644148695753	-5.660680770874
3	57035	3.644586327927	-4.7171688079834
3	57042	3.645192954615	-4.031289100647
3	57049	3.645566915122	-4.8223452568054
3	57062	3.646150608152	-5.6411461830139
3	57066	3.646585101312	-5.5399322509766
3	57073	3.647112979621	-6.0763845443726
3	57080	3.647583644152	-4.8307871818542
3	57087	3.64809758023	-5.4501352310181
3	57097	3.648543291542	-4.6980566978455
3	57104	3.649065789387	-7.6861448287964
3	57111	3.649538286841	-8.3318138122559
3	57121	3.650050040127	-5.8112277984619
3	57128	3.650560421129	-7.7225093841553
3	57135	3.651087406116	-6.6541776657104
3	57142	3.651555724805	-3.7710752487183
3	57152	3.65213153938	-3.506174325943
3	57159	3.652544932549	-4.8618688583374
3	57166	3.653152541304	-6.9602513313293
3	57176	3.653528794889	-5.9933795928955
3	57186	3.654149875978	-7.392548084259
3	57190	3.654503875546	-6.6571335792542
3	57197	3.655151493433	-6.1101403236389
3	57207	3.655535430693	-5.479555606842
3	57211	3.656121015892	-7.1092820167542
3	57221	3.656526284358	-6.690580368042
3	57225	3.657080826331	-6.4710521697998
3	57238	3.657510968612	-4.2665123939514
3	57242	3.658037532751	-5.8069911003113
3	57252	3.65846378206	-2.8842575550079
3	57259	3.658993898318	-6.4126543998718
3	57269	3.659474710823	-10.302850723267
3	57273	3.659971843671	-5.4002752304077
3	57280	3.660452158725	-7.5921320915222
3	57290	3.660964438028	-9.085732460022
3	57300	3.661473281003	-6.2970862388611
3	57304	3.661988460379	-8.0283803939819
3	57311	3.662448169438	-6.5550327301025
3	57321	3.662965680022	-7.3950662612915
3	57334	3.66340576771	-6.2297320365906
3	57338	3.663946099484	-4.7261214256287
3	57345	3.664423632534	-4.9364547729492
3	57355	3.664937451183	-3.4876074790955
3	57365	3.665388820194	-5.7695016860962
3	57369	3.665911627685	-7.4113001823425
3	57379	3.666406756112	-7.0094871520996
3	57386	3.666895521863	-4.3063182830811
3	57393	3.667386294648	-4.657124042511
3	57400	3.667936579282	-4.903124332428
3	57410	3.668417937801	-5.7386178970337
3	57417	3.668895040209	-4.4468770027161
3	57424	3.669446840672	-3.6338925361633
3	57431	3.669868988214	-6.2985143661499
3	57441	3.670476135268	-7.8018145561218
3	57448	3.670901687373	-6.5191159248352
3	57458	3.671446084665	-5.8806223869324
3	57462	3.671905921324	-6.5378594398499
3	57472	3.672495691217	-3.4289841651917
3	57479	3.672867349005	-6.8696451187134
3	57486	3.67352864396	-5.5868701934814
3	57493	3.673836982782	-5.3916296958923
3	57506	3.67454936167	-6.0174703598022
3	57510	3.674789116914	-4.7447190284729
3	57520	3.675565687249	-5.4430537223816
3	57524	3.67582999528	-11.417375564575
3	57537	3.676587874685	-5.4329433441162
3	57541	3.676785815893	-6.3175654411316
3	57551	3.677577133499	-6.5428943634033
3	57555	3.677794758938	-9.8070135116577
3	57568	3.678580105019	-8.3106107711792
3	57572	3.678774667041	-8.5030212402344
3	57582	3.679577753094	-8.0651359558105
3	57586	3.67981257001	-3.8953738212585
3	57596	3.680551930952	-6.6674661636353
3	57603	3.680783794289	-4.4570317268372
3	57613	3.681597153626	-5.7043972015381
3	57617	3.681761035102	-6.0272569656372
3	57627	3.682585318699	-3.5750858783722
3	57631	3.682784542674	-4.3076167106628
3	57647	3.683605270327	-3.1124160289764
3	57651	3.683746215095	-4.4541697502136
3	57661	3.684598264216	-7.9068360328674
3	57665	3.68474515771	-4.4847264289856
3	57678	3.685577923153	-4.1456074714661
3	57685	3.685771371192	-4.6634430885315
3	57692	3.686597767476	-0.78950923681259
3	57696	3.686782788797	-7.792067527771
3	57709	3.687563616797	-5.8224248886108
3	57716	3.687772110175	-4.0731773376465
3	57723	3.688583563553	-4.3254976272583
3	57727	3.688781503441	-5.6292428970337
3	57740	3.689633213584	-5.2848677635193
3	57747	3.68981076561	-5.5985779762268
3	57754	3.690682408436	-8.1305274963379
3	57761	3.690769718407	-5.8831567764282
3	57771	3.69165268595	-4.6964468955994
3	57775	3.691768925793	-8.3908920288086
3	57788	3.692649651485	-7.8138732910156
3	57792	3.692800305225	-8.8376264572144
3	57802	3.693654711336	-5.8591170310974
3	57806	3.693779045284	-9.0182247161865
3	57819	3.69461518525	-8.0961933135986
3	57823	3.694730177925	-6.263973236084
3	57833	3.695620682033	-6.9343814849854
3	57837	3.69572294752	-4.5550713539124
3	57847	3.696582983194	-6.4952340126038
3	57854	3.696688297479	-6.7767000198364
3	57864	3.697547898729	-5.7041153907776
3	57868	3.697647638758	-4.8464713096619
3	57878	3.698529526322	-6.2680230140686
3	57882	3.69863528848	-5.5583119392395
3	57895	3.699560888076	-3.8063049316406
3	57899	3.699641355646	-6.6289777755737
3	57909	3.700574293352	-6.5774350166321
3	57913	3.700621101897	-5.1233153343201
3	57926	3.701590549859	-5.0358142852783
3	57930	3.701603321388	-5.4554309844971
3	57940	3.702600892181	-4.3914103507996
3	57944	3.702611854311	-4.3724513053894
3	57960	3.703573706123	-8.1252202987671
3	57964	3.703573779005	-11.075644493103
3	57977	3.70453855171	-3.8916897773743
3	57981	3.704618089555	-6.2157654762268
3	57991	3.705513162254	-5.5133361816406
3	57995	3.705622373683	-8.5872631072998
3	58005	3.706526099998	-5.0653300285339
3	58012	3.7066595117	-5.5425772666931
3	58019	3.707522183947	-7.4928693771362
3	58026	3.707698333947	-5.5750131607056
3	58036	3.708535279993	-5.6014103889465
3	58040	3.708650194224	-4.5381484031677
3	58053	3.709527111126	-4.3851137161255
3	58057	3.709637187465	-9.4112730026245
3	58067	3.710558046211	-5.5446195602417
3	58071	3.710686918497	-4.8659543991089
3	58084	3.711606866994	-4.2511682510376
3	58088	3.711648977812	-7.6933841705322
3	58101	3.712572138031	-4.7019629478455
3	58105	3.712668151833	-5.0122108459473
3	58115	3.713572838628	-5.4244103431702
3	58119	3.713692983585	-6.4034600257874
3	58132	3.714545622227	-6.0402302742004
3	58136	3.714644333914	-6.5931458473206
3	58146	3.715579644392	-6.1066656112671
3	58150	3.715692895214	-7.8766684532166
3	58163	3.716596823796	-6.8719763755798
3	58167	3.716691383159	-7.0601682662964
3	58177	3.71755139845	-6.8155641555786
3	58181	3.717693840723	-5.172324180603
3	58194	3.7185241969	-7.4956965446472
3	58198	3.718647601007	-2.0628798007965
3	58208	3.719522446636	-9.2220335006714
3	58212	3.7196578515	-5.6891279220581
3	58222	3.720513413135	-5.878161907196
3	58232	3.720634307547	-5.9997987747192
3	58239	3.72149535723	-3.6715753078461
3	58246	3.721672284138	-7.6885042190552
3	58253	3.722497866063	-5.6355671882629
3	58257	3.722647321956	-7.06467628479
3	58276	3.723542365413	-5.0174050331116
3	58280	3.723632221009	-4.0177402496338
3	58287	3.724544146999	-5.1909213066101
3	58294	3.724646090954	-5.5785961151123
3	58307	3.725535510715	-7.7882533073425
3	58311	3.725676124392	-4.7656826972961
3	58318	3.726534986172	-10.920027732849
3	58325	3.726702593084	-5.1625037193298
3	58338	3.72751302885	-6.3695387840271
3	58342	3.727725533611	-7.6484813690186
3	58346	3.728466604363	-4.4087624549866
3	58353	3.728762161078	-5.6735315322876
3	58363	3.729502736414	-4.1499109268188
3	58373	3.729722728721	-4.9465894699097
3	58380	3.730519285985	-4.5972685813904
3	58384	3.730691318178	-4.9229412078857
3	58400	3.731507995482	-6.0394916534424
3	58404	3.731725804065	-5.106454372406
3	58411	3.732542141545	-4.9699301719666
3	58415	3.732732087374	-5.8583488464355
3	58431	3.733545714907	-4.8896541595459
3	58435	3.73375730342	-4.639030456543
3	58442	3.734500691298	-6.2498240470886
3	58446	3.734717944626	-5.544264793396
3	58462	3.735549418808	-5.1915345191956
3	58466	3.735736658	-6.9221920967102
3	58473	3.736597354862	-5.6228656768799
3	58477	3.736730834769	-5.1456651687622
3	58493	3.73760172045	-4.8877649307251
3	58497	3.737759858009	-6.067976474762
3	58504	3.738640494051	-3.6180760860443
3	58508	3.73873209158	-5.357307434082
3	58524	3.739665463899	-4.5119590759277
3	58528	3.739709193644	-4.5877413749695
3	58535	3.740684160493	-7.1188259124756
3	58539	3.740690427218	-7.7983202934265
3	58555	3.74168742115	-3.863114118576
3	58559	3.741728031686	-7.612802028656
3	58566	3.74265333356	-7.2605304718018
3	58570	3.742690536304	-6.0533475875854
3	58589	3.743641195783	-4.4309039115906
3	58593	3.74366169837	-7.7026338577271
3	58600	3.744593231966	-5.3843727111816
3	58604	3.744682297111	-5.5421004295349
3	58620	3.745630946037	-4.9401993751526
3	58624	3.745676652032	-4.9261913299561
3	58631	3.746582519549	-6.6090893745422
3	58635	3.746650239109	-4.7498989105225
3	58651	3.74757171675	-5.0485153198242
3	58655	3.747677683757	-6.8601965904236
3	58662	3.748540362538	-2.5460820198059
3	58666	3.748645157227	-5.6524658203125
3	58682	3.749582765745	-4.5230350494385
3	58686	3.749605319562	-5.5985331535339
3	58695	3.750550768806	-5.5927758216858
3	58699	3.750610190093	-5.4360880851746
3	58712	3.751599239959	-4.5363764762878
3	58719	3.751658077247	-8.0446949005127
3	58726	3.752576943915	-5.3980178833008
3	58730	3.752660597671	-6.5660095214844
3	58743	3.753563071096	-5.6740880012512
3	58750	3.753612962395	-10.389362335205
3	58757	3.754515640321	-6.6655440330505
3	58761	3.754633451328	-7.1348896026611
3	58777	3.755506830725	-5.2355718612671
3	58781	3.755633498309	-3.4633617401123
3	58788	3.756518461308	-5.470160484314
3	58792	3.756626046743	-2.8390836715698
3	58808	3.757514108824	-4.1153364181519
3	58812	3.75765804623	-4.2234282493591
3	58819	3.758539882318	-6.3868465423584
3	58823	3.758682594085	-7.5618839263916
3	58839	3.759497852244	-3.7858545780182
3	58843	3.759662461275	-7.3884921073914
3	58850	3.760449095244	-6.0569062232971
3	58854	3.760706154214	-3.2217061519623
3	58870	3.761487518902	-3.852041721344
3	58874	3.761720790367	-6.2454895973206
3	58881	3.762516673221	-5.0040698051453
3	58888	3.762761579239	-8.5048017501831
3	58904	3.763494443322	-6.2568159103394
3	58908	3.763794004366	-5.5110201835632
3	58915	3.764477976166	-5.8037519454956
3	58922	3.76479933913	-9.3149309158325
3	58935	3.765453264177	-4.0892124176025
3	58939	3.765816117305	-5.0104446411133
3	58946	3.7664543862	-5.4503693580627
3	58953	3.766817300634	-5.4718961715698
3	58966	3.767468965121	-4.9024062156677
3	58970	3.767858715279	-4.370183467865
3	58977	3.768438212777	-2.6651921272278
3	58981	3.768896867762	-6.1057667732239
3	58988	3.769408963313	-3.696398973465
3	59001	3.769857081443	-6.7092089653015
3	59008	3.770443089031	-6.0918469429016
3	59012	3.770901704639	-6.1245121955872
3	59022	3.771473029797	-7.0329756736755
3	59035	3.771921207951	-6.5323829650879
3	59039	3.772514964823	-5.0062026977539
3	59046	3.772873473126	-4.5131464004517
3	59056	3.773502829203	-4.5393648147583
3	59063	3.773880975396	-6.564555644989
3	59070	3.774540982061	-3.7247524261475
3	59074	3.774835971158	-9.1589298248291
3	59087	3.775536087002	-6.1878852844238
3	59094	3.775843611283	-5.838237285614
3	59101	3.776583501743	-9.2017726898193
3	59105	3.77680280223	-4.0605673789978
3	59121	3.777615227551	-7.245373249054
3	59125	3.777772534234	-6.6368169784546
3	59132	3.778605613733	-4.8026509284973
3	59136	3.778778071412	-3.8132042884827
3	59152	3.779612962862	-8.8334550857544
3	59156	3.779744374489	-5.9348692893982
3	59163	3.780655015448	-5.0644950866699
3	59167	3.780781386643	-4.0742120742798
3	59183	3.781624183087	-3.678825378418
3	59187	3.781805324791	-7.6686196327209
3	59194	3.782619556418	-4.9758157730103
3	59198	3.782830918672	-8.5382709503174
3	59217	3.783653994106	-8.303994178772
3	59221	3.783838353954	-4.4112086296082
3	59228	3.784667635606	-4.2977433204651
3	59232	3.784802667132	-6.6536502838135
3	59248	3.785717080879	-5.7254700660706
3	59252	3.785842808872	-5.7893071174622
3	59259	3.786684323867	-6.1637887954712
3	59263	3.786805293728	-7.030921459198
3	59279	3.787718261058	-6.3018250465393
3	59286	3.787839967206	-4.590940952301
3	59290	3.788752340418	-5.15949010849
3	59294	3.788882241092	-6.7882866859436
3	59310	3.789800391026	-5.3027491569519
3	59317	3.789922138048	-4.8729224205017
3	59321	3.790785410396	-9.0119533538818
3	59325	3.790884893458	-7.9775142669678
3	59344	3.791809865142	-3.7182514667511
3	59348	3.791904564301	-5.9066367149353
3	59352	3.79280074329	-5.4660930633545
3	59356	3.792945525593	-6.2561345100403
3	59375	3.793802183187	-3.3871898651123
3	59379	3.793930595141	-5.9630675315857
3	59383	3.794774202952	-3.7698218822479
3	59390	3.794921894142	-6.0190529823303
3	59403	3.795817007271	-2.5458824634552
3	59407	3.795897673593	-6.21409034729
3	59414	3.796803010351	-5.9184250831604
3	59421	3.796892453894	-6.9247069358826
3	59434	3.797802247512	-6.149347782135
3	59441	3.797935467381	-7.6323480606079
3	59445	3.798760707633	-5.7316808700562
3	59455	3.798968244345	-5.5980653762817
3	59465	3.799747700055	-5.719277381897
3	59469	3.800015826121	-4.6604218482971
3	59476	3.800775251814	-5.1901659965515
3	59483	3.800999362163	-4.6659555435181
3	59496	3.801818204382	-4.6641755104065
3	59500	3.801975091621	-5.3907079696655
3	59510	3.802816507348	-7.4898662567139
3	59514	3.802980468299	-4.9239249229431
3	59530	3.803811329991	-5.2365741729736
3	59537	3.804019718152	-8.1722812652588
3	59544	3.804854759258	-6.3648867607117
3	59548	3.804983881402	-5.410849571228
3	59561	3.805813961216	-4.2499985694885
3	59568	3.805993750168	-6.0518484115601
3	59575	3.806816910971	-4.3355689048767
3	59582	3.806963864398	-4.7114086151123
3	59592	3.807853436333	-5.8949279785156
3	59596	3.807983512054	-9.0944719314575
3	59609	3.808835939615	-5.0804991722107
3	59613	3.80899954102	-3.8816442489624
3	59623	3.809845952063	-5.5633358955383
3	59627	3.810025673827	-4.738166809082
3	59640	3.810851662262	-4.7689371109009
3	59644	3.810981009517	-4.8056678771973
3	59654	3.811864235395	-5.9656991958618
3	59658	3.811936693273	-8.0277109146118
3	59671	3.812906729542	-5.5786504745483
3	59675	3.812920224947	-3.9500470161438
3	59685	3.813866735489	-7.3706974983215
3	59692	3.813964458556	-7.0604701042175
3	59702	3.814820070553	-5.566198348999
3	59706	3.814937951746	-3.2534260749817
3	59716	3.815774840126	-5.4556226730347
3	59720	3.815963004745	-5.4962816238403
3	59733	3.816799683261	-3.0801618099213
3	59737	3.816977602807	-8.8820085525513
3	59747	3.817775291614	-5.2687292098999
3	59751	3.817995703771	-6.7250609397888
3	59764	3.818803107004	-8.6477022171021
3	59768	3.819000624467	-5.0778589248657
3	59775	3.819837219106	-7.5143437385559
3	59782	3.819981503463	-4.3960151672363
3	59795	3.820816305222	-6.8779935836792
3	59799	3.820954104728	-4.5432019233704
3	59806	3.821835750797	-5.3296408653259
3	59813	3.821949414245	-6.2298102378845
3	59829	3.822862195585	-4.1287488937378
3	59833	3.822941139944	-6.8606057167053
3	59840	3.823853273056	-4.3122262954712
3	59844	3.823909911515	-6.5017395019531
3	59860	3.824852168211	-4.8202800750732
3	59864	3.824881234313	-4.1468787193298
3	59874	3.825839896995	-4.4849185943604
3	59881	3.825878634671	-3.7695283889771
3	59891	3.826801285917	-3.9335658550262
3	59895	3.826864082847	-6.3588271141052
3	59908	3.827849791847	-4.1655058860779
3	59912	3.827864633761	-3.5759301185608
3	59922	3.828821500487	-1.4726860523224
3	59926	3.828851173716	-3.1401786804199
3	59936	3.829827862934	-6.8541564941406
3	59940	3.829857305057	-7.8654494285583
3	59953	3.830825192768	-4.8001484870911
3	59957	3.830830257765	-5.6978812217712
3	59967	3.831782195548	-6.8430371284485
3	59971	3.831844825458	-5.275128364563
3	59984	3.832811119501	-4.1132850646973
3	59988	3.832816129716	-5.6706104278564
3	59998	3.833774868762	-2.9389641284943
3	60002	3.833782665414	-4.7986717224121
3	60015	3.834756617775	-5.9587721824646
3	60019	3.834792255364	-3.874347448349
3	60029	3.835781448194	-2.4180586338043
3	60033	3.835812607588	-7.0942969322205
3	60046	3.836733856069	-6.5964403152466
3	60050	3.83683040421	-1.9041557312012
3	60060	3.837688612744	-5.1736259460449
3	60064	3.837804688474	-7.5514841079712
3	60077	3.838709705746	-7.2049074172974
3	60081	3.838806038457	-4.5341506004333
3	60094	3.839725996649	-8.4397878646851
3	60098	3.839780008981	-5.2697944641113
3	60108	3.840695813562	-6.2351450920105
3	60112	3.840757980137	-3.6338469982147
3	60122	3.841714267971	-4.2130727767944
3	60126	3.841715529109	-4.0161595344543
3	60142	3.842667896871	-6.7287573814392
3	60146	3.842685821646	-6.6834645271301
3	60156	3.843671156515	-6.925666809082
3	60160	3.843681801227	-6.7041273117065
3	60173	3.844650268511	-3.7723004817963
3	60177	3.844689337082	-7.9191627502441
3	60190	3.845682602421	-3.978399515152
3	60194	3.845719296676	-4.532940864563
3	60204	3.846651622491	-5.8837928771973
3	60208	3.846722269882	-5.3343300819397
3	60221	3.847677595143	-7.5057826042175
3	60225	3.847684292719	-6.4071078300476
3	60235	3.848652588636	-6.7629585266113
3	60239	3.848727596999	-4.3435401916504
3	60252	3.849603598938	-4.77934217453
3	60256	3.849697290082	-5.4243984222412
3	60263	3.850652305489	-3.9522707462311
3	60270	3.850681279672	-4.7272801399231
3	60280	3.85162417877	-4.5349254608154
3	60287	3.851721727643	-5.7202644348145
3	60294	3.852601302259	-7.9021983146667
3	60298	3.852770681584	-4.0622053146362
3	60311	3.853560495577	-7.5850105285645
3	60318	3.853793235268	-5.796630859375
3	60325	3.85456561981	-5.7485980987549
3	60332	3.854801626654	-5.5608024597168
3	60342	3.855612486973	-1.6898411512375
3	60349	3.855773513487	-7.3119750022888
3	60356	3.856631988733	-6.8186368942261
3	60360	3.856747562032	-6.2914204597473
3	60373	3.85764147467	-5.2256569862366
3	60377	3.857785747326	-8.0503120422363
3	60387	3.858644460822	-6.2581973075867
3	60391	3.858758495548	-5.5527405738831
3	60404	3.859673167308	-5.4871292114258
3	60408	3.859784656727	-5.3758630752563
3	60418	3.860677227792	-7.2346687316895
3	60422	3.860740288073	-6.726215839386
3	60435	3.861671991297	-5.4677686691284
3	60442	3.861759010116	-3.7649161815643
3	60449	3.862702517693	-3.7765703201294
3	60453	3.862784991731	-7.2233510017395
3	60472	3.863670628537	-3.4805560112
3	60476	3.86382824305	-6.0250029563904
3	60483	3.864640321705	-4.3456816673279
3	60487	3.864866130461	-6.056309223175
3	60503	3.865619520806	-6.5474419593811
3	60507	3.865892197029	-5.0326519012451
3	60514	3.866595127029	-6.2996764183044
3	60521	3.866935201943	-5.0292830467224
3	60531	3.86759899391	-6.7893176078796
3	60538	3.86793328833	-5.1563639640808
3	60545	3.868622201849	-5.4179339408875
3	60552	3.868900785515	-5.4363861083984
3	60562	3.869643904125	-5.1274695396423
3	60569	3.869946041517	-4.8978099822998
3	60576	3.870680617578	-4.5647139549255
3	60583	3.870953249959	-5.2283835411072
3	60593	3.871660079779	-6.9626817703247
3	60600	3.871918977236	-5.8471031188965
3	60607	3.872701287514	-5.9457430839539
3	60611	3.872938778416	-6.0212059020996
3	60624	3.873667323462	-6.5980625152588
3	60628	3.873934262063	-5.7820000648499
3	60638	3.874656467811	-7.3274741172791
3	60642	3.874952757851	-5.8888006210327
3	60652	3.875614175718	-5.054669380188
3	60659	3.875924073951	-5.7871117591858
3	60669	3.876620809087	-4.788827419281
3	60676	3.876904441305	-5.8202018737793
3	60683	3.877643680719	-3.5908374786377
3	60690	3.877948325474	-4.2500228881836
3	60700	3.878663831104	-5.3770847320557
3	60704	3.878940867285	-3.2699246406555
3	60717	3.879617018146	-2.9060544967651
3	60721	3.879920799598	-10.278668403625
3	60731	3.880658346654	-7.043957233429
3	60735	3.880871402246	-8.1269407272339
3	60748	3.881649509724	-2.2003014087677
3	60752	3.881857734238	-5.7418632507324
3	60762	3.882650259974	-7.180908203125
3	60766	3.882881198531	-5.130955696106
3	60782	3.88365084481	-4.8248677253723
3	60786	3.883903150495	-5.0352482795715
3	60796	3.884674254153	-5.6183285713196
3	60800	3.884914811096	-4.3151321411133
3	60813	3.885696044493	-4.6054306030273
3	60817	3.885891638846	-6.8934206962585
3	60827	3.886663801855	-5.7679495811462
3	60831	3.886859306433	-5.0311980247498
3	60844	3.887692352456	-8.4598827362061
3	60848	3.887817622047	-6.4736981391907
3	60858	3.888643639143	-3.8259160518646
3	60862	3.888812490365	-6.2330274581909
3	60875	3.889630039192	-4.7780365943909
3	60882	3.889813747763	-5.4734106063843
3	60889	3.890649200844	-5.3262410163879
3	60893	3.890848653507	-5.7361397743225
3	60909	3.891670412376	-5.649019241333
3	60913	3.891841725497	-7.9419732093811
3	60920	3.892692006773	-5.9910507202148
3	60924	3.892853206217	-5.647144317627
3	60940	3.893699793575	-3.2221312522888
3	60944	3.8938843107	-7.2365479469299
3	60951	3.894681449787	-7.5530347824097
3	60955	3.894864938183	-5.2972536087036
3	60971	3.895679770463	-5.4440264701843
3	60975	3.895910239718	-3.5918724536896
3	60982	3.896646201635	-2.2206590175629
3	60986	3.896934173725	-5.6780824661255
3	61002	3.897635120183	-5.2467422485352
3	61006	3.897943806203	-5.3706183433533
3	61013	3.898625609537	-5.4240913391113
3	61017	3.898964003645	-7.5637807846069
3	61033	3.899629633138	-5.2609267234802
3	61037	3.899953929723	-5.5495901107788
3	61044	3.900676045984	-7.1741938591003
3	61048	3.900908192761	-9.8502578735352
3	61061	3.901707833106	-5.5943140983582
3	61068	3.901919830981	-5.1935329437256
3	61075	3.902666076082	-5.6348938941956
3	61079	3.902959519677	-4.8773059844971
3	61095	3.903699369778	-5.7211303710938
3	61102	3.903923392983	-4.5427899360657
3	61109	3.904682994941	-4.5090899467468
3	61113	3.904969571774	-4.3099308013916
3	61129	3.905636655171	-6.7843012809753
3	61133	3.905993292616	-6.4809327125549
3	61137	3.906646373386	-6.222261428833
3	61147	3.907021459747	-3.2284388542175
3	61160	3.907655598447	-4.1742420196533
3	61164	3.908047082584	-6.4237871170044
3	61171	3.90865307447	-5.7520380020142
3	61181	3.909000957148	-7.2514925003052
3	61188	3.90963955675	-6.1664414405823
3	61195	3.910008394751	-8.52965259552
3	61202	3.910589634435	-8.7642469406128
3	61209	3.911005061076	-6.2235584259033
3	61219	3.911594470431	-2.9132866859436
3	61226	3.911975098461	-5.9657430648804
3	61233	3.912579957966	-7.7801656723022
3	61240	3.912946373726	-3.815286397934
3	61250	3.913584252335	-4.3495202064514
3	61257	3.913937637162	-4.8562550544739
3	61264	3.914578473919	-4.9992547035217
3	61271	3.914953228404	-6.9413599967957
3	61278	3.915550258041	-6.2906951904297
3	61288	3.915983643023	-4.9106459617615
3	61292	3.916542947097	-7.2186031341553
3	61302	3.917012140222	-7.0938744544983
3	61309	3.917565252969	-4.4718341827393
3	61319	3.918061956524	-4.6820635795593
3	61323	3.918552277771	-4.8034043312073
3	61333	3.919067353262	-7.1555271148682
3	61340	3.919526194304	-6.3567423820496
3	61350	3.920035746722	-8.6890249252319
3	61354	3.920519809619	-5.4883575439453
3	61364	3.921064819203	-4.6246309280396
3	61374	3.92154679383	-6.9179892539978
3	61381	3.922088367539	-3.0472726821899
3	61385	3.922504438295	-4.9598550796509
3	61398	3.923086511488	-5.0835881233215
3	61408	3.923522736173	-4.7662477493286
3	61412	3.924074548743	-3.7105014324188
3	61419	3.924489269102	-6.4275059700012
3	61429	3.925105572566	-7.695996761322
3	61439	3.925511296843	-4.1053609848022
3	61446	3.926114500947	-3.7559382915497
3	61450	3.926557496711	-7.9046769142151
3	61460	3.927162739605	-7.1877288818359
3	61470	3.927530201591	-1.5543729066849
3	61477	3.928117174955	-5.8492813110352
3	61481	3.928518671234	-4.7175602912903
3	61491	3.929160046926	-5.3424735069275
3	61498	3.929485915605	-7.5918197631836
3	61508	3.930116844322	-6.9239954948425
3	61512	3.930530529571	-6.9622445106506
3	61522	3.931097145911	-7.1348943710327
3	61529	3.931554649998	-5.5337629318237
3	61539	3.932085081398	-2.7143466472626
3	61543	3.932541448711	-5.0686736106873
3	61553	3.933129540092	-6.0226259231567
3	61563	3.933570609467	-6.2105484008789
3	61570	3.934100318946	-4.9397754669189
3	61574	3.934601472861	-6.1808481216431
3	61584	3.935114218553	-3.9745898246765
3	61594	3.935590859727	-4.1062688827515
3	61601	3.936149974419	-6.128098487854
3	61605	3.93655378682	-5.5839447975159
3	61612	3.937153662205	-5.4722013473511
3	61625	3.937524939128	-3.7885389328003
3	61632	3.938148846014	-5.2402143478394
3	61636	3.938489151627	-4.5739622116089
3	61646	3.939188526022	-5.0745587348938
3	61656	3.939447366827	-4.3766307830811
3	61663	3.940147059835	-4.3983678817749
3	61667	3.940462975023	-5.6307153701782
3	61680	3.941179982877	-6.1264405250549
3	61687	3.941467612408	-1.8711044788361
3	61694	3.942203269388	-3.5511875152588
3	61698	3.942498959225	-4.5822415351868
3	61714	3.943183529948	-5.0896835327148
3	61721	3.943498177716	-7.5155634880066
3	61728	3.944182207572	-5.8551664352417
3	61732	3.944509058931	-5.156476020813
3	61745	3.945224525999	-4.5055103302002
3	61752	3.945483120116	-6.2227826118469
3	61759	3.946223252191	-5.4124865531921
3	61763	3.946528153324	-2.257883310318
3	61776	3.947271135441	-5.3941011428833
3	61783	3.94752791139	-6.4144606590271
3	61790	3.9482345976	-5.4051342010498
3	61794	3.948520726107	-6.8379402160645
3	61807	3.949188624787	-7.2018690109253
3	61811	3.949505191353	-7.4838514328003
3	61821	3.950163624505	-5.4482851028442
3	61825	3.950515928428	-6.8878631591797
3	61838	3.95118834022	-4.5030589103699
3	61842	3.951529821661	-5.452278137207
3	61852	3.952190396224	-6.6326332092285
3	61859	3.952561038843	-6.4089527130127
3	61869	3.953166718533	-4.1614389419556
3	61873	3.953555717486	-5.160017490387
3	61883	3.95419103345	-4.9436845779419
3	61890	3.954563794334	-5.6806316375732
3	61900	3.955160229394	-4.8265142440796
3	61904	3.955563653394	-7.2571330070496
3	61914	3.956200374379	-5.1360383033752
3	61921	3.956610198841	-6.1617555618286
3	61928	3.957187669654	-6.0068335533142
3	61938	3.957568088263	-4.3253622055054
3	61945	3.958148551951	-6.0524711608887
3	61952	3.95861568105	-3.344916343689
3	61962	3.959184277482	-7.5648007392883
3	61969	3.959594551381	-5.2491860389709
3	61976	3.960172818453	-6.7426190376282
3	61983	3.960626438867	-7.503511428833
3	61993	3.961187164151	-4.0330500602722
3	62003	3.961655418238	-3.862610578537
3	62007	3.962177594412	-6.7518839836121
3	62014	3.962609896587	-4.1347694396973
3	62027	3.963222506532	-5.5856676101685
3	62034	3.96365187874	-5.6300148963928
3	62041	3.96422489407	-4.4901733398438
3	62048	3.964681411378	-5.7040958404541
3	62058	3.965226802654	-4.6726183891296
3	62065	3.965692859486	-7.9616255760193
3	62072	3.966265631439	-4.5825037956238
3	62079	3.966664183357	-8.2415189743042
3	62092	3.967284359488	-6.2897458076477
3	62096	3.967640121344	-7.9446849822998
3	62103	3.968242354869	-5.4547395706177
3	62110	3.968631864586	-5.4165997505188
3	62120	3.96919778777	-2.719381570816
3	62127	3.969651742045	-4.6631660461426
3	62134	3.970247647562	-5.0364370346069
3	62141	3.970647544347	-4.9413509368896
3	62154	3.971226440554	-5.6717982292175
3	62158	3.971681127766	-7.2334227561951
3	62165	3.972222006912	-4.7920074462891
3	62172	3.972695194248	-6.718677520752
3	62185	3.973247035963	-7.4915833473206
3	62189	3.973691014054	-5.3993754386902
3	62196	3.974214988375	-4.4284462928772
3	62203	3.974680129716	-5.8023614883423
3	62216	3.97522369256	-6.9937686920166
3	62220	3.975705333203	-3.4791424274445
3	62227	3.976262893629	-6.4811372756958
3	62234	3.976693351194	-8.5824890136719
3	62247	3.977241004907	-4.0629243850708
3	62251	3.97767310626	-5.748592376709
3	62258	3.978256664232	-5.6863942146301
3	62268	3.978667824835	-6.9720969200134
3	62278	3.979211993261	-4.9908809661865
3	62282	3.979716878615	-5.9854054450989
3	62289	3.980183316402	-5.4493942260742
3	62299	3.980710414311	-4.8517751693726
3	62309	3.981140237745	-3.3725736141205
3	62313	3.981703264378	-6.7430276870728
3	62320	3.982171764498	-10.56559753418
3	62333	3.982736605946	-5.858033657074
3	62340	3.983173928944	-7.7677717208862
3	62347	3.98373964597	-5.2250566482544
3	62357	3.984187753087	-4.7354712486267
3	62364	3.984781093745	-4.8531265258789
3	62371	3.985159082797	-6.3576135635376
3	62378	3.985793021813	-4.6633868217468
3	62388	3.986160924645	-5.7457494735718
3	62395	3.986831731271	-5.2750825881958
3	62402	3.987111431409	-7.1677742004395
3	62412	3.987820210381	-5.3354554176331
3	62419	3.988150665013	-3.3329863548279
3	62423	3.988811497177	-5.0714426040649
3	62433	3.989112848787	-5.1030468940735
3	62443	3.989798447287	-3.3029131889343
3	62450	3.99008854315	-5.4757771492004
3	62454	3.990805610726	-6.4734539985657
3	62464	3.991057213719	-3.4304897785187
3	62477	3.99185557781	-6.174159526825
3	62481	3.992091443289	-5.8812599182129
3	62488	3.992886076912	-9.8121919631958
3	62495	3.99305448633	-6.3121552467346
3	62505	3.993880530379	-9.4299764633179
3	62512	3.994094923537	-4.8691596984863
3	62522	3.99492564307	-7.3981747627258
3	62526	3.995056341757	-7.362729549408
3	62536	3.995965705749	-8.2011022567749
3	62543	3.99607489032	-6.8453488349915
3	62553	3.996929947498	-7.120219707489
3	62557	3.997103355302	-6.1968421936035
3	62567	3.997940614411	-3.4576010704041
3	62574	3.998130834204	-6.9063501358032
3	62584	3.998982292228	-4.3323941230774
3	62588	3.999155017288	-5.2798609733582
3	62598	3.999954003748	-4.5673098564148
3	62604	4.000120677055	-6.3045887947083
3	62614	4.00096199799	-3.7803730964661
3	62621	4.001123608958	-4.4474048614502
3	62631	4.001954620213	-6.4466571807861
3	62635	4.00217266061	-6.3897757530212
3	62648	4.003000203596	-5.7147188186646
3	62655	4.003181070884	-3.3902788162231
3	62665	4.004038736753	-7.2489719390869
3	62669	4.004226974426	-6.1217842102051
3	62682	4.005009019401	-3.1047732830048
3	62686	4.005210731524	-5.924901008606
3	62693	4.005988739643	-5.1663799285889
3	62700	4.00617082091	-5.1771202087402
3	62710	4.007030226009	-4.202244758606
3	62717	4.00712799681	-6.4654221534729
3	62724	4.008010903191	-5.743989944458
3	62731	4.008109382579	-5.9351592063904
3	62741	4.009051473946	-5.2607359886169
3	62745	4.009070091527	-6.6891140937805
3	62755	4.0100029736	-3.6071259975433
3	62759	4.010113405953	-4.3909578323364
3	62772	4.011005373592	-4.6536655426025
3	62776	4.011104613916	-10.71568775177
3	62789	4.012005282739	-6.48362159729
3	62793	4.012085901082	-5.7800025939941
3	62803	4.012972367438	-3.6860373020172
3	62807	4.013122576656	-6.1915850639343
3	62817	4.013977843845	-3.4090473651886
3	62821	4.014144704772	-4.0652356147766
3	62834	4.015025681604	-4.7605938911438
3	62838	4.015131038467	-5.6180362701416
3	62848	4.0160245614	-3.7143814563751
3	62855	4.016124587627	-5.9692640304565
3	62865	4.017012755062	-3.5450067520142
3	62872	4.01713703706	-5.8270540237427
3	62879	4.018001649079	-8.198356628418
3	62883	4.018124126786	-7.9852070808411
3	62899	4.019025505326	-5.284752368927
3	62903	4.019128164441	-6.9767351150513
3	62913	4.020061173324	-7.2736873626709
3	62917	4.020111365706	-4.7361326217651
3	62930	4.021071941723	-4.5243444442749
3	62934	4.021127657844	-6.8892731666565
3	62941	4.022073103427	-3.193585395813
3	62945	4.022155744741	-4.4464826583862
3	62967	4.023076456646	-6.2634320259094
3	62971	4.023114208257	-7.964714050293
3	62975	4.024085238092	-7.7975091934204
3	62979	4.0240954928	-5.4321041107178
3	62995	4.025068873768	-6.1914095878601
3	63002	4.025104798699	-3.8918800354004
3	63006	4.026057128848	-2.888251543045
3	63010	4.026137406539	-6.9636082649231
3	63029	4.027053336968	-5.7896313667297
3	63033	4.0271112125	-6.7703423500061
3	63040	4.028031423624	-3.448333978653
3	63044	4.028154362779	-3.9630229473114
3	63060	4.028986817803	-4.6630930900574
3	63064	4.029108938285	-7.3183937072754
3	63074	4.030015667928	-5.6303601264954
3	63078	4.0301499398	-6.8881602287292
3	63091	4.031005422925	-4.0872654914856
3	63095	4.031152394282	-5.811206817627
3	63102	4.032009111904	-6.6141519546509
3	63106	4.032108104381	-4.1904358863831
3	63122	4.033022459677	-5.0957813262939
3	63126	4.03306250289	-6.0442891120911
3	63136	4.034051312975	-5.3525142669678
3	63140	4.034053046849	-5.2998905181885
3	63153	4.035047171593	-5.1400532722473
3	63157	4.035082102612	-7.1928381919861
3	63161	4.036073790885	-4.6631059646606
3	63165	4.03611645154	-4.0749425888062
3	63184	4.037079441914	-5.6300797462463
3	63188	4.037147613475	-5.2407422065735
3	63195	4.038086076605	-4.1192293167114
3	63202	4.038114646396	-10.050975799561
3	63215	4.039074954252	-5.171989440918
3	63219	4.03908911393	-5.2248387336731
3	63229	4.04005765674	-5.9792370796204
3	63233	4.040064102259	-5.7472925186157
3	63246	4.041039147523	-3.7694797515869
3	63250	4.041083294851	-4.6787137985229
3	63260	4.042031354953	-4.3138332366943
3	63264	4.042067995525	-4.4728240966797
3	63280	4.043057328226	-5.1652956008911
3	63284	4.043062188086	-6.5895256996155
3	63294	4.044019416151	-3.7432537078857
3	63298	4.044072261436	-3.371876001358
3	63311	4.045056357534	-5.3311223983765
3	63315	4.045063921544	-8.4351024627686
3	63325	4.046026553737	-5.5457396507263
3	63329	4.046074078008	-10.019748687744
3	63339	4.046989567345	-5.3943481445312
3	63346	4.047117728445	-9.0092973709106
3	63353	4.047972604451	-5.0877695083618
3	63360	4.048100833569	-4.683828830719
3	63373	4.04893791165	-5.5697379112244
3	63377	4.049080352193	-5.0880565643311
3	63384	4.049961097539	-6.3776836395264
3	63388	4.050109074766	-6.7401828765869
3	63404	4.050970402103	-4.6447787284851
3	63408	4.051113542582	-6.2147965431213
3	63415	4.051979932738	-8.1564607620239
3	63422	4.052146476553	-5.6655130386353
3	63432	4.052950303358	-6.5585141181946
3	63439	4.053141241962	-8.508882522583
3	63449	4.053963858898	-6.0997433662415
3	63453	4.054167650087	-7.3351106643677
3	63463	4.054926333875	-5.6979603767395
3	63470	4.055152823133	-7.6437797546387
3	63477	4.055899108542	-3.9197552204132
3	63481	4.056124520732	-7.8213095664978
3	63494	4.056934879957	-5.6650376319885
3	63498	4.057088212492	-3.99689245224
3	63508	4.057938375935	-4.3133411407471
3	63512	4.058047135973	-3.8889398574829
3	63525	4.058931644503	-6.841233253479
3	63529	4.059041174565	-5.0062527656555
3	63539	4.059907431714	-9.1759014129639
3	63543	4.060041577015	-4.6237516403198
3	63556	4.060916702227	-6.2941875457764
3	63560	4.06101387089	-4.96564245224
3	63570	4.061916187884	-7.9185357093811
3	63574	4.062028772636	-6.8901195526123
3	63590	4.062905970958	-4.678050994873
3	63594	4.063030008131	-3.3978631496429
3	63604	4.063891546986	-4.5017275810242
3	63608	4.064046008751	-8.4394664764404
3	63621	4.06493892799	-9.5212078094482
3	63625	4.065062337432	-7.9649171829224
3	63635	4.065964175722	-4.4735941886902
3	63639	4.066092483787	-6.1771659851074
3	63652	4.066987250295	-5.9779620170593
3	63656	4.06712604092	-6.2786908149719
3	63666	4.067998520026	-3.8410980701447
3	63670	4.068141413092	-9.0185403823853
3	63683	4.068969358429	-4.6214823722839
3	63687	4.069093428324	-5.118950843811
3	63697	4.070007640887	-5.5188641548157
3	63701	4.070063483909	-8.5820837020874
3	63714	4.070975566051	-7.6987681388855
3	63718	4.071033026369	-6.5551581382751
3	63728	4.071955766474	-4.0804872512817
3	63732	4.072045557438	-7.822108745575
3	63745	4.072964751234	-5.7492294311523
3	63752	4.073022666617	-4.1420412063599
3	63759	4.073992732316	-5.5025720596313
3	63763	4.074004976296	-5.1709914207458
3	63776	4.075013484035	-5.2490711212158
3	63780	4.07505459682	-7.8177146911621
3	63790	4.076007345418	-6.0637774467468
3	63794	4.076070238549	-5.6843690872192
3	63807	4.077010363382	-4.4416828155518
3	63814	4.077091042014	-6.2586917877197
3	63821	4.07800995182	-5.4083523750305
3	63825	4.078059142091	-4.5143280029297
3	63838	4.07896898208	-6.9610176086426
3	63845	4.079107151893	-7.1107339859009
3	63852	4.080017436859	-6.1463198661804
3	63856	4.080087113204	-5.0877075195312
3	63869	4.081000042405	-4.365779876709
3	63873	4.081064951821	-5.2787795066833
3	63883	4.082046259325	-9.1861610412598
3	63887	4.082077299877	-7.423008441925
3	63903	4.083025168428	-4.9609904289246
3	63907	4.083111849139	-3.7980091571808
3	63917	4.084026648608	-3.9215998649597
3	63921	4.084088607633	-4.4740295410156
3	63934	4.085069524726	-4.9177198410034
3	63938	4.085133892713	-7.5810232162476
3	63948	4.086067802556	-6.2407503128052
3	63952	4.086140728569	-9.5211296081543
3	63965	4.087111047834	-2.8813652992249
3	63969	4.08713881823	-4.2944307327271
3	63979	4.088114432418	-5.34574842453
3	63983	4.088132211424	-3.641578912735
3	63993	4.089110654088	-3.2991628646851
3	64000	4.089154778123	-6.8722324371338
3	64010	4.090117719471	-6.3751330375671
3	64014	4.090137675766	-5.4992022514343
3	64027	4.091088346297	-5.1243076324463
3	64031	4.091095743591	-5.7281947135925
3	64041	4.092102907953	-5.195499420166
3	64045	4.092140361849	-9.4152050018311
3	64055	4.093070768564	-3.5397164821625
3	64062	4.093146856321	-4.3417363166809
3	64072	4.094025527946	-5.7386984825134
3	64076	4.094122252524	-6.2088856697083
3	64086	4.095000086406	-3.1815812587738
3	64090	4.095106397961	-4.8079452514648
3	64103	4.096046762433	-9.93883228302
3	64107	4.096069242154	-6.7637014389038
3	64117	4.097033965286	-8.8129215240479
3	64124	4.097073265302	-4.9551072120667
3	64134	4.098006668204	-4.5166068077087
3	64138	4.098110525937	-6.5896348953247
3	64148	4.099029315331	-4.0620465278625
3	64152	4.099093197023	-4.9651441574097
3	64165	4.099981611994	-6.1772708892822
3	64169	4.100130772832	-4.6030268669128
3	64176	4.100933601081	-5.3280868530273
3	64183	4.101115761091	-3.927973985672
3	64196	4.101912430182	-6.7552905082703
3	64200	4.102141519858	-7.1187229156494
3	64207	4.102881855471	-3.7008879184723
3	64217	4.103091705273	-7.7288579940796
3	64230	4.103885422166	-4.6374340057373
3	64234	4.104096927714	-5.3779497146606
3	64244	4.104867829551	-9.0321607589722
3	64248	4.10514136752	-6.049690246582
3	64261	4.105864367909	-3.395890712738
3	64265	4.1061644344	-7.3205246925354
3	64272	4.106842281982	-5.7526578903198
3	64279	4.107124737954	-5.7350330352783
3	64292	4.107864190506	-5.0824112892151
3	64296	4.108171999807	-5.8230419158936
3	64306	4.108906325955	-9.9045686721802
3	64310	4.109163989355	-4.1141757965088
3	64323	4.109915403986	-6.6448407173157
3	64327	4.110171059809	-6.8369927406311
3	64334	4.110901846764	-5.0080647468567
3	64341	4.111140619558	-5.2328214645386
3	64351	4.111931802946	-4.2608547210693
3	64358	4.112138925624	-8.0364179611206
3	64365	4.112930333006	-4.0041127204895
3	64372	4.113177797911	-9.2447271347046
3	64385	4.113978675247	-3.6721086502075
3	64389	4.114188260411	-4.5808668136597
3	64396	4.115027536796	-4.0599594116211
3	64400	4.115217815207	-7.4175581932068
3	64416	4.116005826607	-5.1482939720154
3	64420	4.116174614095	-6.9515008926392
3	64427	4.116961783232	-7.4073276519775
3	64431	4.1171727835	-8.6297616958618
3	64444	4.117918848276	-7.9106259346008
3	64451	4.118192596941	-4.7838764190674
3	64458	4.11896596159	-4.4413728713989
3	64462	4.119161494655	-6.2035737037659
3	64478	4.11994203424	-3.2308821678162
3	64482	4.120166190941	-5.3673748970032
3	64489	4.120903111278	-3.5624563694
3	64493	4.12113983086	-4.7610559463501
3	64506	4.121872097226	-6.0618276596069
3	64513	4.122091587763	-3.2258651256561
3	64520	4.122909057753	-6.0566148757935
3	64524	4.123101929631	-6.6719946861267
3	64540	4.123883916834	-4.7711954116821
3	64547	4.124119751683	-3.7238209247589
3	64554	4.124924650695	-6.0079197883606
3	64558	4.1251676652	-7.892228603363
3	64571	4.125949877446	-6.0093550682068
3	64578	4.126206508371	-5.3314185142517
3	64585	4.126972236502	-5.3470368385315
3	64589	4.127209008224	-5.6575484275818
3	64602	4.127982775625	-3.0546083450317
3	64609	4.128187468263	-5.8704104423523
3	64616	4.128986164468	-4.0523996353149
3	64620	4.129227068476	-5.7455768585205
3	64630	4.129969911722	-5.4837398529053
3	64640	4.130180219587	-6.4935541152954
3	64647	4.130921509984	-4.3184814453125
3	64651	4.131148555383	-4.4752907752991
3	64661	4.131886101772	-6.6061577796936
3	64668	4.132139607893	-7.7608022689819
3	64675	4.132868939311	-5.7406296730042
3	64682	4.133145062101	-6.9853863716125
3	64692	4.133887982973	-6.4785943031311
3	64699	4.134161364956	-5.8780045509338
3	64706	4.134902358962	-6.3876166343689
3	64713	4.13518259975	-4.2985897064209
3	64723	4.135950051456	-7.3511481285095
3	64730	4.136213530012	-7.1676707267761
3	64737	4.136998561455	-5.8922719955444
3	64744	4.137227297903	-4.9772915840149
3	64757	4.138020497771	-4.8260917663574
3	64761	4.138272473318	-3.9126739501953
3	64768	4.138977353831	-8.905837059021
3	64775	4.139273954072	-5.4223227500916
3	64785	4.139948040969	-5.1363224983215
3	64792	4.14031985377	-4.7245869636536
3	64799	4.140944924703	-6.0317749977112
3	64809	4.141353781176	-4.3095965385437
3	64816	4.141972517021	-7.0266394615173
3	64823	4.142319162718	-11.724346160889
3	64830	4.143008565784	-5.6850028038025
3	64843	4.14331712996	-5.6998815536499
3	64850	4.144029615991	-5.969708442688
3	64857	4.144366859451	-5.501247882843
3	64864	4.145053724829	-4.4210085868835
3	64874	4.145361007256	-8.3528480529785
3	64881	4.146027283579	-6.705011844635
3	64888	4.146361744115	-4.987726688385
3	64895	4.147062503386	-3.1308805942535
3	64902	4.14732412104	-7.4844818115234
3	64912	4.148024807003	-8.0143632888794
3	64919	4.148275661841	-5.1823945045471
3	64929	4.1490721977	-3.2055060863495
3	64933	4.149309691933	-9.645791053772
3	64943	4.150028180738	-4.741819858551
3	64950	4.150329324591	-4.678569316864
3	64960	4.150979025799	-4.7539796829224
3	64964	4.151336581963	-4.4643769264221
3	64974	4.151950290579	-5.9237337112427
3	64978	4.152312743434	-6.1283617019653
3	64991	4.152994440434	-8.0541305541992
3	64995	4.153335497655	-5.3405914306641
3	65005	4.1540121032	-4.9763836860657
3	65009	4.154350007558	-6.0929675102234
3	65022	4.155039690528	-6.1307678222656
3	65029	4.155308618379	-6.8781414031982
3	65036	4.156085001354	-5.5158395767212
3	65040	4.156355901209	-4.5920176506042
3	65053	4.15705177199	-6.0465245246887
3	65060	4.157365877249	-5.9452023506165
3	65067	4.158046075387	-4.3102827072144
3	65074	4.158383643155	-5.739483833313
3	65081	4.159027289826	-6.111711025238
3	65088	4.159404329566	-5.0655689239502
3	65098	4.160010289594	-5.8294730186462
3	65105	4.160430327222	-4.8133993148804
3	65112	4.161038509056	-5.1466836929321
3	65122	4.161455553339	-6.2550911903381
3	65129	4.162007091974	-5.5637121200562
3	65136	4.162415873356	-7.8424572944641
3	65143	4.162987386676	-4.8642086982727
3	65147	4.163442293442	-4.0757222175598
3	65163	4.164025618839	-5.377592086792
3	65170	4.164468214267	-5.3977131843567
3	65177	4.165002264991	-5.9365725517273
3	65181	4.165473682356	-4.1445446014404
3	65194	4.166045202913	-6.5263319015503
3	65201	4.166489290501	-4.162446975708
3	65208	4.16703322115	-3.8329217433929
3	65212	4.16746599188	-4.9155864715576
3	65225	4.167988280214	-5.2385034561157
3	65232	4.168474615872	-5.7323575019836
3	65239	4.169012029728	-7.0208044052124
3	65243	4.169512835732	-6.5466032028198
3	65256	4.169995992996	-3.2859075069427
3	65263	4.170545996734	-4.1718764305115
3	65270	4.170954396672	-6.6532645225525
3	65274	4.171517818948	-6.3551249504089
3	65287	4.171963931663	-7.116183757782
3	65294	4.172565531867	-9.056565284729
3	65301	4.172917280838	-6.2597842216492
3	65305	4.173562859063	-4.8770580291748
3	65318	4.173933460987	-6.2430095672607
3	65325	4.174533162128	-5.1185078620911
3	65332	4.174937373618	-6.1553444862366
3	65336	4.175575640681	-7.6021547317505
3	65349	4.175904725056	-2.7838358879089
3	65356	4.176549863674	-4.6812763214111
3	65363	4.176909183172	-5.3942556381226
3	65367	4.177531197754	-5.1713795661926
3	65377	4.177865862503	-7.026424407959
3	65387	4.17851295758	-6.0509462356567
3	65394	4.178820796651	-5.5101203918457
3	65398	4.1795000234	-8.2235536575317
3	65411	4.179839580832	-5.9010314941406
3	65418	4.180460835841	-4.3176355361938
3	65425	4.18087999054	-4.8784217834473
3	65429	4.181452084058	-3.4713656902313
3	65442	4.181839928171	-5.1367402076721
3	65449	4.182491696536	-7.575870513916
3	65456	4.182884751583	-6.6590275764465
3	65460	4.183493093471	-3.8883419036865
3	65476	4.183846765242	-6.2763772010803
3	65483	4.184519159524	-4.6205954551697
3	65487	4.184797181999	-10.080955505371
3	65497	4.185530256196	-3.567281961441
3	65504	4.185799403688	-7.9035549163818
3	65514	4.186553288552	-3.9481301307678
3	65518	4.186839126268	-6.5729632377625
3	65525	4.187526211292	-3.9368584156036
3	65538	4.18788517197	-6.7486200332642
3	65545	4.188555148793	-8.9065132141113
3	65549	4.188838600467	-6.9867558479309
3	65559	4.189528218387	-5.864109992981
3	65566	4.189803060466	-4.1069402694702
3	65576	4.190508280057	-3.1800196170807
3	65580	4.190811365812	-5.8065257072449
3	65590	4.191552313432	-5.6568474769592
3	65594	4.19183466713	-5.9918308258057
3	65607	4.192523729835	-5.2889604568481
3	65611	4.192863947362	-6.8947739601135
3	65621	4.193485853183	-5.0692882537842
3	65625	4.19387349867	-7.6917009353638
3	65638	4.194522206694	-6.1579079627991
3	65642	4.194826120122	-7.9221062660217
3	65649	4.195479428148	-4.7134199142456
3	65656	4.195797747505	-5.4337239265442
3	65669	4.196486182343	-5.3810043334961
3	65673	4.19683041416	-7.752100944519
3	65683	4.197488380727	-7.0425586700439
3	65690	4.197786408081	-3.2675285339355
3	65700	4.198531549839	-3.8189113140106
3	65704	4.198741358785	-7.1044754981995
3	65711	4.199522166983	-3.7460083961487
3	65718	4.199763523231	-8.0634660720825
3	65731	4.20056506266	-6.0389337539673
3	65735	4.20073537311	-7.490062713623
3	65742	4.201581111463	-5.7240843772888
3	65749	4.20172870402	-6.9695100784302
3	65762	4.202536201874	-4.9852113723755
3	65766	4.20276215659	-7.5940942764282
3	65773	4.203563113809	-5.6392097473145
3	65777	4.203721685455	-4.0122456550598
3	65796	4.204593288188	-6.7316498756409
3	65800	4.204740729132	-6.1253561973572
3	65807	4.20557038698	-5.7896518707275
3	65811	4.205704852615	-5.2917685508728
3	65827	4.206602525455	-4.2769870758057
3	65831	4.206700694947	-5.73322057724
3	65838	4.207636400814	-5.865336894989
3	65842	4.207705446574	-7.4451179504395
3	65858	4.208671118682	-5.4784874916077
3	65862	4.208730569772	-8.4041433334351
3	65869	4.209625962012	-5.3794775009155
3	65873	4.209719803606	-4.0507640838623
3	65889	4.210592449265	-7.1019859313965
3	65893	4.210726254269	-4.4423294067383
3	65900	4.21159588854	-5.6088523864746
3	65904	4.211684851659	-3.5262131690979
3	65920	4.212557801761	-5.6911058425903
3	65924	4.212715422386	-5.1019072532654
3	65931	4.213514113724	-10.22508430481
3	65935	4.213743695318	-4.7014603614807
3	65951	4.214555550759	-4.9302916526794
3	65955	4.214748710013	-5.7232136726379
3	65962	4.21555256469	-5.8552088737488
3	65969	4.215793852128	-6.2377820014954
3	65982	4.216527061686	-8.7407760620117
3	65986	4.216817526963	-2.8832297325134
3	65993	4.21754595283	-5.9498453140259
3	66000	4.217823040406	-4.5123696327209
3	66013	4.218588703625	-5.4309487342834
3	66017	4.218778862434	-6.8317866325378
3	66024	4.219555825718	-5.3646626472473
3	66028	4.219743565837	-6.6979179382324
3	66044	4.220571630431	-5.1015634536743
3	66048	4.220694188892	-6.8596248626709
3	66055	4.221610803698	-2.0847427845001
3	66059	4.221690201035	-4.3164792060852
3	66075	4.222655110383	-7.2108378410339
3	66079	4.222662006598	-10.536346435547
3	66086	4.223631057147	-4.1038951873779
3	66090	4.223670761013	-5.5839219093323
3	66109	4.224673299637	-4.8357510566711
3	66113	4.22470393713	-7.4362263679504
3	66120	4.225646098225	-5.1303391456604
3	66127	4.225696046778	-3.9726417064667
3	66140	4.226617819614	-7.3491034507751
3	66144	4.226660476061	-5.8606610298157
3	66154	4.227623432856	-5.1319327354431
3	66158	4.227710211368	-6.1696028709412
3	66168	4.228588169719	-6.992901802063
3	66175	4.228716828602	-7.1152586936951
3	66185	4.229570879418	-6.1788902282715
3	66189	4.229753828788	-5.3989639282227
3	66199	4.230536114819	-5.6952309608459
3	66206	4.230753665955	-3.995331287384
3	66216	4.231524250911	-5.8507213592529
3	66220	4.231710651281	-8.6182546615601
3	66230	4.232502766579	-3.8769471645355
3	66237	4.232734056236	-6.7661285400391
3	66247	4.233458484952	-3.0479736328125
3	66251	4.233696160509	-7.0841484069824
3	66261	4.234481934818	-5.5785136222839
3	66265	4.23467470786	-5.4591155052185
3	66278	4.235507974147	-5.7203702926636
3	66282	4.235625085373	-5.3111348152161
3	66292	4.236473092712	-5.8963761329651
3	66296	4.236586104927	-4.3157362937927
3	66306	4.237499486185	-4.5898537635803
3	66313	4.237617608073	-3.994491815567
3	66323	4.238511189479	-6.78990650177
3	66327	4.238613482509	-3.2853987216949
3	66337	4.23952794582	-7.1445832252502
3	66344	4.239613668117	-4.299750328064
3	66354	4.240479022244	-2.1873502731323
3	66358	4.240582063377	-6.5141925811768
3	66368	4.241506032973	-5.1143112182617
3	66372	4.241553709663	-5.5727777481079
3	66385	4.242465512013	-6.9207797050476
3	66389	4.242574408253	-5.2220072746277
3	66396	4.243419620153	-4.6839847564697
3	66406	4.243589545511	-6.6590423583984
3	66419	4.244433349068	-3.3733749389648
3	66426	4.244628274947	-5.738055229187
3	66430	4.245393947784	-5.4391465187073
3	66437	4.245659713381	-8.6175270080566
3	66450	4.246441895887	-4.4857363700867
3	66457	4.246702511131	-6.3120069503784
3	66461	4.247470866074	-7.0820822715759
3	66468	4.247689644098	-4.8033289909363
3	66484	4.248455073307	-3.7468585968018
3	66488	4.248726424863	-7.769223690033
3	66492	4.249476891399	-5.3297080993652
3	66499	4.249698215615	-4.263641834259
3	66514	4.250431067091	-6.1740937232971
3	66521	4.250696856113	-7.5528249740601
3	66525	4.251381827644	-3.8322689533234
3	66529	4.251661417377	-4.3112692832947
3	66545	4.252372874749	-10.825922966003
3	66552	4.252633794776	-6.5427694320679
3	66556	4.253350115723	-7.3821997642517
3	66560	4.253619502582	-5.903461933136
3	66579	4.254387284858	-4.2125267982483
3	66583	4.254583839387	-6.0381379127502
3	66587	4.255351013091	-3.3462328910828
3	66591	4.255549529902	-4.260281085968
3	66610	4.256305101177	-4.5836801528931
3	66614	4.256538042289	-4.140266418457
3	66618	4.257316575105	-5.0076222419739
3	66622	4.257505904122	-5.0581541061401
3	66635	4.258285620033	-6.7479891777039
3	66645	4.258499927115	-5.4934258460999
3	66649	4.259304838815	-3.4831650257111
3	66653	4.259517796378	-6.3659424781799
3	66666	4.260319591253	-4.9371390342712
3	66673	4.260492011828	-4.3461842536926
3	66680	4.261329851369	-4.0383276939392
3	66684	4.261508706281	-6.1138129234314
3	66697	4.262373617145	-4.4772219657898
3	66701	4.262515335271	-4.5621008872986
3	66711	4.263324990111	-5.7214231491089
3	66715	4.263515206525	-4.967933177948
3	66731	4.264330236851	-5.3414053916931
3	66738	4.264477489258	-4.0709753036499
3	66745	4.265376289122	-4.9069919586182
3	66749	4.265510650601	-9.9668407440186
3	66765	4.266359201921	-4.5762286186218
3	66769	4.266468199251	-7.35258436203
3	66776	4.267349185357	-2.5173478126526
3	66780	4.267500795065	-4.8711123466492
3	66796	4.26834224149	-8.6446704864502
3	66800	4.268465889165	-5.3692426681519
3	66807	4.269385874769	-8.0914068222046
3	66811	4.269443604972	-5.2293477058411
3	66827	4.270393214173	-3.5781087875366
3	66831	4.27039401309	-2.9870688915253
3	66838	4.271365693376	-4.9083480834961
3	66842	4.271443595496	-8.7112617492676
3	66855	4.272326930458	-5.2695255279541
3	66862	4.272430446796	-4.1439967155457
3	66869	4.27335196616	-5.8148641586304
3	66873	4.273454061492	-6.6005363464355
3	66889	4.274354607185	-3.5868854522705
3	66893	4.274427577107	-10.265278816223
3	66900	4.275331215948	-4.1447839736938
3	66904	4.275455984945	-5.5826601982117
3	66920	4.276286146298	-4.0768575668335
3	66924	4.276505018079	-6.4431381225586
3	66931	4.277292510419	-8.5433025360107
3	66935	4.277517649382	-7.7557964324951
3	66948	4.278264928576	-4.3713417053223
3	66955	4.278477767367	-4.7522168159485
3	66962	4.279258741488	-3.5377252101898
3	66966	4.279445423443	-8.8991708755493
3	66979	4.28026516684	-6.837233543396
3	66983	4.280419378381	-5.1031098365784
3	66993	4.28125974349	-6.6770339012146
3	66997	4.281441665197	-10.863291740417
3	67010	4.28222584031	-6.2770147323608
3	67017	4.282464216864	-4.136429309845
3	67024	4.283274967114	-6.0397725105286
3	67028	4.283505310515	-5.442626953125
3	67044	4.284274840914	-6.2379007339478
3	67051	4.284537195052	-5.6196174621582
3	67058	4.285293327361	-3.9355227947235
3	67062	4.285557769405	-6.8979959487915
3	67075	4.286280558328	-4.7557277679443
3	67082	4.286565938273	-7.88325548172
3	67089	4.287318701051	-5.855348110199
3	67093	4.28751786619	-4.9839272499084
3	67109	4.288336901776	-8.1090488433838
3	67116	4.288548759573	-5.2755160331726
3	67120	4.289306300942	-6.8629822731018
3	67124	4.289571285978	-4.95259141922
3	67140	4.29033056506	-3.9098892211914
3	67144	4.290606399489	-5.0833311080933
3	67151	4.291323268166	-6.5059447288513
3	67155	4.291600178975	-4.9433970451355
3	67171	4.292301353696	-4.8169264793396
3	67175	4.292645462351	-7.0307636260986
3	67182	4.293267928938	-3.4349782466888
3	67186	4.293641661496	-7.3095660209656
3	67202	4.29430335926	-6.0118112564087
3	67206	4.294664034408	-6.9530372619629
3	67213	4.29526148129	-13.854877471924
3	67220	4.295652804844	-6.1443428993225
3	67230	4.29626745548	-5.7211194038391
3	67237	4.296693475732	-5.3103790283203
3	67244	4.297234127953	-4.6214032173157
3	67251	4.297710483571	-5.2826476097107
3	67264	4.298189700226	-5.2349734306335
3	67268	4.298710821279	-8.6563720703125
3	67275	4.29920914036	-5.9294857978821
3	67282	4.299734884498	-4.3418278694153
3	67295	4.300230612744	-5.6491436958313
3	67299	4.300728237935	-6.4084777832031
3	67306	4.301254328429	-4.6442952156067
3	67313	4.301745522484	-4.4780244827271
3	67326	4.302295416388	-4.1587677001953
3	67330	4.302723861054	-5.0388779640198
3	67337	4.303289751386	-7.3688192367554
3	67347	4.303756195715	-5.8655366897583
3	67360	4.304289931457	-5.9835720062256
3	67364	4.30471975266	-9.2382841110229
3	67371	4.305288382999	-7.1275901794434
3	67378	4.305752734816	-5.7154388427734
3	67391	4.306256547851	-7.1749105453491
3	67395	4.306712407349	-6.1594071388245
3	67402	4.307265176747	-5.6387763023376
3	67406	4.307695599941	-4.8510494232178
3	67422	4.308227411842	-5.236430644989
3	67426	4.308664021699	-7.7582955360413
3	67433	4.309270584981	-6.5154576301575
3	67440	4.309704851538	-6.0718636512756
3	67453	4.310244096111	-7.8449673652649
3	67457	4.310694797261	-4.7355256080627
3	67464	4.311283303311	-3.1355028152466
3	67471	4.311709110173	-10.312965393066
3	67481	4.312251039008	-5.3810167312622
3	67488	4.312716837428	-6.3389897346497
3	67492	4.313213605437	-5.2849292755127
3	67502	4.313687334257	-4.1705675125122
3	67515	4.314169076462	-5.4911584854126
3	67519	4.314735924783	-6.0084128379822
3	67523	4.315146000593	-4.9265918731689
3	67533	4.31575652447	-5.343493938446
3	67543	4.31615474713	-4.8659119606018
3	67550	4.316791061713	-3.7416944503784
3	67554	4.317185723441	-5.4224863052368
3	67567	4.317759357074	-5.0740432739258
3	67574	4.318233936077	-7.387580871582
3	67581	4.318771907605	-7.2389359474182
3	67588	4.319265665574	-5.5083856582642
3	67598	4.31976838764	-4.1611218452454
3	67605	4.320239736448	-5.3502254486084
3	67612	4.320725218242	-9.2399377822876
3	67619	4.32122866342	-6.3381495475769
3	67626	4.321702806578	-7.2612013816833
3	67636	4.322264974978	-6.0634937286377
3	67643	4.322686069066	-5.5991497039795
3	67650	4.323227092155	-5.9379835128784
3	67660	4.323733662746	-6.4502205848694
3	67670	4.324258104809	-5.9136786460876
3	67677	4.324724979685	-6.5333123207092
3	67684	4.325233460493	-5.141489982605
3	67694	4.325773101013	-5.2808895111084
3	67701	4.326240112	-5.1094312667847
3	67708	4.326800152412	-2.931871175766
3	67712	4.327199365945	-6.244713306427
3	67725	4.327752451068	-6.9570751190186
3	67732	4.32818664892	-4.8265895843506
3	67739	4.328749065915	-7.9660596847534
3	67743	4.329230722419	-5.7457904815674
3	67756	4.32976789737	-6.0297589302063
3	67763	4.330188017564	-5.6339592933655
3	67770	4.330773366979	-5.3071904182434
3	67774	4.331213045927	-5.6955122947693
3	67787	4.331770163203	-5.6969027519226
3	67794	4.332194334944	-4.4759964942932
3	67801	4.332768938272	-5.2467017173767
3	67805	4.333180777984	-6.8119406700134
3	67818	4.333814219538	-7.2767143249512
3	67825	4.334162609593	-5.7149839401245
3	67832	4.334850674034	-6.6800451278687
3	67836	4.335115039146	-5.178062915802
3	67849	4.335860607175	-4.6461496353149
3	67856	4.336136086692	-6.7333297729492
3	67863	4.336866466783	-5.047128200531
3	67867	4.337140948685	-5.1773986816406
3	67880	4.337876553032	-4.7023749351501
3	67887	4.338161689534	-6.7422881126404
3	67894	4.338902005288	-5.9820637702942
3	67898	4.339113989517	-3.9126844406128
3	67905	4.339862740419	-11.054164886475
3	67915	4.340076953539	-4.1852836608887
3	67925	4.340828936452	-5.1343116760254
3	67929	4.341068985632	-3.942440032959
3	67936	4.341850650448	-5.1414203643799
3	67949	4.342102123408	-4.3779253959656
3	67956	4.342885058516	-3.82648396492
3	67960	4.343097663361	-4.7707433700562
3	67967	4.343924025914	-3.6190118789673
3	67983	4.344051963472	-4.879988193512
3	67990	4.344933052333	-7.8483633995056
3	67994	4.345025927807	-4.0821104049683
3	68001	4.345944099148	-4.6924061775208
3	68011	4.346024684687	-6.4838562011719
3	68021	4.346900526947	-6.8348970413208
3	68025	4.347020403583	-4.694785118103
3	68032	4.347910882596	-5.900749206543
3	68039	4.348029396714	-5.1364455223083
3	68052	4.348920759785	-4.7163457870483
3	68056	4.348990382309	-8.5652942657471
3	68063	4.349968163526	-2.7877175807953
3	68067	4.350032510585	-6.3035950660706
3	68083	4.350920277571	-6.2154116630554
3	68087	4.351000998715	-8.0301866531372
3	68094	4.351891537353	-4.4765801429749
3	68098	4.351983806732	-4.6312599182129
3	68114	4.352894416937	-6.6790857315063
3	68118	4.353016098079	-5.6545400619507
3	68128	4.353941621747	-5.1615967750549
3	68132	4.353996505244	-6.0769052505493
3	68145	4.35493423001	-4.1772265434265
3	68149	4.355032788322	-5.9916896820068
3	68156	4.35589813426	-4.8007278442383
3	68163	4.356010206207	-4.4552526473999
3	68176	4.356943451655	-5.9599165916443
3	68180	4.356976868158	-8.7045822143555
3	68190	4.357916226476	-3.6086897850037
3	68194	4.357984550669	-5.6396522521973
3	68207	4.358929986948	-4.4248280525208
3	68211	4.358972913065	-4.3487882614136
3	68218	4.359926363336	-5.8693699836731
3	68222	4.359979712421	-8.7440013885498
3	68238	4.360922603428	-4.7612400054932
3	68242	4.36097425437	-7.8251242637634
3	68252	4.361925432343	-2.6431889533997
3	68256	4.361957095302	-6.4636168479919
3	68266	4.362883461457	-3.1112411022186
3	68273	4.362913037429	-6.0143032073975
3	68280	4.363848567616	-6.0671439170837
3	68284	4.363901620684	-7.8859686851501
3	68300	4.364821389668	-3.4082686901093
3	68304	4.364859571682	-3.583904504776
3	68314	4.365815696125	-8.6532173156738
3	68318	4.36582547578	-6.4473066329956
3	68331	4.366823162694	-5.5873827934265
3	68335	4.366860659599	-5.6019911766052
3	68345	4.367828360694	-7.7675628662109
3	68349	4.367828447043	-4.4826307296753
3	68362	4.368798900937	-4.0960669517517
3	68369	4.368832844312	-3.5429172515869
3	68376	4.369819102758	-5.01575756073
3	68383	4.369845707706	-5.1079015731812
3	68393	4.370800983366	-4.8207550048828
3	68397	4.370833837243	-7.4684820175171
3	68407	4.371787994634	-6.8282766342163
3	68411	4.371791175577	-7.6505651473999
3	68421	4.37280132296	-5.2000093460083
3	68425	4.372810315175	-7.8239345550537
3	68441	4.373801538234	-5.6548104286194
3	68445	4.373833881883	-8.7912664413452
3	68452	4.374770128519	-5.3967480659485
3	68456	4.374837524495	-6.9829506874084
3	68472	4.375793760222	-4.9037652015686
3	68476	4.37580650769	-8.6019020080566
3	68483	4.376758056075	-5.1070880889893
3	68490	4.376789154744	-10.707362174988
3	68503	4.377740034712	-3.9688076972961
3	68507	4.377805786865	-5.4268584251404
3	68514	4.378754501677	-5.8615293502808
3	68518	4.378824571915	-5.6523499488831
3	68534	4.379767991855	-7.979229927063
3	68538	4.37983614811	-5.3074350357056
3	68548	4.380817791477	-5.0323462486267
3	68552	4.380858271965	-6.0533986091614
3	68565	4.38183632508	-5.2798180580139
3	68569	4.381859372572	-6.2036423683167
3	68576	4.382794602325	-4.8147211074829
3	68580	4.38285383734	-6.6222324371338
3	68596	4.38377675368	-3.6006088256836
3	68600	4.383891177632	-6.7263827323914
3	68607	4.384818078691	-6.0670800209045
3	68617	4.384911807417	-5.4797229766846
3	68630	4.385831605222	-8.3027782440186
3	68634	4.385929096524	-8.2514610290527
3	68641	4.386784783136	-4.1361594200134
3	68648	4.386895543861	-6.217981338501
3	68661	4.387820719561	-5.5619502067566
3	68665	4.387905122717	-3.3623898029327
3	68672	4.388783393162	-7.5730452537537
3	68676	4.388905686139	-4.4252362251282
3	68689	4.389811179884	-6.4112763404846
3	68696	4.389902412499	-5.0013957023621
3	68703	4.390854025383	-2.8068702220917
3	68707	4.390947009953	-5.7033886909485
3	68723	4.391870821393	-5.9596462249756
3	68727	4.391972111838	-7.4692544937134
3	68734	4.392865496222	-4.1924352645874
3	68738	4.39293157456	-4.6311540603638
3	68754	4.393845192311	-3.8104228973389
3	68758	4.393952782804	-7.1122646331787
3	68765	4.394882306395	-6.1189532279968
3	68769	4.394912943323	-9.9304552078247
3	68785	4.395883399774	-7.8475666046143
3	68789	4.395922115413	-5.3612823486328
3	68799	4.396874485418	-3.8607578277588
3	68803	4.396894583725	-4.094744682312
3	68816	4.397887327735	-4.621310710907
3	68820	4.397941012561	-6.2599482536316
3	68827	4.398891615788	-4.2187848091125
3	68831	4.39890086744	-4.7482495307922
3	68847	4.399858337986	-7.9739937782288
3	68851	4.399900745672	-7.3121266365051
3	68858	4.400815589576	-4.9068765640259
3	68862	4.400888593248	-6.1641397476196
3	68878	4.40181296459	-5.0487341880798
3	68882	4.401843033105	-6.5563917160034
3	68889	4.402794036806	-2.9506764411926
3	68893	4.402857114927	-10.337567329407
3	68909	4.403834036616	-6.2237577438354
3	68913	4.403879774703	-7.0162272453308
3	68920	4.404833598103	-5.0431160926819
3	68924	4.404929077319	-5.5128273963928
3	68943	4.405790301531	-6.7097692489624
3	68947	4.405957096012	-6.4591016769409
3	68954	4.406799402573	-4.2539682388306
3	68964	4.406984711474	-5.5231895446777
3	68971	4.407781638061	-6.6178641319275
3	68978	4.407966258108	-5.7293343544006
3	68988	4.408784109091	-5.5619177818298
3	68992	4.408972926583	-6.3093795776367
3	69002	4.409829545182	-5.8996801376343
3	69006	4.410002040397	-5.72847032547
3	69019	4.410859077812	-7.0102434158325
3	69023	4.410993314295	-9.5119743347168
3	69033	4.41189144398	-4.7059907913208
3	69037	4.412030639091	-7.5090670585632
3	69050	4.412846070486	-6.1169924736023
3	69057	4.413075122085	-4.7021126747131
3	69064	4.413804718546	-4.4359731674194
3	69068	4.414068319271	-5.6605887413025
3	69081	4.414839437064	-6.7575435638428
3	69088	4.415029657916	-5.4586763381958
3	69095	4.415856740092	-3.9394516944885
3	69099	4.416075608001	-6.0092911720276
3	69115	4.416874427738	-2.9972696304321
3	69119	4.417055685424	-4.4394850730896
3	69126	4.41791582724	-7.6632852554321
3	69130	4.418070382947	-7.7046284675598
3	69146	4.4189561624	-6.6514477729797
3	69150	4.41904050057	-8.1061000823975
3	69157	4.419970459298	-7.0503034591675
3	69161	4.419999238665	-4.687075138092
3	69177	4.420931735576	-3.6506440639496
3	69181	4.420953351247	-6.9652094841003
3	69188	4.421882149108	-4.7990832328796
3	69192	4.421933953778	-3.738685131073
3	69208	4.422838071277	-7.9997615814209
3	69212	4.422941340527	-5.9341855049133
3	69219	4.42381117278	-4.5105962753296
3	69223	4.423892900463	-7.8008298873901
3	69242	4.424804851459	-4.932225227356
3	69246	4.424876432693	-9.8709650039673
3	69253	4.425770906522	-5.9341402053833
3	69257	4.425845428373	-4.7099270820618
3	69270	4.426797345694	-7.6726322174072
3	69277	4.426827897482	-6.9523191452026
3	69284	4.427807359625	-3.6796016693115
3	69288	4.427826655441	-5.4517588615417
3	69301	4.428782342779	-4.5816526412964
3	69305	4.428794927362	-4.9405007362366
3	69315	4.429745428972	-4.0229167938232
3	69319	4.429815767108	-5.948769569397
3	69332	4.430745950668	-4.7958841323853
3	69336	4.430860119394	-6.2800121307373
3	69346	4.43177979274	-5.0316276550293
3	69350	4.431818424365	-4.1112203598022
3	69366	4.432732747762	-4.341233253479
3	69370	4.432854850137	-3.9101068973541
3	69377	4.433775807871	-6.0564126968384
3	69381	4.433837127851	-4.0936298370361
3	69397	4.434740496785	-4.2319440841675
3	69401	4.434867903072	-6.7868809700012
3	69408	4.435744852968	-4.5133419036865
3	69412	4.435913130876	-5.0114450454712
3	69428	4.43678730188	-8.7684450149536
3	69432	4.436923847804	-4.6524133682251
3	69439	4.437761792992	-6.1309633255005
3	69443	4.437928552396	-5.6681780815125
3	69459	4.438771127875	-3.8008663654327
3	69463	4.438901169764	-8.0840816497803
3	69470	4.439734212376	-5.6102533340454
3	69474	4.439917877276	-4.651828289032
3	69490	4.440684545486	-6.8984107971191
3	69494	4.440934477002	-8.5834121704102
3	69501	4.441662364388	-6.9575362205505
3	69505	4.441939797082	-7.4013423919678
3	69518	4.442632318303	-7.2458281517029
3	69525	4.442900601851	-7.2384252548218
3	69532	4.443618066592	-6.9347920417786
3	69536	4.443857640717	-9.3305692672729
3	69552	4.444636026189	-4.4880228042603
3	69556	4.444814959215	-5.9619059562683
3	69566	4.445657049963	-3.9199910163879
3	69570	4.44578348302	-4.5599422454834
3	69583	4.446636890744	-4.2862977981567
3	69590	4.446825751245	-8.0463256835938
3	69597	4.44760180564	-8.4106531143188
3	69601	4.447810436263	-4.8888254165649
3	69614	4.448554563433	-7.6340489387512
3	69618	4.44877763095	-6.0680918693542
3	69625	4.449550617096	-11.755769729614
3	69632	4.449753550988	-10.269344329834
3	69645	4.450501755364	-5.0477337837219
3	69652	4.450749890689	-7.6367120742798
3	69656	4.451478887273	-4.3152732849121
3	69660	4.451709577558	-6.4098019599915
3	69673	4.452504260327	-3.1231286525726
3	69680	4.452711228185	-5.030592918396
3	69687	4.453485568985	-5.1912155151367
3	69691	4.45367691479	-5.3065686225891
3	69704	4.454524839322	-5.93989610672
3	69711	4.454665640417	-5.982578754425
3	69718	4.455499065358	-4.7471218109131
3	69722	4.455711207148	-9.9533290863037
3	69735	4.456481392384	-6.0307726860046
3	69745	4.45668686029	-7.548291683197
3	69749	4.457455129361	-5.6175494194031
3	69756	4.45769740759	-10.23219871521
3	69766	4.458474640932	-4.5405921936035
3	69776	4.458723927946	-5.7953205108643
3	69780	4.459484903879	-3.2464928627014
3	69787	4.459766206084	-7.6042585372925
3	69794	4.460494770287	-4.8544392585754
3	69801	4.460733734658	-7.7882766723633
3	69811	4.461515570851	-6.0896487236023
3	69818	4.461737419617	-6.6576113700867
3	69825	4.462470398315	-3.3385534286499
3	69835	4.462717191698	-4.8556742668152
3	69845	4.463461661374	-5.8990135192871
3	69849	4.463672120886	-7.7365446090698
3	69856	4.464413694991	-6.8784523010254
3	69860	4.464687820258	-5.4350380897522
3	69879	4.465391882865	-5.5780658721924
3	69883	4.465644497483	-5.395893573761
3	69890	4.466346268836	-7.220196723938
3	69897	4.46667751117	-4.2873845100403
3	69910	4.467310245723	-4.646993637085
3	69914	4.467677507083	-4.5523662567139
3	69921	4.468336719247	-4.295889377594
3	69925	4.468647760849	-5.8925151824951
3	69941	4.469314633911	-5.3218126296997
3	69948	4.469685345277	-5.9395966529846
3	69952	4.47036218024	-6.6091604232788
3	69959	4.470653024501	-4.6495962142944
3	69972	4.471380643184	-4.1412444114685
3	69976	4.471613877406	-4.9019360542297
3	69983	4.472357209622	-5.6744236946106
3	69993	4.472626613029	-7.9518761634827
3	70003	4.47335389991	-6.5286755561829
3	70007	4.473577402518	-7.5851674079895
3	70014	4.474324324515	-7.4064431190491
3	70021	4.474618061457	-3.9667270183563
3	70031	4.475322987396	-5.6295962333679
3	70038	4.475632006296	-4.8828458786011
3	70045	4.476293503781	-4.7425427436829
3	70049	4.476630171438	-4.8242497444153
3	70065	4.477290812795	-5.1197085380554
3	70069	4.477630535849	-7.0089840888977
3	70076	4.478273906642	-6.0588579177856
3	70080	4.478638701005	-6.7614507675171
3	70096	4.479295731049	-8.3414754867554
3	70100	4.479672192342	-5.1225414276123
3	70107	4.480320380885	-4.5701246261597
3	70111	4.480692544805	-4.9212627410889
3	70127	4.481303204925	-8.0437955856323
3	70131	4.481658255742	-4.4318022727966
3	70138	4.482255871495	-4.8182239532471
3	70142	4.482613409354	-4.000467300415
3	70158	4.483215857633	-5.7952470779419
3	70162	4.483607904163	-8.679443359375
3	70169	4.484182878529	-7.1927175521851
3	70173	4.484613901677	-6.399477481842
3	70192	4.485132936862	-5.4023532867432
3	70196	4.485636482451	-4.3407745361328
3	70203	4.486124683257	-4.1073513031006
3	70207	4.486608420153	-4.4974370002747
3	70220	4.487075921382	-4.1378655433655
3	70227	4.487587044363	-5.7383074760437
3	70231	4.488033855984	-6.8656058311462
3	70238	4.488605250329	-5.0084156990051
3	70251	4.489009874258	-3.4814574718475
3	70258	4.489619415967	-5.7012958526611
3	70262	4.48997377629	-5.357458114624
3	70269	4.490668561904	-7.113365650177
3	70279	4.490976302099	-5.3369631767273
3	70289	4.491664379616	-6.995391368866
3	70293	4.491961768393	-6.1755747795105
3	70300	4.492698221586	-6.4033250808716
3	70310	4.49296309005	-6.9277634620667
3	70320	4.493659012343	-6.1311221122742
3	70324	4.493991443255	-5.5697264671326
3	70331	4.494661288805	-3.5879573822021
3	70341	4.494968789802	-4.7442364692688
3	70351	4.495613397896	-5.998619556427
3	70355	4.495971525348	-5.1799373626709
3	70362	4.496646974089	-6.4920043945312
3	70375	4.497008172422	-9.1274108886719
3	70382	4.49765168885	-5.8527126312256
3	70386	4.497994504884	-8.3024826049805
3	70393	4.498653823774	-4.6017127037048
3	70403	4.498944602009	-5.2721529006958
3	70413	4.499685168839	-4.9381155967712
3	70417	4.499975461457	-6.3944244384766
3	70429	4.500734038668	-10.33317565918
3	70439	4.500928728473	-11.124249458313
3	70446	4.501777212526	-6.8007550239563
3	70453	4.501961367201	-6.7290444374084
3	70463	4.502790236127	-3.0945827960968
3	70467	4.502976822042	-5.4891891479492
3	70474	4.50381314692	-6.1483960151672
3	70484	4.503973493754	-4.9052786827087
3	70497	4.504812080416	-6.0661315917969
3	70501	4.505015272776	-6.6593837738037
3	70511	4.505827887078	-7.0567798614502
3	70515	4.50597636015	-6.2658624649048
3	70525	4.506791565612	-6.3558139801025
3	70532	4.507018438511	-6.7635488510132
3	70539	4.507805894669	-5.2385811805725
3	70549	4.508053922129	-4.6493439674377
3	70556	4.508758754428	-3.3833038806915
3	70563	4.509085295774	-3.3815224170685
3	70570	4.509806227259	-4.5861682891846
3	70577	4.510106566829	-9.3464117050171
3	70587	4.510803281932	-4.5607929229736
3	70597	4.511126081572	-3.719664812088
3	70601	4.511822653636	-6.7759475708008
3	70608	4.512174742095	-5.3371610641479
3	70618	4.512846611555	-4.042742729187
3	70628	4.513140516725	-8.0117254257202
3	70632	4.513895666934	-2.3275194168091
3	70639	4.514091130593	-6.4858365058899
3	70649	4.514888009531	-3.9730591773987
3	70659	4.515099581868	-5.1669502258301
3	70663	4.51590862134	-4.1185364723206
3	70670	4.516141047321	-7.5651364326477
3	70680	4.51691022201	-4.7481055259705
3	70690	4.517185172928	-4.682774066925
3	70694	4.517868822972	-3.7791693210602
3	70701	4.518223726156	-4.7384190559387
3	70711	4.518858922841	-7.1684966087341
3	70721	4.519264152405	-8.3087244033813
3	70725	4.519854701604	-5.6051416397095
3	70732	4.520278655697	-7.3655362129211
3	70742	4.520819958829	-5.399827003479
3	70752	4.521271795209	-4.7082839012146
3	70756	4.52186129469	-7.8120322227478
3	70760	4.522253050927	-7.4787678718567
3	70776	4.522896266828	-2.8184101581573
3	70783	4.523231285699	-5.4788374900818
3	70787	4.523852278785	-7.2598547935486
3	70791	4.524227325463	-6.5541143417358
3	70801	4.52481629047	-7.2885799407959
3	70817	4.525261914501	-4.821298122406
3	70821	4.525856286604	-6.8872170448303
3	70828	4.526274955068	-6.3510546684265
3	70835	4.526857670223	-8.9324569702148
3	70848	4.527246149548	-7.9111247062683
3	70852	4.527861284978	-5.0063753128052
3	70859	4.528271218791	-3.5048031806946
3	70869	4.528835222605	-7.7934470176697
3	70876	4.529271944571	-3.416234254837
3	70883	4.529793082763	-6.3148941993713
3	70890	4.530292390463	-6.4922685623169
3	70900	4.530838484947	-7.0490794181824
3	70907	4.531243165485	-5.126049041748
3	70914	4.531887145081	-3.8248419761658
3	70921	4.532225730399	-6.011706829071
3	70931	4.532842658394	-4.2475709915161
3	70938	4.533217963322	-5.3386836051941
3	70945	4.533880995185	-7.9218611717224
3	70952	4.534244611151	-5.9827342033386
3	70962	4.5348781811	-6.1510248184204
3	70969	4.535293314298	-5.0494647026062
3	70976	4.535853086329	-3.9551920890808
3	70983	4.536284332506	-4.6860380172729
3	70993	4.536810130899	-5.4690928459167
3	71000	4.537310621329	-5.8541049957275
3	71007	4.537760887399	-8.1987981796265
3	71014	4.538341155805	-6.0008606910706
3	71024	4.538803664434	-7.7177886962891
3	71031	4.539370443302	-4.8878984451294
3	71038	4.53982581175	-5.324688911438
3	71045	4.540416603266	-5.8319382667542
3	71052	4.540809407149	-4.8657541275024
3	71062	4.541442876358	-5.6032552719116
3	71066	4.541762082801	-8.0742921829224
3	71079	4.542443261692	-5.1907587051392
3	71086	4.542748995828	-4.6890439987183
3	71093	4.543402261376	-5.3011865615845
3	71097	4.543795085307	-5.8057246208191
3	71104	4.544380370107	-8.3399868011475
3	71117	4.544758618813	-6.7942385673523
3	71127	4.545407200623	-5.3173184394836
3	71131	4.54572053757	-5.657341003418
3	71141	4.546449801601	-8.4893236160278
3	71151	4.546724881529	-6.8296403884888
3	71158	4.547489479244	-7.0659666061401
3	71162	4.547768496087	-3.6205043792725
3	71172	4.548528164092	-3.0481798648834
3	71185	4.548778419859	-7.4614253044128
3	71189	4.549523784595	-4.316650390625
3	71193	4.54973965139	-5.051016330719
3	71206	4.550542007806	-5.1190218925476
3	71213	4.550695253441	-5.4850053787231
3	71220	4.551543482738	-3.4411420822144
3	71224	4.551682689192	-4.3052325248718
3	71240	4.552502950352	-5.765718460083
3	71244	4.552685251042	-4.6875715255737
3	71251	4.553535903157	-7.0894918441772
3	71255	4.553674710193	-7.1649374961853
3	71274	4.554561547456	-3.9314568042755
3	71278	4.55470625509	-6.6168880462646
3	71282	4.555518347125	-5.0233187675476
3	71286	4.555683897241	-5.343101978302
3	71296	4.556516718209	-5.345112323761
3	71306	4.556670385924	-6.2639088630676
3	71313	4.557565145948	-7.4445281028748
3	71317	4.557661091316	-7.2653031349182
3	71330	4.558549624972	-4.3948264122009
3	71337	4.558649643133	-6.2580394744873
3	71344	4.559534104005	-5.5988416671753
3	71348	4.559616943634	-6.3748173713684
3	71361	4.560565440153	-8.2103290557861
3	71368	4.56064006855	-6.936408996582
3	71375	4.561593435881	-5.6970276832581
3	71379	4.561682568805	-6.1732301712036
3	71395	4.562598456538	-6.3040280342102
3	71399	4.562730826198	-5.6093740463257
3	71406	4.563608436819	-5.0133218765259
3	71410	4.563703011424	-7.0992970466614
3	71423	4.564566426065	-6.408408164978
3	71430	4.564683627566	-7.6200442314148
3	71440	4.565601926227	-5.0866332054138
3	71444	4.565634331391	-6.2321910858154
3	71457	4.566630045507	-5.3711628913879
3	71461	4.566636199573	-3.3810896873474
3	71471	4.567611390064	-5.6738657951355
3	71475	4.567616195317	-4.1860456466675
3	71491	4.568567100149	-7.3817977905273
3	71495	4.568628674207	-5.9334139823914
3	71502	4.56960041604	-4.976532459259
3	71506	4.569610553566	-3.9125018119812
3	71522	4.57061499017	-8.2732181549072
3	71526	4.570648429102	-6.7690091133118
3	71533	4.571646002044	-5.2433943748474
3	71537	4.571681563764	-6.1132845878601
3	71553	4.572657485913	-6.016505241394
3	71557	4.572702345946	-4.8755536079407
3	71564	4.573653773483	-3.5393822193146
3	71568	4.573674653154	-7.2517337799072
3	71584	4.574662114988	-4.6959524154663
3	71588	4.574686068128	-6.8147339820862
3	71595	4.575653659342	-8.2405691146851
3	71599	4.575654485668	-6.6891918182373
3	71615	4.576659293841	-6.2159352302551
3	71619	4.576696718519	-6.4279117584229
3	71626	4.577642599326	-3.7146465778351
3	71630	4.577727656305	-5.2919917106628
3	71646	4.578690549991	-9.104193687439
3	71650	4.578699623622	-5.2165150642395
3	71657	4.579655056431	-5.4224209785461
3	71661	4.579699408202	-6.469958782196
3	71674	4.580631368914	-5.7536797523499
3	71681	4.580698108374	-6.2232217788696
3	71688	4.581587378943	-5.21843957901
3	71692	4.581699718066	-5.7009410858154
3	71705	4.58256638846	-6.4669194221497
3	71712	4.582667011775	-4.8609437942505
3	71719	4.583595989606	-8.0475482940674
3	71726	4.583712786807	-5.3084535598755
3	71736	4.584561430404	-4.8074045181274
3	71743	4.584684829165	-6.0503964424133
3	71753	4.585559546494	-5.4078660011292
3	71763	4.585668046637	-4.3689513206482
3	71770	4.586529237884	-4.317455291748
3	71777	4.586673769575	-7.6146802902222
3	71787	4.587575202047	-5.4915494918823
3	71791	4.587632718244	-3.8186156749725
3	71804	4.588622628477	-5.0060524940491
3	71808	4.588659805933	-10.017029762268
3	71818	4.589640444554	-4.9221549034119
3	71822	4.589698005032	-4.7747092247009
3	71835	4.590685625062	-6.0362391471863
3	71839	4.59069408691	-7.6654524803162
3	71846	4.591694809683	-7.4536581039429
3	71850	4.59173680157	-6.5345196723938
3	71863	4.592706899268	-4.2873306274414
3	71867	4.592724225288	-4.648998260498
3	71880	4.593701500732	-4.9848027229309
3	71884	4.593724319097	-5.8563680648804
3	71894	4.594668536846	-7.3201608657837
3	71898	4.594676545144	-7.3076524734497
3	71908	4.595652261607	-5.3186869621277
3	71915	4.59571331426	-5.1037125587463
3	71925	4.596684136306	-4.0373320579529
3	71932	4.596705898542	-6.0688400268555
3	71942	4.597676336633	-7.1919469833374
3	71946	4.597750730591	-4.814368724823
3	71956	4.598689375183	-3.5034120082855
3	71960	4.598744862924	-4.6675744056702
3	71973	4.59971526709	-4.9927749633789
3	71977	4.599747054825	-8.0199413299561
3	71987	4.600705878763	-8.2106285095215
3	71991	4.600709952947	-3.7888190746307
3	72004	4.601695911408	-8.8923664093018
3	72008	4.601714762495	-2.5783965587616
3	72018	4.602673752105	-4.5146336555481
3	72022	4.602743111159	-4.8162035942078
3	72035	4.603644566581	-8.9825344085693
3	72039	4.603769567739	-4.3901314735413
3	72049	4.604655916805	-4.2630944252014
3	72053	4.604725637917	-4.515474319458
3	72069	4.605630480945	-4.3568849563599
3	72073	4.605692244214	-5.8951201438904
3	72083	4.606651405234	-6.174325466156
3	72087	4.606714470976	-4.2596216201782
3	72100	4.607670862257	-3.1905701160431
3	72104	4.607679879153	-9.3991374969482
3	72117	4.60867838557	-4.0841250419617
3	72121	4.608708998832	-4.1276073455811
3	72131	4.609651218857	-4.8458280563354
3	72135	4.609745350255	-7.0691013336182
3	72148	4.610615384126	-4.4985399246216
3	72152	4.610708397309	-6.7462019920349
3	72162	4.611648742813	-2.4260485172272
3	72166	4.6116836221	-3.9279248714447
3	72179	4.612627843223	-2.6725766658783
3	72183	4.612646498119	-4.6376934051514
3	72193	4.613653781915	-4.3887462615967
3	72197	4.613691143843	-4.2421011924744
3	72207	4.614618830085	-3.8320419788361
3	72214	4.61469702327	-5.9073438644409
3	72224	4.615627307741	-5.5827646255493
3	72228	4.615715992115	-6.7086482048035
3	72238	4.616593352329	-5.6247496604919
3	72242	4.616678685277	-3.2813100814819
3	72255	4.617576917092	-5.2121319770813
3	72259	4.617667950165	-3.139785528183
3	72269	4.618595909242	-5.1154828071594
3	72273	4.618678631295	-3.5804371833801
3	72286	4.619590109781	-5.4357018470764
3	72290	4.6196777224	-5.8182811737061
3	72300	4.620575788538	-4.8398289680481
3	72304	4.620716605591	-6.1074123382568
3	72317	4.621540115408	-4.5441737174988
3	72321	4.621743943448	-5.7892084121704
3	72331	4.6225243096	-3.5854089260101
3	72335	4.622719005935	-5.0830450057983
3	72348	4.623514881052	-5.4027905464172
3	72352	4.623747127351	-5.0000386238098
3	72362	4.624479639974	-4.1527962684631
3	72369	4.62473424653	-6.7971796989441
3	72379	4.625479934446	-8.0728979110718
3	72386	4.625687424686	-5.0815529823303
3	72396	4.626479858265	-3.6440758705139
3	72403	4.626710673137	-5.7801632881165
3	72407	4.627463477901	-8.7221822738647
3	72417	4.627697626685	-7.7796621322632
3	72430	4.628502037853	-4.6121845245361
3	72434	4.628738876413	-5.0834922790527
3	72441	4.629535431476	-7.2695517539978
3	72445	4.629720709538	-4.6036410331726
3	72461	4.630533223232	-5.8169131278992
3	72465	4.630671389376	-5.121018409729
3	72472	4.63157767241	-7.9217443466187
3	72476	4.631712887077	-5.2636971473694
3	72492	4.632608771418	-6.6088094711304
3	72496	4.632740972204	-7.8358707427979
3	72503	4.633625228407	-3.2039229869843
3	72507	4.633781782624	-5.8854274749756
3	72523	4.634635168794	-4.5586814880371
3	72527	4.634811826148	-5.7306170463562
3	72534	4.635640671382	-4.517861366272
3	72538	4.63577257534	-6.7170476913452
3	72554	4.636632385588	-6.1059947013855
3	72558	4.636786545263	-5.7272853851318
3	72565	4.637656601323	-4.527455329895
3	72572	4.637808550959	-6.2406888008118
3	72585	4.638663849368	-6.5176548957825
3	72589	4.638854866408	-4.4427876472473
3	72599	4.639708364326	-6.6103954315186
3	72603	4.639889678989	-5.3115210533142
3	72616	4.640725759269	-5.4910778999329
3	72620	4.64093703482	-4.8692812919617
3	72630	4.641713186917	-7.1453123092651
3	72634	4.64189227347	-6.0853424072266
3	72647	4.642718251773	-6.7760028839111
3	72651	4.642920719786	-5.6800665855408
3	72661	4.643755270086	-7.2656908035278
3	72668	4.64391452268	-6.4292640686035
3	72678	4.644775502356	-7.1494603157043
3	72682	4.644944787489	-5.2014675140381
3	72695	4.645815485296	-6.4029207229614
3	72702	4.645973861006	-7.433687210083
3	72712	4.646802538808	-6.5849404335022
3	72716	4.64695391788	-3.9002115726471
3	72726	4.647847146527	-4.0076503753662
3	72730	4.647956546032	-7.6222262382507
3	72743	4.648859152706	-6.8797097206116
3	72747	4.648976071424	-5.5101294517517
3	72757	4.649877385053	-5.7288646697998
3	72764	4.649936232414	-5.4157943725586
3	72774	4.650882817389	-6.4329857826233
3	72778	4.650933696695	-5.571186542511
3	72788	4.651875720816	-5.6924610137939
3	72792	4.651889133929	-4.7187185287476
3	72805	4.652919625117	-5.3952164649963
3	72809	4.652922084582	-7.7199068069458
3	72819	4.653932292774	-4.9995698928833
3	72823	4.653935567647	-6.41131067276
3	72836	4.654894005645	-3.7508873939514
3	72840	4.654896693229	-4.8067727088928
3	72850	4.655851807742	-7.230366230011
3	72854	4.655857356428	-4.9932675361633
3	72867	4.656809800198	-5.095874786377
3	72871	4.656885219777	-4.5823249816895
3	72881	4.657772128985	-5.4134082794189
3	72885	4.65787653308	-6.4759917259216
3	72898	4.658800444138	-4.1990327835083
3	72902	4.658880914779	-5.0214171409607
3	72912	4.659818240313	-5.2346234321594
3	72916	4.659891933013	-2.7480509281158
3	72929	4.660863376049	-4.6085042953491
3	72933	4.660891964665	-4.589430809021
3	72943	4.66185193774	-4.268828868866
3	72950	4.661938594171	-6.6061029434204
3	72960	4.662900259573	-5.170925617218
3	72964	4.66294345409	-3.9456236362457
3	72974	4.663896938449	-5.9938383102417
3	72981	4.663926724738	-4.8909764289856
3	72991	4.664898296312	-6.3262577056885
3	72995	4.664936632926	-5.3754167556763
3	73008	4.665873923708	-3.8331723213196
3	73012	4.66593006572	-6.4331088066101
3	73025	4.666921470836	-4.026930809021
3	73029	4.666933700155	-4.9126815795898
3	73042	4.667937114074	-5.5702891349792
3	73046	4.667969050132	-6.439567565918
3	73056	4.66893152618	-7.1951456069946
3	73060	4.668960225409	-5.9495358467102
3	73073	4.669953409922	-3.8953635692596
3	73077	4.669961218361	-4.8238592147827
3	73087	4.670942307461	-3.1424541473389
3	73091	4.670988669373	-9.3164911270142
3	73104	4.671986345747	-11.891357421875
3	73108	4.672036360698	-6.2118096351624
3	73118	4.672941000429	-7.9479389190674
3	73122	4.673083763371	-5.4632992744446
3	73135	4.673962446368	-4.486888885498
3	73139	4.674037231475	-6.1639943122864
3	73149	4.674927832372	-6.2031164169312
3	73153	4.675081795591	-5.2938413619995
3	73166	4.675913533487	-3.9374582767487
3	73170	4.676092563147	-4.8382534980774
3	73180	4.67693579441	-5.335244178772
3	73184	4.677140383978	-6.1550235748291
3	73194	4.677907601878	-6.2419595718384
3	73201	4.678132554182	-6.5380973815918
3	73211	4.678886878645	-5.1716246604919
3	73215	4.679129804859	-9.0443620681763
3	73225	4.679842306445	-3.7287993431091
3	73232	4.680158494885	-3.8084638118744
3	73242	4.680803019074	-5.4557023048401
3	73246	4.681113995304	-6.1230163574219
3	73256	4.681753502472	-6.4717154502869
3	73260	4.682157622178	-4.7073268890381
3	73273	4.68274382843	-6.0791101455688
3	73277	4.683164951439	-6.2904214859009
3	73287	4.68370814653	-5.6018195152283
3	73297	4.684193506766	-6.1064524650574
3	73304	4.684752031103	-3.3556976318359
3	73308	4.685204115251	-7.353374004364
3	73321	4.685758045202	-5.2592759132385
3	73325	4.686209995142	-5.3893456459045
3	73338	4.686725317509	-4.0421042442322
3	73342	4.687193103941	-8.3589515686035
3	73352	4.687726954254	-4.4029097557068
3	73356	4.688196798233	-5.4875526428223
3	73369	4.688704865981	-3.8189785480499
3	73373	4.689226110306	-9.9317407608032
3	73383	4.689749981883	-5.4559726715088
3	73387	4.690178119679	-4.4057598114014
3	73400	4.690787052472	-4.8731641769409
3	73404	4.691156478903	-6.9418444633484
3	73414	4.691822878925	-7.4255166053772
3	73418	4.692153483334	-7.9895830154419
3	73431	4.692787485434	-4.4198532104492
3	73435	4.69314675256	-8.7908506393433
3	73445	4.693810325306	-2.8873336315155
3	73449	4.694169114567	-5.6905632019043
3	73462	4.694849510198	-8.6056890487671
3	73466	4.695176654708	-7.787392616272
3	73476	4.69582178264	-5.0689625740051
3	73480	4.696177770743	-4.200514793396
3	73493	4.69679087724	-5.5056567192078
3	73497	4.697136079669	-6.1240949630737
3	73507	4.697784056331	-4.6660633087158
3	73511	4.698179772677	-5.0216498374939
3	73524	4.698791067902	-6.889696598053
3	73528	4.699205392377	-5.4714641571045
3	73538	4.699831011109	-3.4476444721222
3	73542	4.700182693286	-3.6858658790588
3	73555	4.700784882474	-8.3819494247437
3	73559	4.701166642316	-5.4813680648804
3	73569	4.701811553568	-7.3790030479431
3	73573	4.702203743022	-8.4150714874268
3	73586	4.702832770582	-5.6578540802002
3	73590	4.703211472702	-5.6367688179016
3	73600	4.703867719478	-8.2560358047485
3	73604	4.704166723418	-7.8291401863098
3	73617	4.704881101829	-6.6722598075867
3	73621	4.705185640857	-4.0887179374695
3	73634	4.705837476508	-3.3549139499664
3	73638	4.706146270816	-6.5037660598755
3	73651	4.70683579086	-4.5814905166626
3	73658	4.707154762839	-6.626296043396
3	73665	4.707800801359	-4.5120725631714
3	73669	4.708108942331	-3.8576340675354
3	73682	4.708770649934	-5.5650172233582
3	73692	4.709105611302	-2.5636200904846
3	73696	4.70976244593	-5.132981300354
3	73700	4.7100966929	-6.6094546318054
3	73713	4.7107369979	-3.6039986610413
3	73720	4.711101781616	-2.0469124317169
3	73727	4.711765863291	-8.5306167602539
3	73731	4.712077257943	-4.4969172477722
3	73744	4.712760585234	-5.963107585907
3	73748	4.713033543256	-5.08913230896
3	73758	4.713734143801	-7.1108245849609
3	73762	4.714024555722	-4.7841486930847
3	73772	4.714718640656	-7.2687764167786
3	73782	4.715026832253	-8.2021102905273
3	73789	4.71569123092	-2.8690588474274
3	73793	4.71602469175	-4.3110432624817
3	73800	4.716729232355	-3.7094519138336
3	73810	4.717019133339	-5.3063945770264
3	73820	4.717760374353	-3.1072483062744
3	73824	4.718022088947	-10.483266830444
3	73834	4.718785925578	-6.5913362503052
3	73841	4.719029960462	-7.1842498779297
3	73851	4.719746629866	-6.3100757598877
3	73855	4.719986060374	-5.3130249977112
3	73862	4.720742175546	-5.9473471641541
3	73872	4.72094998464	-6.9221196174622
3	73882	4.721727622535	-5.845413684845
3	73886	4.721965612777	-8.3749914169312
3	73896	4.722740220052	-3.3869581222534
3	73906	4.722962257536	-5.962794303894
3	73913	4.723769308916	-6.5914421081543
3	73917	4.723972091075	-6.2469606399536
3	73924	4.72472072016	-4.3215851783752
3	73934	4.72496547922	-4.9058675765991
3	73947	4.725685356373	-6.6406321525574
3	73951	4.72598536436	-8.8365793228149
3	73958	4.726662634203	-8.506178855896
3	73965	4.726961482804	-6.2439117431641
3	73978	4.727659555739	-4.3141756057739
3	73982	4.727937756642	-3.9247660636902
3	73989	4.728702083757	-6.8570628166199
3	74002	4.728959935067	-3.8162658214569
3	74009	4.729751491348	-3.6775691509247
3	74013	4.729935296028	-6.8741421699524
3	74023	4.730771174818	-5.2923979759216
3	74030	4.73090310954	-6.0670657157898
3	74040	4.731798753473	-4.1986012458801
3	74044	4.731917354366	-6.9692578315735
3	74057	4.732825288736	-6.0583744049072
3	74061	4.732917923327	-4.8059730529785
3	74071	4.733858096912	-6.4279227256775
3	74075	4.733895168623	-7.4393320083618
3	74082	4.734814320501	-4.8534879684448
3	74092	4.734894327294	-3.9456596374512
3	74102	4.735836338055	-6.9623498916626
3	74106	4.735919191356	-4.7292327880859
3	74113	4.7368729426	-4.0760612487793
3	74117	4.736893413986	-5.1300358772278
3	74133	4.737873830116	-5.1418128013611
3	74137	4.737879885323	-2.7895250320435
3	74147	4.738840797724	-4.7416701316833
3	74154	4.738895200507	-8.5100288391113
3	74164	4.739861135504	-5.5046434402466
3	74168	4.739861197793	-5.0143713951111
3	74175	4.740867236827	-6.3391466140747
3	74179	4.740877498299	-5.4452910423279
3	74195	4.741868687959	-5.9438486099243
3	74199	4.741914845061	-5.8890662193298
3	74209	4.742852036974	-5.458936214447
3	74213	4.742906635962	-4.0041942596436
3	74226	4.743834151057	-6.9249129295349
3	74230	4.743941189069	-5.1746649742126
3	74237	4.744850365959	-6.9885110855103
3	74244	4.744892261286	-5.2619433403015
3	74260	4.745811777837	-6.4704456329346
3	74264	4.745936340238	-6.1252760887146
3	74271	4.746774750597	-7.1038928031921
3	74278	4.746976911949	-5.5865840911865
3	74291	4.747747373465	-4.6715121269226
3	74295	4.747970353564	-4.0630855560303
3	74302	4.748755176221	-4.0154085159302
3	74312	4.748997309652	-5.5800638198853
3	74322	4.749791391299	-5.3770408630371
3	74328	4.750020570599	-5.3190183639526
3	74338	4.750771872216	-6.1097989082336
3	74345	4.750991907375	-6.1712880134583
3	74355	4.751819782945	-7.4299478530884
3	74359	4.752020296539	-6.7728281021118
3	74369	4.752855786103	-4.2048892974854
3	74373	4.752972597138	-6.7877717018127
3	74386	4.753894247138	-2.6606526374817
3	74390	4.753936652619	-7.3432493209839
3	74400	4.754887132867	-4.4621000289917
3	74404	4.754943655211	-4.634521484375
3	74417	4.75591049827	-6.2713050842285
3	74421	4.755964619253	-3.7576169967651
3	74428	4.756916483738	-6.3970770835876
3	74435	4.756971101376	-7.4224338531494
3	74448	4.757869830424	-4.9453635215759
3	74452	4.757934589027	-5.5657687187195
3	74462	4.758866101845	-5.7701878547668
3	74466	4.758913842179	-5.1855063438416
3	74479	4.759880010483	-5.9191226959229
3	74483	4.759896439174	-4.5157351493835
3	74493	4.760896527142	-7.3058085441589
3	74497	4.760935507651	-6.8232264518738
3	74510	4.761907141105	-5.1920804977417
3	74514	4.761963651873	-8.109504699707
3	74521	4.762930367551	-3.2521557807922
3	74525	4.762952932403	-5.5934901237488
3	74541	4.763950928854	-5.9772930145264
3	74545	4.763962408168	-5.6817941665649
3	74552	4.764927597763	-4.8893752098083
3	74556	4.764972242893	-6.127094745636
3	74572	4.765922636003	-4.1721186637878
3	74579	4.766014978311	-4.5062136650085
3	74586	4.766904887991	-5.6126642227173
3	74590	4.767007867918	-7.2194776535034
3	74606	4.767896133749	-4.4065828323364
3	74610	4.768036903731	-6.3841571807861
3	74617	4.768912527759	-6.7595300674438
3	74624	4.769031498568	-4.2285838127136
3	74637	4.769956130524	-5.4129409790039
3	74641	4.770027241284	-6.4085545539856
3	74654	4.770996106739	-4.6796898841858
3	74658	4.771013403057	-4.5236315727234
3	74668	4.772030610185	-5.1165828704834
3	74672	4.772040512027	-5.5676484107971
3	74685	4.773044613381	-3.4618320465088
3	74689	4.773074634971	-6.4707264900208
3	74699	4.774031844103	-4.5702872276306
3	74703	4.774080055726	-3.7752878665924
3	74713	4.775024369193	-3.1491546630859
3	74717	4.775058659343	-4.0976476669312
3	74730	4.776011102449	-6.5778708457947
3	74734	4.776062428536	-8.3401479721069
3	74741	4.776985811924	-4.8899278640747
3	74751	4.777037637474	-5.7910628318787
3	74761	4.77796766058	-4.9952502250671
3	74765	4.778052828395	-6.9053058624268
3	74778	4.778999950151	-5.4546508789062
3	74782	4.779082783241	-6.7339301109314
3	74792	4.779954690246	-5.4352221488953
3	74796	4.780052592877	-3.3356971740723
3	74806	4.780979531436	-3.4333715438843
3	74810	4.781042651649	-6.3603849411011
3	74823	4.781968587373	-4.3576331138611
3	74827	4.782037869312	-4.9627494812012
3	74837	4.78299249311	-4.1370215415955
3	74841	4.783023160988	-5.6841340065002
3	74854	4.783962169719	-4.2648944854736
3	74858	4.783978069104	-5.1297941207886
3	74868	4.784957423239	-4.5479836463928
3	74872	4.785009715379	-6.1775584220886
3	74888	4.785956174099	-5.0457029342651
3	74892	4.785980924733	-6.0557594299316
3	74902	4.78692039617	-3.9202880859375
3	74906	4.786949811166	-6.8573832511902
3	74919	4.787959470468	-4.3824195861816
3	74923	4.787973459149	-3.8318810462952
3	74933	4.788992023307	-7.0151562690735
3	74937	4.789004630419	-4.2317728996277
3	74950	4.789953597771	-5.463493347168
3	74954	4.789980393273	-3.1193714141846
3	74964	4.790979980983	-4.2411231994629
3	74968	4.791001025691	-9.1601104736328
3	74981	4.791997107673	-4.9234309196472
3	74985	4.791998005734	-7.3348755836487
3	74995	4.793010402693	-6.2887516021729
3	74999	4.793043459135	-6.5034041404724
3	75012	4.794023868191	-3.6953430175781
3	75016	4.794046810922	-4.7791223526001
3	75026	4.794988979822	-4.2905488014221
3	75030	4.795026325536	-5.788369178772
3	75043	4.79595630716	-5.9171209335327
3	75047	4.795981029223	-7.8705973625183
3	75057	4.796946358548	-5.7565765380859
3	75061	4.797002479063	-5.6584229469299
3	75074	4.797948776374	-5.905571937561
3	75081	4.798000021643	-4.4049453735352
3	75088	4.798972873975	-6.6665477752686
3	75092	4.798980029444	-6.4834156036377
3	75105	4.799946513909	-3.2593972682953
3	75115	4.800014788527	-3.5204691886902
3	75119	4.800944433763	-5.3968057632446
3	75123	4.801008071186	-6.0957102775574
3	75136	4.801955495094	-4.5241799354553
3	75143	4.801972618338	-4.1571202278137
3	75150	4.802947949673	-5.2829451560974
3	75154	4.802967115068	-4.520975112915
3	75170	4.803920388241	-5.3605089187622
3	75177	4.803978897291	-4.4874396324158
3	75181	4.804953093423	-5.9226856231689
3	75185	4.805000201937	-6.91082239151
3	75207	4.805981760786	-5.2204990386963
3	75211	4.805989932714	-4.9892778396606
3	75215	4.806951686731	-7.3576393127441
3	75219	4.80703019257	-5.7127990722656
3	75238	4.807998629554	-5.5470633506775
3	75242	4.808004594481	-7.531641960144
3	75246	4.809020975127	-6.7459383010864
3	75250	4.80902758982	-6.7819437980652
3	75269	4.810044654716	-6.1731071472168
3	75273	4.810066107537	-5.4427175521851
3	75277	4.811018231347	-4.0404200553894
3	75281	4.811041693021	-5.4074196815491
3	75300	4.812029334188	-2.5690407752991
3	75304	4.812067815894	-5.7496814727783
3	75311	4.813003347469	-5.1798219680786
3	75315	4.813084763237	-5.8096618652344
3	75331	4.81404053652	-5.1678094863892
3	75335	4.814048187083	-7.3409109115601
3	75342	4.815024973742	-7.8716969490051
3	75346	4.815088050004	-7.0786209106445
3	75362	4.815983975145	-3.4522371292114
3	75366	4.816069297426	-7.5497279167175
3	75373	4.817001195199	-4.8468618392944
3	75377	4.817115830243	-9.6607151031494
3	75393	4.817974610231	-4.8942685127258
3	75397	4.818136381087	-4.8570580482483
3	75401	4.818966308566	-4.9348587989807
3	75408	4.819127873899	-9.2058763504028
3	75424	4.819971300719	-4.7494626045227
3	75428	4.82010257799	-8.9162311553955
3	75432	4.821014907256	-5.5439043045044
3	75442	4.821136685195	-9.1693811416626
3	75455	4.821985634562	-5.7089171409607
3	75459	4.822147982145	-3.8602113723755
3	75466	4.822982360956	-4.2755227088928
3	75470	4.823119129476	-5.5554871559143
3	75483	4.823937140921	-5.2720670700073
3	75490	4.824117914855	-6.3546509742737
3	75497	4.824962875994	-5.1310720443726
3	75507	4.825140711385	-5.1675314903259
3	75514	4.825934338704	-4.0010504722595
3	75524	4.826189452773	-6.9913039207458
3	75531	4.826907440039	-5.8534593582153
3	75538	4.827181169504	-6.1859760284424
3	75548	4.827954909478	-3.2410702705383
3	75555	4.828156347979	-4.2168569564819
3	75565	4.828981486613	-5.2691431045532
3	75569	4.829175012452	-4.7742810249329
3	75579	4.829934780685	-6.0105113983154
3	75586	4.830138481924	-7.1805748939514
3	75593	4.830914619798	-8.3466024398804
3	75600	4.831141940128	-4.9389834403992
3	75610	4.831875027174	-5.4169807434082
3	75617	4.832094433852	-5.6432075500488
3	75627	4.832906567737	-4.3213820457458
3	75631	4.833047312441	-5.3899774551392
3	75641	4.833912891611	-4.976683139801
3	75648	4.834071633236	-7.4759178161621
3	75658	4.834910981073	-6.7381792068481
3	75662	4.835099180272	-6.2352900505066
3	75672	4.835941055602	-4.7438778877258
3	75676	4.83612730232	-8.3928308486938
3	75689	4.836903389158	-5.0459933280945
3	75693	4.837156081284	-6.0981364250183
3	75703	4.837903886307	-4.8795456886292
3	75710	4.838157972073	-5.247287273407
3	75720	4.83889301322	-6.839629650116
3	75724	4.839108587172	-6.1830892562866
3	75734	4.839933145136	-6.3076505661011
3	75738	4.840076015316	-7.9168319702148
3	75751	4.840951186981	-7.4927492141724
3	75755	4.841120853388	-3.2047770023346
3	75765	4.841949771428	-6.0455470085144
3	75769	4.842133871254	-5.7948808670044
3	75782	4.842968679115	-7.0461511611938
3	75786	4.843109520711	-6.2018632888794
3	75796	4.843926399635	-4.7632875442505
3	75800	4.844097206327	-7.2818388938904
3	75816	4.844968661857	-4.7675290107727
3	75820	4.845108574469	-5.1799364089966
3	75830	4.845984184773	-4.6340155601501
3	75834	4.846085192488	-5.5585513114929
3	75847	4.847017345709	-6.3243918418884
3	75851	4.847048344944	-6.1870226860046
3	75861	4.848002583171	-4.7811942100525
3	75865	4.848046375842	-5.7046647071838
3	75878	4.848960216163	-8.8742685317993
3	75882	4.848997744015	-5.3057470321655
3	75892	4.84998865675	-5.8672919273376
3	75896	4.850004193987	-6.8000888824463
3	75909	4.850966864578	-3.6672425270081
3	75913	4.851035203015	-6.0528807640076
3	75923	4.851919815801	-6.4178590774536
3	75927	4.852045034751	-6.5051460266113
3	75937	4.852884595384	-7.1592445373535
3	75944	4.85308107386	-8.1155376434326
3	75954	4.853896365148	-7.75856590271
3	75958	4.85403911974	-3.8561060428619
3	75968	4.854890506568	-6.9127960205078
3	75975	4.855035213598	-8.3892488479614
3	75985	4.855877723933	-4.0903868675232
3	75989	4.856013520113	-9.3478889465332
3	75999	4.856836916278	-4.1987738609314
3	76006	4.856981593614	-5.8506145477295
3	76016	4.857830031522	-3.8024713993073
3	76023	4.858031232384	-3.2419028282166
3	76030	4.85883208606	-6.3521423339844
3	76037	4.858990453076	-5.3968567848206
3	76047	4.859783684393	-5.3856801986694
3	76054	4.85996650834	-7.2459120750427
3	76061	4.860784572893	-5.2781643867493
3	76068	4.860948482765	-5.8314561843872
3	76081	4.861783580542	-3.9812109470367
3	76085	4.861904834489	-7.1715321540833
3	76092	4.862793977932	-5.4958081245422
3	76096	4.86285605738	-6.8105597496033
3	76109	4.86382642323	-5.7839674949646
3	76113	4.863839073621	-3.6267831325531
3	76129	4.864803305259	-8.1444787979126
3	76133	4.864818682307	-3.8403739929199
3	76143	4.865761532381	-2.9782297611237
3	76147	4.865807748769	-3.8057904243469
3	76160	4.866761526524	-4.2852239608765
3	76164	4.866780973622	-4.4423956871033
3	76174	4.867750195193	-7.5412020683289
3	76178	4.867777876006	-5.1792402267456
3	76191	4.868713752289	-6.2070374488831
3	76195	4.868740599713	-3.6358547210693
3	76205	4.869705848952	-7.2999286651611
3	76209	4.869752702505	-4.8431801795959
3	76219	4.870698900508	-4.2373185157776
3	76223	4.870715420447	-7.7242980003357
3	76236	4.871689756045	-6.6824293136597
3	76240	4.871713697541	-5.132447719574
3	76250	4.87268126314	-9.2845020294189
3	76257	4.87269945496	-4.2783536911011
3	76267	4.873639458101	-5.5281043052673
3	76271	4.873684698331	-5.1958556175232
3	76284	4.874643431694	-5.6689314842224
3	76288	4.874658344238	-2.9538567066193
3	76298	4.875602633996	-6.480082988739
3	76302	4.87562043302	-7.0807967185974
3	76315	4.876612970481	-4.0993118286133
3	76319	4.876661503514	-4.5462441444397
3	76329	4.877612286632	-3.0428302288055
3	76333	4.877651357149	-6.9748153686523
3	76346	4.878599283339	-3.3889064788818
3	76350	4.87868015403	-3.5496335029602
3	76360	4.879642817455	-5.7149257659912
3	76364	4.879695358956	-4.6033401489258
3	76377	4.880657138683	-5.6802549362183
3	76381	4.880736769852	-4.3962731361389
3	76391	4.881664546768	-5.0309586524963
3	76395	4.881704114511	-8.3248472213745
3	76408	4.882642987756	-6.6195001602173
3	76412	4.882710762063	-6.0439491271973
3	76422	4.883598687452	-6.018949508667
3	76426	4.883757630201	-6.9065504074097
3	76442	4.884602855625	-5.8281998634338
3	76446	4.884759166145	-6.5325951576233
3	76456	4.885632643972	-3.8256595134735
3	76460	4.885766314293	-8.5377798080444
3	76470	4.886595999692	-5.9985103607178
3	76477	4.886777300888	-6.0678472518921
3	76487	4.887595417508	-6.2349586486816
3	76491	4.887728317477	-6.2158451080322
3	76501	4.888575019655	-4.1461338996887
3	76508	4.888764549466	-7.4168510437012
3	76518	4.889581280878	-6.4078211784363
3	76522	4.889716896676	-5.7288208007812
3	76532	4.890573471737	-5.5433893203735
3	76539	4.890766391995	-5.5610332489014
3	76549	4.8915282247	-6.7135949134827
3	76553	4.891784150349	-4.8415274620056
3	76560	4.892536426417	-8.1274480819702
3	76570	4.892813644729	-5.3558468818665
3	76580	4.893560318963	-5.4774985313416
3	76584	4.893862423228	-4.5069508552551
3	76594	4.894526644004	-6.3656935691833
3	76601	4.894826105938	-6.6846442222595
3	76611	4.895491422937	-5.2324666976929
3	76615	4.895845987642	-5.1012725830078
3	76625	4.896518710973	-4.1572637557983
3	76632	4.896804327736	-5.755672454834
3	76642	4.897555657268	-7.0941271781921
3	76646	4.897844413754	-5.6550521850586
3	76656	4.898522117729	-6.9727306365967
3	76663	4.898874801542	-4.3847808837891
3	76673	4.899571554785	-5.6661858558655
3	76680	4.899901949163	-5.2913446426392
3	76690	4.900578163828	-5.9882860183716
3	76694	4.900937646358	-5.8038949966431
3	76704	4.901606608083	-8.5775594711304
3	76711	4.901972961783	-4.0860815048218
3	76721	4.902605981159	-4.4532661437988
3	76725	4.902972384248	-4.1783757209778
3	76735	4.903623657663	-9.0766973495483
3	76742	4.903936272743	-3.7576334476471
3	76755	4.904628057529	-4.8255300521851
3	76762	4.904972656261	-8.0473337173462
3	76769	4.905636315737	-4.3297562599182
3	76776	4.90593818707	-6.3376884460449
3	76786	4.906616863608	-6.5275278091431
3	76790	4.906927746382	-4.0285873413086
3	76800	4.907661931121	-5.0676646232605
3	76807	4.907973963326	-3.8822884559631
3	76814	4.90862378133	-6.5406808853149
3	76821	4.9090063232	-8.7016353607178
3	76831	4.909609788677	-7.4151315689087
3	76838	4.909959389504	-5.9358057975769
3	76842	4.910644940569	-6.8768906593323
3	76852	4.91098063841	-4.8605508804321
3	76862	4.911684281724	-6.014003276825
3	76869	4.911937522455	-3.5894906520844
3	76876	4.912689869588	-7.6221814155579
3	76880	4.912980309336	-7.8512868881226
3	76893	4.913727951324	-3.9792790412903
3	76900	4.913983244648	-6.8990716934204
3	76907	4.914740735015	-5.8571057319641
3	76914	4.915007533998	-6.9325675964355
3	76924	4.915720017213	-8.5042991638184
3	76931	4.915974191962	-5.8206281661987
3	76938	4.916753963243	-8.8979139328003
3	76945	4.917003459103	-6.226948261261
3	76955	4.917800309864	-9.7921285629272
3	76962	4.9179744046	-5.124237537384
3	76969	4.918830748169	-4.7656154632568
3	76976	4.918926449448	-4.4926543235779
3	76989	4.919876338502	-4.404025554657
3	76993	4.919900505195	-3.9795398712158
3	77003	4.920890652458	-3.3372809886932
3	77007	4.920913539323	-6.0337672233582
3	77020	4.921920992372	-4.2784600257874
3	77024	4.921945895056	-5.9447083473206
3	77034	4.922937777555	-7.2400555610657
3	77038	4.92295175092	-7.4388828277588
3	77051	4.923970505266	-6.4608988761902
3	77055	4.923976060964	-7.3201684951782
3	77068	4.925003664266	-5.4515523910522
3	77072	4.925016894333	-4.4128336906433
3	77085	4.926009938899	-4.1194586753845
3	77089	4.926044063889	-3.7368683815002
3	77096	4.926991495074	-5.718964099884
3	77103	4.927033205592	-6.9665026664734
3	77116	4.927992309531	-5.8039770126343
3	77120	4.928037867946	-4.0167164802551
3	77127	4.929014793179	-6.308331489563
3	77131	4.929054374674	-6.0500683784485
3	77147	4.930034331449	-7.5475196838379
3	77151	4.930077367531	-7.3429145812988
3	77158	4.931019052045	-7.4946732521057
3	77165	4.931109711728	-7.2652192115784
3	77178	4.931993810938	-7.3909254074097
3	77182	4.932097551138	-6.1101236343384
3	77192	4.933016490105	-7.4703059196472
3	77196	4.933094607108	-7.5864090919495
3	77209	4.93404402762	-7.0349459648132
3	77213	4.934045475058	-5.1204657554626
3	77223	4.935010462557	-6.5261425971985
3	77227	4.935036722903	-8.7446298599243
3	77240	4.93602756319	-7.5500807762146
3	77244	4.936035926905	-3.1218674182892
3	77254	4.937005802229	-4.1215028762817
3	77258	4.937056914934	-4.3494625091553
3	77271	4.937983586198	-4.6883435249329
3	77275	4.938087425291	-6.8780884742737
3	77285	4.939022973459	-7.3066396713257
3	77289	4.93908170216	-6.7409892082214
3	77302	4.940035635084	-4.7281246185303
3	77306	4.940120018884	-4.6546058654785
3	77316	4.941024083584	-5.9020109176636
3	77320	4.94112333011	-4.7258472442627
3	77333	4.942070009725	-4.0732536315918
3	77337	4.942131966825	-5.3541646003723
3	77347	4.943032094151	-3.1789109706879
3	77351	4.943113402531	-4.9413647651672
3	77364	4.944010959807	-4.3391075134277
3	77368	4.944145850349	-7.5999612808228
3	77375	4.944961346051	-4.9043626785278
3	77385	4.945147313576	-8.1417627334595
3	77398	4.945961723974	-4.7656846046448
3	77402	4.946157357394	-7.0543651580811
3	77409	4.946970256616	-4.0450992584229
3	77419	4.947156391039	-6.0826778411865
3	77429	4.947920634908	-6.4111375808716
3	77433	4.948107068055	-5.6805210113525
3	77440	4.948961075586	-5.6525926589966
3	77447	4.949131604349	-6.8362035751343
3	77460	4.949947801115	-3.8088064193726
3	77464	4.950179640156	-9.8896741867065
3	77474	4.950984847543	-5.7784314155579
3	77478	4.951176786523	-4.9132804870605
3	77491	4.952020567095	-6.1132221221924
3	77495	4.952165205728	-6.6241707801819
3	77502	4.952991487547	-5.3227024078369
3	77509	4.953198146478	-5.5864496231079
3	77522	4.953981526313	-2.7380814552307
3	77526	4.954234528987	-7.2926826477051
3	77533	4.954992379388	-2.9861607551575
3	77540	4.955282726397	-4.6250982284546
3	77553	4.956022137408	-5.4663705825806
3	77557	4.956329466916	-7.3340578079224
3	77564	4.957000307584	-7.1240701675415
3	77571	4.957378469949	-4.3071446418762
3	77584	4.957963625811	-6.2368068695068
3	77588	4.958349513383	-7.9444780349731
3	77595	4.958978831948	-5.3557739257812
3	77602	4.959337159452	-5.4011549949646
3	77615	4.959936051468	-3.0433850288391
3	77619	4.96038318629	-6.5143966674805
3	77626	4.960983628632	-6.0017056465149
3	77633	4.961350742004	-5.1628103256226
3	77646	4.962023079458	-10.374893188477
3	77653	4.962302878681	-7.6386275291443
3	77657	4.963006349901	-6.9938564300537
3	77661	4.963267958458	-3.8368146419525
3	77677	4.964053493203	-5.0907783508301
3	77681	4.964305826011	-4.4952006340027
3	77688	4.965040166903	-5.5788350105286
3	77698	4.965352371964	-7.6721801757812
3	77711	4.966064531804	-2.9998023509979
3	77715	4.966337239581	-7.4864730834961
3	77722	4.967034870485	-7.6188383102417
3	77729	4.967296200625	-5.4792442321777
3	77742	4.968030728714	-4.1544542312622
3	77746	4.968312678622	-7.4586458206177
3	77753	4.969059967946	-5.562659740448
3	77760	4.969348012702	-4.4025654792786
3	77773	4.970033275566	-4.783417224884
3	77777	4.970324031072	-2.5476467609406
3	77784	4.971046284421	-4.0867428779602
3	77791	4.971334407901	-7.9221243858337
3	77801	4.972039689304	-8.58775806427
3	77808	4.972370516511	-4.3449516296387
3	77815	4.973046049493	-5.8089542388916
3	77822	4.973405164314	-4.7860431671143
3	77835	4.974030773804	-5.6213464736938
3	77842	4.974424505734	-6.2565522193909
3	77846	4.97499843502	-3.7572910785675
3	77853	4.975418997854	-5.0151243209839
3	77863	4.975980626887	-7.1819152832031
3	77873	4.976382910127	-4.7848191261292
3	77877	4.976971608287	-6.2839794158936
3	77881	4.97734179636	-9.6907567977905
3	77894	4.977973480248	-5.3428506851196
3	77904	4.978319283592	-3.505678653717
3	77908	4.979012917594	-6.3975114822388
3	77912	4.979319689092	-4.195662021637
3	77928	4.980040275472	-6.1144189834595
3	77935	4.980282383664	-5.1414909362793
3	77939	4.981026073709	-4.1337385177612
3	77943	4.981310995751	-5.1402492523193
3	77959	4.98200103231	-4.424693107605
3	77963	4.982321494121	-3.3191821575165
3	77970	4.983042349262	-4.8885827064514
3	77977	4.983360800769	-4.0500874519348
3	77990	4.984025717943	-3.3247358798981
3	77997	4.984330569828	-4.7429981231689
3	78001	4.985026743268	-3.8030691146851
3	78005	4.985345581548	-6.6115956306458
3	78024	4.985997767023	-3.6402542591095
3	78028	4.986347276278	-7.0789737701416
3	78035	4.987044025869	-5.5879421234131
3	78039	4.98732181114	-6.1575345993042
3	78055	4.988068912187	-3.7918870449066
3	78059	4.988296446165	-4.3016338348389
3	78066	4.989060117809	-3.2649028301239
3	78070	4.98928617429	-6.9608325958252
3	78086	4.990032877484	-6.7804799079895
3	78090	4.99026907831	-3.7581140995026
3	78097	4.991047928245	-4.9996457099915
3	78101	4.991278445138	-5.5759806632996
3	78117	4.992059635008	-5.3173027038574
3	78121	4.992292470069	-8.2156620025635
3	78128	4.993096549349	-2.9407370090485
3	78132	4.993305926382	-8.2110252380371
3	78148	4.994140787947	-4.7820982933044
3	78152	4.994334034676	-7.0201106071472
3	78159	4.995189339946	-4.9859962463379
3	78163	4.995370150817	-9.4186391830444
3	78179	4.996203309017	-4.8165292739868
3	78183	4.996335636406	-5.0331826210022
3	78190	4.997154340148	-11.790907859802
3	78194	4.99736373807	-5.9861922264099
3	78210	4.998138339305	-7.3358273506165
3	78217	4.998396363798	-6.1447520256042
3	78221	4.999088907894	-5.1456737518311
3	78225	4.999408086347	-4.5818433761597
4	15641	1.000444026651	1.7404654318046e-05
4	15645	1.000726828724	4.4362601221244e-07
4	15655	1.001465320605	0.00019528198489864
4	15662	1.00176021378	1.9622336354256e-08
4	15672	1.002497555887	5.5498240708612e-05
4	15676	1.002782608517	9.3787680065959e-07
4	15689	1.003500313137	6.1168412551431e-05
4	15696	1.003801927895	2.9635484170186e-06
4	15706	1.004548131313	4.6504412007922e-05
4	15710	1.004753394101	1.6510673325895e-05
4	15720	1.005588823268	0.00022999805906977
4	15727	1.005731272481	1.7562266019698e-06
4	15737	1.006623261643	9.048818163613e-07
4	15741	1.006721475457	1.3912772967257e-07
4	15751	1.007595822072	5.2636560954176e-05
4	15755	1.007739443523	2.7048632277761e-06
4	15768	1.008578061559	5.4728068165287e-07
4	15772	1.008729971328	8.9179902429992e-07
4	15782	1.009551716284	6.4244333668546e-06
4	15792	1.009779936821	8.8340477514452e-08
4	15799	1.010558637816	0.0011117671894122
4	15803	1.010790283442	1.7405764645186e-06
4	15813	1.011580716182	1.9892979446679e-05
4	15817	1.011762655087	2.4065104117097e-05
4	15830	1.01254714357	5.2370911304797e-07
4	15834	1.012809192031	1.819094731756e-06
4	15844	1.013563830623	5.382727745554e-06
4	15854	1.013809582808	9.5144253658274e-05
4	15861	1.014577133032	0.0016943063916098
4	15865	1.014783264602	1.2312138905683e-05
4	15881	1.015619903366	2.957329446378e-07
4	15888	1.015807143619	2.3335061568445e-05
4	15892	1.016647496672	1.7119531836762e-07
4	15896	1.016820081959	2.0662597358216e-06
4	15912	1.017658420923	5.7599116710745e-05
4	15919	1.017809444936	5.3323832702048e-07
4	15923	1.018641412645	0.0001138983211192
4	15927	1.018806397626	1.2934814091429e-05
4	15943	1.019620156104	4.421267893535e-06
4	15947	1.0198038535	8.461234760939e-06
4	15954	1.020647880285	1.604670791577e-06
4	15958	1.020798694843	3.2620349987455e-05
4	15974	1.021663459181	0.00033328703362048
4	15981	1.021839826804	0.0001794930519251
4	15985	1.022711368405	0.0035036049752375
4	15989	1.022874321621	1.7590441959455e-05
4	16008	1.023698861623	2.2437020834388e-05
4	16015	1.023913509676	0.00012561641629629
4	16019	1.024687606127	0.00031733962228004
4	16023	1.024962621473	5.8361935089501e-06
4	16039	1.025727845305	1.5354253423912e-06
4	16046	1.025956332646	0.0002772815416855
4	16050	1.026703951337	0.00080473288480107
4	16054	1.026919440877	2.2046411278937e-05
4	16070	1.027689673383	2.3862421381879e-05
4	16074	1.02793547545	2.1102807778719e-06
4	16081	1.028734056585	2.2013227011309e-08
4	16085	1.028933651251	1.5842790894182e-05
4	16101	1.029695537468	1.2046307869863e-10
4	16105	1.029883939747	2.647819181006e-05
4	16112	1.03066414199	0.00032857956515805
4	16116	1.030891563248	2.455855681446e-05
4	16129	1.031691791588	5.772052139678e-06
4	16139	1.031933241468	7.8109171568959e-07
4	16143	1.032688191487	9.5920769835639e-06
4	16147	1.032928388018	3.5661791687839e-07
4	16160	1.033725983213	9.795768431241e-06
4	16167	1.033896199508	1.128474023144e-05
4	16174	1.034736803145	6.8370753992908e-06
4	16178	1.034872906162	3.1490918095781e-05
4	16191	1.035737036989	0.00060060049954859
4	16198	1.035895820781	5.7949194972055e-06
4	16205	1.036757851128	0.00085537721245099
4	16209	1.036942317164	0.00025911031593192
4	16225	1.037733948257	0.0019271445917715
4	16229	1.037919650258	7.1308496073381e-05
4	16236	1.038775225422	0.0031502350780289
4	16240	1.038871657656	0.0020831273936201
4	16256	1.039797909721	5.7505137036956e-07
4	16260	1.039864299636	5.7234484094226e-06
4	16267	1.040759368216	0.00032909464617299
4	16271	1.040833293822	3.7502880993866e-05
4	16284	1.041765274744	7.8130177604808e-05
4	16291	1.041850787475	2.9909476280518e-06
4	16304	1.042768907561	0.00025518907895337
4	16308	1.042858722331	3.25289727311e-08
4	16321	1.043763226508	1.7203314710916e-05
4	16325	1.04382033214	1.6487198436711e-07
4	16335	1.044764223729	3.3203965668754e-05
4	16339	1.044851767271	4.3443563455508e-07
4	16352	1.045790558408	3.188907423938e-05
4	16356	1.045827704976	0.00042545444718911
4	16366	1.046787129404	1.780790761113e-05
4	16370	1.046836028188	5.9738077803898e-06
4	16383	1.047767150237	1.262812408159e-05
4	16387	1.047799629879	1.7657435383769e-05
4	16397	1.048759499972	5.9426018911465e-07
4	16401	1.048771566963	1.6913460799276e-05
4	16414	1.049781511983	0.0012276254765257
4	16418	1.04981618646	7.0097275827217e-05
4	16428	1.050829305855	7.2167290786212e-07
4	16432	1.05083065131	9.182423491957e-07
4	16448	1.051792107645	2.6813681183774e-07
4	16452	1.051839658963	0.00020113741526538
4	16459	1.052815134613	0.002077478026122
4	16463	1.052864802952	2.9584475095872e-05
4	16479	1.053825062663	1.824589061163e-05
4	16483	1.053889951475	4.408479055806e-08
4	16490	1.054870296669	0.00014456170489676
4	16494	1.054878487123	7.2541537826295e-09
4	16510	1.055884826465	0.00015923149036193
4	16514	1.05590930709	0.00064317447907147
4	16521	1.056921642284	1.536030214704e-06
4	16525	1.056932327787	0.00024917169938451
4	16541	1.057886809747	0.0033196073393549
4	16545	1.057899992302	5.5702535028665e-06
4	16552	1.058851265869	1.1490147572817e-05
4	16556	1.058932549094	1.7601738777634e-07
4	16572	1.059801492542	2.5120440731448e-05
4	16576	1.059938840974	0.00012157712650142
4	16580	1.060784683893	6.3818287349856e-06
4	16587	1.060972628903	0.0027392284299507
4	16600	1.061765345752	5.0051027670179e-06
4	16607	1.061995959167	1.1758544437631e-07
4	16611	1.06273663406	1.0894035342214e-05
4	16621	1.063028011115	1.7700700429534e-06
4	16634	1.063698891386	1.3619399272133e-08
4	16641	1.064018910414	4.0574567465302e-05
4	16645	1.064736706535	3.1631627064995e-05
4	16652	1.064991794924	3.0250958428361e-06
4	16668	1.065748324345	7.3708348457866e-05
4	16672	1.065986249696	5.5033899344127e-06
4	16679	1.066765383291	2.4908417928433e-06
4	16683	1.067028541562	0.00014073418790952
4	16699	1.067774374045	0.0001809830472542
4	16703	1.068015288375	1.0151571317931e-07
4	16710	1.068792430869	3.0506319438544e-07
4	16714	1.069024330394	0.00022499162224965
4	16730	1.069776410005	1.6606781534381e-06
4	16734	1.069998813396	8.4915969990006e-06
4	16741	1.070740444531	3.3122330844961e-06
4	16745	1.071011888385	6.1165873699191e-08
4	16758	1.071724013037	1.8022853078548e-05
4	16765	1.072010843782	2.2120152647743e-10
4	16772	1.072757586884	1.2564876782359e-05
4	16779	1.073044907862	4.7152507315378e-06
4	16789	1.073801084872	3.2644462174165e-07
4	16796	1.074055639215	2.146581864867e-05
4	16803	1.074810666893	3.6577143872923e-08
4	16807	1.075037408863	0.00010819606817365
4	16823	1.075788651652	8.6586628915487e-05
4	16827	1.076049134907	7.0261573429834e-08
4	16834	1.076788866685	9.1785624522e-07
4	16838	1.07702060747	7.3603436145824e-07
4	16854	1.077809663631	0.00015076638543362
4	16858	1.078032263473	2.6081489896374e-08
4	16865	1.078846873449	4.660289383948e-07
4	16869	1.079015542577	1.4009241317743e-05
4	16885	1.079869081302	0.00092519225542276
4	16889	1.080044380272	0.00022773628119196
4	16896	1.080837864504	1.9048089413336e-09
4	16903	1.081053498159	1.5756053926408e-06
4	16916	1.081850909461	1.0120682428071e-05
4	16920	1.082045494505	9.8961923894119e-05
4	16930	1.082900284082	0.00061479619172039
4	16934	1.083009693146	0.00051159963339282
4	16950	1.08391037788	1.5480049791021e-05
4	16954	1.083984035433	2.1251966386549e-05
4	16961	1.084923465421	1.6840862853482e-07
4	16965	1.084959782587	0.00020544463366342
4	16981	1.085928090689	2.7541153602846e-05
4	16985	1.085984673367	1.7075897944329e-07
4	16992	1.086887237355	5.9268334028046e-06
4	16996	1.087034163712	4.2617511982088e-07
4	17012	1.087840893626	0.00054744562460274
4	17016	1.088025426548	1.8717622461472e-05
4	17023	1.088858615981	0.00064934165345716
4	17027	1.088979482059	1.3725435060348e-05
4	17043	1.089809256574	5.7069554797326e-06
4	17047	1.089958495358	5.8563820916813e-06
4	17054	1.09080639517	8.0312110024089e-07
4	17058	1.090942739695	1.123112335278e-05
4	17074	1.091828361066	1.5813446938826e-05
4	17078	1.091912819907	1.0700866566253e-07
4	17085	1.092855578046	0.00018119439333661
4	17089	1.092893755837	7.7459351585997e-07
4	17105	1.09382321055	1.1290011032536e-07
4	17109	1.093919155562	0.00032734297392282
4	17116	1.094778969332	8.4271083545572e-09
4	17120	1.094916518102	0.00013395337196164
4	17136	1.095734716649	1.3243103636354e-05
4	17140	1.095929297742	0.00048290588990022
4	17147	1.09673951266	2.0964095123639e-05
4	17151	1.096952840664	6.0022401138867e-05
4	17164	1.097732966462	2.2016114594448e-05
4	17171	1.097997443953	2.6035763254389e-08
4	17178	1.098682995306	7.3675630606217e-07
4	17185	1.09902551275	2.3942745118898e-07
4	17198	1.09972500914	4.4380684794948e-06
4	17202	1.100028099536	0.00067898010468359
4	17209	1.100762857005	1.154998963453e-05
4	17216	1.101061159163	8.6458825033248e-05
4	17226	1.101734218901	0.0017448356611843
4	17233	1.102072570696	0.00016979693977443
4	17243	1.102777840302	0.00040634527308076
4	17253	1.103119285341	9.1516360845528e-10
4	17260	1.103822531783	8.4527724698557e-05
4	17267	1.104123158319	1.8973549528059e-06
4	17277	1.104778865966	1.3399106258974e-06
4	17284	1.10514025474	1.0490531025776e-07
4	17291	1.105808517046	3.7963323121333e-05
4	17298	1.106166721495	6.1309152338329e-05
4	17308	1.106831772872	1.2756165416861e-06
4	17315	1.107147563821	0.00098805592713631
4	17325	1.107861603706	1.5639449090558e-06
4	17329	1.108127037265	1.8767909876598e-07
4	17342	1.108839227464	2.0733836483001e-06
4	17346	1.109149916738	0.00038158864517466
4	17356	1.109856863712	2.2840039629573e-06
4	17360	1.110172480325	2.2010719350237e-05
4	17373	1.110862116267	0.00019913945551516
4	17377	1.111203025609	2.0734270827413e-05
4	17384	1.111829686051	7.3552043719849e-06
4	17394	1.112243285635	2.3490565115768e-06
4	17404	1.11283466797	0.00011369410126209
4	17408	1.113293170866	0.00016560855400379
4	17415	1.113843834628	7.7783300582355e-06
4	17425	1.114295730036	0.0017774140688137
4	17435	1.114872094852	0.0001565715593683
4	17439	1.115307950056	1.4045463403873e-06
4	17446	1.115843281121	0.0001072850926148
4	17456	1.116357738922	4.283741238661e-05
4	17463	1.11686559547	0.00025684451962974
4	17470	1.117364935283	1.1791456172299e-05
4	17477	1.11783286547	8.0086629669876e-05
4	17487	1.118376459922	1.9606517788426e-07
4	17491	1.118824047639	4.5193425511705e-05
4	17501	1.119347901566	1.6600873113563e-05
4	17505	1.119777584179	1.7500255003379e-06
4	17518	1.120333843026	3.2183182247294e-06
4	17522	1.120810899553	2.7730820243871e-06
4	17532	1.121284793093	4.5013448798398e-07
4	17539	1.121800049625	3.5612619424156e-06
4	17552	1.122282922463	7.1093785355801e-07
4	17559	1.122800300823	6.2424387798922e-07
4	17566	1.123257355177	0.0012266167695349
4	17570	1.123767066147	3.079826293303e-05
4	17580	1.124238173707	1.9755442731993e-05
4	17590	1.124745517036	3.0571139184436e-06
4	17597	1.125247763825	5.9612151018993e-05
4	17601	1.125770823249	1.0530496451683e-05
4	17611	1.126241584276	8.3978798221509e-06
4	17621	1.126803259977	1.0707793229798e-06
4	17628	1.127282040053	0.00055791278647087
4	17632	1.127815892186	2.75177470083e-06
4	17645	1.12824832035	6.5435615319147e-05
4	17652	1.128861515729	0.0002235228949903
4	17659	1.129204335069	9.6389314488445e-05
4	17666	1.129892674099	3.5452982473394e-05
4	17673	1.130155772651	0.00161016878763
4	17683	1.13085539441	4.1306632001616e-05
4	17690	1.131139060816	3.7683854957173e-06
4	17697	1.131812584303	1.533528879853e-05
4	17704	1.132103325613	2.4521173908167e-06
4	17717	1.132769387999	3.0529788365184e-05
4	17721	1.133102407136	1.4533816974948e-06
4	17725	1.133765143013	1.9989357419865e-05
4	17735	1.134143082828	0.0097273365567205
4	17745	1.134769193949	6.0528380201975e-08
4	17752	1.135129761946	1.3187699721519e-06
4	17756	1.135737287977	3.8963636114682e-09
4	17766	1.136147478346	7.1847419392125e-07
4	17779	1.136754896254	1.0345568822273e-05
4	17783	1.137142017573	1.5681202881636e-05
4	17787	1.137737665719	1.7625150614144e-05
4	17797	1.13813428782	0.0001787340826834
4	17810	1.138781890293	7.2380058630976e-05
4	17814	1.139145103004	1.519897936068e-09
4	17818	1.139786531767	0.00061493800914397
4	17825	1.140095914271	5.6154928725538e-07
4	17838	1.14074142202	3.8720324249454e-06
4	17845	1.141093005175	3.1610849988628e-05
4	17849	1.141727676513	1.2969775445627e-07
4	17859	1.142081572643	7.5425800702412e-05
4	17872	1.142760724905	2.6407743429971e-07
4	17879	1.143080570304	2.9188803727134e-05
4	17883	1.143714616442	6.1718131173276e-07
4	17890	1.14412194104	4.5310640868302e-06
4	17903	1.14473716223	0.00033986574946045
4	17907	1.145116244189	6.0976105920796e-05
4	17917	1.145707188452	9.0801529527861e-05
4	17924	1.146121394571	2.0173212278284e-08
4	17931	1.146664275518	0.00021956008417925
4	17941	1.14711577272	4.5663508273824e-05
4	17945	1.147678671033	3.3407080240812e-05
4	17952	1.14811632582	2.1065561907297e-05
4	17962	1.14870375292	0.00013227284565068
4	17972	1.149125666949	7.15663575302e-07
4	17976	1.14965857615	4.5667340493744e-05
4	17983	1.150138600714	2.1889309966465e-05
4	17993	1.150657285728	0.00015781772940342
4	18000	1.151101056856	5.750515731618e-05
4	18007	1.151640674222	5.6861259695335e-08
4	18014	1.152123038183	2.8046574149277e-05
4	18024	1.152600305172	1.1741393370074e-06
4	18031	1.153154933487	2.4130461707843e-05
4	18038	1.153620575729	6.7336003068016e-06
4	18045	1.154110518017	2.6776423995472e-06
4	18055	1.154644545453	0.00098999843046245
4	18062	1.155102833369	6.8464514915023e-06
4	18069	1.155625986599	7.4361686418529e-07
4	18076	1.156102345239	0.0001010148596497
4	18086	1.156589780785	2.3062502330332e-05
4	18093	1.157141134436	1.6871399815953e-08
4	18100	1.157608876898	0.0013588053982793
4	18104	1.15813338974	2.1651387031695e-05
4	18117	1.158608679619	0.0015118092994218
4	18124	1.15915663934	1.6364497033359e-05
4	18131	1.159631968285	4.317190234744e-06
4	18135	1.160179917809	3.1233322783243e-08
4	18151	1.160587951572	4.0489711956046e-06
4	18155	1.16119219181	3.0815684628899e-05
4	18162	1.161623565477	2.1170083622338e-05
4	18166	1.16215882782	2.0142856812607e-06
4	18185	1.162584012208	3.4696733991854e-05
4	18189	1.16310898926	0.00053656424822346
4	18196	1.163632213054	6.3851282794993e-06
4	18200	1.164074070701	2.4308677526135e-05
4	18216	1.164661533122	0.00011071290024224
4	18220	1.165074629605	0.00015478757300123
4	18227	1.16563750371	5.0745588818013e-10
4	18231	1.166054887022	9.3442327178138e-06
4	18247	1.16664165264	6.3592494104839e-07
4	18251	1.167032820151	1.2811459538343e-05
4	18258	1.167628063426	5.3487044240519e-05
4	18262	1.168052767694	2.8701031157019e-07
4	18278	1.168581629516	2.4763774924271e-05
4	18282	1.169036808847	1.345331924041e-06
4	18289	1.16957081388	8.0604608308028e-07
4	18293	1.170077573369	5.7264757685283e-05
4	18309	1.170591090705	8.1681234117116e-07
4	18313	1.171093938008	8.6339717338735e-11
4	18320	1.171543799802	3.4321505559337e-05
4	18324	1.172138748778	9.1928558221227e-05
4	18340	1.1725805857	6.8545852232735e-06
4	18344	1.173138427463	0.0021115788934167
4	18351	1.173569999094	4.8545374048399e-06
4	18358	1.174147041902	5.7655774948196e-05
4	18368	1.174587136722	0.00016984616556683
4	18375	1.175121990634	4.4079976578991e-06
4	18382	1.175604766126	6.2509826185163e-05
4	18386	1.176169436168	1.7120091756853e-05
4	18399	1.176561146751	0.00039496664249169
4	18406	1.177157794519	2.0342525729748e-06
4	18410	1.17756909819	1.2223703088341e-05
4	18417	1.178161765477	4.0284701599926e-07
4	18430	1.178602801267	4.8596789065006e-08
4	18437	1.179173175794	1.2457231448344e-07
4	18444	1.179597853096	6.172077949021e-05
4	18451	1.180188292231	1.7660435247896e-06
4	18461	1.180600144858	0.00017676485692159
4	18468	1.181139945313	5.7354550266802e-05
4	18475	1.181599221706	7.2700406323472e-05
4	18482	1.182169774249	5.4431220005021e-08
4	18495	1.18257644971	2.1380290751833e-06
4	18502	1.183212514748	0.00016657048462742
4	18509	1.183559891164	2.416260791725e-05
4	18519	1.184256956094	0.00027540985111104
4	18526	1.184519650476	9.21531532338e-08
4	18533	1.18523235073	5.2416080842056e-07
4	18537	1.185473628468	7.7174215089931e-05
4	18550	1.186214931764	0.00065722601762313
4	18557	1.186517240279	6.9599317471695e-05
4	18564	1.187243111822	6.229792939161e-06
4	18568	1.187521748041	1.1527200492992e-05
4	18581	1.188280126092	2.9119517813832e-06
4	18588	1.188562851052	1.8071232300551e-05
4	18595	1.18932291192	2.1390515549542e-05
4	18602	1.189598496461	1.6531281349106e-05
4	18612	1.190322141557	0.00046170531782828
4	18619	1.190617535712	6.0570368999591e-05
4	18626	1.191363790163	0.0029556311125421
4	18633	1.19160455028	8.2831600316297e-06
4	18643	1.192368822708	0.00012926028562885
4	18647	1.192627008333	0.0040553392795978
4	18657	1.193360211547	8.5714260158623e-05
4	18667	1.193609524883	8.8182646264492e-06
4	18674	1.19439148232	4.0100692889599e-05
4	18681	1.194612146128	0.0002417895813959
4	18688	1.195441256607	4.3445592197227e-05
4	18698	1.195610875621	1.8545171216516e-07
4	18708	1.196446854251	2.0078613968783e-07
4	18712	1.19657343696	8.2007243696159e-06
4	18722	1.197461271176	0.00011785860836818
4	18726	1.197523833501	2.5690017605755e-08
4	18739	1.198417679414	0.00059625633902169
4	18743	1.198549670119	3.1467640552948e-07
4	18753	1.199409841529	4.731972404555e-06
4	18757	1.199511166678	4.0521669428895e-07
4	18770	1.200384097429	1.2747597943689e-05
4	18774	1.200536612342	2.0133350261826e-06
4	18784	1.201400963297	4.5214332808798e-05
4	18788	1.201514773268	3.8693707584513e-08
4	18804	1.202426451652	0.00011894597776607
4	18808	1.202504024046	3.7481392871996e-05
4	18818	1.203407195124	4.5641989422166e-09
4	18822	1.203531071967	1.6430471993155e-05
4	18835	1.204439954405	0.00081401638025414
4	18839	1.204528064897	1.8441396573647e-05
4	18849	1.205439813179	2.3583381496674e-06
4	18853	1.205528578487	8.5052776833009e-06
4	18866	1.206485375062	4.0984222967959e-06
4	18870	1.206574328448	0.00021538680361762
4	18880	1.207468162098	6.087008563915e-07
4	18884	1.20753232127	4.819667530571e-10
4	18897	1.208441455817	1.4099252411492e-06
4	18901	1.208549012009	2.0520092642551e-05
4	18911	1.209471835428	0.0068766028867881
4	18915	1.209539155203	2.4801065923331e-09
4	18928	1.210443830768	0.00042550007652445
4	18932	1.210511725807	4.7943077306434e-06
4	18942	1.21140778044	5.2904373009905e-07
4	18946	1.211482299725	0.00012662143391516
4	18959	1.212442215247	3.7342881950047e-06
4	18963	1.212454240378	4.2712636507549e-08
4	18973	1.213441615081	2.3389334180902e-05
4	18977	1.213443823497	3.9590422426894e-05
4	18990	1.214420253396	8.7539810252807e-06
4	18994	1.214426908161	1.6103711769707e-05
4	19004	1.215392109353	1.0044911796054e-05
4	19008	1.215414763565	0.00020188502082711
4	19021	1.216345612048	6.1295140593479e-06
4	19025	1.21643095222	0.0057158440995241
4	19035	1.217338631883	8.309142232275e-06
4	19039	1.217437723193	8.6938769095998e-07
4	19049	1.218348381652	0.00033342178317623
4	19056	1.218426218759	5.6988518453103e-06
4	19066	1.219358066818	0.075370887984174
4	19070	1.21946018483	0.00011427396786112
4	19083	1.220338803395	0.0023273095934579
4	19087	1.220507294135	7.8491496359422e-07
4	19097	1.221310380662	6.9122934616657e-07
4	19101	1.221526744693	3.1543597031674e-07
4	19111	1.222306892834	4.4014530185745e-05
4	19121	1.222534116802	5.3936677320066e-06
4	19131	1.223349728771	4.3569298440699e-06
4	19138	1.22355785399	5.1778841995325e-07
4	19148	1.22438593504	2.0556935123011e-05
4	19152	1.224554871584	0.00013987608313516
4	19162	1.225364507704	3.180931394718e-07
4	19172	1.225599950767	2.5256085831357e-05
4	19179	1.226338970608	1.2260712608138e-05
4	19183	1.226624688992	5.13418399633e-06
4	19193	1.22729260665	7.9461897403174e-08
4	19203	1.227618941178	2.5026065676888e-06
4	19207	1.228273801878	0.00054852472293139
4	19214	1.228651811176	0.001606105057764
4	19227	1.229320747459	7.204421980127e-05
4	19234	1.229626896096	2.5288501575504e-05
4	19241	1.230361960819	6.9213781230191e-05
4	19245	1.230609653497	5.3641618362633e-09
4	19258	1.231362170815	1.8561962875545e-07
4	19265	1.231585182537	6.6535892289024e-05
4	19272	1.232313667015	0.00022099350690202
4	19276	1.232591690474	4.4625655599746e-06
4	19289	1.233356687204	1.2675280979389e-06
4	19296	1.233594499634	2.1877915283821e-05
4	19303	1.234374755955	0.0016893043610437
4	19307	1.234558668898	1.1555332260732e-07
4	19320	1.235344446749	3.3504932864875e-09
4	19327	1.235575334674	8.4893250794523e-05
4	19334	1.23630475113	6.7378848888436e-06
4	19338	1.236540457831	9.2470049770526e-07
4	19351	1.23728375012	2.3715753610692e-05
4	19358	1.237499222954	3.5379032687877e-08
4	19362	1.23825203858	0.00032697804803437
4	19369	1.23853953125	0.0007210194032623
4	19382	1.239259425892	0.00014107074985997
4	19389	1.239528049452	7.8114845106411e-06
4	19393	1.240216551357	0.00020333350906636
4	19400	1.240563125914	1.8187380348286e-05
4	19410	1.241214296395	2.0598045156776e-06
4	19420	1.241609147159	0.00015080721890143
4	19424	1.242190359332	4.5449806474621e-05
4	19434	1.242576717501	3.7793404321922e-05
4	19444	1.243213795163	0.00034882632744861
4	19454	1.243540556294	1.7769911102279e-06
4	19458	1.244253187414	5.4762526206639e-07
4	19465	1.244583724304	2.978961529317e-05
4	19478	1.245276613357	7.540675811731e-07
4	19485	1.245567595378	1.8418338101899e-07
4	19489	1.246260670488	6.0905738900623e-07
4	19496	1.246566579397	1.6953170175244e-05
4	19506	1.24721935804	1.9016661787457e-08
4	19516	1.24760342033	1.8666622696168e-05
4	19520	1.248204601182	3.3123413496499e-05
4	19524	1.24859760957	4.3621449469924e-05
4	19540	1.249224008635	5.2790987588453e-05
4	19547	1.249644845631	0.00062488436659776
4	19553	1.250182976347	4.1278493353287e-06
4	19557	1.250678867318	4.4836645428449e-06
4	19573	1.251166517353	1.6978903978085e-06
4	19580	1.251667412353	2.9606091628175e-09
4	19584	1.252149193218	1.3189859468155e-07
4	19591	1.252677613159	2.9524704835413e-06
4	19601	1.253144486416	0.0011358118661487
4	19611	1.253705225435	4.7210548113287e-07
4	19615	1.254149375309	1.0611042972434e-05
4	19622	1.254704567334	6.2136710716275e-05
4	19632	1.255191184544	1.9708718635049e-05
4	19642	1.255695119271	4.606043712127e-07
4	19646	1.256177103957	5.3419089694869e-06
4	19653	1.256692984511	1.6502551258681e-06
4	19663	1.25716568919	2.2367322781989e-06
4	19673	1.257666896311	3.2910534679669e-05
4	19677	1.258204685469	0.0025091304417985
4	19684	1.258656403351	7.9742021021287e-08
4	19694	1.259213288434	3.1119448947258e-05
4	19704	1.259636256628	1.8794266981178e-05
4	19708	1.260172434683	9.0998445264281e-08
4	19715	1.260663991925	4.469183999787e-06
4	19725	1.261154123202	0.00015097843715495
4	19735	1.261626007281	3.4785857079477e-07
4	19739	1.26212432338	0.00063697780754816
4	19743	1.262596669663	1.0409590555958e-05
4	19759	1.263155785426	9.6729355480419e-05
4	19763	1.26356781322	0.00026070094496389
4	19773	1.264113456705	2.0780871079547e-06
4	19777	1.26456965173	0.00033218249195621
4	19790	1.265144449974	8.0320838369544e-06
4	19797	1.265611407865	1.6541484579502e-05
4	19804	1.266155390841	3.8694484370292e-06
4	19808	1.266652817255	6.8359280481521e-05
4	19821	1.267178853465	2.2283191676054e-05
4	19825	1.267658584654	3.7512068796964e-06
4	19835	1.268215944232	6.9858510932243e-05
4	19839	1.268651318694	0.00044008868853633
4	19852	1.269250375329	5.6331235216508e-07
4	19856	1.269660281154	1.2746905019121e-05
4	19866	1.270264417418	2.0431246204994e-05
4	19873	1.270686470767	0.0003815837342785
4	19883	1.271278635681	1.8757220289668e-05
4	19887	1.271692372171	3.0410115156645e-07
4	19897	1.272263599003	0.00014047007050814
4	19904	1.272737101175	8.2643456787016e-05
4	19911	1.273225666339	7.3895201052555e-05
4	19921	1.273688146503	0.00052322156359124
4	19928	1.274269605547	2.4655396557852e-06
4	19935	1.274667118304	0.00064196068987537
4	19942	1.275233786961	3.2927549691572e-05
4	19949	1.275702998591	0.00021879084358315
4	19959	1.276260011147	2.9223842176213e-05
4	19963	1.276680312672	3.2016994746347e-05
4	19973	1.277305583151	8.3362302987903e-05
4	19980	1.277671289691	6.8080825949112e-06
4	19990	1.278317747058	0.00011253641868983
4	19997	1.278636725029	8.8305092015676e-06
4	20004	1.279367658941	1.2350476169242e-05
4	20011	1.279655247592	0.00010806738528673
4	20021	1.280328849536	0.0021017701877497
4	20028	1.280636871812	0.00042809844011653
4	20038	1.281368725298	1.6663207894768e-05
4	20042	1.28159114237	0.0022470324347887
4	20058	1.282402896494	1.0245743878371e-05
4	20062	1.282546738565	1.7914246477359e-05
4	20069	1.283371654415	0.00036078500352521
4	20076	1.283574792718	0.00010368767302656
4	20086	1.284363031444	9.0465501650709e-05
4	20093	1.28462006324	2.7583408045476e-07
4	20100	1.285383290107	0.00018519271970609
4	20107	1.285605521213	1.4493785613391e-05
4	20117	1.286418288889	3.4465657369338e-06
4	20124	1.28662680414	8.064292574199e-05
4	20131	1.287420499058	5.1837847968587e-05
4	20135	1.287654583131	1.4298834047976e-05
4	20148	1.28842617077	0.00033586445423566
4	20155	1.288631884544	5.329925086328e-06
4	20162	1.289461030641	9.0561044929132e-07
4	20166	1.289655961277	7.7342116785118e-05
4	20182	1.290494775625	0.00061073871028337
4	20186	1.290666061271	6.4445527504145e-05
4	20193	1.29146637318	3.2963712228304e-05
4	20200	1.291653420018	5.1805231884668e-05
4	20210	1.292434388943	0.0002501526484324
4	20217	1.292671057919	3.4552985067163e-10
4	20224	1.293432616209	5.5365650226645e-06
4	20231	1.293705108836	5.1007451902409e-07
4	20241	1.29440670286	2.206786683754e-05
4	20245	1.294733498653	5.9842431036748e-07
4	20255	1.295420248165	0.00017686635091903
4	20262	1.295766140381	9.6091419136872e-05
4	20272	1.296409023056	4.0075854630348e-06
4	20279	1.29671976358	3.9310895139579e-05
4	20286	1.297407225007	0.00027918404815607
4	20293	1.297759356366	1.9311919439222e-05
4	20300	1.298421162121	0.0034157804828301
4	20313	1.298797810304	8.6472405276152e-07
4	20320	1.29945570931	0.0012255779546659
4	20324	1.299787137049	5.8018258034758e-07
4	20331	1.300437341959	3.8996517358612e-06
4	20344	1.300790653704	5.0580523408543e-05
4	20351	1.301398555897	2.8067444217008e-05
4	20355	1.301777638436	3.2523265175637e-08
4	20362	1.302428656758	8.6665904194489e-11
4	20378	1.302780451273	0.00018684026311544
4	20382	1.303423831122	1.1427465614081e-05
4	20389	1.303809912972	6.4033490379525e-06
4	20396	1.304452801533	2.384189670154e-07
4	20409	1.304830995252	2.7631431180446e-07
4	20416	1.305463050181	0.00039958890570117
4	20420	1.30587819778	5.0947495181509e-06
4	20427	1.306444813375	4.8846229739923e-05
4	20440	1.306853306912	6.1446465648871e-05
4	20447	1.307476346425	0.00017292240384409
4	20451	1.307890732444	0.0001718859338058
4	20461	1.308442115958	5.9720476565382e-06
4	20471	1.30888596294	0.019251055689338
4	20478	1.309477600696	3.8310205060335e-05
4	20482	1.309926592432	0.00012386553891236
4	20492	1.310434025823	2.4799555358605e-05
4	20502	1.31092108439	7.4795926044227e-05
4	20509	1.311476960809	3.9093144488097e-06
4	20513	1.311960518992	9.8141237195637e-06
4	20523	1.312475187704	2.2315941386603e-05
4	20530	1.312915092037	0.00072686078251783
4	20540	1.313441536567	3.5646381909535e-08
4	20544	1.31388783574	6.4711627069094e-05
4	20554	1.314415384948	0.00013353290478526
4	20558	1.314868618048	8.1424033764487e-07
4	20571	1.315446145398	0.00036724313364436
4	20575	1.315912462053	0.0014089972235896
4	20585	1.316472543994	2.2185357569033e-05
4	20592	1.316916571604	0.00042217591948526
4	20599	1.317519010317	5.7271448544049e-06
4	20606	1.317872017638	6.400407090159e-05
4	20616	1.318525376176	0.00067939112871269
4	20623	1.318836926714	2.4182571139111e-05
4	20630	1.319510589255	7.3639325840265e-10
4	20634	1.319820341469	0.0014661030437472
4	20647	1.320539149741	1.2557576125018e-08
4	20651	1.320858979743	1.1074351872087e-05
4	20661	1.321586912417	2.4050627200248e-05
4	20668	1.321837744709	4.7670437145978e-07
4	20678	1.322572145481	1.0907435317899e-05
4	20682	1.32278826169	0.00017361398368665
4	20695	1.323563049144	3.6541970751233e-07
4	20699	1.323765083707	0.00022135622409555
4	20712	1.324593105636	6.537411765403e-05
4	20716	1.324733334789	1.4250765476103e-05
4	20726	1.325621473085	1.9744857552763e-05
4	20730	1.325731262542	2.8885064202207e-05
4	20740	1.326630712206	1.8749979956502e-06
4	20747	1.326720212272	5.0854061155348e-08
4	20757	1.327678471933	3.3111633304121e-05
4	20761	1.327683329681	6.1741713039248e-09
4	20774	1.328671309878	7.0906730698136e-05
4	20778	1.328692801732	3.4192194104913e-06
4	20791	1.329654382265	6.4949027160802e-05
4	20795	1.329679579165	4.6181091158261e-05
4	20805	1.330654811786	0.00010948289731197
4	20809	1.330665880821	7.686031731083e-06
4	20819	1.331627377018	1.226762487262e-05
4	20823	1.331693976093	4.1231884963335e-07
4	20836	1.332613033617	1.1119338269943e-06
4	20843	1.332734105769	1.7020982713058e-05
4	20853	1.333638203253	0.00041422883012804
4	20857	1.333708049327	2.2712170966609e-05
4	20870	1.334658468119	6.2496561182973e-06
4	20874	1.334685674608	1.6001138276658e-06
4	20884	1.335686088175	1.030422348023e-05
4	20888	1.335692866412	1.7614864408359e-08
4	20901	1.336645385882	0.00078007865049138
4	20905	1.336649235316	5.1989114927616e-06
4	20915	1.337633916141	4.9013508818949e-05
4	20919	1.337678197672	9.5848245851073e-08
4	20929	1.338650808369	4.1197924944043e-07
4	20936	1.338701352588	3.3384467552566e-06
4	20946	1.339642584487	0.000336594977898
4	20950	1.339666228257	4.8158364399804e-05
4	20960	1.34061788922	9.2420485782287e-06
4	20964	1.340627070387	2.3727947074727e-05
4	20977	1.341599360819	5.8669417568616e-06
4	20981	1.341608619354	3.062509400489e-06
4	20991	1.34255925027	2.1780364941823e-05
4	20995	1.342596554012	4.6478667598748e-06
4	21008	1.34355320702	3.210208125565e-08
4	21012	1.34358912623	3.7190131339307e-06
4	21025	1.344550556515	2.2102393569655e-06
4	21029	1.344557246858	1.9788178525448e-06
4	21042	1.345561847438	0.0001029724246087
4	21046	1.345592789387	3.4154389616684e-06
4	21059	1.346564208582	1.1070591812833e-06
4	21063	1.3465913851	8.982620467504e-05
4	21073	1.34757632219	0.0013587859869629
4	21077	1.347590909415	1.9493936623201e-06
4	21090	1.348623960833	1.5611851042175e-06
4	21094	1.348639903342	4.4104386731408e-08
4	21104	1.349598059787	4.5963461486188e-07
4	21108	1.349632918607	8.7400674068354e-05
4	21121	1.350632852093	5.0482653118127e-05
4	21125	1.350637552746	2.1228864426962e-06
4	21132	1.35160054158	0.00012518796926474
4	21136	1.351672381468	4.0202736008085e-05
4	21152	1.352630540493	0.00042172863392544
4	21156	1.352683484152	0.00017486667066208
4	21163	1.353645094224	1.4261992005493e-07
4	21167	1.353661411106	8.995352679454e-06
4	21183	1.354627082653	0.0033734045860725
4	21187	1.354644411777	1.1761324197563e-05
4	21197	1.355629413997	6.6064038992332e-06
4	21201	1.355638345529	0.00040122527301077
4	21214	1.356632407372	0.00016951529960241
4	21218	1.356687994701	2.339951260229e-07
4	21225	1.357624941364	3.2175607336356e-05
4	21229	1.357701470048	7.1946428970322e-07
4	21242	1.358647838059	4.5624855681049e-05
4	21246	1.358657806256	0.0021725252921485
4	21256	1.359600140126	0.00032282344362133
4	21260	1.359660670154	1.5612845621377e-05
4	21270	1.360580251333	1.9286024201071e-05
4	21277	1.360655516703	0.00081556804171261
4	21287	1.361617520927	9.8865809494796e-05
4	21291	1.361669299377	8.3818426387276e-08
4	21304	1.362616970202	1.0752413053482e-05
4	21308	1.362664977498	4.5193128875216e-06
4	21324	1.363589219795	0.00078146773915541
4	21328	1.363646115112	0.0012155465333042
4	21338	1.364601013107	2.6682345578089e-05
4	21342	1.364646746129	2.1879897448803e-05
4	21355	1.365636068971	0.0016060240100289
4	21359	1.365665871891	2.0102901924478e-06
4	21369	1.366599666593	0.00065738043537146
4	21373	1.366674584792	7.1799250093215e-06
4	21386	1.367575961362	9.6684880003804e-06
4	21390	1.367704173465	4.0731691443531e-06
4	21400	1.368596430638	3.1502127593133e-06
4	21404	1.368661025594	6.3022415463317e-06
4	21417	1.369620431501	7.9457502240379e-08
4	21421	1.36962281912	0.00041842674856807
4	21428	1.370597288973	0.0015515397520186
4	21432	1.370627637047	9.2368939298263e-06
4	21448	1.371589717939	2.8650024161712e-06
4	21452	1.371621286964	8.6302894706377e-05
4	21459	1.372575581676	1.4021551344177e-05
4	21463	1.372591453448	1.3453498862558e-06
4	21479	1.373541744379	2.8404108187492e-05
4	21483	1.373611032153	4.5036132740462e-06
4	21490	1.374499225573	7.5766418847568e-05
4	21497	1.374564673336	1.2526961087127e-05
4	21510	1.37552960304	1.7646278792084e-07
4	21514	1.375535631116	0.00020710004714378
4	21521	1.37651951132	2.1436319810798e-05
4	21525	1.376533407019	3.2488690577797e-06
4	21541	1.377532969416	3.048001392622e-05
4	21545	1.377550301767	1.2764458549931e-05
4	21555	1.378504619466	0.00095791252462244
4	21559	1.378507446719	0.00024628990477363
4	21572	1.37946230227	0.00046017911151169
4	21576	1.379510264666	8.6277262799062e-07
4	21586	1.380472285176	8.110017206764e-07
4	21590	1.380494669381	1.5626952192774e-05
4	21603	1.381473723075	2.4277332508934e-05
4	21607	1.381510143769	5.5775132310329e-07
4	21614	1.382456523391	0.00010676226685687
4	21618	1.382522058026	3.4459478870785e-09
4	21637	1.383504208264	3.9355156251659e-05
4	21641	1.383523189828	4.8523515092823e-05
4	21648	1.384462147055	6.5099055646605e-07
4	21652	1.384543116332	1.3255748762078e-09
4	21668	1.38545835855	5.0686123223027e-05
4	21672	1.385563196174	2.0485039133141e-07
4	21679	1.386428784213	3.8837998207365e-05
4	21683	1.386517835667	5.6191785612055e-07
4	21699	1.387458495726	6.6880268822173e-06
4	21703	1.387493272059	3.1160728421226e-08
4	21710	1.388461697462	0.00031761081623343
4	21714	1.388477921033	3.9934549552359e-07
4	21730	1.389432728591	9.7351101080799e-07
4	21734	1.389507150478	0.0002949568457697
4	21741	1.390399838926	7.3848155602833e-06
4	21745	1.390497368687	1.6858489732465e-06
4	21761	1.391431378942	1.9732057445097e-05
4	21765	1.391489597104	0.00029610556854766
4	21772	1.392447152114	0.00012856551479597
4	21776	1.392530944443	2.7581961276488e-07
4	21792	1.393432205062	2.6889864454324e-07
4	21796	1.393516848691	3.7175041361038e-05
4	21803	1.394385550955	1.5477142885264e-06
4	21807	1.3945468416	0.00011396828713589
4	21823	1.395412920676	3.9818969677922e-06
4	21827	1.395528279323	1.1407041845244e-06
4	21834	1.396418163549	8.2361253833114e-05
4	21838	1.396503131255	8.2708777245665e-06
4	21854	1.397394773743	0.00025251394377962
4	21858	1.397529341174	1.8563640782066e-06
4	21865	1.398385035118	0.00028663838234053
4	21869	1.398524406751	3.4914653516218e-06
4	21885	1.399350708301	1.4233461826063e-05
4	21889	1.399527689078	3.91811169548e-06
4	21896	1.400322764171	0.00015290737057027
4	21900	1.40051844854	0.00027856082730261
4	21916	1.401301108274	6.5360777925315e-05
4	21920	1.401549714781	0.0004039732272954
4	21927	1.402280942064	0.00010366523105331
4	21931	1.402526844031	8.8394412793573e-05
4	21944	1.403259086411	5.821632614126e-05
4	21954	1.403549593181	2.2165351943323e-05
4	21961	1.404236468665	1.2820987663275e-06
4	21965	1.404587059544	9.4636428240169e-06
4	21978	1.405281243864	5.8246114647513e-06
4	21985	1.405557752371	0.00011853134981825
4	21992	1.406276043527	6.3920372740593e-06
4	21996	1.406517215606	0.0004151859278972
4	22009	1.407289474089	7.0699125295767e-06
4	22016	1.407566339016	0.00031814116026331
4	22023	1.408317890432	0.00033276793105661
4	22027	1.408552033698	3.471000377602e-07
4	22040	1.409314574532	7.2442550506905e-05
4	22047	1.409509516638	4.0535699273608e-05
4	22054	1.410280762641	1.9557417325184e-05
4	22058	1.410520851969	7.1285379741928e-05
4	22071	1.41132143202	1.8628122930184e-06
4	22078	1.411498573842	0.0023064393458627
4	22085	1.412361171943	0.00011875727956883
4	22092	1.412543889336	7.5480966859386e-06
4	22102	1.413312984042	5.2987130982535e-07
4	22106	1.413501936466	1.7212422493766e-05
4	22116	1.414338231165	4.95948301869e-05
4	22120	1.414477008883	2.6506778166006e-06
4	22133	1.415353312353	1.2912682758991e-07
4	22137	1.415516927212	9.574001644416e-05
4	22147	1.416318618797	5.1383330496745e-05
4	22151	1.416527240305	3.2528461664783e-05
4	22164	1.41728988205	9.2649407689474e-05
4	22171	1.417563995621	0.0014302056805769
4	22178	1.418329091875	9.0824927016041e-06
4	22185	1.418587081592	8.6411680068264e-06
4	22195	1.419326343883	0.0012612537312445
4	22202	1.419584494735	7.2588459404696e-05
4	22209	1.420312101778	0.0088236194863473
4	22216	1.420550477943	6.2633136869003e-06
4	22226	1.421306567231	0.00020724207321253
4	22230	1.421546632471	0.00066954984631871
4	22237	1.422313204544	9.2981664780365e-05
4	22247	1.422544987392	0.001506626295053
4	22260	1.423353695678	1.1027359430378e-05
4	22267	1.423541305358	1.554432678778e-05
4	22274	1.424318954038	1.216553157002e-06
4	22284	1.42457586723	6.3859416304779e-08
4	22291	1.425285468551	8.9363378956613e-06
4	22298	1.425571763272	2.8996284098405e-06
4	22305	1.426267428807	2.3207188372492e-05
4	22309	1.426583381764	1.0248753789218e-05
4	22322	1.427238466334	5.3985029132638e-05
4	22329	1.427579492062	2.260620065374e-05
4	22333	1.428242318133	0.0045253783289096
4	22346	1.428613275029	4.7230088386724e-08
4	22356	1.42928803232	3.2677109512885e-05
4	22360	1.429614860306	2.5574905212239e-10
4	22364	1.430239239194	1.9377041628106e-07
4	22374	1.430617075561	9.8345272791202e-07
4	22384	1.431224002571	0.00022687328145458
4	22391	1.431576964992	1.186890310824e-06
4	22398	1.432227424729	6.0766611192984e-05
4	22405	1.432595230038	0.00028417771911516
4	22415	1.433194589824	5.7430844991255e-05
4	22422	1.433611112865	0.00013268428476234
4	22429	1.434242410557	0.00095371982473018
4	22439	1.434607382367	0.00017707441007573
4	22446	1.435226602617	2.7253446348881e-06
4	22450	1.435580550256	8.1786370689723e-06
4	22460	1.436230815582	0.0002368345652875
4	22470	1.436614273064	0.00014171831448834
4	22477	1.437243092616	2.3386367766045e-05
4	22484	1.437624881988	1.6789690259658e-06
4	22488	1.438200750287	4.2060831773705e-07
4	22501	1.438618704776	1.417377859389e-06
4	22508	1.439226721711	6.8146577570424e-05
4	22515	1.439612377779	0.00018999257913094
4	22522	1.440183190863	0.00010107026202445
4	22532	1.440599778817	0.00028569247977195
4	22539	1.441167171617	3.3227812210507e-06
4	22546	1.441565980021	9.8590179640795e-07
4	22550	1.442146558878	1.1931776615761e-06
4	22566	1.44255738481	9.4396213435788e-06
4	22573	1.443193322058	1.9741187573045e-08
4	22580	1.443516375323	3.4670610291749e-06
4	22587	1.444207006014	8.4270316364183e-08
4	22597	1.444531976112	2.7878257023051e-05
4	22604	1.445182414068	2.3472009508772e-05
4	22611	1.445539236395	4.9198430727e-06
4	22618	1.446148921674	3.535499093172e-07
4	22631	1.446541134091	4.3777640879605e-05
4	22635	1.447195543431	2.1698618981279e-05
4	22642	1.447570663967	0.00026631837310665
4	22649	1.448227445686	4.7988832161912e-05
4	22659	1.448598085478	3.4874274904104e-05
4	22666	1.449265856586	9.472709614628e-05
4	22673	1.449568699105	8.1566870435746e-06
4	22680	1.450251614428	3.029671773184e-05
4	22690	1.450541873046	0.00013498800629672
4	22697	1.451266745616	2.7861209560025e-08
4	22701	1.45150014741	1.1176162360352e-05
4	22711	1.45225337293	1.9684525113458e-05
4	22721	1.452506186869	0.00012586220973267
4	22728	1.453212016431	1.8165844449283e-06
4	22732	1.453484679207	7.7456115917377e-08
4	22745	1.454231249888	3.7804043158828e-06
4	22752	1.454486513815	2.7283684872445e-05
4	22759	1.455263889798	3.3990285644484e-07
4	22763	1.455516077428	4.4997580501241e-06
4	22773	1.456268663148	2.5738312948284e-06
4	22783	1.456502623889	1.8907581282553e-08
4	22790	1.45730535975	0.0016017762585758
4	22794	1.45749299715	8.1090418487133e-05
4	22807	1.458314688645	0.00074010348759376
4	22811	1.458468722703	8.1232516267338e-05
4	22821	1.459268668615	3.4922046253204e-06
4	22825	1.459506059732	5.449801777089e-07
4	22835	1.460227742246	5.6312790642085e-05
4	22845	1.460461735006	1.1305138014718e-07
4	22852	1.461181163165	1.6443874268873e-06
4	22859	1.461430722724	0.00033163127796859
4	22866	1.462136287148	7.5038775503838e-06
4	22879	1.462406998181	5.0786295904945e-06
4	22886	1.463140936105	2.4838582880763e-06
4	22890	1.463455305661	3.9583771453351e-06
4	22903	1.464093225141	0.00039263685038283
4	22910	1.464498049609	4.2637911792164e-05
4	22917	1.465117566896	2.3376467571343e-05
4	22924	1.465519100652	1.0238570190904e-07
4	22934	1.466144270028	2.447036390702e-06
4	22938	1.466527480243	5.3971388296765e-05
4	22948	1.467193722211	0.00023544361357515
4	22955	1.467490735259	1.3597155217638e-08
4	22965	1.468204850814	0.0027963810666172
4	22969	1.468468256471	9.9022690364276e-07
4	22979	1.469187753168	1.2259555097028e-05
4	22986	1.469491412481	2.8069184090142e-05
4	22993	1.470158664106	8.0819144105775e-05
4	23000	1.470442203019	7.5327254278529e-05
4	23010	1.471108722801	2.4699099183349e-06
4	23017	1.471480773959	2.32956902945e-09
4	23021	1.472155987398	4.4025571286787e-06
4	23031	1.472513412576	1.6260734401858e-05
4	23041	1.473143839901	6.6026045599771e-08
4	23045	1.473487140682	2.8095508972175e-06
4	23055	1.4741148078	1.1435786601753e-06
4	23062	1.474521894034	0.00016737752986802
4	23072	1.475089081227	2.11558753802e-05
4	23079	1.475524983749	2.2356498486095e-05
4	23086	1.476101363317	1.0117839775228e-07
4	23093	1.476555721954	1.5517520139872e-06
4	23100	1.47708074623	6.1269133529171e-06
4	23110	1.477521275751	0.00011919258611342
4	23117	1.478058956683	1.0092981314331e-05
4	23124	1.478557349672	6.5895908850402e-06
4	23134	1.479051092739	1.4710550976683e-06
4	23141	1.479537109118	8.9365083428823e-06
4	23148	1.480056686643	0.00082588173794833
4	23155	1.480504718052	8.5198863676346e-07
4	23162	1.48104371236	0.00020856645495739
4	23172	1.481513418138	0.00018116053375085
4	23179	1.482014407184	1.4112543395111e-06
4	23186	1.482507764482	2.2864592844864e-07
4	23190	1.482966574794	5.4492794548715e-05
4	23206	1.483489121116	2.7662605315567e-05
4	23210	1.483960371285	0.0022901424096627
4	23220	1.484537120828	1.0883606805078e-06
4	23224	1.484949668714	7.7318330246525e-06
4	23237	1.485539463989	3.3522514356712e-06
4	23244	1.485995863589	0.000126127605451
4	23251	1.486555012884	1.7989581840933e-06
4	23255	1.487018162074	4.1103175913045e-06
4	23268	1.4875417603	2.18583953402e-05
4	23278	1.488016194713	2.054539148087e-05
4	23282	1.488577336239	1.2323636821344e-09
4	23286	1.489010171433	6.5493003436068e-06
4	23299	1.48959443187	1.5611224836315e-07
4	23309	1.490043785731	8.2710118158467e-06
4	23313	1.490614661504	1.1488723155861e-05
4	23320	1.491082080682	2.2506126494805e-06
4	23333	1.491658572066	1.140890351206e-08
4	23340	1.492053311676	0.00014433953202152
4	23344	1.492616071554	1.0535985499189e-08
4	23351	1.493059793785	4.251618435572e-05
4	23361	1.493580027165	1.136797648339e-05
4	23368	1.494058412219	0.00053164824224983
4	23375	1.494553012135	1.1951239208967e-06
4	23382	1.495043511232	2.9441835967436e-05
4	23392	1.495584378312	0.00030566757748583
4	23399	1.496043347279	2.4310721568247e-07
4	23406	1.496569180695	0.0014157284224599
4	23413	1.497010942996	5.4804540743871e-05
4	23420	1.497539243498	1.9384396785401e-05
4	23433	1.498036966356	4.579747810549e-05
4	23437	1.498534757721	4.3864646106441e-05
4	23444	1.499073317852	3.0121816126786e-06
4	23451	1.499570842133	1.7999555172913e-07
4	23466	1.50002645406	0.00026574134608392
4	23470	1.500569951559	3.4564863889621e-05
4	23477	1.501005351539	1.8105932200586e-06
4	23481	1.501543432491	1.293897630502e-07
4	23491	1.502028723711	2.7127395519234e-05
4	23501	1.50253332598	3.1471108790919e-06
4	23511	1.503065085235	7.9852366769691e-08
4	23518	1.503497316494	2.2089918655898e-06
4	23531	1.504111473918	6.668232919807e-06
4	23535	1.50445394368	2.8830130580818e-07
4	23542	1.505072710472	8.9995228257533e-06
4	23552	1.505484884532	4.4596810499323e-06
4	23556	1.506029092379	4.2937041557366e-05
4	23566	1.506482197504	3.8127496880226e-05
4	23573	1.506993050344	0.00036664547152339
4	23583	1.507498940141	4.8262313889975e-06
4	23587	1.50803360884	2.6200759220631e-05
4	23597	1.50849371035	1.9595090598971e-06
4	23601	1.509051613916	1.4340676577992e-06
4	23611	1.509496161859	1.3047365701441e-06
4	23618	1.51002562303	2.3048897104702e-06
4	23628	1.510467203725	2.0888256466432e-09
4	23632	1.511074596407	4.2592320640603e-07
4	23642	1.511450535762	1.2426263574221e-09
4	23652	1.512101722368	7.267513246993e-07
4	23659	1.512481266404	1.5457494872997e-06
4	23663	1.513111790338	1.1978632193683e-09
4	23676	1.513448045691	0.00011206043059287
4	23683	1.514084752691	0.00083737953872602
4	23690	1.514480963768	3.4258083474813e-07
4	23694	1.515133078486	3.0448033666864e-06
4	23704	1.515449916989	2.9404466677856e-08
4	23714	1.516100618831	2.221370492175e-07
4	23721	1.516451350816	4.7555588502714e-05
4	23725	1.517086066575	3.4253095002264e-06
4	23735	1.517473041324	0.00037155187460867
4	23745	1.518074895647	2.8185437143676e-05
4	23749	1.518456262301	2.1108231371796e-07
4	23756	1.519077413968	2.3859517682924e-08
4	23766	1.519467233766	7.9548941360958e-08
4	23776	1.520042237247	3.4539096836199e-05
4	23780	1.520417338339	5.3303037658973e-07
4	23787	1.521038741808	2.9786462089398e-05
4	23800	1.521398837022	5.1090639055882e-06
4	23807	1.521990157276	0.0018611673618366
4	23811	1.522378523625	0.00040994539641675
4	23818	1.522985666955	2.2542671055125e-05
4	23834	1.5234212887	9.8120659823469e-08
4	23841	1.523967804384	0.00030396027987762
4	23845	1.524431220234	2.2960173816744e-05
4	23852	1.52493582567	0.00024943221154609
4	23862	1.525382288045	6.7000208375461e-07
4	23872	1.525910054907	5.5968656139249e-05
4	23876	1.526368203212	0.0001804012233749
4	23883	1.526887224137	5.2020477842923e-07
4	23896	1.527410776507	1.0681076497346e-05
4	23903	1.527926641679	2.4610944817846e-07
4	23907	1.528369362627	1.0269994848695e-05
4	23917	1.528972001466	0.00010482498326726
4	23924	1.529351668419	0.0001182486680241
4	23934	1.529941377766	3.5519649175092e-06
4	23938	1.530368359047	0.00021726727250148
4	23945	1.530944985636	2.4955543790698e-06
4	23955	1.531360978435	0.0008330965212152
4	23965	1.531897412315	8.3185854618625e-05
4	23969	1.532317542022	2.6758861045245e-06
4	23976	1.53288735778	9.7449646155915e-05
4	23986	1.533353963477	1.6633140084545e-06
4	23996	1.533878775239	1.6903672928622e-05
4	24000	1.534373064912	3.052049106135e-07
4	24010	1.534874558502	0.00015993632577459
4	24017	1.535329457446	1.5526192803762e-05
4	24027	1.535908292425	1.292563564588e-06
4	24031	1.536309108985	9.4485828228828e-06
4	24038	1.536909850352	0.00042335714434399
4	24048	1.537356450041	2.446505410256e-05
4	24058	1.537934389072	1.3865779736706e-06
4	24062	1.538356026173	3.812045980152e-06
4	24069	1.538955310567	1.3407261337422e-06
4	24082	1.539389890784	4.2414517992716e-06
4	24089	1.539923202012	2.9093732616562e-05
4	24093	1.54038163248	0.00018295337155977
4	24100	1.540886883164	6.6585337694487e-05
4	24113	1.541396106303	9.9361005796178e-08
4	24120	1.541925249125	4.3395902545887e-07
4	24124	1.542440235942	2.2663683806512e-05
4	24131	1.542912293611	0.0024868289367488
4	24147	1.543450001443	0.0001282343256446
4	24154	1.543952371271	7.164119967613e-07
4	24161	1.544495965785	2.3919585638092e-05
4	24165	1.544982239627	5.4870915523505e-06
4	24178	1.545534781267	0.00021962750292015
4	24185	1.546021508403	3.3088359792304e-06
4	24192	1.546583849857	0.0001877950919085
4	24196	1.546985207575	8.1466197677962e-06
4	24209	1.547629151662	0.00011603192395611
4	24216	1.548016608931	8.2505027625111e-05
4	24223	1.548652627492	0.00040623643848557
4	24227	1.549049150543	6.0817154928181e-06
4	24240	1.549655320728	2.6284478779027e-06
4	24247	1.550069004591	4.070594560741e-06
4	24251	1.550642161073	2.0631033818132e-06
4	24264	1.551108980982	0.00055468923271119
4	24274	1.551617566841	6.8178610477596e-06
4	24278	1.552096238654	0.00030107383971364
4	24285	1.552667497097	1.8459009327515e-05
4	24298	1.553136808422	0.00046763841463351
4	24302	1.553711405928	0.00028830063334198
4	24309	1.554114613872	0.00015137730732823
4	24313	1.554677655763	8.0965080686126e-06
4	24323	1.555117927285	2.3288097067655e-06
4	24336	1.555675337111	1.4801438149838e-05
4	24340	1.556076798704	1.2437186310904e-06
4	24347	1.556680905816	3.0444369427076e-05
4	24351	1.55707073325	0.00016224942962514
4	24367	1.557688411787	8.842678964213e-08
4	24371	1.558118118883	6.0233064943949e-09
4	24378	1.558714204408	6.7126546965055e-05
4	24385	1.559140966324	1.116055885341e-05
4	24398	1.559735020158	1.8820076275629e-05
4	24405	1.560169300365	5.666075678094e-08
4	24409	1.560705462811	3.6520689521575e-05
4	24416	1.561137856206	8.9221488863316e-09
4	24426	1.561752191099	7.1344136912064e-07
4	24433	1.56211852358	3.7472195476942e-08
4	24440	1.562737115651	0.00019775421013781
4	24450	1.563097996761	6.6837641583002e-05
4	24460	1.563765876144	1.0953042424659e-07
4	24470	1.564090173006	8.827825047152e-05
4	24477	1.564787584274	0.00019057062150154
4	24481	1.565044447852	2.4083186737723e-08
4	24491	1.565808196195	1.1403856133433e-08
4	24501	1.566073773137	2.8779013860693e-05
4	24508	1.566794283676	3.4353334271536e-05
4	24512	1.56709502144	3.4499626848684e-05
4	24522	1.567750810008	6.227033258196e-10
4	24532	1.568096387375	4.5928424537005e-05
4	24539	1.568757270999	0.00030526568470693
4	24543	1.569093688223	9.6691729133098e-05
4	24550	1.56974324993	0.00018752186357738
4	24563	1.570068245047	1.2705670506637e-06
4	24570	1.570788508019	4.4617953239077e-06
4	24574	1.571075127956	0.00037450131496418
4	24584	1.571773904068	0.00010720757415279
4	24594	1.572097855701	1.2588917138325e-06
4	24598	1.572775750054	9.6060922336316e-06
4	24605	1.573052482484	1.6646406482575e-06
4	24618	1.57382178652	0.0004758527256093
4	24625	1.574065149968	3.34722521455e-07
4	24629	1.574867336164	0.0012832913993482
4	24636	1.575075958889	1.8321266626541e-07
4	24652	1.575912779643	7.4501097488641e-07
4	24656	1.576062490953	2.149019787785e-07
4	24663	1.576870804181	0.00012544285225128
4	24667	1.577104469034	0.00011664829218147
4	24680	1.577846747271	0.0034979126570988
4	24687	1.578153549883	3.1773948069454e-06
4	24691	1.57882532249	2.5954186240238e-06
4	24698	1.5791529932	1.0962318805465e-05
4	24711	1.579784012403	5.0428907602598e-05
4	24718	1.580114582049	9.6985473720498e-05
4	24722	1.58078796167	8.7463872029808e-05
4	24729	1.581098380818	0.00041221140066159
4	24739	1.581816688125	7.5531500054983e-08
4	24746	1.582073541169	1.3607822971524e-05
4	24759	1.582808965469	6.2476776785564e-06
4	24763	1.583078516756	1.0801818099503e-05
4	24773	1.583797786632	1.1507290859311e-06
4	24783	1.584077703263	2.2286666373056e-06
4	24787	1.58483697259	2.9286031645114e-06
4	24794	1.585106248336	2.6390464315344e-05
4	24804	1.585829754055	1.2804985738726e-05
4	24814	1.586092990321	1.2055546475222e-06
4	24818	1.586864172164	4.8297951402711e-06
4	24828	1.587081287214	0.00031577270108515
4	24838	1.587839381103	2.308355982138e-05
4	24845	1.588045386034	1.3102113415023e-07
4	24855	1.588828021479	0.00012958979913268
4	24862	1.589093832904	3.9752835667142e-06
4	24866	1.589813004951	0.00026995849148879
4	24876	1.590135817533	0.00058641009084968
4	24883	1.590771838991	4.4073082926071e-06
4	24893	1.591106818654	0.00035057007613769
4	24897	1.591778384614	6.1327080324794e-07
4	24907	1.592061717003	0.00038071804072903
4	24914	1.592800272576	0.0001348128072245
4	24921	1.593096437241	0.00018367788079003
4	24928	1.593792221214	1.0497137808646e-05
4	24938	1.594124117929	1.7595877982691e-05
4	24945	1.594769262189	1.0213209348907e-05
4	24952	1.595170454827	9.3469064817173e-06
4	24962	1.595754778204	0.00014243063279857
4	24969	1.596170223595	0.00032807999033015
4	24976	1.596795710493	7.0924245698324e-05
4	24983	1.597158362498	9.6774819752654e-08
4	24990	1.597818529733	1.1518468014666e-06
4	25000	1.598189383329	5.5635588724556e-06
4	25007	1.598847521256	0.0011729945469204
4	25017	1.599202019128	3.3239792587152e-06
4	25024	1.599847507311	0.00078317156613555
4	25031	1.600207260803	2.0158749981937e-08
4	25041	1.600880293563	5.1621854140691e-07
4	25048	1.601169846098	1.669117119483e-06
4	25055	1.601911016878	0.00023367551648861
4	25062	1.602151942387	3.4249966070803e-05
4	25072	1.602862511643	1.2950082034994e-05
4	25079	1.603187715572	7.7027976562763e-05
4	25092	1.603876272852	1.2756575030177e-07
4	25096	1.60422203303	0.00019919813595412
4	25103	1.604872256609	9.8754291893708e-07
4	25113	1.60523732397	6.746525690885e-05
4	25123	1.605859406821	0.00048614232193217
4	25127	1.606201526662	0.00036085173546132
4	25137	1.606886024667	4.1603552532169e-06
4	25144	1.607237610105	1.6077659623301e-08
4	25151	1.607920090688	2.5188045557869e-06
4	25158	1.608190774347	2.2707146513296e-05
4	25168	1.608926744512	3.5188032677904e-05
4	25172	1.609175632173	0.00011897342911291
4	25185	1.609941450707	0.00024625867535969
4	25189	1.610150431106	1.0444018726739e-06
4	25199	1.610952874892	2.6030235096513e-05
4	25206	1.611170643014	8.4877917217414e-06
4	25216	1.611970716871	7.6227070246543e-06
4	25220	1.612153787988	2.1928969622046e-06
4	25233	1.61301430261	3.4233704159735e-05
4	25237	1.613124690382	2.9091152433112e-05
4	25244	1.614017603902	1.972836954309e-05
4	25251	1.61413214209	5.9678808412984e-08
4	25264	1.615041863027	0.0012774050190691
4	25268	1.615109897453	0.00034801286051916
4	25275	1.616069917802	0.00083752756570462
4	25279	1.616129530207	9.597172612411e-08
4	25292	1.617071725036	0.00020557141165695
4	25299	1.617123895613	3.128847089359e-06
4	25306	1.618058462396	0.00051909008301152
4	25310	1.618115060128	1.9737391489915e-07
4	25326	1.619098851235	3.8385941858394e-05
4	25330	1.619119036713	5.800596766076e-05
4	25337	1.620081317908	0.0035683348336247
4	25341	1.62014710624	1.7631032311147e-08
4	25357	1.621035212519	4.86342280495e-09
4	25361	1.621142595566	1.0473113027087e-06
4	25368	1.622003257228	2.7327692501676e-05
4	25372	1.622100730467	5.8033199190714e-07
4	25388	1.622962071188	1.6654740139411e-05
4	25392	1.62312329071	1.2394368833187e-05
4	25402	1.623912503204	1.4214922334694e-08
4	25406	1.624108541414	5.290793214556e-06
4	25419	1.624889978765	0.00078493108799865
4	25426	1.625150067031	1.6307087161188e-07
4	25433	1.625858234793	2.1469539115902e-06
4	25437	1.626151372858	6.9974755708245e-06
4	25453	1.626906800957	0.00046345896846942
4	25457	1.62715249948	0.000215171894125
4	25464	1.62790850249	1.1104788778357e-05
4	25468	1.628151103172	7.0470466241924e-07
4	25484	1.628862343744	1.7853411196834e-05
4	25488	1.629142231102	9.5139014769464e-06
4	25492	1.629873238924	2.0343773864473e-05
4	25499	1.630166847312	0.00016595394799637
4	25515	1.630900091893	2.4151572983591e-05
4	25519	1.631126496083	0.00021591379665566
4	25526	1.631935331555	0.0013471017405893
4	25530	1.632121538784	1.5896866080396e-05
4	25546	1.632906157238	2.2393477186242e-05
4	25550	1.633122151492	0.001962735382339
4	25557	1.633913204142	0.00014127630625856
4	25564	1.634169307591	8.0407979014959e-06
4	25577	1.634954651026	3.4718115577477e-05
4	25581	1.635212307532	0.00019137071958801
4	25585	1.635937066373	0.0001798186977223
4	25592	1.636187201185	0.00010268434007853
4	25608	1.636955802477	7.2093289568658e-05
4	25612	1.637222256097	0.00030591071689632
4	25619	1.637931598533	0.0002056102248788
4	25629	1.638238291721	0.00010570559639523
4	25639	1.638893799445	0.00033553929079786
4	25643	1.639269495964	6.2748730582745e-08
4	25650	1.639852118234	1.1046530637896e-07
4	25660	1.640271897636	8.2295178992688e-07
4	25670	1.640866479987	0.00067850369277895
4	25674	1.641278619589	1.22530213017e-05
4	25684	1.641889805973	1.4116955846117e-07
4	25694	1.642327137354	2.6646862772428e-06
4	25704	1.642934505613	6.6173926611309e-07
4	25708	1.643360553758	0.00012420178898196
4	25718	1.643984390644	1.5828217477863e-08
4	25725	1.644375545741	1.0466559561292e-05
4	25735	1.645000387497	2.5808757738101e-06
4	25739	1.645389648216	0.00019981961205652
4	25746	1.646026622962	4.9869948544915e-05
4	25759	1.64637387013	1.4601402849157e-07
4	25766	1.64697934548	1.0815565416549e-06
4	25770	1.647327536363	0.0006921899910248
4	25780	1.648027162723	1.0406178988536e-06
4	25790	1.648369573995	0.00049991158840575
4	25794	1.64902748588	0.0012993810558575
4	25801	1.649362209589	2.6929102784736e-06
4	25811	1.650057538716	1.5962227267104e-06
4	25821	1.650400374301	0.00015714230627288
4	25825	1.651082441271	1.998297234967e-05
4	25832	1.651374253262	8.5166097282109e-05
4	25842	1.652056771129	1.3662749448709e-05
4	25852	1.652391868545	1.0544223525384e-05
4	25856	1.65304200225	0.0001390572830268
4	25860	1.65339972685	0.00011360870247159
4	25876	1.654084099761	3.0361679439886e-05
4	25883	1.654367206724	4.5773943933648e-05
4	25887	1.65510362578	0.00010089962374412
4	25891	1.655368157753	0.00045625675731465
4	25904	1.656153152065	2.9047545914892e-05
4	25911	1.656347366893	7.6131658156705e-05
4	25918	1.65711149681	0.00081697083932553
4	25922	1.657323217938	0.00016003365213918
4	25935	1.658117300992	1.0737595713653e-05
4	25942	1.658341745625	1.5033041689943e-06
4	25949	1.659101798592	1.9707496976571e-05
4	25953	1.659332198553	8.90782424034e-07
4	25966	1.660130660646	2.2677193272177e-06
4	25976	1.660358954595	3.2597524576141e-05
4	25980	1.661118728083	5.9824344303044e-08
4	25984	1.661383296979	5.2318774764085e-06
4	26003	1.66214615856	0.00056153949090173
4	26007	1.662392439716	0.00018894585114452
4	26014	1.663124188066	9.8817243328949e-06
4	26018	1.663418753729	0.00017614619712072
4	26031	1.66415408063	6.7030852436089e-05
4	26038	1.664374248051	0.00027153491301265
4	26045	1.665121685571	0.0019761963292216
4	26049	1.665362300668	4.6245522082664e-05
4	26062	1.666150529322	1.416039172253e-05
4	26069	1.666381014621	9.0534793572688e-07
4	26076	1.667165009466	5.8605332532257e-06
4	26080	1.667380076303	7.2790946325803e-06
4	26093	1.668152714345	0.0001060108495745
4	26100	1.668370501559	6.2957086005173e-08
4	26107	1.669150305952	0.0001305581129199
4	26111	1.6693753634	2.8794432228602e-06
4	26124	1.670170955422	2.1531246817647e-07
4	26131	1.670337561722	1.0390847642065e-06
4	26138	1.671123133301	2.9039322037818e-07
4	26142	1.671312413323	1.0639161418887e-05
4	26152	1.672170201155	2.3194023814095e-05
4	26159	1.672277812888	9.2221728324078e-08
4	26169	1.673168844627	0.00012162443550432
4	26173	1.673291478962	3.6260841819279e-10
4	26183	1.674159021256	0.00022910530052532
4	26193	1.67432048039	7.4480957939173e-06
4	26200	1.675203185774	2.726173868844e-06
4	26204	1.675334072576	0.00077158619597399
4	26217	1.676215748997	5.2970990072753e-06
4	26221	1.676319500446	7.8342392166028e-08
4	26231	1.677180882779	0.00016218106309078
4	26238	1.677337745433	2.5477250218249e-06
4	26248	1.67820570301	2.4720401938636e-06
4	26252	1.678360864035	8.0893525445259e-09
4	26262	1.679203207893	0.0011548679060261
4	26266	1.679319948704	1.0059694217763e-05
4	26279	1.68021928468	8.1211139272665e-05
4	26286	1.680286154949	8.0307361489299e-07
4	26296	1.681236864536	1.1886993410872e-06
4	26300	1.6812867435	2.0577686852624e-05
4	26310	1.682252390656	1.1758549190632e-06
4	26314	1.6822658183	1.0629754971057e-06
4	26330	1.683224879902	0.00076636619415854
4	26334	1.68328965553	3.4934456230986e-08
4	26344	1.684230670975	2.7400168317787e-06
4	26348	1.684293891032	2.0644248298246e-07
4	26361	1.685183004397	5.9311536451437e-07
4	26365	1.685251117646	1.6278701649852e-05
4	26375	1.686165165405	0.00093667898181744
4	26379	1.686251454485	5.362100536311e-06
4	26389	1.687134056406	0.0001234164633783
4	26393	1.687211125498	7.330363066534e-08
4	26406	1.688138461652	6.3240302119412e-06
4	26410	1.688252795251	1.5406735333521e-06
4	26420	1.689173895911	0.00041971470171168
4	26424	1.689302593728	8.0743325014026e-07
4	26437	1.690211417748	2.062039369986e-05
4	26441	1.690315219001	2.4060124543231e-05
4	26448	1.691176627073	1.7423669502622e-05
4	26455	1.691278862394	3.0551553421222e-06
4	26468	1.692153262146	6.2121983166472e-07
4	26472	1.69231569387	8.2613175976704e-07
4	26482	1.693182558706	2.8168966505509e-06
4	26486	1.69334646764	3.3383481497661e-05
4	26499	1.69413993189	0.00016935293423927
4	26506	1.694385908989	2.3460931980563e-05
4	26510	1.69511507362	1.3156119634381e-06
4	26517	1.695398523695	6.6357510501956e-07
4	26530	1.696091177484	9.069016011884e-05
4	26537	1.696390462334	2.0493398221219e-05
4	26541	1.697115632175	0.0024275248513763
4	26548	1.697386398764	8.3471917524856e-05
4	26561	1.698071577985	8.4379702260281e-05
4	26568	1.698404741135	3.865354706831e-05
4	26572	1.699057660655	3.4024176885219e-07
4	26579	1.699404619118	2.5833854439961e-05
4	26592	1.700047846892	2.8132615765825e-05
4	26596	1.700372115336	5.6960473325738e-08
4	26603	1.701059529622	3.5155832946498e-05
4	26610	1.701340109057	0.00017451853791768
4	26617	1.702092806058	0.00074694237857493
4	26627	1.702310532635	3.1568244066758e-07
4	26640	1.703093175822	0.00013686449547723
4	26644	1.703301546845	1.5176326429169e-06
4	26651	1.704069019858	3.0497081102349e-05
4	26661	1.704333685344	9.4148617043374e-06
4	26668	1.705033636082	4.7248023321089e-05
4	26675	1.705328846576	6.5527342824045e-07
4	26682	1.706069831554	5.6816657440078e-06
4	26692	1.706358370989	1.7594452891606e-06
4	26699	1.70711896485	4.5706944406591e-05
4	26706	1.707319686994	2.0178676269149e-06
4	26713	1.70815843353	3.1536348028312e-07
4	26723	1.708275035414	1.4843356676726e-06
4	26733	1.709185275775	3.4434108342838e-07
4	26737	1.709263847015	4.2323622863275e-07
4	26747	1.710145100076	2.1586567177287e-05
4	26754	1.710287755606	8.2318932003561e-05
4	26764	1.711151596384	0.0015738170739408
4	26768	1.711333201229	4.237679542668e-06
4	26781	1.712134528282	5.066047689785e-06
4	26785	1.712326495608	1.2924900198472e-05
4	26795	1.713118593687	5.1388585168865e-08
4	26799	1.71331212242	0.00060655506275501
4	26812	1.714137428948	7.5473214979097e-05
4	26816	1.71433831922	2.0762427378439e-05
4	26826	1.715153694222	0.00077121056226636
4	26830	1.715352058282	3.6008277993575e-05
4	26843	1.716146102823	0.00017613914308836
4	26847	1.716314593398	1.206385020462e-06
4	26857	1.717184699843	0.00025091152563693
4	26861	1.717341491247	3.3645334664388e-05
4	26874	1.718210199734	1.5579501902709e-06
4	26878	1.718305775092	0.00020538705094961
4	26888	1.719215969777	0.00010951505710946
4	26892	1.719283069967	3.725598048934e-07
4	26902	1.720182228515	5.7201937435584e-05
4	26906	1.720305969956	0.00020841259177568
4	26919	1.7211978385	2.8956496904509e-05
4	26923	1.721325511602	1.1162001344675e-07
4	26933	1.72218901822	3.1658032731664e-05
4	26937	1.722302294834	5.3841732197535e-07
4	26953	1.723202845495	0.00035401203384596
4	26957	1.72334272288	0.00012651993200616
4	26967	1.724205263195	3.2144570043355e-05
4	26971	1.724383495946	0.00036175072133767
4	26984	1.725163278783	0.00016835695751215
4	26988	1.725380636696	0.00028811131308458
4	26998	1.726136936158	0.00087348209139479
4	27002	1.726339513501	1.7123188007431e-06
4	27015	1.727178248275	8.986786329524e-07
4	27019	1.727341536968	2.0040396811587e-05
4	27029	1.728133331846	1.8112702181399e-06
4	27036	1.728361714699	0.00033163665278905
4	27046	1.729093624905	9.7885031431801e-06
4	27050	1.729348633101	8.6648018865278e-06
4	27060	1.730122667528	0.00099564205087264
4	27067	1.730384326159	0.00067863270821976
4	27074	1.731093496372	7.475178951227e-06
4	27084	1.731402580926	2.1877636629913e-07
4	27091	1.732080785384	1.9814046167062e-05
4	27098	1.73240976158	1.0123134266263e-05
4	27105	1.733096428587	5.9828735766819e-07
4	27112	1.733400605314	4.4531772009813e-07
4	27122	1.734098685874	3.8552930331373e-06
4	27129	1.734380362957	0.0015772847734856
4	27136	1.735055352681	1.8967090872321e-06
4	27143	1.735402950134	0.00014028762356866
4	27153	1.736033573694	4.6289783387709e-06
4	27160	1.73641913505	2.4292296872078e-07
4	27167	1.737018324893	1.1881725082063e-08
4	27171	1.737401500542	7.6186054439486e-05
4	27181	1.737971576884	3.4004673670022e-05
4	27191	1.738389199849	1.1706330617632e-06
4	27198	1.739000024004	4.9923526843351e-05
4	27205	1.739371727071	0.00010989699638509
4	27215	1.740018455305	6.7226795775253e-06
4	27219	1.740412277052	1.9214317778738e-05
4	27229	1.740976049754	6.4473084959206e-06
4	27239	1.741439325315	1.2995262868153e-05
4	27246	1.74193005414	3.5191522752151e-05
4	27250	1.742469528971	0.00011503753769992
4	27263	1.74292018566	1.052321811336e-05
4	27273	1.743436877045	4.3378277355526e-05
4	27280	1.743904120768	0.0001779284363659
4	27287	1.744405776367	2.972105272122e-07
4	27294	1.744948671528	2.6626667602119e-06
4	27304	1.745392318978	2.3324919425931e-07
4	27311	1.745978498159	4.0860663983719e-05
4	27318	1.746428925865	1.2341572064395e-07
4	27325	1.746950533961	3.4683540865572e-06
4	27335	1.747478009214	0.00035401422755509
4	27342	1.747902862732	1.6739792249453e-07
4	27349	1.748436265122	8.2028362456345e-06
4	27353	1.748922961467	7.7747020772761e-07
4	27366	1.749391847026	0.0014469140149357
4	27373	1.749877049165	1.3515660563365e-05
4	27382	1.750388780495	4.4722281947326e-06
4	27389	1.750886927555	1.4971518798232e-07
4	27396	1.751417503393	5.9019821059783e-07
4	27406	1.751893305575	0.00010014667282332
4	27413	1.752451684903	7.6704787493893e-06
4	27420	1.752872349213	2.2781739380347e-05
4	27430	1.753436986298	5.357150203417e-08
4	27437	1.753894928721	1.1747905897608e-05
4	27444	1.754484702199	2.1126730021652e-06
4	27451	1.75487504548	1.5020531043097e-06
4	27461	1.75545638989	0.00014066603300412
4	27468	1.75586756052	2.9596891473118e-05
4	27475	1.756499679806	7.5404343119665e-06
4	27485	1.756900463235	2.6464823372687e-06
4	27492	1.757461260792	3.6840861537502e-05
4	27499	1.757860962646	3.8381388517271e-08
4	27506	1.758416977163	1.447401960576e-05
4	27513	1.758820633755	0.001141064997991
4	27523	1.759421058788	0.00027394306509991
4	27527	1.759858725357	6.8065562790404e-07
4	27537	1.760404046334	2.5629950618209e-06
4	27544	1.760855031997	1.4767163011691e-05
4	27554	1.761405883897	4.2056676643825e-05
4	27558	1.761861830526	2.4134696295863e-05
4	27568	1.762407167126	1.7747761059826e-07
4	27578	1.762891383802	6.2928005150068e-06
4	27588	1.763358755902	0.00040235576565877
4	27595	1.763876700847	1.3601193209905e-05
4	27602	1.764329571269	1.9997143071552e-06
4	27609	1.764844178115	0.0013107386939487
4	27619	1.765319260719	3.8528818854984e-06
4	27623	1.765795225386	2.6072446569629e-06
4	27633	1.766330998285	7.0067388954729e-08
4	27640	1.766775511786	5.9271838517532e-06
4	27650	1.767323710198	6.988405811931e-06
4	27654	1.767745669558	3.4660683725893e-07
4	27664	1.768314427904	1.6878448629369e-08
4	27671	1.768767336439	1.1264407920359e-05
4	27681	1.769322138088	4.2222737022402e-06
4	27685	1.769783384575	1.4605220954259e-06
4	27695	1.77034387949	3.9140073366539e-06
4	27702	1.770805844186	9.0396150674759e-06
4	27712	1.771322248456	0.00050258959612778
4	27716	1.771811382235	0.00027055370119389
4	27726	1.772325238037	1.4924660655996e-07
4	27733	1.772786924761	1.3289940561224e-06
4	27743	1.773374582728	0.0012028178467485
4	27747	1.773755269475	3.7646678180969e-07
4	27757	1.774375687815	5.2119346317715e-07
4	27764	1.774727252546	7.1607304506048e-06
4	27774	1.775383384747	3.5776449866271e-05
4	27778	1.775712339259	7.7433665450144e-06
4	27788	1.776398930304	1.0613416054416e-06
4	27795	1.776694802425	0.00010702963704603
4	27805	1.777360626602	2.0303278426471e-06
4	27809	1.777675545486	9.3187952994458e-05
4	27816	1.778348264266	5.3051524501304e-06
4	27826	1.778699253196	0.00028776816104587
4	27836	1.779364242945	9.5755797147822e-06
4	27840	1.779680807647	8.4950676310395e-07
4	27850	1.780402346439	7.0222303588367e-06
4	27857	1.780726104116	1.0827682027564e-08
4	27867	1.781421660169	1.05121230236e-07
4	27871	1.781725837162	5.6006634355061e-06
4	27887	1.782437728829	0.14624323693377
4	27894	1.782712967988	0.00086764401586206
4	27901	1.783422429231	8.4208086438324e-05
4	27905	1.783753759241	0.00075720094921185
4	27915	1.784388296864	3.1986343895818e-06
4	27922	1.784704585328	0.001274742673358
4	27929	1.785372616753	2.0494829033613e-07
4	27936	1.785681275745	0.00014552748683722
4	27943	1.786398231436	1.4544832528361e-08
4	27953	1.786657160001	1.5671246329539e-05
4	27960	1.787364265554	0.00017619911136735
4	27967	1.787670643292	0.0001477409476011
4	27977	1.788392191509	8.3632861197712e-05
4	27984	1.788703306973	0.00013461678228538
4	27994	1.789378982624	0.00010415272849876
4	27998	1.789724984415	1.1360455163174e-05
4	28008	1.790364816329	0.00013210507505053
4	28015	1.790746759249	5.1062550010661e-05
4	28022	1.791314923983	7.5648164062181e-05
4	28029	1.791788880062	0.00021928058016422
4	28039	1.792345883274	0.00056795031962284
4	28049	1.792815891529	8.3431252660841e-05
4	28053	1.793301767061	7.2159651721879e-07
4	28060	1.793820192241	1.2580127961094e-05
4	28067	1.794270678407	8.1335064579846e-05
4	28080	1.794851270186	3.4126063683153e-06
4	28084	1.795238450212	7.8316455649274e-07
4	28091	1.795850658059	1.4970935136872e-06
4	28098	1.796207405856	1.6919259335476e-06
4	28111	1.796833069673	2.6290463458283e-05
4	28115	1.797200721409	3.8785411024779e-07
4	28122	1.797852859729	3.2691384964291e-05
4	28126	1.798242610282	1.497799551257e-05
4	28142	1.798827038363	1.3036640540657e-07
4	28146	1.799212383463	5.2878354129296e-05
4	28153	1.799866421818	6.3747020177097e-05
4	28160	1.800169771134	8.4045393826024e-09
4	28170	1.800871401741	5.2651099124128e-07
4	28177	1.8011281878	0.00069932149986494
4	28184	1.801897713044	0.00094427398536993
4	28191	1.80208509274	0.00038583126269497
4	28207	1.802877326299	0.00073159956817319
4	28211	1.803120978725	5.3931155050633e-05
4	28218	1.803894389297	1.1593049455359e-05
4	28225	1.804076947424	2.6079507107151e-05
4	28238	1.804874440295	7.3162131333488e-05
4	28242	1.80511360834	1.4221167661791e-06
4	28252	1.805855954769	3.8663500946631e-05
4	28256	1.806143953657	1.3785088114488e-06
4	28269	1.806881488778	0.00013533805528484
4	28273	1.807176417272	9.2986169964568e-08
4	28283	1.807915231621	5.0498415022146e-07
4	28287	1.808167464545	4.9699841442863e-05
4	28300	1.808950026803	0.00015342379478171
4	28304	1.809130016668	2.465810690197e-05
4	28314	1.809970770296	0.00039719493953511
4	28318	1.810095729862	0.00020521948702617
4	28331	1.810925038215	3.283603151063e-06
4	28335	1.811079915545	7.4161866145835e-06
4	28345	1.811951436725	3.0951511735235e-08
4	28349	1.812033184678	5.1887079509905e-06
4	28362	1.812956052236	5.0900834926598e-08
4	28366	1.813079718408	7.4200421694142e-06
4	28376	1.813923912228	1.5928029040843e-09
4	28380	1.8140530458	2.9672785885041e-06
4	28393	1.814887306477	0.0011421171185772
4	28397	1.815099452895	0.00023301251977007
4	28407	1.815894289539	0.00056530047150496
4	28411	1.816137747798	0.0002336915585141
4	28424	1.816874092717	0.00062573511212828
4	28428	1.817182993435	8.0398475087969e-07
4	28438	1.817839472106	2.1682525823967e-05
4	28442	1.818137680697	1.535479398516e-07
4	28455	1.818866866311	4.9076779524848e-06
4	28459	1.819114771149	7.8367494698134e-06
4	28469	1.819831157993	2.8258723689393e-05
4	28473	1.820120763888	1.7328963158874e-06
4	28486	1.820847228387	1.0105785557834e-07
4	28490	1.821122569898	3.6581025461215e-06
4	28500	1.821883094614	7.1238822272897e-07
4	28504	1.822116633263	0.00022455506806116
4	28520	1.822843338015	1.1571179496252e-05
4	28524	1.823070871286	0.00027326223017559
4	28534	1.823875631719	2.1860667599763e-05
4	28538	1.824098240144	3.2724164284644e-07
4	28551	1.824922954378	8.8378877644707e-07
4	28555	1.825120862048	2.6357474106953e-06
4	28565	1.825909779891	4.3398882407053e-07
4	28569	1.826160187711	3.475499385743e-06
4	28582	1.826898036126	8.6169822383724e-06
4	28586	1.827201515409	3.6028784173353e-05
4	28593	1.827939021777	1.818023580883e-05
4	28603	1.828208968775	1.0850536468595e-06
4	28613	1.828899773823	3.2746686963189e-06
4	28617	1.829243034385	2.3124676400544e-09
4	28621	1.829907759746	0.010400949559751
4	28631	1.830221939836	5.9128718948648e-06
4	28644	1.830951395238	9.3743000709904e-08
4	28648	1.831197899665	0.0016588506719341
4	28655	1.831955491888	1.2500909023657e-05
4	28665	1.832205734345	0.00032522864623399
4	28675	1.832910114274	1.6090110816619e-05
4	28679	1.833179212094	0.00012597267330611
4	28686	1.833922200771	3.2460040350217e-05
4	28696	1.834140875469	0.0012676971123638
4	28706	1.83488952299	1.1078248811958e-06
4	28710	1.835180324575	8.2148060279932e-05
4	28717	1.835874893984	6.7661722211708e-06
4	28724	1.836130393597	7.537321223914e-06
4	28737	1.836899402833	1.5282540873887e-05
4	28741	1.837089166102	4.6312427740303e-05
4	28751	1.83788751327	0.0019809287354728
4	28755	1.838116462727	0.0016653744349622
4	28768	1.838857223971	9.1303186671588e-07
4	28772	1.839130065796	4.2356737292655e-05
4	28782	1.839862182005	5.5202087361934e-08
4	28789	1.840107605317	1.2891035851672e-05
4	28799	1.84091082323	0.00093368247136668
4	28803	1.84112897227	0.00012957361241493
4	28813	1.841955539838	7.0802339142171e-05
4	28820	1.842159369299	0.00067629258462448
4	28833	1.842979587497	7.2090883409141e-05
4	28837	1.843186228579	2.9522443142754e-05
4	28850	1.844013893159	2.1614806410062e-06
4	28854	1.844219829904	5.4822271411086e-06
4	28864	1.845005488085	0.0002446989755187
4	28868	1.845241606658	1.7840417761482e-09
4	28881	1.845998669746	7.140742728754e-06
4	28885	1.846263297865	0.0048801949230817
4	28895	1.847006982592	1.0947106419671e-08
4	28899	1.847289981711	1.4209278459506e-06
4	28912	1.848039334336	5.2028149369281e-06
4	28916	1.848282824605	6.0432218251984e-06
4	28926	1.849031042848	1.9054786540204e-06
4	28933	1.849330909574	3.3949962779296e-06
4	28943	1.850034114959	9.2498361883699e-07
4	28947	1.850379936584	2.6755117233031e-05
4	28957	1.851076248414	5.1132670288335e-07
4	28961	1.851363398419	2.1306183206797e-08
4	28974	1.852121081581	3.8818673259508e-06
4	28978	1.852407963056	7.6061795300964e-06
4	28988	1.85317079834	1.9280225299349e-06
4	28992	1.85344663911	0.00024538047621119
4	29005	1.854194793763	2.0298097202422e-05
4	29009	1.854411130563	0.00079349582336489
4	29019	1.855181065756	2.0971547723323e-07
4	29023	1.855388332961	0.00039385633957179
4	29036	1.856148220732	1.8580573148038e-05
4	29043	1.856344429442	3.3898345772646e-05
4	29050	1.857181847402	8.2091129699269e-05
4	29054	1.857301323224	7.6835247365103e-10
4	29070	1.858188786044	0.00018458786060838
4	29074	1.858308726615	2.4754014709716e-07
4	29081	1.85918553828	6.0718288388889e-06
4	29085	1.859324501131	5.7177309953171e-06
4	29101	1.860184135251	1.946187834002e-05
4	29105	1.860324363905	6.3694675842353e-06
4	29112	1.861188201074	2.8864211216362e-06
4	29116	1.86128654754	9.4454632474202e-08
4	29129	1.862157709165	3.3570113941116e-05
4	29139	1.862313542886	2.6947856824967e-06
4	29143	1.863117782063	1.1040017534626e-08
4	29150	1.863318962673	1.5724241141287e-05
4	29163	1.864147498249	9.8092486907136e-06
4	29167	1.864292541156	1.1469317093382e-06
4	29174	1.865158620215	1.1140843387894e-05
4	29181	1.865281641892	9.8940489888157e-06
4	29194	1.866164509953	4.7161906547993e-06
4	29198	1.866241566307	9.3682554273541e-07
4	29208	1.867210326954	2.5084172770384e-07
4	29212	1.867242241844	1.1402680364501e-06
4	29222	1.868160986387	1.2435476045433e-05
4	29229	1.868274065004	6.5824458345242e-05
4	29239	1.869135132505	5.2759092892905e-06
4	29243	1.869236257549	5.9079893486484e-05
4	29253	1.87013747595	1.9282156033139e-06
4	29260	1.870274717516	4.7430958218091e-06
4	29270	1.871090586747	0.0024888844175925
4	29274	1.87130496813	0.00022224146541623
4	29281	1.8721260227	1.0281832974949e-05
4	29291	1.87226334492	0.00018553029634052
4	29301	1.87317206746	6.6487241577748e-07
4	29305	1.873280338781	3.7857548417585e-07
4	29315	1.874183684269	1.4924404459453e-07
4	29322	1.874274945019	5.8167325983632e-05
4	29332	1.875217837114	1.5926592655084e-05
4	29336	1.875262764567	1.2112834000952e-06
4	29346	1.876200300967	7.0593896902999e-07
4	29350	1.876303208538	2.5902802979068e-06
4	29363	1.877187369849	5.9871653123647e-05
4	29367	1.877253288791	2.5316790439783e-06
4	29374	1.878175159913	3.6614670539355e-05
4	29378	1.878243351106	7.541803307025e-05
4	29394	1.879133601092	8.7291477702508e-05
4	29398	1.879217695105	0.000105637478864
4	29402	1.880113997984	1.0253025861885e-05
4	29406	1.880183415033	0.00016122172353854
4	29425	1.881074322503	5.1771945122676e-05
4	29429	1.881148395597	2.0738017443046e-07
4	29433	1.882081780938	6.0138671133739e-07
4	29437	1.882108248351	0.00024759095752927
4	29459	1.883089917199	1.4883796070773e-07
4	29463	1.88309145322	1.0397915499875e-06
4	29467	1.884082597116	0.0080904232680639
4	29471	1.884101010448	6.4883487782299e-07
4	29490	1.885067096819	4.8420435083118e-05
4	29494	1.885127888937	3.0102374687638e-06
4	29498	1.886041807807	9.0045154017993e-05
4	29502	1.886166042476	3.7597704247765e-05
4	29521	1.887036251895	1.9708889040138e-06
4	29525	1.887172725854	1.8789517913975e-05
4	29535	1.888083709858	3.7615491111471e-06
4	29539	1.888126389291	3.1024838880639e-07
4	29552	1.889088391382	6.0982154660936e-06
4	29556	1.889152271578	4.290912533063e-05
4	29566	1.890125157496	7.382400323999e-06
4	29570	1.890160042165	0.00029491466731498
4	29583	1.891147231503	1.2411519753389e-05
4	29587	1.891184698528	0.00036086532414567
4	29600	1.892188508367	0.00030362343966379
4	29604	1.892224449157	6.5736147119443e-07
4	29614	1.893139458795	3.8993495201649e-05
4	29618	1.893244851539	1.1354476340707e-05
4	29628	1.894187987497	6.0026465201887e-05
4	29632	1.894227642291	5.08423285476e-07
4	29645	1.895202467523	3.0654741138644e-05
4	29649	1.895217741092	5.3767842617759e-07
4	29659	1.896175197104	5.7375590397932e-06
4	29663	1.896242491708	0.00023864612681948
4	29676	1.897148047314	2.7298103228708e-05
4	29680	1.89720295045	4.8174532777778e-05
4	29690	1.898133348709	0.0021518070116784
4	29694	1.898247061811	4.0566945590728e-05
4	29707	1.899159041265	3.8057423241606e-05
4	29711	1.899278070402	2.1110116981399e-08
4	29721	1.900186373028	1.1532538644911e-08
4	29728	1.900281805526	2.9065529489213e-05
4	29738	1.901227227717	0.00016666406031434
4	29742	1.901289012718	4.1751136155538e-05
4	29752	1.902202626053	2.8385755703143e-06
4	29756	1.90226316901	3.5957128759758e-06
4	29772	1.903156044354	0.00012120775322392
4	29776	1.903310448645	5.9285043447639e-05
4	29786	1.904154977465	0.0076085225582946
4	29793	1.904273426506	0.00011429053215096
4	29803	1.905107388346	1.9632014186153e-05
4	29807	1.905292922006	4.7215728423855e-05
4	29814	1.906070238912	8.1205194580584e-07
4	29824	1.906339425461	1.6287940367247e-09
4	29834	1.907085356488	0.00033083424069098
4	29838	1.907323586301	1.6285999718937e-05
4	29845	1.908109082333	3.9293132106058e-09
4	29849	1.908302012267	5.392580659755e-05
4	29865	1.909153328649	1.0028372089554e-05
4	29872	1.909342222294	2.6468071309448e-08
4	29876	1.910183835193	3.2246258132519e-05
4	29880	1.910316574868	2.906730351092e-05
4	29899	1.911204591386	2.9539350038623e-06
4	29903	1.911330256714	1.6302859886137e-05
4	29907	1.912249720635	8.0709598437122e-06
4	29911	1.912320913207	1.1507126247562e-06
4	29927	1.913243010783	3.4821737061669e-07
4	29934	1.913289695886	0.0013591367274429
4	29938	1.914272998175	4.8910320787082e-05
4	29945	1.914327493073	6.1854481200508e-07
4	29961	1.915307227359	0.00072082772171718
4	29965	1.915356945548	1.8902016718078e-07
4	29972	1.916347317391	1.2546401150469e-05
4	29976	1.916406128319	1.1956360667329e-05
4	29992	1.917317413187	5.477983461207e-06
4	29996	1.917363869747	0.0013840048550313
4	30000	1.918329789209	3.3749237714905e-06
4	30004	1.918381814264	3.4351335922866e-05
4	30020	1.91936686161	1.5865621349543e-05
4	30027	1.919427561725	0.00010118723662036
4	30031	1.920341737532	6.8951294492236e-06
4	30038	1.920417155299	4.0549375643584e-06
4	30054	1.921344869441	0.00013152651217555
4	30058	1.921410393396	5.3867881884582e-05
4	30065	1.922368174967	8.6696124779684e-06
4	30072	1.922408356249	1.1855218857199e-05
4	30085	1.923355953487	0.00075402223635686
4	30089	1.92339706418	8.0852444734269e-05
4	30102	1.924347627822	8.0229507362428e-06
4	30106	1.92436105325	9.3105702473184e-05
4	30116	1.925338983669	0.0001104291691716
4	30120	1.925370681335	5.231469162048e-05
4	30133	1.926322147338	0.00011695346495384
4	30137	1.926389549206	3.5991970693802e-05
4	30147	1.927325560441	0.00091480193831964
4	30151	1.927351379181	4.9017563639199e-08
4	30164	1.928365327406	7.2803674398646e-07
4	30168	1.928387209778	3.1000545391453e-06
4	30178	1.929352125491	0.00044181375523165
4	30182	1.929353039318	1.0888974280559e-06
4	30195	1.930308927234	3.0856530525057e-05
4	30202	1.930330619656	0.00011354274658615
4	30209	1.931299581089	5.2880238684493e-06
4	30213	1.931341729598	9.4482078281457e-07
4	30226	1.932317129625	1.1194947731045e-06
4	30230	1.932376226439	3.6040880391242e-05
4	30243	1.93329076229	8.7777283398032e-05
4	30247	1.933351326846	4.5735094438183e-06
4	30254	1.934304085989	1.9645686260918e-06
4	30258	1.934308445595	5.9576108305226e-07
4	30274	1.935264219848	6.8470712360157e-05
4	30278	1.935305375329	5.5107407991089e-08
4	30285	1.93623323877	3.12123573342e-05
4	30289	1.936349252074	1.7831470669003e-09
4	30305	1.937244319411	6.5637692193514e-06
4	30309	1.937364880338	9.2440767105073e-09
4	30316	1.938263598237	7.7461346126974e-07
4	30320	1.938370888495	8.1637623313844e-07
4	30336	1.939252809431	1.002771221562e-05
4	30340	1.939372796017	0.00080621462208864
4	30347	1.940289764719	5.059354850991e-05
4	30351	1.940329620342	2.0929197304164e-05
4	30367	1.941331708417	2.3031094868134e-05
4	30371	1.941358058161	7.1619349591584e-08
4	30378	1.942297729374	6.7744018082145e-05
4	30382	1.94231430984	0.00071370010921309
4	30401	1.943298129539	3.4703608854033e-08
4	30405	1.943302553723	2.5271167838178e-05
4	30412	1.944273656115	1.9863368731791e-05
4	30416	1.944290314852	5.7463418069374e-07
4	30432	1.945281898067	4.1012015446354e-05
4	30436	1.945297752229	8.1101873633436e-07
4	30446	1.946297316128	1.2872886124389e-06
4	30450	1.946317437288	2.1430862270174e-05
4	30463	1.947274261418	8.3830766505441e-06
4	30467	1.947309191048	0.00013690495840642
4	30474	1.948288927171	2.1844716952099e-07
4	30478	1.948347126302	4.9471604667965e-07
4	30494	1.949303846686	9.6887168710453e-07
4	30498	1.949351290909	3.2367316588295e-08
4	30505	1.950258034797	8.7202186892639e-06
4	30512	1.950397444246	1.8864585736824e-05
4	30525	1.951261125547	0.00017931702782035
4	30529	1.951372580219	7.4938908426253e-07
4	30539	1.952281219457	9.0775398694037e-07
4	30543	1.952410811814	5.801389033465e-06
4	30556	1.953314365998	0.00036585864595101
4	30560	1.953387699242	1.0291005130562e-05
4	30567	1.954329160062	1.5769823184885e-07
4	30574	1.954366472937	2.9014208735784e-06
4	30587	1.955327466348	2.6997528106731e-06
4	30591	1.955404474559	1.4889192702484e-06
4	30598	1.956360091951	0.0051702027137365
4	30602	1.95637514038	3.5136091655742e-05
4	30618	1.957383776365	0.0004835657378111
4	30622	1.957417139603	6.309710696912e-06
4	30629	1.958421940292	0.0002658095095632
4	30633	1.958447885564	3.2221017229745e-06
4	30649	1.959440395648	0.00040918873628068
4	30653	1.959441811488	9.4957257253912e-10
4	30663	1.960397109531	6.0099053492881e-07
4	30667	1.960489439165	3.7852595159136e-10
4	30677	1.961400397044	2.4024016517132e-06
4	30684	1.961534249055	2.4409786926195e-06
4	30691	1.962390356607	4.7146753531264e-05
4	30704	1.962556467885	6.882598291372e-05
4	30711	1.963410812127	0.00016997139937646
4	30715	1.963578658766	5.4647663657452e-05
4	30725	1.964388190801	0.0011015722864704
4	30735	1.964533693766	6.7616049562496e-08
4	30742	1.965370021071	1.4735060877349e-05
4	30746	1.965578241976	5.9640510420453e-06
4	30759	1.966383602901	6.5126129574947e-07
4	30763	1.966543687632	3.7959751450866e-07
4	30773	1.967414761106	1.7100217365932e-05
4	30777	1.967550032869	1.9716764677486e-05
4	30790	1.968367922065	8.3085172063028e-05
4	30794	1.968595824444	0.00040710482706027
4	30804	1.969364413464	0.00013927584170363
4	30808	1.96954606274	3.0943568218902e-06
4	30821	1.970340397946	5.9563680082791e-05
4	30825	1.97052416622	3.3823915611618e-07
4	30835	1.971334000512	6.9021295050106e-06
4	30839	1.971488247356	2.4505742269691e-11
4	30852	1.972340834656	2.0145325827466e-05
4	30859	1.972451075464	0.00010609883358467
4	30866	1.973336810046	7.2350730221217e-05
4	30870	1.973459572807	4.1867888632084e-08
4	30883	1.974353705568	3.1156390014189e-08
4	30887	1.974503162243	4.5471267425333e-08
4	30897	1.975354342173	1.7712636009358e-05
4	30901	1.975496965373	0.00013066073600469
4	30914	1.976375750087	0.00012889104510597
4	30918	1.976544686795	3.8330985453779e-06
4	30928	1.977365616637	2.5183692509564e-05
4	30932	1.97757545388	8.9025938815161e-06
4	30945	1.978319182436	7.5513169696448e-05
4	30955	1.978599416126	6.8264099977149e-06
4	30959	1.979368186314	1.3781578454822e-06
4	30963	1.979572804571	3.2507901540761e-05
4	30973	1.980334223918	0.00015059124335734
4	30983	1.98052827307	1.0483122119061e-05
4	30990	1.981310496733	6.4035694909411e-05
4	30997	1.981514022626	9.1422816787903e-07
4	31007	1.982349716911	5.6413661972526e-06
4	31011	1.982488617478	2.1826870586997e-07
4	31024	1.983312699927	6.0998264257586e-05
4	31028	1.98347231356	4.7362426394164e-05
4	31038	1.984290996297	0.0049937572325061
4	31048	1.984510600415	0.00040261475327107
4	31055	1.985336171121	2.417793617374e-05
4	31059	1.985488579218	2.2077357089195e-07
4	31069	1.986305230853	1.9259355528912e-05
4	31076	1.986493386177	2.519032766875e-06
4	31086	1.987323950022	0.0026641795306005
4	31090	1.987529449797	9.5083957128192e-06
4	31103	1.988366864933	8.2434937498377e-08
4	31110	1.988508728174	2.1570515981702e-05
4	31117	1.989363678639	2.0398591551747e-06
4	31121	1.989521282586	0.00019791322657735
4	31134	1.990338255167	6.8651096478468e-05
4	31138	1.990526398636	1.5364668571597e-05
4	31148	1.991291150312	8.6149083062006e-07
4	31152	1.991573053326	1.3264021863631e-05
4	31165	1.992295392786	6.0176871796222e-06
4	31175	1.992595663888	1.7094869257376e-05
4	31179	1.993322280327	7.2647946333812e-06
4	31183	1.993623313756	3.9505148493808e-07
4	31196	1.994367575266	0.00084478000212245
4	31200	1.994619407158	5.5036681073184e-06
4	31210	1.995385071529	0.00023459569753848
4	31214	1.995619290656	2.684925414128e-05
4	31227	1.996379363474	2.8258993179252e-05
4	31234	1.996584881107	0.00057430071909274
4	31241	1.997386330471	4.6685793335077e-05
4	31245	1.997593944694	9.9367067658773e-12
4	31258	1.998435725878	2.2501497262362e-05
4	31262	1.998554402252	4.0751907787574e-07
4	31272	1.999421504656	0.00032348150788433
4	31276	1.999536413204	3.684993548227e-06
4	31291	2.000383529855	8.4472608781303e-05
4	31295	2.00056757535	1.2626695657114e-06
4	31305	2.001406397106	5.5543540894851e-07
4	31309	2.001565835308	3.1246396495226e-06
4	31322	2.002394103638	0.00029923096403239
4	31326	2.00256899209	0.00033592705872281
4	31339	2.003351654204	7.7116392358827e-05
4	31343	2.003550342767	1.8365683131952e-05
4	31353	2.00430666905	0.00010362945257995
4	31360	2.004551848256	7.4916471066656e-07
4	31370	2.005332155564	0.0013092178013777
4	31374	2.00553657989	5.5652252041244e-05
4	31381	2.006298471506	0.00011165755688292
4	31394	2.006562024572	1.2715258714122e-06
4	31401	2.007275002964	0.00011593581429263
4	31405	2.007586240372	3.8395812944236e-08
4	31415	2.008233773803	0.00015463164463426
4	31428	2.008578832335	4.0581755975621e-06
4	31432	2.009183870911	4.6021315112694e-07
4	31436	2.009592552391	6.6727392878529e-09
4	31446	2.010226283022	7.0966491645196e-06
4	31459	2.010549366489	6.2179151426891e-05
4	31463	2.011251330959	7.7679741017381e-06
4	31467	2.011569162374	3.0431554698693e-07
4	31483	2.012251719926	2.6884582274962e-07
4	31490	2.012574198259	8.6648178169553e-08
4	31494	2.013235036827	9.8201422832079e-05
4	31501	2.013541378943	1.9124657079101e-08
4	31511	2.014187892885	1.1462720281261e-05
4	31521	2.014505350601	2.821580586758e-07
4	31525	2.01520395305	1.3020172029626e-05
4	31529	2.015489415662	0.00037981954851918
4	31542	2.016163550067	1.0271385709289e-05
4	31549	2.016455416734	0.0036908640978668
4	31556	2.017136642165	0.00078333465088766
4	31563	2.017463915109	0.00096625105532024
4	31570	2.018097205421	1.6633676817263e-05
4	31580	2.018507673833	1.2379505583568e-07
4	31587	2.019070432604	0.00052216733102757
4	31594	2.019473522163	5.4924369141258e-06
4	31601	2.020063429282	3.8439754168542e-05
4	31611	2.0204254127	3.8316621977061e-06
4	31621	2.021096066943	0.00049035816124256
4	31625	2.021392035256	1.7488126423519e-05
4	31629	2.022075906201	6.2508265858327e-07
4	31639	2.022406544053	2.5765057323871e-06
4	31655	2.023114047455	1.780975976288e-08
4	31659	2.023415341505	3.2273475538354e-09
4	31663	2.024068666519	5.2014227286925e-07
4	31670	2.024427183806	2.9345856770678e-05
4	31686	2.025092338231	7.6969382610426e-05
4	31690	2.025403973052	4.2738984434603e-06
4	31694	2.026138432047	6.3427446971962e-07
4	31704	2.026443556044	9.88720110895e-06
4	31714	2.02717567589	0.00024820122203126
4	31721	2.027395205191	5.0015766045127e-06
4	31728	2.028145642391	6.5842224924908e-05
4	31732	2.028356246615	7.7735469607963e-06
4	31748	2.029168785226	8.7934871134335e-05
4	31752	2.029315194298	6.2169574401549e-07
4	31759	2.030185544644	4.5271025106491e-05
4	31766	2.030276170131	5.6806846716449e-05
4	31779	2.031160724521	9.6235139037709e-06
4	31783	2.031297966621	4.5294828256183e-06
4	31793	2.032210488734	0.0037852004362819
4	31797	2.032329094073	2.4020645727497e-05
4	31807	2.033181704534	0.00022096295617134
4	31814	2.033375142455	2.0114859930653e-05
4	31824	2.03418916531	4.9480508318235e-05
4	31828	2.034408186258	1.472294182537e-07
4	31838	2.035231483688	3.2819950299938e-08
4	31845	2.035417141545	9.2296206375681e-06
4	31855	2.036255180425	7.0849369341373e-06
4	31859	2.036380590644	4.7734259311375e-08
4	31869	2.037234329503	2.5062525487907e-08
4	31876	2.037389782828	1.3053130722025e-05
4	31886	2.038195813569	4.7289678745031e-06
4	31890	2.038361278224	0.0001183611405837
4	31900	2.039190747719	4.2125743429048e-07
4	31907	2.039380206955	0.0011223978964995
4	31917	2.040143842334	2.8883466569796e-05
4	31921	2.040408652065	1.7231518988741e-06
4	31928	2.041115782291	5.635926120251e-05
4	31938	2.041387106411	5.2701453498626e-05
4	31945	2.042102331022	0.00025493908374525
4	31952	2.042369817248	7.6680570575346e-08
4	31956	2.043078139368	0.0003296177619037
4	31972	2.043353172865	3.6534165380687e-07
4	31979	2.044102167083	7.933792829012e-06
4	31986	2.044376968727	3.5329920998277e-06
4	31993	2.04511831493	2.9440404070353e-05
4	32000	2.045350581699	4.2955430551034e-06
4	32007	2.04607026754	4.0399274421618e-07
4	32014	2.046360602024	2.098946094677e-05
4	32024	2.047068581155	1.0181477204592e-05
4	32031	2.047367636706	9.3269129364685e-08
4	32038	2.048046763516	2.0837824438384e-05
4	32045	2.048410532081	2.3865903370503e-05
4	32055	2.049084665525	7.3727050885902e-06
4	32062	2.04938171896	0.00029008257276086
4	32069	2.050079292267	4.6516460178778e-09
4	32076	2.050341730792	1.864253495714e-05
4	32089	2.05105825996	9.9512994090932e-06
4	32093	2.051363532416	0.0009470242506792
4	32100	2.052104811536	6.7609393593632e-05
4	32104	2.052389408622	3.3946708933209e-05
4	32120	2.053060845939	2.2826429992551e-06
4	32124	2.053424160274	1.3729263241845e-06
4	32131	2.054061475305	1.9021571298104e-05
4	32138	2.054397113928	3.2453880829591e-05
4	32151	2.055068074505	4.4432672839742e-05
4	32155	2.055439696144	6.5455211909978e-05
4	32159	2.056078690193	4.3627175478074e-06
4	32169	2.056481595186	0.0051571394513183
4	32182	2.057096216771	3.4883155797941e-05
4	32186	2.057446834133	0.00027302993443384
4	32190	2.058120923008	0.036875265820948
4	32200	2.058434524098	0.0004722258505505
4	32213	2.059151189004	0.00017714280405113
4	32217	2.059417737348	2.6612538019882e-05
4	32224	2.060160918827	1.3999164311824e-07
4	32228	2.060430643074	2.2660654950811e-06
4	32244	2.061204360076	1.118129037613e-06
4	32248	2.061457019426	1.9916802362583e-05
4	32255	2.062247172763	0.00077959821572708
4	32262	2.062492072299	0.00013505778905697
4	32278	2.063240948894	6.1978544358739e-08
4	32282	2.063496983681	1.3426518299834e-06
4	32292	2.064227558344	2.6516120554173e-05
4	32296	2.064461950661	1.0896290042433e-05
4	32309	2.065237461328	2.530450417096e-06
4	32313	2.065489820173	1.9896982740175e-05
4	32323	2.066216533678	7.576554973026e-06
4	32327	2.066453693003	1.0912856120767e-05
4	32337	2.067183379418	1.5826322028262e-06
4	32344	2.067415018983	0.00052582160224915
4	32354	2.068194118341	7.6229802985725e-05
4	32358	2.06845396306	0.0001698388779545
4	32368	2.069182971713	1.4282149753183e-07
4	32375	2.069427074987	2.7325301619671e-06
4	32382	2.070169736536	0.00012350699600938
4	32389	2.070387915006	8.6554415783002e-07
4	32399	2.07113039414	2.0087294200309e-05
4	32403	2.07137178587	7.0034386925712e-08
4	32413	2.072103043963	2.6522809750064e-06
4	32417	2.072328299575	0.0044196391169636
4	32430	2.073135600647	9.0731948396923e-06
4	32434	2.073339735771	3.4385189778726e-06
4	32444	2.074165387191	0.00079723613591416
4	32448	2.074351861348	4.4565632500775e-07
4	32461	2.075160400646	3.3107528591629e-05
4	32468	2.075377293172	1.3463341045333e-05
4	32475	2.076148562574	0.00064253453516161
4	32479	2.076328578021	3.0850204546461e-05
4	32492	2.077112571995	3.9695368803041e-05
4	32496	2.077363401427	7.651351750434e-06
4	32506	2.078151635352	4.0446757550473e-06
4	32510	2.078341309423	6.3406884015719e-07
4	32523	2.079105702479	5.4877090657044e-06
4	32527	2.079342638988	3.4546574551513e-05
4	32534	2.080150756722	0.0061387001948671
4	32541	2.080340673105	1.3601638154966e-06
4	32554	2.081102191802	2.8596930739466e-06
4	32558	2.08135769536	1.009236522483e-06
4	32565	2.082118082112	4.3688266729569e-05
4	32572	2.082342914485	0.00020468170233911
4	32588	2.083166471082	3.1210015838032e-07
4	32595	2.083385252862	0.00015856483406372
4	32599	2.084119518186	1.8024004686033e-05
4	32606	2.084375677363	8.9892378152783e-07
4	32619	2.085138141108	3.7165029078784e-06
4	32626	2.085360784474	4.7137490420797e-06
4	32630	2.086139230721	1.3254247488914e-05
4	32634	2.086316315587	6.9697102488001e-07
4	32650	2.08715474056	7.9057804412729e-08
4	32654	2.087276109946	2.9049203310126e-08
4	32661	2.088135988349	3.4079328492297e-06
4	32665	2.08824690102	2.0804876355892e-09
4	32681	2.089161454811	9.719908671868e-06
4	32688	2.089269650632	5.3344966497778e-06
4	32692	2.090143295766	4.1983028624327e-06
4	32696	2.090270327031	3.1598402239511e-09
4	32712	2.091134136161	5.3823208823838e-05
4	32716	2.091235528758	0.0006369993593388
4	32723	2.092098578683	0.00023467287824376
4	32727	2.092196565578	5.303766366375e-06
4	32743	2.093135172245	4.2840762315156e-05
4	32747	2.093189627712	6.007446265273e-06
4	32754	2.094126388462	2.6885915446605e-06
4	32758	2.094167508361	8.2175247390055e-05
4	32774	2.0951247934	5.3216284355028e-07
4	32778	2.095183316019	5.632836609655e-05
4	32785	2.096129897833	0.00010536826066698
4	32789	2.09617217413	1.6938084767009e-07
4	32805	2.097091768423	0.00012327038563091
4	32809	2.097172065158	2.6154550306873e-05
4	32816	2.098069070876	0.00041119235837742
4	32823	2.098135925609	5.3416924996807e-07
4	32836	2.099095684868	6.5932387240223e-05
4	32840	2.099123173597	5.4305676804717e-05
4	32847	2.100067768656	4.0611257329004e-06
4	32854	2.100132827995	9.7984218848282e-06
4	32867	2.101077962042	6.5670814133328e-06
4	32871	2.101145331993	3.0711038490589e-05
4	32884	2.102124578468	0.0019672652177898
4	32888	2.1021721323	0.0021844026266986
4	32901	2.103168922325	1.6751764603785e-05
4	32905	2.103172460784	2.1986567339063e-07
4	32918	2.104146040359	7.5276198852963e-05
4	32922	2.104167602342	8.0088773850742e-07
4	32932	2.1051212111	2.3325838853383e-06
4	32936	2.105129406306	8.9008960235288e-06
4	32943	2.10612834403	2.1408188509093e-05
4	32950	2.10616878279	2.6309123556301e-05
4	32960	2.107119376075	4.3999883430277e-06
4	32964	2.10719456942	5.3670298444158e-08
4	32974	2.108078166179	2.4512649166461e-05
4	32978	2.108163455781	5.7091430379764e-08
4	32991	2.109126977821	0.00041522471690897
4	32995	2.109144237641	0.00028930398514736
4	33005	2.110103260847	2.6638655346352e-07
4	33012	2.110160433543	0.0013604518379223
4	33022	2.111110579896	1.6558800206401e-06
4	33026	2.111118420234	1.2389405408479e-05
4	33039	2.112141435988	2.1770625557443e-05
4	33043	2.112146983512	1.5886809857743e-06
4	33053	2.113106613207	0.0011905772021547
4	33057	2.113126529491	5.7988656463759e-05
4	33070	2.114099206994	9.5957181767292e-05
4	33074	2.114132498956	5.0106341344394e-07
4	33084	2.11506150454	5.534143620584e-05
4	33088	2.11516497019	4.4346753498432e-06
4	33101	2.116018206531	1.7834862459955e-05
4	33105	2.116156227529	3.9895107480121e-08
4	33115	2.117044366536	1.4502221688635e-06
4	33119	2.117205554122	4.6568583449506e-05
4	33132	2.118016350548	1.177029179009e-09
4	33136	2.118220130314	1.3787569965182e-07
4	33146	2.119038318719	1.9557230815656e-05
4	33153	2.119251073399	1.3181026942698e-08
4	33163	2.12008475697	8.4655000460355e-07
4	33167	2.120276881759	4.9362927649303e-07
4	33177	2.121104117956	2.7211499637858e-05
4	33184	2.121294818148	1.0642058647471e-06
4	33194	2.122074567879	2.4520191751267e-06
4	33198	2.122298192214	3.0284711642507e-07
4	33214	2.123103705568	1.2635681991498e-06
4	33218	2.123275751623	1.8639908944867e-07
4	33228	2.124088919878	5.2370596664411e-05
4	33232	2.124235982741	8.2013119855549e-05
4	33245	2.125137862263	0.00018202037869007
4	33249	2.125269881865	5.1555286038925e-08
4	33259	2.1261724871	0.00019244574088975
4	33263	2.126258884273	1.1659252336543e-05
4	33276	2.127200579727	1.8858739785052e-05
4	33280	2.127270094661	1.3000478124301e-06
4	33290	2.128188473135	3.6993278026782e-07
4	33294	2.128291277159	1.0807907886856e-05
4	33304	2.129168740762	0.00044540560601712
4	33311	2.129316458409	8.1197130875588e-06
4	33321	2.130213753823	0.0009167555879697
4	33325	2.130294089728	0.00015882055996249
4	33335	2.131219246414	6.0277653136734e-05
4	33342	2.13133617834	8.7731174831761e-05
4	33352	2.13226263148	0.00033780901728248
4	33356	2.13229640935	1.4020882769822e-05
4	33366	2.133276540625	0.00016837782779321
4	33370	2.133309223413	7.730917000695e-07
4	33383	2.134260429123	4.9560422684511e-06
4	33387	2.134293140179	8.0558883344988e-07
4	33397	2.135253655184	0.00013050882273473
4	33401	2.13525734345	2.4922865137581e-05
4	33414	2.1362619236	2.5241349822977e-05
4	33418	2.13630239429	1.4230376888534e-07
4	33428	2.13727943698	4.3724458304933e-07
4	33432	2.137301599499	1.4892442905302e-07
4	33445	2.138275012527	4.7669690684303e-05
4	33449	2.138293317095	5.1502936095465e-06
4	33459	2.139231643275	0.0033334594994404
4	33463	2.139255939673	7.2742708381497e-05
4	33476	2.140208391766	2.2630074659943e-06
4	33480	2.140227663842	8.8296233125893e-07
4	33493	2.141178774703	0.0002927034434245
4	33497	2.141250227774	2.3623764549238e-06
4	33507	2.142217857543	1.6769794080824e-08
4	33511	2.142222480565	3.9899290014419e-06
4	33527	2.143170859677	7.8291124761158e-05
4	33531	2.143222765553	1.3844783635439e-06
4	33541	2.144190725635	0.00014730487693973
4	33545	2.144228689921	0.00023917254297165
4	33558	2.145180637023	0.00024331194998687
4	33562	2.145210616778	0.00044325985306377
4	33572	2.146158745953	6.4771029860527e-07
4	33576	2.146237478447	4.4554470090529e-06
4	33589	2.147125823404	0.001535842759676
4	33596	2.147195411057	5.0959470424656e-05
4	33603	2.14815150003	0.00028801848444151
4	33607	2.148179016108	1.370243527775e-06
4	33620	2.149104714851	0.021579658455824
4	33627	2.149168358267	0.00028325748768247
4	33634	2.150105029178	6.5841175389303e-07
4	33638	2.150176910116	1.0019089282332e-06
4	33651	2.151071585411	0.0020486923194897
4	33655	2.151216931182	0.0028963566501464
4	33665	2.152120838298	1.0049798518185e-05
4	33669	2.152184187536	2.4421114440366e-05
4	33682	2.153167582446	8.8138002177221e-06
4	33686	2.153197774953	2.7542084929618e-06
4	33696	2.154170416707	0.00030452851075752
4	33700	2.154172118106	1.5527719751685e-06
4	33716	2.155160821843	3.1108084771647e-05
4	33720	2.155160865646	1.2016900197994e-05
4	33727	2.156140942422	0.0010530454565369
4	33731	2.156197164951	0.00010759808715123
4	33747	2.157142606044	3.0687822338596e-05
4	33754	2.157237862539	1.2653130826905e-06
4	33758	2.158129577956	1.2424556470082e-07
4	33762	2.15822394868	8.4511116106263e-08
4	33775	2.159150988958	7.3638163602512e-05
4	33782	2.159193940393	6.1704774506574e-08
4	33789	2.160120742551	1.6805912952789e-08
4	33793	2.160226245279	0.00094721916695408
4	33806	2.161168059379	8.8238991761053e-07
4	33813	2.161264451205	0.0025871830399274
4	33820	2.162209316863	5.5293660528491e-07
4	33824	2.162240169602	6.2183864810677e-07
4	33843	2.163238007509	7.9756074972416e-06
4	33847	2.163270496612	4.6300107364555e-05
4	33854	2.164235879587	1.2115700308882e-05
4	33858	2.164281098282	1.6254532707733e-05
4	33874	2.165241379221	3.8876239579731e-05
4	33878	2.165254763976	1.5252268799798e-06
4	33885	2.166200223391	5.8357675104452e-05
4	33889	2.166242398535	4.4669384232259e-06
4	33905	2.167250106063	1.3766794354314e-05
4	33912	2.16727872221	4.1916857023412e-05
4	33916	2.168276920216	7.4809034477843e-08
4	33920	2.168291263506	2.6197686081483e-05
4	33936	2.169277910307	8.1745042765658e-06
4	33940	2.169309429524	4.9023733572363e-06
4	33947	2.170249828417	6.1682064032464e-08
4	33951	2.170347998364	1.0826896686529e-06
4	33967	2.171250925547	2.6866871423266e-06
4	33971	2.17137694869	3.9671637292176e-06
4	33978	2.172260356917	7.1913159160212e-07
4	33982	2.17236548767	0.0016607019449262
4	33998	2.173265720747	1.8769431308235e-07
4	34002	2.173333769539	9.0831926729724e-05
4	34009	2.174276012084	1.1854054408368e-05
4	34013	2.174357026057	9.1447398550585e-06
4	34032	2.175288065391	9.7751446144727e-06
4	34036	2.175336592105	0.00025656795068973
4	34040	2.176322349161	4.4972213744028e-07
4	34044	2.176329313549	0.0010176023367425
4	34060	2.177314862264	0.00018747591728493
4	34067	2.177328044589	8.1491074978659e-07
4	34071	2.178316014059	4.2174313333408e-05
4	34075	2.178348892973	0.00012061409684891
4	34094	2.179295356247	0.00062227856212847
4	34098	2.179321678271	6.6770590772772e-06
4	34102	2.180287047112	3.1107461790654e-05
4	34106	2.180328180175	3.2153424602906e-06
4	34125	2.181325639467	1.8170245346307e-06
4	34129	2.181346424497	2.4521346771161e-05
4	34133	2.182285066321	5.1157287625658e-06
4	34137	2.182382238138	2.4988955523951e-05
4	34156	2.18333183885	1.4866801019325e-07
4	34160	2.183368879881	5.3418044241275e-08
4	34167	2.184335465855	2.2522478836052e-07
4	34171	2.184342423992	2.2760218046168e-06
4	34187	2.185291114385	5.3226461428422e-06
4	34194	2.185323668721	8.1131257728085e-05
4	34198	2.186268035006	2.3193714379602e-07
4	34202	2.186371064113	2.3881385116329e-06
4	34212	2.187246320453	2.3180932979265e-07
4	34222	2.187326396058	2.2532542048473e-06
4	34229	2.188246581591	1.5155484798799e-06
4	34233	2.18831989976	7.4986465059023e-05
4	34246	2.189199492862	1.789780818418e-06
4	34250	2.189345900499	2.1373756487338e-07
4	34260	2.190221066122	2.9397905944087e-06
4	34264	2.190334678409	1.144855079122e-05
4	34277	2.191194212352	0.00027192922277454
4	34284	2.191343353225	2.4752843133836e-05
4	34291	2.19224049318	0.00019382633233348
4	34295	2.192362426063	1.1519764300428e-06
4	34308	2.193234420587	2.4702048930107e-05
4	34315	2.193405394528	1.2506644651167e-05
4	34322	2.194237931279	1.0331893447538e-05
4	34326	2.1943693498	2.3429406455877e-05
4	34342	2.195217946974	1.207933431809e-06
4	34346	2.195332845067	8.4236356897383e-05
4	34353	2.196170651604	1.5510801468044e-05
4	34357	2.196311314004	8.2543273233075e-05
4	34373	2.197185227494	7.6233074234763e-05
4	34377	2.197273553539	0.0020447711568331
4	34384	2.198149443012	4.2046891750961e-05
4	34388	2.198275402938	1.5329242075587e-08
4	34401	2.199151493374	4.4523675295878e-06
4	34408	2.199319940585	1.8292717956474e-06
4	34415	2.200121599996	4.7815747060277e-05
4	34419	2.200286499511	1.7527847677958e-05
4	34429	2.201124531213	0.00046389079246308
4	34436	2.201248792346	1.2537346891029e-05
4	34446	2.202166390156	4.8566121505012e-07
4	34450	2.202226850224	0.00018777271052672
4	34466	2.203178554507	0.00024701775354531
4	34470	2.203272879153	0.003223313052093
4	34480	2.204192368607	0.00013904946002865
4	34484	2.204262138704	0.00084343637784366
4	34497	2.205183186717	2.501978766198e-05
4	34504	2.205304674946	6.2292368685993e-08
4	34511	2.206172091175	6.0005804301644e-05
4	34515	2.206298340044	5.8693090001509e-07
4	34525	2.207144357171	3.2750235645932e-05
4	34532	2.2072864909	1.6221142759797e-07
4	34542	2.20814584933	2.3494366727397e-07
4	34546	2.208248646136	2.4356420204185e-06
4	34556	2.209156150915	0.0009971533235545
4	34560	2.209295394383	0.001031810228939
4	34573	2.210157987364	3.0191933527418e-05
4	34577	2.210265302321	1.7848294946551e-07
4	34587	2.211174498817	2.3954831684921e-05
4	34591	2.211296541238	4.5595786519694e-09
4	34604	2.212166243219	5.7092508047091e-05
4	34608	2.212343097646	2.1945773650753e-08
4	34618	2.21319363255	0.00026762796582657
4	34622	2.213310368946	1.1364030962712e-05
4	34635	2.21420587318	6.7201675713914e-05
4	34639	2.214304568607	6.1253841102204e-07
4	34649	2.215192065341	5.0809868164268e-05
4	34653	2.215293721646	0.00060070812663796
4	34666	2.216234824799	6.0050397236559e-05
4	34670	2.216299735949	3.2611236565369e-05
4	34680	2.217283309271	0.0005100631650371
4	34684	2.21728799769	1.06275196184e-07
4	34697	2.218270611292	0.0023058326410566
4	34701	2.218298680947	3.0151648806032e-06
4	34711	2.219251437255	3.4132670965695e-06
4	34715	2.219321551829	0.0010995535476629
4	34728	2.220241466635	1.3397227970778e-06
4	34732	2.220326522782	0.00013812574110982
4	34742	2.22119989299	5.8181770661099e-06
4	34746	2.221285974045	0.00064524693783055
4	34759	2.222208288898	2.3365947635745e-05
4	34763	2.222289950979	2.2377158578072e-06
4	34773	2.223203915856	0.00059707524575981
4	34777	2.223250171328	3.5765226850723e-05
4	34793	2.22422451995	3.0153670682788e-07
4	34797	2.224296317974	6.8282780769781e-07
4	34804	2.225189331993	6.7013308404664e-07
4	34811	2.225300681673	1.4637555005986e-07
4	34824	2.22614273126	0.0010060626298798
4	34828	2.226293654024	8.9267919562672e-05
4	34835	2.227104460677	4.4512339679748e-06
4	34842	2.227340858075	1.2019717525758e-06
4	34855	2.228114956438	2.5610779272763e-05
4	34859	2.228311354535	1.0150579322355e-05
4	34866	2.229148269991	0.00017066370882505
4	34873	2.229347314624	0.00043820260798634
4	34886	2.230187592114	1.1925701768547e-06
4	34890	2.23036642481	2.5564866565996e-07
4	34897	2.231203968533	1.1364607438454e-06
4	34901	2.231369702715	0.0015824640919866
4	34917	2.232251199471	4.0286507308474e-07
4	34921	2.232326537057	0.0051555910900536
4	34928	2.233253344386	0.00022189337649067
4	34935	2.233333007465	1.4153946632271e-07
4	34948	2.234274011982	4.650362944634e-06
4	34952	2.234362346969	6.9186461448546e-05
4	34959	2.235240915313	1.4178404281815e-05
4	34966	2.235372659176	0.00024007064255323
4	34979	2.236252330402	1.1615641197058e-06
4	34983	2.23635844325	7.2037399205003e-07
4	34990	2.237273445338	7.0478523492544e-06
4	35000	2.237399691844	1.2450928947907e-06
4	35010	2.238285498601	8.6353190271787e-06
4	35014	2.238413803965	1.3413500826982e-05
4	35024	2.239290954594	7.4908705455525e-05
4	35031	2.239381764213	1.0928355916077e-07
4	35041	2.240283602198	2.4131940059162e-06
4	35045	2.24035681212	1.9189497241045e-06
4	35055	2.241262151346	0.0017673259208062
4	35062	2.241393813798	0.0031279679433485
4	35072	2.242254509479	5.0866639025217e-05
4	35076	2.242351261593	2.5216255814237e-05
4	35086	2.243216396574	1.4181798556498e-05
4	35090	2.243363260614	1.0244180637209e-05
4	35106	2.244170788676	0.00027499869699653
4	35110	2.244409636319	5.2014478778734e-05
4	35117	2.245211154872	7.167691773502e-05
4	35127	2.245391619807	3.7565914649108e-05
4	35137	2.246203036801	1.6291685162018e-05
4	35141	2.246428073413	7.2690567247198e-06
4	35148	2.247252347155	0.00016540497470882
4	35158	2.247422201295	0.00010009960349877
4	35168	2.248219135526	5.7212357223975e-05
4	35172	2.24838255072	1.156957953057e-05
4	35179	2.249210396052	1.2751275939025e-06
4	35189	2.249369805294	4.2997438686652e-05
4	35201	2.250206195363	2.3192917888873e-05
4	35205	2.250393060077	3.5630383224698e-05
4	35212	2.251253910479	1.3571457472504e-05
4	35219	2.251411764874	1.2245509990088e-05
4	35232	2.252301042893	1.4268022127504e-05
4	35236	2.252389745727	0.00016146972396121
4	35243	2.253271393961	0.0015854548294028
4	35253	2.253373467352	2.8481038676689e-08
4	35263	2.254308466805	4.9969004365468e-07
4	35267	2.254356499972	7.1957417941866e-08
4	35280	2.25528627554	2.7350427150419e-05
4	35287	2.255380915333	1.3595270631863e-06
4	35294	2.256302982398	4.9411480907176e-06
4	35298	2.256366525595	2.7985631580426e-05
4	35314	2.257329110896	6.662098076951e-08
4	35318	2.257400042632	0.00035535424813042
4	35325	2.258333773315	7.0482624631644e-05
4	35329	2.258425688928	2.0528192701089e-06
4	35345	2.259289899565	8.4192824694097e-06
4	35349	2.259474610617	1.6900837659956e-08
4	35356	2.260270377005	1.2142941245118e-05
4	35360	2.260478788905	1.7870939586472e-05
4	35376	2.2612920084	2.7682545291593e-06
4	35380	2.26143794152	1.6990436822935e-06
4	35387	2.262341548806	1.2340186323126e-05
4	35391	2.262462966193	9.2061242878105e-07
4	35410	2.263382050015	1.600570816338e-05
4	35414	2.263510772959	9.1070383107704e-06
4	35421	2.264409349941	8.3215130920179e-05
4	35425	2.264478654	3.2837158861957e-06
4	35441	2.265396353537	2.0447586565556e-09
4	35445	2.265473388986	2.3880688483974e-08
4	35452	2.266363530829	7.3057206188967e-05
4	35456	2.266487993021	1.9408332490423e-05
4	35472	2.267333599046	1.2767234291333e-05
4	35476	2.26745362014	1.899372859509e-05
4	35483	2.26828644274	5.0038961902749e-07
4	35487	2.268472418265	2.0955524947809e-06
4	35503	2.269319626285	7.7759800183307e-05
4	35507	2.269510584126	6.6459918719323e-07
4	35514	2.270292796867	3.6497324576088e-06
4	35518	2.270550921934	5.8854685261853e-07
4	35534	2.271292848627	8.7635952791358e-06
4	35538	2.271526277855	1.1083691916365e-05
4	35545	2.272327841624	0.0001589919298837
4	35549	2.27249777609	2.3267621683587e-07
4	35565	2.273355736583	2.6854696492771e-08
4	35569	2.273466289335	1.4993110029267e-06
4	35576	2.274321942859	7.0946540264373e-07
4	35580	2.274482537868	2.8097438198491e-06
4	35596	2.275350534673	1.8865953051568e-05
4	35600	2.275462516878	1.3856479610206e-05
4	35607	2.276360874239	4.8202564696683e-05
4	35611	2.276412591424	0.00024781579119358
4	35627	2.277382557061	4.3768123419518e-05
4	35631	2.277402575712	7.8946583176566e-07
4	35638	2.278368279414	2.7035711811053e-06
4	35642	2.278372583827	2.2436521013481e-06
4	35658	2.279382719995	6.2035251157641e-07
4	35662	2.27941485074	9.0786913245932e-07
4	35669	2.280378974644	0.0015826396400836
4	35673	2.280433959745	2.3198227144459e-07
4	35689	2.281357116111	4.3118782316472e-06
4	35693	2.281461254746	3.7871550318545e-05
4	35700	2.282316606654	4.1435247930271e-05
4	35704	2.282419523313	9.5896853273711e-07
4	35723	2.283277709434	0.00016831345931844
4	35727	2.283462675064	2.3396552091713e-06
4	35734	2.284251742374	1.5852318637947e-06
4	35738	2.284493784584	0.00011425086904446
4	35754	2.285246810994	2.7375269142663e-05
4	35758	2.285454516922	7.7873109413258e-06
4	35762	2.286214025048	0.00028730541687129
4	35769	2.286431096311	4.3641264897737e-07
4	35782	2.287225576936	1.6590459212469e-05
4	35789	2.287390805369	2.7376321312467e-06
4	35796	2.28825697905	1.1200692672667e-05
4	35800	2.2883885225	2.9351986250229e-05
4	35813	2.289288255145	0.00010532847951698
4	35817	2.289378640964	5.559978939648e-05
4	35827	2.29033713521	1.3898861530176e-07
4	35831	2.290415073242	0.00052252232418963
4	35844	2.291337765919	2.4366980509728e-05
4	35848	2.291412603116	0.000375218357963
4	35858	2.292293931808	1.1429939717861e-05
4	35862	2.29236972036	4.6657887034385e-05
4	35875	2.293249589858	0.00012975548935214
4	35879	2.293404378631	9.6183893440966e-09
4	35889	2.294226094331	4.4461707426558e-05
4	35893	2.294448268596	0.00022379734926007
4	35906	2.295230217935	3.16060962268e-06
4	35910	2.29544511756	2.8301042820726e-06
4	35920	2.296230167115	7.5147915307599e-06
4	35927	2.296461168705	3.4511524052638e-08
4	35937	2.297269408053	3.5977091816666e-06
4	35944	2.297431420796	8.6240326835553e-07
4	35951	2.298288392543	0.00055632319977581
4	35958	2.298444906801	0.000543413724779
4	35965	2.299275034166	4.9741471771431e-05
4	35975	2.299490885115	1.4394099793389e-06
4	35982	2.300313808866	5.971945141038e-06
4	35989	2.300442363911	6.3779226242915e-06
4	35996	2.301298586304	1.7676493230828e-06
4	36006	2.301476078069	1.5928263482168e-05
4	36013	2.302303216123	3.6886457085655e-05
4	36017	2.302465703551	2.2288017538346e-07
4	36033	2.303286528329	0.00050251606488971
4	36040	2.303494147987	0.0023610440296808
4	36047	2.304279441937	2.2368867704743e-05
4	36051	2.304479345563	1.7020576912951e-05
4	36064	2.305293131036	4.6838646179863e-06
4	36068	2.305446009236	4.198298508299e-05
4	36078	2.306331205199	2.2343380786816e-06
4	36082	2.306478482398	0.00013912187271963
4	36095	2.30733208253	0.00015741494984201
4	36099	2.307477912242	5.6539370924969e-06
4	36109	2.308347058668	0.00011734634784174
4	36113	2.30849681958	1.7576943059156e-05
4	36126	2.309323963655	4.1916130100647e-09
4	36130	2.309524636895	7.9017467940572e-06
4	36140	2.310283815786	2.7014835487917e-06
4	36144	2.310558113872	0.00011351773885321
4	36157	2.311270297672	0.00025869191642538
4	36164	2.311565092159	1.8571662261092e-06
4	36171	2.312283610479	4.1649412674433e-05
4	36175	2.312567688486	6.3129007096915e-06
4	36185	2.313262341798	0.0010353979901621
4	36192	2.313526190401	3.3989435951283e-08
4	36202	2.314296891168	3.915907728751e-06
4	36206	2.314552614526	5.4800307619054e-05
4	36219	2.315322797094	3.857765018543e-05
4	36226	2.315598213875	1.8969634838026e-05
4	36233	2.316303725934	2.1088355453066e-05
4	36237	2.316612849296	2.3931696218461e-07
4	36247	2.317316285387	1.3791386710393e-06
4	36254	2.317595303548	5.1011719147001e-06
4	36264	2.318272284179	9.0045840948759e-05
4	36268	2.318579533769	2.6308152461232e-06
4	36278	2.319301967603	0.0011960303437458
4	36285	2.319537134244	2.3402979014194e-06
4	36295	2.320309192754	3.1520098236781e-06
4	36299	2.32053064812	0.00046105484881769
4	36309	2.321298579692	9.3519735093006e-07
4	36316	2.321500529186	0.00022550426558863
4	36326	2.322329306459	3.0830264138426e-05
4	36330	2.32248607111	6.9335987802759e-06
4	36340	2.323327771147	3.0022817351048e-08
4	36344	2.323461247016	1.3713185753628e-08
4	36360	2.324341992814	4.237980787415e-05
4	36364	2.324467736147	3.0594588649411e-06
4	36374	2.325325663856	1.3619498676247e-06
4	36378	2.325449686376	1.4919019367188e-05
4	36391	2.326300713683	9.7375242773842e-07
4	36395	2.326493163085	1.4496483218114e-06
4	36405	2.327324122	5.9319879405023e-05
4	36409	2.327468197323	1.1094255820017e-06
4	36419	2.328299870471	6.3985937082933e-06
4	36426	2.32850629438	1.8794930153974e-05
4	36436	2.329348758685	8.6687662765358e-07
4	36443	2.329506205545	1.308417623047e-05
4	36450	2.330299863408	2.8875562344226e-05
4	36457	2.330525058879	0.00018434531027328
4	36467	2.331314159172	2.1773449628538e-06
4	36471	2.331556137449	5.7133696600538e-08
4	36481	2.332307603233	2.346823350675e-07
4	36488	2.33258782425	0.00024290979056279
4	36498	2.333354491281	0.0009450529788189
4	36502	2.333586119168	2.9428333981052e-05
4	36512	2.334366570822	1.2878367284887e-05
4	36519	2.33463009348	2.8964666395622e-06
4	36529	2.335319742575	0.00028674252142634
4	36533	2.335650642143	2.0476460899464e-05
4	36543	2.33631153115	0.012430228367856
4	36550	2.336657718232	8.4853916440135e-05
4	36560	2.337343100604	0.00010869875443886
4	36564	2.337671108273	1.7385856756536e-06
4	36574	2.338387048722	6.5550099071159e-08
4	36581	2.338649762349	1.1619093115832e-05
4	36591	2.339402112834	2.8992362416597e-05
4	36595	2.339629703833	5.5005336656966e-08
4	36605	2.340394129023	4.6791070367564e-05
4	36615	2.340673572595	2.323795830812e-06
4	36622	2.341349536295	7.2113917087476e-05
4	36629	2.341641202794	2.6248081990385e-06
4	36636	2.342303824533	0.0001932743488545
4	36649	2.342684999634	9.0384619548266e-05
4	36653	2.343345034286	1.4252573113317e-05
4	36657	2.343691777531	0.00015879633156507
4	36670	2.344316711198	2.2647735355432e-06
4	36683	2.344736100753	1.5736547081382e-06
4	36687	2.345357496052	5.1619392678825e-07
4	36694	2.345734202283	9.0078541771949e-08
4	36701	2.346367926412	0.00011061286286288
4	36714	2.34668658419	9.8995514772231e-06
4	36718	2.347375588427	0.00016543368158127
4	36725	2.3476377964	1.3251643541659e-06
4	36735	2.348419919764	7.3366556788463e-05
4	36745	2.348590271084	7.5291941477987e-10
4	36749	2.349413352336	6.5889122175161e-06
4	36753	2.349582506244	3.0631070949662e-05
4	36769	2.350403440304	6.715515671467e-06
4	36773	2.350609839245	1.4799623471836e-06
4	36780	2.351377803464	0.00029962462861625
4	36790	2.351637538135	0.00010232883140526
4	36800	2.352349678133	3.4002111932305e-05
4	36807	2.352597165398	9.8028681950931e-07
4	36811	2.353305121475	6.3229413046638e-07
4	36821	2.353629432558	3.6376510097042e-05
4	36828	2.354285173503	6.6767916393494e-06
4	36838	2.354663879544	1.6338330863138e-05
4	36842	2.355259463628	0.00024406497238179
4	36852	2.355641380931	9.3344799686028e-06
4	36859	2.356271442643	1.2636678097572e-07
4	36869	2.35663237496	0.0018867295330124
4	36876	2.357303433645	3.3416447926483e-05
4	36883	2.357637170213	3.0458331786848e-09
4	36890	2.358276129374	3.3795810301965e-06
4	36900	2.358670967787	7.5772632689469e-05
4	36907	2.359293295695	8.5562201854301e-05
4	36914	2.359715826286	1.0900086144015e-07
4	36918	2.360315314706	4.0296737389859e-05
4	36931	2.36073903526	0.00019875873797365
4	36938	2.36127733963	0.00016860162330981
4	36945	2.361755777163	0.00022469706408619
4	36949	2.362233496468	1.8664788363195e-08
4	36962	2.362767186116	0.00094407697609431
4	36966	2.363259729247	8.3864941117833e-07
4	36979	2.363726599349	1.3255473632208e-05
4	36986	2.364234299403	9.3534359862281e-05
4	36996	2.364763325167	0.0010785316114653
4	37006	2.365246032501	0.0012182281146322
4	37010	2.365812609659	8.3643820322267e-06
4	37017	2.366206941675	1.0004986572782e-06
4	37027	2.366770464382	6.8230515983361e-06
4	37034	2.367178064606	0.00046449101847075
4	37041	2.367817980315	8.1465653838665e-06
4	37048	2.368174069292	2.1298501025506e-06
4	37058	2.368841612754	1.2033400526433e-06
4	37062	2.369166141425	1.3731188081244e-06
4	37072	2.369833463268	3.4879967135018e-07
4	37079	2.370116641983	7.7812317352917e-05
4	37089	2.370790836759	1.7311834003948e-06
4	37093	2.371072577169	5.3983999515329e-05
4	37103	2.371813035952	3.804091350591e-05
4	37107	2.372039000033	1.2394496485942e-07
4	37120	2.372834966252	2.4563771850331e-06
4	37124	2.372992929579	5.183845197555e-09
4	37134	2.373861126717	3.6889244145031e-07
4	37138	2.374027644118	1.4405978775302e-06
4	37151	2.374831595605	0.0002068504043541
4	37155	2.374986219758	7.2874713018122e-06
4	37165	2.375794826125	0.00051290771584893
4	37169	2.37593628659	5.383137044336e-05
4	37182	2.376789113243	2.4943476139177e-07
4	37186	2.376964191743	1.5034848210609e-06
4	37196	2.377784960137	0.00012296526357322
4	37200	2.377981913034	3.728549493534e-05
4	37213	2.378749663519	0.00051340663216916
4	37217	2.378977208346	4.4816638510446e-06
4	37227	2.379730738357	0.00013371957341916
4	37231	2.380011190405	0.00018019698763498
4	37244	2.380711317813	7.9903084069647e-07
4	37248	2.381024121221	7.0104738040165e-06
4	37258	2.381691977812	0.00024128593140649
4	37262	2.381975301399	3.8902985706896e-06
4	37275	2.382696279495	0.0011267665671546
4	37279	2.382966520515	8.4387024798758e-05
4	37289	2.383658744036	2.1229573027081e-06
4	37296	2.383916782979	1.9927213665769e-05
4	37309	2.384652232115	1.3031103436816e-05
4	37313	2.384868939503	1.087321671678e-07
4	37323	2.385652020523	3.8132094973557e-06
4	37327	2.385895894107	3.3207607310982e-05
4	37340	2.386632641043	8.8831956164747e-05
4	37344	2.386860694394	4.1595391103093e-05
4	37354	2.387625216851	0.00015820102268847
4	37358	2.387866511672	8.7718961376225e-05
4	37371	2.38867071163	5.5009184871063e-06
4	37375	2.388871142781	0.00023662961892215
4	37385	2.389697179521	1.3052389854087e-07
4	37392	2.389883048891	1.6180523899922e-07
4	37402	2.390726586765	0.00013820452541527
4	37406	2.390901646149	9.3848015419984e-08
4	37419	2.391754172464	0.00034244146303982
4	37423	2.391941743229	3.9149188163266e-07
4	37433	2.392775878843	4.9087508303594e-05
4	37437	2.392974861598	2.5238124458856e-05
4	37447	2.393738734413	2.0103526184893e-05
4	37454	2.393979423782	6.316697663041e-08
4	37464	2.394693839035	4.7273085321052e-06
4	37468	2.394989962567	4.1617054818508e-05
4	37478	2.395668045786	8.8110670447316e-07
4	37485	2.395999170906	2.585433544156e-05
4	37492	2.396618467633	8.9521856013031e-07
4	37499	2.397026036524	3.0462694844592e-05
4	37506	2.397573300305	0.00012982108198643
4	37516	2.398025696681	9.2426848612574e-07
4	37523	2.398571793248	3.9830513371118e-05
4	37530	2.399050228432	0.00011325122414364
4	37540	2.399588116961	1.5208098055763e-07
4	37547	2.400095976583	3.7745144103316e-07
4	37554	2.400610744576	4.7224824612798e-05
4	37564	2.401090496371	0.00038551562230725
4	37571	2.401634924924	0.00045998811512667
4	37578	2.402125192312	1.8196811956915e-06
4	37585	2.402627182625	5.5872081261136e-05
4	37598	2.403076243908	1.4679215433897e-06
4	37605	2.403676434029	6.0133798302075e-08
4	37612	2.404075225512	2.7651437113509e-06
4	37622	2.404686253977	4.5156032045742e-05
4	37629	2.40511936067	4.8599478197532e-06
4	37639	2.405693511311	1.2016670998752e-05
4	37646	2.40611212022	3.2227566678253e-05
4	37653	2.406742337649	9.6262634586654e-07
4	37660	2.407084783656	3.7657629160848e-05
4	37670	2.407762948224	2.3961548927304e-05
4	37674	2.408065733171	5.2341388813587e-05
4	37684	2.408729514124	0.00010901784790557
4	37691	2.409033183694	1.2144445933766e-06
4	37698	2.409771782754	8.1005241763556e-06
4	37705	2.409993439733	7.3941882367351e-06
4	37718	2.410787310218	1.0595661880816e-07
4	37722	2.410948021638	6.8072840458818e-06
4	37729	2.411778137295	2.8856925752863e-05
4	37733	2.411914554624	7.2864272866626e-05
4	37749	2.412814353156	2.127762007349e-07
4	37753	2.412908156786	4.2549686487744e-08
4	37760	2.413804533171	0.00012292270759302
4	37764	2.413929605271	6.0307009019552e-08
4	37780	2.414851219466	9.4821604511729e-08
4	37784	2.414896078303	4.0265583993455e-05
4	37791	2.415813733039	1.7053189634044e-08
4	37795	2.415880631096	6.1734436031036e-05
4	37811	2.416828537659	1.3425314729986e-06
4	37815	2.416887224663	5.0113452474365e-06
4	37822	2.417866964626	6.0022286662203e-05
4	37826	2.417872886969	7.582576015389e-05
4	37842	2.418865414	3.4247770827924e-06
4	37846	2.418901166181	1.9177613072943e-09
4	37853	2.419837501942	9.9169662716403e-06
4	37860	2.419864495624	8.6517061553988e-06
4	37873	2.420844464244	0.00031951719525736
4	37877	2.420852111357	1.6932375329327e-05
4	37887	2.421836660053	4.4167586134481e-06
4	37891	2.421901019902	6.5083133404508e-05
4	37907	2.422812145981	3.3019734916862e-06
4	37911	2.422903285732	8.5696471537861e-06
4	37921	2.423795100745	2.429584724826e-06
4	37928	2.423882729895	2.2670514633214e-05
4	37935	2.424760129076	1.1335456050684e-05
4	37942	2.424893815218	8.6145931199551e-05
4	37955	2.425799611389	1.7857617122993e-05
4	37959	2.425922317805	0.00025446263219782
4	37969	2.426755581167	1.4874425479682e-05
4	37973	2.426894096536	1.5447885808571e-05
4	37983	2.427728086113	9.2721791641622e-06
4	37990	2.42786523259	2.8267025156556e-05
4	38000	2.428742187799	1.6655077219347e-07
4	38004	2.428880542129	1.1790219278783e-05
4	38014	2.429693191854	1.5881719998264e-06
4	38018	2.429835395144	0.00032035752052995
4	38028	2.430648300611	2.0923163569774e-07
4	38032	2.430815702021	1.0019872817929e-06
4	38042	2.431623906726	2.2141676489804e-06
4	38052	2.431817266803	2.516501465204e-05
4	38059	2.432627889148	0.00021183727572433
4	38063	2.432796180201	1.2316942167432e-05
4	38079	2.433636701573	0.00025533096528506
4	38086	2.433814435384	3.6599205489946e-05
4	38090	2.434655353907	1.07318484254e-06
4	38094	2.434825265032	2.8391758973157e-05
4	38107	2.435669568636	3.4786827463994e-06
4	38117	2.435832349997	1.1869604910375e-06
4	38121	2.436641273791	1.1723060338441e-05
4	38125	2.436792346932	1.0169769075261e-07
4	38138	2.437683946141	2.1744398661527e-05
4	38145	2.437762369276	1.3451905936726e-05
4	38152	2.438724768198	9.7648618063424e-05
4	38156	2.438757425611	1.3169417002975e-08
4	38169	2.439759468559	0.00014916696885502
4	38179	2.439805593517	2.3643012429177e-06
4	38183	2.440722169664	2.8507308968093e-05
4	38187	2.440830493118	1.8271063766139e-06
4	38203	2.441709438975	0.003677888583899
4	38207	2.441872878292	0.00087660207389108
4	38214	2.442670932712	1.6526153901475e-08
4	38218	2.442839573625	1.6861377832956e-05
4	38234	2.443718888736	3.4342249289735e-07
4	38241	2.443849295542	1.3648033891245e-05
4	38248	2.444745012346	0.00042859251585384
4	38252	2.444830192742	1.3919204219553e-08
4	38265	2.445754183861	0.00093934897069117
4	38269	2.445844015358	9.8576991954655e-05
4	38279	2.446726014992	0.00021257639839305
4	38283	2.44683036933	2.5273818961238e-05
4	38296	2.447726249304	7.4889805814121e-09
4	38303	2.447851853199	1.6848100989521e-05
4	38310	2.448748313462	6.69990582513e-07
4	38314	2.448809881551	3.5236061996314e-08
4	38330	2.449721507249	2.6880473153244e-08
4	38334	2.449837051872	3.3763134165848e-05
4	38341	2.450680868589	0.00041269029573051
4	38345	2.450820039554	6.4586046162038e-05
4	38361	2.451726453342	4.9830016393485e-05
4	38365	2.451812053289	7.1125103860084e-06
4	38372	2.452721039691	5.3704655255374e-07
4	38379	2.452837000772	1.7165420176731e-06
4	38392	2.453724613575	1.0885156155144e-05
4	38396	2.453801876091	1.7383139912531e-05
4	38406	2.454708283651	7.9401809633365e-07
4	38410	2.454764176888	0.00014534554014982
4	38423	2.455756701569	3.4537318234752e-05
4	38427	2.45579152638	3.5798565072206e-05
4	38440	2.456768568353	0.00013456583170415
4	38444	2.456810884652	1.1246279374096e-06
4	38454	2.457771009	0.0010646644372712
4	38458	2.457793209848	0.00013069961433704
4	38468	2.458740103852	3.3186187010742e-07
4	38472	2.458835222956	0.00015659380588784
4	38485	2.459707622673	4.1842570686271e-06
4	38489	2.459838095989	5.2036953470997e-05
4	38499	2.460703620374	9.1204144461667e-06
4	38503	2.460807688989	3.9794825423918e-06
4	38516	2.461719508809	6.1229544791465e-07
4	38520	2.461809344248	0.00020935823527719
4	38527	2.462671165807	0.00050766995239244
4	38531	2.462765676132	3.2252713643209e-06
4	38550	2.463697637784	2.874009571995e-05
4	38554	2.463743653649	5.2767166318232e-07
4	38561	2.464716055815	0.0015578720599847
4	38568	2.464771697074	2.1105122299417e-06
4	38581	2.465731875896	1.205182200608e-06
4	38585	2.465740595151	6.4636015031833e-05
4	38592	2.466737653634	0.00033240012831741
4	38596	2.466766377379	0.00042934104209798
4	38612	2.46775013229	4.414526208659e-05
4	38616	2.467762286363	3.4686782532417e-06
4	38626	2.468769652671	6.9608686955661e-06
4	38630	2.468773248181	0.00022286234700471
4	38643	2.469746924038	2.5186382494036e-05
4	38647	2.469779939181	9.4707948070528e-05
4	38657	2.470758220808	0.00081830859568101
4	38664	2.470791955867	0.00016022832977329
4	38674	2.47173209916	0.0022897785374553
4	38678	2.471785761812	4.3211476366926e-05
4	38688	2.472703851304	4.3988807838982e-05
4	38692	2.472754330531	5.6885884646244e-05
4	38705	2.473722082516	1.0786078881578e-05
4	38709	2.473722802764	4.5630438372438e-07
4	38719	2.474718947848	1.121137996257e-06
4	38723	2.474736322045	3.3520500341625e-06
4	38736	2.475701747029	1.6889837775976e-06
4	38740	2.475718723348	4.1397629227409e-06
4	38750	2.47672555417	1.7162610245598e-05
4	38754	2.476743672365	3.6799778979802e-05
4	38767	2.477703089194	0.00010165532700887
4	38771	2.477704786809	5.800326870815e-06
4	38781	2.478720921945	9.1596824425334e-06
4	38785	2.478753864145	5.337748407647e-09
4	38798	2.479684258795	3.2259081278188e-06
4	38802	2.479778811678	2.4214602027192e-05
4	38815	2.480720384861	2.3311747504341e-08
4	38819	2.480811965025	6.8732480066743e-08
4	38829	2.48175997083	1.0855437195915e-07
4	38833	2.481823790592	3.2947118404413e-05
4	38846	2.482731973381	7.0042684496127e-05
4	38853	2.48279352794	0.00036473520190399
4	38863	2.483684120099	1.1276510422018e-05
4	38867	2.483814625125	0.00091386193775956
4	38877	2.484654534571	9.6831426043712e-05
4	38884	2.48484731633	4.0021165486959e-08
4	38894	2.485665644494	6.5172627546031e-06
4	38898	2.485878853472	3.6521732043885e-06
4	38905	2.486677274572	0.00041604508099832
4	38915	2.486916493709	1.0984047083776e-07
4	38925	2.48767606674	2.3988093591024e-05
4	38929	2.487937374588	3.5449017964118e-07
4	38936	2.488672335935	0.00077797369428727
4	38946	2.488943098701	2.3430536585724e-06
4	38956	2.489629264771	0.013349249404602
4	38960	2.489894166259	0.00025877751605408
4	38970	2.490668519471	7.5611009359614e-06
4	38974	2.490890422438	0.00013799659520399
4	38987	2.491643082536	1.3660578340759e-06
4	38991	2.491863818905	3.4717353204121e-07
4	39001	2.492622681889	1.6911831782033e-05
4	39008	2.492880568339	1.1137943244764e-05
4	39018	2.49362522844	0.00030475563546306
4	39022	2.49385064621	4.7603877920762e-08
4	39032	2.494638098521	8.6784636622641e-06
4	39036	2.494809754528	3.8809900456925e-06
4	39049	2.495660899649	5.8255533762499e-05
4	39053	2.495789750365	5.7291818144272e-08
4	39063	2.496652012378	0.00057848666367578
4	39067	2.496752764552	8.8897460536498e-05
4	39080	2.497636060418	1.0698912703656e-06
4	39084	2.49778004591	2.0471887809705e-06
4	39091	2.498606396792	4.0108239336658e-06
4	39098	2.49882249534	0.00023777625137966
4	39108	2.499647154733	3.1213756343791e-05
4	39115	2.499775215347	0.00023599334123146
4	39124	2.500680964682	3.3639419823876e-08
4	39131	2.500760253703	3.5995197236379e-05
4	39144	2.501680677918	0.00018742605058882
4	39148	2.501781165581	2.1774799045941e-05
4	39155	2.502641876302	2.3763542848016e-06
4	39159	2.502780580562	2.5923761096338e-05
4	39178	2.503613739163	4.8341263423514e-05
4	39182	2.503733289229	2.505281061272e-06
4	39189	2.504587469477	2.6257594504458e-07
4	39193	2.504737550834	8.858104196336e-09
4	39209	2.505625330601	2.0299897518692e-05
4	39213	2.505766940511	2.1712570523957e-05
4	39223	2.506626539105	0.0021672000412323
4	39227	2.506787812726	2.5621699001427e-05
4	39240	2.507598456785	1.2951452543906e-08
4	39244	2.50777759148	0.00012254924669809
4	39254	2.508631512274	9.3083065241555e-05
4	39258	2.508812282007	4.4965175844561e-08
4	39271	2.509647856427	8.1307395666539e-06
4	39275	2.509836340843	2.7647572581293e-05
4	39285	2.51066326067	3.3319012444471e-05
4	39289	2.510808371053	1.3258254996148e-05
4	39302	2.511694048965	1.4992538099275e-06
4	39306	2.511781456382	7.135017903681e-06
4	39319	2.512724678067	1.5486060572402e-06
4	39326	2.512762370144	7.942672654281e-07
4	39333	2.51370675645	1.7870760375544e-07
4	39337	2.513808687957	2.2178702472568e-06
4	39347	2.514661566657	4.8190982320691e-05
4	39354	2.514836867453	4.0359946152049e-06
4	39361	2.515689050882	7.9056355888944e-07
4	39365	2.515801914124	9.8649170636226e-06
4	39378	2.516732139866	8.5305002715237e-06
4	39385	2.516784809329	2.0168335353966e-05
4	39395	2.517732046598	3.8432230436063e-06
4	39399	2.517755642913	1.5746079026986e-07
4	39409	2.518709284834	0.0001294946848059
4	39416	2.518762263384	9.1814240956691e-06
4	39426	2.519702049666	1.7535923155604e-05
4	39430	2.519722374613	1.0987406587099e-05
4	39443	2.520699225748	2.824124248794e-06
4	39447	2.520707948545	6.788638957575e-06
4	39457	2.52167335283	3.8422015985318e-05
4	39461	2.521745811722	0.00015550165146233
4	39474	2.522631250422	0.00024032301653705
4	39481	2.522791771053	2.8842564245338e-05
4	39491	2.523641935565	2.2087658094585e-05
4	39495	2.523764079926	8.4968652095956e-05
4	39508	2.524642064242	0.00015056410665463
4	39512	2.524746338202	9.6347498048932e-07
4	39519	2.525608534123	2.2307581184207e-07
4	39529	2.525770017169	0.00010126542363155
4	39539	2.526642315743	1.0178711014422e-06
4	39543	2.526807440207	1.9489826797506e-10
4	39550	2.527646042329	0.00016752330530195
4	39560	2.527825050753	1.1074889641916e-06
4	39570	2.528609287857	1.2217451902004e-07
4	39574	2.528845869788	6.5269720718104e-06
4	39584	2.52959632931	0.00067603546733284
4	39588	2.529816070231	1.7479455548868e-06
4	39601	2.530628028123	4.4572900778116e-07
4	39605	2.530806512997	4.1656443410552e-05
4	39615	2.531588787577	1.2131817703012e-05
4	39619	2.53181450112	0.0013347447122106
4	39632	2.532613015311	1.0814353395207e-07
4	39636	2.532805167687	4.1422350893423e-06
4	39643	2.533645115558	5.0327547604101e-07
4	39653	2.53377628409	8.4535140693594e-05
4	39663	2.534621481666	0.0053266494001217
4	39667	2.53475405292	6.1218979149958e-08
4	39674	2.535633916643	0.0016530982880055
4	39678	2.53576072101	1.6496053096319e-07
4	39694	2.53665906496	1.2260186882432e-06
4	39698	2.536744348926	1.1235859236404e-06
4	39705	2.537656081958	7.3063182661559e-07
4	39712	2.537775227722	1.6514493355796e-12
4	39725	2.538664522562	0.0002954541621442
4	39729	2.538763582285	0.0014691231932457
4	39736	2.539644370806	5.9430063884987e-05
4	39743	2.539759513868	1.7885039501269e-05
4	39756	2.540674349786	1.9123956133813e-05
4	39760	2.540767040444	2.4724320449578e-05
4	39767	2.541645131526	0.00022046609970637
4	39771	2.54175112649	1.2541036419227e-08
4	39790	2.542627095894	9.4334003776679e-08
4	39794	2.542755554478	1.8087552041376e-06
4	39801	2.543626831569	0.00034496909987265
4	39805	2.543731838853	1.858822969737e-06
4	39821	2.544649681744	2.5585940042361e-07
4	39825	2.544722439635	3.6961647423342e-06
4	39835	2.545642061372	1.0803895684867e-06
4	39839	2.545765473319	3.9683935141118e-06
4	39852	2.546681550914	0.0074341901844822
4	39856	2.546747163614	3.6610131585697e-05
4	39866	2.547720166688	0.00076857488539273
4	39870	2.547795117585	4.0671455030678e-05
4	39883	2.548745917926	1.1364813364636e-06
4	39887	2.548787035906	1.7970000158371e-06
4	39897	2.549765194953	8.3692063814111e-08
4	39901	2.54978594901	2.9572638538835e-06
4	39914	2.55075122113	5.7938024617303e-05
4	39918	2.550808408372	5.5683293469451e-07
4	39928	2.55173632354	1.7373892091508e-05
4	39932	2.551783672206	0.00011200487863238
4	39942	2.552691757714	5.8819221973039e-06
4	39946	2.552781042698	0.00028740157784946
4	39956	2.553684615076	0.00023810134475916
4	39960	2.553767139155	1.0392229582444e-07
4	39973	2.554717792314	1.0240019670414e-05
4	39977	2.554773743883	1.0211436827109e-05
4	39987	2.555762163833	7.6458933407855e-07
4	39991	2.555815472617	6.8611715042024e-08
4	40007	2.556805230617	6.9618292797431e-09
4	40011	2.556833556984	2.267254698526e-05
4	40018	2.557760889221	0.00049809959659271
4	40022	2.557856524769	0.00011750759028157
4	40038	2.558751349689	9.135909723852e-06
4	40042	2.558846495871	6.7120850088369e-05
4	40049	2.559787079629	0.0017228590843501
4	40056	2.559892020981	0.00030375141233948
4	40069	2.56081873813	3.8676334170737e-05
4	40073	2.560925159871	1.8686679813952e-06
4	40080	2.561820338928	1.3824132714539e-07
4	40084	2.561971923681	5.3323411181445e-05
4	40103	2.562778863095	3.3949282867055e-06
4	40107	2.562941263363	0.00016933646406049
4	40114	2.563781876868	4.2282237735442e-05
4	40118	2.563985371853	5.7786720527257e-07
4	40134	2.564804122736	7.5679470572526e-06
4	40138	2.56500399296	3.2447339298553e-07
4	40145	2.565812715262	2.0659011296158e-06
4	40149	2.565973762182	7.2684809315961e-05
4	40165	2.566838552557	0.00058283196444569
4	40169	2.566970057666	2.281919558134e-07
4	40176	2.567870635947	2.0263824888764e-05
4	40180	2.567943607592	1.4781999707369e-05
4	40196	2.568845669576	0.00025904880956768
4	40200	2.568948406784	0.00017759452850691
4	40207	2.56988549526	0.00065454937315377
4	40211	2.569992607965	1.0829169085498e-08
4	40227	2.570913111496	5.2546189185046e-06
4	40231	2.571023639184	4.859391920137e-07
4	40238	2.571950785022	0.00085626322624696
4	40242	2.57199184954	8.4647669504576e-05
4	40258	2.572983870233	0.00064410750411369
4	40262	2.572996587594	3.4544237743903e-06
4	40269	2.57393774679	7.1231765121123e-05
4	40273	2.574002147454	3.2629691873741e-06
4	40289	2.574902255776	0.00010777265282454
4	40293	2.574988773601	1.1704996451533e-05
4	40300	2.575934211395	0.00071613443038412
4	40304	2.575969337659	0.00020024111561346
4	40320	2.576900742304	8.8871201587527e-07
4	40324	2.576988609652	4.7582625015303e-05
4	40328	2.577935734918	8.0314714178503e-07
4	40332	2.577959900592	3.0183181905743e-05
4	40351	2.5789372001	0.00016795690944628
4	40355	2.578995834958	1.1771474602234e-06
4	40359	2.579919749159	3.5807587747986e-06
4	40366	2.580023270255	2.3908046748808e-06
4	40382	2.580871303735	1.659998656968e-05
4	40386	2.581026826329	0.00030008775315131
4	40390	2.58183691507	1.9770258775933e-06
4	40397	2.582050250638	9.8426269226244e-06
4	40416	2.582880863407	8.6395199808159e-05
4	40420	2.583010536084	7.2026761508537e-08
4	40424	2.583872936159	0.00017280274010175
4	40428	2.583981757838	5.8436641552464e-05
4	40447	2.584881210692	2.2875374218176e-05
4	40451	2.585017546042	1.2696556316009e-05
4	40455	2.585862933246	7.7751718061718e-05
4	40459	2.586017846267	1.499597000651e-06
4	40478	2.586866157728	2.1603433787395e-05
4	40482	2.587022564382	0.00010856015656625
4	40486	2.587889414644	1.1978410290348e-05
4	40493	2.58800512298	9.3296707434177e-08
4	40506	2.588897169702	2.6178085729932e-06
4	40513	2.589035491054	0.00039832964927623
4	40520	2.589894724879	7.5055000353752e-05
4	40524	2.590010357196	7.3836989232275e-07
4	40537	2.590898613853	5.5732078570811e-06
4	40544	2.59103958192	2.756122704392e-05
4	40548	2.591919125046	3.4398311460558e-05
4	40555	2.592015495383	3.5231337955746e-06
4	40571	2.592919841593	1.4980968183338e-08
4	40575	2.592993862986	2.8898280329433e-08
4	40579	2.593953435702	5.8271005244289e-06
4	40583	2.593988459818	4.1914978317859e-05
4	40602	2.594978979843	7.8945093328242e-08
4	40606	2.595031643921	0.00011590917427566
4	40610	2.595990799638	0.00033877493776189
4	40614	2.596002628881	1.7509605612851e-07
4	40633	2.596956441223	2.4286135249203e-07
4	40637	2.597036670292	4.5178046626428e-06
4	40641	2.59799520386	2.197933980795e-05
4	40645	2.598031378589	1.8055358467917e-06
4	40661	2.59895278056	9.6587280484858e-08
4	40668	2.599045525642	7.2277503550468e-08
4	40672	2.599928059461	3.4362734484799e-06
4	40682	2.600017204457	1.8716125415984e-06
4	40692	2.600954157961	3.3852001776378e-06
4	40696	2.601002741897	4.7758670818489e-06
4	40706	2.601925401985	2.1711734633254e-09
4	40710	2.602010183176	0.00025449296059523
4	40726	2.602901563964	1.4943989453991e-06
4	40730	2.602979058317	2.3368889174698e-05
4	40737	2.603915369906	0.00016928076797129
4	40744	2.604023540457	1.3057643852194e-07
4	40754	2.604944630356	6.0049194681867e-05
4	40764	2.605070166761	3.3534022528082e-09
4	40768	2.605930673207	3.460732873101e-14
4	40775	2.606112160255	6.8319490819278e-11
4	40791	2.606951223391	7.943298389509e-05
4	40795	2.60713116692	1.2073647053386e-08
4	40802	2.607970269224	0.00013522918008594
4	40809	2.608104095374	4.2404164193637e-06
4	40816	2.608997096998	6.703805202294e-08
4	40826	2.609102534011	6.6566817649871e-06
4	40836	2.610003601199	0.00036275049144731
4	40840	2.610080340872	0.00050876209095003
4	40853	2.610979894476	2.4540506407667e-05
4	40857	2.611045010996	9.589455517527e-11
4	40864	2.611996289022	3.0490247270051e-05
4	40868	2.612007191963	0.00024040001816325
4	40881	2.612951108165	7.5139889133246e-06
4	40888	2.613029204444	5.5850400186369e-05
4	40892	2.613945099747	0.00051441891418496
4	40896	2.613997077952	4.4304185724023e-06
4	40912	2.614950956067	5.2975055105847e-07
4	40916	2.614967547904	4.7076532569343e-05
4	40929	2.615938661922	0.00076487235415236
4	40933	2.615972660285	3.0673631954812e-05
4	40943	2.616941164444	1.1843907067618e-05
4	40947	2.616952902691	9.5272845967391e-06
4	40954	2.617897445331	1.5627566417675e-06
4	40961	2.617950388183	1.7594872380314e-06
4	40971	2.61887022951	9.0491471690275e-05
4	40978	2.618991029926	7.2447455466185e-05
4	40985	2.619842305759	0.0017208788407051
4	40995	2.619993411493	2.8496446446464e-06
4	41002	2.620884481406	1.7062429627586e-08
4	41006	2.620947587493	1.2686026528208e-05
4	41019	2.621880352281	0.00010087509173057
4	41026	2.621957452252	6.8404313399576e-09
4	41033	2.622845626301	0.00014245902056251
4	41037	2.622922254403	0.00018603586396447
4	41053	2.62381575915	2.8966682928639e-06
4	41060	2.623957416944	1.2541101185247e-07
4	41067	2.624776067355	2.7071367300162e-05
4	41071	2.624923012139	1.4445812196552e-10
4	41084	2.625825247444	0.0072458239999617
4	41091	2.625893215042	7.5153763962295e-05
4	41098	2.626866409562	2.7793038266525e-06
4	41102	2.62688462043	5.5375260752801e-06
4	41118	2.627895788407	4.1764197624324e-05
4	41122	2.627919559109	8.421421828359e-07
4	41129	2.628886777787	1.1918754754141e-06
4	41133	2.62888872165	0.0004118879304846
4	41149	2.629840952123	1.1333672506235e-05
4	41153	2.629844086104	4.7676121797458e-06
4	41160	2.630843591163	1.4194136509933e-06
4	41164	2.630854130226	3.2214046725535e-05
4	41177	2.631828092856	0.00010837728774795
4	41181	2.631883675188	2.3676252780526e-05
4	41191	2.632856712116	7.3157177991562e-05
4	41195	2.632911979704	6.4374598313777e-06
4	41205	2.633833030191	5.4150847300862e-05
4	41212	2.633868683845	1.8925346776027e-05
4	41222	2.634822891597	3.1048898027224e-05
4	41226	2.634863001442	1.6158816215484e-05
4	41239	2.635817193582	1.3733958915306e-05
4	41243	2.635827680629	5.3350688011033e-10
4	41253	2.636779418248	0.00041390476390729
4	41257	2.636832086884	2.0490111316818e-06
4	41270	2.637796088575	9.1623651081132e-05
4	41274	2.637804937152	3.7045599249678e-07
4	41284	2.638754335515	3.0551592745897e-07
4	41288	2.638830718727	1.839265828991e-07
4	41301	2.639790784453	2.1006369934574e-08
4	41305	2.63985605063	3.5989087645132e-05
4	41315	2.640765980931	0.0022397127358805
4	41319	2.640863592487	4.5716856952054e-07
4	41332	2.641751684773	6.9293417733708e-07
4	41336	2.641816223039	8.0629776762656e-05
4	41346	2.642798355707	0.00062729776990884
4	41350	2.642857408785	0.00013814457674889
4	41366	2.643825003486	2.8010596391657e-05
4	41370	2.643844214258	2.567756737567e-05
4	41380	2.644857125601	0.00095377252908313
4	41384	2.644888747253	1.876208953298e-06
4	41397	2.645818946525	0.00025424679843534
4	41401	2.645895275838	3.5402507193899e-05
4	41411	2.646834643017	1.86006782771e-06
4	41415	2.646879045922	2.5645949127063e-05
4	41428	2.647828824679	5.5181472277835e-06
4	41435	2.647886577202	2.3017222156724e-06
4	41442	2.648847616717	1.9342128604686e-07
4	41446	2.648913787055	4.6555891660461e-08
4	41459	2.649892850622	1.8326998508953e-07
4	41466	2.649962687736	6.7132425042869e-06
4	41473	2.650887792702	1.1472708368637e-06
4	41477	2.650922919274	8.5536014992974e-05
4	41490	2.651907779526	1.0402403041092e-07
4	41494	2.651915220551	0.00050199303417741
4	41504	2.652926465036	2.2169072553811e-05
4	41508	2.652953195688	8.8527610153137e-05
4	41521	2.653908273756	4.8043587726153e-06
4	41525	2.653919785887	5.2820233072971e-07
4	41535	2.654905848813	0.00021868260200136
4	41539	2.654915375145	6.208538419948e-08
4	41552	2.655858218542	1.3992884792174e-05
4	41556	2.655874810624	3.0534076736103e-06
4	41566	2.656863396205	1.3754603046918e-05
4	41570	2.656902029323	2.4559433408618e-07
4	41580	2.657849588685	0.00029277824160653
4	41584	2.657886222067	1.2188315887317e-06
4	41597	2.658812577335	0.00015643725159088
4	41601	2.658930323115	9.8044135071055e-05
4	41611	2.659855150775	0.00014432384270807
4	41618	2.65995442945	3.1521180408639e-06
4	41628	2.660874436051	0.00063239811859006
4	41632	2.660990331634	1.6618502998296e-05
4	41645	2.661850629238	3.6077688348653e-07
4	41649	2.661942301966	1.380610565773e-05
4	41659	2.662818946942	2.1838309671477e-05
4	41663	2.662937358971	6.9649312375911e-05
4	41679	2.663844091591	3.9357558278535e-05
4	41686	2.663975811514	2.6498328409687e-08
4	41693	2.664825488624	5.6759846552662e-06
4	41697	2.66495997193	1.0741340166178e-06
4	41710	2.665862994984	5.9201167038103e-06
4	41714	2.665977864456	8.6669642202428e-07
4	41724	2.666842587005	6.8353348627831e-05
4	41731	2.666971791405	0.00014504565926935
4	41741	2.667827039998	2.6212780405276e-05
4	41745	2.668016491482	1.3745597111122e-07
4	41755	2.668875475802	6.6112199771286e-05
4	41759	2.669002675701	3.0070554594683e-06
4	41772	2.669828616819	4.4190364334705e-07
4	41776	2.670038545638	0.00010671381840454
4	41786	2.670797013681	0.00075116710619461
4	41793	2.671007363261	5.9448914874817e-06
4	41803	2.671845326704	6.3559482802066e-06
4	41807	2.672020474804	6.6054357301189e-09
4	41820	2.672839319603	3.4511112135083e-06
4	41824	2.673025316283	8.786479724533e-05
4	41834	2.673807320084	0.00023657773334629
4	41841	2.674023688634	1.9646366757928e-07
4	41848	2.674806478524	0.0043510328848916
4	41855	2.675002319187	6.3893266085261e-05
4	41865	2.675827467108	2.1526826757038e-05
4	41872	2.675975242523	8.481933311769e-06
4	41882	2.676832752988	3.8860343365397e-06
4	41886	2.676949986246	2.21822984701e-06
4	41896	2.677851223982	2.4842610143363e-06
4	41903	2.677936511608	3.8226801643111e-07
4	41913	2.678896198091	2.5872994478822e-08
4	41917	2.678921531258	9.9929629676008e-06
4	41927	2.679891834725	5.4920912191667e-06
4	41934	2.679907701299	3.3393575005414e-05
4	41944	2.680864483394	2.9624395355162e-05
4	41948	2.680903464899	8.2117137573644e-07
4	41961	2.681822655934	0.0013611523237432
4	41965	2.681863408149	2.0169364396695e-06
4	41978	2.682818427938	0.0011622681812626
4	41982	2.682903588543	1.8217167914365e-05
4	41992	2.683795310403	9.2707556217506e-06
4	41999	2.68392473693	2.1669440840505e-05
4	42009	2.684752388235	6.791766671381e-06
4	42013	2.684932571096	2.0999872206605e-05
4	42023	2.685705600283	5.2190815528616e-05
4	42030	2.685960412955	3.1842093749553e-05
4	42040	2.686726069008	3.2275460899707e-08
4	42044	2.686992411314	0.00022501092991885
4	42054	2.687706499574	0.0001594391783752
4	42064	2.688028111742	7.2384062018071e-05
4	42071	2.688752114609	1.6608806621939e-05
4	42075	2.689000195614	4.1906562616897e-07
4	42085	2.689776140644	0.0017075706843884
4	42095	2.690000559088	3.2284350892154e-05
4	42102	2.690738313029	6.8093877425081e-06
4	42106	2.690970464822	1.2594489021313e-06
4	42116	2.691689535519	8.7479949692964e-07
4	42120	2.691962089719	6.0213439562578e-06
4	42133	2.692672157516	0.0022457712961241
4	42137	2.69294934191	1.6069663719394e-07
4	42147	2.693622186212	6.8981746532201e-06
4	42151	2.693909419918	0.00013032626281278
4	42164	2.694586406487	6.5163183180384e-05
4	42168	2.694879471166	5.4829225398732e-06
4	42175	2.695544363693	6.1998564492358e-05
4	42182	2.695893104056	0.0010246606948341
4	42195	2.696529062207	0.0011448533522474
4	42199	2.696942746006	7.5233499740575e-05
4	42206	2.697548914515	4.0028481609129e-05
4	42213	2.697937587826	3.8559407109071e-05
4	42226	2.698539599461	0.00026417688887665
4	42230	2.698911787586	2.0183246931143e-05
4	42240	2.699519194952	4.8137973176937e-06
4	42244	2.699942237953	0.00052078376950448
4	42257	2.700500185473	1.2299817238148e-06
4	42261	2.700918993482	7.2038174298967e-05
4	42271	2.701457887612	0.00017164108527146
4	42275	2.701871312876	8.1159196594619e-06
4	42291	2.702419989578	0.00018649443519981
4	42295	2.702854327982	5.7448240099041e-07
4	42302	2.703375195302	2.7580946877499e-05
4	42309	2.703842170957	0.00029168163101035
4	42319	2.704412450421	2.5641620558118e-05
4	42326	2.70487189718	0.00012662662585532
4	42333	2.705437362103	3.4617611105609e-05
4	42340	2.705871363479	1.5611835257145e-07
4	42350	2.706449264463	2.1880773831621e-05
4	42357	2.706907043611	0.001050330774403
4	42367	2.707432223396	0.00016815448962206
4	42371	2.707941058492	0.0002839951669103
4	42378	2.708399363276	7.6780980501701e-05
4	42388	2.708906336542	0.00021710471492925
4	42392	2.709365081428	1.1644145355075e-06
4	42402	2.709888087662	2.2820944881239e-06
4	42409	2.710324228258	0.00067363976963831
4	42419	2.710891865064	0.009749933670879
4	42426	2.711326499406	9.1542429046253e-07
4	42433	2.711890560135	6.0873034011186e-06
4	42443	2.712362993554	0.00055984645382741
4	42450	2.712935413754	8.3016350047874e-05
4	42460	2.713380439627	8.6180358123723e-05
4	42464	2.713950200536	3.009643276469e-06
4	42471	2.71434230802	1.7050381165032e-06
4	42481	2.714930345474	1.3350403685744e-07
4	42488	2.715371281994	0.0013971266114057
4	42495	2.715977802769	1.0189268174251e-06
4	42502	2.716339414015	3.4501995749661e-05
4	42512	2.717005449411	0.00054085432126275
4	42519	2.717340795109	5.7794436397444e-07
4	42529	2.717970124933	5.0145875684103e-05
4	42533	2.718317251802	6.1052560017916e-05
4	42543	2.718949113999	4.738406594107e-05
4	42550	2.719362544039	4.1756506543313e-06
4	42557	2.719993033809	1.2221134320944e-07
4	42564	2.720399426656	4.8137427068604e-05
4	42574	2.720994973561	5.109739999854e-09
4	42584	2.721448477876	3.8176938062102e-09
4	42588	2.722007380277	0.00013765791521855
4	42595	2.722482745381	0.00010230668350715
4	42608	2.723013020929	4.8726172678354e-06
4	42618	2.723444369881	2.3024484755875e-05
4	42622	2.723998833662	1.0909133660873e-07
4	42629	2.724451631825	0.00040618106409634
4	42636	2.724954900235	7.0355161146491e-06
4	42649	2.725467809583	0.0017155077568655
4	42653	2.725989343959	0.0015687145565592
4	42660	2.726490478584	1.3657733959936e-05
4	42670	2.727018047328	0.0020934050414684
4	42680	2.72745534606	0.0012485612543767
4	42687	2.728034142344	3.1628671002147e-05
4	42691	2.728430253438	4.4431277014815e-07
4	42701	2.72904607261	7.7637733369415e-07
4	42711	2.729452345631	2.2035922483041e-05
4	42715	2.730022614908	1.104031271252e-05
4	42722	2.730426580265	2.9386217279168e-06
4	42732	2.731024400747	1.0634495196412e-05
4	42742	2.731412546811	6.6430142205196e-08
4	42746	2.731992051244	1.9021368301825e-09
4	42753	2.732385579422	1.6084674358022e-06
4	42763	2.733033328269	6.8011317705323e-07
4	42773	2.733362937052	2.8633703789493e-05
4	42777	2.734028107486	4.6049684596878e-06
4	42784	2.734367438145	5.442366338593e-06
4	42794	2.735036496762	0.00051822468208337
4	42804	2.735400229896	1.5720627624388e-05
4	42808	2.736036745075	1.0239474081147e-06
4	42815	2.736411914724	6.3896968836183e-06
4	42825	2.737003542279	0.00032567668302473
4	42832	2.737443032427	2.928212181051e-06
4	42839	2.737963204865	1.4521209384313e-06
4	42843	2.738462308038	0.00020105017382988
4	42856	2.738919117126	2.2221968431983e-05
4	42860	2.739429176932	0.00043453127532588
4	42870	2.739883088448	8.7731844111337e-05
4	42874	2.740411679356	3.6257633559806e-07
4	42887	2.740895000815	1.5901111500906e-05
4	42891	2.741456536223	2.7621443885279e-06
4	42901	2.741930084736	0.00021360548310209
4	42905	2.742414222362	2.0953086955745e-06
4	42921	2.742946747688	3.129933400364e-05
4	42925	2.743452489063	2.4841871230298e-07
4	42935	2.74394973728	1.7118393862975e-05
4	42942	2.744502071815	0.00015550387560129
4	42949	2.744978400832	1.2376509804308e-05
4	42959	2.745499826451	3.0787864381015e-07
4	42966	2.745962143442	1.3723762067302e-07
4	42973	2.74647957044	1.057885643676e-08
4	42980	2.746997839584	1.652410974012e-05
4	42990	2.747458547745	1.009768919341e-05
4	42997	2.747947918316	5.1687322836762e-07
4	43001	2.748423579947	3.4999147186987e-05
4	43011	2.748984272921	3.4877580252195e-06
4	43021	2.749465939223	1.3479091440865e-05
4	43028	2.749949577001	1.2898597596292e-08
4	43034	2.750498961623	9.9714675220483e-06
4	43044	2.75091318714	3.1980559320505e-05
4	43054	2.751476575001	4.0071650743241e-06
4	43061	2.751876676632	1.261237411442e-06
4	43065	2.752446011729	1.17738837268e-07
4	43075	2.752877904194	7.2972319665896e-08
4	43085	2.753411606587	1.677515301353e-05
4	43092	2.75388586169	0.00018155739881029
4	43099	2.754446313038	5.7256512349917e-05
4	43106	2.754870547489	3.5996756993978e-06
4	43113	2.755492656233	2.0388075574483e-05
4	43120	2.755905403295	0.00010596385355878
4	43130	2.756476164782	0.00092542324135595
4	43137	2.756904453527	4.4220218602294e-05
4	43144	2.757506061764	3.6203403491249e-05
4	43154	2.757913703627	0.00019002808914549
4	43161	2.758502648391	1.6156269352577e-06
4	43168	2.758941128723	5.4677014811773e-06
4	43175	2.75949909125	5.4028754501455e-05
4	43185	2.759945406748	4.3458664869263e-06
4	43192	2.760481283235	3.8561979909748e-07
4	43199	2.760953639384	1.609544608009e-07
4	43206	2.761460318631	0.00052429491452288
4	43213	2.761967550734	6.9905025504157e-05
4	43223	2.762485177974	5.9061092868065e-07
4	43230	2.762971793147	3.5671899690714e-06
4	43240	2.763476758539	3.6982648951347e-05
4	43247	2.763952084139	1.5214031173059e-07
4	43257	2.764452875035	9.9461760181336e-06
4	43264	2.764978257607	1.2942303871347e-05
4	43271	2.765416006296	4.0393115635628e-05
4	43278	2.766013222292	7.6705863211767e-07
4	43288	2.766380367232	2.1050660947337e-05
4	43295	2.767059473652	0.00011223324489498
4	43302	2.767379203692	7.0794372514559e-05
4	43315	2.768104718284	2.7086474206355e-05
4	43319	2.768362349483	3.3325956797967e-07
4	43326	2.769143461957	2.1811876432644e-05
4	43333	2.76941026198	2.9961357380654e-07
4	43346	2.770111753568	0.00023358418704848
4	43350	2.770364086361	6.0550595533613e-06
4	43357	2.771076737173	9.2608422739614e-05
4	43361	2.771343713543	2.5008839882091e-06
4	43377	2.772070530396	2.7983469900991e-05
4	43381	2.772295971615	8.599701280835e-06
4	43388	2.773117795101	0.00042153349731156
4	43392	2.773321680632	5.3124960296161e-07
4	43408	2.774111796659	3.6869857575418e-05
4	43412	2.774304142907	9.7231628240165e-06
4	43419	2.775117865881	0.00028682482078156
4	43423	2.775288151483	8.8345355271049e-06
4	43439	2.776077197225	1.4740556328486e-05
4	43443	2.776282258778	1.8487953128777e-06
4	43450	2.777073502539	3.088799184723e-06
4	43454	2.777315931063	1.9365711645908e-06
4	43470	2.778037734001	1.9678844726818e-07
4	43474	2.778318601886	1.7890197185267e-06
4	43481	2.779043858699	1.0089766969427e-05
4	43488	2.779285836215	2.283618455698e-06
4	43501	2.780024635748	8.751769136893e-08
4	43505	2.780318859821	2.1340107541993e-05
4	43512	2.781017853562	7.417406496623e-07
4	43519	2.781285203952	1.1188607791573e-06
4	43532	2.781978487203	1.6007258646793e-06
4	43536	2.782264552499	3.4910916486741e-07
4	43549	2.783014923943	0.00011602960045903
4	43553	2.78327238591	1.8140454678232e-05
4	43566	2.784017873876	4.1502199321943e-05
4	43570	2.78430893248	1.5503437188974e-07
4	43577	2.784991754602	2.197196288991e-05
4	43584	2.785291028841	9.5042783170542e-05
4	43597	2.785965480433	1.8427822082562e-06
4	43601	2.786288779462	1.9667899918685e-05
4	43608	2.786952295747	5.0620716227926e-09
4	43618	2.787322568505	3.3643769478112e-06
4	43628	2.787962095499	0.00013300121768151
4	43632	2.788343483389	0.00018713658554218
4	43639	2.788925844321	2.2906818257906e-08
4	43649	2.789356954938	8.0562796281652e-06
4	43659	2.789956413029	1.4003263558846e-07
4	43663	2.790313505476	2.0633513048141e-06
4	43670	2.790914454293	2.9113493863006e-05
4	43683	2.791335239979	0.0032720151013342
4	43690	2.791891993418	0.00024466211594255
4	43694	2.792367804941	0.0016136357909497
4	43698	2.792900748243	2.9284132517393e-06
4	43717	2.793391275045	3.0891026066582e-06
4	43721	2.79391395582	3.9449729756484e-07
4	43725	2.79440316477	2.5148556979625e-05
4	43729	2.794917308315	4.2865649861131e-05
4	43748	2.795385509939	5.7983347994538e-05
4	43752	2.795930052917	2.5424132791291e-05
4	43756	2.796432908005	4.2505765601076e-05
4	43763	2.79696354722	8.0235631517563e-07
4	43779	2.797423747448	1.7279307228385e-06
4	43783	2.797918988651	0.00061145772316243
4	43787	2.798377495766	1.8270180590813e-09
4	43791	2.798947215133	0.00010018602562334
4	43807	2.799400554056	2.1512907756445e-06
4	43814	2.799965841603	4.3634457124346e-06
4	43818	2.800405500252	7.8110585267032e-05
4	43822	2.801004963642	7.4989468425902e-05
4	43835	2.801419952846	0.00048462152165615
4	43845	2.80201140727	1.5099034138032e-06
4	43849	2.802413778728	2.7156077074786e-06
4	43853	2.802994916689	1.4542771387392e-07
4	43866	2.80338187097	3.5177832906795e-05
4	43879	2.804016824425	2.2994576323787e-05
4	43883	2.80433258517	1.716865082718e-05
4	43887	2.805015591917	8.0534066966414e-06
4	43897	2.805381580276	0.00016423728250371
4	43910	2.806044673504	7.6402061314183e-05
4	43914	2.806382526055	5.3800335961827e-09
4	43918	2.807040857765	3.550495176346e-05
4	43931	2.807404016446	8.9841903261573e-06
4	43941	2.808029541472	2.813859584608e-08
4	43945	2.808440944292	1.4943177130445e-06
4	43949	2.809026271305	0.00062994289054977
4	43965	2.809487930176	1.8924354146903e-05
4	43972	2.809982764394	1.0789115134889e-07
4	43976	2.810526117406	3.7092424796733e-05
4	43980	2.811025877649	0.00016155365650622
4	43996	2.811567590374	2.9572243705316e-06
4	44003	2.812061744174	0.00024262393216672
4	44007	2.812589676055	7.4613697442781e-05
4	44014	2.813079125532	2.0569032092935e-06
4	44030	2.81363808268	2.3526107035887e-05
4	44034	2.814060069745	9.4634081730861e-06
4	44038	2.814621532012	4.1445323582776e-07
4	44045	2.815015218015	0.0024852775027304
4	44061	2.81565608302	5.1753533007523e-05
4	44065	2.816059772051	4.6419214320735e-07
4	44069	2.816680605182	0.00055689696713967
4	44076	2.817105038404	2.0938704581199e-06
4	44092	2.81766737877	0.00010273595549528
4	44096	2.818106714609	5.5828301610456e-05
4	44100	2.818623578523	1.5426421442697e-05
4	44107	2.819067864472	0.00027156934697428
4	44123	2.819589522613	0.00047925406213146
4	44127	2.82007467716	0.00022578524237517
4	44131	2.820639438986	4.6044681900728e-05
4	44144	2.82112044028	3.4204302127914e-05
4	44151	2.821655803031	4.2233588330057e-07
4	44158	2.822073969241	2.4097301142427e-05
4	44165	2.822646442983	9.5459560984758e-06
4	44169	2.823095377425	3.8810674249402e-05
4	44185	2.82363491908	6.4773366323282e-05
4	44192	2.824082976421	0.00077490904381773
4	44199	2.824596635486	0.00011020478860538
4	44206	2.825126403987	0.0045212536946165
4	44216	2.825585032939	7.2938192538815e-06
4	44223	2.82608534454	5.2038489596554e-07
4	44227	2.826603078847	3.3480724380927e-06
4	44237	2.827044348251	0.00075150218960453
4	44247	2.827625145585	0.0001396625753626
4	44254	2.828061037602	0.00061084058454127
4	44258	2.828590691956	4.0858248152376e-05
4	44268	2.829071587029	3.6693496869095e-06
4	44278	2.829555435875	3.5961278242459e-06
4	44285	2.830107259541	6.3375178888891e-06
4	44289	2.830556406351	6.6480600621588e-06
4	44299	2.831111614216	0.00029904131061781
4	44309	2.831534255622	1.0677685221974e-07
4	44316	2.832116151003	3.3873832577104e-06
4	44323	2.832578764781	1.5701632587003e-07
4	44330	2.833099215615	0.00016289118643153
4	44340	2.833541286959	1.2940123935716e-07
4	44347	2.834108241472	2.7976131447246e-07
4	44354	2.834527577952	0.00010030388987751
4	44358	2.835071048319	4.5959525182715e-06
4	44371	2.835572900639	0.00020273009912846
4	44378	2.836099147061	2.221752773879e-06
4	44385	2.836586855992	3.8844929476711e-06
4	44395	2.837117460038	2.1600402416179e-06
4	44402	2.837586440593	3.2201534420016e-09
4	44409	2.838158468692	6.7729765332068e-08
4	44413	2.838636108508	1.2194861770474e-06
4	44423	2.839146103807	2.6621512763144e-07
4	44433	2.839659314548	0.00022564944345292
4	44440	2.840172844601	6.6959340891069e-06
4	44447	2.840656532931	5.9157766522933e-06
4	44454	2.841137026544	0.00015416303722672
4	44467	2.841683318372	5.5361637533585e-06
4	44471	2.842125126162	0.00024244240755246
4	44484	2.842676074041	1.126163772109e-06
4	44488	2.843096378355	3.6078514110559e-07
4	44501	2.843719310014	1.3204853886951e-05
4	44505	2.844111539042	2.9826398899267e-05
4	44515	2.844673513582	2.593043327144e-07
4	44519	2.845074617992	5.0379335872661e-09
4	44529	2.845673337929	6.5808955743046e-05
4	44536	2.846073208076	6.628415991697e-06
4	44546	2.846718896991	0.0011685448014652
4	44550	2.84707284011	2.5286339151437e-06
4	44560	2.84773176649	5.859158518696e-06
4	44567	2.848076606022	0.00035996287552864
4	44577	2.848758209682	3.1035041153706e-08
4	44584	2.849048484853	2.7885409584237e-05
4	44594	2.849738985188	2.1109470259276e-06
4	44598	2.850049136533	0.1029433554772
4	44605	2.850711491935	6.2678093646845e-05
4	44612	2.851026104909	3.1173088198879e-06
4	44625	2.851694322263	8.5262628592521e-06
4	44629	2.852029723767	3.0644503589459e-07
4	44636	2.852725476876	1.5163638694805e-06
4	44646	2.852991048031	1.0459662474384e-07
4	44653	2.853707200473	4.8935034968323e-07
4	44660	2.854014476693	2.8608500977241e-07
4	44667	2.85470436882	3.4238463677142e-06
4	44671	2.85497896179	3.3013575343203e-05
4	44684	2.855693134348	1.0279721146486e-07
4	44694	2.856008297828	3.9649288238824e-05
4	44698	2.856664247213	0.00020067594490561
4	44705	2.857050856562	1.3110879145769e-06
4	44715	2.857629209852	1.8663651496465e-06
4	44725	2.858093992354	0.00035691295677808
4	44729	2.858639574483	1.5889757540198e-05
4	44736	2.859078080914	2.1773315099671e-07
4	44746	2.859629892753	7.3190500242159e-06
4	44753	2.860102208724	0.00026434090853417
4	44760	2.860645967557	0.00041334288754788
4	44767	2.861073164592	9.326892063266e-07
4	44777	2.86167858405	5.0166433634703e-06
4	44784	2.862078656616	5.2759092892905e-06
4	44791	2.862687620351	6.0816002979705e-05
4	44801	2.863077540702	1.4349171973597e-05
4	44814	2.863721997858	0.00018413731247551
4	44821	2.864043609036	1.209541641569e-05
4	44825	2.864761641832	1.7462828012914e-05
4	44832	2.865082319974	7.4140085816047e-06
4	44845	2.865735362728	0.0014832054078947
4	44852	2.866035055236	8.7859028076228e-07
4	44856	2.866739070229	0.00094080625000304
4	44863	2.867004241473	2.281700600098e-05
4	44876	2.867786455675	5.0239541891912e-06
4	44883	2.868048046016	0.00084304748382383
4	44890	2.868829923754	8.9163192257569e-05
4	44894	2.869037182955	3.046308868224e-07
4	44907	2.869872256521	5.7154663085447e-05
4	44914	2.87006348894	2.181025401712e-05
4	44921	2.870871645063	0.00019014046044245
4	44928	2.871040639786	0.00013261863670804
4	44938	2.871857260044	2.7758240865796e-05
4	44945	2.872075765327	0.00016921250471749
4	44949	2.872849760722	2.1795512947507e-06
4	44959	2.873092505431	4.4522338474947e-05
4	44969	2.873870205964	2.1683477015333e-05
4	44973	2.87412226193	1.6099151253228e-05
4	44980	2.874877559407	3.8731255328502e-05
4	44990	2.875127140092	6.1177233006567e-06
4	45000	2.875913383305	3.9742943106129e-05
4	45004	2.876142790438	8.1356706936534e-05
4	45011	2.876938440545	0.00048475411860746
4	45021	2.877099046696	1.0502645162952e-05
4	45031	2.877924103528	3.6758356634687e-05
4	45038	2.878138624587	2.1466760333507e-05
4	45045	2.878932799653	0.0044378588319
4	45052	2.879172571177	1.8875275020994e-05
4	45062	2.879920346679	3.1189267854715e-05
4	45069	2.880193824144	3.1051000381218e-05
4	45076	2.880917667881	4.3502725729669e-07
4	45083	2.881170619532	4.4955464409911e-05
4	45093	2.881906288039	0.00017194084740739
4	45097	2.882159288045	0.00089274867410033
4	45113	2.882943695432	3.1045367726891e-06
4	45117	2.883133616458	0.00028733089228847
4	45127	2.883894904844	2.372973476961e-05
4	45131	2.884159878548	0.00053641850960986
4	45144	2.884923392779	4.2253377195255e-05
4	45148	2.885138206151	0.0011895632070958
4	45158	2.885884135113	1.9422104190559e-06
4	45162	2.886109915768	0.00096386596867152
4	45175	2.886883511604	1.0707200965464e-06
4	45179	2.887140171729	0.00026571702431515
4	45189	2.887834283166	0.0007622002129613
4	45193	2.8881076633	2.011862007938e-05
4	45206	2.888854287083	0.00041488326058796
4	45210	2.889067699178	6.1484300762041e-06
4	45220	2.889827119657	0.00048512715527302
4	45224	2.89003452374	2.1143186481279e-07
4	45234	2.890801175899	0.0002085052141484
4	45241	2.891014000962	0.00013238439027096
4	45251	2.891809613194	2.6484264351584e-06
4	45255	2.89205215335	0.0001571222291251
4	45262	2.892818246023	0.00016702423638391
4	45272	2.89304867455	0.00011411999135889
4	45282	2.893799368844	1.8899583315524e-07
4	45286	2.894044943179	1.7936281359052e-05
4	45299	2.894829360332	4.7772517664629e-07
4	45303	2.895082986679	3.5858026652919e-06
4	45310	2.895826791308	9.5998183921081e-05
4	45317	2.896113388961	1.7155868259159e-05
4	45330	2.896844356693	2.4556136232799e-06
4	45337	2.897115382162	6.3743653996678e-06
4	45341	2.897800866771	1.9299614961983e-06
4	45348	2.898083433647	3.3507907499585e-06
4	45361	2.89881981234	7.4361677201265e-05
4	45368	2.899040751673	6.32921298674e-06
4	45372	2.899786219962	2.050078340074e-06
4	45376	2.900073126283	1.6556573729738e-06
4	45392	2.900806768335	1.2627161176737e-07
4	45399	2.901045506322	3.0245881042846e-05
4	45403	2.901764922075	3.3749269900593e-06
4	45407	2.902069144343	2.4303740262037e-05
4	45426	2.902772252566	0.0001216098234069
4	45433	2.903048690344	2.7351079225355e-05
4	45437	2.903777652083	2.261637853993e-05
4	45444	2.904043282843	5.4776856908399e-06
4	45460	2.904737183861	8.5120314417579e-09
4	45464	2.905027870982	2.3320601256355e-05
4	45468	2.905742450686	3.7736612883657e-06
4	45472	2.906066716923	1.243276294081e-06
4	45491	2.906695856451	0.0012517620062011
4	45495	2.907098923467	3.8948428675835e-07
4	45499	2.907721550254	0.00015340155972244
4	45506	2.908142441475	2.036526204525e-05
4	45519	2.908672233046	7.3285838448333e-06
4	45526	2.909128283598	0.002279601571407
4	45530	2.909647746188	0.00012543232643035
4	45537	2.910143620201	3.8428968574063e-06
4	45550	2.910653761685	0.00024360721247111
4	45557	2.911099667545	2.65309682211e-05
4	45561	2.911664214874	1.5360595123897e-06
4	45565	2.912066406504	1.4852412252039e-05
4	45578	2.912630391158	5.2993703302537e-05
4	45588	2.913049750289	2.8561868867265e-05
4	45592	2.91359390317	3.3223946449889e-06
4	45596	2.914003105984	7.5080054963184e-05
4	45609	2.914635753072	5.9105603893005e-06
4	45619	2.915013544129	8.0603715825181e-05
4	45623	2.915642787765	1.6138800329654e-08
4	45627	2.916041833945	8.6745663738968e-06
4	45643	2.91662502691	5.1722104399222e-05
4	45650	2.917069033405	3.6314725499758e-08
4	45654	2.917656105719	3.3370908682853e-05
4	45658	2.91808711581	2.727180310592e-07
4	45671	2.918681154417	0.00012028732912582
4	45681	2.919125340927	3.2028261821079e-08
4	45685	2.91963692355	0.00014650544749548
4	45692	2.920166927515	0.00013757235850276
4	45702	2.920592945194	8.2505997902677e-06
4	45712	2.921137680943	0.00014307420651083
4	45716	2.921623365368	0.00011648234168985
4	45723	2.922169545834	5.1566401272871e-07
4	45736	2.9226292375	4.7578223730549e-05
4	45746	2.923213444927	2.5272211784808e-06
4	45750	2.923650347121	1.1317980209377e-06
4	45757	2.924214282709	0.00014147703569214
4	45770	2.924642920374	8.1651794270294e-07
4	45777	2.925228615164	1.2931681269003e-05
4	45781	2.925633957706	1.0413058659702e-06
4	45788	2.926192646205	6.9300885116997e-06
4	45801	2.926682790687	1.6906784437916e-05
4	45808	2.92716527172	2.6445234658145e-05
4	45812	2.927702891531	9.838242035558e-07
4	45819	2.928189506546	7.7273114319508e-05
4	45832	2.928704639292	2.2345928873782e-07
4	45836	2.929222599127	2.0347920551832e-08
4	45843	2.929658469877	5.8177107613729e-07
4	45850	2.930223969916	1.3775507671186e-06
4	45860	2.930675068316	9.1523840293886e-05
4	45867	2.931238721573	2.8717152621531e-06
4	45874	2.931706086741	4.0484499422924e-06
4	45881	2.932195371179	0.00015014661788615
4	45891	2.932688799754	5.8641906683363e-05
4	45898	2.933184069348	5.3072322549867e-06
4	45905	2.933665080052	8.4128947523765e-05
4	45912	2.934213563866	1.2215499047407e-06
4	45922	2.934709986246	1.2497499897593e-05
4	45929	2.935177298198	0.0016396951009508
4	45936	2.935715165499	3.7129921458069e-06
4	45943	2.936186898056	6.5765513492989e-06
4	45953	2.936724556398	8.8075217424273e-07
4	45963	2.937205336649	0.00015858222246856
4	45967	2.937682914376	5.4330177635924e-05
4	45974	2.938210106048	1.9414274746836e-05
4	45984	2.938674478815	2.6901868467958e-06
4	45991	2.939201154588	7.0975019641008e-06
4	45998	2.939650703231	5.8552834725128e-05
4	46005	2.940157937621	6.7296009724e-05
4	46015	2.940637715428	0.00074256870916886
4	46022	2.941135735149	3.091675525704e-06
4	46029	2.94166273775	6.3562425493829e-05
4	46039	2.942129793371	1.9016541259165e-07
4	46043	2.942631184194	6.0908401346764e-05
4	46059	2.943107552884	3.2945830218395e-05
4	46063	2.943583058517	9.9430339731487e-05
4	46073	2.944155045705	8.9111379672369e-07
4	46080	2.94453862365	4.4100534220188e-05
4	46090	2.945195569264	3.8694632565032e-05
4	46094	2.945524209855	1.7197819552885e-05
4	46101	2.946179654904	8.960377165832e-05
4	46108	2.946538844909	5.426540136949e-05
4	46121	2.947145807594	4.1057447883915e-05
4	46125	2.947507290005	3.330916382768e-05
4	46135	2.948104757917	1.8422989836474e-06
4	46139	2.948473714394	7.0551147689804e-05
4	46152	2.949065402703	2.9579633707441e-08
4	46156	2.949450268633	6.3962082181187e-06
4	46166	2.950100725652	1.4868873011744e-06
4	46170	2.950437388404	0.00018855405223023
4	46183	2.951145857568	0.00024185944291047
4	46187	2.951404762625	0.00070734633695355
4	46197	2.952101016531	0.00046399582577983
4	46201	2.952361650753	9.6416251834937e-07
4	46214	2.953083382694	0.00088671434764707
4	46218	2.953375209887	1.2196804120493e-06
4	46228	2.954066165755	9.9432170390628e-06
4	46235	2.954377923409	1.0266587057055e-05
4	46242	2.955069959323	2.8055694694794e-06
4	46252	2.955426122134	0.00053153550238654
4	46256	2.956022571392	3.3501345374352e-07
4	46266	2.956392627117	5.5574022549305e-06
4	46273	2.957049657741	1.5603054359907e-06
4	46283	2.957362368245	9.4905217118245e-06
4	46290	2.958009231971	0.0018729326069427
4	46297	2.958329600443	3.7161661187705e-07
4	46304	2.959056614986	2.6939993952942e-06
4	46311	2.959310141906	3.2266219445288e-06
4	46324	2.960099353929	3.8452293111317e-05
4	46328	2.960312425247	0.00031836386514293
4	46338	2.961123357783	0.0010568635295583
4	46342	2.961269718602	1.3000084889775e-08
4	46358	2.962165196714	1.3748156664365e-06
4	46362	2.962252415534	9.8193382823248e-06
4	46372	2.963145392729	1.1802875450542e-05
4	46376	2.963227465342	0.0003441216454793
4	46389	2.964121192683	4.1081778894652e-06
4	46393	2.964219660388	9.2155218574261e-06
4	46403	2.965092880699	0.00014530951065344
4	46407	2.965171243074	1.1982219121859e-07
4	46417	2.966075153852	0.0005271788423246
4	46424	2.966178438451	0.0010705858599081
4	46434	2.967076939734	3.1760998450905e-05
4	46438	2.9671992769	2.1098886215708e-08
4	46451	2.968125970274	9.5678846191972e-06
4	46455	2.968170541113	1.8386397012424e-05
4	46465	2.969099080914	8.7008051382234e-08
4	46469	2.969178706202	3.7342785501093e-05
4	46476	2.970116850022	3.2840745992887e-05
4	46483	2.970190249177	5.8426422601485e-06
4	46496	2.971071689454	7.1344409068673e-07
4	46500	2.971141199387	1.6893584615963e-05
4	46507	2.972059551412	3.5808671627686e-05
4	46514	2.972185169822	2.5674261788412e-05
4	46527	2.973045990529	2.471309969405e-05
4	46531	2.973221139159	6.1939996914151e-06
4	46541	2.974089096748	2.9309665779007e-05
4	46545	2.974255786631	4.1527261418656e-07
4	46558	2.975110066584	0.00020816116866954
4	46562	2.975286895795	0.00018298931096675
4	46569	2.976132491107	0.00049645787785412
4	46576	2.976269902233	0.00053433545975953
4	46589	2.977161396279	7.0558502507499e-08
4	46593	2.977284402586	1.3544525714019e-09
4	46600	2.978188013877	0.00013493292656659
4	46607	2.978258683581	6.7892726316413e-07
4	46620	2.979148587281	0.00025288160362513
4	46624	2.979293580037	8.7040255157045e-06
4	46631	2.980101673858	5.0005511916128e-06
4	46635	2.980334003567	7.2967691422367e-06
4	46651	2.98108964675	0.00019266587746913
4	46655	2.981328539681	6.9478375053562e-08
4	46662	2.982049663811	1.0323523713333e-06
4	46666	2.982322048076	0.0023654577267956
4	46685	2.983055128799	0.00041057623201921
4	46689	2.983369590063	1.9715542520278e-05
4	46696	2.984043145144	5.2394470002331e-06
4	46703	2.984364605384	0.00028421294297427
4	46716	2.985089456481	7.8203545119809e-06
4	46720	2.985319952612	0.00029971491035931
4	46727	2.986069530881	4.1747433494608e-05
4	46734	2.986343584	4.9281219746527e-05
4	46747	2.987107867712	2.8029428474128e-08
4	46751	2.98729840237	0.00023869869350775
4	46758	2.988114459575	0.00011967090408995
4	46765	2.988309459521	2.2057283694013e-05
4	46778	2.989131958355	5.867647666487e-05
4	46782	2.989351738751	1.1672925598601e-05
4	46789	2.990156843833	9.2004680199507e-05
4	46796	2.990309134109	0.00080994730347826
4	46809	2.991131032312	5.65477830459e-06
4	46813	2.991292317512	0.00014615926631056
4	46820	2.992159640656	1.9609210518262e-07
4	46824	2.992300339939	0.00010233927282585
4	46840	2.993185008548	1.485725718265e-05
4	46844	2.993302157439	0.00023981190266283
4	46851	2.994224516797	0.00075575448863626
4	46855	2.994345905215	0.00028158322783968
4	46871	2.995209748528	2.1414082921612e-06
4	46875	2.995319616321	0.0032439339168448
4	46882	2.996254569424	9.2873884740121e-10
4	46889	2.996341657867	7.026532590262e-08
4	46902	2.997296236397	1.8628126917456e-07
4	46906	2.997300022832	1.1258508314576e-09
4	46916	2.99827278614	0.00050583684492027
4	46920	2.998331856579	3.3088517569752e-06
4	46933	2.999319365232	5.9592561788059e-09
4	46937	2.999329434096	1.4490498270617e-06
4	46949	3.000349706306	1.3214012145927e-05
4	46953	3.000355332705	0.00011531595269171
4	46966	3.001359750345	0.00034736037282144
4	46970	3.001396445238	1.4148699461085e-06
4	46980	3.002334636717	0.00051010668054181
4	46984	3.0023564374	2.6464823372687e-06
4	47000	3.003353406652	5.2056656521632e-07
4	47004	3.003405386741	4.3622848675382e-06
4	47014	3.004309482023	5.0819047398759e-06
4	47018	3.004415570862	7.4831603731393e-06
4	47031	3.005350634024	5.2934255732072e-05
4	47035	3.005454063514	6.3808245996831e-06
4	47048	3.006371551577	6.867113208698e-05
4	47052	3.006455742459	3.5238421089694e-07
4	47062	3.007374697414	0.002930881427964
4	47066	3.007462364424	3.1177552888534e-08
4	47079	3.008407103112	0.002133080603794
4	47083	3.008488451936	5.4495289169291e-09
4	47093	3.009432802778	2.0816850080571e-05
4	47097	3.009444744393	1.3597578676575e-06
4	47110	3.010434371258	0.00093937895338405
4	47114	3.010488337291	2.8620207858155e-07
4	47124	3.011415804497	2.9137852083767e-06
4	47131	3.011473563071	1.183131972874e-05
4	47141	3.01238570148	0.00076390610362266
4	47145	3.012447152888	0.00011665085053411
4	47155	3.013405170159	7.5410405350776e-09
4	47159	3.013423521673	7.4648997111017e-05
4	47172	3.014392652778	2.5417304141748e-07
4	47176	3.014438783118	6.6100915618726e-05
4	47186	3.015362651558	8.954133065628e-06
4	47190	3.015415693708	2.5622325672994e-06
4	47203	3.016314167935	0.00048922063108072
4	47207	3.01644833447	1.3185072579138e-05
4	47217	3.017321134965	1.4770853180981e-05
4	47221	3.017399177239	2.470885281176e-06
4	47234	3.018304108191	9.0228829964885e-08
4	47238	3.018409515894	4.9061899634058e-08
4	47251	3.019321779509	3.5615540337814e-06
4	47255	3.019445071408	2.0845595871961e-05
4	47268	3.020363289974	3.5998503140079e-07
4	47272	3.020441582782	1.2877618128471e-05
4	47282	3.021395135934	2.235225614064e-05
4	47286	3.021434388086	8.2534643559811e-06
4	47302	3.022361065405	4.6331468075524e-07
4	47306	3.022432289513	4.2913109160482e-08
4	47316	3.023395813092	6.1715485454502e-08
4	47320	3.023406992124	0.0002990755249025
4	47333	3.024426363155	1.4957270585247e-08
4	47337	3.024451511762	2.309157208926e-07
4	47347	3.025433610032	9.7982079414096e-08
4	47351	3.025497684042	0.00038824040062269
4	47364	3.026426716127	0.00038870035080374
4	47368	3.026489567836	6.201612610119e-06
4	47378	3.027441225617	6.0924444886157e-07
4	47382	3.027444611061	6.5950811860367e-05
4	47395	3.028397250043	2.529774453302e-07
4	47399	3.028448481698	4.530112589464e-05
4	47406	3.029388619559	3.6709177314214e-06
4	47410	3.029481901201	1.3751101192026e-05
4	47426	3.030403520426	6.2333820097579e-09
4	47430	3.030445683803	1.2038102015093e-07
4	47440	3.031370387756	2.9204257451178e-06
4	47444	3.031479476636	1.40802121898e-06
4	47457	3.032345281839	0.00011761240449461
4	47461	3.032516153638	1.6199298816397e-07
4	47468	3.033330264079	3.4820040811041e-05
4	47475	3.033469960228	1.1084305111963e-08
4	47488	3.034377714234	4.4857717908994e-07
4	47492	3.034446534603	0.00032295642722072
4	47499	3.035351861871	4.6432225196214e-05
4	47506	3.035479492876	9.4778529974277e-09
4	47519	3.036380344621	5.2559116137092e-05
4	47523	3.036435945572	0.00014559896868368
4	47530	3.03733913956	2.3209232751165e-06
4	47537	3.037460164782	3.6189790083594e-06
4	47547	3.038388492254	7.1362700295332e-06
4	47551	3.038440246466	1.1083501655925e-05
4	47564	3.03937892137	4.2136403992779e-05
4	47568	3.03941995227	3.8494886180866e-07
4	47578	3.040371770129	3.9667483749808e-07
4	47582	3.040407900225	5.0623829417066e-08
4	47592	3.041349577244	6.2788091874863e-06
4	47596	3.041376566495	1.875629736346e-07
4	47612	3.042336661164	7.8134365376336e-06
4	47619	3.042362521269	1.0464277439555e-06
4	47626	3.043350061953	1.5439004951588e-05
4	47630	3.043361086553	2.7035086303361e-08
4	47643	3.044306706788	3.9072514072214e-09
4	47647	3.044356618033	3.490748061641e-08
4	47657	3.04533409105	4.605768097937e-05
4	47664	3.045379922547	0.00015002812033952
4	47677	3.046328369627	0.00051095707075992
4	47681	3.046418676828	1.4627216837584e-06
4	47691	3.047354562435	3.6396184691712e-05
4	47695	3.047447806695	3.5107199484535e-07
4	47708	3.048367230177	2.1991693739549e-06
4	47712	3.04848049329	8.9777233562331e-07
4	47722	3.049410481576	4.4945771634388e-06
4	47726	3.049435010732	3.5236666868576e-08
4	47736	3.050370460064	8.2292413888919e-06
4	47740	3.050432504811	7.9951714501461e-06
4	47753	3.051359197031	2.1921606233251e-05
4	47757	3.051402200225	1.0390418846591e-05
4	47767	3.052349445828	1.9492080199608e-05
4	47771	3.052379650034	5.0988081542559e-06
4	47784	3.053322699464	0.00012959004627382
4	47788	3.053386081885	7.4945159269625e-06
4	47801	3.054317627776	4.9440563877039e-06
4	47805	3.054361070917	1.4347349716518e-07
4	47815	3.055272461444	1.4897402229401e-06
4	47819	3.05540068149	9.9724850837924e-06
4	47826	3.056246056706	8.138852156571e-05
4	47836	3.056402721376	2.2620300273943e-06
4	47843	3.057217175626	7.9157830596811e-06
4	47850	3.057438802408	0.00010239169118711
4	47857	3.058250838405	0.00053778694041784
4	47861	3.058417233138	9.1947558385319e-08
4	47874	3.059217251837	6.1445938284296e-05
4	47878	3.059393023947	1.3504222367127e-06
4	47888	3.06022757654	2.315899874976e-06
4	47895	3.060407495389	1.6478787933633e-05
4	47905	3.06120626775	3.2959217242641e-05
4	47909	3.061361392687	6.7846973713227e-06
4	47919	3.062176351976	0.00013807754410712
4	47929	3.062331810626	0.00024691014603732
4	47939	3.063199089751	0.00031226701369846
4	47943	3.063341511387	2.7387230790727e-08
4	47950	3.064231633606	4.361767300025e-07
4	47960	3.064342841518	5.6464471999589e-06
4	47970	3.065266443809	0.00074740840191389
4	47974	3.065307819834	1.0192814749051e-05
4	47981	3.066216888415	7.1729772949293e-05
4	47988	3.066260261398	1.3313763751905e-05
4	48001	3.067239590006	1.5997171207456e-06
4	48005	3.067292180025	2.8688818905977e-08
4	48015	3.068241285152	8.0381426192217e-05
4	48019	3.068258473931	4.4726419217872e-06
4	48032	3.069228469615	1.3784424560137e-05
4	48036	3.069276448802	1.6365839216878e-05
4	48046	3.070235311149	0.026771052113688
4	48050	3.070246963386	2.3750699313583e-05
4	48063	3.071186456342	1.5259166944429e-05
4	48067	3.07126838281	3.6430032910772e-07
4	48077	3.072223811494	0.0027044370859294
4	48081	3.072230323887	9.7713605285173e-06
4	48094	3.073180824668	7.5310671127076e-07
4	48098	3.073181950189	2.7851338372108e-05
4	48108	3.074133950467	1.83299700072e-07
4	48112	3.074199075121	5.2970158732237e-05
4	48125	3.075140708221	1.4002442694092e-05
4	48129	3.075228393642	9.4517127905391e-09
4	48136	3.076177662639	1.3563293164512e-05
4	48143	3.076253470576	6.4348070458328e-05
4	48156	3.077195157607	7.2196692736553e-05
4	48160	3.077233346401	5.4130482039267e-06
4	48170	3.078202213313	1.0106880256147e-06
4	48174	3.078254896014	0.00044471682889424
4	48187	3.079205977282	1.5840440401193e-06
4	48191	3.079225020165	8.6482078053186e-05
4	48198	3.080247658635	0.0011588620869181
4	48202	3.080253968163	8.5452205689221e-05
4	48218	3.081216736163	4.1599600677792e-07
4	48222	3.081233147354	5.0363931372071e-05
4	48229	3.082224826785	6.6043125253865e-06
4	48233	3.082229835349	0.00040664481543712
4	48252	3.083223680488	0.0016745252469108
4	48256	3.083228609675	2.7649550105828e-05
4	48266	3.08421977651	1.283813429847e-05
4	48270	3.084266822549	1.0474791133493e-06
4	48283	3.085202413334	3.8741230253871e-06
4	48287	3.085253788708	8.5389569848537e-06
4	48294	3.086189715248	1.2418779795623e-06
4	48298	3.086215502129	1.2198072048739e-06
4	48314	3.087192347908	0.00027189603934019
4	48318	3.087238017959	4.0500884916106e-05
4	48325	3.088172420985	6.9554008392936e-06
4	48332	3.088243836389	0.00025159257275892
4	48345	3.089163093768	3.6319827100065e-06
4	48349	3.089280727054	7.8967215131869e-07
4	48356	3.090181243552	6.2458390112488e-07
4	48363	3.090288299291	6.6405314917797e-05
4	48376	3.091208366975	0.00075994319882844
4	48380	3.091305391887	3.1907100125325e-06
4	48387	3.092174835042	4.6846369458176e-07
4	48394	3.092320541323	1.6065118745965e-05
4	48407	3.093211966839	4.8788410235672e-05
4	48411	3.093348289779	4.8971445489442e-06
4	48421	3.094234284908	3.805989124602e-05
4	48425	3.09437282719	9.5879709913544e-05
4	48438	3.095234939196	8.3111472840231e-06
4	48442	3.095362043803	5.2156088455335e-10
4	48452	3.096260306479	2.0311916016718e-06
4	48456	3.096399857489	4.4205588094813e-05
4	48469	3.097236600292	1.3858479347331e-07
4	48473	3.09740521641	3.8374696961939e-07
4	48483	3.09826256877	5.2423558867382e-06
4	48490	3.098443271654	1.0229049080012e-05
4	48500	3.099228139624	0.000725032319093
4	48504	3.09940310844	1.2541559863908e-06
4	48514	3.10021458274	0.0016912869775447
4	48521	3.100442685608	0.00035760997268275
4	48531	3.101188761144	0.0021296902756559
4	48535	3.101465378395	3.0019071212523e-05
4	48545	3.102197681067	7.0443181798087e-05
4	48555	3.102420391288	8.6178615796864e-06
4	48565	3.103156054792	1.9827750339036e-05
4	48569	3.103428859248	8.1854746572802e-05
4	48579	3.104151487136	1.6403401676191e-06
4	48583	3.104450293601	9.9511534273116e-05
4	48596	3.105133001948	3.1085783892724e-05
4	48600	3.105427096514	6.1016066547155e-05
4	48607	3.106159874784	2.3811645409797e-08
4	48617	3.106422160626	4.0664900768e-05
4	48627	3.107157452745	7.6371410384931e-07
4	48631	3.107398628111	0.00071772600879559
4	48638	3.108141532988	4.1626303025131e-05
4	48645	3.108352576523	7.3019936000833e-08
4	48658	3.109182326145	3.1935697666193e-05
4	48662	3.109329719068	3.3779970980705e-08
4	48666	3.110162527474	0.00039386516304495
4	48676	3.110297253124	0.00078825201794581
4	48689	3.111121516148	2.6819281994763e-06
4	48693	3.111302735822	0.00015886796745295
4	48697	3.112138367189	0.00059295038187027
4	48707	3.112343871238	5.043009745411e-09
4	48720	3.113133444234	9.5297059161957e-07
4	48724	3.11339110781	2.3416852773367e-05
4	48731	3.114157367967	0.00099888146329817
4	48738	3.114359417342	4.7556874110238e-06
4	48751	3.115155804205	8.3184585418487e-05
4	48755	3.115341722674	6.9494266015475e-05
4	48759	3.116127834352	4.0851092711208e-07
4	48769	3.116379024523	5.037099999887e-08
4	48779	3.117078550911	2.0967654090684e-05
4	48786	3.11739751524	1.0706490593296e-05
4	48790	3.118115884029	1.3181502018481e-05
4	48803	3.118393839282	6.3785248125164e-06
4	48813	3.119130852356	3.2733902687039e-07
4	48817	3.119436762764	2.2491720301237e-07
4	48827	3.120167254632	8.5423934512815e-05
4	48834	3.120468044357	7.8902256821772e-06
4	48844	3.121194019756	0.00011220552963207
4	48848	3.12150188885	8.5604416012963e-06
4	48858	3.122211730036	0.00015500808787067
4	48868	3.1224709638	3.7470885696583e-05
4	48878	3.123242036358	1.7486091340248e-06
4	48882	3.123497426535	4.6992424058941e-06
4	48892	3.124246263257	2.9981621118392e-05
4	48899	3.124482791345	2.3731807057436e-07
4	48909	3.125270975112	9.1662449829694e-06
4	48913	3.125462625918	1.3000952540425e-05
4	48923	3.126254515059	0.0049121580544979
4	48930	3.12642501391	1.8662582182502e-05
4	48940	3.127272880734	6.0063987014858e-07
4	48944	3.127424012754	0.00026324559935256
4	48954	3.128270144974	8.1432797144159e-06
4	48958	3.128443254559	7.6101825698879e-05
4	48971	3.129247285218	5.2996102875815e-06
4	48975	3.129401011456	1.9221117129555e-05
4	48985	3.130231392705	0.00088628482664858
4	48989	3.130360499688	0.00012599273523868
4	48999	3.13120032932	6.6312157640733e-08
4	49006	3.131368402035	3.022993460023e-05
4	49016	3.132168517582	1.1592983120356e-05
4	49020	3.132366283562	1.2910581032564e-06
4	49030	3.133193184998	1.7292614270482e-05
4	49034	3.133350756574	7.2252112194919e-06
4	49047	3.134213259031	1.5859713027393e-06
4	49051	3.134395946225	0.000304299234348
4	49061	3.135257838976	2.4271730345638e-05
4	49065	3.135385813986	0.00018713176788733
4	49078	3.136271013721	0.00016375174870109
4	49082	3.136435146754	1.0663138770954e-06
4	49092	3.137229089032	2.1242179668136e-05
4	49096	3.137445750725	1.0038830668883e-05
4	49109	3.138208913494	0.00074842868511102
4	49116	3.138445840613	2.109593866271e-05
4	49123	3.139218640607	7.1748256116594e-06
4	49130	3.139449916266	0.00037025384947518
4	49140	3.14018842336	5.7499564108322e-05
4	49147	3.140490061022	7.9647230368659e-06
4	49154	3.141197269356	4.5492215058435e-05
4	49161	3.141507425754	5.5926720770927e-05
4	49177	3.142238041828	2.7586615674693e-06
4	49181	3.142542400396	0.0001062527280312
4	49188	3.143235098738	0.00061239379231966
4	49198	3.143590153443	6.279473879729e-06
4	49208	3.144198195732	2.4275827668658e-05
4	49212	3.144593311094	2.9192756678359e-05
4	49219	3.14519934715	6.8906857338875e-06
4	49226	3.145553209275	1.9575608785386e-08
4	49236	3.14619437334	3.0630643700137e-06
4	49243	3.146595037749	2.4410904340412e-06
4	49250	3.147231499065	1.7332797651814e-06
4	49260	3.147611305597	0.00027216317710975
4	49270	3.148186245181	8.9791434562367e-05
4	49274	3.148564093746	3.5519446355391e-05
4	49281	3.149142016238	6.415855383674e-05
4	49291	3.149592271609	1.8807750116409e-05
4	49298	3.150117047488	1.068584468397e-05
4	49305	3.150556868949	0.0001464354755034
4	49312	3.151158916757	0.00010645089132588
4	49322	3.151507179609	0.00019897281381562
4	49329	3.152191873301	1.4675867934544e-07
4	49336	3.152488617947	1.8309791819471e-05
4	49343	3.153232575323	3.1839437272715e-06
4	49353	3.153463572435	5.027802989876e-06
4	49363	3.154205115922	5.8773467032433e-06
4	49367	3.154486336568	1.2210886793658e-05
4	49374	3.15516165552	6.4767884444533e-08
4	49381	3.155511260692	1.5718453916829e-05
4	49394	3.156210993509	8.1207517911186e-07
4	49398	3.156527152775	6.4540916410463e-05
4	49405	3.15721439858	2.0833952287064e-06
4	49412	3.157545055611	2.080758122236e-05
4	49425	3.158185710805	1.3441120908554e-09
4	49429	3.158522533911	0.00021814552452198
4	49436	3.159196306794	7.5537105876287e-07
4	49440	3.159501823408	6.8232346990859e-05
4	49456	3.160245877379	3.0373292324307e-05
4	49460	3.160459241326	0.00032923680371664
4	49467	3.161240467758	3.9345653847982e-07
4	49474	3.161459830848	1.8074550516044e-06
4	49490	3.162287334709	7.2298519755116e-07
4	49494	3.16248559738	1.2862349752986e-05
4	49501	3.163287345479	4.8301519325329e-09
4	49508	3.163444738924	7.598414716089e-06
4	49521	3.164304448999	2.1101267411451e-07
4	49525	3.164426738539	4.9541520582803e-06
4	49532	3.165261778401	6.7269957025759e-06
4	49536	3.165464921218	1.5990359954422e-05
4	49549	3.166279966873	6.0403669779103e-05
4	49556	3.16645360327	1.1913840746452e-07
4	49563	3.167289140689	5.8223231414185e-07
4	49567	3.16746969724	2.8459230488846e-05
4	49583	3.168269228251	1.5921034619303e-05
4	49587	3.168437057416	1.8805189252658e-06
4	49594	3.169228001069	6.4553536215364e-08
4	49598	3.16948308376	0.00018663888238914
4	49614	3.17018598267	2.2912863493689e-06
4	49618	3.170492139595	0.00010306319403652
4	49625	3.171150210629	0.00025979726262426
4	49629	3.171533546163	1.645097991362e-05
4	49645	3.172106478441	5.6273763516743e-05
4	49649	3.172567753193	3.2093226664342e-06
4	49656	3.173075906307	2.0296703518834e-05
4	49660	3.173555253668	1.04988097363e-05
4	49673	3.174124411864	1.6383140253426e-06
4	49680	3.174594304898	1.4301520638784e-05
4	49687	3.175163586758	1.7852542890127e-05
4	49691	3.175635801444	3.0472050575637e-05
4	49704	3.176154761161	1.0680964450179e-05
4	49711	3.176610679835	7.3687306480658e-08
4	49718	3.177200245328	1.9087060474246e-05
4	49722	3.177588244542	6.8577760202624e-06
4	49738	3.178229275374	9.486721145025e-06
4	49742	3.178591709306	9.890756509897e-06
4	49749	3.179194382807	0.00073028722609155
4	49753	3.179569209598	1.5643085333626e-05
4	49769	3.180181413199	5.6170514951783e-07
4	49773	3.180571497851	3.7903391820929e-07
4	49780	3.18119227211	1.9989484837853e-07
4	49784	3.181523770316	2.5730756245702e-09
4	49803	3.182201628305	2.5101737969413e-05
4	49807	3.18251966298	0.00022007923906982
4	49814	3.1832159532	2.2638885334038e-05
4	49821	3.183556698989	2.6468093375061e-05
4	49834	3.184183238461	6.3099513963456e-06
4	49838	3.184532778865	1.0433844379752e-06
4	49845	3.18521488834	5.3146851602893e-07
4	49852	3.185552401711	3.7463125994222e-07
4	49865	3.186175014218	2.0267593028498e-07
4	49872	3.186563949048	3.3606731600214e-06
4	49876	3.187167066134	2.116446053867e-06
4	49883	3.187585275586	8.7782640591431e-05
4	49896	3.188207639468	5.036849427378e-05
4	49903	3.18856384296	2.1481673796362e-07
4	49907	3.189230344816	0.00027101195052663
4	49914	3.189586889956	2.5065305312795e-07
4	49927	3.190275357929	7.3830118452785e-05
4	49934	3.190556752758	0.00010331627676918
4	49938	3.191272378778	0.00015131712834529
4	49945	3.191556647073	4.347508028075e-06
4	49958	3.192321744622	5.6265101046122e-06
4	49962	3.192509383428	4.1207956297254e-05
4	49969	3.193288646304	0.00033709176694789
4	49976	3.193516327008	4.9961818680605e-05
4	49989	3.194295499936	0.00080860008909479
4	49996	3.194512574145	5.8190704615083e-06
4	50000	3.195303339677	0.00045911068310248
4	50007	3.19554643698	1.0527373679176e-05
4	50020	3.196268641684	2.7204698874174e-08
4	50027	3.196534218219	8.5229606182474e-10
4	50031	3.197267647708	0.00018363777886261
4	50038	3.197582310189	4.6031230817979e-08
4	50051	3.198229103263	1.6539025053486e-06
4	50058	3.198605273629	3.4481766893496e-06
4	50062	3.199271105443	6.7983530070077e-05
4	50066	3.199601311952	5.2279831131035e-05
4	50082	3.200271785413	1.9972341446822e-05
4	50089	3.20061372799	4.6086986275008e-05
4	50093	3.201294669835	5.1141873211619e-06
4	50100	3.201639202622	5.2927512955596e-06
4	50116	3.202257754666	1.7422666747698e-08
4	50123	3.202648327267	4.3989839774208e-07
4	50127	3.203267737847	4.3326655478866e-06
4	50131	3.20361348306	1.1659602255864e-06
4	50147	3.204282964887	1.344890303072e-07
4	50154	3.204655888927	0.0014032544989623
4	50158	3.205233657662	9.8110730340097e-06
4	50162	3.205609890978	0.00019746272927399
4	50178	3.206200335187	0.00045520936429832
4	50185	3.206633440715	6.9441801237448e-07
4	50189	3.20721641312	7.7705451238821e-06
4	50193	3.207609815085	4.0663659843113e-05
4	50209	3.208215398839	8.23073263479e-06
4	50216	3.20865282851	5.4546085273261e-05
4	50220	3.209213502786	8.9883527655911e-05
4	50224	3.209653127263	3.1752821558283e-05
4	50240	3.210245773232	0.00010977738628264
4	50247	3.210639074546	3.9789095212576e-06
4	50251	3.211256976834	3.7364148590115e-07
4	50258	3.211652584344	9.7018588495427e-05
4	50268	3.212250475817	9.7446393794298e-05
4	50278	3.212658955457	0.00016125785371945
4	50282	3.213283974804	3.1864771219827e-06
4	50289	3.213657391488	4.2269633333928e-06
4	50299	3.214277138216	9.1260820108236e-05
4	50309	3.21469201304	3.3372595393052e-05
4	50313	3.215283266594	0.00064159278049025
4	50323	3.215704087127	0.00092479653941634
4	50330	3.216281884886	1.640313657532e-05
4	50340	3.216743904956	4.9530078383125e-05
4	50344	3.217247004742	5.3289211126225e-08
4	50354	3.217762365395	2.7598248383653e-07
4	50364	3.218281382104	1.205137561084e-05
4	50371	3.218785414501	2.2928687045492e-05
4	50375	3.219286171863	5.6810801421274e-05
4	50385	3.219760315104	0.00010012194196116
4	50395	3.220281579823	3.1657579877449e-05
4	50402	3.220736474098	1.6548256823219e-09
4	50406	3.221258174612	0.00028098492307443
4	50416	3.221754676353	2.3362847675056e-08
4	50429	3.222232306096	0.00013530076469526
4	50433	3.222735304704	1.6243682265741e-07
4	50440	3.223250405575	5.0744430697279e-07
4	50450	3.223711447963	0.00010110313239239
4	50460	3.224237448024	7.9097461474436e-06
4	50464	3.224739848637	1.8710947680845e-08
4	50471	3.22521255271	8.2689927890233e-06
4	50481	3.22574490576	1.7972443659141e-05
4	50488	3.226199724408	0.00018789808062343
4	50495	3.22676596566	6.3225011283134e-07
4	50502	3.227215042336	0.0011272443124018
4	50512	3.227810368959	0.00057096185189844
4	50519	3.228166804767	2.0537102246293e-06
4	50526	3.228763675478	3.9849737824109e-05
4	50533	3.22916504377	3.8603558687315e-07
4	50543	3.229728091081	8.7785492278906e-07
4	50550	3.230193985034	0.00011634147493677
4	50557	3.230698323868	0.00092557843982935
4	50564	3.231182550727	7.3187954740446e-08
4	50571	3.231737235202	1.4116438873129e-08
4	50581	3.23216081744	7.5864721566739e-07
4	50588	3.232746300239	1.7248326143639e-05
4	50595	3.233123461269	1.3776499999575e-05
4	50602	3.233753694931	0.00090019104818177
4	50609	3.2341291389	7.5083196615945e-07
4	50619	3.234715585682	9.2274732065203e-06
4	50626	3.235145741695	7.6063155272261e-05
4	50633	3.235755971984	4.2367824581526e-06
4	50643	3.236115042629	3.1710179946073e-07
4	50650	3.236751184206	1.161389742863e-05
4	50654	3.237067264855	9.6262371403185e-05
4	50664	3.237728726719	1.2577984684564e-06
4	50674	3.238069846636	1.5039035585109e-06
4	50681	3.238746668966	7.3424088645166e-05
4	50685	3.239079236968	4.3485301369691e-05
4	50695	3.239740850845	0.00029534826801234
4	50702	3.240040091654	2.6085501636469e-05
4	50712	3.240706080708	1.103961662454e-06
4	50722	3.24108215161	1.9025616956951e-05
4	50726	3.241743763347	5.7724653095817e-05
4	50736	3.242038717452	5.2839288368482e-05
4	50746	3.242725911176	1.3674913188346e-07
4	50753	3.243017786362	8.2430968263801e-06
4	50760	3.243715961297	1.0606571152646e-05
4	50770	3.244001124825	2.2809391282499e-06
4	50777	3.244758613824	4.4321668875403e-05
4	50784	3.244992563679	0.00053875046068826
4	50791	3.24578086965	3.3617335581398e-05
4	50795	3.245976121011	1.4541370286663e-05
4	50808	3.246750041735	8.1220829440068e-06
4	50815	3.246987120413	1.6032145777387e-06
4	50822	3.247786714718	0.0049723205389112
4	50829	3.247948223158	7.9224423180581e-05
4	50839	3.248828181835	5.2065097730086e-05
4	50843	3.248944840079	8.37064910996e-07
4	50853	3.249854569823	2.771013078868e-05
4	50863	3.249968401501	5.4713104905109e-05
4	50872	3.250808218905	0.0010825956472968
4	50876	3.250953557358	0.00038473471041456
4	50886	3.251773708976	8.6160965610711e-05
4	50890	3.2519659449	1.7374933695004e-06
4	50903	3.252753615286	0.00015515463116565
4	50910	3.252958834561	4.5721592168739e-05
4	50917	3.253789782502	1.0259716159556e-05
4	50921	3.253986687342	2.4905781323009e-06
4	50934	3.254808311795	1.6151667557673e-05
4	50941	3.254974726431	0.00017261253657728
4	50948	3.255769526101	1.8230080574483e-05
4	50955	3.255981584964	0.00010523029646293
4	50968	3.256784182902	1.225269446548e-06
4	50972	3.257008759994	4.395540571727e-08
4	50982	3.257754709778	6.1701240963256e-07
4	50986	3.258044619584	0.00097136695470842
4	50996	3.258768654239	6.8850103613955e-06
4	51003	3.259057990071	8.8326752199795e-05
4	51013	3.259777008021	1.1097632087107e-05
4	51017	3.260023849818	5.3603878049741e-09
4	51030	3.260816867979	9.2787072682939e-06
4	51034	3.261022487539	9.324381698021e-06
4	51044	3.261788009165	5.341323143982e-06
4	51048	3.261987483141	2.8453268950369e-06
4	51061	3.262767854698	0.00025317423398408
4	51068	3.26297385239	0.00015821897466448
4	51078	3.263787316094	4.6088788258164e-05
4	51082	3.264000808343	6.7969308013591e-08
4	51092	3.264771909672	4.8989803043713e-06
4	51099	3.265032363054	1.3803742414111e-06
4	51109	3.265749999015	0.00031237539822339
4	51113	3.265992435418	6.9774756218652e-05
4	51123	3.26672496974	0.00011170079331098
4	51130	3.266998026362	2.8812818513866e-05
4	51137	3.267762930969	4.1302679889188e-08
4	51144	3.267994596091	3.4548940036674e-07
4	51157	3.268755579586	5.7331965916942e-05
4	51161	3.268970665582	0.00023076224513413
4	51168	3.269776593311	0.00010119109629013
4	51175	3.269968527164	9.1876003574564e-07
4	51188	3.270815119691	8.888833585225e-06
4	51192	3.270952665592	1.5523818896024e-08
4	51199	3.271784699009	0.00027146139946484
4	51206	3.271980179204	1.5917967900199e-05
4	51216	3.272756748941	6.0612298822669e-06
4	51220	3.272981958954	0.00018203756160071
4	51230	3.273780228986	0.00023437927960792
4	51237	3.274030919866	2.262330298278e-05
4	51247	3.274797224745	4.7756484660515e-06
4	51254	3.274986763735	2.401964090845e-06
4	51261	3.275839093638	9.0119844596336e-07
4	51265	3.276034432296	1.8724177071062e-06
4	51281	3.276820503243	8.2953383070367e-08
4	51285	3.277075092327	4.8960393518257e-05
4	51292	3.277834060019	2.6377867596418e-06
4	51299	3.278118389512	5.3772098775793e-07
4	51309	3.278870998224	7.2494393467105e-07
4	51316	3.27910406825	5.2737299190518e-05
4	51323	3.279866897289	2.4330223144612e-05
4	51330	3.280112503643	3.9854005916435e-07
4	51340	3.280909529784	1.2290420711928e-07
4	51347	3.281155902405	0.0010922467135536
4	51357	3.28187587157	0.00033551194150244
4	51361	3.282166201841	1.9246551332204e-06
4	51374	3.282882145864	0.0023942193786027
4	51378	3.28311866841	0.00011020573440049
4	51388	3.283869480008	9.0530849690143e-08
4	51398	3.284120789433	4.3293929510304e-05
4	51405	3.284917856553	6.1260236339086e-05
4	51409	3.285102633841	5.3469319382955e-07
4	51419	3.28596278466	3.8752868666617e-05
4	51429	3.286134455493	2.0424734438577e-06
4	51436	3.287011067484	2.6656200330404e-05
4	51443	3.28717112838	8.5980283898505e-06
4	51450	3.288009793426	5.7498836532145e-06
4	51457	3.288122566502	1.2840681145344e-05
4	51467	3.289044686172	0.00056279867871215
4	51471	3.289079540568	2.4280620330649e-05
4	51484	3.290042461999	0.0038915255352315
4	51488	3.290116421581	0.0001490353169163
4	51498	3.291065112008	3.3436168260867e-07
4	51502	3.291125247049	9.9721657218329e-05
4	51515	3.292049668312	1.3660330816229e-06
4	51522	3.292110178391	4.2114228971976e-05
4	51529	3.293084028967	0.00057870477109078
4	51536	3.293112047086	1.7981743178925e-06
4	51546	3.294073272501	6.4926362468234e-05
4	51553	3.294157716752	6.3123167566148e-06
4	51560	3.29502378376	2.7594193584696e-06
4	51564	3.29513939114	6.1834656708464e-05
4	51577	3.29602198844	0.00020230605788378
4	51584	3.296164837493	1.7828286400578e-06
4	51591	3.29706774563	0.00013360486555713
4	51595	3.297133018836	2.1006770603096e-08
4	51608	3.298116743892	0.00023694365641135
4	51612	3.298147957828	3.0005242455875e-08
4	51622	3.299113505848	2.6380105453573e-07
4	51626	3.299139456203	6.7711878123479e-06
4	51639	3.300097623775	1.0695214048545e-05
4	51643	3.300140236961	5.8093335528142e-08
4	51656	3.30105806977	0.00033283709800567
4	51663	3.301167109643	2.1145660028108e-08
4	51670	3.302017168772	0.00061259665002635
4	51677	3.302153158737	4.2447799669567e-05
4	51690	3.303037599074	2.4798795489061e-06
4	51694	3.303113656314	0.00028906687545205
4	51707	3.304058289444	0.0011655310516334
4	51711	3.304131517665	4.9513322604353e-06
4	51718	3.305039744567	5.0910339628011e-06
4	51725	3.305181379746	1.9831400081272e-05
4	51738	3.306022663607	9.2270371970183e-05
4	51742	3.306179346152	2.5343980545238e-08
4	51752	3.307050319269	9.7096897478774e-06
4	51756	3.307139958095	7.3871668906246e-05
4	51769	3.308057041819	7.1363326496664e-07
4	51773	3.308157089244	3.5488492468955e-07
4	51783	3.309101572362	3.8417252991898e-05
4	51787	3.309165263975	8.5369211160027e-05
4	51800	3.310120458549	3.1701476446544e-05
4	51804	3.310210670598	1.8594488152448e-05
4	51814	3.311073577586	8.3051415001278e-06
4	51818	3.311179441392	6.1966898276519e-07
4	51831	3.312094705073	0.00015032296296893
4	51835	3.312197824766	6.1252116673034e-05
4	51845	3.31307802862	0.0005398816371501
4	51849	3.313224684026	4.210592452041e-06
4	51862	3.31406930796	0.00011163988375453
4	51866	3.314191043293	0.00068898583663742
4	51876	3.315104873718	1.6080057580582e-07
4	51880	3.315222343679	2.4752178076596e-06
4	51893	3.316094747641	4.9963857984218e-07
4	51897	3.316214720279	8.374606595015e-06
4	51907	3.317076537281	0.0015192522395253
4	51914	3.317177435426	6.6840162246085e-06
4	51921	3.318057900655	3.0843526897446e-05
4	51925	3.318204296108	8.4507334066312e-05
4	51941	3.319021419733	7.8121251985541e-06
4	51945	3.319206007894	0.000237752675001
4	51952	3.320053478556	0.00046250900272317
4	51956	3.320192064362	2.7266568733923e-08
4	51972	3.321097605404	3.2959060086401e-05
4	51976	3.32115473536	5.3603928424682e-06
4	51983	3.322113653655	1.6454604307294e-06
4	51987	3.322194720071	3.1133484778692e-06
4	52006	3.323085267968	3.4381877930109e-06
4	52010	3.32321654002	7.0802831145108e-06
4	52017	3.324106181494	0.00070525264868954
4	52021	3.324230507214	7.4237510516304e-06
4	52037	3.325139724007	5.773736801064e-06
4	52041	3.325235056441	1.5620712271906e-06
4	52048	3.326112689855	1.3720147955149e-05
4	52052	3.326211466508	5.8776889733246e-05
4	52065	3.32715921509	0.00020628415271599
4	52069	3.327221067385	0.00053725205437333
4	52079	3.328124783696	0.00024907383999217
4	52083	3.328214052077	6.9531591989358e-06
4	52096	3.329113669517	3.9214929903259e-05
4	52100	3.329231264115	4.2132653962101e-07
4	52110	3.330078958408	0.0001651606948438
4	52114	3.330219967563	1.4463491939249e-09
4	52127	3.331065257901	2.6607223589332e-06
4	52131	3.331264330638	0.00021607484465586
4	52141	3.332017024246	1.8171877438445e-07
4	52145	3.332285578896	8.7883434103292e-06
4	52155	3.332983415895	3.6348872606023e-05
4	52165	3.333334305844	1.2916570517129e-05
4	52172	3.333998281307	0.00052953777349461
4	52176	3.334350317231	1.0304606731466e-05
4	52186	3.334978341798	3.7598096829933e-06
4	52196	3.335337538261	6.3734194773057e-05
4	52203	3.335986219736	3.0250554107092e-05
4	52207	3.336367457934	1.5892758199232e-05
4	52220	3.336962545706	0.0058071056398508
4	52227	3.337386747556	0.001714413025627
4	52234	3.33801091025	1.221714175053e-06
4	52238	3.338392528857	0.0029257287645354
4	52251	3.339049325865	0.0010977214900239
4	52258	3.339430173487	5.3756562864836e-07
4	52265	3.340065425739	0.0010089705680815
4	52269	3.340424687073	0.00059491695195914
4	52282	3.341084375339	3.2842593827367e-05
4	52286	3.341398881828	0.00037494803275648
4	52296	3.342057399026	0.00018571932458533
4	52300	3.342428032315	2.8568799797823e-06
4	52316	3.343055273068	1.0656043065679e-06
4	52323	3.343409891851	2.1953242182554e-06
4	52330	3.34407785458	0.00097045672064684
4	52334	3.344374772534	6.7469694596263e-07
4	52347	3.345053808209	5.7209302010843e-05
4	52351	3.345325010634	0.00015689810871928
4	52361	3.346013821113	1.1279113189643e-05
4	52368	3.346326633319	3.1413279665367e-07
4	52375	3.347009022056	1.3827550733861e-06
4	52382	3.347318834152	6.5930292841356e-06
4	52392	3.348001010996	2.9058295927947e-05
4	52396	3.348364776165	5.7801716640268e-06
4	52406	3.349029719962	4.4296158651684e-06
4	52413	3.349320125078	9.0088163711216e-08
4	52423	3.350010021076	0.0001191723568201
4	52427	3.350304608741	8.5089731078828e-07
4	52437	3.35105037614	9.1832005602931e-05
4	52441	3.351289434842	3.3697289255685e-05
4	52454	3.352054932405	1.036779160842e-05
4	52458	3.352270183078	1.6351375931861e-06
4	52468	3.353038876642	2.8213136083782e-05
4	52472	3.353270713261	2.1202996960031e-05
4	52485	3.353992472179	2.9437940473244e-06
4	52489	3.35429567163	0.0010589129177626
4	52496	3.355013056103	2.9255722520475e-07
4	52506	3.35527941395	6.9032379539706e-05
4	52516	3.356002888534	4.1019955646713e-05
4	52520	3.356298222559	3.8921354856086e-06
4	52527	3.357034160124	1.8965167008183e-05
4	52537	3.35728792055	1.7679491588626e-05
4	52544	3.357997717526	2.2105682050671e-06
4	52551	3.358332946577	1.8731336422409e-05
4	52558	3.358954392635	1.339492701007e-05
4	52565	3.359348249464	5.1341696993879e-05
4	52575	3.359973461254	1.0464387214655e-06
4	52582	3.360357011851	1.6803531053345e-07
4	52592	3.361011898531	1.7627587994453e-05
4	52596	3.361364226659	1.3170867420996e-09
4	52606	3.361988595011	7.7386529129124e-05
4	52610	3.362328807224	2.4609947783359e-05
4	52626	3.363011657315	1.5472522571335e-07
4	52630	3.363354170059	8.3023326450637e-07
4	52640	3.364049639374	0.010468690818422
4	52647	3.364394242807	1.3456576344819e-05
4	52657	3.365060473005	2.8142195882016e-06
4	52661	3.365434450878	4.9885835218672e-05
4	52671	3.366072607222	0.00078959620579473
4	52678	3.366469526824	1.2982562674096e-06
4	52688	3.367076347715	2.0423615211873e-09
4	52692	3.367426549379	5.4301016164207e-05
4	52702	3.368067005046	8.7092980776696e-06
4	52709	3.368401293783	1.3195186031632e-05
4	52719	3.36905115323	1.3897472768667e-06
4	52723	3.369418580114	8.9097029317233e-06
4	52733	3.370083241728	1.3758623420832e-06
4	52737	3.370427659262	3.0504149186481e-05
4	52750	3.371120404713	1.7838825845099e-05
4	52754	3.371400307821	6.4565564572377e-06
4	52764	3.372160094455	2.3167680210353e-06
4	52768	3.372423678645	0.0002805496667343
4	52781	3.373161757997	0.00062428581388617
4	52785	3.373451928444	1.1806297760362e-05
4	52795	3.374193573744	4.2440594539856e-07
4	52799	3.37443207493	0.00010958348029288
4	52812	3.375156694944	3.6006286390517e-05
4	52816	3.375443888933	2.6879890723807e-07
4	52826	3.376159109914	3.9393036286563e-07
4	52833	3.376476976471	1.3864476620245e-05
4	52843	3.377110033895	2.1825746566988e-07
4	52847	3.377459802561	0.0033835917978145
4	52857	3.378108352365	0.0016594888635662
4	52864	3.378482007921	4.2436447269676e-06
4	52871	3.379076301515	1.506683248609e-05
4	52878	3.379478732137	1.8358464907272e-06
4	52888	3.380049502907	2.8334503072767e-06
4	52895	3.380452848384	5.3643997719841e-07
4	52902	3.381012937772	3.0798895360606e-06
4	52909	3.381451830398	8.7166623269963e-05
4	52916	3.382009528361	0.00019104820145009
4	52923	3.382430565137	1.0874829369785e-06
4	52933	3.383030644476	3.921590223224e-05
4	52943	3.383403217793	6.5754413260914e-06
4	52950	3.384026954324	0.00024935659695914
4	52957	3.384375411751	9.4216789493819e-06
4	52967	3.385034409478	0.00025397593176745
4	52974	3.38536677224	3.013425719008e-06
4	52981	3.386080754848	4.5134979537109e-05
4	52988	3.386398877518	3.8290321172145e-06
4	52995	3.387120691496	4.2162731891225e-05
4	53005	3.387412254488	2.0887623674759e-05
4	53012	3.388126984883	1.0912843269802e-06
4	53019	3.388397232768	3.6805225960168e-06
4	53029	3.389168720568	6.6811833048636e-05
4	53036	3.389364328494	4.4407129617403e-05
4	53043	3.390163680218	2.6683404977812e-07
4	53047	3.390358116311	0.00047493123806174
4	53060	3.39114125865	0.00023890611483468
4	53067	3.391346901697	7.0101754604419e-05
4	53074	3.392116626404	1.4739828651417e-07
4	53081	3.392334946748	1.1675274695249e-05
4	53091	3.393091691339	7.5160672955863e-06
4	53101	3.393374446118	6.6451696315391e-06
4	53105	3.394044692248	2.1167075684339e-05
4	53109	3.394342125516	1.1303008527653e-06
4	53122	3.395020380053	2.3339534956608e-05
4	53126	3.395346349809	8.0724147087647e-06
4	53136	3.396047316679	1.472466588653e-05
4	53143	3.396395904089	0.00035898088114078
4	53153	3.397026771129	1.235313832625e-05
4	53157	3.397400077998	0.00010751695917766
4	53167	3.397999809939	3.235733879077e-06
4	53174	3.398393254252	3.2909400872081e-08
4	53181	3.398961592973	7.1695375025585e-05
4	53188	3.399362932507	7.6272421173193e-07
4	53198	3.399980778341	6.3760767772451e-07
4	53205	3.400356238674	3.9857605047066e-05
4	53215	3.401024410076	0.00029623404502332
4	53219	3.401362900484	3.1580658621368e-05
4	53229	3.402061066928	3.0614716039892e-09
4	53236	3.402402555403	4.0586022314323e-05
4	53246	3.403092848803	2.9268727007059e-07
4	53256	3.403415243433	2.1227508029851e-06
4	53263	3.404081209425	9.9469823028652e-06
4	53273	3.404386494303	1.3177940127536e-07
4	53280	3.405035606376	1.2673426481665e-05
4	53287	3.405386906366	3.0676966836457e-05
4	53294	3.40605858099	1.5992625545472e-06
4	53304	3.40643310899	6.2750047117234e-08
4	53311	3.407066143524	0.00015515019290825
4	53318	3.407444942308	4.7178865882869e-06
4	53325	3.408016336218	2.1195840173104e-05
4	53335	3.408444983472	0.0001564960343694
4	53342	3.40905215239	1.0811402562948e-05
4	53349	3.409467210465	2.952040425358e-07
4	53356	3.410063082288	0.00079193669096771
4	53366	3.410435737349	3.328721763436e-06
4	53373	3.411037576035	0.00017370836852645
4	53380	3.411460337662	1.1286666766209e-05
4	53387	3.411999536621	6.8709275551635e-06
4	53394	3.412431258887	8.7817838369111e-08
4	53401	3.412970455125	1.1568899715021e-06
4	53408	3.413451986342	3.5798534201168e-07
4	53418	3.414014392977	0.0028367348625509
4	53425	3.414419280817	0.00023298430636083
4	53432	3.414967819469	3.5447032518288e-05
4	53439	3.415425254036	5.570083335242e-05
4	53449	3.415932035553	3.3321920715884e-07
4	53459	3.416434302579	2.0126737489781e-05
4	53463	3.41688292009	6.7438173366753e-07
4	53470	3.417426053841	0.004319758975626
4	53480	3.417925506134	0.0060297116473036
4	53484	3.418387682686	6.5563228208595e-08
4	53494	3.418890966869	2.2835218091588e-07
4	53501	3.419346221479	9.6522782315356e-09
4	53508	3.419877178453	0.00043084797230305
4	53515	3.420297727738	1.6455687172622e-05
4	53525	3.420893483233	9.2841243039492e-06
4	53532	3.421275107798	7.0821875012259e-06
4	53539	3.421869102591	5.5045237083364e-06
4	53546	3.422313257753	0.0010305075988793
4	53556	3.422822398938	9.3210260195309e-05
4	53563	3.423274242352	2.2170594801732e-05
4	53567	3.42380581396	5.473303962556e-05
4	53580	3.424237730831	7.7436159584428e-07
4	53590	3.424789860432	0.0009296258401722
4	53594	3.425236667446	3.0613102956077e-07
4	53601	3.42576582688	7.4233062812268e-09
4	53611	3.426225770178	0.001942255899127
4	53621	3.426760349341	9.4452494203365e-06
4	53625	3.427244424042	0.0069725325779207
4	53632	3.427731133176	3.0092509624756e-07
4	53645	3.428247386981	2.5273626142911e-05
4	53652	3.428738561916	4.5354391912629e-06
4	53656	3.429255380552	8.1210364849477e-05
4	53663	3.429723138283	0.00069623396392777
4	53676	3.430290876994	1.1648632522045e-06
4	53683	3.430702230283	3.8720730442378e-06
4	53687	3.431243907673	0.00022362159151216
4	53694	3.43165749702	4.6840030927076e-06
4	53707	3.432268049464	1.0947180888792e-05
4	53714	3.432663501825	0.00016583531060061
4	53718	3.433227691204	5.2249428225633e-05
4	53725	3.433622294876	1.6174758012998e-05
4	53741	3.434186372986	1.3521577685249e-07
4	53745	3.434583800215	0.00011363589740713
4	53749	3.435142530977	0.00016265914867447
4	53753	3.435576409696	8.0982849901677e-05
4	53769	3.436149152711	2.5898038072588e-05
4	53776	3.436563370806	3.7860897668648e-05
4	53780	3.437180310277	6.3302210739468e-06
4	53784	3.437603897959	1.5076002464358e-05
4	53803	3.438230236722	3.2729140646199e-06
4	53807	3.438601085291	1.1249496527823e-05
4	53811	3.439228077394	1.0451690883486e-06
4	53815	3.43958206006	6.2419901759383e-06
4	53828	3.440199761901	2.6117862187395e-07
4	53838	3.440579217729	2.4203158065376e-06
4	53842	3.441152386952	0.0021576601211411
4	53846	3.4416066089	1.2373146402567e-05
4	53859	3.442151914306	2.9496990378349e-07
4	53869	3.442575498413	2.4952092769949e-05
4	53873	3.443153770176	0.0010555574601609
4	53877	3.443574063291	4.6179461718601e-05
4	53896	3.444122842535	2.5079799390525e-06
4	53903	3.444618367525	3.266040573991e-07
4	53907	3.445108056351	5.1935571838497e-05
4	53914	3.445651157015	3.2949335519673e-06
4	53924	3.446081039203	5.7219250242398e-07
4	53934	3.446648632531	7.4008175047876e-05
4	53938	3.447057808605	5.3220944383265e-05
4	53948	3.447601038667	2.6404293395294e-07
4	53955	3.448062518799	2.2073718149089e-05
4	53965	3.448570298916	4.0238577305653e-06
4	53969	3.449024889168	4.1627732115871e-05
4	53976	3.449556216153	2.3584926491258e-07
4	53986	3.449998886197	0.00025466553726944
4	53996	3.450545966411	1.6844299291905e-06
4	54000	3.450978314892	2.3278734426153e-08
4	54007	3.451591754675	0.00094344079976443
4	54017	3.451955030828	4.935585873001e-05
4	54027	3.45258122958	5.8347494276993e-09
4	54031	3.452917922362	0.00014717893801319
4	54038	3.453561975347	0.00018227742369709
4	54045	3.453948450117	6.5839085604522e-05
4	54058	3.454604828609	0.0026228738220725
4	54062	3.45494647351	7.1063640557922e-05
4	54069	3.455563980349	1.8807409333009e-05
4	54079	3.455904638909	6.1041561630181e-06
4	54089	3.456566344093	8.8522546075631e-06
4	54093	3.456881696965	1.0673857087931e-07
4	54103	3.457581203088	3.0106824721683e-06
4	54110	3.45789955071	2.7193369855342e-06
4	54120	3.458598212382	0.00034549866514702
4	54124	3.458915890877	8.4790336687253e-07
4	54134	3.45964202408	5.848787643824e-05
4	54141	3.459867615026	6.2922752174758e-08
4	54151	3.46063474133	2.721723918905e-06
4	54155	3.460890502539	3.5625901323644e-06
4	54165	3.461607902774	2.2720739343436e-07
4	54169	3.461846638535	0.00058529917986109
4	54182	3.462652040117	2.8209530992648e-05
4	54186	3.462896250496	7.0362407826993e-06
4	54199	3.463652020306	9.5809335228531e-05
4	54203	3.463911349152	0.00020989989879661
4	54216	3.464695575985	3.8747399537431e-05
4	54223	3.464920767253	2.7669465066416e-05
4	54230	3.465646249925	0.00080376457073234
4	54237	3.46596378519	2.7172216312115e-06
4	54247	3.466605203443	0.0042024433900638
4	54254	3.466939655381	4.3675215157054e-06
4	54261	3.467636757122	8.1771814677774e-05
4	54271	3.467985445471	4.6403939428786e-05
4	54278	3.468671715047	1.3593192498773e-05
4	54285	3.468993716814	3.4413732635292e-05
4	54292	3.469703365078	0.00011265774548369
4	54299	3.469956823585	1.3251147102894e-07
4	54309	3.470711452394	2.0138772613574e-07
4	54316	3.470918558368	3.1723640124713e-07
4	54323	3.471715507553	2.4176898616636e-05
4	54327	3.471903518218	8.5388836953384e-06
4	54343	3.472739231217	6.496835412881e-05
4	54347	3.472928973692	0.00027092617958394
4	54354	3.473774995276	5.8399182141096e-06
4	54364	3.473945330506	5.7501044610401e-05
4	54374	3.474765742766	2.0547877188573e-06
4	54378	3.474956318728	3.3170924153635e-05
4	54388	3.475778680298	7.4701191930485e-06
4	54392	3.475957104338	1.6360081090203e-05
4	54405	3.476781821963	1.2197839648864e-05
4	54409	3.476921770167	4.4457103967009e-06
4	54419	3.477777945882	9.8575393949277e-05
4	54423	3.477877553281	1.5000566805171e-05
4	54436	3.478794051032	0.0011916227069041
4	54440	3.47888041485	6.3826565046993e-06
4	54450	3.479793033419	7.5654487429411e-08
4	54457	3.479914669202	7.6347392759405e-08
4	54464	3.480776726997	7.7403099271111e-06
4	54471	3.480879267524	1.4489073026278e-05
4	54481	3.481825785342	2.5091015909653e-05
4	54485	3.481901123581	9.1729707647102e-07
4	54504	3.48283407295	6.6468729272761e-07
4	54508	3.48291992708	0.00021237239197088
4	54515	3.483819781237	5.1025353679646e-08
4	54522	3.483900840849	2.0743667843362e-08
4	54535	3.484833565692	7.0992360769737e-07
4	54539	3.484929913293	2.0023458899747e-06
4	54546	3.485809151114	0.0010703864885559
4	54553	3.485903176228	3.06432252074e-05
4	54563	3.486836321852	3.4147159386333e-06
4	54570	3.48692870077	1.5047992625906e-05
4	54580	3.48785235509	0.00033434105558513
4	54584	3.487921226244	7.2416152998229e-06
4	54597	3.488845635657	2.7460298856739e-05
4	54601	3.488907541857	1.7146424901365e-06
4	54608	3.489815837595	7.2228162745276e-05
4	54612	3.489925188291	4.4377072672136e-05
4	54628	3.490788634748	0.0004725667271721
4	54632	3.490945921763	0.00032282621355457
4	54642	3.491837350196	6.5714074101911e-05
4	54646	3.491903139784	1.8199383693914e-07
4	54656	3.492845506625	8.2893103099919e-07
4	54663	3.492857105094	1.7298006710571e-11
4	54670	3.493836149541	6.9713851483602e-06
4	54674	3.493893641414	0.00074685234032581
4	54690	3.494826565215	0.000152418406566
4	54694	3.494942502542	7.6803217572998e-07
4	54701	3.495790207368	6.8176848495801e-07
4	54705	3.4958953831	1.3177265146032e-06
4	54721	3.496752996498	8.8792936321927e-06
4	54725	3.49691482077	0.00016520967947328
4	54735	3.497791154631	4.3149551871037e-06
4	54739	3.497890810478	4.3459535227858e-06
4	54752	3.498803991218	7.6699008796428e-06
4	54756	3.49891127555	1.6131255847048e-05
4	54763	3.499765062428	5.628401424038e-05
4	54770	3.499928790699	2.0861187223736e-05
4	54785	3.50077914671	2.8871119388175e-08
4	54789	3.500932790554	1.4995918257354e-05
4	54796	3.50179892439	9.1126899713438e-05
4	54803	3.501914602328	0.0018026498053345
4	54813	3.502765447477	4.5265125026179e-09
4	54823	3.50295519528	2.2667512804719e-08
4	54830	3.503759194213	3.5412940962425e-05
4	54837	3.503927681894	1.6961004716689e-06
4	54847	3.504798216594	1.7546023228689e-08
4	54851	3.504944648287	1.4598909264583e-05
4	54861	3.505811345576	0.00044977782768891
4	54868	3.505957259723	1.5240624351386e-05
4	54878	3.506772191465	5.7676666195335e-06
4	54882	3.506953014989	2.2932078891344e-06
4	54892	3.507772793786	4.1365598731517e-07
4	54896	3.507970821734	0.00059541443581373
4	54909	3.508789890626	0.00010736706946732
4	54913	3.508925015127	7.5144730393731e-07
4	54923	3.509814413924	1.3562546405269e-06
4	54930	3.50993278907	0.0019052603886639
4	54940	3.510838557009	0.00010330366699149
4	54944	3.510916946233	0.0001498638384189
4	54954	3.511822387162	6.8340832371489e-06
4	54958	3.511893438465	0.00018989876316858
4	54971	3.512800220063	5.8915615842972e-07
4	54975	3.512889065252	8.3339182924708e-06
4	54985	3.513798859773	0.00018802514793261
4	54989	3.513910863261	6.4792591327738e-07
4	55002	3.514805900114	2.3960566355902e-05
4	55006	3.514891597507	7.1114483800682e-05
4	55016	3.515807223191	2.4814078041677e-06
4	55020	3.515908348697	4.888563471185e-06
4	55033	3.516767381533	6.8073482555975e-07
4	55037	3.516930417079	1.4731899462074e-05
4	55044	3.517721682755	0.0060974437112922
4	55051	3.517934727334	1.1828239845489e-05
4	55064	3.518708995969	9.4814842873693e-06
4	55068	3.518903297725	0.00019522241029151
4	55075	3.519713289867	0.011116460369583
4	55085	3.519947849541	0.0056605765170628
4	55095	3.520715750189	2.7227879142989e-05
4	55099	3.520918698851	1.8151218328332e-05
4	55109	3.521735182424	0.00017297731864543
4	55113	3.521894238175	5.3969226669399e-05
4	55126	3.522712455085	4.1191232392452e-06
4	55130	3.522924400865	1.3453099046144e-05
4	55140	3.523729082439	4.4407087269365e-05
4	55150	3.523890763148	0.010138199103894
4	55160	3.524682094877	1.2848144239872e-07
4	55164	3.524900634118	0.00015220447782294
4	55171	3.525703778934	1.5477305247554e-06
4	55178	3.525882464203	1.3288913890212e-05
4	55191	3.526664013778	0.00040897405734569
4	55195	3.526843495553	7.6531885053627e-07
4	55202	3.52767197804	0.00072781142011896
4	55206	3.527831689354	4.2844067568843e-06
4	55222	3.528656363886	7.4158754278455e-06
4	55226	3.528835167471	8.6370487613394e-05
4	55233	3.52964007793	5.0800634197246e-06
4	55237	3.529794018948	4.1072799052705e-05
4	55253	3.530655678015	0.016154221628767
4	55257	3.530809515356	2.4833064222609e-06
4	55264	3.531621342289	0.00020026956569288
4	55268	3.53181905282	0.0011622593242001
4	55284	3.532650349574	1.9718344192861e-05
4	55288	3.532865965291	3.8956558775313e-06
4	55295	3.533664852855	0.00093692756208059
4	55299	3.533830338706	1.0231835067425e-07
4	55315	3.534665949231	4.7738680309287e-06
4	55319	3.534836745414	2.1504931801258e-08
4	55326	3.535683952105	2.6760443280576e-06
4	55330	3.535801100891	1.9143999869769e-08
4	55346	3.536722999117	4.8667799307551e-07
4	55350	3.536842563894	8.9131313558007e-05
4	55357	3.537745219612	3.0879196998783e-05
4	55361	3.537828679778	2.4703763180239e-09
4	55377	3.538736648833	2.1811897233626e-05
4	55381	3.53882340925	8.1435257296929e-05
4	55385	3.539774270375	4.2708802026571e-05
4	55389	3.539795139272	7.4942994586864e-08
4	55408	3.54073113516	3.6214682620603e-06
4	55412	3.540828691811	0.0058226474881624
4	55419	3.541694485206	4.8265811232901e-05
4	55423	3.541828934219	2.9792131911836e-06
4	55439	3.542647716438	1.1172666984693e-05
4	55443	3.542808752705	8.5520451680345e-06
4	55447	3.543677673277	4.0301118467285e-05
4	55457	3.543829819839	1.6434123290171e-05
4	55473	3.544643663818	1.151683868941e-05
4	55477	3.54481733822	2.8402022526641e-05
4	55481	3.54563145672	3.8403509571855e-07
4	55485	3.545778196374	0.00016531163295201
4	55504	3.54666963027	0.00015091841671611
4	55508	3.546771781	1.0771509262475e-06
4	55512	3.547638124524	0.00021967211116251
4	55516	3.547765052395	2.1292286524533e-06
4	55535	3.548630591591	2.8952051023533e-07
4	55539	3.548795306471	5.6315658100279e-07
4	55543	3.54967954988	3.7595489259867e-11
4	55547	3.549759780759	1.0932500208774e-08
4	55566	3.550687517361	4.3511272976543e-07
4	55570	3.55074058104	1.1112766088656e-05
4	55574	3.551660382042	6.2770986372561e-05
4	55578	3.551755787229	2.0439056158458e-06
4	55597	3.552650361856	2.7810404748657e-06
4	55601	3.552777866502	1.9630441586008e-05
4	55605	3.553627190696	1.2465958769241e-06
4	55609	3.55377892249	1.1145891066392e-06
4	55628	3.554621482937	8.729621033461e-06
4	55632	3.554813269202	4.1565139596711e-07
4	55636	3.555659481102	6.7918601694592e-05
4	55640	3.555815749353	3.8566426107735e-06
4	55659	3.556708989233	8.0893157252021e-07
4	55663	3.556832525172	1.1420528385057e-06
4	55667	3.557687986473	6.5272374077986e-07
4	55674	3.557856542053	1.9965158293482e-09
4	55690	3.558690100715	4.2995552553689e-05
4	55694	3.558894010484	5.9673394552797e-06
4	55698	3.5597271921	1.4450945095272e-05
4	55708	3.559923443684	0.0018027253127527
4	55721	3.56070019048	1.2776555235329e-09
4	55725	3.560887221419	2.0893281599957e-05
4	55729	3.561680485956	2.5813754678208e-06
4	55736	3.561885129793	3.6941594379043e-07
4	55752	3.562663416665	5.8768144368554e-08
4	55756	3.562844752549	3.1155137125359e-06
4	55760	3.56367103489	4.9230158229999e-06
4	55764	3.563840895953	6.3650624066843e-08
4	55786	3.564720399507	1.0669374282821e-06
4	55790	3.56488530468	0.00012928321332991
4	55794	3.565766760248	0.00034946557581822
4	55801	3.565841614711	4.7308172843317e-06
4	55817	3.566811429405	1.3347160127923e-05
4	55821	3.566828704656	3.2526884718787e-06
4	55828	3.567788058446	6.0323253430573e-05
4	55832	3.567804980071	3.0196280448746e-06
4	55848	3.568836333642	7.091771226189e-06
4	55852	3.568849005194	1.7215410239853e-05
4	55862	3.569869006096	0.0013616871644066
4	55866	3.5698776876	6.6748625830894e-06
4	55879	3.570893085608	5.9328874476753e-05
4	55883	3.570924277397	3.5667375416969e-06
4	55893	3.571877969042	4.4974760474717e-05
4	55897	3.571908516108	3.0728043541252e-06
4	55910	3.572883459394	2.2029477321303e-06
4	55914	3.572890964396	4.0572209228923e-07
4	55924	3.573908702883	9.2117312349941e-05
4	55928	3.573932647766	0.008352100899473
4	55941	3.574865639842	0.00065087947681901
4	55945	3.574947938612	3.028626191995e-06
4	55952	3.575893043621	0.0002927774042077
4	55956	3.575904432893	2.5299573418998e-05
4	55972	3.576930784631	0.0095923677004312
4	55976	3.576952033269	5.1771253933034e-05
4	55983	3.57791920116	4.8149772908899e-06
4	55987	3.577931183903	7.7302257483362e-06
4	56003	3.578881254782	4.5144492849785e-05
4	56007	3.578961679434	7.2302223125362e-06
4	56014	3.579930295089	0.00032375424501148
4	56018	3.579993673396	5.685079466258e-07
4	56034	3.580961733625	0.00057581567452303
4	56038	3.580965315481	1.8371130967512e-05
4	56051	3.581954848428	1.229979377816e-06
4	56055	3.582001204345	1.8332011941721e-06
4	56065	3.582981365794	8.5337956412372e-05
4	56069	3.583022362257	1.113351481303e-05
4	56082	3.584007911635	1.2149705224011e-06
4	56086	3.584009322087	2.6603468419725e-06
4	56099	3.584974046689	1.6462155983472e-09
4	56103	3.584993736736	7.3135624394558e-05
4	56116	3.586002774429	4.6057238802691e-06
4	56120	3.58601625405	0.00026134575719094
4	56130	3.587001889905	2.6699730576206e-05
4	56134	3.587009730448	0.002286987139414
4	56144	3.587992252034	6.6459479731054e-05
4	56148	3.588044978483	3.6692478763022e-05
4	56158	3.58899617882	6.2426010746278e-05
4	56165	3.589024068874	5.6661094228213e-05
4	56175	3.589999069234	4.1026371512437e-05
4	56182	3.590013238089	6.3087961227981e-06
4	56192	3.59103157832	1.5035225949862e-05
4	56196	3.591051239014	3.0477804905116e-05
4	56206	3.59204742493	3.7618505677502e-05
4	56210	3.592082159468	3.495679193452e-07
4	56223	3.59306180115	0.00027496068249787
4	56227	3.593109959208	3.7879072373733e-07
4	56240	3.594083578209	0.0012874078670063
4	56244	3.594104493737	8.1585972318455e-05
4	56251	3.595054641771	2.4552515122985e-05
4	56255	3.595131295733	0.00051750153331522
4	56268	3.596008009366	1.2664751583206e-05
4	56272	3.596104838088	8.4030969829232e-05
4	56282	3.597030385351	0.0012475924042001
4	56286	3.597108423733	1.651243692113e-05
4	56302	3.597991623592	1.2897044413018e-06
4	56306	3.598088983428	0.00014455081556329
4	56313	3.598945599307	0.00052008803417231
4	56317	3.599116571743	3.0826412831667e-05
4	56324	3.599901116267	1.5757536514094e-05
4	56337	3.600146732068	2.7108621686653e-06
4	56344	3.600894685845	0.00036416817741823
4	56348	3.601103549625	1.4269422788912e-06
4	56358	3.601850352438	3.5457477007918e-06
4	56371	3.602124285336	1.2528508533507e-08
4	56375	3.60281037363	7.1776232902084e-05
4	56379	3.603105111366	2.285585056324e-07
4	56392	3.603761736731	5.0268397607461e-05
4	56399	3.604115435329	0.00011352358432347
4	56409	3.604769007287	7.0028478435305e-09
4	56413	3.605089970128	4.5008593509768e-08
4	56420	3.605728794049	1.0754146151232e-05
4	56430	3.606123663819	6.8189664730539e-06
4	56440	3.606733464232	3.4073533568245e-07
4	56444	3.607134401046	6.1028756022447e-06
4	56451	3.607756411519	2.3384751682736e-06
4	56464	3.608163200803	7.3528969904872e-06
4	56471	3.608802302808	0.00021059430929668
4	56475	3.609188737433	2.9663477273885e-06
4	56485	3.609770229199	9.2338775354685e-08
4	56495	3.610234166542	0.00018567187244193
4	56502	3.610757611994	5.2019136260768e-08
4	56506	3.611206698404	1.9522906080468e-05
4	56516	3.611806576155	3.5291169166688e-05
4	56526	3.612218148397	0.00020281033420515
4	56533	3.612778551179	5.7658249176051e-05
4	56537	3.613220708081	2.6939482942241e-05
4	56547	3.613741726387	0.00023426377454167
4	56557	3.614194248743	6.1250745122947e-07
4	56564	3.614729363375	1.2520634419781e-06
4	56568	3.61519947056	5.0280858947208e-06
4	56581	3.615748129811	0.00020082122534477
4	56588	3.61617624166	0.00011472751724822
4	56595	3.616760823464	2.3683235398685e-08
4	56599	3.617212761812	1.5166679027536e-05
4	56609	3.617713889663	9.6232634703756e-05
4	56622	3.618242278355	0.00024813638993763
4	56626	3.618695702211	2.9522790230363e-06
4	56630	3.619195584575	1.2271182488559e-06
4	56637	3.619701060222	2.1626664942545e-05
4	56653	3.620228460992	3.6020932766225e-06
4	56657	3.620689358221	1.6406593255993e-06
4	56664	3.621267050869	1.1223382175897e-05
4	56671	3.621653448141	1.1684280155998e-06
4	56684	3.622256209529	4.8785735423314e-06
4	56688	3.622702198929	7.0498371039481e-08
4	56692	3.623257174228	1.1946923258159e-05
4	56705	3.623689710266	5.6349695341942e-05
4	56718	3.624236464698	0.00012841346577855
4	56722	3.624713251598	0.00053558115240667
4	56726	3.625243974792	2.4792552614589e-09
4	56739	3.625734623455	2.2883623196881e-06
4	56749	3.626202991553	2.1745269617161e-05
4	56753	3.626781523846	2.3902073243089e-05
4	56760	3.627216468006	3.8351071918974e-05
4	56770	3.627746827574	2.9706289063062e-07
4	56780	3.62818854206	8.2495615606526e-09
4	56784	3.628710186125	0.0001313249962179
4	56791	3.629237973313	7.1133338934646e-05
4	56798	3.62974385428	0.00016878402818578
4	56811	3.630260196531	3.6384367709349e-10
4	56815	3.630709225998	3.8737387118904e-05
4	56822	3.631266847561	1.8758061041863e-05
4	56832	3.631709775571	5.0704132145876e-08
4	56839	3.632242653478	4.2810576194111e-06
4	56846	3.632737419425	4.150497065188e-07
4	56853	3.633218996473	2.2314372176936e-09
4	56860	3.633693480142	6.0296022949587e-07
4	56870	3.634194426119	0.00034088255566634
4	56877	3.634726243771	3.9244921393895e-07
4	56884	3.635148773535	2.3939393738629e-05
4	56891	3.635680152505	3.1576132775551e-07
4	56901	3.636140098692	0.00038758530181837
4	56908	3.636669484211	3.2497548874592e-05
4	56915	3.637151740448	0.0046743713499097
4	56922	3.63765540832	0.0003045772905358
4	56932	3.638189166946	0.00018813633503227
4	56939	3.638649316532	0.0005260379140221
4	56946	3.639154142657	7.8715659274819e-05
4	56953	3.639641442491	1.3040445504356e-07
4	56963	3.640130948293	5.9420656819033e-05
4	56970	3.640592490067	3.8659924628701e-05
4	56977	3.641132472689	1.1831692076643e-05
4	56984	3.641602335642	0.00028819840144778
4	56997	3.642171689117	0.00023726829038524
4	57001	3.6425903189	8.1089258219052e-06
4	57008	3.643165444037	0.00087494356407433
4	57018	3.643579670474	9.9646165537488e-10
4	57031	3.644148695753	1.2111275823029e-05
4	57035	3.644586327927	7.9925345157834e-05
4	57042	3.645192954615	0.00031501406637161
4	57049	3.645566915122	6.476434872159e-05
4	57062	3.646150608152	1.25938121994e-05
4	57066	3.646585101312	1.5419464446373e-05
4	57073	3.647112979621	5.2737210526122e-06
4	57080	3.647583644152	6.3680125485798e-05
4	57087	3.64809758023	1.8452901903405e-05
4	57097	3.648543291542	8.3039310778919e-05
4	57104	3.649065789387	2.1081394527596e-07
4	57111	3.649538286841	5.7953337129192e-08
4	57121	3.650050040127	8.9624712537531e-06
4	57128	3.650560421129	1.9602591553552e-07
4	57135	3.651087406116	1.660557793296e-06
4	57142	3.651555724805	0.00052997505795863
4	57152	3.65213153938	0.00089988017967193
4	57159	3.652544932549	5.9842313669701e-05
4	57166	3.653152541304	9.0033082035524e-07
4	57176	3.653528794889	6.2260689475136e-06
4	57186	3.654149875978	3.7924001484288e-07
4	57190	3.654503875546	1.6507698398103e-06
4	57197	3.655151493433	4.9294379784236e-06
4	57207	3.655535430693	1.7398464334096e-05
4	57211	3.656121015892	6.6827591533302e-07
4	57221	3.656526284358	1.5439565004509e-06
4	57225	3.657080826331	2.3950493194246e-06
4	57238	3.657510968612	0.00019681986721579
4	57242	3.658037532751	9.0387357916209e-06
4	57252	3.65846378206	0.0031146620223002
4	57259	3.658993898318	2.6917702601599e-06
4	57269	3.659474710823	1.1247540497251e-09
4	57273	3.659971843671	2.0387861700541e-05
4	57280	3.660452158725	2.5442380481596e-07
4	57290	3.660964438028	1.2830188928847e-08
4	57300	3.661473281003	3.3917115925203e-06
4	57304	3.661988460379	1.0632547862491e-07
4	57311	3.662448169438	2.0247435954558e-06
4	57321	3.662965680022	3.7733483019254e-07
4	57334	3.66340576771	3.8808049907963e-06
4	57338	3.663946099484	7.850711020252e-05
4	57345	3.664423632534	5.1549858259133e-05
4	57355	3.664937451183	0.00093389243998726
4	57365	3.665388820194	9.7424969310816e-06
4	57369	3.665911627685	3.6528033759174e-07
4	57379	3.666406756112	8.1589911753363e-07
4	57386	3.666895521863	0.00018176092312971
4	57393	3.667386294648	9.012272442218e-05
4	57400	3.667936579282	5.5103144772722e-05
4	57410	3.668417937801	1.0363234521557e-05
4	57417	3.668895040209	0.00013722464376934
4	57424	3.669446840672	0.00069716915634509
4	57431	3.669868988214	3.3820378554266e-06
4	57441	3.670476135268	1.6727456387438e-07
4	57448	3.670901687373	2.1755391801804e-06
4	57458	3.671446084665	7.8010472150378e-06
4	57462	3.671905921324	2.0954945399406e-06
4	57472	3.672495691217	0.0010499436052242
4	57479	3.672867349005	1.0791991532885e-06
4	57486	3.67352864396	1.4037834279024e-05
4	57493	3.673836982782	2.0743447683426e-05
4	57506	3.67454936167	5.9332012381025e-06
4	57510	3.674789116914	7.5640878449398e-05
4	57520	3.675565687249	1.8716105257521e-05
4	57524	3.67582999528	1.2105802627728e-10
4	57537	3.676587874685	1.9098403996059e-05
4	57541	3.676785815893	3.2555994453291e-06
4	57551	3.677577133499	2.0744991616232e-06
4	57555	3.677794758938	3.0320495518315e-09
4	57568	3.678580105019	6.0463763436098e-08
4	57572	3.678774667041	4.1149974824627e-08
4	57582	3.679577753094	9.8789747244052e-08
4	57586	3.67981257001	0.00041337263800068
4	57596	3.680551930952	1.6170065215212e-06
4	57603	3.680783794289	0.00013446616809591
4	57613	3.681597153626	1.1097335755604e-05
4	57617	3.681761035102	5.8181992606072e-06
4	57627	3.682585318699	0.00078411396999103
4	57631	3.682784542674	0.00018128961413334
4	57647	3.683605270327	0.0019757449590947
4	57651	3.683746215095	0.0001352379487768
4	57661	3.684598264216	1.3558430658059e-07
4	57665	3.68474515771	0.00012722160286076
4	57678	3.685577923153	0.00025064684009175
4	57685	3.685771371192	8.8991012895256e-05
4	57692	3.686597767476	0.17093453501195
4	57696	3.686782788797	1.7056741438039e-07
4	57709	3.687563616797	8.7639964503574e-06
4	57716	3.687772110175	0.00028970586070837
4	57723	3.688583563553	0.00017492203600479
4	57727	3.688781503441	1.2897221061768e-05
4	57740	3.689633213584	2.5680946860301e-05
4	57747	3.68981076561	1.371295343684e-05
4	57754	3.690682408436	8.6678923521137e-08
4	57761	3.690769718407	7.7616057821078e-06
4	57771	3.69165268595	8.3307073057492e-05
4	57775	3.691768925793	5.1494846146384e-08
4	57788	3.692649651485	1.632885843655e-07
4	57792	3.692800305225	2.1073427812145e-08
4	57802	3.693654711336	8.1438932494316e-06
4	57806	3.693779045284	1.4684850584379e-08
4	57819	3.69461518525	9.2840142556186e-08
4	57823	3.694730177925	3.6239350355768e-06
4	57833	3.695620682033	9.481397612196e-07
4	57837	3.69572294752	0.00011052672172732
4	57847	3.696582983194	2.281972614662e-06
4	57854	3.696688297479	1.2996684826788e-06
4	57864	3.697547898729	1.1103592146365e-05
4	57868	3.697647638758	6.1713716947585e-05
4	57878	3.698529526322	3.5947014258858e-06
4	57882	3.69863528848	1.4862954121764e-05
4	57895	3.699560888076	0.00049393633695348
4	57899	3.699641355646	1.7463942965593e-06
4	57909	3.700574293352	1.9360282654493e-06
4	57913	3.700621101897	3.5475574347539e-05
4	57926	3.701590549859	4.2259945669779e-05
4	57930	3.701603321388	1.8258492793133e-05
4	57940	3.702600892181	0.00015332142322628
4	57944	3.702611854311	0.00015924576309691
4	57960	3.703573706123	8.7603867964055e-08
4	57964	3.703573779005	2.3978246811697e-10
4	57977	3.70453855171	0.00041642837919556
4	57981	3.704618089555	3.990735759451e-06
4	57991	3.705513162254	1.6261850958058e-05
4	57995	3.705622373683	3.4769465991057e-08
4	58005	3.706526099998	3.9837578989093e-05
4	58012	3.7066595117	1.5338111615126e-05
4	58019	3.707522183947	3.1029602847199e-07
4	58026	3.707698333947	1.4374702082137e-05
4	58036	3.708535279993	1.3635492616743e-05
4	58040	3.708650194224	0.00011433119022133
4	58053	3.709527111126	0.0001552641483748
4	58057	3.709637187465	6.6907088488481e-09
4	58067	3.710558046211	1.5275590492751e-05
4	58071	3.710686918497	5.9355358453106e-05
4	58084	3.711606866994	0.00020295232169732
4	58088	3.711648977812	2.077836279652e-07
4	58101	3.712572138031	8.2393146979466e-05
4	58105	3.712668151833	4.430265300196e-05
4	58115	3.713572838628	1.94271280875e-05
4	58119	3.713692983585	2.7417263168694e-06
4	58132	3.714545622227	5.6691791717237e-06
4	58136	3.714644333914	1.8761409615505e-06
4	58146	3.715579644392	4.9638138746438e-06
4	58150	3.715692895214	1.4401663107689e-07
4	58163	3.716596823796	1.0741790899721e-06
4	58167	3.716691383159	7.3725112018356e-07
4	58177	3.71755139845	1.2024739316874e-06
4	58181	3.717693840723	3.2163428068922e-05
4	58194	3.7185241969	3.0854646229039e-07
4	58198	3.718647601007	0.015894505751891
4	58208	3.719522446636	9.7688507226535e-09
4	58212	3.7196578515	1.1441456248805e-05
4	58222	3.720513413135	7.839530160127e-06
4	58232	3.720634307547	6.1466478111733e-06
4	58239	3.72149535723	0.00064659048041791
4	58246	3.721672284138	2.0982150414437e-07
4	58253	3.722497866063	1.2735118917527e-05
4	58257	3.722647321956	7.3063391697148e-07
4	58276	3.723542365413	4.384482281069e-05
4	58280	3.723632221009	0.00032366412995626
4	58287	3.724544146999	3.0989144170906e-05
4	58294	3.724646090954	1.4272063934939e-05
4	58307	3.725535510715	1.7187355315666e-07
4	58311	3.725676124392	7.2535248179082e-05
4	58318	3.726534986172	3.2732895698683e-10
4	58325	3.726702593084	3.2801371134435e-05
4	58338	3.72751302885	2.9341859510735e-06
4	58342	3.727725533611	2.273073057084e-07
4	58346	3.728466604363	0.00014809256899963
4	58353	3.728762161078	1.1803967329777e-05
4	58363	3.729502736414	0.00024849933615119
4	58373	3.729722728721	5.0515544526587e-05
4	58380	3.730519285985	0.00010158255396628
4	58384	3.730691318178	5.2962026666238e-05
4	58400	3.731507995482	5.6775600597841e-06
4	58404	3.731725804065	3.6692233824105e-05
4	58411	3.732542141545	4.8211713063751e-05
4	58415	3.732732087374	8.1564147915361e-06
4	58431	3.733545714907	5.660773459731e-05
4	58435	3.73375730342	9.3443427255644e-05
4	58442	3.734500691298	3.7279509361365e-06
4	58446	3.734717944626	1.5286432719186e-05
4	58462	3.735549418808	3.0951162776226e-05
4	58466	3.735736658	9.7153828093361e-07
4	58473	3.736597354862	1.3062769242125e-05
4	58477	3.736730834769	3.3924799481587e-05
4	58493	3.73760172045	5.6822016944464e-05
4	58497	3.737759858009	5.3631540558417e-06
4	58504	3.738640494051	0.00071955903128798
4	58508	3.73873209158	2.221734904535e-05
4	58524	3.739665463899	0.00012047857307056
4	58528	3.739709193644	0.00010353650606906
4	58535	3.740684160493	6.5564098249884e-07
4	58539	3.740690427218	1.684476605478e-07
4	58555	3.74168742115	0.00044091023824919
4	58559	3.741728031686	2.4412039738806e-07
4	58566	3.74265333356	4.9383645494311e-07
4	58570	3.742690536304	5.5223851557306e-06
4	58589	3.743641195783	0.00014167859067078
4	58593	3.74366169837	2.0397509794929e-07
4	58600	3.744593231966	2.1046706533537e-05
4	58604	3.744682297111	1.5352745930739e-05
4	58620	3.745630946037	5.1165252579655e-05
4	58624	3.745676652032	5.2618895105285e-05
4	58631	3.746582519549	1.8172602170359e-06
4	58635	3.746650239109	7.4861360239562e-05
4	58651	3.74757171675	4.120001899702e-05
4	58655	3.747677683757	1.0997867279557e-06
4	58662	3.748540362538	0.0061071812509357
4	58666	3.748645157227	1.23119040754e-05
4	58682	3.749582765745	0.00011783939201756
4	58686	3.749605319562	1.3714182778083e-05
4	58695	3.750550768806	1.3873007441346e-05
4	58699	3.750610190093	1.8978664150894e-05
4	58712	3.751599239959	0.00011473703545463
4	58719	3.751658077247	1.0291217277832e-07
4	58726	3.752576943915	2.0480112862904e-05
4	58730	3.752660597671	1.9807776779117e-06
4	58743	3.753563071096	1.1790837709322e-05
4	58750	3.753612962395	9.460509676153e-10
4	58757	3.754515640321	1.6232346704577e-06
4	58761	3.754633451328	6.3491173974972e-07
4	58777	3.755506830725	2.8341821157007e-05
4	58781	3.755633498309	0.00098024873261268
4	58788	3.756518461308	1.7728470687195e-05
4	58792	3.756626046743	0.0034081647504567
4	58808	3.757514108824	0.00026628612806257
4	58812	3.75765804623	0.00021452783747679
4	58819	3.758539882318	2.8343556825713e-06
4	58823	3.758682594085	2.7029061010062e-07
4	58839	3.759497852244	0.00051454690772504
4	58843	3.759662461275	3.8232890264079e-07
4	58850	3.760449095244	5.483220594917e-06
4	58854	3.760706154214	0.0015884413791419
4	58870	3.761487518902	0.00045077856628282
4	58874	3.761720790367	3.7604085292937e-06
4	58881	3.762516673221	4.5029864121382e-05
4	58888	3.762761579239	4.1003699550661e-08
4	58904	3.763494443322	3.676183277438e-06
4	58908	3.763794004366	1.6337349277533e-05
4	58915	3.764477976166	9.0974810676349e-06
4	58922	3.76479933913	8.1124830865802e-09
4	58935	3.765453264177	0.0002805649133916
4	58939	3.765816117305	4.4459417879936e-05
4	58946	3.7664543862	1.8444263438655e-05
4	58953	3.766817300634	1.7667036305753e-05
4	58966	3.767468965121	5.5182338245692e-05
4	58970	3.767858715279	0.00015996957483381
4	58977	3.768438212777	0.0048188750143017
4	58981	3.768896867762	4.9727451851667e-06
4	58988	3.769408963313	0.00061529210932569
4	59001	3.769857081443	1.4874914936529e-06
4	59008	3.770443089031	5.1131290686843e-06
4	59012	3.770901704639	4.789765130937e-06
4	59022	3.771473029797	7.7845696560362e-07
4	59035	3.771921207951	2.1185724923471e-06
4	59039	3.772514964823	4.4838194107749e-05
4	59046	3.772873473126	0.00012019285250552
4	59056	3.773502829203	0.00011405341240427
4	59063	3.773880975396	1.9865456605572e-06
4	59070	3.774540982061	0.00058139137040238
4	59074	3.774835971158	1.1082930990937e-08
4	59087	3.775536087002	4.2195807278711e-06
4	59094	3.775843611283	8.4911759056836e-06
4	59101	3.776583501743	1.0172830064743e-08
4	59105	3.77680280223	0.00029710293251737
4	59121	3.777615227551	5.0903604522139e-07
4	59125	3.777772534234	1.7192271901887e-06
4	59132	3.778605613733	6.7366060160481e-05
4	59136	3.778778071412	0.000487170756766
4	59152	3.779612962862	2.1249973412383e-08
4	59156	3.779744374489	6.9989838914848e-06
4	59163	3.780655015448	3.9904156031912e-05
4	59167	3.780781386643	0.00028910711526285
4	59183	3.781624183087	0.00063728840586439
4	59187	3.781805324791	2.1833407702231e-07
4	59194	3.782619556418	4.7647557197272e-05
4	59198	3.782830918672	3.8348825363225e-08
4	59217	3.783653994106	6.1269209094919e-08
4	59221	3.783838353954	0.00014736992436066
4	59228	3.784667635606	0.00018490441123648
4	59232	3.784802667132	1.6623102106533e-06
4	59248	3.785717080879	1.0639354198187e-05
4	59252	3.785842808872	9.3641349290254e-06
4	59259	3.786684323867	4.4279137622273e-06
4	59263	3.786805293728	7.8166177710375e-07
4	59279	3.787718261058	3.359718212604e-06
4	59286	3.787839967206	0.00010287614324899
4	59290	3.788752340418	3.2999662718973e-05
4	59294	3.788882241092	1.2698971541144e-06
4	59310	3.789800391026	2.477877562014e-05
4	59317	3.789922138048	5.8533964838236e-05
4	59321	3.790785410396	1.4870198572934e-08
4	59325	3.790884893458	1.1771155529778e-07
4	59344	3.791809865142	0.00058899544812923
4	59348	3.791904564301	7.405550025294e-06
4	59352	3.79280074329	1.787327459596e-05
4	59356	3.792945525593	3.6811965790543e-06
4	59375	3.793802183187	0.0011413748243589
4	59379	3.793930595141	6.6151923803048e-06
4	59383	3.794774202952	0.00053130452366451
4	59390	3.794921894142	5.9144510034882e-06
4	59403	3.795817007271	0.0061096042961677
4	59407	3.795897673593	4.0041281212213e-06
4	59414	3.796803010351	7.2329947253761e-06
4	59421	3.796892453894	9.6666402884024e-07
4	59434	3.797802247512	4.5576650229901e-06
4	59441	3.797935467381	2.3476135346082e-07
4	59445	3.798760707633	1.0508015110077e-05
4	59455	3.798968244345	1.3727018970975e-05
4	59465	3.799747700055	1.077194449438e-05
4	59469	3.800015826121	8.9530318941967e-05
4	59476	3.800775251814	3.1035990917533e-05
4	59483	3.800999362163	8.8545002182179e-05
4	59496	3.801818204382	8.8860761971831e-05
4	59500	3.801975091621	2.0781721715611e-05
4	59510	3.802816507348	3.1216534874463e-07
4	59514	3.802980468299	5.2857935517392e-05
4	59530	3.803811329991	2.8285064992128e-05
4	59537	3.804019718152	7.9734568674232e-08
4	59544	3.804854759258	2.9616130668639e-06
4	59548	3.804983881402	1.996122125412e-05
4	59561	3.805813961216	0.00020342755994689
4	59568	3.805993750168	5.5389679670026e-06
4	59575	3.806816910971	0.00017143450506642
4	59582	3.806963864398	8.0851365332154e-05
4	59592	3.807853436333	7.5810144252595e-06
4	59596	3.807983512054	1.2607879320684e-08
4	59609	3.808835939615	3.8647170559956e-05
4	59613	3.80899954102	0.00042487588622713
4	59623	3.809845952063	1.4714362423627e-05
4	59627	3.810025673827	7.663855647193e-05
4	59640	3.810851662262	7.2064695838406e-05
4	59644	3.810981009517	6.6960831267711e-05
4	59654	3.811864235395	6.5804661464456e-06
4	59658	3.811936693273	1.0646793939193e-07
4	59671	3.812906729542	1.427051239873e-05
4	59675	3.812920224947	0.00037057130623502
4	59685	3.813866735489	3.9618070943542e-07
4	59692	3.813964458556	7.368061941296e-07
4	59702	3.814820070553	1.4630365966145e-05
4	59706	3.814937951746	0.001490946376096
4	59716	3.815774840126	1.8251494374929e-05
4	59720	3.815963004745	1.6826087073536e-05
4	59733	3.816799683261	0.002107120483248
4	59737	3.816977602807	1.9283478876554e-08
4	59747	3.817775291614	2.6523353643258e-05
4	59751	3.817995703771	1.4410719369425e-06
4	59764	3.818803107004	3.081067965524e-08
4	59768	3.819000624467	3.8851778550426e-05
4	59775	3.819837219106	2.9725134565746e-07
4	59782	3.819981503463	0.00015191608497515
4	59795	3.820816305222	1.0613294594332e-06
4	59799	3.820954104728	0.00011318159036145
4	59806	3.821835750797	2.3481323152976e-05
4	59813	3.821949414245	3.8801980726709e-06
4	59829	3.822862195585	0.00025923979870593
4	59833	3.822941139944	1.0988871937084e-06
4	59840	3.823853273056	0.00017962625382893
4	59844	3.823909911515	2.2524743015562e-06
4	59860	3.824852168211	6.5032384787291e-05
4	59864	3.824881234313	0.00025001054013328
4	59874	3.825839896995	0.00012717272329847
4	59881	3.825878634671	0.00053161631797561
4	59891	3.826801285917	0.00038298498684241
4	59895	3.826864082847	2.9977239938759e-06
4	59908	3.827849791847	0.00024087012472378
4	59912	3.827864633761	0.00078279216156338
4	59922	3.828821500487	0.049955695146888
4	59926	3.828851173716	0.0018692306671678
4	59936	3.829827862934	1.1131529191589e-06
4	59940	3.829857305057	1.4728460929108e-07
4	59953	3.830825192768	6.7704041643435e-05
4	59957	3.830830257765	1.1242900597595e-05
4	59967	3.831782195548	1.1381853124142e-06
4	59971	3.831844825458	2.6186071373143e-05
4	59984	3.832811119501	0.0002673805734475
4	59988	3.832816129716	1.1873129586994e-05
4	59998	3.833774868762	0.0027927600022308
4	60002	3.833782665414	6.7904289512949e-05
4	60015	3.834756617775	6.6722659224659e-06
4	60019	3.834792255364	0.00043111912722226
4	60029	3.835781448194	0.0078753020173649
4	60033	3.835812607588	6.8860739077895e-07
4	60046	3.836733856069	1.8638198482339e-06
4	60050	3.83683040421	0.021704090133376
4	60060	3.837688612744	3.2079801186752e-05
4	60064	3.837804688474	2.7597142976988e-07
4	60077	3.838709705746	5.5194612970763e-07
4	60081	3.838806038457	0.00011524889587379
4	60094	3.839725996649	4.6697473421075e-08
4	60098	3.839780008981	2.6466907061827e-05
4	60108	3.840695813562	3.8390177319962e-06
4	60112	3.840757980137	0.00069723261027004
4	60122	3.841714267971	0.00021901625791808
4	60126	3.841715529109	0.00032468865796149
4	60142	3.842667896871	1.4304575592957e-06
4	60146	3.842685821646	1.5660866649124e-06
4	60156	3.843671156515	9.648100609858e-07
4	60160	3.843681801227	1.5026863883257e-06
4	60173	3.844650268511	0.00052867864765661
4	60177	3.844689337082	1.3228255515336e-07
4	60190	3.845682602421	0.000350149888776
4	60194	3.845719296676	0.00011552804266421
4	60204	3.846651622491	7.7517378101925e-06
4	60208	3.846722269882	2.3262139659833e-05
4	60221	3.847677595143	3.0238478416553e-07
4	60225	3.847684292719	2.7217965975471e-06
4	60235	3.848652588636	1.3358825624034e-06
4	60239	3.848727596999	0.00016872352640821
4	60252	3.849603598938	7.058062163923e-05
4	60256	3.849697290082	1.942759126285e-05
4	60263	3.850652305489	0.00036892747129328
4	60270	3.850681279672	7.8325400462006e-05
4	60280	3.85162417877	0.00011507045112428
4	60287	3.851721727643	1.0750700740122e-05
4	60294	3.852601302259	1.3684776050618e-07
4	60298	3.852770681584	0.00029613154171501
4	60311	3.853560495577	2.5807352417454e-07
4	60318	3.853793235268	9.2279748157646e-06
4	60325	3.85456561981	1.0158433040614e-05
4	60332	3.854801626654	1.4789106305642e-05
4	60342	3.855612486973	0.032936512502564
4	60349	3.855773513487	4.4555263443681e-07
4	60356	3.856631988733	1.1951068246546e-06
4	60360	3.856747562032	3.4303634171953e-06
4	60373	3.85764147467	2.8909425263919e-05
4	60377	3.857785747326	1.0176249835258e-07
4	60387	3.858644460822	3.6660407930037e-06
4	60391	3.858758495548	1.5029491646332e-05
4	60404	3.859673167308	1.7136916532228e-05
4	60408	3.859784656727	2.1407963934244e-05
4	60418	3.860677227792	5.2005150435951e-07
4	60422	3.860740288073	1.4377471961492e-06
4	60435	3.861671991297	1.7813478788873e-05
4	60442	3.861759010116	0.00053654021141159
4	60449	3.862702517693	0.00052418548190597
4	60453	3.862784991731	5.3195734178388e-07
4	60472	3.863670628537	0.00094714381262392
4	60476	3.86382824305	5.8444868651666e-06
4	60483	3.864640321705	0.00016800255819463
4	60487	3.864866130461	5.4897714357792e-06
4	60503	3.865619520806	2.0557167764998e-06
4	60507	3.865892197029	4.2528065662143e-05
4	60514	3.866595127029	3.3741868000648e-06
4	60521	3.866935201943	4.2815562574048e-05
4	60531	3.86759899391	1.2672815252031e-06
4	60538	3.86793328833	3.3206625611585e-05
4	60545	3.868622201849	1.9680395650224e-05
4	60552	3.868900785515	1.896735557066e-05
4	60562	3.869643904125	3.5182060084712e-05
4	60569	3.869946041517	5.5691910327957e-05
4	60576	3.870680617578	0.00010841584245039
4	60583	3.870953249959	2.8752212566702e-05
4	60593	3.871660079779	8.9596504535337e-07
4	60600	3.871918977236	8.3419414595555e-06
4	60607	3.872701287514	6.8484170749145e-06
4	60611	3.872938778416	5.8890392252642e-06
4	60624	3.873667323462	1.8577826810951e-06
4	60628	3.873934262063	9.5019869201998e-06
4	60638	3.874656467811	4.3195316604535e-07
4	60642	3.874952757851	7.6744884622391e-06
4	60652	3.875614175718	4.0696052627576e-05
4	60659	3.875924073951	9.4053401986895e-06
4	60669	3.876620809087	6.9254384879276e-05
4	60676	3.876904441305	8.8030478430294e-06
4	60683	3.877643680719	0.00075981539046627
4	60690	3.877948325474	0.00020341766801451
4	60700	3.878663831104	2.1355722528942e-05
4	60704	3.878940867285	0.0014426220617651
4	60717	3.879617018146	0.0029821950841122
4	60721	3.879920799598	1.1804893176702e-09
4	60731	3.880658346654	7.6154602356234e-07
4	60735	3.880871402246	8.7302953612383e-08
4	60748	3.881649509724	0.012121214548537
4	60752	3.881857734238	1.0296188315194e-05
4	60762	3.882650259974	5.7908475677123e-07
4	60766	3.882881198531	3.4937621464107e-05
4	60782	3.88365084481	6.4438460442024e-05
4	60786	3.883903150495	4.2307809472736e-05
4	60796	3.884674254153	1.3181841431595e-05
4	60800	3.884914811096	0.00017858553502382
4	60813	3.885696044493	9.9937941562799e-05
4	60817	3.885891638846	1.0290830225666e-06
4	60827	3.886663801855	9.7727863790282e-06
4	60831	3.886859306433	4.2651901452572e-05
4	60844	3.887692352456	4.4857927093506e-08
4	60848	3.887817622047	2.3824083723022e-06
4	60858	3.888643639143	0.0004749470833374
4	60862	3.888812490365	3.85531141658e-06
4	60875	3.889630039192	7.0765146720485e-05
4	60882	3.889813747763	1.7613607054543e-05
4	60889	3.890649200844	2.3641529340964e-05
4	60893	3.890848653507	1.0414724212659e-05
4	60909	3.891670412376	1.2397064096391e-05
4	60913	3.891841725497	1.2638329229946e-07
4	60920	3.892692006773	6.2551358504444e-06
4	60924	3.892853206217	1.2443637884367e-05
4	60940	3.893699793575	0.0015870936016261
4	60944	3.8938843107	5.1810059641897e-07
4	60951	3.894681449787	2.7511687214718e-07
4	60955	3.894864938183	2.5052616862068e-05
4	60971	3.895679770463	1.867972923333e-05
4	60975	3.895910239718	0.00075824542850517
4	60982	3.896646201635	0.011643239268971
4	60986	3.896934173725	1.1697017895937e-05
4	61002	3.897635120183	2.7715680743009e-05
4	61006	3.897943806203	2.1633698989141e-05
4	61013	3.898625609537	1.9439526466689e-05
4	61017	3.898964003645	2.6926714703995e-07
4	61033	3.899629633138	2.6940484902106e-05
4	61037	3.899953929723	1.5124488902918e-05
4	61044	3.900676045984	5.869135483131e-07
4	61048	3.900908192761	2.7808317875241e-09
4	61061	3.901707833106	1.3830392571271e-05
4	61068	3.901919830981	3.082770634669e-05
4	61075	3.902666076082	1.2752279210198e-05
4	61079	3.902959519677	5.8023062697328e-05
4	61095	3.903699369778	1.0732098209599e-05
4	61102	3.903923392983	0.00011327487698191
4	61109	3.904682994941	0.00012117181357365
4	61113	3.904969571774	0.00018045266258577
4	61129	3.905636655171	1.2800596980597e-06
4	61133	3.905993292616	2.3481852238863e-06
4	61137	3.906646373386	3.9392240451805e-06
4	61147	3.907021459747	0.0015672290318324
4	61160	3.907655598447	0.00023669911829455
4	61164	3.908047082584	2.6324992798185e-06
4	61171	3.90865307447	1.0088785547199e-05
4	61181	3.909000957148	5.0284417632737e-07
4	61188	3.90963955675	4.4044847020424e-06
4	61195	3.910008394751	3.9015562573907e-08
4	61202	3.910589634435	2.4404607130914e-08
4	61209	3.911005061076	3.9290190028689e-06
4	61219	3.911594470431	0.0029394958364814
4	61226	3.911975098461	6.5798888183888e-06
4	61233	3.912579957966	1.7467625997499e-07
4	61240	3.912946373726	0.00048514727134539
4	61250	3.913584252335	0.0001667179417969
4	61257	3.913937637162	6.0517944795081e-05
4	61264	3.914578473919	4.5465585825915e-05
4	61271	3.914953228404	9.3499848442934e-07
4	61278	3.915550258041	3.4353428853534e-06
4	61288	3.915983643023	5.428046233399e-05
4	61292	3.916542947097	5.370327242166e-07
4	61302	3.917012140222	6.891894788264e-07
4	61309	3.917565252969	0.00013054417037404
4	61319	3.918061956524	8.5738130534235e-05
4	61323	3.918552277771	6.7264635876301e-05
4	61333	3.919067353262	6.0923921970015e-07
4	61340	3.919526194304	3.0102489518958e-06
4	61350	3.920035746722	2.8366701024525e-08
4	61354	3.920519809619	1.7094869257376e-05
4	61364	3.921064819203	9.6173372275903e-05
4	61374	3.92154679383	9.7973913672101e-07
4	61381	3.922088367539	0.0022500609808085
4	61385	3.922504438295	4.9192993482212e-05
4	61398	3.923086511488	3.8409157258066e-05
4	61408	3.923522736173	7.2453328037296e-05
4	61412	3.924074548743	0.00059819053500061
4	61419	3.924489269102	2.6129922091633e-06
4	61429	3.925105572566	2.0670075257827e-07
4	61439	3.925511296843	0.0002716506595124
4	61446	3.926114500947	0.00054625591225456
4	61450	3.926557496711	1.3617105766491e-07
4	61460	3.927162739605	5.7123889490915e-07
4	61470	3.927530201591	0.042747936803942
4	61477	3.928117174955	8.305680100328e-06
4	61481	3.928518671234	7.9862795768942e-05
4	61491	3.929160046926	2.2886349874734e-05
4	61498	3.929485915605	2.5458278195193e-07
4	61508	3.930116844322	9.68040455447e-07
4	61512	3.930530529571	8.9674892612765e-07
4	61522	3.931097145911	6.3490568479224e-07
4	61529	3.931554649998	1.5610895240007e-05
4	61539	3.932085081398	0.0043696493268255
4	61543	3.932541448711	3.9572077809233e-05
4	61553	3.933129540092	5.8723379314821e-06
4	61563	3.933570609467	4.032593525194e-06
4	61570	3.934100318946	5.1208647494841e-05
4	61574	3.934601472861	4.2793881136841e-06
4	61584	3.935114218553	0.00035282705909058
4	61594	3.935590859727	0.00027115797855042
4	61601	3.936149974419	4.7555332114411e-06
4	61605	3.93655378682	1.4120206302635e-05
4	61612	3.937153662205	1.7656256682942e-05
4	61625	3.937524939128	0.00051179326698781
4	61632	3.938148846014	2.8079893375959e-05
4	61636	3.938489151627	0.00010642917068565
4	61646	3.939188526022	3.9109053142379e-05
4	61656	3.939447366827	0.00015792039215597
4	61663	3.940147059835	0.00015120304159929
4	61667	3.940462975023	1.2859295798221e-05
4	61680	3.941179982877	4.7713283037133e-06
4	61687	3.941467612408	0.023152925782539
4	61694	3.942203269388	0.00082247058447825
4	61698	3.942498959225	0.00010468154120536
4	61714	3.943183529948	3.7943778387237e-05
4	61721	3.943498177716	2.9652708531665e-07
4	61728	3.944182207572	8.2084940586955e-06
4	61732	3.944509058931	3.3199184640592e-05
4	61745	3.945224525999	0.00012204231731146
4	61752	3.945483120116	3.9351200873025e-06
4	61759	3.946223252191	1.9895977097805e-05
4	61763	3.946528153324	0.010816933217387
4	61776	3.947271135441	2.0641170118919e-05
4	61783	3.94752791139	2.6820637598989e-06
4	61790	3.9482345976	2.0190697226017e-05
4	61794	3.948520726107	1.1498470988199e-06
4	61807	3.949188624787	5.5531041282651e-07
4	61811	3.949505191353	3.1594326470752e-07
4	61821	3.950163624505	1.8521307587395e-05
4	61825	3.950515928428	1.0405851498544e-06
4	61838	3.95118834022	0.00012264206687828
4	61842	3.951529821661	1.8373986909361e-05
4	61852	3.952190396224	1.7336732194358e-06
4	61859	3.952561038843	2.711772337386e-06
4	61869	3.953166718533	0.00024283684733898
4	61873	3.953555717486	3.2964875366373e-05
4	61883	3.95419103345	5.0809868164268e-05
4	61890	3.954563794334	1.1637534942949e-05
4	61900	3.955160229394	6.4226624792421e-05
4	61904	3.955563653394	4.9720346351082e-07
4	61914	3.956200374379	3.4584284245894e-05
4	61921	3.956610198841	4.4459563084784e-06
4	61928	3.957187669654	6.0607732475344e-06
4	61938	3.957568088263	0.0001749694106281
4	61945	3.958148551951	5.5320735224038e-06
4	61952	3.95861568105	0.0012419464582609
4	61962	3.959184277482	2.687184264736e-07
4	61969	3.959594551381	2.7580552342593e-05
4	61976	3.960172818453	1.3913452590239e-06
4	61983	3.960626438867	3.0376144577813e-07
4	61993	3.961187164151	0.00031390691133214
4	62003	3.961655418238	0.00044135429775519
4	62007	3.962177594412	1.3658012120021e-06
4	62014	3.962609896587	0.00025613778132022
4	62027	3.963222506532	1.4071637769646e-05
4	62034	3.96365187874	1.2877323390351e-05
4	62041	3.96422489407	0.00012584336856031
4	62048	3.964681411378	1.1104026307669e-05
4	62058	3.965226802654	8.7373008075914e-05
4	62065	3.965692859486	1.2151218713591e-07
4	62072	3.966265631439	0.00010462665369276
4	62079	3.966664183357	6.9423666061529e-08
4	62092	3.967284359488	3.4418719703128e-06
4	62096	3.967640121344	1.2569970222345e-07
4	62103	3.968242354869	1.8283758146957e-05
4	62110	3.968631864586	1.9732979528309e-05
4	62120	3.96919778777	0.0043260578283117
4	62127	3.969651742045	8.9040330732283e-05
4	62134	3.970247647562	4.2207345949005e-05
4	62141	3.970647544347	5.1047554289692e-05
4	62154	3.971226440554	1.1844957558147e-05
4	62158	3.971681127766	5.2134906259867e-07
4	62165	3.972222006912	6.8815351180053e-05
4	62172	3.972695194248	1.459587785084e-06
4	62185	3.973247035963	3.1109515537278e-07
4	62189	3.973691014054	2.042458364155e-05
4	62196	3.974214988375	0.00014237658944302
4	62203	3.974680129716	9.1228153620133e-06
4	62216	3.97522369256	8.4195587758982e-07
4	62220	3.975705333203	0.00094982278863881
4	62227	3.976262893629	2.3472247183493e-06
4	62234	3.976693351194	3.5103041337131e-08
4	62247	3.977241004907	0.00029570609477685
4	62251	3.97767310626	1.0158549294138e-05
4	62258	3.978256664232	1.1504182034721e-05
4	62268	3.978667824835	8.792516233726e-07
4	62278	3.979211993261	4.6233395862752e-05
4	62282	3.979716878615	6.3261595228778e-06
4	62289	3.980183316402	1.8480269055281e-05
4	62299	3.980710414311	6.1062574800201e-05
4	62309	3.981140237745	0.0011751927385141
4	62313	3.981703264378	1.3902085802366e-06
4	62320	3.982171764498	6.6502593966102e-10
4	62333	3.982736605946	8.1615580008286e-06
4	62340	3.983173928944	1.7906022756888e-07
4	62347	3.98373964597	2.8944155957283e-05
4	62357	3.984187753087	7.7052807997261e-05
4	62364	3.984781093745	6.0897773041188e-05
4	62371	3.985159082797	3.0050085879681e-06
4	62378	3.985793021813	8.900102704373e-05
4	62388	3.986160924645	1.0216472762116e-05
4	62395	3.986831731271	2.6188468826541e-05
4	62402	3.987111431409	5.9449769657783e-07
4	62412	3.987820210381	2.3209844314762e-05
4	62419	3.988150665013	0.0012718974776027
4	62423	3.988811497177	3.9353542472186e-05
4	62433	3.989112848787	3.6943134537392e-05
4	62443	3.989798447287	0.0013506383733161
4	62450	3.99008854315	1.7530438782054e-05
4	62454	3.990805610726	2.3835719389183e-06
4	62464	3.991057213719	0.0010467900470274
4	62477	3.99185557781	4.3370186596924e-06
4	62481	3.992091443289	7.791106807961e-06
4	62488	3.992886076912	3.000808965709e-09
4	62495	3.99305448633	3.2910174539009e-06
4	62505	3.993880530379	6.4450532840932e-09
4	62512	3.994094923537	5.89760944602e-05
4	62522	3.99492564307	3.7499621646711e-07
4	62526	3.995056341757	4.02544776078e-07
4	62536	3.995965705749	7.5268464438543e-08
4	62543	3.99607489032	1.1329351636639e-06
4	62553	3.996929947498	6.5381587044372e-07
4	62557	3.997103355302	4.1446652529392e-06
4	62567	3.997940614411	0.00099159655764712
4	62574	3.998130834204	1.0028132332789e-06
4	62584	3.998982292228	0.00017252631414592
4	62588	3.999155017288	2.5939390226067e-05
4	62598	3.999954003748	0.00010785448794702
4	62604	4.000120677055	3.341198675027e-06
4	62614	4.00096199799	0.00052021594994502
4	62621	4.001123608958	0.00013707986960841
4	62631	4.001954620213	2.514801016133e-06
4	62635	4.00217266061	2.8177994237074e-06
4	62648	4.003000203596	1.0870601658555e-05
4	62655	4.003181070884	0.001134353232649
4	62665	4.004038736753	5.0538547422073e-07
4	62669	4.004226974426	4.8159692430357e-06
4	62682	4.005009019401	0.0020061161354182
4	62686	4.005210731524	7.1399187790821e-06
4	62693	4.005988739643	3.254807256096e-05
4	62700	4.00617082091	3.1856399357448e-05
4	62710	4.007030226009	0.00022380993915323
4	62717	4.00712799681	2.4221699909221e-06
4	62724	4.008010903191	1.0252488088894e-05
4	62731	4.008109382579	6.9949268474752e-06
4	62741	4.009051473946	2.6950763564917e-05
4	62745	4.009070091527	1.5484908661688e-06
4	62755	4.0100029736	0.00073547960680319
4	62759	4.010113405953	0.00015346022628298
4	62772	4.011005373592	9.0748207459172e-05
4	62776	4.011104613916	4.9257444763355e-10
4	62789	4.012005282739	2.3355911489408e-06
4	62793	4.012085901082	9.5400223660594e-06
4	62803	4.012972367438	0.00062816796354765
4	62807	4.013122576656	4.1884730554748e-06
4	62817	4.013977843845	0.0010926078301069
4	62821	4.014144704772	0.00029434276109483
4	62834	4.015025681604	7.3277198956821e-05
4	62838	4.015131038467	1.3189549718433e-05
4	62848	4.0160245614	0.00059356925698889
4	62855	4.016124587627	6.5337167581162e-06
4	62865	4.017012755062	0.00083269215738197
4	62872	4.01713703706	8.6832321529251e-06
4	62879	4.018001649079	7.5682919766801e-08
4	62883	4.018124126786	1.1591435035192e-07
4	62899	4.019025505326	2.5686874276808e-05
4	62903	4.019128164441	8.7113306312828e-07
4	62913	4.020061173324	4.8101123652573e-07
4	62917	4.020111365706	7.6950961898429e-05
4	62930	4.021071941723	0.00011753123537925
4	62934	4.021127657844	1.0376548209439e-06
4	62941	4.022073103427	0.0016801832938925
4	62945	4.022155744741	0.00013733289911078
4	62967	4.023076456646	3.6278597660933e-06
4	62971	4.023114208257	1.2076392606294e-07
4	62975	4.024085238092	1.6872113805633e-07
4	62979	4.0240954928	1.9130486336832e-05
4	62995	4.025068873768	4.1899432609041e-06
4	63002	4.025104798699	0.00041627001760532
4	63006	4.026057128848	0.0030899578537747
4	63010	4.026137406539	8.9430637051626e-07
4	63029	4.027053336968	9.3580643266701e-06
4	63033	4.0271112125	1.3162996988336e-06
4	63040	4.028031423624	0.0010101276242655
4	63044	4.028154362779	0.00036108143575449
4	63060	4.028986817803	8.905332259102e-05
4	63064	4.029108938285	4.3986945184074e-07
4	63074	4.030015667928	1.2868435294211e-05
4	63078	4.0301499398	1.0399670818012e-06
4	63091	4.031005422925	0.00028165921313788
4	63095	4.031152394282	8.9628473385333e-06
4	63102	4.032009111904	1.7989530372493e-06
4	63106	4.032108104381	0.00022915751405902
4	63122	4.033022459677	3.7483859268573e-05
4	63126	4.03306250289	5.6233451565807e-06
4	63136	4.034051312975	2.243135131124e-05
4	63140	4.034053046849	2.4920844964618e-05
4	63153	4.035047171593	3.4307696103032e-05
4	63157	4.035082102612	5.6543134793594e-07
4	63161	4.036073790885	8.9051029772341e-05
4	63165	4.03611645154	0.00028868515163256
4	63184	4.037079441914	1.287565333509e-05
4	63188	4.037147613475	2.8050265415679e-05
4	63195	4.038086076605	0.00026422147400943
4	63202	4.038114646396	1.8613727180221e-09
4	63215	4.039074954252	3.2184967336698e-05
4	63219	4.03908911393	2.8956773048503e-05
4	63229	4.04005765674	6.404686538438e-06
4	63233	4.040064102259	1.0184992728009e-05
4	63246	4.041039147523	0.00053166800585598
4	63250	4.041083294851	8.6314417160569e-05
4	63260	4.042031354953	0.00017904998605447
4	63264	4.042067995525	0.00013028600470504
4	63280	4.043057328226	3.2618732402452e-05
4	63284	4.043062188086	1.8897740448923e-06
4	63294	4.044019416151	0.00056028338579278
4	63298	4.044072261436	0.0011768316108495
4	63311	4.045056357534	2.3411851045306e-05
4	63315	4.045063921544	4.7137122981062e-08
4	63325	4.046026553737	1.5241409227602e-05
4	63329	4.046074078008	1.981330243901e-09
4	63339	4.046989567345	2.063097604138e-05
4	63346	4.047117728445	1.494939872816e-08
4	63353	4.047972604451	3.8089301844232e-05
4	63360	4.048100833569	8.5435991392193e-05
4	63373	4.04893791165	1.4527163013557e-05
4	63377	4.049080352193	3.8067441429519e-05
4	63384	4.049961097539	2.8867762414888e-06
4	63388	4.050109074766	1.3981408735434e-06
4	63404	4.050970402103	9.2375401098453e-05
4	63408	4.051113542582	3.9984767385822e-06
4	63415	4.051979932738	8.2297788045856e-08
4	63422	4.052146476553	1.1994791163338e-05
4	63432	4.052950303358	2.0106947535454e-06
4	63439	4.053141241962	4.0670407970578e-08
4	63449	4.053963858898	5.0330129079582e-06
4	63453	4.054167650087	4.2540603223127e-07
4	63463	4.054926333875	1.1241120895599e-05
4	63470	4.055152823133	2.2945480871971e-07
4	63477	4.055899108542	0.0003937067460755
4	63481	4.056124520732	1.6087803689121e-07
4	63494	4.056934879957	1.2006201256875e-05
4	63498	4.057088212492	0.00033744014835881
4	63508	4.057938375935	0.00017922626074612
4	63512	4.058047135973	0.00041872401659532
4	63525	4.058931644503	1.1422990118525e-06
4	63529	4.059041174565	4.4833704625249e-05
4	63539	4.059907431714	1.0713054026065e-08
4	63543	4.060041577015	9.6342632897232e-05
4	63556	4.060916702227	3.4114316946097e-06
4	63560	4.06101387089	4.8626907277957e-05
4	63570	4.061916187884	1.3244855233174e-07
4	63574	4.062028772636	1.0358997956764e-06
4	63590	4.062905970958	8.6428902157234e-05
4	63594	4.063030008131	0.0011172955296419
4	63604	4.063891546986	0.00012296901577106
4	63608	4.064046008751	4.6727499106563e-08
4	63621	4.06493892799	5.3701197746697e-09
4	63625	4.065062337432	1.2071487384597e-07
4	63635	4.065964175722	0.00013008552081664
4	63639	4.066092483787	4.3110188863438e-06
4	63652	4.066987250295	6.4210400284658e-06
4	63656	4.06712604092	3.518818955119e-06
4	63666	4.067998520026	0.00046074906278237
4	63670	4.068141413092	1.4675582488522e-08
4	63683	4.068969358429	9.6780838748367e-05
4	63687	4.069093428324	3.5786584305977e-05
4	63697	4.070007640887	1.6083053904455e-05
4	63701	4.070063483909	3.5131508211134e-08
4	63714	4.070975566051	2.0555823044295e-07
4	63718	4.071033026369	2.0242358213768e-06
4	63728	4.071955766474	0.00028550242194081
4	63732	4.072045557438	1.6062110160241e-07
4	63745	4.072964751234	1.0145614569396e-05
4	63752	4.073022666617	0.0002524405241003
4	63759	4.073992732316	1.6615729763893e-05
4	63763	4.074004976296	3.2249271914122e-05
4	63776	4.075013484035	2.7586891886539e-05
4	63780	4.07505459682	1.6203887775516e-07
4	63790	4.076007345418	5.4083835345298e-06
4	63794	4.076070238549	1.1550870852245e-05
4	63807	4.077010363382	0.00013865741627749
4	63814	4.077091042014	3.6624170297781e-06
4	63821	4.07800995182	2.0061162791649e-05
4	63825	4.078059142091	0.00011990918153818
4	63838	4.07896898208	8.9895207220482e-07
4	63845	4.079107151893	6.6633809961542e-07
4	63852	4.080017436859	4.5853490901336e-06
4	63856	4.080087113204	3.8094024179627e-05
4	63869	4.081000042405	0.0001613844500587
4	63873	4.081064951821	2.5995554657836e-05
4	63883	4.082046259325	1.0495470088492e-08
4	63887	4.082077299877	3.5682611713315e-07
4	63903	4.083025168428	4.9081423225036e-05
4	63907	4.083111849139	0.00050219571877226
4	63917	4.084026648608	0.00039225749282549
4	63921	4.084088607633	0.00012997231876004
4	63934	4.085069524726	5.3517963107285e-05
4	63938	4.085133892713	2.6013979102335e-07
4	63948	4.086067802556	3.7962211438558e-06
4	63952	4.086140728569	5.37095974098e-09
4	63965	4.087111047834	0.0031326744262832
4	63969	4.08713881823	0.00018613327360903
4	63979	4.088114432418	2.2736941297835e-05
4	63983	4.088132211424	0.00068654100621487
4	63993	4.089110654088	0.0013607932878769
4	64000	4.089154778123	1.073629119467e-06
4	64010	4.090117719471	2.9015398571272e-06
4	64014	4.090137675766	1.6728089741605e-05
4	64027	4.091088346297	3.540524196211e-05
4	64031	4.091095743591	1.0581535510191e-05
4	64041	4.092102907953	3.0706704256936e-05
4	64045	4.092140361849	6.6382994691605e-09
4	64055	4.093070768564	0.00084154181004328
4	64062	4.093146856321	0.00016933323480148
4	64072	4.094025527946	1.0361564421002e-05
4	64076	4.094122252524	4.0460260311091e-06
4	64086	4.095000086406	0.0017209394601185
4	64090	4.095106397961	6.6656555325384e-05
4	64103	4.096046762433	2.3293779753722e-09
4	64107	4.096069242154	1.3338991517623e-06
4	64117	4.097033965286	2.2140815639991e-08
4	64124	4.097073265302	4.9662318689414e-05
4	64134	4.098006668204	0.00011936399086546
4	64138	4.098110525937	1.8893613803007e-06
4	64148	4.099029315331	0.00029622557233112
4	64152	4.099093197023	4.8675390146868e-05
4	64165	4.099981611994	4.310114497362e-06
4	64169	4.100130772832	0.00010041949880411
4	64176	4.100933601081	2.3554415491451e-05
4	64183	4.101115761091	0.0003872905633645
4	64196	4.101912430182	1.3565275803378e-06
4	64200	4.102141519858	6.5577605420236e-07
4	64207	4.102881855471	0.00060979616089626
4	64217	4.103091705273	1.9355266679109e-07
4	64230	4.103885422166	9.3742231729364e-05
4	64234	4.104096927714	2.1318810596934e-05
4	64244	4.104867829551	1.4281204537518e-08
4	64248	4.10514136752	5.5629275188327e-06
4	64261	4.105864367909	0.0011217068708622
4	64265	4.1061644344	4.3799873133498e-07
4	64272	4.106842281982	1.0076285583056e-05
4	64279	4.107124737954	1.0437802267842e-05
4	64292	4.107864190506	3.8499662658186e-05
4	64296	4.108171999807	8.753187965696e-06
4	64306	4.108906325955	2.4946002354453e-09
4	64310	4.109163989355	0.00026690479573299
4	64323	4.109915403986	1.6918581660745e-06
4	64327	4.110171059809	1.1520280658263e-06
4	64334	4.110901846764	4.4671530257758e-05
4	64341	4.111140619558	2.8498148787268e-05
4	64351	4.111931802946	0.00019905915400452
4	64358	4.112138925624	1.0462994691936e-07
4	64365	4.112930333006	0.00033260395495233
4	64372	4.113177797911	9.3353807003409e-09
4	64385	4.113978675247	0.00064590158519641
4	64389	4.114188260411	0.00010496972291784
4	64396	4.115027536796	0.0002974643024937
4	64400	4.115217815207	3.6073697432533e-07
4	64416	4.116005826607	3.3746910299749e-05
4	64420	4.116174614095	9.1622606991558e-07
4	64427	4.116961783232	3.6819407055429e-07
4	64431	4.1171727835	3.1936271877354e-08
4	64444	4.117918848276	1.3456048939018e-07
4	64451	4.118192596941	6.9943500042405e-05
4	64458	4.11896596159	0.00013874338310521
4	64462	4.119161494655	4.0892397033959e-06
4	64478	4.11994203424	0.0015596011644215
4	64482	4.120166190941	2.1774487563952e-05
4	64489	4.120903111278	0.00080415604776782
4	64493	4.12113983086	7.3209518968438e-05
4	64506	4.121872097226	5.4295149884044e-06
4	64513	4.122091587763	0.0015753043335146
4	64520	4.122909057753	5.4864165536966e-06
4	64524	4.123101929631	1.602427365881e-06
4	64540	4.123883916834	7.1739965561715e-05
4	64547	4.124119751683	0.0005824748822212
4	64554	4.124924650695	6.0476207703976e-06
4	64558	4.1251676652	1.3960381117226e-07
4	64571	4.125949877446	6.03028571123e-06
4	64578	4.126206508371	2.3397990233009e-05
4	64585	4.126972236502	2.267842886013e-05
4	64589	4.127209008224	1.2187386401038e-05
4	64602	4.127982775625	0.0022173632476201
4	64609	4.128187468263	7.9620118366208e-06
4	64616	4.128986164468	0.00030199463342208
4	64620	4.129227068476	1.0220000368892e-05
4	64630	4.129969911722	1.725347544971e-05
4	64640	4.130180219587	2.2896524505248e-06
4	64647	4.130921509984	0.00017739346971716
4	64651	4.131148555383	0.00012964492327164
4	64661	4.131886101772	1.8279464359921e-06
4	64668	4.132139607893	1.8157360658367e-07
4	64675	4.132868939311	1.0321621711355e-05
4	64682	4.133145062101	8.5618993441799e-07
4	64692	4.133887982973	2.3591929554096e-06
4	64699	4.134161364956	7.8419977273729e-06
4	64706	4.134902358962	2.8299936256408e-06
4	64713	4.13518259975	0.00018459173274156
4	64723	4.135950051456	4.1197767786796e-07
4	64730	4.136213530012	5.9462073894489e-07
4	64737	4.136998561455	7.6213913542741e-06
4	64744	4.137227297903	4.7507133640627e-05
4	64757	4.138020497771	6.4280912872547e-05
4	64761	4.138272473318	0.0003993200628103
4	64768	4.138977353831	1.8386040358727e-08
4	64775	4.139273954072	1.9508407942591e-05
4	64785	4.139948040969	3.4564633153006e-05
4	64792	4.14031985377	7.8748393631119e-05
4	64799	4.140944924703	5.7658627561089e-06
4	64809	4.141353781176	0.00018057331836997
4	64816	4.141972517021	7.883846659648e-07
4	64823	4.142319162718	6.5518254212777e-11
4	64830	4.143008565784	1.1536240337873e-05
4	64843	4.14331712996	1.1198011888511e-05
4	64850	4.144029615991	6.5279120488037e-06
4	64857	4.144366859451	1.665979167815e-05
4	64864	4.145053724829	0.00014451002231553
4	64874	4.145361007256	5.556589842585e-08
4	64881	4.146027283579	1.5000303911397e-06
4	64888	4.146361744115	4.652597013143e-05
4	64895	4.147062503386	0.001904249610021
4	64902	4.14732412104	3.1554518800144e-07
4	64912	4.148024807003	1.0934840379869e-07
4	64919	4.148275661841	3.152213590689e-05
4	64929	4.1490721977	0.0016406640933254
4	64933	4.149309691933	4.1857408996126e-09
4	64943	4.150028180738	7.6080710515981e-05
4	64950	4.150329324591	8.6339360311136e-05
4	64960	4.150979025799	7.4252907595769e-05
4	64964	4.151336581963	0.00013250550488108
4	64974	4.151950290579	7.1566069489967e-06
4	64978	4.152312743434	4.7530304352676e-06
4	64991	4.152994440434	1.0098829586076e-07
4	64995	4.153335497655	2.2972657943864e-05
4	65005	4.1540121032	4.75934711554e-05
4	65009	4.154350007558	5.1016827476171e-06
4	65022	4.155039690528	4.7302127635208e-06
4	65029	4.155308618379	1.0610157357224e-06
4	65036	4.156085001354	1.6180636082678e-05
4	65040	4.156355901209	0.00010265487118145
4	65053	4.15705177199	5.5982604206367e-06
4	65060	4.157365877249	6.8558273652484e-06
4	65067	4.158046075387	0.00018032572547773
4	65074	4.158383643155	1.034530243827e-05
4	65081	4.159027289826	4.9139769995861e-06
4	65088	4.159404329566	3.9818550263207e-05
4	65098	4.160010289594	8.6413245832318e-06
4	65105	4.160430327222	6.5933456104823e-05
4	65112	4.161038509056	3.3855765701221e-05
4	65122	4.161455553339	3.6888859001858e-06
4	65129	4.162007091974	1.4703294942983e-05
4	65136	4.162415873356	1.5421551833906e-07
4	65143	4.162987386676	5.9562941674778e-05
4	65147	4.163442293442	0.00028823549754173
4	65163	4.164025618839	2.1334064127653e-05
4	65170	4.164468214267	2.0492596948175e-05
4	65177	4.165002264991	6.9751824097639e-06
4	65181	4.165473682356	0.00025118008285414
4	65194	4.166045202913	2.1443674429428e-06
4	65201	4.166489290501	0.00024234788356725
4	65208	4.16703322115	0.00046834191630222
4	65212	4.16746599188	5.3746785825198e-05
4	65225	4.167988280214	2.8176138554228e-05
4	65232	4.168474615872	1.049380475961e-05
4	65239	4.169012029728	7.9763909152103e-07
4	65243	4.169512835732	2.0591681553249e-06
4	65256	4.169995992996	0.0013973002579417
4	65263	4.170545996734	0.00023782137038879
4	65270	4.170954396672	1.6635932131548e-06
4	65274	4.171517818948	3.0200024333739e-06
4	65287	4.171963931663	6.5911476018829e-07
4	65294	4.172565531867	1.3600890300719e-08
4	65301	4.172917280838	3.6544238969155e-06
4	65305	4.173562859063	5.8051842416844e-05
4	65318	4.173933460987	3.7791066447398e-06
4	65325	4.174533162128	3.5818302824321e-05
4	65332	4.174937373618	4.5033298155432e-06
4	65336	4.175575640681	2.4937458514675e-07
4	65349	4.175904725056	0.0038048303946712
4	65356	4.176549863674	8.587322134887e-05
4	65363	4.176909183172	2.0634793310731e-05
4	65367	4.177531197754	3.2224247619062e-05
4	65377	4.177865862503	7.8872382848576e-07
4	65387	4.17851295758	5.5489711803471e-06
4	65394	4.178820796651	1.6366775689175e-05
4	65398	4.1795000234	7.1963457101681e-08
4	65411	4.179839580832	7.4890359723879e-06
4	65418	4.180460835841	0.00017769378786562
4	65425	4.18087999054	5.7893730411261e-05
4	65429	4.181452084058	0.00096469695420701
4	65442	4.181839928171	3.45357702673e-05
4	65449	4.182491696536	2.6283449730512e-07
4	65456	4.182884751583	1.6445285716174e-06
4	65460	4.183493093471	0.00041922486131931
4	65476	4.183846765242	3.5351390035632e-06
4	65483	4.184519159524	9.69526476038e-05
4	65487	4.184797181999	1.7530459616542e-09
4	65497	4.185530256196	0.00079643847269878
4	65504	4.185799403688	1.3647696798887e-07
4	65514	4.186553288552	0.00037199418894394
4	65518	4.186839126268	1.9534208721619e-06
4	65525	4.187526211292	0.00038047222635187
4	65538	4.18788517197	1.3747461785894e-06
4	65545	4.188555148793	1.8361193533718e-08
4	65549	4.188838600467	8.538480813183e-07
4	65559	4.189528218387	8.0629743056197e-06
4	65566	4.189803060466	0.00027079421769551
4	65576	4.190508280057	0.0017263135508749
4	65580	4.190811365812	9.047152762031e-06
4	65590	4.191552313432	1.2204483686241e-05
4	65594	4.19183466713	6.2453841878033e-06
4	65607	4.192523729835	2.5471601689297e-05
4	65611	4.192863947362	1.0263015494736e-06
4	65621	4.193485853183	3.9523464209091e-05
4	65625	4.19387349867	2.0848430398018e-07
4	65638	4.194522206694	4.4803006433032e-06
4	65642	4.194826120122	1.3150609145503e-07
4	65649	4.195479428148	8.052681217119e-05
4	65656	4.195797747505	1.9068612068587e-05
4	65669	4.196486182343	2.1188968697175e-05
4	65673	4.19683041416	1.8476112289798e-07
4	65683	4.197488380727	7.6367914461893e-07
4	65690	4.197786408081	0.0014495419609771
4	65700	4.198531549839	0.00048164444192089
4	65704	4.198741358785	6.7473104918236e-07
4	65711	4.199522166983	0.00055720677653339
4	65718	4.199763523231	9.912023356072e-08
4	65731	4.20056506266	5.6838985749275e-06
4	65735	4.20073537311	3.1204271879684e-07
4	65742	4.201581111463	1.0668880446416e-05
4	65749	4.20172870402	8.838123764477e-07
4	65762	4.202536201874	4.6760603905195e-05
4	65766	4.20276215659	2.5342730855873e-07
4	65773	4.203563113809	1.2642680366816e-05
4	65777	4.203721685455	0.0003272393809488
4	65796	4.204593288188	1.4222062804604e-06
4	65800	4.204740729132	4.781686849103e-06
4	65807	4.20557038698	9.3576805826687e-06
4	65811	4.205704852615	2.5328952953692e-05
4	65827	4.206602525455	0.00019274029239848
4	65831	4.206700694947	1.0475706687392e-05
4	65838	4.207636400814	8.0432137601894e-06
4	65842	4.207705446574	3.4139139147392e-07
4	65858	4.208671118682	1.7435670542051e-05
4	65862	4.208730569772	5.0148024405758e-08
4	65869	4.209625962012	2.1253770228214e-05
4	65873	4.209719803606	0.00030298380660222
4	65889	4.210592449265	6.7809900072845e-07
4	65893	4.210726254269	0.00013847824765513
4	65900	4.21159588854	1.3434047610617e-05
4	65904	4.211684851659	0.00086455877237297
4	65920	4.212557801761	1.139628558503e-05
4	65924	4.212715422386	3.7027431258426e-05
4	65931	4.213514113724	1.3140279963176e-09
4	65935	4.213743695318	8.2476001127688e-05
4	65951	4.214555550759	5.2189173129851e-05
4	65955	4.214748710013	1.0687475321448e-05
4	65962	4.21555256469	8.2077973815139e-06
4	65969	4.215793852128	3.8188248184607e-06
4	65982	4.216527061686	2.5577516077369e-08
4	65986	4.216817526963	0.0031210512434486
4	65993	4.21754595283	6.7924597553129e-06
4	66000	4.217823040406	0.00012037969898508
4	66013	4.218588703625	1.9174742428131e-05
4	66017	4.218778862434	1.1640858824977e-06
4	66024	4.219555825718	2.1892921607507e-05
4	66028	4.219743565837	1.5214641990381e-06
4	66044	4.220571630431	3.7052899101338e-05
4	66048	4.220694188892	1.1010450030135e-06
4	66055	4.221610803698	0.015224832168336
4	66059	4.221690201035	0.00017810513549852
4	66075	4.222655110383	5.454382551678e-07
4	66079	4.222662006598	7.0509196712682e-10
4	66086	4.223631057147	0.00027244798035696
4	66090	4.223670761013	1.412085268005e-05
4	66109	4.224673299637	6.3051092611154e-05
4	66113	4.22470393713	3.4751671116386e-07
4	66120	4.225646098225	3.498072814122e-05
4	66127	4.225696046778	0.00035420395040993
4	66140	4.226617819614	4.1366584975593e-07
4	66144	4.226660476061	8.118783920852e-06
4	66154	4.227623432856	3.4869419641204e-05
4	66158	4.227710211368	4.376723737468e-06
4	66168	4.228588169719	8.434169087292e-07
4	66175	4.228716828602	6.6033533493235e-07
4	66185	4.229570879418	4.2961780644161e-06
4	66189	4.229753828788	2.044140007705e-05
4	66199	4.230536114819	1.1302651379584e-05
4	66206	4.230753665955	0.00033849503712011
4	66216	4.231524250911	8.2817935530777e-06
4	66220	4.231710651281	3.2679778141289e-08
4	66230	4.232502766579	0.00042888432872828
4	66237	4.232734056236	1.327439834167e-06
4	66247	4.233458484952	0.0022469159101613
4	66251	4.233696160509	7.0272688726133e-07
4	66261	4.234481934818	1.4274418781421e-05
4	66265	4.23467470786	1.8124442160599e-05
4	66278	4.235507974147	1.0748424913395e-05
4	66282	4.235625085373	2.4366678422836e-05
4	66292	4.236473092712	7.5590893978441e-06
4	66296	4.236586104927	0.00017836991794641
4	66306	4.237499486185	0.00010310005509773
4	66313	4.237617608073	0.00033906363570212
4	66323	4.238511189479	1.2657898170275e-06
4	66327	4.238613482509	0.0013987208433347
4	66337	4.23952794582	6.2272111103749e-07
4	66344	4.239613668117	0.00018416382616197
4	66354	4.240479022244	0.012435327814935
4	66358	4.240582063377	2.1970668011061e-06
4	66368	4.241506032973	3.6120190426922e-05
4	66372	4.241553709663	1.4439111809455e-05
4	66385	4.242465512013	9.742865431908e-07
4	66389	4.242574408253	2.9121213273474e-05
4	66396	4.243419620153	8.5409354479185e-05
4	66406	4.243589545511	1.6444799537315e-06
4	66419	4.244433349068	0.0011733130327387
4	66426	4.244628274947	1.0374903082562e-05
4	66430	4.245393947784	1.8862930698928e-05
4	66437	4.245659713381	3.2727371873189e-08
4	66450	4.246441895887	0.00012696492215559
4	66457	4.246702511131	3.2919936872455e-06
4	66461	4.247470866074	7.0563675104994e-07
4	66468	4.247689644098	6.7274771429826e-05
4	66484	4.248455073307	0.00055626063308564
4	66488	4.248726424863	1.7854100207432e-07
4	66492	4.249476891399	2.3478165950977e-05
4	66499	4.249698215615	0.00019795285909954
4	66514	4.250431067091	4.3375894770337e-06
4	66521	4.250696856113	2.7523233997362e-07
4	66525	4.251381827644	0.00046895348660131
4	66529	4.251661417377	0.00017997033015798
4	66545	4.252372874749	3.9511433690188e-10
4	66552	4.252633794776	2.0750175652111e-06
4	66556	4.253350115723	3.8717079300637e-07
4	66560	4.253619502582	7.4527212856962e-06
4	66579	4.254387284858	0.00021925549243104
4	66583	4.254583839387	5.6929526886678e-06
4	66587	4.255351013091	0.0012386846424352
4	66591	4.255549529902	0.00019928761415594
4	66610	4.256305101177	0.00010438081204853
4	66614	4.256538042289	0.00025333794566251
4	66618	4.257316575105	4.4711080729336e-05
4	66622	4.257505904122	4.0413420946501e-05
4	66635	4.258285620033	1.3764818034417e-06
4	66645	4.258499927115	1.6922463544866e-05
4	66649	4.259304838815	0.00094221910518647
4	66653	4.259517796378	2.955366429052e-06
4	66666	4.260319591253	5.1479362990718e-05
4	66673	4.260492011828	0.0001678337997769
4	66680	4.261329851369	0.00031061198912186
4	66684	4.261508706281	4.8933631005891e-06
4	66697	4.262373617145	0.00012914521550569
4	66701	4.262515335271	0.00010898385953112
4	66711	4.263324990111	1.0725815871689e-05
4	66715	4.263515206525	4.8404645777326e-05
4	66731	4.264330236851	2.293529152805e-05
4	66738	4.264477489258	0.00029098418660569
4	66745	4.265376289122	5.4678575539033e-05
4	66749	4.265510650601	2.2024807675866e-09
4	66765	4.266359201921	0.00010594788976228
4	66769	4.266468199251	4.1079598405357e-07
4	66776	4.267349185357	0.0064660962302321
4	66780	4.267500795065	5.874623798654e-05
4	66796	4.26834224149	3.0998066545744e-08
4	66800	4.268465889165	2.1693301540497e-05
4	66807	4.269385874769	9.373316719449e-08
4	66811	4.269443604972	2.8696823840026e-05
4	66827	4.270393214173	0.0007793913446228
4	66831	4.27039401309	0.0025372403938415
4	66838	4.271365693376	5.4530482596162e-05
4	66842	4.271443595496	2.7132772410052e-08
4	66855	4.272326930458	2.6481146330515e-05
4	66862	4.272430446796	0.00025145540050855
4	66869	4.27335196616	8.8975267346699e-06
4	66873	4.273454061492	1.8486137178261e-06
4	66889	4.274354607185	0.00076584019083886
4	66893	4.274427577107	1.2125289299381e-09
4	66900	4.275331215948	0.00025105989073243
4	66904	4.275455984945	1.4156530044926e-05
4	66920	4.276286146298	0.00028758193214318
4	66924	4.276505018079	2.5325628653831e-06
4	66931	4.277292510419	3.7964849821952e-08
4	66935	4.277517649382	1.8340059215063e-07
4	66948	4.278264928576	0.00015959949727187
4	66955	4.278477767367	7.4515146104986e-05
4	66962	4.279258741488	0.00084489713255497
4	66966	4.279445423443	1.8632811154937e-08
4	66979	4.28026516684	1.1514733769595e-06
4	66983	4.280419378381	3.6938484415022e-05
4	66993	4.28125974349	1.5863585494195e-06
4	66997	4.281441665197	3.6666097040072e-10
4	67010	4.28222584031	3.5306343685421e-06
4	67017	4.282464216864	0.00025528909696675
4	67024	4.283274967114	5.6743718074577e-06
4	67028	4.283505310515	1.8732086694347e-05
4	67044	4.284274840914	3.8179180927131e-06
4	67051	4.284537195052	1.3147905727255e-05
4	67058	4.285293327361	0.00038148953005816
4	67062	4.285557769405	1.0197093550596e-06
4	67075	4.286280558328	7.3993779255718e-05
4	67082	4.286565938273	1.4213179079581e-07
4	67089	4.287318701051	8.2055120693397e-06
4	67093	4.28751786619	4.6880845297825e-05
4	67109	4.288336901776	9.0483549408871e-08
4	67116	4.288548759573	2.6165776737237e-05
4	67120	4.289306300942	1.0936764580596e-06
4	67124	4.289571285978	4.9912816100517e-05
4	67140	4.29033056506	0.00040154936833669
4	67144	4.290606399489	3.8428905051035e-05
4	67151	4.291323268166	2.2336094549913e-06
4	67155	4.291600178975	5.0839094089378e-05
4	67171	4.292301353696	6.5470006853529e-05
4	67175	4.292645462351	7.8190856006116e-07
4	67182	4.293267928938	0.0010374448366855
4	67186	4.293641661496	4.4770446899225e-07
4	67202	4.29430335926	6.0007354960679e-06
4	67206	4.294664034408	9.1341507017779e-07
4	67213	4.29526148129	9.2428591080965e-13
4	67220	4.295652804844	4.6035150628968e-06
4	67230	4.29626745548	1.0732333612963e-05
4	67237	4.296693475732	2.4403537407014e-05
4	67244	4.297234127953	9.6796159846466e-05
4	67251	4.297710483571	2.5795228758421e-05
4	67264	4.298189700226	2.8375761729474e-05
4	67268	4.298710821279	3.0281036728373e-08
4	67275	4.29920914036	7.0747484450459e-06
4	67282	4.299734884498	0.00016930223704752
4	67295	4.300230612744	1.2393978777849e-05
4	67299	4.300728237935	2.7143493571437e-06
4	67306	4.301254328429	9.2464765432635e-05
4	67313	4.301745522484	0.00012893812602396
4	67326	4.302295416388	0.00024413735333467
4	67330	4.302723861054	4.2001806414865e-05
4	67337	4.303289751386	3.976717696909e-07
4	67347	4.303756195715	8.0400004440012e-06
4	67360	4.304289931457	6.3493992116738e-06
4	67364	4.30471975266	9.456455268002e-09
4	67371	4.305288382999	6.4424870137261e-07
4	67378	4.305752734816	1.08549589038e-05
4	67391	4.306256547851	5.8607288570281e-07
4	67395	4.306712407349	4.4668873036934e-06
4	67402	4.307265176747	1.265364479252e-05
4	67406	4.307695599941	6.1151265589404e-05
4	67422	4.308227411842	2.829318532459e-05
4	67426	4.308664021699	1.8248620522869e-07
4	67433	4.309270584981	2.1915150452583e-06
4	67440	4.309704851538	5.3216208807301e-06
4	67453	4.310244096111	1.534432747266e-07
4	67457	4.310694797261	7.7044432003617e-05
4	67464	4.311283303311	0.0018867600640801
4	67471	4.311709110173	1.1022296134746e-09
4	67481	4.312251039008	2.1188443323064e-05
4	67488	4.312716837428	3.1190484446405e-06
4	67492	4.313213605437	2.5677787763285e-05
4	67502	4.313687334257	0.00023844461470297
4	67515	4.314169076462	1.6999375152058e-05
4	67519	4.314735924783	6.0416601915069e-06
4	67523	4.315146000593	5.2576761917323e-05
4	67533	4.31575652447	2.2839690664738e-05
4	67543	4.31615474713	5.9360396273449e-05
4	67550	4.316791061713	0.00056203238164903
4	67554	4.317185723441	1.9502027709628e-05
4	67567	4.317759357074	3.9149390733602e-05
4	67574	4.318233936077	3.8302632126775e-07
4	67581	4.318771907605	5.156320483268e-07
4	67588	4.319265665574	1.6423657364889e-05
4	67598	4.31976838764	0.00024299086428096
4	67605	4.320239736448	2.2534266950266e-05
4	67612	4.320725218242	9.4252311944278e-09
4	67619	4.32122866342	3.1242940026462e-06
4	67626	4.321702806578	4.9317426012729e-07
4	67636	4.322264974978	5.4114533014884e-06
4	67643	4.322686069066	1.3697282460753e-05
4	67650	4.323227092155	6.9555268701145e-06
4	67660	4.323733662746	2.4969422699836e-06
4	67670	4.324258104809	7.3019830633652e-06
4	67677	4.324724979685	2.1146383435202e-06
4	67684	4.325233460493	3.4209260521866e-05
4	67694	4.325773101013	2.5886087166204e-05
4	67701	4.326240112	3.6474432996443e-05
4	67708	4.326800152412	0.0028325471533697
4	67712	4.327199365945	3.7662513836807e-06
4	67725	4.327752451068	9.0606830301317e-07
4	67732	4.32818664892	6.4216948440296e-05
4	67739	4.328749065915	1.2043935485122e-07
4	67743	4.329230722419	1.0215634890895e-05
4	67756	4.32976789737	5.7891582924106e-06
4	67763	4.330188017564	1.277613777842e-05
4	67770	4.330773366979	2.4559657592745e-05
4	67774	4.331213045927	1.1296293601737e-05
4	67787	4.331770163203	1.1264923570026e-05
4	67794	4.332194334944	0.00012946209025076
4	67801	4.332768938272	2.7717927469091e-05
4	67805	4.333180777984	1.2112198674956e-06
4	67818	4.333814219538	4.7810802894599e-07
4	67825	4.334162609593	1.0864839189506e-05
4	67832	4.334850674034	1.5768335050473e-06
4	67836	4.335115039146	3.1796395345926e-05
4	67849	4.335860607175	9.2122495163244e-05
4	67856	4.336136086692	1.4174359843234e-06
4	67863	4.336866466783	4.1314471643361e-05
4	67867	4.337140948685	3.1838662574161e-05
4	67880	4.337876553032	8.23252906672e-05
4	67887	4.338161689534	1.3922664243706e-06
4	67894	4.338902005288	6.3685807895658e-06
4	67898	4.339113989517	0.00039931168817528
4	67905	4.339862740419	2.503077955375e-10
4	67915	4.340076953539	0.0002315305149468
4	67925	4.340828936452	3.4703914882016e-05
4	67929	4.341068985632	0.00037625013358751
4	67936	4.341850650448	3.4214023866505e-05
4	67949	4.342102123408	0.00015751209382889
4	67956	4.342885058516	0.00047440818806543
4	67960	4.343097663361	7.1804849131546e-05
4	67967	4.343924025914	0.00071821454057842
4	67983	4.344051963472	5.771265402262e-05
4	67990	4.344933052333	1.5240460899286e-07
4	67994	4.345025927807	0.00028457735940894
4	68001	4.345944099148	8.3982984799251e-05
4	68011	4.346024684687	2.3344955310556e-06
4	68021	4.346900526947	1.1568668025396e-06
4	68025	4.347020403583	8.3584386130955e-05
4	68032	4.347910882596	7.4932652584149e-06
4	68039	4.348029396714	3.4556129935087e-05
4	68052	4.348920759785	8.0057003417888e-05
4	68056	4.348990382309	3.6331214273811e-08
4	68063	4.349968163526	0.0037755174820841
4	68067	4.350032510585	3.3478457456073e-06
4	68083	4.350920277571	3.9935606973062e-06
4	68087	4.351000998715	1.0594206888152e-07
4	68094	4.351891537353	0.00012931107719147
4	68098	4.351983806732	9.4906842970936e-05
4	68114	4.352894416937	1.5798620215432e-06
4	68118	4.353016098079	1.2260934769235e-05
4	68128	4.353941621747	3.286092120306e-05
4	68132	4.353996505244	5.2682318220652e-06
4	68145	4.35493423001	0.00023529078980951
4	68149	4.355032788322	6.2471474201461e-06
4	68156	4.35589813426	6.7625642737537e-05
4	68163	4.356010206207	0.00013494540761991
4	68176	4.356943451655	6.6570118829093e-06
4	68180	4.356976868158	2.7497672940259e-08
4	68190	4.357916226476	0.0007331846164989
4	68194	4.357984550669	1.2631496562178e-05
4	68207	4.358929986948	0.00014341048349528
4	68211	4.358972913065	0.00016696213648258
4	68218	4.359926363336	7.9785972435133e-06
4	68222	4.359979712421	2.5413055408437e-08
4	68238	4.360922603428	7.3182576137419e-05
4	68242	4.36097425437	1.5965530535399e-07
4	68252	4.361925432343	0.0050345798466307
4	68256	4.361957095302	2.4309312904873e-06
4	68266	4.362883461457	0.0019803839242918
4	68273	4.362913037429	5.9709030000041e-06
4	68280	4.363848567616	5.3720917170983e-06
4	68284	4.363901620684	1.4136261479856e-07
4	68300	4.364821389668	0.001094308865248
4	68304	4.364859571682	0.00077041615919092
4	68314	4.365815696125	3.0472699217003e-08
4	68318	4.36582547578	2.5115366586874e-06
4	68331	4.366823162694	1.4023450269185e-05
4	68335	4.366860659599	1.3619663376004e-05
4	68345	4.367828360694	1.7913503831034e-07
4	68349	4.367828447043	0.00012775589011063
4	68362	4.368798900937	0.00027674593142838
4	68369	4.368832844312	0.00083617634401379
4	68376	4.369819102758	4.3989520980328e-05
4	68383	4.369845707706	3.6586189193075e-05
4	68393	4.370800983366	6.4970646490387e-05
4	68397	4.370833837243	3.2580579275544e-07
4	68407	4.371787994634	1.17228650239e-06
4	68411	4.371791175577	2.2636196108069e-07
4	68421	4.37280132296	3.0430988096025e-05
4	68425	4.372810315175	1.6003564422088e-07
4	68441	4.373801538234	1.225430674646e-05
4	68445	4.373833881883	2.3120806609163e-08
4	68452	4.374770128519	2.0532189900701e-05
4	68456	4.374837524495	8.6037092272669e-07
4	68472	4.375793760222	5.5032566090841e-05
4	68476	4.37580650769	3.3766250139856e-08
4	68483	4.376758056075	3.6645760031647e-05
4	68490	4.376789154744	5.008450468155e-10
4	68503	4.377740034712	0.00035692945963534
4	68507	4.377805786865	1.9332243995928e-05
4	68514	4.378754501677	8.1046968582884e-06
4	68518	4.378824571915	1.2314757566738e-05
4	68534	4.379767991855	1.1730834148229e-07
4	68538	4.37983614811	2.4547645384108e-05
4	68548	4.380817791477	4.2554070132614e-05
4	68552	4.380858271965	5.5218216660058e-06
4	68565	4.38183632508	2.594161665958e-05
4	68569	4.381859372572	4.0886781726355e-06
4	68576	4.382794602325	6.5759397029021e-05
4	68580	4.38285383734	1.7701139332487e-06
4	68596	4.38377675368	0.00074512166010074
4	68600	4.383891177632	1.4372673770208e-06
4	68607	4.384818078691	5.372778269547e-06
4	68617	4.384911807417	1.7392641453548e-05
4	68630	4.385831605222	6.1418389126738e-08
4	68634	4.385929096524	6.8056872150747e-08
4	68641	4.386784783136	0.00025542689881968
4	68648	4.386895543861	3.973089119493e-06
4	68661	4.387820719561	1.4755197434286e-05
4	68665	4.387905122717	0.001199345040594
4	68672	4.388783393162	2.6432385243461e-07
4	68676	4.388905686139	0.00014329347557497
4	68689	4.389811179884	2.6991993116569e-06
4	68696	4.389902412499	4.5271327310516e-05
4	68703	4.390854025383	0.0036341457246867
4	68707	4.390947009953	1.1119741656949e-05
4	68723	4.391870821393	6.6606125005852e-06
4	68727	4.391972111838	3.2530282710918e-07
4	68734	4.392865496222	0.00022824320739375
4	68738	4.39293157456	9.4926936459049e-05
4	68754	4.393845192311	0.00048988700195272
4	68758	4.393952782804	6.6430136289005e-07
4	68765	4.394882306395	4.8433142977655e-06
4	68769	4.394912943323	2.36873348769e-09
4	68785	4.395883399774	1.5264767300424e-07
4	68789	4.395922115413	2.2041429004038e-05
4	68799	4.396874485418	0.00044299204476905
4	68803	4.396894583725	0.00027747856203489
4	68816	4.397887327735	9.6814068299509e-05
4	68820	4.397941012561	3.6532252131357e-06
4	68827	4.398891615788	0.00021652897827159
4	68831	4.39890086744	7.5108699043128e-05
4	68847	4.399858337986	1.1854328426565e-07
4	68851	4.399900745672	4.4541753293495e-07
4	68858	4.400815589576	5.4691195528957e-05
4	68862	4.400888593248	4.424806894773e-06
4	68878	4.40181296459	4.1181988933645e-05
4	68882	4.401843033105	2.0192478825494e-06
4	68889	4.402794036806	0.0027282773173856
4	68893	4.402857114927	1.0493082914984e-09
4	68909	4.403834036616	3.927453073273e-06
4	68913	4.403879774703	8.04974452838e-07
4	68920	4.404833598103	4.1647307656623e-05
4	68924	4.404929077319	1.6278406690312e-05
4	68943	4.405790301531	1.4858255953203e-06
4	68947	4.405957096012	2.4529827942775e-06
4	68954	4.406799402573	0.00020181919871561
4	68964	4.406984711474	1.5944525220688e-05
4	68971	4.407781638061	1.7856464534461e-06
4	68978	4.407966258108	1.0557444930496e-05
4	68988	4.408784109091	1.4756154323585e-05
4	68992	4.408972926583	3.3093377483623e-06
4	69002	4.409829545182	7.5093039122442e-06
4	69006	4.410002040397	1.0575704385416e-05
4	69019	4.410859077812	8.1466598152551e-07
4	69023	4.410993314295	5.4702108485433e-09
4	69033	4.41189144398	8.1732133860892e-05
4	69037	4.412030639091	3.0040495649819e-07
4	69050	4.412846070486	4.8623445943514e-06
4	69057	4.413075122085	8.2368479769636e-05
4	69064	4.413804718546	0.00014024963805009
4	69068	4.414068319271	1.2113505192237e-05
4	69081	4.414839437064	1.3504286760344e-06
4	69088	4.415029657916	1.8140368179579e-05
4	69095	4.415856740092	0.00037850473874368
4	69099	4.416075608001	6.031056380257e-06
4	69115	4.416874427738	0.0024861287798747
4	69119	4.417055685424	0.00013926813920955
4	69126	4.41791582724	2.206758991421e-07
4	69130	4.418070382947	2.0316301750318e-07
4	69146	4.4189561624	1.6696488625168e-06
4	69150	4.41904050057	9.1018754722415e-08
4	69157	4.419970459298	7.5194122802227e-07
4	69161	4.419999238665	8.4883132192558e-05
4	69177	4.420931735576	0.0006742142834808
4	69181	4.420953351247	8.9144699298158e-07
4	69188	4.421882149108	6.7848429642995e-05
4	69192	4.421933953778	0.00056542333302062
4	69208	4.422838071277	1.1258883579172e-07
4	69212	4.422941340527	7.0085619654369e-06
4	69219	4.42381117278	0.00012080735780764
4	69223	4.423892900463	1.676043084671e-07
4	69242	4.424804851459	5.1987750012747e-05
4	69246	4.424876432693	2.6680178710988e-09
4	69253	4.425770906522	7.0091969588772e-06
4	69257	4.425845428373	8.1091269094956e-05
4	69270	4.426797345694	2.1658892140476e-07
4	69277	4.426827897482	9.1472788885112e-07
4	69284	4.427807359625	0.00063630036028411
4	69288	4.427826655441	1.8393078799168e-05
4	69301	4.428782342779	0.00010480489355098
4	69305	4.428794927362	5.1134425015762e-05
4	69315	4.429745428972	0.00032033156097795
4	69319	4.429815767108	6.8070892920348e-06
4	69332	4.430745950668	6.8283899516364e-05
4	69336	4.430860119394	3.5095323218115e-06
4	69346	4.43177979274	4.2615269658077e-05
4	69350	4.431818424365	0.00026848668318097
4	69366	4.432732747762	0.00016950366228302
4	69370	4.432854850137	0.00040137466108427
4	69377	4.433775807871	5.4886354660392e-06
4	69381	4.433837127851	0.00027809777137236
4	69397	4.434740496785	0.00021090577328252
4	69401	4.434867903072	1.2734724023458e-06
4	69408	4.435744852968	0.00012014587115458
4	69412	4.435913130876	4.4370555963608e-05
4	69428	4.43678730188	2.4200560228643e-08
4	69432	4.436923847804	9.0975736731322e-05
4	69439	4.437761792992	4.7283635900154e-06
4	69443	4.437928552396	1.1931028741167e-05
4	69459	4.438771127875	0.00049933557604618
4	69463	4.438901169764	9.5116498686478e-08
4	69470	4.439734212376	1.3396460004994e-05
4	69474	4.439917877276	9.1082245360178e-05
4	69490	4.440684545486	1.0188636573652e-06
4	69494	4.440934477002	3.5038289915218e-08
4	69501	4.441662364388	9.0523310997235e-07
4	69505	4.441939797082	3.726280288516e-07
4	69518	4.442632318303	5.0857313237839e-07
4	69525	4.442900601851	5.1615897604637e-07
4	69532	4.443618066592	9.4736155106057e-07
4	69536	4.443857640717	7.8626782646407e-09
4	69552	4.444636026189	0.00012638572696162
4	69556	4.444814959215	6.6305782316883e-06
4	69566	4.445657049963	0.00039352119396414
4	69570	4.44578348302	0.00010945533928715
4	69583	4.446636890744	0.00018918507309902
4	69590	4.446825751245	1.0257706473794e-07
4	69597	4.44760180564	4.9499351021373e-08
4	69601	4.447810436263	5.6701633599266e-05
4	69614	4.448554563433	2.3396410952127e-07
4	69618	4.44877763095	5.361916447346e-06
4	69625	4.449550617096	6.1527341708297e-11
4	69632	4.449753550988	1.2027097981257e-09
4	69645	4.450501755364	4.1264465298159e-05
4	69652	4.450749890689	2.3272126634435e-07
4	69656	4.451478887273	0.00017853513865603
4	69660	4.451709577558	2.7071703302728e-06
4	69673	4.452504260327	0.001933945382554
4	69680	4.452711228185	4.2703548367016e-05
4	69687	4.453485568985	3.0970915558291e-05
4	69691	4.45367691479	2.4590218016831e-05
4	69704	4.454524839322	6.928971680427e-06
4	69711	4.454665640417	6.3620247720362e-06
4	69718	4.455499065358	7.5278280605376e-05
4	69722	4.455711207148	2.2628105844739e-09
4	69735	4.456481392384	5.7774326655899e-06
4	69745	4.45668686029	2.777391024963e-07
4	69749	4.457455129361	1.3202398487339e-05
4	69756	4.45769740759	1.2954633174147e-09
4	69766	4.458474640932	0.00011377381408017
4	69776	4.458723927946	9.2521900346429e-06
4	69780	4.459484903879	0.0015117330028614
4	69787	4.459766206084	2.4832751850815e-07
4	69794	4.460494770287	6.0738107446628e-05
4	69801	4.460733734658	1.7186552168742e-07
4	69811	4.461515570851	5.1356579984748e-06
4	69818	4.461737419617	1.6491931504674e-06
4	69825	4.462470398315	0.0012578322435836
4	69835	4.462717191698	6.0588277527366e-05
4	69845	4.463461661374	7.5193221933739e-06
4	69849	4.463672120886	1.905998926897e-07
4	69856	4.464413694991	1.0603562065158e-06
4	69860	4.464687820258	1.9018560289972e-05
4	69879	4.465391882865	1.4287207068526e-05
4	69883	4.465644497483	2.0567308370646e-05
4	69890	4.466346268836	5.3532383013103e-07
4	69897	4.46667751117	0.00018877441781054
4	69910	4.467310245723	9.1967137525476e-05
4	69914	4.467677507083	0.00011112624663845
4	69921	4.468336719247	0.00018559116083216
4	69925	4.468647760849	7.6176854379684e-06
4	69941	4.469314633911	2.3851841985258e-05
4	69948	4.469685345277	6.933122707476e-06
4	69952	4.47036218024	1.8170020077661e-06
4	69959	4.470653024501	9.1489721758909e-05
4	69972	4.471380643184	0.00025284302965406
4	69976	4.471613877406	5.5234248997241e-05
4	69983	4.472357209622	1.1782924247551e-05
4	69993	4.472626613029	1.2390478231526e-07
4	70003	4.47335389991	2.1343396710066e-06
4	70007	4.473577402518	2.5799256404488e-07
4	70014	4.474324324515	3.6884600636164e-07
4	70021	4.474618061457	0.00035841733213124
4	70031	4.475322987396	1.2888110285155e-05
4	70038	4.475632006296	5.7383764526786e-05
4	70045	4.476293503781	7.5970803113076e-05
4	70049	4.476630171438	6.4518148021743e-05
4	70065	4.477290812795	3.5732396733837e-05
4	70069	4.477630535849	8.1672042760978e-07
4	70076	4.478273906642	5.4618592868588e-06
4	70080	4.478638701005	1.3399170150958e-06
4	70096	4.479295731049	5.6844234928883e-08
4	70100	4.479672192342	3.5530524481779e-05
4	70107	4.480320380885	0.00010724908762787
4	70111	4.480692544805	5.3140105957914e-05
4	70127	4.481303204925	1.0309744021976e-07
4	70131	4.481658255742	0.00014142429808717
4	70138	4.482255871495	6.5300346920797e-05
4	70142	4.482613409354	0.00033503696332889
4	70158	4.483215857633	9.2535489525608e-06
4	70162	4.483607904163	2.8915537756649e-08
4	70169	4.484182878529	5.6556779136924e-07
4	70173	4.484613901677	2.7636515498904e-06
4	70192	4.485132936862	2.0303305005869e-05
4	70196	4.485636482451	0.00016965921578401
4	70203	4.486124683257	0.00027057175831782
4	70207	4.486608420153	0.00012402864178638
4	70220	4.487075921382	0.00025455702604703
4	70227	4.487587044363	1.0369670383499e-05
4	70231	4.488033855984	1.0879528463235e-06
4	70238	4.488605250329	4.464018751951e-05
4	70251	4.489009874258	0.00094543933830934
4	70258	4.489619415967	1.1166382322671e-05
4	70262	4.48997377629	2.2210654758418e-05
4	70269	4.490668561904	6.6284015907528e-07
4	70279	4.490976302099	2.3139961645824e-05
4	70289	4.491664379616	8.3922786433977e-07
4	70293	4.491961768393	4.3247601152944e-06
4	70300	4.492698221586	2.7424663787569e-06
4	70310	4.49296309005	9.6077279175339e-07
4	70320	4.493659012343	4.7268622323231e-06
4	70324	4.493991443255	1.4527495512906e-05
4	70331	4.494661288805	0.00076420134885059
4	70341	4.494968789802	7.5713910562954e-05
4	70351	4.495613397896	6.1611613087825e-06
4	70355	4.495971525348	3.1677420965016e-05
4	70362	4.496646974089	2.2967600872784e-06
4	70375	4.497008172422	1.1804065993019e-08
4	70382	4.49765168885	8.2488768080745e-06
4	70386	4.497994504884	6.145471520982e-08
4	70393	4.498653823774	0.0001006837545746
4	70403	4.498944602009	2.6342363266208e-05
4	70413	4.499685168839	5.137892064596e-05
4	70417	4.499975461457	2.7917227804047e-06
4	70429	4.500734038668	1.0585653177482e-09
4	70439	4.500928728473	2.1757033968249e-10
4	70446	4.501777212526	1.2386217523694e-06
4	70453	4.501961367201	1.4296365534047e-06
4	70463	4.502790236127	0.0020473376677669
4	70467	4.502976822042	1.7066461050101e-05
4	70474	4.50381314692	4.5663489158323e-06
4	70484	4.503973493754	5.486624557875e-05
4	70497	4.504812080416	5.3829792851681e-06
4	70501	4.505015272776	1.6433574372851e-06
4	70511	4.505827887078	7.4226429449026e-07
4	70515	4.50597636015	3.6102680363328e-06
4	70525	4.506791565612	3.0158435694613e-06
4	70532	4.507018438511	1.3343062870556e-06
4	70539	4.507805894669	2.8171759067894e-05
4	70549	4.508053922129	9.1535885167042e-05
4	70556	4.508758754428	0.0011502698714375
4	70563	4.509085295774	0.0011543707695756
4	70570	4.509806227259	0.00010386272875545
4	70577	4.510106566829	7.6174557227781e-09
4	70587	4.510803281932	0.00010926929555699
4	70597	4.511126081572	0.00058733386753943
4	70601	4.511822653636	1.301625821154e-06
4	70608	4.512174742095	2.3130805455027e-05
4	70618	4.512846611555	0.00030788217774791
4	70628	4.513140516725	1.0992682042939e-07
4	70632	4.513895666934	0.009423889206827
4	70639	4.514091130593	2.3252678132819e-06
4	70649	4.514888009531	0.00035390843875281
4	70659	4.515099581868	3.2510970778992e-05
4	70663	4.51590862134	0.00026458775958898
4	70670	4.516141047321	2.6853807308964e-07
4	70680	4.51691022201	7.5130332562727e-05
4	70690	4.517185172928	8.561639575952e-05
4	70694	4.517868822972	0.00052146925125327
4	70701	4.518223726156	7.6599905514023e-05
4	70711	4.518858922841	5.9363937715976e-07
4	70721	4.519264152405	6.069230806296e-08
4	70725	4.519854701604	1.3534117834634e-05
4	70732	4.520278655697	4.0029149163948e-07
4	70742	4.520819958829	2.0406146299273e-05
4	70752	4.521271795209	8.1358180998189e-05
4	70756	4.52186129469	1.638909434329e-07
4	70760	4.522253050927	3.1917188242703e-07
4	70776	4.522896266828	0.0035515250966842
4	70783	4.523231285699	1.7423470109164e-05
4	70787	4.523852278785	4.945042548358e-07
4	70791	4.524227325463	2.0284660074124e-06
4	70801	4.52481629047	4.6689551147007e-07
4	70817	4.525261914501	6.490011599069e-05
4	70821	4.525856286604	1.0419306916341e-06
4	70828	4.526274955068	3.0446872192246e-06
4	70835	4.526857670223	1.7432771931182e-08
4	70848	4.527246149548	1.3442632641669e-07
4	70852	4.527861284978	4.4822717978799e-05
4	70859	4.528271218791	0.00090234906943975
4	70869	4.528835222605	1.7009747099033e-07
4	70876	4.529271944571	0.0010770320505617
4	70883	4.529793082763	3.2730389183559e-06
4	70890	4.530292390463	2.295546950511e-06
4	70900	4.530838484947	7.537842954673e-07
4	70907	4.531243165485	3.5282150753985e-05
4	70914	4.531887145081	0.0004759679520658
4	70921	4.532225730399	6.0019889010944e-06
4	70931	4.532842658394	0.00020441743162262
4	70938	4.533217963322	2.3060479007071e-05
4	70945	4.533880995185	1.3157057003527e-07
4	70952	4.534244611151	6.3600471523729e-06
4	70962	4.5348781811	4.5424039608501e-06
4	70969	4.535293314298	4.1121867256041e-05
4	70976	4.535853086329	0.00036677901711783
4	70983	4.536284332506	8.5059368058185e-05
4	70993	4.536810130899	1.7766365650424e-05
4	71000	4.537310621329	8.2259380644505e-06
4	71007	4.537760887399	7.5616113505211e-08
4	71014	4.538341155805	6.133607292453e-06
4	71024	4.538803664434	1.9788543388381e-07
4	71031	4.539370443302	5.6806846716449e-05
4	71038	4.53982581175	2.3715029891535e-05
4	71045	4.540416603266	8.5988237925287e-06
4	71052	4.540809407149	5.9379136189068e-05
4	71062	4.541442876358	1.3585274228168e-05
4	71066	4.541762082801	9.6997128415819e-08
4	71079	4.542443261692	3.099922325814e-05
4	71086	4.542748995828	8.4549571504826e-05
4	71093	4.543402261376	2.4856333223321e-05
4	71097	4.543795085307	9.061659351149e-06
4	71104	4.544380370107	5.7013733512985e-08
4	71117	4.544758618813	1.2548702344444e-06
4	71127	4.545407200623	2.4067192632184e-05
4	71131	4.54572053757	1.2192443305112e-05
4	71141	4.546449801601	4.229287205851e-08
4	71151	4.546724881529	1.169093441206e-06
4	71158	4.547489479244	7.2875084407541e-07
4	71162	4.547768496087	0.00071607539916716
4	71172	4.548528164092	0.0022459914101158
4	71185	4.548778419859	3.3043662886493e-07
4	71189	4.549523784595	0.00017804417909932
4	71193	4.54973965139	4.0994458589959e-05
4	71206	4.550542007806	3.5781499665996e-05
4	71213	4.550695253441	1.7209861981249e-05
4	71220	4.551543482738	0.0010247470914023
4	71224	4.551682689192	0.0001821559768397
4	71240	4.552502950352	9.8164919298732e-06
4	71244	4.552685251042	8.4798911303208e-05
4	71251	4.553535903157	6.9525692487791e-07
4	71255	4.553674710193	5.9788010868138e-07
4	71274	4.554561547456	0.00038460324566621
4	71278	4.55470625509	1.7891357397478e-06
4	71282	4.555518347125	4.332932652063e-05
4	71286	4.555683897241	2.2857601771892e-05
4	71296	4.556516718209	2.2765885018219e-05
4	71306	4.556670385924	3.6244016311799e-06
4	71313	4.557565145948	3.4179436674525e-07
4	71317	4.557661091316	4.8914505328108e-07
4	71330	4.558549624972	0.00015227764162913
4	71337	4.558649643133	3.6671982165915e-06
4	71344	4.559534104005	1.3705723479205e-05
4	71348	4.559616943634	2.9033722662918e-06
4	71361	4.560565440153	7.3892227867431e-08
4	71368	4.56064006855	9.4430282082667e-07
4	71375	4.561593435881	1.1262109269444e-05
4	71379	4.561682568805	4.3450873864015e-06
4	71395	4.562598456538	3.3449479890331e-06
4	71399	4.562730826198	1.3420039101109e-05
4	71406	4.563608436819	4.420432343679e-05
4	71410	4.563703011424	6.8175548138901e-07
4	71423	4.564566426065	2.7147273187992e-06
4	71430	4.564683627566	2.4060994419538e-07
4	71440	4.565601926227	3.8175958943012e-05
4	71444	4.565634331391	3.8617657403242e-06
4	71457	4.566630045507	2.1610151147026e-05
4	71461	4.566636199573	0.001155369108322
4	71471	4.567611390064	1.1796078804525e-05
4	71475	4.567616195317	0.00023117801926245
4	71491	4.568567100149	3.8748218301084e-07
4	71495	4.568628674207	7.0193847642171e-06
4	71502	4.56960041604	4.7579312670317e-05
4	71506	4.569610553566	0.00039945750803744
4	71522	4.57061499017	6.5158936482744e-08
4	71526	4.570648429102	1.3198142559738e-06
4	71533	4.571646002044	2.790187542228e-05
4	71537	4.571681563764	4.8985364836398e-06
4	71553	4.572657485913	5.9446647135422e-06
4	71557	4.572702345946	5.8226764119225e-05
4	71564	4.573653773483	0.00084210411654331
4	71568	4.573674653154	5.0260158290137e-07
4	71584	4.574662114988	8.338949432135e-05
4	71588	4.574686068128	1.2044721116265e-06
4	71595	4.575653659342	6.9555676878408e-08
4	71599	4.575654485668	1.5482501740268e-06
4	71615	4.576659293841	3.9893811078845e-06
4	71619	4.576696718519	2.6108724310292e-06
4	71626	4.577642599326	0.00059325479119046
4	71630	4.577727656305	2.5317650954597e-05
4	71646	4.578690549991	1.2365105705498e-08
4	71650	4.578699623622	2.9442846760246e-05
4	71657	4.579655056431	1.9504575832251e-05
4	71661	4.579699408202	2.4002924720344e-06
4	71674	4.580631368914	1.0055713671668e-05
4	71681	4.580698108374	3.9316652684109e-06
4	71688	4.581587378943	2.9329741509492e-05
4	71692	4.581699718066	1.1174307970032e-05
4	71705	4.58256638846	2.4149275791722e-06
4	71712	4.582667011775	5.9953125458839e-05
4	71719	4.583595989606	1.0232654758591e-07
4	71726	4.583712786807	2.4497692764056e-05
4	71736	4.584561430404	6.6728676349579e-05
4	71743	4.584684829165	5.5550760759933e-06
4	71753	4.585559546494	2.0080686346019e-05
4	71763	4.585668046637	0.00016036420979776
4	71770	4.586529237884	0.00017775784466087
4	71777	4.586673769575	2.4320507398438e-07
4	71787	4.587575202047	1.6986086843027e-05
4	71791	4.587632718244	0.00048192917464314
4	71804	4.588622628477	4.485166525267e-05
4	71808	4.588659805933	1.9921337697928e-09
4	71818	4.589640444554	5.3045376326224e-05
4	71822	4.589698005032	7.1237607088329e-05
4	71835	4.590685625062	5.7146128316708e-06
4	71839	4.59069408691	2.1972146072938e-07
4	71846	4.591694809683	3.3560983955289e-07
4	71850	4.59173680157	2.1095382899957e-06
4	71863	4.592706899268	0.00018879475837828
4	71867	4.592724225288	9.1599190433819e-05
4	71880	4.593701500732	4.6798835127333e-05
4	71884	4.593724319097	8.1887907662808e-06
4	71894	4.594668536846	4.3831755849042e-07
4	71898	4.594676545144	4.4942115864308e-07
4	71908	4.595652261607	2.4001411281372e-05
4	71915	4.59571331426	3.6893985596807e-05
4	71925	4.596684136306	0.00031123092560073
4	71932	4.596705898542	5.3538993738085e-06
4	71942	4.597676336633	5.664400807044e-07
4	71946	4.597750730591	6.5805755255652e-05
4	71956	4.598689375183	0.00090486093673152
4	71960	4.598744862924	8.8258806739995e-05
4	71973	4.59971526709	4.6058603350697e-05
4	71977	4.599747054825	1.0813528357082e-07
4	71987	4.600705878763	7.3847986512964e-08
4	71991	4.600709952947	0.00051150674453124
4	72004	4.601695911408	1.888811709976e-08
4	72008	4.601714762495	0.0057271529818796
4	72018	4.602673752105	0.0001198359116091
4	72022	4.602743111159	6.5564723689492e-05
4	72035	4.603644566581	1.5771381560792e-08
4	72039	4.603769567739	0.00015371402338213
4	72049	4.604655916805	0.00019816965718342
4	72053	4.604725637917	0.00011963462152622
4	72069	4.605630480945	0.00016428066730562
4	72073	4.605692244214	7.5781013902034e-06
4	72083	4.606651405234	4.3355795408022e-06
4	72087	4.606714470976	0.0001995505818125
4	72100	4.607670862257	0.0016903291740347
4	72104	4.607679879153	6.8550858469403e-09
4	72117	4.60867838557	0.00028343335056379
4	72121	4.608708998832	0.00025983219033418
4	72131	4.609651218857	6.1793158238852e-05
4	72135	4.609745350255	7.2419626906302e-07
4	72148	4.610615384126	0.0001237553887152
4	72152	4.610708397309	1.3814106572798e-06
4	72162	4.611648742813	0.007751424412743
4	72166	4.6116836221	0.00038732859345068
4	72179	4.612627843223	0.0047485631324261
4	72183	4.612646498119	9.3693615538134e-05
4	72193	4.613653781915	0.00015414040109425
4	72197	4.613691143843	0.00020666548800833
4	72207	4.614618830085	0.0004691663159823
4	72214	4.61469702327	7.3950838435691e-06
4	72224	4.615627307741	1.4153573738018e-05
4	72228	4.615715992115	1.4891606799491e-06
4	72238	4.616593352329	1.301364240857e-05
4	72242	4.616678685277	0.0014101892729172
4	72255	4.617576917092	2.9702074780137e-05
4	72259	4.617667950165	0.0018706982790002
4	72269	4.618595909242	3.6035656526319e-05
4	72273	4.618678631295	0.00077577312830667
4	72286	4.619590109781	1.8993330102555e-05
4	72290	4.6196777224	8.8369286065953e-06
4	72300	4.620575788538	6.2538982413705e-05
4	72304	4.620716605591	4.9564062166772e-06
4	72317	4.621540115408	0.00011296185041187
4	72321	4.621743943448	9.3659836735268e-06
4	72331	4.6225243096	0.00076810336001228
4	72335	4.622719005935	3.8450899693501e-05
4	72348	4.623514881052	2.0285557494395e-05
4	72352	4.623747127351	4.5394362119773e-05
4	72362	4.624479639974	0.00024706980812942
4	72369	4.62473424653	1.2475104340355e-06
4	72379	4.625479934446	9.7267986595406e-08
4	72386	4.625687424686	3.856580591542e-05
4	72396	4.626479858265	0.00068312336132802
4	72403	4.626710673137	9.5369568368972e-06
4	72407	4.627463477901	2.6546588941922e-08
4	72417	4.627697626685	1.7485226153473e-07
4	72430	4.628502037853	9.8597204258145e-05
4	72434	4.628738876413	3.8416520276086e-05
4	72441	4.629535431476	4.8500628224904e-07
4	72445	4.629720709538	0.00010029623835744
4	72461	4.630533223232	8.8611401459875e-06
4	72465	4.630671389376	3.5638912866698e-05
4	72472	4.63157767241	1.3160131511387e-07
4	72476	4.631712887077	2.6791628551486e-05
4	72492	4.632608771418	1.8182778146586e-06
4	72496	4.632740972204	1.5626045448625e-07
4	72503	4.633625228407	0.0016458584310191
4	72507	4.633781782624	7.7264374376563e-06
4	72523	4.634635168794	0.00010973165048503
4	72527	4.634811826148	1.0530396026579e-05
4	72534	4.635640671382	0.00011906490367073
4	72538	4.63577257534	1.4643532990598e-06
4	72554	4.636632385588	4.9704788556971e-06
4	72558	4.636786545263	1.0600796998693e-05
4	72565	4.637656601323	0.00011680233819822
4	72572	4.637808550959	3.7966881970714e-06
4	72585	4.638663849368	2.1819055150755e-06
4	72589	4.638854866408	0.00013835141065902
4	72599	4.639708364326	1.8125195291752e-06
4	72603	4.639889678989	2.4347863470051e-05
4	72616	4.640725759269	1.7002115131876e-05
4	72620	4.64093703482	5.8961754832943e-05
4	72630	4.641713186917	6.2181374129607e-07
4	72634	4.64189227347	5.1800803276392e-06
4	72647	4.642718251773	1.3014818353605e-06
4	72651	4.642920719786	1.1650693849335e-05
4	72661	4.643755270086	4.8876594808721e-07
4	72668	4.64391452268	2.6038205712785e-06
4	72678	4.644775502356	6.166765084102e-07
4	72682	4.644944787489	3.0342373079296e-05
4	72695	4.645815485296	2.7446851456718e-06
4	72702	4.645973861006	3.4928599882818e-07
4	72712	4.646802538808	1.9071839526678e-06
4	72716	4.64695391788	0.00040939396616485
4	72726	4.647847146527	0.00033025975887408
4	72730	4.647956546032	2.3956220719298e-07
4	72743	4.648859152706	1.0576929342658e-06
4	72747	4.648976071424	1.6366479133817e-05
4	72757	4.649877385053	1.0567366823743e-05
4	72764	4.649936232414	1.9764789525881e-05
4	72774	4.650882817389	2.5845112233427e-06
4	72778	4.650933696695	1.4485135529255e-05
4	72788	4.651875720816	1.1365439920017e-05
4	72792	4.651889133929	7.9678024438086e-05
4	72805	4.652919625117	2.0595179273916e-05
4	72809	4.652922084582	1.9704892063495e-07
4	72819	4.653932292774	4.5436935621411e-05
4	72823	4.653935567647	2.6990139792119e-06
4	72836	4.654894005645	0.00055179898303251
4	72840	4.654896693229	6.6813043596574e-05
4	72850	4.655851807742	5.2454585617678e-07
4	72854	4.655857356428	4.6013253351367e-05
4	72867	4.656809800198	3.7476853696718e-05
4	72871	4.656885219777	0.00010466407387452
4	72881	4.657772128985	1.9859334323376e-05
4	72885	4.65787653308	2.3715049049259e-06
4	72898	4.658800444138	0.00022525198606056
4	72902	4.658880914779	4.3494425509306e-05
4	72912	4.659818240313	2.8395631065494e-05
4	72916	4.659891933013	0.0040859697075897
4	72929	4.660863376049	9.9325529910455e-05
4	72933	4.660891964665	0.00010318729626902
4	72943	4.66185193774	0.00019591029790911
4	72950	4.661938594171	1.8281469221596e-06
4	72960	4.662900259573	3.2253516288243e-05
4	72964	4.66294345409	0.00037386297474471
4	72974	4.663896938449	6.2203595907762e-06
4	72981	4.663926724738	5.6458239454153e-05
4	72991	4.664898296312	3.1994916796891e-06
4	72995	4.664936632926	2.1427081643067e-05
4	73008	4.665873923708	0.00046810737265645
4	73012	4.66593006572	2.5838753894625e-06
4	73025	4.666921470836	0.00031777103838836
4	73029	4.666933700155	5.4059934940994e-05
4	73042	4.667937114074	1.4511156635988e-05
4	73046	4.667969050132	2.550712866041e-06
4	73056	4.66893152618	5.6282799149147e-07
4	73060	4.668960225409	6.7966651166013e-06
4	73073	4.669953409922	0.00041338111037547
4	73077	4.669961218361	6.4568556948871e-05
4	73087	4.670942307461	0.0018607590425994
4	73091	4.670988669373	8.0872081678592e-09
4	73104	4.671986345747	4.6913537137556e-11
4	73108	4.672036360698	4.0224342942573e-06
4	73118	4.672941000429	1.2488432063803e-07
4	73122	4.673083763371	1.7973420640037e-05
4	73135	4.673962446368	0.0001266726381596
4	73139	4.674037231475	4.4260941228064e-06
4	73149	4.674927832372	4.0929813097757e-06
4	73153	4.675081795591	2.5224168679397e-05
4	73166	4.675913533487	0.00038001621240351
4	73170	4.676092563147	6.2736337392237e-05
4	73180	4.67693579441	2.3219651800813e-05
4	73184	4.677140383978	4.5062210700748e-06
4	73194	4.677907601878	3.7870510427026e-06
4	73201	4.678132554182	2.0944975680271e-06
4	73211	4.678886878645	3.2208456039786e-05
4	73215	4.679129804859	1.3936923521195e-08
4	73225	4.679842306445	0.00057670738029897
4	73232	4.680158494885	0.00049180928240595
4	73242	4.680803019074	1.8248587860534e-05
4	73246	4.681113995304	4.8041159448597e-06
4	73256	4.681753502472	2.39187425449e-06
4	73260	4.682157622178	8.1514038954826e-05
4	73273	4.68274382843	5.2450512958959e-06
4	73277	4.683164951439	3.4372239315049e-06
4	73287	4.68370814653	1.3624340055394e-05
4	73297	4.684193506766	4.9659303514489e-06
4	73304	4.684752031103	0.001215485748936
4	73308	4.685204115251	4.1014773254195e-07
4	73321	4.685758045202	2.7029576747485e-05
4	73325	4.686209995142	2.0838420609428e-05
4	73338	4.686725317509	0.00030827546387802
4	73342	4.687193103941	5.4891726992038e-08
4	73352	4.687726954254	0.00014983597553337
4	73356	4.688196798233	1.712241030698e-05
4	73369	4.688704865981	0.00048157971166028
4	73373	4.689226110306	2.3626510455759e-09
4	73383	4.689749981883	1.8238723088036e-05
4	73387	4.690178119679	0.00014898445022777
4	73400	4.690787052472	5.8505671408905e-05
4	73404	4.691156478903	9.3409297305127e-07
4	73414	4.691822878925	3.5504064332136e-07
4	73418	4.692153483334	1.149043095551e-07
4	73431	4.692787485434	0.00014484428694948
4	73435	4.69314675256	2.3140041961057e-08
4	73445	4.693810325306	0.0030956181034205
4	73449	4.694169114567	1.1408660334209e-05
4	73462	4.694849510198	3.3511467909268e-08
4	73466	4.695176654708	1.721696679609e-07
4	73476	4.69582178264	3.9549215562903e-05
4	73480	4.696177770743	0.00022458547293124
4	73493	4.69679087724	1.6513539263811e-05
4	73497	4.697136079669	4.7937636713545e-06
4	73507	4.697784056331	8.8525921788556e-05
4	73511	4.698179772677	4.347418909456e-05
4	73524	4.698791067902	1.0367764425806e-06
4	73528	4.699205392377	1.7682307462733e-05
4	73538	4.699831011109	0.0010115201543646
4	73542	4.700182693286	0.00062838322993684
4	73555	4.700784882474	5.2424127563358e-08
4	73559	4.701166642316	1.733551162242e-05
4	73569	4.701811553568	3.8965407229881e-07
4	73573	4.702203743022	4.9063864814409e-08
4	73586	4.702832770582	1.2179938555336e-05
4	73590	4.703211472702	1.270455026059e-05
4	73600	4.703867719478	6.7437022341472e-08
4	73604	4.704166723418	1.5837811484043e-07
4	73617	4.704881101829	1.6015779167035e-06
4	73621	4.705185640857	0.00028084244022723
4	73634	4.705837476508	0.001217390029925
4	73638	4.706146270816	2.2433632592833e-06
4	73651	4.70683579086	0.00010483887840771
4	73658	4.707154762839	1.7557861676419e-06
4	73665	4.707800801359	0.00012045123390478
4	73669	4.708108942331	0.00044576707241559
4	73682	4.708770649934	1.4664966912045e-05
4	73692	4.709105611302	0.0058979198253395
4	73696	4.70976244593	3.4796373106719e-05
4	73700	4.7100966929	1.8159331692327e-06
4	73713	4.7107369979	0.000740090792387
4	73720	4.711101781616	0.016401824715267
4	73727	4.711765863291	3.8940400210015e-08
4	73731	4.712077257943	0.00012415762119858
4	73744	4.712760585234	6.6146624709536e-06
4	73748	4.713033543256	3.7985630888107e-05
4	73758	4.713734143801	6.6621737142303e-07
4	73762	4.714024555722	6.9905425477104e-05
4	73772	4.714718640656	4.8575895215026e-07
4	73782	4.715026832253	7.5116871007286e-08
4	73789	4.71569123092	0.0032104847388393
4	73793	4.71602469175	0.00018005168797788
4	73800	4.716729232355	0.00059944672442169
4	73810	4.717019133339	2.4598778932843e-05
4	73820	4.717760374353	0.0019962300788908
4	73824	4.718022088947	7.8406149459344e-10
4	73834	4.718785925578	1.8829433691253e-06
4	73841	4.719029960462	5.752274373795e-07
4	73851	4.719746629866	3.3047331655568e-06
4	73855	4.719986060374	2.4274739611489e-05
4	73862	4.720742175546	6.8264816094924e-06
4	73872	4.72094998464	9.716791237328e-07
4	73882	4.721727622535	8.3701752157538e-06
4	73886	4.721965612777	5.3158762241239e-08
4	73896	4.722740220052	0.0011419033536827
4	73906	4.722962257536	6.6188082517325e-06
4	73913	4.723769308916	1.8825447634026e-06
4	73917	4.723972091075	3.7493613870317e-06
4	73924	4.72472072016	0.00017629590995057
4	73934	4.72496547922	5.4801666364228e-05
4	73947	4.725685356373	1.7061588319326e-06
4	73951	4.72598536436	2.1117607479467e-08
4	73958	4.726662634203	4.0890922075273e-08
4	73965	4.726961482804	3.7722939806303e-06
4	73978	4.727659555739	0.00017892744759171
4	73982	4.727937756642	0.00038978237564987
4	73989	4.728702083757	1.1067013321732e-06
4	74002	4.728959935067	0.00048419833191098
4	74009	4.729751491348	0.00063889055315128
4	74013	4.729935296028	1.0695362555761e-06
4	74023	4.730771174818	2.5297088465914e-05
4	74030	4.73090310954	5.3729319873393e-06
4	74040	4.731798753473	0.00022544643554746
4	74044	4.731917354366	8.8425836633124e-07
4	74057	4.732825288736	5.467143571201e-06
4	74061	4.732917923327	6.6919976823771e-05
4	74071	4.733858096912	2.6108151636012e-06
4	74075	4.733895168623	3.4536487776461e-07
4	74082	4.734814320501	6.0853769532063e-05
4	74092	4.734894327294	0.00037383606674123
4	74102	4.735836338055	8.9655994559414e-07
4	74106	4.735919191356	7.8020136888806e-05
4	74113	4.7368729426	0.00028804017839909
4	74117	4.736893413986	3.5001950935324e-05
4	74133	4.737873830116	3.4187181623342e-05
4	74137	4.737879885323	0.0037619452439601
4	74147	4.738840797724	7.610349484635e-05
4	74154	4.738895200507	4.0577272456195e-08
4	74164	4.739861135504	1.6547038286265e-05
4	74168	4.739861197793	4.4111638320551e-05
4	74175	4.740867236827	3.1180699721488e-06
4	74179	4.740877498299	1.8632546074785e-05
4	74195	4.741868687959	6.8744144132996e-06
4	74199	4.741914845061	7.6704129139296e-06
4	74209	4.742852036974	1.8130942298545e-05
4	74213	4.742906635962	0.00033254973692076
4	74226	4.743834151057	9.6626585794359e-07
4	74230	4.743941189069	3.2013208901997e-05
4	74237	4.744850365959	8.5085592640545e-07
4	74244	4.744892261286	2.6885765721849e-05
4	74260	4.745811777837	2.3979564467936e-06
4	74264	4.745936340238	4.7824530156995e-06
4	74271	4.746774750597	6.7551783184376e-07
4	74278	4.746976911949	1.4045868977933e-05
4	74291	4.747747373465	8.7566520057549e-05
4	74295	4.747970353564	0.00029561081984036
4	74302	4.748755176221	0.00032517656009996
4	74312	4.748997309652	1.4230231605937e-05
4	74322	4.749791391299	2.1357596280298e-05
4	74328	4.750020570599	2.3985508710662e-05
4	74338	4.750771872216	4.932805083401e-06
4	74345	4.750991907375	4.361997824501e-06
4	74355	4.751819782945	3.5190800037347e-07
4	74359	4.752020296539	1.3097719576996e-06
4	74369	4.752855786103	0.00022262957877976
4	74373	4.752972597138	1.271205780022e-06
4	74386	4.753894247138	0.0048626109787695
4	74390	4.753936652619	4.1853761919573e-07
4	74400	4.754887132867	0.00013311020324032
4	74404	4.754943655211	9.4289826078959e-05
4	74417	4.75591049827	3.5711826602712e-06
4	74421	4.755964619253	0.00054442597907426
4	74428	4.756916483738	2.7769511405292e-06
4	74435	4.756971101376	3.5723640925428e-07
4	74448	4.757869830424	5.0639549110798e-05
4	74452	4.757934589027	1.4642942480981e-05
4	74462	4.758866101845	9.7291362386094e-06
4	74466	4.758913842179	3.1326567618679e-05
4	74479	4.759880010483	7.2229101761511e-06
4	74483	4.759896439174	0.00011957223668295
4	74493	4.760896527142	4.5108161946253e-07
4	74497	4.760935507651	1.1841870081106e-06
4	74510	4.761907141105	3.0917384924782e-05
4	74514	4.761963651873	9.040109201447e-08
4	74521	4.762930367551	0.0014947334038627
4	74525	4.762952932403	1.3853202830076e-05
4	74541	4.763950928854	6.429637107498e-06
4	74545	4.763962408168	1.1610508744494e-05
4	74552	4.764927597763	5.6639323044748e-05
4	74556	4.764972242893	4.7650894136117e-06
4	74572	4.765922636003	0.00023770620917512
4	74579	4.766014978311	0.00012187078568614
4	74586	4.766904887991	1.3332021597507e-05
4	74590	4.767007867918	5.3609425465335e-07
4	74606	4.767896133749	0.00014873945375331
4	74610	4.768036903731	2.8496419270225e-06
4	74617	4.768912527759	1.345074064394e-06
4	74624	4.769031498568	0.00021232764615504
4	74637	4.769956130524	1.9877903180658e-05
4	74641	4.770027241284	2.7139326248204e-06
4	74654	4.770996106739	8.6146095495877e-05
4	74658	4.771013403057	0.0001176989045029
4	74668	4.772030610185	3.5956463518125e-05
4	74672	4.772040512027	1.4587998181154e-05
4	74685	4.773044613381	0.00098324933197632
4	74689	4.773074634971	2.3966098621342e-06
4	74699	4.774031844103	0.00010721421931839
4	74703	4.774080055726	0.00052553098719735
4	74713	4.775024369193	0.0018360347709805
4	74717	4.775058659343	0.00027587264095448
4	74730	4.776011102449	1.9343414488289e-06
4	74734	4.776062428536	5.6995358559434e-08
4	74741	4.776985811924	5.6576757243253e-05
4	74751	4.777037637474	9.3313114049279e-06
4	74761	4.77796766058	4.583116304705e-05
4	74765	4.778052828395	1.0049098421671e-06
4	74778	4.778999950151	1.828700161091e-05
4	74782	4.779082783241	1.4157351267092e-06
4	74792	4.779954690246	1.9011560631685e-05
4	74796	4.780052592877	0.0012650290684716
4	74806	4.780979531436	0.001040780454537
4	74810	4.781042651649	2.9883986858199e-06
4	74823	4.781968587373	0.00016403507578786
4	74827	4.782037869312	4.890906146294e-05
4	74837	4.78299249311	0.00025498697241538
4	74841	4.783023160988	1.1556302840391e-05
4	74854	4.783962169719	0.00019745764583481
4	74858	4.783978069104	3.5018878328691e-05
4	74868	4.784957423239	0.00011210446439875
4	74872	4.785009715379	4.3076366219431e-06
4	74888	4.785956174099	4.1432403013139e-05
4	74892	4.785980924733	5.495811201104e-06
4	74902	4.78692039617	0.00039328754900527
4	74906	4.786949811166	1.1059923094456e-06
4	74919	4.787959470468	0.00015610287898124
4	74923	4.787973459149	0.00046931727765953
4	74933	4.788992023307	8.0670051641374e-07
4	74937	4.789004630419	0.00021097797802341
4	74950	4.789953597771	1.7966445817702e-05
4	74954	4.789980393273	0.0019485042861712
4	74964	4.790979980983	0.00020707003462417
4	74968	4.791001025691	1.1056791766184e-08
4	74981	4.791997107673	5.2910182548887e-05
4	74985	4.791998005734	4.2560608868372e-07
4	74995	4.793010402693	3.4487226113111e-06
4	74999	4.793043459135	2.2449876768585e-06
4	75012	4.794023868191	0.00061659212302345
4	75016	4.794046810922	7.0611656606722e-05
4	75026	4.794988979822	0.00018758373901392
4	75030	4.795026325536	9.3817172190808e-06
4	75043	4.79595630716	7.2518850283917e-06
4	75047	4.795981029223	1.4577596634941e-07
4	75057	4.796946358548	9.9976241935094e-06
4	75061	4.797002479063	1.2166089080299e-05
4	75074	4.797948776374	7.4213372363765e-06
4	75081	4.798000021643	0.00014922728889251
4	75088	4.798972873975	1.6199793260195e-06
4	75092	4.798980029444	2.3365535788356e-06
4	75105	4.799946513909	0.0014732728921697
4	75115	4.800014788527	0.00087453932205121
4	75119	4.800944433763	2.0529820782354e-05
4	75123	4.801008071186	5.0737740490822e-06
4	75136	4.801955495094	0.00011756990704391
4	75143	4.801972618338	0.00024494290178181
4	75150	4.802947949673	2.5779883166412e-05
4	75154	4.802967115068	0.00011832581922853
4	75170	4.803920388241	2.2075549633648e-05
4	75177	4.803978897291	0.00012653320349193
4	75181	4.804953093423	7.1716240839761e-06
4	75185	4.805000201937	9.9388356308567e-07
4	75207	4.805981760786	2.9209186645987e-05
4	75211	4.805989932714	4.6381862838029e-05
4	75215	4.806951686731	4.0666380200901e-07
4	75219	4.80703019257	1.0912419027245e-05
4	75238	4.807998629554	1.5201113099186e-05
4	75242	4.808004594481	2.8714336754465e-07
4	75246	4.809020975127	1.3821393793863e-06
4	75250	4.80902758982	1.2861093788333e-06
4	75269	4.810044654716	4.3461566132369e-06
4	75273	4.810066107537	1.8728692846511e-05
4	75277	4.811018231347	0.00030931528114771
4	75281	4.811041693021	2.0098618795163e-05
4	75300	4.812029334188	0.005834694718413
4	75304	4.812067815894	1.0136446327211e-05
4	75311	4.813003347469	3.1684732383195e-05
4	75315	4.813084763237	8.990584264587e-06
4	75331	4.81404053652	3.2455149780952e-05
4	75335	4.814048187083	4.2049962740082e-07
4	75342	4.815024973742	1.4545573208497e-07
4	75346	4.815088050004	7.1053862211122e-07
4	75362	4.815983975145	0.0010022808342598
4	75366	4.816069297426	2.7694245102464e-07
4	75373	4.817001195199	6.1665536667859e-05
4	75377	4.817115830243	4.0626506359421e-09
4	75393	4.817974610231	5.6087750817507e-05
4	75397	4.818136381087	6.042083759897e-05
4	75401	4.818966308566	5.1714657088216e-05
4	75408	4.819127873899	1.0089680068179e-08
4	75424	4.819971300719	7.4926708774036e-05
4	75428	4.82010257799	1.8007773182442e-08
4	75432	4.821014907256	1.5297457702872e-05
4	75442	4.821136685195	1.0853672942717e-08
4	75455	4.821985634562	1.0997470353764e-05
4	75459	4.822147982145	0.00044347624538077
4	75466	4.822982360956	0.00019330549555515
4	75470	4.823119129476	1.4947159755294e-05
4	75483	4.823937140921	2.6346885501554e-05
4	75490	4.824117914855	3.0228666002159e-06
4	75497	4.824962875994	3.4929492830475e-05
4	75507	4.825140711385	3.2473199019873e-05
4	75514	4.825934338704	0.00033464655357063
4	75524	4.826189452773	8.4611657814434e-07
4	75531	4.826907440039	8.2365667861617e-06
4	75538	4.827181169504	4.2357239810981e-06
4	75548	4.827954909478	0.0015281920606198
4	75555	4.828156347979	0.00021736527995048
4	75565	4.828981486613	2.6501407561214e-05
4	75569	4.829175012452	7.1298636721363e-05
4	75579	4.829934780685	6.0163559069315e-06
4	75586	4.830138481924	5.7947091376634e-07
4	75593	4.830914619798	5.6264337692793e-08
4	75600	4.831141940128	5.1289824825693e-05
4	75610	4.831875027174	1.9717949302155e-05
4	75617	4.832094433852	1.2541998791808e-05
4	75627	4.832906567737	0.00017636753477045
4	75631	4.833047312441	2.0812105973628e-05
4	75641	4.833912891611	4.756497695931e-05
4	75648	4.834071633236	3.2099639213941e-07
4	75658	4.834910981073	1.4037549320022e-06
4	75662	4.835099180272	3.837904901116e-06
4	75672	4.835941055602	7.5768225144425e-05
4	75676	4.83612730232	5.1295554333876e-08
4	75689	4.836903389158	4.1408347567455e-05
4	75693	4.837156081284	5.0492143589555e-06
4	75703	4.837903886307	5.7763749941533e-05
4	75710	4.838157972073	2.7685486568305e-05
4	75720	4.83889301322	1.1459684779509e-06
4	75724	4.839108587172	4.2602497491856e-06
4	75734	4.839933145136	3.3208012858095e-06
4	75738	4.840076015316	1.3290063764202e-07
4	75751	4.840951186981	3.1037060959129e-07
4	75755	4.841120853388	0.0016430542686853
4	75765	4.841949771428	5.6092158450786e-06
4	75769	4.842133871254	9.2603288740514e-06
4	75782	4.842968679115	7.5821179257678e-07
4	75786	4.843109520711	4.1032521924285e-06
4	75796	4.843926399635	7.2883522399792e-05
4	75800	4.844097206327	4.7323286196064e-07
4	75816	4.844968661857	7.2267915806378e-05
4	75820	4.845108574469	3.1677481383046e-05
4	75830	4.845984184773	9.438527236873e-05
4	75834	4.846085192488	1.48558403728e-05
4	75847	4.847017345709	3.2114535781447e-06
4	75851	4.847048344944	4.226866587396e-06
4	75861	4.848002583171	7.0319687943167e-05
4	75865	4.848046375842	1.1091400209455e-05
4	75878	4.848960216163	1.9584310358598e-08
4	75882	4.848997744015	2.4630656411572e-05
4	75892	4.84998865675	8.0118259301936e-06
4	75896	4.850004193987	1.2402730448018e-06
4	75909	4.850966864578	0.00065221422697318
4	75913	4.851035203015	5.5275434940837e-06
4	75923	4.851919815801	2.6638960700082e-06
4	75927	4.852045034751	2.2371802760224e-06
4	75937	4.852884595384	6.0472642006141e-07
4	75944	4.85308107386	8.9316876872934e-08
4	75954	4.853896365148	1.823875555459e-07
4	75958	4.85403911974	0.00044713083226328
4	75968	4.854890506568	9.8996818471637e-07
4	75975	4.855035213598	5.1664355208956e-08
4	75985	4.855877723933	0.0002799068521375
4	75989	4.856013520113	7.5949832928206e-09
4	75999	4.856836916278	0.00022536863562225
4	76006	4.856981593614	8.2835629093759e-06
4	76016	4.857830031522	0.00049773604151983
4	76023	4.858031232384	0.0015256534408882
4	76030	4.85883208606	3.0380712350878e-06
4	76037	4.858990453076	2.0527726004619e-05
4	76047	4.859783684393	2.0991742973435e-05
4	76054	4.85996650834	5.0848777727364e-07
4	76061	4.860784572893	2.6027554272755e-05
4	76068	4.860948482765	8.6071184018658e-06
4	76081	4.861783580542	0.00034818725216939
4	76085	4.861904834489	5.9004625889526e-07
4	76092	4.862793977932	1.6842028633134e-05
4	76096	4.86285605738	1.2145696836052e-06
4	76109	4.86382642323	9.4646717467831e-06
4	76113	4.863839073621	0.00070714582034972
4	76129	4.864803305259	8.4293786629385e-08
4	76133	4.864818682307	0.00046141647385465
4	76143	4.865761532381	0.0025823763484428
4	76147	4.865807748769	0.00049444461480704
4	76160	4.866761526524	0.0001895917405735
4	76164	4.866780973622	0.00013845989463569
4	76174	4.867750195193	2.8170528015007e-07
4	76178	4.867777876006	3.1721617304016e-05
4	76191	4.868713752289	4.0610095452951e-06
4	76195	4.868740599713	0.00069444046440828
4	76205	4.869705848952	4.5641754080162e-07
4	76209	4.869752702505	6.2121247215333e-05
4	76219	4.870698900508	0.00020865138673717
4	76223	4.870715420447	1.9532593816117e-07
4	76236	4.871689756045	1.5693324868058e-06
4	76240	4.871713697541	3.4833524985045e-05
4	76250	4.87268126314	8.6215231576297e-09
4	76257	4.87269945496	0.00019221430913864
4	76267	4.873639458101	1.5788568393008e-05
4	76271	4.873684698331	3.0684837424201e-05
4	76284	4.874643431694	1.191306475408e-05
4	76288	4.874658344238	0.0027110259925104
4	76298	4.875602633996	2.3521792251543e-06
4	76302	4.87562043302	7.0745335095524e-07
4	76315	4.876612970481	0.0002749562259697
4	76319	4.876661503514	0.00011249511153131
4	76329	4.877612286632	0.0022700960531106
4	76333	4.877651357149	8.7448419853859e-07
4	76346	4.878599283339	0.0011374673935463
4	76350	4.87868015403	0.00082502870759389
4	76360	4.879642817455	1.0866103354516e-05
4	76364	4.879695358956	0.0001003566055784
4	76377	4.880657138683	1.1646305894815e-05
4	76381	4.880736769852	0.00015183773783749
4	76391	4.881664546768	4.2672324833158e-05
4	76395	4.881704114511	5.8766463022608e-08
4	76408	4.882642987756	1.7798132760658e-06
4	76412	4.882710762063	5.6271701401651e-06
4	76422	4.883598687452	5.9156751027291e-06
4	76426	4.883757630201	1.0024116440794e-06
4	76442	4.884602855625	8.6633559248918e-06
4	76446	4.884759166145	2.1176735944669e-06
4	76456	4.885632643972	0.00047519071435748
4	76460	4.885766314293	3.8386513327409e-08
4	76470	4.886595999692	6.1625069921856e-06
4	76477	4.886777300888	5.3645403118516e-06
4	76487	4.887595417508	3.8404495119187e-06
4	76491	4.887728317477	3.9901002336095e-06
4	76501	4.888575019655	0.0002503831498639
4	76508	4.888764549466	3.6124752503771e-07
4	76518	4.889581280878	2.7179161984016e-06
4	76522	4.889716896676	1.0568294014641e-05
4	76532	4.890573471737	1.5313221474216e-05
4	76539	4.890766391995	1.4782281650159e-05
4	76549	4.8915282247	1.4745004530022e-06
4	76553	4.891784150349	6.2326911891649e-05
4	76560	4.892536426417	8.7214411415988e-08
4	76570	4.892813644729	2.2282341674904e-05
4	76580	4.893560318963	1.7470190437877e-05
4	76584	4.893862423228	0.00012169125602304
4	76594	4.894526644004	2.9568380255498e-06
4	76601	4.894826105938	1.5623960166158e-06
4	76611	4.895491422937	2.8518375782341e-05
4	76615	4.895845987642	3.7074459775865e-05
4	76625	4.896518710973	0.00024487261676564
4	76632	4.896804327736	1.0015717734775e-05
4	76642	4.897555657268	6.8884121806581e-07
4	76646	4.897844413754	1.2248383136091e-05
4	76656	4.898522117729	8.7813793759226e-07
4	76663	4.898874801542	0.0001553675205773
4	76673	4.899571554785	1.1978661607023e-05
4	76680	4.899901949163	2.5350435818199e-05
4	76690	4.900578163828	6.2898186032324e-06
4	76694	4.900937646358	9.0948786533918e-06
4	76704	4.901606608083	3.5450836851677e-08
4	76711	4.901972961783	0.00028232677641506
4	76721	4.902605981159	0.00013548254036839
4	76725	4.902972384248	0.00023475075580379
4	76735	4.903623657663	1.3064140688508e-08
4	76742	4.903936272743	0.00054440807654549
4	76755	4.904628057529	6.4353163801601e-05
4	76762	4.904972656261	1.0237047079579e-07
4	76769	4.905636315737	0.00017343876269588
4	76776	4.90593818707	3.1271765560836e-06
4	76786	4.906616863608	2.1392446521281e-06
4	76790	4.906927746382	0.0003167203173743
4	76800	4.907661931121	3.9652010724906e-05
4	76807	4.907973963326	0.00042432905481923
4	76814	4.90862378133	2.0837032173082e-06
4	76821	4.9090063232	2.7660214687077e-08
4	76831	4.909609788677	3.6249197518789e-07
4	76838	4.909959389504	6.9858870408867e-06
4	76842	4.910644940569	1.0636731731334e-06
4	76852	4.91098063841	6.0000253969969e-05
4	76862	4.911684281724	5.9744857657892e-06
4	76869	4.911937522455	0.00076186326716016
4	76876	4.912689869588	2.3958368379693e-07
4	76880	4.912980309336	1.5151610291744e-07
4	76893	4.913727951324	0.00034953471332811
4	76900	4.913983244648	1.0175178219438e-06
4	76907	4.914740735015	8.1767185697093e-06
4	76914	4.915007533998	9.5158564432818e-07
4	76924	4.915720017213	4.1044936071006e-08
4	76931	4.915974191962	8.7955457624507e-06
4	76938	4.916753963243	1.8679710833324e-08
4	76945	4.917003459103	3.9024717442676e-06
4	76955	4.917800309864	3.123670360388e-09
4	76962	4.9179744046	3.541020559955e-05
4	76969	4.918830748169	7.2545001802717e-05
4	76976	4.918926449448	0.00012522056250054
4	76989	4.919876338502	0.00014950202463516
4	76993	4.919900505195	0.00034935248633631
4	77003	4.920890652458	0.0012610333104244
4	77007	4.920913539323	5.7429347967287e-06
4	77020	4.921920992372	0.00019217344324341
4	77024	4.921945895056	6.8626042686543e-06
4	77034	4.922937777555	5.144787233244e-07
4	77038	4.92295175092	3.4567527947103e-07
4	77051	4.923970505266	2.4441816450496e-06
4	77055	4.923976060964	4.3831087034921e-07
4	77068	4.925003664266	1.840067548376e-05
4	77072	4.925016894333	0.0001468918018729
4	77085	4.926009938899	0.00026410033083317
4	77089	4.926044063889	0.00056748036720217
4	77096	4.926991495074	1.0778695849398e-05
4	77103	4.927033205592	8.8914436695491e-07
4	77116	4.927992309531	9.0933869383302e-06
4	77120	4.928037867946	0.00032432730858045
4	77127	4.929014793179	3.3162819558077e-06
4	77131	4.929054374674	5.5587220922934e-06
4	77147	4.930034331449	2.7816826242121e-07
4	77151	4.930077367531	4.1881791519577e-07
4	77158	4.931019052045	3.0917857529819e-07
4	77165	4.931109711728	4.892271615046e-07
4	77178	4.931993810938	3.8047278165967e-07
4	77182	4.932097551138	4.9296025181023e-06
4	77192	4.933016490105	3.2461948241184e-07
4	77196	4.933094607108	2.5735266862937e-07
4	77209	4.93404402762	7.7539543033886e-07
4	77213	4.934045475058	3.5678325233146e-05
4	77223	4.935010462557	2.1451794710896e-06
4	77227	4.935036722903	2.538113272022e-08
4	77240	4.93602756319	2.7674707647863e-07
4	77244	4.936035926905	0.0019388203867497
4	77254	4.937005802229	0.00026302307020307
4	77258	4.937056914934	0.00016673717804793
4	77271	4.937983586198	8.4668093995256e-05
4	77275	4.938087425291	1.0611280583919e-06
4	77285	4.939022973459	4.5033243026749e-07
4	77289	4.93908170216	1.39588796334e-06
4	77302	4.940035635084	7.8193234198874e-05
4	77306	4.940120018884	9.0577718052123e-05
4	77316	4.941024083584	7.4743805645823e-06
4	77320	4.94112333011	7.8550168999174e-05
4	77333	4.942070009725	0.00028966167127832
4	77337	4.942131966825	2.2357436600813e-05
4	77347	4.943032094151	0.0017301389103344
4	77351	4.943113402531	5.1046142581778e-05
4	77364	4.944010959807	0.00017022571486732
4	77368	4.944145850349	2.5047096981067e-07
4	77375	4.944961346051	5.4966847598149e-05
4	77385	4.945147313576	8.4752927231986e-08
4	77398	4.945961723974	7.2534971499667e-05
4	77402	4.946157357394	7.4585765792473e-07
4	77409	4.946970256616	0.00030643496876854
4	77419	4.947156391039	5.2077592028136e-06
4	77429	4.947920634908	2.6999484932898e-06
4	77433	4.948107068055	1.1640110030857e-05
4	77440	4.948961075586	1.2308781258532e-05
4	77447	4.949131604349	1.1538477810088e-06
4	77460	4.949947801115	0.0004914725683081
4	77464	4.950179640156	2.5700297146561e-09
4	77474	4.950984847543	9.5700473839675e-06
4	77478	4.951176786523	5.3995223403547e-05
4	77491	4.952020567095	4.8991484995755e-06
4	77495	4.952165205728	1.7632650533311e-06
4	77502	4.952991487547	2.3809435044765e-05
4	77509	4.953198146478	1.4049646874873e-05
4	77522	4.953981526313	0.0041679143059625
4	77526	4.954234528987	4.6308011721413e-07
4	77533	4.954992379388	0.0025418411776479
4	77540	4.955282726397	9.6083539184268e-05
4	77553	4.956022137408	1.7863357171035e-05
4	77557	4.956329466916	4.2630275860802e-07
4	77564	4.957000307584	6.4880022724987e-07
4	77571	4.957378469949	0.00018146082622158
4	77584	4.957963625811	3.8262797736441e-06
4	77588	4.958349513383	1.257517394198e-07
4	77595	4.958978831948	2.2285593104489e-05
4	77602	4.959337159452	2.0352020935082e-05
4	77615	4.959936051468	0.0022675842599934
4	77619	4.96038318629	2.1961702035864e-06
4	77626	4.960983628632	6.1232508593609e-06
4	77633	4.961350742004	3.2781263745887e-05
4	77646	4.962023079458	9.7382804024726e-10
4	77653	4.962302878681	2.3183143790211e-07
4	77657	4.963006349901	8.4180814756405e-07
4	77661	4.963267958458	0.00046471134746618
4	77677	4.964053493203	3.7860789352007e-05
4	77681	4.964305826011	0.00012458456193025
4	77688	4.965040166903	1.4265246599665e-05
4	77698	4.965352371964	2.1678482432164e-07
4	77711	4.966064531804	0.0024735983546159
4	77715	4.966337239581	3.1429101487592e-07
4	77722	4.967034870485	2.4119095768256e-07
4	77729	4.967296200625	1.7409302401801e-05
4	77742	4.968030728714	0.00024625210125071
4	77746	4.968312678622	3.3227862983345e-07
4	77753	4.969059967946	1.4734273972807e-05
4	77760	4.969348012702	0.00014993916557492
4	77773	4.970033275566	7.0007760345641e-05
4	77777	4.970324031072	0.0060882149881516
4	77784	4.971046284421	0.00028195368182651
4	77791	4.971334407901	1.3150132581069e-07
4	77801	4.972039689304	3.4735064243361e-08
4	77808	4.972370516511	0.00016824799245539
4	77815	4.973046049493	9.0033171065234e-06
4	77822	4.973405164314	6.9641077014167e-05
4	77835	4.974030773804	1.310251908089e-05
4	77842	4.974424505734	3.678122534137e-06
4	77846	4.97499843502	0.00054478077803484
4	77853	4.975418997854	4.4045265644964e-05
4	77863	4.975980626887	5.7791956183964e-07
4	77873	4.976382910127	6.981176101616e-05
4	77877	4.976971608287	3.4817959713252e-06
4	77881	4.97734179636	3.8257412430619e-09
4	77894	4.977973480248	2.2869092315409e-05
4	77904	4.978319283592	0.00090077190925727
4	77908	4.979012917594	2.7745395872909e-06
4	77912	4.979319689092	0.00022677531230559
4	77928	4.980040275472	4.8874353793026e-06
4	77935	4.980282383664	3.4209195275174e-05
4	77939	4.981026073709	0.00025666630656646
4	77943	4.981310995751	3.4294251949647e-05
4	77959	4.98200103231	0.00014344918819708
4	77963	4.982321494121	0.0013074552010137
4	77970	4.983042349262	5.6729162838785e-05
4	77977	4.983360800769	0.00030339397671124
4	77990	4.984025717943	0.0012930317447869
4	77997	4.984330569828	7.5901648770485e-05
4	78001	4.985026743268	0.00049714168367898
4	78005	4.985345581548	1.808173985932e-06
4	78024	4.985997767023	0.0006883610220758
4	78028	4.986347276278	7.100373587619e-07
4	78035	4.987044025869	1.400777178751e-05
4	78039	4.98732181114	4.4836474391313e-06
4	78055	4.988068912187	0.00050837936964699
4	78059	4.988296446165	0.00018347151061607
4	78066	4.989060117809	0.0014571629976299
4	78070	4.98928617429	8.9928476876616e-07
4	78086	4.990032877484	1.2898803370628e-06
4	78090	4.99026907831	0.0005438852710067
4	78097	4.991047928245	4.5430046662604e-05
4	78101	4.991278445138	1.4346914251562e-05
4	78117	4.992059635008	2.4067950050567e-05
4	78121	4.992292470069	7.310828942191e-08
4	78128	4.993096549349	0.0027829025863593
4	78132	4.993305926382	7.3789414553385e-08
4	78148	4.994140787947	7.019266204044e-05
4	78152	4.994334034676	7.9874665980482e-07
4	78159	4.995189339946	4.6687262549987e-05
4	78163	4.995370150817	6.5928614438482e-09
4	78179	4.996203309017	6.5522034182858e-05
4	78183	4.996335636406	4.2482950558223e-05
4	78190	4.997154340148	5.7351866927234e-11
4	78194	4.99736373807	6.3162128055305e-06
4	78210	4.998138339305	4.247967039849e-07
4	78217	4.998396363798	4.5997497829072e-06
4	78221	4.999088907894	3.3924217148562e-05
4	78225	4.999408086347	0.00010476492546918
5	15641	1.000444026651	0.133039
5	15645	1.000726828724	0.102586
5	15655	1.001465320605	0.081532
5	15662	1.00176021378	0.081009
5	15672	1.002497555887	0.079845
5	15676	1.002782608517	0.079564
5	15689	1.003500313137	0.079708
5	15696	1.003801927895	0.079118
5	15706	1.004548131313	0.079004
5	15710	1.004753394101	0.078891
5	15720	1.005588823268	0.080195
5	15727	1.005731272481	0.078909
5	15737	1.006623261643	0.165559
5	15741	1.006721475457	0.226523
5	15751	1.007595822072	0.535478
5	15755	1.007739443523	0.186841
5	15768	1.008578061559	0.184038
5	15772	1.008729971328	0.185228
5	15782	1.009551716284	0.183174
5	15792	1.009779936821	0.180321
5	15799	1.010558637816	0.087049
5	15803	1.010790283442	0.080865
5	15813	1.011580716182	0.079987
5	15817	1.011762655087	0.078968
5	15830	1.01254714357	0.079198
5	15834	1.012809192031	0.079307
5	15844	1.013563830623	0.079115
5	15854	1.013809582808	0.078849
5	15861	1.014577133032	0.0789
5	15865	1.014783264602	0.078826
5	15881	1.015619903366	0.088645
5	15888	1.015807143619	0.080108
5	15892	1.016647496672	0.078988
5	15896	1.016820081959	0.078885
5	15912	1.017658420923	0.078824
5	15919	1.017809444936	0.078702
5	15923	1.018641412645	0.078782
5	15927	1.018806397626	0.078826
5	15943	1.019620156104	0.091887
5	15947	1.0198038535	0.079751
5	15954	1.020647880285	0.079616
5	15958	1.020798694843	0.079088
5	15974	1.021663459181	0.078982
5	15981	1.021839826804	0.079175
5	15985	1.022711368405	0.080977
5	15989	1.022874321621	0.080208
5	16008	1.023698861623	0.080222
5	16015	1.023913509676	0.079091
5	16019	1.024687606127	0.079174
5	16023	1.024962621473	0.079294
5	16039	1.025727845305	0.079101
5	16046	1.025956332646	0.080049
5	16050	1.026703951337	0.079371
5	16054	1.026919440877	0.079465
5	16070	1.027689673383	0.07931
5	16074	1.02793547545	0.080284
5	16081	1.028734056585	0.079073
5	16085	1.028933651251	0.078941
5	16101	1.029695537468	0.078821
5	16105	1.029883939747	0.078741
5	16112	1.03066414199	0.088862
5	16116	1.030891563248	0.079659
5	16129	1.031691791588	0.079049
5	16139	1.031933241468	0.078984
5	16143	1.032688191487	0.078845
5	16147	1.032928388018	0.078874
5	16160	1.033725983213	0.078839
5	16167	1.033896199508	0.078882
5	16174	1.034736803145	0.080038
5	16178	1.034872906162	0.078704
5	16191	1.035737036989	0.078701
5	16198	1.035895820781	0.07874
5	16205	1.036757851128	0.078632
5	16209	1.036942317164	0.078783
5	16225	1.037733948257	0.078902
5	16229	1.037919650258	0.084429
5	16236	1.038775225422	0.079061
5	16240	1.038871657656	0.078645
5	16256	1.039797909721	0.078922
5	16260	1.039864299636	0.07877
5	16267	1.040759368216	0.078776
5	16271	1.040833293822	0.080214
5	16284	1.041765274744	0.078598
5	16291	1.041850787475	0.088783
5	16304	1.042768907561	0.091763
5	16308	1.042858722331	0.079269
5	16321	1.043763226508	0.078997
5	16325	1.04382033214	0.078982
5	16335	1.044764223729	0.079059
5	16339	1.044851767271	0.079005
5	16352	1.045790558408	0.078809
5	16356	1.045827704976	0.079036
5	16366	1.046787129404	0.08034
5	16370	1.046836028188	0.078892
5	16383	1.047767150237	0.078647
5	16387	1.047799629879	0.078828
5	16397	1.048759499972	0.078817
5	16401	1.048771566963	0.078762
5	16414	1.049781511983	0.079016
5	16418	1.04981618646	0.0789
5	16428	1.050829305855	0.078853
5	16432	1.05083065131	0.090371
5	16448	1.051792107645	0.079705
5	16452	1.051839658963	0.078907
5	16459	1.052815134613	0.078897
5	16463	1.052864802952	0.089121
5	16479	1.053825062663	0.079729
5	16483	1.053889951475	0.078829
5	16490	1.054870296669	0.079886
5	16494	1.054878487123	0.086192
5	16510	1.055884826465	0.079392
5	16514	1.05590930709	0.07908
5	16521	1.056921642284	0.07904
5	16525	1.056932327787	0.07889
5	16541	1.057886809747	0.079039
5	16545	1.057899992302	0.078784
5	16552	1.058851265869	0.078922
5	16556	1.058932549094	0.079769
5	16572	1.059801492542	0.078777
5	16576	1.059938840974	0.078926
5	16580	1.060784683893	0.089786
5	16587	1.060972628903	0.080306
5	16600	1.061765345752	0.079428
5	16607	1.061995959167	0.078919
5	16611	1.06273663406	0.078951
5	16621	1.063028011115	0.07933
5	16634	1.063698891386	0.078853
5	16641	1.064018910414	0.089674
5	16645	1.064736706535	0.081471
5	16652	1.064991794924	0.079405
5	16668	1.065748324345	0.079032
5	16672	1.065986249696	0.078821
5	16679	1.066765383291	0.078875
5	16683	1.067028541562	0.078878
5	16699	1.067774374045	0.078894
5	16703	1.068015288375	0.078808
5	16710	1.068792430869	0.078996
5	16714	1.069024330394	0.078853
5	16730	1.069776410005	0.07893
5	16734	1.069998813396	0.079105
5	16741	1.070740444531	0.078819
5	16745	1.071011888385	0.080394
5	16758	1.071724013037	0.080336
5	16765	1.072010843782	0.080628
5	16772	1.072757586884	0.079823
5	16779	1.073044907862	0.078821
5	16789	1.073801084872	0.079492
5	16796	1.074055639215	0.079117
5	16803	1.074810666893	0.078788
5	16807	1.075037408863	0.078788
5	16823	1.075788651652	0.08796
5	16827	1.076049134907	0.079812
5	16834	1.076788866685	0.079158
5	16838	1.07702060747	0.079328
5	16854	1.077809663631	0.079899
5	16858	1.078032263473	0.078718
5	16865	1.078846873449	0.086123
5	16869	1.079015542577	0.07982
5	16885	1.079869081302	0.078851
5	16889	1.080044380272	0.07903
5	16896	1.080837864504	0.080128
5	16903	1.081053498159	0.079973
5	16916	1.081850909461	0.078864
5	16920	1.082045494505	0.07916
5	16930	1.082900284082	0.084496
5	16934	1.083009693146	0.080719
5	16950	1.08391037788	0.081061
5	16954	1.083984035433	0.08086
5	16961	1.084923465421	0.0789
5	16965	1.084959782587	0.088465
5	16981	1.085928090689	0.079916
5	16985	1.085984673367	0.079152
5	16992	1.086887237355	0.079047
5	16996	1.087034163712	0.078715
5	17012	1.087840893626	0.079043
5	17016	1.088025426548	0.078816
5	17023	1.088858615981	0.078787
5	17027	1.088979482059	0.078998
5	17043	1.089809256574	0.080246
5	17047	1.089958495358	0.079123
5	17054	1.09080639517	0.078642
5	17058	1.090942739695	0.078766
5	17074	1.091828361066	0.078915
5	17078	1.091912819907	0.078776
5	17085	1.092855578046	0.079091
5	17089	1.092893755837	0.215483
5	17105	1.09382321055	0.218421
5	17109	1.093919155562	0.536508
5	17116	1.094778969332	0.179992
5	17120	1.094916518102	0.177528
5	17136	1.095734716649	0.183143
5	17140	1.095929297742	0.259191
5	17147	1.09673951266	0.113861
5	17151	1.096952840664	0.080969
5	17164	1.097732966462	0.080748
5	17171	1.097997443953	0.09091
5	17178	1.098682995306	0.079776
5	17185	1.09902551275	0.079206
5	17198	1.09972500914	0.078969
5	17202	1.100028099536	0.078762
5	17209	1.100762857005	0.079051
5	17216	1.101061159163	0.088261
5	17226	1.101734218901	0.079698
5	17233	1.102072570696	0.079164
5	17243	1.102777840302	0.079333
5	17253	1.103119285341	0.078928
5	17260	1.103822531783	0.078861
5	17267	1.104123158319	0.078853
5	17277	1.104778865966	0.090983
5	17284	1.10514025474	0.079733
5	17291	1.105808517046	0.078941
5	17298	1.106166721495	0.078807
5	17308	1.106831772872	0.07879
5	17315	1.107147563821	0.078735
5	17325	1.107861603706	0.078899
5	17329	1.108127037265	0.078859
5	17342	1.108839227464	0.078916
5	17346	1.109149916738	0.078809
5	17356	1.109856863712	0.078812
5	17360	1.110172480325	0.078891
5	17373	1.110862116267	0.07904
5	17377	1.111203025609	0.078722
5	17384	1.111829686051	0.078794
5	17394	1.112243285635	0.079049
5	17404	1.11283466797	0.078638
5	17408	1.113293170866	0.078932
5	17415	1.113843834628	0.078743
5	17425	1.114295730036	0.078797
5	17435	1.114872094852	0.080085
5	17439	1.115307950056	0.078782
5	17446	1.115843281121	0.078818
5	17456	1.116357738922	0.078755
5	17463	1.11686559547	0.088254
5	17470	1.117364935283	0.07974
5	17477	1.11783286547	0.078983
5	17487	1.118376459922	0.078887
5	17491	1.118824047639	0.078724
5	17501	1.119347901566	0.078836
5	17505	1.119777584179	0.078784
5	17518	1.120333843026	0.078783
5	17522	1.120810899553	0.08364
5	17532	1.121284793093	0.08035
5	17539	1.121800049625	0.078876
5	17552	1.122282922463	0.079171
5	17559	1.122800300823	0.079035
5	17566	1.123257355177	0.078847
5	17570	1.123767066147	0.078802
5	17580	1.124238173707	0.078692
5	17590	1.124745517036	0.078707
5	17597	1.125247763825	0.078894
5	17601	1.125770823249	0.078956
5	17611	1.126241584276	0.078928
5	17621	1.126803259977	0.07893
5	17628	1.127282040053	0.082284
5	17632	1.127815892186	0.088388
5	17645	1.12824832035	0.07967
5	17652	1.128861515729	0.07897
5	17659	1.129204335069	0.078995
5	17666	1.129892674099	0.078812
5	17673	1.130155772651	0.079099
5	17683	1.13085539441	0.078836
5	17690	1.131139060816	0.078743
5	17697	1.131812584303	0.078879
5	17704	1.132103325613	0.078949
5	17717	1.132769387999	0.078781
5	17721	1.133102407136	0.078774
5	17725	1.133765143013	0.080082
5	17735	1.134143082828	0.07868
5	17745	1.134769193949	0.078826
5	17752	1.135129761946	0.078917
5	17756	1.135737287977	0.078754
5	17766	1.136147478346	0.094184
5	17779	1.136754896254	0.079928
5	17783	1.137142017573	0.078978
5	17787	1.137737665719	0.078992
5	17797	1.13813428782	0.078705
5	17810	1.138781890293	0.078667
5	17814	1.139145103004	0.087918
5	17818	1.139786531767	0.080868
5	17825	1.140095914271	0.078857
5	17838	1.14074142202	0.078804
5	17845	1.141093005175	0.07888
5	17849	1.141727676513	0.079036
5	17859	1.142081572643	0.078614
5	17872	1.142760724905	0.083136
5	17879	1.143080570304	0.078737
5	17883	1.143714616442	0.078805
5	17890	1.14412194104	0.078943
5	17903	1.14473716223	0.078798
5	17907	1.145116244189	0.07882
5	17917	1.145707188452	0.080846
5	17924	1.146121394571	0.078916
5	17931	1.146664275518	0.078971
5	17941	1.14711577272	0.078923
5	17945	1.147678671033	0.078816
5	17952	1.14811632582	0.078634
5	17962	1.14870375292	0.078777
5	17972	1.149125666949	0.07892
5	17976	1.14965857615	0.078918
5	17983	1.150138600714	0.078932
5	17993	1.150657285728	0.080959
5	18000	1.151101056856	0.079087
5	18007	1.151640674222	0.078955
5	18014	1.152123038183	0.079924
5	18024	1.152600305172	0.078841
5	18031	1.153154933487	0.089341
5	18038	1.153620575729	0.079952
5	18045	1.154110518017	0.080204
5	18055	1.154644545453	0.079014
5	18062	1.155102833369	0.078832
5	18069	1.155625986599	0.07882
5	18076	1.156102345239	0.07889
5	18086	1.156589780785	0.078876
5	18093	1.157141134436	0.078801
5	18100	1.157608876898	0.078914
5	18104	1.15813338974	0.078773
5	18117	1.158608679619	0.081022
5	18124	1.15915663934	0.080511
5	18131	1.159631968285	0.079994
5	18135	1.160179917809	0.07868
5	18151	1.160587951572	0.088997
5	18155	1.16119219181	0.079644
5	18162	1.161623565477	0.079106
5	18166	1.16215882782	0.079609
5	18185	1.162584012208	0.079434
5	18189	1.16310898926	0.079003
5	18196	1.163632213054	0.078952
5	18200	1.164074070701	0.07991
5	18216	1.164661533122	0.078768
5	18220	1.165074629605	0.078759
5	18227	1.16563750371	0.078858
5	18231	1.166054887022	0.079188
5	18247	1.16664165264	0.078685
5	18251	1.167032820151	0.078953
5	18258	1.167628063426	0.078903
5	18262	1.168052767694	0.078855
5	18278	1.168581629516	0.078776
5	18282	1.169036808847	0.078795
5	18289	1.16957081388	0.078918
5	18293	1.170077573369	0.078703
5	18309	1.170591090705	0.080092
5	18313	1.171093938008	0.078781
5	18320	1.171543799802	0.087797
5	18324	1.172138748778	0.079873
5	18340	1.1725805857	0.08442
5	18344	1.173138427463	0.082012
5	18351	1.173569999094	0.079009
5	18358	1.174147041902	0.078697
5	18368	1.174587136722	0.078786
5	18375	1.175121990634	0.078867
5	18382	1.175604766126	0.078879
5	18386	1.176169436168	0.078737
5	18399	1.176561146751	0.078951
5	18406	1.177157794519	0.078751
5	18410	1.17756909819	0.078652
5	18417	1.178161765477	0.078817
5	18430	1.178602801267	0.078987
5	18437	1.179173175794	0.085723
5	18444	1.179597853096	0.080047
5	18451	1.180188292231	0.079019
5	18461	1.180600144858	0.078918
5	18468	1.181139945313	0.078871
5	18475	1.181599221706	0.079264
5	18482	1.182169774249	0.164485
5	18495	1.18257644971	0.080736
5	18502	1.183212514748	0.103419
5	18509	1.183559891164	0.083164
5	18519	1.184256956094	0.096993
5	18526	1.184519650476	0.081082
5	18533	1.18523235073	0.0791
5	18537	1.185473628468	0.079086
5	18550	1.186214931764	0.079064
5	18557	1.186517240279	0.088002
5	18564	1.187243111822	0.079041
5	18568	1.187521748041	0.078696
5	18581	1.188280126092	0.078935
5	18588	1.188562851052	0.078782
5	18595	1.18932291192	0.080096
5	18602	1.189598496461	0.07868
5	18612	1.190322141557	0.07876
5	18619	1.190617535712	0.078852
5	18626	1.191363790163	0.078719
5	18633	1.19160455028	0.078863
5	18643	1.192368822708	0.078821
5	18647	1.192627008333	0.078805
5	18657	1.193360211547	0.07906
5	18667	1.193609524883	0.078694
5	18674	1.19439148232	0.07877
5	18681	1.194612146128	0.078707
5	18688	1.195441256607	0.078988
5	18698	1.195610875621	0.090596
5	18708	1.196446854251	0.079843
5	18712	1.19657343696	0.079118
5	18722	1.197461271176	0.078966
5	18726	1.197523833501	0.078626
5	18739	1.198417679414	0.078812
5	18743	1.198549670119	0.07868
5	18753	1.199409841529	0.078872
5	18757	1.199511166678	0.078705
5	18770	1.200384097429	0.078937
5	18774	1.200536612342	0.078731
5	18784	1.201400963297	0.078709
5	18788	1.201514773268	0.078674
5	18804	1.202426451652	0.079596
5	18808	1.202504024046	0.078847
5	18818	1.203407195124	0.079024
5	18822	1.203531071967	0.078901
5	18835	1.204439954405	0.086991
5	18839	1.204528064897	0.07954
5	18849	1.205439813179	0.079094
5	18853	1.205528578487	0.078748
5	18866	1.206485375062	0.078805
5	18870	1.206574328448	0.08847
5	18880	1.207468162098	0.080719
5	18884	1.20753232127	0.078896
5	18897	1.208441455817	0.078849
5	18901	1.208549012009	0.078781
5	18911	1.209471835428	0.082953
5	18915	1.209539155203	0.078903
5	18928	1.210443830768	0.07904
5	18932	1.210511725807	0.078597
5	18942	1.21140778044	0.078702
5	18946	1.211482299725	0.07871
5	18959	1.212442215247	0.078646
5	18963	1.212454240378	0.078709
5	18973	1.213441615081	0.078821
5	18977	1.213443823497	0.080449
5	18990	1.214420253396	0.080265
5	18994	1.214426908161	0.080207
5	19004	1.215392109353	0.079848
5	19008	1.215414763565	0.078656
5	19021	1.216345612048	0.078712
5	19025	1.21643095222	0.078721
5	19035	1.217338631883	0.078747
5	19039	1.217437723193	0.078752
5	19049	1.218348381652	0.089024
5	19056	1.218426218759	0.079339
5	19066	1.219358066818	0.078949
5	19070	1.21946018483	0.079656
5	19083	1.220338803395	0.078609
5	19087	1.220507294135	0.078683
5	19097	1.221310380662	0.078689
5	19101	1.221526744693	0.07879
5	19111	1.222306892834	0.078753
5	19121	1.222534116802	0.079397
5	19131	1.223349728771	0.078965
5	19138	1.22355785399	0.078953
5	19148	1.22438593504	0.078769
5	19152	1.224554871584	0.078662
5	19162	1.225364507704	0.078917
5	19172	1.225599950767	0.08083
5	19179	1.226338970608	0.080322
5	19183	1.226624688992	0.080327
5	19193	1.22729260665	0.080345
5	19203	1.227618941178	0.080355
5	19207	1.228273801878	0.085777
5	19214	1.228651811176	0.081926
5	19227	1.229320747459	0.090075
5	19234	1.229626896096	0.079907
5	19241	1.230361960819	0.079075
5	19245	1.230609653497	0.078995
5	19258	1.231362170815	0.07873
5	19265	1.231585182537	0.079893
5	19272	1.232313667015	0.082767
5	19276	1.232591690474	0.078774
5	19289	1.233356687204	0.078743
5	19296	1.233594499634	0.078911
5	19303	1.234374755955	0.078816
5	19307	1.234558668898	0.079177
5	19320	1.235344446749	0.078994
5	19327	1.235575334674	0.078711
5	19334	1.23630475113	0.07881
5	19338	1.236540457831	0.078762
5	19351	1.23728375012	0.078783
5	19358	1.237499222954	0.078883
5	19362	1.23825203858	0.079987
5	19369	1.23853953125	0.078941
5	19382	1.239259425892	0.078689
5	19389	1.239528049452	0.085669
5	19393	1.240216551357	0.079498
5	19400	1.240563125914	0.079074
5	19410	1.241214296395	0.088575
5	19420	1.241609147159	0.079565
5	19424	1.242190359332	0.078902
5	19434	1.242576717501	0.079383
5	19444	1.243213795163	0.078972
5	19454	1.243540556294	0.07994
5	19458	1.244253187414	0.078853
5	19465	1.244583724304	0.078739
5	19478	1.245276613357	0.078799
5	19485	1.245567595378	0.078815
5	19489	1.246260670488	0.078872
5	19496	1.246566579397	0.078736
5	19506	1.24721935804	0.078902
5	19516	1.24760342033	0.078907
5	19520	1.248204601182	0.078804
5	19524	1.24859760957	0.078857
5	19540	1.249224008635	0.078679
5	19547	1.249644845631	0.078725
5	19553	1.250182976347	0.102618
5	19557	1.250678867318	0.096227
5	19573	1.251166517353	0.080708
5	19580	1.251667412353	0.080548
5	19584	1.252149193218	0.08052
5	19591	1.252677613159	0.079394
5	19601	1.253144486416	0.079113
5	19611	1.253705225435	0.078943
5	19615	1.254149375309	0.078845
5	19622	1.254704567334	0.078845
5	19632	1.255191184544	0.078802
5	19642	1.255695119271	0.078742
5	19646	1.256177103957	0.07881
5	19653	1.256692984511	0.080179
5	19663	1.25716568919	0.078852
5	19673	1.257666896311	0.078809
5	19677	1.258204685469	0.078703
5	19684	1.258656403351	0.07897
5	19694	1.259213288434	0.07877
5	19704	1.259636256628	0.080958
5	19708	1.260172434683	0.079187
5	19715	1.260663991925	0.079076
5	19725	1.261154123202	0.078801
5	19735	1.261626007281	0.078929
5	19739	1.26212432338	0.078619
5	19743	1.262596669663	0.078859
5	19759	1.263155785426	0.079288
5	19763	1.26356781322	0.078957
5	19773	1.264113456705	0.0789
5	19777	1.26456965173	0.100982
5	19790	1.265144449974	0.137442
5	19797	1.265611407865	0.082471
5	19804	1.266155390841	0.081096
5	19808	1.266652817255	0.07965
5	19821	1.267178853465	0.079045
5	19825	1.267658584654	0.078972
5	19835	1.268215944232	0.078969
5	19839	1.268651318694	0.079058
5	19852	1.269250375329	0.079276
5	19856	1.269660281154	0.07926
5	19866	1.270264417418	0.114719
5	19873	1.270686470767	0.082138
5	19883	1.271278635681	0.079194
5	19887	1.271692372171	0.079113
5	19897	1.272263599003	0.085509
5	19904	1.272737101175	0.090303
5	19911	1.273225666339	0.079598
5	19921	1.273688146503	0.079262
5	19928	1.274269605547	0.079155
5	19935	1.274667118304	0.079126
5	19942	1.275233786961	0.079057
5	19949	1.275702998591	0.078715
5	19959	1.276260011147	0.078796
5	19963	1.276680312672	0.078749
5	19973	1.277305583151	0.080435
5	19980	1.277671289691	0.080214
5	19990	1.278317747058	0.080432
5	19997	1.278636725029	0.085407
5	20004	1.279367658941	0.084147
5	20011	1.279655247592	0.080034
5	20021	1.280328849536	0.088732
5	20028	1.280636871812	0.079948
5	20038	1.281368725298	0.079019
5	20042	1.28159114237	0.079074
5	20058	1.282402896494	0.079537
5	20062	1.282546738565	0.07998
5	20069	1.283371654415	0.079048
5	20076	1.283574792718	0.079074
5	20086	1.284363031444	0.079022
5	20093	1.28462006324	0.079118
5	20100	1.285383290107	0.079084
5	20107	1.285605521213	0.078783
5	20117	1.286418288889	0.078718
5	20124	1.28662680414	0.078798
5	20131	1.287420499058	0.078887
5	20135	1.287654583131	0.079106
5	20148	1.28842617077	0.078778
5	20155	1.288631884544	0.078737
5	20162	1.289461030641	0.079855
5	20166	1.289655961277	0.088245
5	20182	1.290494775625	0.07969
5	20186	1.290666061271	0.079344
5	20193	1.29146637318	0.079074
5	20200	1.291653420018	0.078803
5	20210	1.292434388943	0.078722
5	20217	1.292671057919	0.0788
5	20224	1.293432616209	0.078842
5	20231	1.293705108836	0.078868
5	20241	1.29440670286	0.093365
5	20245	1.294733498653	0.084923
5	20255	1.295420248165	0.079811
5	20262	1.295766140381	0.078691
5	20272	1.296409023056	0.078724
5	20279	1.29671976358	0.083949
5	20286	1.297407225007	0.080653
5	20293	1.297759356366	0.07952
5	20300	1.298421162121	0.079239
5	20313	1.298797810304	0.079111
5	20320	1.29945570931	0.07896
5	20324	1.299787137049	0.089437
5	20331	1.300437341959	0.080055
5	20344	1.300790653704	0.079412
5	20351	1.301398555897	0.079182
5	20355	1.301777638436	0.078778
5	20362	1.302428656758	0.078833
5	20378	1.302780451273	0.079213
5	20382	1.303423831122	0.078948
5	20389	1.303809912972	0.078679
5	20396	1.304452801533	0.078678
5	20409	1.304830995252	0.07868
5	20416	1.305463050181	0.078633
5	20420	1.30587819778	0.078683
5	20427	1.306444813375	0.078695
5	20440	1.306853306912	0.078688
5	20447	1.307476346425	0.080534
5	20451	1.307890732444	0.080262
5	20461	1.308442115958	0.080372
5	20471	1.30888596294	0.079642
5	20478	1.309477600696	0.078782
5	20482	1.309926592432	0.078848
5	20492	1.310434025823	0.079226
5	20502	1.31092108439	0.087973
5	20509	1.311476960809	0.07948
5	20513	1.311960518992	0.078858
5	20523	1.312475187704	0.07898
5	20530	1.312915092037	0.078807
5	20540	1.313441536567	0.078787
5	20544	1.31388783574	0.080224
5	20554	1.314415384948	0.080344
5	20558	1.314868618048	0.079844
5	20571	1.315446145398	0.078877
5	20575	1.315912462053	0.078752
5	20585	1.316472543994	0.078726
5	20592	1.316916571604	0.078805
5	20599	1.317519010317	0.078752
5	20606	1.317872017638	0.084562
5	20616	1.318525376176	0.078657
5	20623	1.318836926714	0.078712
5	20630	1.319510589255	0.079067
5	20634	1.319820341469	0.078951
5	20647	1.320539149741	0.080019
5	20651	1.320858979743	0.079082
5	20661	1.321586912417	0.085426
5	20668	1.321837744709	0.079714
5	20678	1.322572145481	0.087625
5	20682	1.32278826169	0.079741
5	20695	1.323563049144	0.079153
5	20699	1.323765083707	0.078857
5	20712	1.324593105636	0.078753
5	20716	1.324733334789	0.078733
5	20726	1.325621473085	0.078745
5	20730	1.325731262542	0.080094
5	20740	1.326630712206	0.078755
5	20747	1.326720212272	0.07918
5	20757	1.327678471933	0.078917
5	20761	1.327683329681	0.078832
5	20774	1.328671309878	0.078736
5	20778	1.328692801732	0.078698
5	20791	1.329654382265	0.078787
5	20795	1.329679579165	0.078708
5	20805	1.330654811786	0.078797
5	20809	1.330665880821	0.078906
5	20819	1.331627377018	0.078956
5	20823	1.331693976093	0.082183
5	20836	1.332613033617	0.082885
5	20843	1.332734105769	0.079637
5	20853	1.333638203253	0.079887
5	20857	1.333708049327	0.079821
5	20870	1.334658468119	0.079147
5	20874	1.334685674608	0.079049
5	20884	1.335686088175	0.07907
5	20888	1.335692866412	0.079236
5	20901	1.336645385882	0.079639
5	20905	1.336649235316	0.079684
5	20915	1.337633916141	0.079328
5	20919	1.337678197672	0.079133
5	20929	1.338650808369	0.079913
5	20936	1.338701352588	0.081469
5	20946	1.339642584487	0.080834
5	20950	1.339666228257	0.080967
5	20960	1.34061788922	0.085135
5	20964	1.340627070387	0.08106
5	20977	1.341599360819	0.079937
5	20981	1.341608619354	0.080165
5	20991	1.34255925027	0.079558
5	20995	1.342596554012	0.079898
5	21008	1.34355320702	0.08226
5	21012	1.34358912623	0.079513
5	21025	1.344550556515	0.080543
5	21029	1.344557246858	0.08617
5	21042	1.345561847438	0.080518
5	21046	1.345592789387	0.07917
5	21059	1.346564208582	0.079065
5	21063	1.3465913851	0.078888
5	21073	1.34757632219	0.079305
5	21077	1.347590909415	0.078979
5	21090	1.348623960833	0.078942
5	21094	1.348639903342	0.078937
5	21104	1.349598059787	0.078892
5	21108	1.349632918607	0.078787
5	21121	1.350632852093	0.079209
5	21125	1.350637552746	0.079992
5	21132	1.35160054158	0.078966
5	21136	1.351672381468	0.07897
5	21152	1.352630540493	0.078847
5	21156	1.352683484152	0.078774
5	21163	1.353645094224	0.078861
5	21167	1.353661411106	0.078663
5	21183	1.354627082653	0.078644
5	21187	1.354644411777	0.087819
5	21197	1.355629413997	0.079771
5	21201	1.355638345529	0.07885
5	21214	1.356632407372	0.078889
5	21218	1.356687994701	0.078943
5	21225	1.357624941364	0.08011
5	21229	1.357701470048	0.078722
5	21242	1.358647838059	0.078752
5	21246	1.358657806256	0.07885
5	21256	1.359600140126	0.078779
5	21260	1.359660670154	0.078821
5	21270	1.360580251333	0.226136
5	21277	1.360655516703	0.196734
5	21287	1.361617520927	0.184953
5	21291	1.361669299377	0.167659
5	21304	1.362616970202	0.210081
5	21308	1.362664977498	0.230589
5	21324	1.363589219795	0.245873
5	21328	1.363646115112	0.110685
5	21338	1.364601013107	0.087859
5	21342	1.364646746129	0.084619
5	21355	1.365636068971	0.078923
5	21359	1.365665871891	0.078876
5	21369	1.366599666593	0.078967
5	21373	1.366674584792	0.078897
5	21386	1.367575961362	0.07893
5	21390	1.367704173465	0.078944
5	21400	1.368596430638	0.078853
5	21404	1.368661025594	0.079002
5	21417	1.369620431501	0.07908
5	21421	1.36962281912	0.079282
5	21428	1.370597288973	0.080134
5	21432	1.370627637047	0.078936
5	21448	1.371589717939	0.079158
5	21452	1.371621286964	0.078954
5	21459	1.372575581676	0.078888
5	21463	1.372591453448	0.091355
5	21479	1.373541744379	0.079856
5	21483	1.373611032153	0.07913
5	21490	1.374499225573	0.07901
5	21497	1.374564673336	0.078464
5	21510	1.37552960304	0.078895
5	21514	1.375535631116	0.078689
5	21521	1.37651951132	0.07863
5	21525	1.376533407019	0.080179
5	21541	1.377532969416	0.078818
5	21545	1.377550301767	0.078797
5	21555	1.378504619466	0.100233
5	21559	1.378507446719	0.079429
5	21572	1.37946230227	0.079106
5	21576	1.379510264666	0.078914
5	21586	1.380472285176	0.078787
5	21590	1.380494669381	0.078899
5	21603	1.381473723075	0.078648
5	21607	1.381510143769	0.078708
5	21614	1.382456523391	0.07867
5	21618	1.382522058026	0.079059
5	21637	1.383504208264	0.080693
5	21641	1.383523189828	0.082355
5	21648	1.384462147055	0.079339
5	21652	1.384543116332	0.078866
5	21668	1.38545835855	0.078786
5	21672	1.385563196174	0.078691
5	21679	1.386428784213	0.078692
5	21683	1.386517835667	0.078824
5	21699	1.387458495726	0.078868
5	21703	1.387493272059	0.078758
5	21710	1.388461697462	0.078872
5	21714	1.388477921033	0.080859
5	21730	1.389432728591	0.080498
5	21734	1.389507150478	0.080274
5	21741	1.390399838926	0.080221
5	21745	1.390497368687	0.080211
5	21761	1.391431378942	0.079072
5	21765	1.391489597104	0.078779
5	21772	1.392447152114	0.078737
5	21776	1.392530944443	0.078712
5	21792	1.393432205062	0.078858
5	21796	1.393516848691	0.078627
5	21803	1.394385550955	0.078626
5	21807	1.3945468416	0.078754
5	21823	1.395412920676	0.088068
5	21827	1.395528279323	0.079746
5	21834	1.396418163549	0.079286
5	21838	1.396503131255	0.078784
5	21854	1.397394773743	0.07882
5	21858	1.397529341174	0.078777
5	21865	1.398385035118	0.078746
5	21869	1.398524406751	0.078914
5	21885	1.399350708301	0.078873
5	21889	1.399527689078	0.078859
5	21896	1.400322764171	0.078769
5	21900	1.40051844854	0.08367
5	21916	1.401301108274	0.079978
5	21920	1.401549714781	0.079056
5	21927	1.402280942064	0.079264
5	21931	1.402526844031	0.078969
5	21944	1.403259086411	0.079312
5	21954	1.403549593181	0.078949
5	21961	1.404236468665	0.078723
5	21965	1.404587059544	0.079127
5	21978	1.405281243864	0.086278
5	21985	1.405557752371	0.079816
5	21992	1.406276043527	0.08791
5	21996	1.406517215606	0.080915
5	22009	1.407289474089	0.079122
5	22016	1.407566339016	0.078914
5	22023	1.408317890432	0.078997
5	22027	1.408552033698	0.078653
5	22040	1.409314574532	0.078698
5	22047	1.409509516638	0.078799
5	22054	1.410280762641	0.078912
5	22058	1.410520851969	0.078779
5	22071	1.41132143202	0.078877
5	22078	1.411498573842	0.07871
5	22085	1.412361171943	0.078704
5	22092	1.412543889336	0.078723
5	22102	1.413312984042	0.079971
5	22106	1.413501936466	0.078647
5	22116	1.414338231165	0.07873
5	22120	1.414477008883	0.07876
5	22133	1.415353312353	0.078804
5	22137	1.415516927212	0.084123
5	22147	1.416318618797	0.091289
5	22151	1.416527240305	0.080118
5	22164	1.41728988205	0.078888
5	22171	1.417563995621	0.07875
5	22178	1.418329091875	0.078742
5	22185	1.418587081592	0.078719
5	22195	1.419326343883	0.079143
5	22202	1.419584494735	0.07906
5	22209	1.420312101778	0.078921
5	22216	1.420550477943	0.078792
5	22226	1.421306567231	0.078824
5	22230	1.421546632471	0.078737
5	22237	1.422313204544	0.07885
5	22247	1.422544987392	0.078749
5	22260	1.423353695678	0.078898
5	22267	1.423541305358	0.078619
5	22274	1.424318954038	0.078724
5	22284	1.42457586723	0.078847
5	22291	1.425285468551	0.080056
5	22298	1.425571763272	0.078812
5	22305	1.426267428807	0.07872
5	22309	1.426583381764	0.078757
5	22322	1.427238466334	0.078791
5	22329	1.427579492062	0.088294
5	22333	1.428242318133	0.079615
5	22346	1.428613275029	0.07885
5	22356	1.42928803232	0.085512
5	22360	1.429614860306	0.079593
5	22364	1.430239239194	0.07905
5	22374	1.430617075561	0.07879
5	22384	1.431224002571	0.079588
5	22391	1.431576964992	0.078643
5	22398	1.432227424729	0.078901
5	22405	1.432595230038	0.078697
5	22415	1.433194589824	0.078699
5	22422	1.433611112865	0.078681
5	22429	1.434242410557	0.078685
5	22439	1.434607382367	0.078767
5	22446	1.435226602617	0.078767
5	22450	1.435580550256	0.078662
5	22460	1.436230815582	0.07888
5	22470	1.436614273064	0.078863
5	22477	1.437243092616	0.079072
5	22484	1.437624881988	0.080063
5	22488	1.438200750287	0.078809
5	22501	1.438618704776	0.078728
5	22508	1.439226721711	0.087235
5	22515	1.439612377779	0.079649
5	22522	1.440183190863	0.078893
5	22532	1.440599778817	0.079008
5	22539	1.441167171617	0.078896
5	22546	1.441565980021	0.079008
5	22550	1.442146558878	0.078663
5	22566	1.44255738481	0.079561
5	22573	1.443193322058	0.079647
5	22580	1.443516375323	0.078856
5	22587	1.444207006014	0.078704
5	22597	1.444531976112	0.078656
5	22604	1.445182414068	0.078797
5	22611	1.445539236395	0.078819
5	22618	1.446148921674	0.078769
5	22631	1.446541134091	0.078816
5	22635	1.447195543431	0.078851
5	22642	1.447570663967	0.078731
5	22649	1.448227445686	0.078864
5	22659	1.448598085478	0.078856
5	22666	1.449265856586	0.07895
5	22673	1.449568699105	0.080451
5	22680	1.450251614428	0.089012
5	22690	1.450541873046	0.080758
5	22697	1.451266745616	0.079165
5	22701	1.45150014741	0.078889
5	22711	1.45225337293	0.078793
5	22721	1.452506186869	0.079377
5	22728	1.453212016431	0.089045
5	22732	1.453484679207	0.277876
5	22745	1.454231249888	0.216534
5	22752	1.454486513815	0.192031
5	22759	1.455263889798	0.131646
5	22763	1.455516077428	0.07913
5	22773	1.456268663148	0.079031
5	22783	1.456502623889	0.079244
5	22790	1.45730535975	0.080413
5	22794	1.45749299715	0.078631
5	22807	1.458314688645	0.078793
5	22811	1.458468722703	0.078858
5	22821	1.459268668615	0.078588
5	22825	1.459506059732	0.079061
5	22835	1.460227742246	0.21179
5	22845	1.460461735006	0.106236
5	22852	1.461181163165	0.081443
5	22859	1.461430722724	0.080762
5	22866	1.462136287148	0.080278
5	22879	1.462406998181	0.079687
5	22886	1.463140936105	0.0791
5	22890	1.463455305661	0.079629
5	22903	1.464093225141	0.079202
5	22910	1.464498049609	0.078887
5	22917	1.465117566896	0.078833
5	22924	1.465519100652	0.079045
5	22934	1.466144270028	0.080053
5	22938	1.466527480243	0.079014
5	22948	1.467193722211	0.079024
5	22955	1.467490735259	0.135014
5	22965	1.468204850814	0.090363
5	22969	1.468468256471	0.079646
5	22979	1.469187753168	0.079197
5	22986	1.469491412481	0.078817
5	22993	1.470158664106	0.078851
5	23000	1.470442203019	0.079069
5	23010	1.471108722801	0.079018
5	23017	1.471480773959	0.079086
5	23021	1.472155987398	0.080098
5	23031	1.472513412576	0.078771
5	23041	1.473143839901	0.078816
5	23045	1.473487140682	0.078816
5	23055	1.4741148078	0.079002
5	23062	1.474521894034	0.07882
5	23072	1.475089081227	0.086391
5	23079	1.475524983749	0.079782
5	23086	1.476101363317	0.079012
5	23093	1.476555721954	0.078952
5	23100	1.47708074623	0.079082
5	23110	1.477521275751	0.078888
5	23117	1.478058956683	0.078688
5	23124	1.478557349672	0.079951
5	23134	1.479051092739	0.078937
5	23141	1.479537109118	0.087798
5	23148	1.480056686643	0.079468
5	23155	1.480504718052	0.078938
5	23162	1.48104371236	0.078954
5	23172	1.481513418138	0.078852
5	23179	1.482014407184	0.078791
5	23186	1.482507764482	0.078755
5	23190	1.482966574794	0.078749
5	23206	1.483489121116	0.079486
5	23210	1.483960371285	0.07891
5	23220	1.484537120828	0.080039
5	23224	1.484949668714	0.078746
5	23237	1.485539463989	0.083757
5	23244	1.485995863589	0.078848
5	23251	1.486555012884	0.078715
5	23255	1.487018162074	0.078747
5	23268	1.4875417603	0.078748
5	23278	1.488016194713	0.078872
5	23282	1.488577336239	0.078799
5	23286	1.489010171433	0.078672
5	23299	1.48959443187	0.078771
5	23309	1.490043785731	0.07862
5	23313	1.490614661504	0.078715
5	23320	1.491082080682	0.089142
5	23333	1.491658572066	0.079818
5	23340	1.492053311676	0.079298
5	23344	1.492616071554	0.078778
5	23351	1.493059793785	0.078641
5	23361	1.493580027165	0.078496
5	23368	1.494058412219	0.078711
5	23375	1.494553012135	0.078654
5	23382	1.495043511232	0.078819
5	23392	1.495584378312	0.078776
5	23399	1.496043347279	0.078646
5	23406	1.496569180695	0.078684
5	23413	1.497010942996	0.078597
5	23420	1.497539243498	0.079962
5	23433	1.498036966356	0.078779
5	23437	1.498534757721	0.078675
5	23444	1.499073317852	0.078766
5	23451	1.499570842133	0.078849
5	23466	1.50002645406	0.136351
5	23470	1.500569951559	0.088226
5	23477	1.501005351539	0.081768
5	23481	1.501543432491	0.080396
5	23491	1.502028723711	0.080433
5	23501	1.50253332598	0.080228
5	23511	1.503065085235	0.079055
5	23518	1.503497316494	0.078837
5	23531	1.504111473918	0.079001
5	23535	1.50445394368	0.091481
5	23542	1.505072710472	0.078818
5	23552	1.505484884532	0.078754
5	23556	1.506029092379	0.080052
5	23566	1.506482197504	0.078817
5	23573	1.506993050344	0.078929
5	23583	1.507498940141	0.079059
5	23587	1.50803360884	0.090826
5	23597	1.50849371035	0.080159
5	23601	1.509051613916	0.086354
5	23611	1.509496161859	0.079804
5	23618	1.51002562303	0.078878
5	23628	1.510467203725	0.078945
5	23632	1.511074596407	0.078764
5	23642	1.511450535762	0.07884
5	23652	1.512101722368	0.080047
5	23659	1.512481266404	0.078901
5	23663	1.513111790338	0.078755
5	23676	1.513448045691	0.07911
5	23683	1.514084752691	0.078986
5	23690	1.514480963768	0.07901
5	23694	1.515133078486	0.078929
5	23704	1.515449916989	0.079022
5	23714	1.516100618831	0.078911
5	23721	1.516451350816	0.078771
5	23725	1.517086066575	0.078615
5	23735	1.517473041324	0.078661
5	23745	1.518074895647	0.078874
5	23749	1.518456262301	0.080088
5	23756	1.519077413968	0.078799
5	23766	1.519467233766	0.25037
5	23776	1.520042237247	0.259057
5	23780	1.520417338339	0.200353
5	23787	1.521038741808	0.192689
5	23800	1.521398837022	0.192062
5	23807	1.521990157276	0.191972
5	23811	1.522378523625	0.213004
5	23818	1.522985666955	0.223937
5	23834	1.5234212887	0.086468
5	23841	1.523967804384	0.080678
5	23845	1.524431220234	0.07994
5	23852	1.52493582567	0.078881
5	23862	1.525382288045	0.078925
5	23872	1.525910054907	0.078947
5	23876	1.526368203212	0.07876
5	23883	1.526887224137	0.079276
5	23896	1.527410776507	0.078914
5	23903	1.527926641679	0.078772
5	23907	1.528369362627	0.089213
5	23917	1.528972001466	0.080121
5	23924	1.529351668419	0.07948
5	23934	1.529941377766	0.080067
5	23938	1.530368359047	0.078936
5	23945	1.530944985636	0.078948
5	23955	1.531360978435	0.078982
5	23965	1.531897412315	0.089986
5	23969	1.532317542022	0.079846
5	23976	1.53288735778	0.07974
5	23986	1.533353963477	0.078934
5	23996	1.533878775239	0.078782
5	24000	1.534373064912	0.078931
5	24010	1.534874558502	0.078758
5	24017	1.535329457446	0.07883
5	24027	1.535908292425	0.078863
5	24031	1.536309108985	0.080055
5	24038	1.536909850352	0.079121
5	24048	1.537356450041	0.078954
5	24058	1.537934389072	0.079065
5	24062	1.538356026173	0.079078
5	24069	1.538955310567	0.078936
5	24082	1.539389890784	0.078892
5	24089	1.539923202012	0.078687
5	24093	1.54038163248	0.078701
5	24100	1.540886883164	0.078711
5	24113	1.541396106303	0.078597
5	24120	1.541925249125	0.07872
5	24124	1.542440235942	0.078829
5	24131	1.542912293611	0.080711
5	24147	1.543450001443	0.090646
5	24154	1.543952371271	0.081258
5	24161	1.544495965785	0.081017
5	24165	1.544982239627	0.079222
5	24178	1.545534781267	0.078753
5	24185	1.546021508403	0.079014
5	24192	1.546583849857	0.078687
5	24196	1.546985207575	0.079072
5	24209	1.547629151662	0.078906
5	24216	1.548016608931	0.078909
5	24223	1.548652627492	0.079121
5	24227	1.549049150543	0.078903
5	24240	1.549655320728	0.079059
5	24247	1.550069004591	0.078708
5	24251	1.550642161073	0.078874
5	24264	1.551108980982	0.078745
5	24274	1.551617566841	0.078976
5	24278	1.552096238654	0.078587
5	24285	1.552667497097	0.078614
5	24298	1.553136808422	0.079206
5	24302	1.553711405928	0.088381
5	24309	1.554114613872	0.080005
5	24313	1.554677655763	0.079306
5	24323	1.555117927285	0.080886
5	24336	1.555675337111	0.080329
5	24340	1.556076798704	0.08049
5	24347	1.556680905816	0.089647
5	24351	1.55707073325	0.079667
5	24367	1.557688411787	0.079188
5	24371	1.558118118883	0.078888
5	24378	1.558714204408	0.079303
5	24385	1.559140966324	0.078904
5	24398	1.559735020158	0.079842
5	24405	1.560169300365	0.079232
5	24409	1.560705462811	0.078839
5	24416	1.561137856206	0.079757
5	24426	1.561752191099	0.078702
5	24433	1.56211852358	0.078762
5	24440	1.562737115651	0.078667
5	24450	1.563097996761	0.079094
5	24460	1.563765876144	0.078818
5	24470	1.564090173006	0.078971
5	24477	1.564787584274	0.088179
5	24481	1.565044447852	0.080271
5	24491	1.565808196195	0.085539
5	24501	1.566073773137	0.078958
5	24508	1.566794283676	0.079113
5	24512	1.56709502144	0.07874
5	24522	1.567750810008	0.078815
5	24532	1.568096387375	0.078952
5	24539	1.568757270999	0.07864
5	24543	1.569093688223	0.078598
5	24550	1.56974324993	0.078824
5	24563	1.570068245047	0.078856
5	24570	1.570788508019	0.079038
5	24574	1.571075127956	0.079108
5	24584	1.571773904068	0.079029
5	24594	1.572097855701	0.078625
5	24598	1.572775750054	0.078908
5	24605	1.573052482484	0.080292
5	24618	1.57382178652	0.080197
5	24625	1.574065149968	0.080224
5	24629	1.574867336164	0.078699
5	24636	1.575075958889	0.078696
5	24652	1.575912779643	0.078827
5	24656	1.576062490953	0.087363
5	24663	1.576870804181	0.079897
5	24667	1.577104469034	0.0792
5	24680	1.577846747271	0.078962
5	24687	1.578153549883	0.078726
5	24691	1.57882532249	0.078812
5	24698	1.5791529932	0.078793
5	24711	1.579784012403	0.080599
5	24718	1.580114582049	0.080253
5	24722	1.58078796167	0.080224
5	24729	1.581098380818	0.078683
5	24739	1.581816688125	0.078668
5	24746	1.582073541169	0.078642
5	24759	1.582808965469	0.079679
5	24763	1.583078516756	0.079312
5	24773	1.583797786632	0.078714
5	24783	1.584077703263	0.086222
5	24787	1.58483697259	0.079632
5	24794	1.585106248336	0.078785
5	24804	1.585829754055	0.079907
5	24814	1.586092990321	0.078998
5	24818	1.586864172164	0.078937
5	24828	1.587081287214	0.087374
5	24838	1.587839381103	0.079781
5	24845	1.588045386034	0.085399
5	24855	1.588828021479	0.085209
5	24862	1.589093832904	0.082203
5	24866	1.589813004951	0.079197
5	24876	1.590135817533	0.078799
5	24883	1.590771838991	0.078912
5	24893	1.591106818654	0.078929
5	24897	1.591778384614	0.079938
5	24907	1.592061717003	0.078652
5	24914	1.592800272576	0.078896
5	24921	1.593096437241	0.078766
5	24928	1.593792221214	0.078939
5	24938	1.594124117929	0.078893
5	24945	1.594769262189	0.078777
5	24952	1.595170454827	0.078774
5	24962	1.595754778204	0.078984
5	24969	1.596170223595	0.078806
5	24976	1.596795710493	0.07877
5	24983	1.597158362498	0.078923
5	24990	1.597818529733	0.089754
5	25000	1.598189383329	0.080721
5	25007	1.598847521256	0.078895
5	25017	1.599202019128	0.078696
5	25024	1.599847507311	0.196867
5	25031	1.600207260803	0.090502
5	25041	1.600880293563	0.081557
5	25048	1.601169846098	0.080854
5	25055	1.601911016878	0.080567
5	25062	1.602151942387	0.08063
5	25072	1.602862511643	0.080915
5	25079	1.603187715572	0.079329
5	25092	1.603876272852	0.079174
5	25096	1.60422203303	0.079193
5	25103	1.604872256609	0.079084
5	25113	1.60523732397	0.078829
5	25123	1.605859406821	0.079947
5	25127	1.606201526662	0.078874
5	25137	1.606886024667	0.079106
5	25144	1.607237610105	0.079085
5	25151	1.607920090688	0.078956
5	25158	1.608190774347	0.091401
5	25168	1.608926744512	0.07958
5	25172	1.609175632173	0.07908
5	25185	1.609941450707	0.079013
5	25189	1.610150431106	0.07901
5	25199	1.610952874892	0.078986
5	25206	1.611170643014	0.086778
5	25216	1.611970716871	0.079813
5	25220	1.612153787988	0.080105
5	25233	1.61301430261	0.078831
5	25237	1.613124690382	0.078759
5	25244	1.614017603902	0.078817
5	25251	1.61413214209	0.079186
5	25264	1.615041863027	0.078841
5	25268	1.615109897453	0.078938
5	25275	1.616069917802	0.078831
5	25279	1.616129530207	0.078703
5	25292	1.617071725036	0.094476
5	25299	1.617123895613	0.079588
5	25306	1.618058462396	0.078908
5	25310	1.618115060128	0.089586
5	25326	1.619098851235	0.081207
5	25330	1.619119036713	0.079366
5	25337	1.620081317908	0.07877
5	25341	1.62014710624	0.078915
5	25357	1.621035212519	0.078714
5	25361	1.621142595566	0.078745
5	25368	1.622003257228	0.078942
5	25372	1.622100730467	0.078739
5	25388	1.622962071188	0.079466
5	25392	1.62312329071	0.078959
5	25402	1.623912503204	0.078846
5	25406	1.624108541414	0.079833
5	25419	1.624889978765	0.078892
5	25426	1.625150067031	0.07886
5	25433	1.625858234793	0.078792
5	25437	1.626151372858	0.07871
5	25453	1.626906800957	0.078861
5	25457	1.62715249948	0.078704
5	25464	1.62790850249	0.079039
5	25468	1.628151103172	0.078867
5	25484	1.628862343744	0.078876
5	25488	1.629142231102	0.078676
5	25492	1.629873238924	0.081239
5	25499	1.630166847312	0.079739
5	25515	1.630900091893	0.080718
5	25519	1.631126496083	0.079215
5	25526	1.631935331555	0.078857
5	25530	1.632121538784	0.078761
5	25546	1.632906157238	0.082728
5	25550	1.633122151492	0.078751
5	25557	1.633913204142	0.078799
5	25564	1.634169307591	0.078833
5	25577	1.634954651026	0.079092
5	25581	1.635212307532	0.079131
5	25585	1.635937066373	0.079071
5	25592	1.636187201185	0.078908
5	25608	1.636955802477	0.07886
5	25612	1.637222256097	0.080026
5	25619	1.637931598533	0.078786
5	25629	1.638238291721	0.078916
5	25639	1.638893799445	0.078681
5	25643	1.639269495964	0.078949
5	25650	1.639852118234	0.078871
5	25660	1.640271897636	0.078741
5	25670	1.640866479987	0.078902
5	25674	1.641278619589	0.088625
5	25684	1.641889805973	0.07998
5	25694	1.642327137354	0.079462
5	25704	1.642934505613	0.080176
5	25708	1.643360553758	0.078854
5	25718	1.643984390644	0.078902
5	25725	1.644375545741	0.078686
5	25735	1.645000387497	0.07875
5	25739	1.645389648216	0.078819
5	25746	1.646026622962	0.078708
5	25759	1.64637387013	0.07861
5	25766	1.64697934548	0.078744
5	25770	1.647327536363	0.078756
5	25780	1.648027162723	0.078797
5	25790	1.648369573995	0.078692
5	25794	1.64902748588	0.086083
5	25801	1.649362209589	0.081586
5	25811	1.650057538716	0.080565
5	25821	1.650400374301	0.080291
5	25825	1.651082441271	0.088208
5	25832	1.651374253262	0.079615
5	25842	1.652056771129	0.0791
5	25852	1.652391868545	0.078818
5	25856	1.65304200225	0.078915
5	25860	1.65339972685	0.078738
5	25876	1.654084099761	0.078805
5	25883	1.654367206724	0.078729
5	25887	1.65510362578	0.078856
5	25891	1.655368157753	0.082759
5	25904	1.656153152065	0.078817
5	25911	1.656347366893	0.078694
5	25918	1.65711149681	0.07874
5	25922	1.657323217938	0.07879
5	25935	1.658117300992	0.078825
5	25942	1.658341745625	0.078779
5	25949	1.659101798592	0.078929
5	25953	1.659332198553	0.078766
5	25966	1.660130660646	0.078826
5	25976	1.660358954595	0.078761
5	25980	1.661118728083	0.078905
5	25984	1.661383296979	0.08439
5	26003	1.66214615856	0.090873
5	26007	1.662392439716	0.080196
5	26014	1.663124188066	0.078838
5	26018	1.663418753729	0.07868
5	26031	1.66415408063	0.079164
5	26038	1.664374248051	0.078906
5	26045	1.665121685571	0.079002
5	26049	1.665362300668	0.078761
5	26062	1.666150529322	0.078692
5	26069	1.666381014621	0.078748
5	26076	1.667165009466	0.078978
5	26080	1.667380076303	0.078795
5	26093	1.668152714345	0.080057
5	26100	1.668370501559	0.079214
5	26107	1.669150305952	0.079294
5	26111	1.6693753634	0.07854
5	26124	1.670170955422	0.078674
5	26131	1.670337561722	0.07873
5	26138	1.671123133301	0.079025
5	26142	1.671312413323	0.079205
5	26152	1.672170201155	0.078624
5	26159	1.672277812888	0.078785
5	26169	1.673168844627	0.078698
5	26173	1.673291478962	0.078656
5	26183	1.674159021256	0.081245
5	26193	1.67432048039	0.080823
5	26200	1.675203185774	0.08015
5	26204	1.675334072576	0.079228
5	26217	1.676215748997	0.07885
5	26221	1.676319500446	0.078734
5	26231	1.677180882779	0.078585
5	26238	1.677337745433	0.078663
5	26248	1.67820570301	0.079087
5	26252	1.678360864035	0.078862
5	26262	1.679203207893	0.078822
5	26266	1.679319948704	0.078812
5	26279	1.68021928468	0.078685
5	26286	1.680286154949	0.078764
5	26296	1.681236864536	0.079924
5	26300	1.6812867435	0.078784
5	26310	1.682252390656	0.078767
5	26314	1.6822658183	0.078591
5	26330	1.683224879902	0.07953
5	26334	1.68328965553	0.078852
5	26344	1.684230670975	0.078827
5	26348	1.684293891032	0.078671
5	26361	1.685183004397	0.088148
5	26365	1.685251117646	0.079831
5	26375	1.686165165405	0.07932
5	26379	1.686251454485	0.09167
5	26389	1.687134056406	0.081277
5	26393	1.687211125498	0.080347
5	26406	1.688138461652	0.078929
5	26410	1.688252795251	0.078802
5	26420	1.689173895911	0.078793
5	26424	1.689302593728	0.078717
5	26437	1.690211417748	0.078908
5	26441	1.690315219001	0.078833
5	26448	1.691176627073	0.078684
5	26455	1.691278862394	0.078673
5	26468	1.692153262146	0.078832
5	26472	1.69231569387	0.078758
5	26482	1.693182558706	0.080731
5	26486	1.69334646764	0.080355
5	26499	1.69413993189	0.079603
5	26506	1.694385908989	0.078528
5	26510	1.69511507362	0.086782
5	26517	1.695398523695	0.079617
5	26530	1.696091177484	0.07883
5	26537	1.696390462334	0.078885
5	26541	1.697115632175	0.078781
5	26548	1.697386398764	0.078705
5	26561	1.698071577985	0.078882
5	26568	1.698404741135	0.078699
5	26572	1.699057660655	0.078867
5	26579	1.699404619118	0.079899
5	26592	1.700047846892	0.078699
5	26596	1.700372115336	0.078701
5	26603	1.701059529622	0.086603
5	26610	1.701340109057	0.079579
5	26617	1.702092806058	0.078787
5	26627	1.702310532635	0.078788
5	26640	1.703093175822	0.079336
5	26644	1.703301546845	0.07884
5	26651	1.704069019858	0.078695
5	26661	1.704333685344	0.089661
5	26668	1.705033636082	0.081316
5	26675	1.705328846576	0.079119
5	26682	1.706069831554	0.078916
5	26692	1.706358370989	0.078875
5	26699	1.70711896485	0.078804
5	26706	1.707319686994	0.078759
5	26713	1.70815843353	0.078828
5	26723	1.708275035414	0.078697
5	26733	1.709185275775	0.078711
5	26737	1.709263847015	0.07877
5	26747	1.710145100076	0.078907
5	26754	1.710287755606	0.078695
5	26764	1.711151596384	0.078682
5	26768	1.711333201229	0.080176
5	26781	1.712134528282	0.078778
5	26785	1.712326495608	0.078776
5	26795	1.713118593687	0.078729
5	26799	1.71331212242	0.078612
5	26812	1.714137428948	0.07881
5	26816	1.71433831922	0.078611
5	26826	1.715153694222	0.078762
5	26830	1.715352058282	0.078717
5	26843	1.716146102823	0.07875
5	26847	1.716314593398	0.087834
5	26857	1.717184699843	0.079607
5	26861	1.717341491247	0.079087
5	26874	1.718210199734	0.078883
5	26878	1.718305775092	0.078885
5	26888	1.719215969777	0.078702
5	26892	1.719283069967	0.078692
5	26902	1.720182228515	0.078875
5	26906	1.720305969956	0.079002
5	26919	1.7211978385	0.078881
5	26923	1.721325511602	0.07911
5	26933	1.72218901822	0.078873
5	26937	1.722302294834	0.078758
5	26953	1.723202845495	0.082789
5	26957	1.72334272288	0.080253
5	26967	1.724205263195	0.085763
5	26971	1.724383495946	0.079893
5	26984	1.725163278783	0.079525
5	26988	1.725380636696	0.078984
5	26998	1.726136936158	0.078829
5	27002	1.726339513501	0.078861
5	27015	1.727178248275	0.078826
5	27019	1.727341536968	0.087592
5	27029	1.728133331846	0.079595
5	27036	1.728361714699	0.078939
5	27046	1.729093624905	0.078817
5	27050	1.729348633101	0.079811
5	27060	1.730122667528	0.079023
5	27067	1.730384326159	0.07884
5	27074	1.731093496372	0.078603
5	27084	1.731402580926	0.078792
5	27091	1.732080785384	0.078693
5	27098	1.73240976158	0.078657
5	27105	1.733096428587	0.078875
5	27112	1.733400605314	0.078751
5	27122	1.734098685874	0.078594
5	27129	1.734380362957	0.078664
5	27136	1.735055352681	0.078697
5	27143	1.735402950134	0.078802
5	27153	1.736033573694	0.080448
5	27160	1.73641913505	0.080254
5	27167	1.737018324893	0.080262
5	27171	1.737401500542	0.080201
5	27181	1.737971576884	0.080232
5	27191	1.738389199849	0.079887
5	27198	1.739000024004	0.087977
5	27205	1.739371727071	0.079569
5	27215	1.740018455305	0.078771
5	27219	1.740412277052	0.078745
5	27229	1.740976049754	0.078835
5	27239	1.741439325315	0.07881
5	27246	1.74193005414	0.078698
5	27250	1.742469528971	0.080914
5	27263	1.74292018566	0.080474
5	27273	1.743436877045	0.080436
5	27280	1.743904120768	0.08044
5	27287	1.744405776367	0.079247
5	27294	1.744948671528	0.078929
5	27304	1.745392318978	0.078756
5	27311	1.745978498159	0.081989
5	27318	1.746428925865	0.078882
5	27325	1.746950533961	0.078719
5	27335	1.747478009214	0.078585
5	27342	1.747902862732	0.078718
5	27349	1.748436265122	0.080148
5	27353	1.748922961467	0.078818
5	27366	1.749391847026	0.078758
5	27373	1.749877049165	0.085747
5	27382	1.750388780495	0.109209
5	27389	1.750886927555	0.089273
5	27396	1.751417503393	0.080533
5	27406	1.751893305575	0.080493
5	27413	1.752451684903	0.080371
5	27420	1.752872349213	0.080565
5	27430	1.753436986298	0.088583
5	27437	1.753894928721	0.0803
5	27444	1.754484702199	0.079001
5	27451	1.75487504548	0.078918
5	27461	1.75545638989	0.079103
5	27468	1.75586756052	0.078851
5	27475	1.756499679806	0.078894
5	27485	1.756900463235	0.079111
5	27492	1.757461260792	0.080834
5	27499	1.757860962646	0.080265
5	27506	1.758416977163	0.080356
5	27513	1.758820633755	0.080278
5	27523	1.759421058788	0.080414
5	27527	1.759858725357	0.091276
5	27537	1.760404046334	0.093708
5	27544	1.760855031997	0.079061
5	27554	1.761405883897	0.078798
5	27558	1.761861830526	0.078834
5	27568	1.762407167126	0.0789
5	27578	1.762891383802	0.079949
5	27588	1.763358755902	0.07899
5	27595	1.763876700847	0.078817
5	27602	1.764329571269	0.0787
5	27609	1.764844178115	0.078811
5	27619	1.765319260719	0.078773
5	27623	1.765795225386	0.276996
5	27633	1.766330998285	0.257187
5	27640	1.766775511786	0.206006
5	27650	1.767323710198	0.199757
5	27654	1.767745669558	0.199371
5	27664	1.768314427904	0.199063
5	27671	1.768767336439	0.199266
5	27681	1.769322138088	0.245188
5	27685	1.769783384575	0.102502
5	27695	1.77034387949	0.079305
5	27702	1.770805844186	0.078783
5	27712	1.771322248456	0.079013
5	27716	1.771811382235	0.078952
5	27726	1.772325238037	0.089471
5	27733	1.772786924761	0.080045
5	27743	1.773374582728	0.078964
5	27747	1.773755269475	0.07902
5	27757	1.774375687815	0.078871
5	27764	1.774727252546	0.078808
5	27774	1.775383384747	0.078777
5	27778	1.775712339259	0.078913
5	27788	1.776398930304	0.081019
5	27795	1.776694802425	0.0804
5	27805	1.777360626602	0.080461
5	27809	1.777675545486	0.078915
5	27816	1.778348264266	0.079038
5	27826	1.778699253196	0.088946
5	27836	1.779364242945	0.092473
5	27840	1.779680807647	0.079415
5	27850	1.780402346439	0.079016
5	27857	1.780726104116	0.078988
5	27867	1.781421660169	0.078988
5	27871	1.781725837162	0.078843
5	27887	1.782437728829	0.079367
5	27894	1.782712967988	0.078861
5	27901	1.783422429231	0.078968
5	27905	1.783753759241	0.07893
5	27915	1.784388296864	0.07872
5	27922	1.784704585328	0.078793
5	27929	1.785372616753	0.078848
5	27936	1.785681275745	0.078992
5	27943	1.786398231436	0.078769
5	27953	1.786657160001	0.078655
5	27960	1.787364265554	0.07876
5	27967	1.787670643292	0.07883
5	27977	1.788392191509	0.079907
5	27984	1.788703306973	0.078776
5	27994	1.789378982624	0.078649
5	27998	1.789724984415	0.081214
5	28008	1.790364816329	0.079371
5	28015	1.790746759249	0.079119
5	28022	1.791314923983	0.078701
5	28029	1.791788880062	0.078712
5	28039	1.792345883274	0.07875
5	28049	1.792815891529	0.078693
5	28053	1.793301767061	0.078805
5	28060	1.793820192241	0.078792
5	28067	1.794270678407	0.078676
5	28080	1.794851270186	0.078651
5	28084	1.795238450212	0.078801
5	28091	1.795850658059	0.078728
5	28098	1.796207405856	0.078595
5	28111	1.796833069673	0.078889
5	28115	1.797200721409	0.160217
5	28122	1.797852859729	0.140942
5	28126	1.798242610282	0.083784
5	28142	1.798827038363	0.080264
5	28146	1.799212383463	0.079324
5	28153	1.799866421818	0.078941
5	28160	1.800169771134	0.07899
5	28170	1.800871401741	0.078984
5	28177	1.8011281878	0.079035
5	28184	1.801897713044	0.079249
5	28191	1.80208509274	0.078898
5	28207	1.802877326299	0.079673
5	28211	1.803120978725	0.080207
5	28218	1.803894389297	0.078911
5	28225	1.804076947424	0.078839
5	28238	1.804874440295	0.079055
5	28242	1.80511360834	0.078914
5	28252	1.805855954769	0.089157
5	28256	1.806143953657	0.079968
5	28269	1.806881488778	0.079012
5	28273	1.807176417272	0.078761
5	28283	1.807915231621	0.078883
5	28287	1.808167464545	0.078898
5	28300	1.808950026803	0.078838
5	28304	1.809130016668	0.078856
5	28314	1.809970770296	0.078681
5	28318	1.810095729862	0.078857
5	28331	1.810925038215	0.078673
5	28335	1.811079915545	0.078824
5	28345	1.811951436725	0.078792
5	28349	1.812033184678	0.078717
5	28362	1.812956052236	0.078794
5	28366	1.813079718408	0.078856
5	28376	1.813923912228	0.078798
5	28380	1.8140530458	0.078799
5	28393	1.814887306477	0.078881
5	28397	1.815099452895	0.078876
5	28407	1.815894289539	0.087081
5	28411	1.816137747798	0.079758
5	28424	1.816874092717	0.079
5	28428	1.817182993435	0.07884
5	28438	1.817839472106	0.078772
5	28442	1.818137680697	0.078699
5	28455	1.818866866311	0.078757
5	28459	1.819114771149	0.078727
5	28469	1.819831157993	0.085504
5	28473	1.820120763888	0.078961
5	28486	1.820847228387	0.078768
5	28490	1.821122569898	0.078852
5	28500	1.821883094614	0.078975
5	28504	1.822116633263	0.080047
5	28520	1.822843338015	0.079352
5	28524	1.823070871286	0.078858
5	28534	1.823875631719	0.078653
5	28538	1.824098240144	0.078693
5	28551	1.824922954378	0.0791
5	28555	1.825120862048	0.079
5	28565	1.825909779891	0.081123
5	28569	1.826160187711	0.079677
5	28582	1.826898036126	0.079514
5	28586	1.827201515409	0.078995
5	28593	1.827939021777	0.079861
5	28603	1.828208968775	0.085589
5	28613	1.828899773823	0.079881
5	28617	1.829243034385	0.078913
5	28621	1.829907759746	0.0788
5	28631	1.830221939836	0.079026
5	28644	1.830951395238	0.079279
5	28648	1.831197899665	0.079095
5	28655	1.831955491888	0.079006
5	28665	1.832205734345	0.079094
5	28675	1.832910114274	0.079062
5	28679	1.833179212094	0.079278
5	28686	1.833922200771	0.07904
5	28696	1.834140875469	0.080392
5	28706	1.83488952299	0.079144
5	28710	1.835180324575	0.079146
5	28717	1.835874893984	0.079088
5	28724	1.836130393597	0.078963
5	28737	1.836899402833	0.079036
5	28741	1.837089166102	0.08885
5	28751	1.83788751327	0.079967
5	28755	1.838116462727	0.079609
5	28768	1.838857223971	0.079151
5	28772	1.839130065796	0.078958
5	28782	1.839862182005	0.079046
5	28789	1.840107605317	0.079068
5	28799	1.84091082323	0.080196
5	28803	1.84112897227	0.080215
5	28813	1.841955539838	0.080365
5	28820	1.842159369299	0.084029
5	28833	1.842979587497	0.080821
5	28837	1.843186228579	0.078941
5	28850	1.844013893159	0.078839
5	28854	1.844219829904	0.085953
5	28864	1.845005488085	0.079602
5	28868	1.845241606658	0.079069
5	28881	1.845998669746	0.078802
5	28885	1.846263297865	0.078992
5	28895	1.847006982592	0.080224
5	28899	1.847289981711	0.079137
5	28912	1.848039334336	0.079334
5	28916	1.848282824605	0.089569
5	28926	1.849031042848	0.080014
5	28933	1.849330909574	0.079152
5	28943	1.850034114959	0.079099
5	28947	1.850379936584	0.078994
5	28957	1.851076248414	0.079148
5	28961	1.851363398419	0.07905
5	28974	1.852121081581	0.07906
5	28978	1.852407963056	0.078998
5	28988	1.85317079834	0.079
5	28992	1.85344663911	0.080116
5	29005	1.854194793763	0.07886
5	29009	1.854411130563	0.079043
5	29019	1.855181065756	0.078785
5	29023	1.855388332961	0.079166
5	29036	1.856148220732	0.078918
5	29043	1.856344429442	0.078997
5	29050	1.857181847402	0.078944
5	29054	1.857301323224	0.078953
5	29070	1.858188786044	0.079094
5	29074	1.858308726615	0.086889
5	29081	1.85918553828	0.086301
5	29085	1.859324501131	0.079624
5	29101	1.860184135251	0.080082
5	29105	1.860324363905	0.078839
5	29112	1.861188201074	0.078745
5	29116	1.86128654754	0.078695
5	29129	1.862157709165	0.078885
5	29139	1.862313542886	0.079188
5	29143	1.863117782063	0.078935
5	29150	1.863318962673	0.078861
5	29163	1.864147498249	0.0788
5	29167	1.864292541156	0.078947
5	29174	1.865158620215	0.078981
5	29181	1.865281641892	0.078986
5	29194	1.866164509953	0.080225
5	29198	1.866241566307	0.079103
5	29208	1.867210326954	0.079091
5	29212	1.867242241844	0.079021
5	29222	1.868160986387	0.087018
5	29229	1.868274065004	0.079878
5	29239	1.869135132505	0.079046
5	29243	1.869236257549	0.078766
5	29253	1.87013747595	0.078823
5	29260	1.870274717516	0.078723
5	29270	1.871090586747	0.078773
5	29274	1.87130496813	0.078984
5	29281	1.8721260227	0.078734
5	29291	1.87226334492	0.079967
5	29301	1.87317206746	0.078767
5	29305	1.873280338781	0.078591
5	29315	1.874183684269	0.078924
5	29322	1.874274945019	0.078762
5	29332	1.875217837114	0.078831
5	29336	1.875262764567	0.078717
5	29346	1.876200300967	0.078672
5	29350	1.876303208538	0.078742
5	29363	1.877187369849	0.078803
5	29367	1.877253288791	0.078824
5	29374	1.878175159913	0.078652
5	29378	1.878243351106	0.087922
5	29394	1.879133601092	0.081651
5	29398	1.879217695105	0.08073
5	29402	1.880113997984	0.079889
5	29406	1.880183415033	0.078702
5	29425	1.881074322503	0.078714
5	29429	1.881148395597	0.078802
5	29433	1.882081780938	0.078784
5	29437	1.882108248351	0.078813
5	29459	1.883089917199	0.078946
5	29463	1.88309145322	0.079002
5	29467	1.884082597116	0.078836
5	29471	1.884101010448	0.078837
5	29490	1.885067096819	0.079942
5	29494	1.885127888937	0.078713
5	29498	1.886041807807	0.07903
5	29502	1.886166042476	0.078743
5	29521	1.887036251895	0.078574
5	29525	1.887172725854	0.085034
5	29535	1.888083709858	0.078763
5	29539	1.888126389291	0.078668
5	29552	1.889088391382	0.078815
5	29556	1.889152271578	0.092636
5	29566	1.890125157496	0.079695
5	29570	1.890160042165	0.079042
5	29583	1.891147231503	0.078925
5	29587	1.891184698528	0.080001
5	29600	1.892188508367	0.107018
5	29604	1.892224449157	0.086846
5	29614	1.893139458795	0.080577
5	29618	1.893244851539	0.080461
5	29628	1.894187987497	0.080267
5	29632	1.894227642291	0.080138
5	29645	1.895202467523	0.078946
5	29649	1.895217741092	0.078889
5	29659	1.896175197104	0.078959
5	29663	1.896242491708	0.078924
5	29676	1.897148047314	0.078928
5	29680	1.89720295045	0.078891
5	29690	1.898133348709	0.079112
5	29694	1.898247061811	0.079192
5	29707	1.899159041265	0.080148
5	29711	1.899278070402	0.079004
5	29721	1.900186373028	0.078651
5	29728	1.900281805526	0.078636
5	29738	1.901227227717	0.078845
5	29742	1.901289012718	0.078729
5	29752	1.902202626053	0.09102
5	29756	1.90226316901	0.079749
5	29772	1.903156044354	0.079263
5	29776	1.903310448645	0.078912
5	29786	1.904154977465	0.078702
5	29793	1.904273426506	0.078879
5	29803	1.905107388346	0.078971
5	29807	1.905292922006	0.079031
5	29814	1.906070238912	0.078862
5	29824	1.906339425461	0.078713
5	29834	1.907085356488	0.078789
5	29838	1.907323586301	0.078654
5	29845	1.908109082333	0.078741
5	29849	1.908302012267	0.078819
5	29865	1.909153328649	0.078809
5	29872	1.909342222294	0.078702
5	29876	1.910183835193	0.104869
5	29880	1.910316574868	0.079795
5	29899	1.911204591386	0.08019
5	29903	1.911330256714	0.078929
5	29907	1.912249720635	0.078633
5	29911	1.912320913207	0.079005
5	29927	1.913243010783	0.092385
5	29934	1.913289695886	0.086477
5	29938	1.914272998175	0.083647
5	29945	1.914327493073	0.087279
5	29961	1.915307227359	0.084132
5	29965	1.915356945548	0.082861
5	29972	1.916347317391	0.078991
5	29976	1.916406128319	0.079035
5	29992	1.917317413187	0.080177
5	29996	1.917363869747	0.078843
5	30000	1.918329789209	0.087531
5	30004	1.918381814264	0.080145
5	30020	1.91936686161	0.079456
5	30027	1.919427561725	0.079075
5	30031	1.920341737532	0.079165
5	30038	1.920417155299	0.079152
5	30054	1.921344869441	0.079062
5	30058	1.921410393396	0.078945
5	30065	1.922368174967	0.079032
5	30072	1.922408356249	0.078684
5	30085	1.923355953487	0.07912
5	30089	1.92339706418	0.078939
5	30102	1.924347627822	0.088704
5	30106	1.92436105325	0.080038
5	30116	1.925338983669	0.079289
5	30120	1.925370681335	0.078895
5	30133	1.926322147338	0.078922
5	30137	1.926389549206	0.078809
5	30147	1.927325560441	0.078811
5	30151	1.927351379181	0.078829
5	30164	1.928365327406	0.078943
5	30168	1.928387209778	0.078786
5	30178	1.929352125491	0.080019
5	30182	1.929353039318	0.078794
5	30195	1.930308927234	0.078775
5	30202	1.930330619656	0.078818
5	30209	1.931299581089	0.078622
5	30213	1.931341729598	0.078637
5	30226	1.932317129625	0.078694
5	30230	1.932376226439	0.092148
5	30243	1.93329076229	0.078878
5	30247	1.933351326846	0.078767
5	30254	1.934304085989	0.088008
5	30258	1.934308445595	0.079658
5	30274	1.935264219848	0.079344
5	30278	1.935305375329	0.078878
5	30285	1.93623323877	0.078724
5	30289	1.936349252074	0.078746
5	30305	1.937244319411	0.078862
5	30309	1.937364880338	0.17049
5	30316	1.938263598237	0.149155
5	30320	1.938370888495	0.113691
5	30336	1.939252809431	0.110983
5	30340	1.939372796017	0.110314
5	30347	1.940289764719	0.110189
5	30351	1.940329620342	0.102987
5	30367	1.941331708417	0.097397
5	30371	1.941358058161	0.097308
5	30378	1.942297729374	0.097294
5	30382	1.94231430984	0.098594
5	30401	1.943298129539	0.098357
5	30405	1.943302553723	0.097583
5	30412	1.944273656115	0.097288
5	30416	1.944290314852	0.097368
5	30432	1.945281898067	0.0975
5	30436	1.945297752229	0.206924
5	30446	1.946297316128	0.095791
5	30450	1.946317437288	0.080296
5	30463	1.947274261418	0.079487
5	30467	1.947309191048	0.079028
5	30474	1.948288927171	0.078875
5	30478	1.948347126302	0.079257
5	30494	1.949303846686	0.078978
5	30498	1.949351290909	0.078922
5	30505	1.950258034797	0.078908
5	30512	1.950397444246	0.078734
5	30525	1.951261125547	0.078966
5	30529	1.951372580219	0.08012
5	30539	1.952281219457	0.078835
5	30543	1.952410811814	0.078747
5	30556	1.953314365998	0.078718
5	30560	1.953387699242	0.078797
5	30567	1.954329160062	0.078937
5	30574	1.954366472937	0.090165
5	30587	1.955327466348	0.079845
5	30591	1.955404474559	0.078995
5	30598	1.956360091951	0.078865
5	30602	1.95637514038	0.078877
5	30618	1.957383776365	0.079196
5	30622	1.957417139603	0.07888
5	30629	1.958421940292	0.079818
5	30633	1.958447885564	0.080329
5	30649	1.959440395648	0.080337
5	30653	1.959441811488	0.080245
5	30663	1.960397109531	0.078908
5	30667	1.960489439165	0.07883
5	30677	1.961400397044	0.078997
5	30684	1.961534249055	0.078785
5	30691	1.962390356607	0.078756
5	30704	1.962556467885	0.079291
5	30711	1.963410812127	0.079201
5	30715	1.963578658766	0.081119
5	30725	1.964388190801	0.080273
5	30735	1.964533693766	0.080014
5	30742	1.965370021071	0.079059
5	30746	1.965578241976	0.089495
5	30759	1.966383602901	0.079559
5	30763	1.966543687632	0.079041
5	30773	1.967414761106	0.078824
5	30777	1.967550032869	0.078702
5	30790	1.968367922065	0.078795
5	30794	1.968595824444	0.078709
5	30804	1.969364413464	0.07896
5	30808	1.96954606274	0.078768
5	30821	1.970340397946	0.080037
5	30825	1.97052416622	0.078838
5	30835	1.971334000512	0.079142
5	30839	1.971488247356	0.078782
5	30852	1.972340834656	0.078727
5	30859	1.972451075464	0.078777
5	30866	1.973336810046	0.083076
5	30870	1.973459572807	0.078917
5	30883	1.974353705568	0.07882
5	30887	1.974503162243	0.090292
5	30897	1.975354342173	0.079674
5	30901	1.975496965373	0.087329
5	30914	1.976375750087	0.081044
5	30918	1.976544686795	0.0789
5	30928	1.977365616637	0.078908
5	30932	1.97757545388	0.078843
5	30945	1.978319182436	0.07882
5	30955	1.978599416126	0.078802
5	30959	1.979368186314	0.078775
5	30963	1.979572804571	0.07863
5	30973	1.980334223918	0.120097
5	30983	1.98052827307	0.097088
5	30990	1.981310496733	0.08219
5	30997	1.981514022626	0.080962
5	31007	1.982349716911	0.080718
5	31011	1.982488617478	0.079702
5	31024	1.983312699927	0.079748
5	31028	1.98347231356	0.079231
5	31038	1.984290996297	0.094386
5	31048	1.984510600415	0.079609
5	31055	1.985336171121	0.079089
5	31059	1.985488579218	0.079073
5	31069	1.986305230853	0.080106
5	31076	1.986493386177	0.078767
5	31086	1.987323950022	0.078902
5	31090	1.987529449797	0.078807
5	31103	1.988366864933	0.078898
5	31110	1.988508728174	0.078798
5	31117	1.989363678639	0.078771
5	31121	1.989521282586	0.078879
5	31134	1.990338255167	0.07874
5	31138	1.990526398636	0.078888
5	31148	1.991291150312	0.078849
5	31152	1.991573053326	0.078695
5	31165	1.992295392786	0.078914
5	31175	1.992595663888	0.080724
5	31179	1.993322280327	0.080362
5	31183	1.993623313756	0.080408
5	31196	1.994367575266	0.080491
5	31200	1.994619407158	0.080228
5	31210	1.995385071529	0.089245
5	31214	1.995619290656	0.093039
5	31227	1.996379363474	0.079673
5	31234	1.996584881107	0.079109
5	31241	1.997386330471	0.079022
5	31245	1.997593944694	0.078882
5	31258	1.998435725878	0.07888
5	31262	1.998554402252	0.078801
5	31272	1.999421504656	0.080054
5	31276	1.999536413204	0.078926
5	31291	2.000383529855	0.082143
5	31295	2.00056757535	0.079147
5	31305	2.001406397106	0.079015
5	31309	2.001565835308	0.086664
5	31322	2.002394103638	0.079763
5	31326	2.00256899209	0.079049
5	31339	2.003351654204	0.081001
5	31343	2.003550342767	0.079371
5	31353	2.00430666905	0.07886
5	31360	2.004551848256	0.078834
5	31370	2.005332155564	0.078872
5	31374	2.00553657989	0.079057
5	31381	2.006298471506	0.079028
5	31394	2.006562024572	0.078917
5	31401	2.007275002964	0.079193
5	31405	2.007586240372	0.079222
5	31415	2.008233773803	0.079017
5	31428	2.008578832335	0.0792
5	31432	2.009183870911	0.090025
5	31436	2.009592552391	0.081317
5	31446	2.010226283022	0.078962
5	31459	2.010549366489	0.078827
5	31463	2.011251330959	0.07881
5	31467	2.011569162374	0.07887
5	31483	2.012251719926	0.078855
5	31490	2.012574198259	0.078753
5	31494	2.013235036827	0.078802
5	31501	2.013541378943	0.078844
5	31511	2.014187892885	0.078713
5	31521	2.014505350601	0.078617
5	31525	2.01520395305	0.078808
5	31529	2.015489415662	0.078986
5	31542	2.016163550067	0.093321
5	31549	2.016455416734	0.078743
5	31556	2.017136642165	0.078812
5	31563	2.017463915109	0.078707
5	31570	2.018097205421	0.079365
5	31580	2.018507673833	0.079172
5	31587	2.019070432604	0.078852
5	31594	2.019473522163	0.078803
5	31601	2.020063429282	0.078809
5	31611	2.0204254127	0.078693
5	31621	2.021096066943	0.188395
5	31625	2.021392035256	0.140756
5	31629	2.022075906201	0.117508
5	31639	2.022406544053	0.116487
5	31655	2.023114047455	0.113712
5	31659	2.023415341505	0.113297
5	31663	2.024068666519	0.113138
5	31670	2.024427183806	0.112992
5	31686	2.025092338231	0.114807
5	31690	2.025403973052	0.112993
5	31694	2.026138432047	0.1133
5	31704	2.026443556044	0.112878
5	31714	2.02717567589	0.11294
5	31721	2.027395205191	0.113105
5	31728	2.028145642391	0.256684
5	31732	2.028356246615	0.107526
5	31748	2.029168785226	0.088422
5	31752	2.029315194298	0.088213
5	31759	2.030185544644	0.083235
5	31766	2.030276170131	0.079083
5	31779	2.031160724521	0.087032
5	31783	2.031297966621	0.079512
5	31793	2.032210488734	0.078884
5	31797	2.032329094073	0.07889
5	31807	2.033181704534	0.087379
5	31814	2.033375142455	0.079086
5	31824	2.03418916531	0.079129
5	31828	2.034408186258	0.07906
5	31838	2.035231483688	0.080756
5	31845	2.035417141545	0.080326
5	31855	2.036255180425	0.080155
5	31859	2.036380590644	0.078941
5	31869	2.037234329503	0.093338
5	31876	2.037389782828	0.079872
5	31886	2.038195813569	0.079334
5	31890	2.038361278224	0.078993
5	31900	2.039190747719	0.078867
5	31907	2.039380206955	0.078712
5	31917	2.040143842334	0.078698
5	31921	2.040408652065	0.078679
5	31928	2.041115782291	0.078766
5	31938	2.041387106411	0.080058
5	31945	2.042102331022	0.078828
5	31952	2.042369817248	0.078745
5	31956	2.043078139368	0.078707
5	31972	2.043353172865	0.079286
5	31979	2.044102167083	0.078825
5	31986	2.044376968727	0.078792
5	31993	2.04511831493	0.078852
5	32000	2.045350581699	0.078759
5	32007	2.04607026754	0.078903
5	32014	2.046360602024	0.078962
5	32024	2.047068581155	0.080058
5	32031	2.047367636706	0.07881
5	32038	2.048046763516	0.088392
5	32045	2.048410532081	0.079683
5	32055	2.049084665525	0.079122
5	32062	2.04938171896	0.078877
5	32069	2.050079292267	0.078867
5	32076	2.050341730792	0.078811
5	32089	2.05105825996	0.078871
5	32093	2.051363532416	0.078846
5	32100	2.052104811536	0.078641
5	32104	2.052389408622	0.078632
5	32120	2.053060845939	0.07872
5	32124	2.053424160274	0.080171
5	32131	2.054061475305	0.078879
5	32138	2.054397113928	0.078679
5	32151	2.055068074505	0.078855
5	32155	2.055439696144	0.083484
5	32159	2.056078690193	0.079075
5	32169	2.056481595186	0.078991
5	32182	2.057096216771	0.079232
5	32186	2.057446834133	0.078806
5	32190	2.058120923008	0.078888
5	32200	2.058434524098	0.089289
5	32213	2.059151189004	0.079607
5	32217	2.059417737348	0.088359
5	32224	2.060160918827	0.081686
5	32228	2.060430643074	0.080313
5	32244	2.061204360076	0.080466
5	32248	2.061457019426	0.078939
5	32255	2.062247172763	0.078645
5	32262	2.062492072299	0.078774
5	32278	2.063240948894	0.079416
5	32282	2.063496983681	0.078907
5	32292	2.064227558344	0.079013
5	32296	2.064461950661	0.079065
5	32309	2.065237461328	0.078843
5	32313	2.065489820173	0.079736
5	32323	2.066216533678	0.079446
5	32327	2.066453693003	0.079434
5	32337	2.067183379418	0.079571
5	32344	2.067415018983	0.079444
5	32354	2.068194118341	0.078893
5	32358	2.06845396306	0.078629
5	32368	2.069182971713	0.08835
5	32375	2.069427074987	0.079889
5	32382	2.070169736536	0.079152
5	32389	2.070387915006	0.078824
5	32399	2.07113039414	0.079085
5	32403	2.07137178587	0.07876
5	32413	2.072103043963	0.080989
5	32417	2.072328299575	0.080977
5	32430	2.073135600647	0.080362
5	32434	2.073339735771	0.079549
5	32444	2.074165387191	0.078928
5	32448	2.074351861348	0.078629
5	32461	2.075160400646	0.078791
5	32468	2.075377293172	0.078788
5	32475	2.076148562574	0.079003
5	32479	2.076328578021	0.078578
5	32492	2.077112571995	0.078779
5	32496	2.077363401427	0.084458
5	32506	2.078151635352	0.102229
5	32510	2.078341309423	0.081882
5	32523	2.079105702479	0.079117
5	32527	2.079342638988	0.079043
5	32534	2.080150756722	0.078767
5	32541	2.080340673105	0.088536
5	32554	2.081102191802	0.079511
5	32558	2.08135769536	0.078881
5	32565	2.082118082112	0.078724
5	32572	2.082342914485	0.078811
5	32588	2.083166471082	0.079272
5	32595	2.083385252862	0.078792
5	32599	2.084119518186	0.086838
5	32606	2.084375677363	0.080033
5	32619	2.085138141108	0.079301
5	32626	2.085360784474	0.079151
5	32630	2.086139230721	0.078979
5	32634	2.086316315587	0.078835
5	32650	2.08715474056	0.078736
5	32654	2.087276109946	0.078787
5	32661	2.088135988349	0.078817
5	32665	2.08824690102	0.078765
5	32681	2.089161454811	0.078797
5	32688	2.089269650632	0.078985
5	32692	2.090143295766	0.079133
5	32696	2.090270327031	0.078614
5	32712	2.091134136161	0.07876
5	32716	2.091235528758	0.087856
5	32723	2.092098578683	0.079913
5	32727	2.092196565578	0.079261
5	32743	2.093135172245	0.078883
5	32747	2.093189627712	0.093213
5	32754	2.094126388462	0.079763
5	32758	2.094167508361	0.079091
5	32774	2.0951247934	0.079026
5	32778	2.095183316019	0.078798
5	32785	2.096129897833	0.079143
5	32789	2.09617217413	0.078797
5	32805	2.097091768423	0.07893
5	32809	2.097172065158	0.078858
5	32816	2.098069070876	0.078948
5	32823	2.098135925609	0.079006
5	32836	2.099095684868	0.078749
5	32840	2.099123173597	0.078763
5	32847	2.100067768656	0.078843
5	32854	2.100132827995	0.08288
5	32867	2.101077962042	0.078826
5	32871	2.101145331993	0.078735
5	32884	2.102124578468	0.078705
5	32888	2.1021721323	0.273897
5	32901	2.103168922325	0.105563
5	32905	2.103172460784	0.081586
5	32918	2.104146040359	0.079482
5	32922	2.104167602342	0.079047
5	32932	2.1051212111	0.079077
5	32936	2.105129406306	0.07912
5	32943	2.10612834403	0.079395
5	32950	2.10616878279	0.079216
5	32960	2.107119376075	0.078919
5	32964	2.10719456942	0.089291
5	32974	2.108078166179	0.079579
5	32978	2.108163455781	0.079613
5	32991	2.109126977821	0.080019
5	32995	2.109144237641	0.078789
5	33005	2.110103260847	0.07886
5	33012	2.110160433543	0.079104
5	33022	2.111110579896	0.07904
5	33026	2.111118420234	0.088571
5	33039	2.112141435988	0.079487
5	33043	2.112146983512	0.079229
5	33053	2.113106613207	0.078909
5	33057	2.113126529491	0.079023
5	33070	2.114099206994	0.078693
5	33074	2.114132498956	0.078839
5	33084	2.11506150454	0.078761
5	33088	2.11516497019	0.080037
5	33101	2.116018206531	0.078844
5	33105	2.116156227529	0.078863
5	33115	2.117044366536	0.078874
5	33119	2.117205554122	0.079027
5	33132	2.118016350548	0.078821
5	33136	2.118220130314	0.078981
5	33146	2.119038318719	0.078846
5	33153	2.119251073399	0.093112
5	33163	2.12008475697	0.078919
5	33167	2.120276881759	0.078944
5	33177	2.121104117956	0.078919
5	33184	2.121294818148	0.090495
5	33194	2.122074567879	0.07967
5	33198	2.122298192214	0.079093
5	33214	2.123103705568	0.07955
5	33218	2.123275751623	0.079147
5	33228	2.124088919878	0.078905
5	33232	2.124235982741	0.078828
5	33245	2.125137862263	0.078867
5	33249	2.125269881865	0.078821
5	33259	2.1261724871	0.078763
5	33263	2.126258884273	0.07883
5	33276	2.127200579727	0.078986
5	33280	2.127270094661	0.078785
5	33290	2.128188473135	0.078929
5	33294	2.128291277159	0.078698
5	33304	2.129168740762	0.078769
5	33311	2.129316458409	0.078982
5	33321	2.130213753823	0.078908
5	33325	2.130294089728	0.07899
5	33335	2.131219246414	0.078977
5	33342	2.13133617834	0.079083
5	33352	2.13226263148	0.079132
5	33356	2.13229640935	0.088463
5	33366	2.133276540625	0.079927
5	33370	2.133309223413	0.080499
5	33383	2.134260429123	0.079094
5	33387	2.134293140179	0.079073
5	33397	2.135253655184	0.079139
5	33401	2.13525734345	0.078995
5	33414	2.1362619236	0.079095
5	33418	2.13630239429	0.079079
5	33428	2.13727943698	0.078978
5	33432	2.137301599499	0.079182
5	33445	2.138275012527	0.079106
5	33449	2.138293317095	0.079123
5	33459	2.139231643275	0.078987
5	33463	2.139255939673	0.079137
5	33476	2.140208391766	0.080337
5	33480	2.140227663842	0.079003
5	33493	2.141178774703	0.079097
5	33497	2.141250227774	0.079344
5	33507	2.142217857543	0.078962
5	33511	2.142222480565	0.083863
5	33527	2.143170859677	0.079493
5	33531	2.143222765553	0.078918
5	33541	2.144190725635	0.088363
5	33545	2.144228689921	0.086266
5	33558	2.145180637023	0.079526
5	33562	2.145210616778	0.078867
5	33572	2.146158745953	0.080697
5	33576	2.146237478447	0.080207
5	33589	2.147125823404	0.080362
5	33596	2.147195411057	0.078816
5	33603	2.14815150003	0.078587
5	33607	2.148179016108	0.078895
5	33620	2.149104714851	0.078713
5	33627	2.149168358267	0.086781
5	33634	2.150105029178	0.079983
5	33638	2.150176910116	0.078985
5	33651	2.151071585411	0.078899
5	33655	2.151216931182	0.079251
5	33665	2.152120838298	0.078836
5	33669	2.152184187536	0.081063
5	33682	2.153167582446	0.080521
5	33686	2.153197774953	0.08042
5	33696	2.154170416707	0.090062
5	33700	2.154172118106	0.079881
5	33716	2.155160821843	0.078874
5	33720	2.155160865646	0.079073
5	33727	2.156140942422	0.078956
5	33731	2.156197164951	0.078917
5	33747	2.157142606044	0.079035
5	33754	2.157237862539	0.179763
5	33758	2.158129577956	0.082873
5	33762	2.15822394868	0.079214
5	33775	2.159150988958	0.079378
5	33782	2.159193940393	0.079166
5	33789	2.160120742551	0.079071
5	33793	2.160226245279	0.07912
5	33806	2.161168059379	0.079428
5	33813	2.161264451205	0.078676
5	33820	2.162209316863	0.078747
5	33824	2.162240169602	0.078913
5	33843	2.163238007509	0.079857
5	33847	2.163270496612	0.086857
5	33854	2.164235879587	0.080166
5	33858	2.164281098282	0.078874
5	33874	2.165241379221	0.078785
5	33878	2.165254763976	0.079144
5	33885	2.166200223391	0.079057
5	33889	2.166242398535	0.079198
5	33905	2.167250106063	0.09095
5	33912	2.16727872221	0.08006
5	33916	2.168276920216	0.079303
5	33920	2.168291263506	0.078991
5	33936	2.169277910307	0.0791
5	33940	2.169309429524	0.079134
5	33947	2.170249828417	0.079899
5	33951	2.170347998364	0.079079
5	33967	2.171250925547	0.079337
5	33971	2.17137694869	0.079313
5	33978	2.172260356917	0.079335
5	33982	2.17236548767	0.079262
5	33998	2.173265720747	0.078869
5	34002	2.173333769539	0.0794
5	34009	2.174276012084	0.079113
5	34013	2.174357026057	0.078847
5	34032	2.175288065391	0.079154
5	34036	2.175336592105	0.079087
5	34040	2.176322349161	0.079125
5	34044	2.176329313549	0.079933
5	34060	2.177314862264	0.078727
5	34067	2.177328044589	0.078741
5	34071	2.178316014059	0.078836
5	34075	2.178348892973	0.087693
5	34094	2.179295356247	0.080004
5	34098	2.179321678271	0.079242
5	34102	2.180287047112	0.079075
5	34106	2.180328180175	0.078688
5	34125	2.181325639467	0.079199
5	34129	2.181346424497	0.079319
5	34133	2.182285066321	0.092654
5	34137	2.182382238138	0.080803
5	34156	2.18333183885	0.079465
5	34160	2.183368879881	0.079125
5	34167	2.184335465855	0.078905
5	34171	2.184342423992	0.079089
5	34187	2.185291114385	0.078792
5	34194	2.185323668721	0.079011
5	34198	2.186268035006	0.083826
5	34202	2.186371064113	0.078822
5	34212	2.187246320453	0.078836
5	34222	2.187326396058	0.227045
5	34229	2.188246581591	0.119279
5	34233	2.18831989976	0.109387
5	34246	2.189199492862	0.106782
5	34250	2.189345900499	0.104581
5	34260	2.190221066122	0.10465
5	34264	2.190334678409	0.104994
5	34277	2.191194212352	0.104582
5	34284	2.191343353225	0.108171
5	34291	2.19224049318	0.10564
5	34295	2.192362426063	0.106109
5	34308	2.193234420587	0.104667
5	34315	2.193405394528	0.104756
5	34322	2.194237931279	0.104497
5	34326	2.1943693498	0.164579
5	34342	2.195217946974	0.08126
5	34346	2.195332845067	0.079083
5	34353	2.196170651604	0.079002
5	34357	2.196311314004	0.078943
5	34373	2.197185227494	0.078811
5	34377	2.197273553539	0.078915
5	34384	2.198149443012	0.07909
5	34388	2.198275402938	0.078879
5	34401	2.199151493374	0.078946
5	34408	2.199319940585	0.078978
5	34415	2.200121599996	0.078936
5	34419	2.200286499511	0.078631
5	34429	2.201124531213	0.079953
5	34436	2.201248792346	0.078888
5	34446	2.202166390156	0.078955
5	34450	2.202226850224	0.078841
5	34466	2.203178554507	0.079263
5	34470	2.203272879153	0.090419
5	34480	2.204192368607	0.079807
5	34484	2.204262138704	0.079232
5	34497	2.205183186717	0.087226
5	34504	2.205304674946	0.079278
5	34511	2.206172091175	0.079115
5	34515	2.206298340044	0.079594
5	34525	2.207144357171	0.079142
5	34532	2.2072864909	0.079141
5	34542	2.20814584933	0.079488
5	34546	2.208248646136	0.079279
5	34556	2.209156150915	0.079199
5	34560	2.209295394383	0.079122
5	34573	2.210157987364	0.079565
5	34577	2.210265302321	0.079044
5	34587	2.211174498817	0.079276
5	34591	2.211296541238	0.079234
5	34604	2.212166243219	0.079031
5	34608	2.212343097646	0.078779
5	34618	2.21319363255	0.080039
5	34622	2.213310368946	0.078938
5	34635	2.21420587318	0.078989
5	34639	2.214304568607	0.07889
5	34649	2.215192065341	0.088084
5	34653	2.215293721646	0.079973
5	34666	2.216234824799	0.08133
5	34670	2.216299735949	0.079199
5	34680	2.217283309271	0.078939
5	34684	2.21728799769	0.079019
5	34697	2.218270611292	0.078925
5	34701	2.218298680947	0.078946
5	34711	2.219251437255	0.080154
5	34715	2.219321551829	0.078888
5	34728	2.220241466635	0.07884
5	34732	2.220326522782	0.079179
5	34742	2.22119989299	0.078866
5	34746	2.221285974045	0.079401
5	34759	2.222208288898	0.079105
5	34763	2.222289950979	0.078851
5	34773	2.223203915856	0.07899
5	34777	2.223250171328	0.078938
5	34793	2.22422451995	0.079687
5	34797	2.224296317974	0.081121
5	34804	2.225189331993	0.080926
5	34811	2.225300681673	0.079262
5	34824	2.22614273126	0.088745
5	34828	2.226293654024	0.079923
5	34835	2.227104460677	0.079722
5	34842	2.227340858075	0.084092
5	34855	2.228114956438	0.079124
5	34859	2.228311354535	0.079084
5	34866	2.229148269991	0.07922
5	34873	2.229347314624	0.07917
5	34886	2.230187592114	0.078978
5	34890	2.23036642481	0.078832
5	34897	2.231203968533	0.081069
5	34901	2.231369702715	0.079361
5	34917	2.232251199471	0.079694
5	34921	2.232326537057	0.079109
5	34928	2.233253344386	0.07913
5	34935	2.233333007465	0.079576
5	34948	2.234274011982	0.079041
5	34952	2.234362346969	0.079277
5	34959	2.235240915313	0.08051
5	34966	2.235372659176	0.079105
5	34979	2.236252330402	0.089486
5	34983	2.23635844325	0.080384
5	34990	2.237273445338	0.079304
5	35000	2.237399691844	0.081131
5	35010	2.238285498601	0.080802
5	35014	2.238413803965	0.080439
5	35024	2.239290954594	0.080411
5	35031	2.239381764213	0.080973
5	35041	2.240283602198	0.079985
5	35045	2.24035681212	0.079363
5	35055	2.241262151346	0.079341
5	35062	2.241393813798	0.079357
5	35072	2.242254509479	0.084166
5	35076	2.242351261593	0.082458
5	35086	2.243216396574	0.079478
5	35090	2.243363260614	0.078997
5	35106	2.244170788676	0.079982
5	35110	2.244409636319	0.079191
5	35117	2.245211154872	0.079609
5	35127	2.245391619807	0.078868
5	35137	2.246203036801	0.088526
5	35141	2.246428073413	0.082304
5	35148	2.247252347155	0.091025
5	35158	2.247422201295	0.082702
5	35168	2.248219135526	0.082014
5	35172	2.24838255072	0.080011
5	35179	2.249210396052	0.079828
5	35189	2.249369805294	0.087886
5	35201	2.250206195363	0.091114
5	35205	2.250393060077	0.080232
5	35212	2.251253910479	0.07952
5	35219	2.251411764874	0.079207
5	35232	2.252301042893	0.07912
5	35236	2.252389745727	0.078967
5	35243	2.253271393961	0.079217
5	35253	2.253373467352	0.079005
5	35263	2.254308466805	0.080537
5	35267	2.254356499972	0.078736
5	35280	2.25528627554	0.078806
5	35287	2.255380915333	0.078771
5	35294	2.256302982398	0.078899
5	35298	2.256366525595	0.078852
5	35314	2.257329110896	0.078914
5	35318	2.257400042632	0.079023
5	35325	2.258333773315	0.078814
5	35329	2.258425688928	0.078925
5	35345	2.259289899565	0.078772
5	35349	2.259474610617	0.078899
5	35356	2.260270377005	0.088698
5	35360	2.260478788905	0.08102
5	35376	2.2612920084	0.079141
5	35380	2.26143794152	0.078906
5	35387	2.262341548806	0.078839
5	35391	2.262462966193	0.078802
5	35410	2.263382050015	0.079374
5	35414	2.263510772959	0.07915
5	35421	2.264409349941	0.098408
5	35425	2.264478654	0.080455
5	35441	2.265396353537	0.079044
5	35445	2.265473388986	0.079111
5	35452	2.266363530829	0.080163
5	35456	2.266487993021	0.078784
5	35472	2.267333599046	0.078873
5	35476	2.26745362014	0.078956
5	35483	2.26828644274	0.078791
5	35487	2.268472418265	0.078765
5	35503	2.269319626285	0.089175
5	35507	2.269510584126	0.079784
5	35514	2.270292796867	0.079368
5	35518	2.270550921934	0.093434
5	35534	2.271292848627	0.082438
5	35538	2.271526277855	0.091254
5	35545	2.272327841624	0.091517
5	35549	2.27249777609	0.082767
5	35565	2.273355736583	0.080268
5	35569	2.273466289335	0.08822
5	35576	2.274321942859	0.081291
5	35580	2.274482537868	0.080607
5	35596	2.275350534673	0.089287
5	35600	2.275462516878	0.093094
5	35607	2.276360874239	0.080746
5	35611	2.276412591424	0.088912
5	35627	2.277382557061	0.080711
5	35631	2.277402575712	0.079871
5	35638	2.278368279414	0.081847
5	35642	2.278372583827	0.088401
5	35658	2.279382719995	0.080079
5	35662	2.27941485074	0.088176
5	35669	2.280378974644	0.089732
5	35673	2.280433959745	0.085575
5	35689	2.281357116111	0.082438
5	35693	2.281461254746	0.079941
5	35700	2.282316606654	0.087459
5	35704	2.282419523313	0.080134
5	35723	2.283277709434	0.082448
5	35727	2.283462675064	0.080458
5	35734	2.284251742374	0.088759
5	35738	2.284493784584	0.080475
5	35754	2.285246810994	0.087032
5	35758	2.285454516922	0.09367
5	35762	2.286214025048	0.082195
5	35769	2.286431096311	0.080607
5	35782	2.287225576936	0.090149
5	35789	2.287390805369	0.090493
5	35796	2.28825697905	0.080229
5	35800	2.2883885225	0.080313
5	35813	2.289288255145	0.082098
5	35817	2.289378640964	0.080296
5	35827	2.29033713521	0.090398
5	35831	2.290415073242	0.081093
5	35844	2.291337765919	0.086605
5	35848	2.291412603116	0.079406
5	35858	2.292293931808	0.079153
5	35862	2.29236972036	0.078962
5	35875	2.293249589858	0.079347
5	35879	2.293404378631	0.079942
5	35889	2.294226094331	0.080026
5	35893	2.294448268596	0.079281
5	35906	2.295230217935	0.080766
5	35910	2.29544511756	0.079107
5	35920	2.296230167115	0.079118
5	35927	2.296461168705	0.079817
5	35937	2.297269408053	0.079251
5	35944	2.297431420796	0.078979
5	35951	2.298288392543	0.078993
5	35958	2.298444906801	0.080647
5	35965	2.299275034166	0.079171
5	35975	2.299490885115	0.079858
5	35982	2.300313808866	0.080287
5	35989	2.300442363911	0.080415
5	35996	2.301298586304	0.080322
5	36006	2.301476078069	0.091385
5	36013	2.302303216123	0.081649
5	36017	2.302465703551	0.07995
5	36033	2.303286528329	0.080867
5	36040	2.303494147987	0.079373
5	36047	2.304279441937	0.07909
5	36051	2.304479345563	0.087123
5	36064	2.305293131036	0.081005
5	36068	2.305446009236	0.079256
5	36078	2.306331205199	0.07958
5	36082	2.306478482398	0.080228
5	36095	2.30733208253	0.081659
5	36099	2.307477912242	0.081384
5	36109	2.308347058668	0.08086
5	36113	2.30849681958	0.078992
5	36126	2.309323963655	0.079708
5	36130	2.309524636895	0.07898
5	36140	2.310283815786	0.078757
5	36144	2.310558113872	0.079408
5	36157	2.311270297672	0.07899
5	36164	2.311565092159	0.078814
5	36171	2.312283610479	0.078961
5	36175	2.312567688486	0.089599
5	36185	2.313262341798	0.080103
5	36192	2.313526190401	0.09
5	36202	2.314296891168	0.079316
5	36206	2.314552614526	0.07894
5	36219	2.315322797094	0.090855
5	36226	2.315598213875	0.103768
5	36233	2.316303725934	0.110864
5	36237	2.316612849296	0.104312
5	36247	2.317316285387	0.089693
5	36254	2.317595303548	0.079596
5	36264	2.318272284179	0.078921
5	36268	2.318579533769	0.07906
5	36278	2.319301967603	0.080344
5	36285	2.319537134244	0.081829
5	36295	2.320309192754	0.079632
5	36299	2.32053064812	0.080259
5	36309	2.321298579692	0.081359
5	36316	2.321500529186	0.091227
5	36326	2.322329306459	0.080902
5	36330	2.32248607111	0.079787
5	36340	2.323327771147	0.079373
5	36344	2.323461247016	0.079332
5	36360	2.324341992814	0.08073
5	36364	2.324467736147	0.080696
5	36374	2.325325663856	0.079889
5	36378	2.325449686376	0.07939
5	36391	2.326300713683	0.079209
5	36395	2.326493163085	0.079472
5	36405	2.327324122	0.079283
5	36409	2.327468197323	0.078989
5	36419	2.328299870471	0.079124
5	36426	2.32850629438	0.078754
5	36436	2.329348758685	0.078754
5	36443	2.329506205545	0.079281
5	36450	2.330299863408	0.078815
5	36457	2.330525058879	0.078948
5	36467	2.331314159172	0.086752
5	36471	2.331556137449	0.079948
5	36481	2.332307603233	0.079234
5	36488	2.33258782425	0.08776
5	36498	2.333354491281	0.080383
5	36502	2.333586119168	0.079701
5	36512	2.334366570822	0.080996
5	36519	2.33463009348	0.082811
5	36529	2.335319742575	0.086985
5	36533	2.335650642143	0.082237
5	36543	2.33631153115	0.079609
5	36550	2.336657718232	0.078803
5	36560	2.337343100604	0.080163
5	36564	2.337671108273	0.078827
5	36574	2.338387048722	0.078699
5	36581	2.338649762349	0.078821
5	36591	2.339402112834	0.078818
5	36595	2.339629703833	0.078841
5	36605	2.340394129023	0.07919
5	36615	2.340673572595	0.07902
5	36622	2.341349536295	0.078618
5	36629	2.341641202794	0.078883
5	36636	2.342303824533	0.078797
5	36649	2.342684999634	0.078728
5	36653	2.343345034286	0.078733
5	36657	2.343691777531	0.08074
5	36670	2.344316711198	0.081095
5	36683	2.344736100753	0.078905
5	36687	2.345357496052	0.079802
5	36694	2.345734202283	0.078864
5	36701	2.346367926412	0.078773
5	36714	2.34668658419	0.078819
5	36718	2.347375588427	0.078739
5	36725	2.3476377964	0.07895
5	36735	2.348419919764	0.079243
5	36745	2.348590271084	0.079041
5	36749	2.349413352336	0.08004
5	36753	2.349582506244	0.078703
5	36769	2.350403440304	0.078562
5	36773	2.350609839245	0.078755
5	36780	2.351377803464	0.078654
5	36790	2.351637538135	0.078905
5	36800	2.352349678133	0.078898
5	36807	2.352597165398	0.07893
5	36811	2.353305121475	0.07884
5	36821	2.353629432558	0.078789
5	36828	2.354285173503	0.078796
5	36838	2.354663879544	0.080567
5	36842	2.355259463628	0.09165
5	36852	2.355641380931	0.083987
5	36859	2.356271442643	0.079474
5	36869	2.35663237496	0.079134
5	36876	2.357303433645	0.079009
5	36883	2.357637170213	0.083209
5	36890	2.358276129374	0.079248
5	36900	2.358670967787	0.078742
5	36907	2.359293295695	0.089552
5	36914	2.359715826286	0.079659
5	36918	2.360315314706	0.078999
5	36931	2.36073903526	0.078824
5	36938	2.36127733963	0.078999
5	36945	2.361755777163	0.079946
5	36949	2.362233496468	0.079036
5	36962	2.362767186116	0.078904
5	36966	2.363259729247	0.07874
5	36979	2.363726599349	0.079282
5	36986	2.364234299403	0.078798
5	36996	2.364763325167	0.078894
5	37006	2.365246032501	0.078891
5	37010	2.365812609659	0.078727
5	37017	2.366206941675	0.087576
5	37027	2.366770464382	0.079471
5	37034	2.367178064606	0.07978
5	37041	2.367817980315	0.078753
5	37048	2.368174069292	0.078751
5	37058	2.368841612754	0.078656
5	37062	2.369166141425	0.078842
5	37072	2.369833463268	0.079019
5	37079	2.370116641983	0.078696
5	37089	2.370790836759	0.078638
5	37093	2.371072577169	0.078964
5	37103	2.371813035952	0.078848
5	37107	2.372039000033	0.078783
5	37120	2.372834966252	0.078617
5	37124	2.372992929579	0.083583
5	37134	2.373861126717	0.082789
5	37138	2.374027644118	0.079247
5	37151	2.374831595605	0.07889
5	37155	2.374986219758	0.079213
5	37165	2.375794826125	0.078859
5	37169	2.37593628659	0.078741
5	37182	2.376789113243	0.078965
5	37186	2.376964191743	0.078705
5	37196	2.377784960137	0.07876
5	37200	2.377981913034	0.088601
5	37213	2.378749663519	0.079138
5	37217	2.378977208346	0.078781
5	37227	2.379730738357	0.078943
5	37231	2.380011190405	0.080173
5	37244	2.380711317813	0.082668
5	37248	2.381024121221	0.078772
5	37258	2.381691977812	0.078708
5	37262	2.381975301399	0.079251
5	37275	2.382696279495	0.079084
5	37279	2.382966520515	0.078694
5	37289	2.383658744036	0.079118
5	37296	2.383916782979	0.078917
5	37309	2.384652232115	0.078841
5	37313	2.384868939503	0.078727
5	37323	2.385652020523	0.078869
5	37327	2.385895894107	0.08015
5	37340	2.386632641043	0.085764
5	37344	2.386860694394	0.080436
5	37354	2.387625216851	0.088428
5	37358	2.387866511672	0.079782
5	37371	2.38867071163	0.079004
5	37375	2.388871142781	0.078827
5	37385	2.389697179521	0.078652
5	37392	2.389883048891	0.07905
5	37402	2.390726586765	0.07919
5	37406	2.390901646149	0.080743
5	37419	2.391754172464	0.079663
5	37423	2.391941743229	0.080101
5	37433	2.392775878843	0.078653
5	37437	2.392974861598	0.078863
5	37447	2.393738734413	0.079746
5	37454	2.393979423782	0.078867
5	37464	2.394693839035	0.079006
5	37468	2.394989962567	0.078987
5	37478	2.395668045786	0.078843
5	37485	2.395999170906	0.078999
5	37492	2.396618467633	0.078714
5	37499	2.397026036524	0.078801
5	37506	2.397573300305	0.078938
5	37516	2.398025696681	0.078738
5	37523	2.398571793248	0.083368
5	37530	2.399050228432	0.090397
5	37540	2.399588116961	0.083423
5	37547	2.400095976583	0.081543
5	37554	2.400610744576	0.078917
5	37564	2.401090496371	0.078844
5	37571	2.401634924924	0.07895
5	37578	2.402125192312	0.078658
5	37585	2.402627182625	0.07902
5	37598	2.403076243908	0.079357
5	37605	2.403676434029	0.079025
5	37612	2.404075225512	0.080079
5	37622	2.404686253977	0.079
5	37629	2.40511936067	0.07867
5	37639	2.405693511311	0.078682
5	37646	2.40611212022	0.07875
5	37653	2.406742337649	0.078605
5	37660	2.407084783656	0.078719
5	37670	2.407762948224	0.078796
5	37674	2.408065733171	0.078747
5	37684	2.408729514124	0.086827
5	37691	2.409033183694	0.080346
5	37698	2.409771782754	0.079043
5	37705	2.409993439733	0.078815
5	37718	2.410787310218	0.080585
5	37722	2.410948021638	0.078996
5	37729	2.411778137295	0.078871
5	37733	2.411914554624	0.07871
5	37749	2.412814353156	0.07879
5	37753	2.412908156786	0.078783
5	37760	2.413804533171	0.085444
5	37764	2.413929605271	0.07986
5	37780	2.414851219466	0.082483
5	37784	2.414896078303	0.080072
5	37791	2.415813733039	0.078603
5	37795	2.415880631096	0.078853
5	37811	2.416828537659	0.078959
5	37815	2.416887224663	0.078729
5	37822	2.417866964626	0.078662
5	37826	2.417872886969	0.078806
5	37842	2.418865414	0.087904
5	37846	2.418901166181	0.079811
5	37853	2.419837501942	0.079123
5	37860	2.419864495624	0.078832
5	37873	2.420844464244	0.078873
5	37877	2.420852111357	0.079373
5	37887	2.421836660053	0.134628
5	37891	2.421901019902	0.080163
5	37907	2.422812145981	0.098605
5	37911	2.422903285732	0.079084
5	37921	2.423795100745	0.078895
5	37928	2.423882729895	0.078943
5	37935	2.424760129076	0.087983
5	37942	2.424893815218	0.079144
5	37955	2.425799611389	0.078945
5	37959	2.425922317805	0.078836
5	37969	2.426755581167	0.078762
5	37973	2.426894096536	0.079
5	37983	2.427728086113	0.078942
5	37990	2.42786523259	0.07952
5	38000	2.428742187799	0.117765
5	38004	2.428880542129	0.091225
5	38014	2.429693191854	0.081276
5	38018	2.429835395144	0.079258
5	38028	2.430648300611	0.078874
5	38032	2.430815702021	0.078936
5	38042	2.431623906726	0.078755
5	38052	2.431817266803	0.0789
5	38059	2.432627889148	0.078858
5	38063	2.432796180201	0.079171
5	38079	2.433636701573	0.078887
5	38086	2.433814435384	0.080001
5	38090	2.434655353907	0.078677
5	38094	2.434825265032	0.078799
5	38107	2.435669568636	0.078661
5	38117	2.435832349997	0.078757
5	38121	2.436641273791	0.078749
5	38125	2.436792346932	0.078824
5	38138	2.437683946141	0.078942
5	38145	2.437762369276	0.078934
5	38152	2.438724768198	0.079036
5	38156	2.438757425611	0.08703
5	38169	2.439759468559	0.079608
5	38179	2.439805593517	0.078835
5	38183	2.440722169664	0.087944
5	38187	2.440830493118	0.081076
5	38203	2.441709438975	0.080286
5	38207	2.441872878292	0.078809
5	38214	2.442670932712	0.078811
5	38218	2.442839573625	0.07888
5	38234	2.443718888736	0.079959
5	38241	2.443849295542	0.079182
5	38248	2.444745012346	0.079184
5	38252	2.444830192742	0.079443
5	38265	2.445754183861	0.078915
5	38269	2.445844015358	0.079977
5	38279	2.446726014992	0.079187
5	38283	2.44683036933	0.084271
5	38296	2.447726249304	0.078931
5	38303	2.447851853199	0.07886
5	38310	2.448748313462	0.089543
5	38314	2.448809881551	0.079675
5	38330	2.449721507249	0.079593
5	38334	2.449837051872	0.079082
5	38341	2.450680868589	0.078646
5	38345	2.450820039554	0.078782
5	38361	2.451726453342	0.079004
5	38365	2.451812053289	0.079083
5	38372	2.452721039691	0.078829
5	38379	2.452837000772	0.078793
5	38392	2.453724613575	0.078738
5	38396	2.453801876091	0.078725
5	38406	2.454708283651	0.078808
5	38410	2.454764176888	0.078904
5	38423	2.455756701569	0.078855
5	38427	2.45579152638	0.078747
5	38440	2.456768568353	0.078827
5	38444	2.456810884652	0.07879
5	38454	2.457771009	0.078752
5	38458	2.457793209848	0.078861
5	38468	2.458740103852	0.080236
5	38472	2.458835222956	0.080356
5	38485	2.459707622673	0.080208
5	38489	2.459838095989	0.079579
5	38499	2.460703620374	0.080877
5	38503	2.460807688989	0.079722
5	38516	2.461719508809	0.079186
5	38520	2.461809344248	0.078748
5	38527	2.462671165807	0.078769
5	38531	2.462765676132	0.078977
5	38550	2.463697637784	0.079422
5	38554	2.463743653649	0.078886
5	38561	2.464716055815	0.078784
5	38568	2.464771697074	0.078738
5	38581	2.465731875896	0.078735
5	38585	2.465740595151	0.078988
5	38592	2.466737653634	0.078701
5	38596	2.466766377379	0.088263
5	38612	2.46775013229	0.080209
5	38616	2.467762286363	0.079214
5	38626	2.468769652671	0.079049
5	38630	2.468773248181	0.078885
5	38643	2.469746924038	0.084019
5	38647	2.469779939181	0.081405
5	38657	2.470758220808	0.080414
5	38664	2.470791955867	0.080231
5	38674	2.47173209916	0.080282
5	38678	2.471785761812	0.078914
5	38688	2.472703851304	0.078906
5	38692	2.472754330531	0.078869
5	38705	2.473722082516	0.078818
5	38709	2.473722802764	0.078789
5	38719	2.474718947848	0.078845
5	38723	2.474736322045	0.07862
5	38736	2.475701747029	0.0789
5	38740	2.475718723348	0.078674
5	38750	2.47672555417	0.078792
5	38754	2.476743672365	0.079921
5	38767	2.477703089194	0.07881
5	38771	2.477704786809	0.07912
5	38781	2.478720921945	0.078734
5	38785	2.478753864145	0.078645
5	38798	2.479684258795	0.078856
5	38802	2.479778811678	0.07863
5	38815	2.480720384861	0.07883
5	38819	2.480811965025	0.078938
5	38829	2.48175997083	0.087231
5	38833	2.481823790592	0.07965
5	38846	2.482731973381	0.07968
5	38853	2.48279352794	0.078927
5	38863	2.483684120099	0.078963
5	38867	2.483814625125	0.078743
5	38877	2.484654534571	0.078887
5	38884	2.48484731633	0.079082
5	38894	2.485665644494	0.078877
5	38898	2.485878853472	0.08032
5	38905	2.486677274572	0.08074
5	38915	2.486916493709	0.079193
5	38925	2.48767606674	0.078994
5	38929	2.487937374588	0.078736
5	38936	2.488672335935	0.078905
5	38946	2.488943098701	0.080028
5	38956	2.489629264771	0.078969
5	38960	2.489894166259	0.078835
5	38970	2.490668519471	0.078775
5	38974	2.490890422438	0.078742
5	38987	2.491643082536	0.078691
5	38991	2.491863818905	0.079043
5	39001	2.492622681889	0.093639
5	39008	2.492880568339	0.079895
5	39018	2.49362522844	0.081719
5	39022	2.49385064621	0.079798
5	39032	2.494638098521	0.078823
5	39036	2.494809754528	0.085839
5	39049	2.495660899649	0.080992
5	39053	2.495789750365	0.079199
5	39063	2.496652012378	0.078913
5	39067	2.496752764552	0.07872
5	39080	2.497636060418	0.078875
5	39084	2.49778004591	0.078843
5	39091	2.498606396792	0.078765
5	39098	2.49882249534	0.078646
5	39108	2.499647154733	0.078806
5	39115	2.499775215347	0.07881
5	39124	2.500680964682	0.090068
5	39131	2.500760253703	0.080127
5	39144	2.501680677918	0.079196
5	39148	2.501781165581	0.078925
5	39155	2.502641876302	0.078911
5	39159	2.502780580562	0.079177
5	39178	2.503613739163	0.079786
5	39182	2.503733289229	0.078989
5	39189	2.504587469477	0.079182
5	39193	2.504737550834	0.079346
5	39209	2.505625330601	0.079068
5	39213	2.505766940511	0.079199
5	39223	2.506626539105	0.080613
5	39227	2.506787812726	0.080591
5	39240	2.507598456785	0.080472
5	39244	2.50777759148	0.079259
5	39254	2.508631512274	0.075457
5	39258	2.508812282007	0.074377
5	39271	2.509647856427	0.085334
5	39275	2.509836340843	0.076005
5	39285	2.51066326067	0.075141
5	39289	2.510808371053	0.074799
5	39302	2.511694048965	0.083373
5	39306	2.511781456382	0.07718
5	39319	2.512724678067	0.07929
5	39326	2.512762370144	0.079612
5	39333	2.51370675645	0.078952
5	39337	2.513808687957	0.078714
5	39347	2.514661566657	0.079196
5	39354	2.514836867453	0.078611
5	39361	2.515689050882	0.07877
5	39365	2.515801914124	0.078784
5	39378	2.516732139866	0.078685
5	39385	2.516784809329	0.078788
5	39395	2.517732046598	0.078896
5	39399	2.517755642913	0.079095
5	39409	2.518709284834	0.078751
5	39416	2.518762263384	0.078706
5	39426	2.519702049666	0.197562
5	39430	2.519722374613	0.081127
5	39443	2.520699225748	0.078937
5	39447	2.520707948545	0.079285
5	39457	2.52167335283	0.07895
5	39461	2.521745811722	0.084901
5	39474	2.522631250422	0.079901
5	39481	2.522791771053	0.079015
5	39491	2.523641935565	0.079132
5	39495	2.523764079926	0.078806
5	39508	2.524642064242	0.078892
5	39512	2.524746338202	0.095469
5	39519	2.525608534123	0.082477
5	39529	2.525770017169	0.078996
5	39539	2.526642315743	0.079566
5	39543	2.526807440207	0.079172
5	39550	2.527646042329	0.078874
5	39560	2.527825050753	0.078921
5	39570	2.528609287857	0.090183
5	39574	2.528845869788	0.08014
5	39584	2.52959632931	0.07898
5	39588	2.529816070231	0.078864
5	39601	2.530628028123	0.079365
5	39605	2.530806512997	0.078919
5	39615	2.531588787577	0.078856
5	39619	2.53181450112	0.078688
5	39632	2.532613015311	0.079148
5	39636	2.532805167687	0.078666
5	39643	2.533645115558	0.085643
5	39653	2.53377628409	0.078737
5	39663	2.534621481666	0.078908
5	39667	2.53475405292	0.078994
5	39674	2.535633916643	0.078898
5	39678	2.53576072101	0.079106
5	39694	2.53665906496	0.079139
5	39698	2.536744348926	0.080159
5	39705	2.537656081958	0.079072
5	39712	2.537775227722	0.079068
5	39725	2.538664522562	0.079175
5	39729	2.538763582285	0.078897
5	39736	2.539644370806	0.078767
5	39743	2.539759513868	0.078731
5	39756	2.540674349786	0.08902
5	39760	2.540767040444	0.079507
5	39767	2.541645131526	0.079113
5	39771	2.54175112649	0.078687
5	39790	2.542627095894	0.079103
5	39794	2.542755554478	0.079875
5	39801	2.543626831569	0.078709
5	39805	2.543731838853	0.078708
5	39821	2.544649681744	0.078743
5	39825	2.544722439635	0.078751
5	39835	2.545642061372	0.078803
5	39839	2.545765473319	0.078633
5	39852	2.546681550914	0.0788
5	39856	2.546747163614	0.07889
5	39866	2.547720166688	0.078838
5	39870	2.547795117585	0.078991
5	39883	2.548745917926	0.079029
5	39887	2.548787035906	0.078797
5	39897	2.549765194953	0.087192
5	39901	2.54978594901	0.0797
5	39914	2.55075122113	0.078913
5	39918	2.550808408372	0.078893
5	39928	2.55173632354	0.087766
5	39932	2.551783672206	0.079384
5	39942	2.552691757714	0.078907
5	39946	2.552781042698	0.078644
5	39956	2.553684615076	0.07905
5	39960	2.553767139155	0.07875
5	39973	2.554717792314	0.078838
5	39977	2.554773743883	0.078903
5	39987	2.555762163833	0.079149
5	39991	2.555815472617	0.084788
5	40007	2.556805230617	0.08079
5	40011	2.556833556984	0.080297
5	40018	2.557760889221	0.080237
5	40022	2.557856524769	0.08019
5	40038	2.558751349689	0.079912
5	40042	2.558846495871	0.078736
5	40049	2.559787079629	0.078758
5	40056	2.559892020981	0.078718
5	40069	2.56081873813	0.078869
5	40073	2.560925159871	0.078985
5	40080	2.561820338928	0.088053
5	40084	2.561971923681	0.079406
5	40103	2.562778863095	0.080821
5	40107	2.562941263363	0.080425
5	40114	2.563781876868	0.080349
5	40118	2.563985371853	0.080515
5	40134	2.564804122736	0.078737
5	40138	2.56500399296	0.078802
5	40145	2.565812715262	0.078823
5	40149	2.565973762182	0.078847
5	40165	2.566838552557	0.078694
5	40169	2.566970057666	0.078732
5	40176	2.567870635947	0.078622
5	40180	2.567943607592	0.078695
5	40196	2.568845669576	0.080032
5	40200	2.568948406784	0.078622
5	40207	2.56988549526	0.078702
5	40211	2.569992607965	0.079046
5	40227	2.570913111496	0.078873
5	40231	2.571023639184	0.07885
5	40238	2.571950785022	0.078868
5	40242	2.57199184954	0.078683
5	40258	2.572983870233	0.078596
5	40262	2.572996587594	0.081115
5	40269	2.57393774679	0.079488
5	40273	2.574002147454	0.081823
5	40289	2.574902255776	0.080382
5	40293	2.574988773601	0.080263
5	40300	2.575934211395	0.07888
5	40304	2.575969337659	0.078881
5	40320	2.576900742304	0.090078
5	40324	2.576988609652	0.080035
5	40328	2.577935734918	0.078861
5	40332	2.577959900592	0.078802
5	40351	2.5789372001	0.078729
5	40355	2.578995834958	0.083964
5	40359	2.579919749159	0.080392
5	40366	2.580023270255	0.079094
5	40382	2.580871303735	0.078956
5	40386	2.581026826329	0.078794
5	40390	2.58183691507	0.079976
5	40397	2.582050250638	0.07873
5	40416	2.582880863407	0.079566
5	40420	2.583010536084	0.079055
5	40424	2.583872936159	0.088426
5	40428	2.583981757838	0.14998
5	40447	2.584881210692	0.080038
5	40451	2.585017546042	0.079134
5	40455	2.585862933246	0.078983
5	40459	2.586017846267	0.078662
5	40478	2.586866157728	0.078862
5	40482	2.587022564382	0.080031
5	40486	2.587889414644	0.078843
5	40493	2.58800512298	0.078682
5	40506	2.588897169702	0.078697
5	40513	2.589035491054	0.078761
5	40520	2.589894724879	0.078708
5	40524	2.590010357196	0.078776
5	40537	2.590898613853	0.078556
5	40544	2.59103958192	0.078755
5	40548	2.591919125046	0.078605
5	40555	2.592015495383	0.078635
5	40571	2.592919841593	0.078775
5	40575	2.592993862986	0.078819
5	40579	2.593953435702	0.089547
5	40583	2.593988459818	0.079601
5	40602	2.594978979843	0.078968
5	40606	2.595031643921	0.078753
5	40610	2.595990799638	0.078891
5	40614	2.596002628881	0.078919
5	40633	2.596956441223	0.078705
5	40637	2.597036670292	0.078601
5	40641	2.59799520386	0.078818
5	40645	2.598031378589	0.078656
5	40661	2.59895278056	0.078513
5	40668	2.599045525642	0.078869
5	40672	2.599928059461	0.078732
5	40682	2.600017204457	0.079983
5	40692	2.600954157961	0.078668
5	40696	2.601002741897	0.082722
5	40706	2.601925401985	0.07868
5	40710	2.602010183176	0.078922
5	40726	2.602901563964	0.079109
5	40730	2.602979058317	0.079807
5	40737	2.603915369906	0.086144
5	40744	2.604023540457	0.079353
5	40754	2.604944630356	0.087445
5	40764	2.605070166761	0.079709
5	40768	2.605930673207	0.080251
5	40775	2.606112160255	0.07876
5	40791	2.606951223391	0.078694
5	40795	2.60713116692	0.07882
5	40802	2.607970269224	0.078868
5	40809	2.608104095374	0.078932
5	40816	2.608997096998	0.078725
5	40826	2.609102534011	0.079056
5	40836	2.610003601199	0.079155
5	40840	2.610080340872	0.07906
5	40853	2.610979894476	0.078976
5	40857	2.611045010996	0.079013
5	40864	2.611996289022	0.079245
5	40868	2.612007191963	0.080661
5	40881	2.612951108165	0.079608
5	40888	2.613029204444	0.078945
5	40892	2.613945099747	0.07918
5	40896	2.613997077952	0.07877
5	40912	2.614950956067	0.079084
5	40916	2.614967547904	0.08808
5	40929	2.615938661922	0.079415
5	40933	2.615972660285	0.079268
5	40943	2.616941164444	0.079094
5	40947	2.616952902691	0.078858
5	40954	2.617897445331	0.078783
5	40961	2.617950388183	0.078837
5	40971	2.61887022951	0.079937
5	40978	2.618991029926	0.114331
5	40985	2.619842305759	0.079857
5	40995	2.619993411493	0.079054
5	41002	2.620884481406	0.078953
5	41006	2.620947587493	0.078753
5	41019	2.621880352281	0.078842
5	41026	2.621957452252	0.078787
5	41033	2.622845626301	0.078731
5	41037	2.622922254403	0.078674
5	41053	2.62381575915	0.079387
5	41060	2.623957416944	0.079267
5	41067	2.624776067355	0.079391
5	41071	2.624923012139	0.078865
5	41084	2.625825247444	0.088242
5	41091	2.625893215042	0.080017
5	41098	2.626866409562	0.079068
5	41102	2.62688462043	0.078911
5	41118	2.627895788407	0.07885
5	41122	2.627919559109	0.078714
5	41129	2.628886777787	0.078715
5	41133	2.62888872165	0.078576
5	41149	2.629840952123	0.078782
5	41153	2.629844086104	0.07876
5	41160	2.630843591163	0.086748
5	41164	2.630854130226	0.079852
5	41177	2.631828092856	0.078985
5	41181	2.631883675188	0.078809
5	41191	2.632856712116	0.078769
5	41195	2.632911979704	0.078747
5	41205	2.633833030191	0.078897
5	41212	2.633868683845	0.078753
5	41222	2.634822891597	0.078592
5	41226	2.634863001442	0.078755
5	41239	2.635817193582	0.078691
5	41243	2.635827680629	0.078697
5	41253	2.636779418248	0.078947
5	41257	2.636832086884	0.078802
5	41270	2.637796088575	0.087609
5	41274	2.637804937152	0.079514
5	41284	2.638754335515	0.078975
5	41288	2.638830718727	0.078974
5	41301	2.639790784453	0.078682
5	41305	2.63985605063	0.07849
5	41315	2.640765980931	0.078754
5	41319	2.640863592487	0.078855
5	41332	2.641751684773	0.078737
5	41336	2.641816223039	0.078629
5	41346	2.642798355707	0.078638
5	41350	2.642857408785	0.080233
5	41366	2.643825003486	0.080501
5	41370	2.643844214258	0.078991
5	41380	2.644857125601	0.078891
5	41384	2.644888747253	0.078818
5	41397	2.645818946525	0.078748
5	41401	2.645895275838	0.082292
5	41411	2.646834643017	0.078838
5	41415	2.646879045922	0.078662
5	41428	2.647828824679	0.078704
5	41435	2.647886577202	0.078695
5	41442	2.648847616717	0.088366
5	41446	2.648913787055	0.079836
5	41459	2.649892850622	0.078882
5	41466	2.649962687736	0.078756
5	41473	2.650887792702	0.078901
5	41477	2.650922919274	0.078681
5	41490	2.651907779526	0.078705
5	41494	2.651915220551	0.078792
5	41504	2.652926465036	0.078654
5	41508	2.652953195688	0.078624
5	41521	2.653908273756	0.078647
5	41525	2.653919785887	0.08304
5	41535	2.654905848813	0.080434
5	41539	2.654915375145	0.080037
5	41552	2.655858218542	0.07891
5	41556	2.655874810624	0.078913
5	41566	2.656863396205	0.078792
5	41570	2.656902029323	0.078852
5	41580	2.657849588685	0.07884
5	41584	2.657886222067	0.085849
5	41597	2.658812577335	0.087239
5	41601	2.658930323115	0.079218
5	41611	2.659855150775	0.078797
5	41618	2.65995442945	0.078931
5	41628	2.660874436051	0.078613
5	41632	2.660990331634	0.079157
5	41645	2.661850629238	0.078752
5	41649	2.661942301966	0.078576
5	41659	2.662818946942	0.078738
5	41663	2.662937358971	0.078662
5	41679	2.663844091591	0.079095
5	41686	2.663975811514	0.07886
5	41693	2.664825488624	0.07872
5	41697	2.66495997193	0.078793
5	41710	2.665862994984	0.078933
5	41714	2.665977864456	0.078714
5	41724	2.666842587005	0.078816
5	41731	2.666971791405	0.079808
5	41741	2.667827039998	0.079262
5	41745	2.668016491482	0.078683
5	41755	2.668875475802	0.094151
5	41759	2.669002675701	0.079646
5	41772	2.669828616819	0.078943
5	41776	2.670038545638	0.078745
5	41786	2.670797013681	0.078873
5	41793	2.671007363261	0.078772
5	41803	2.671845326704	0.078831
5	41807	2.672020474804	0.078812
5	41820	2.672839319603	0.078746
5	41824	2.673025316283	0.078951
5	41834	2.673807320084	0.078766
5	41841	2.674023688634	0.078695
5	41848	2.674806478524	0.078754
5	41855	2.675002319187	0.078553
5	41865	2.675827467108	0.078643
5	41872	2.675975242523	0.078863
5	41882	2.676832752988	0.078842
5	41886	2.676949986246	0.078822
5	41896	2.677851223982	0.078794
5	41903	2.677936511608	0.078808
5	41913	2.678896198091	0.078743
5	41917	2.678921531258	0.079041
5	41927	2.679891834725	0.08036
5	41934	2.679907701299	0.089502
5	41944	2.680864483394	0.081245
5	41948	2.680903464899	0.078934
5	41961	2.681822655934	0.079041
5	41965	2.681863408149	0.078758
5	41978	2.682818427938	0.079167
5	41982	2.682903588543	0.078885
5	41992	2.683795310403	0.078736
5	41999	2.68392473693	0.079258
5	42009	2.684752388235	0.089897
5	42013	2.684932571096	0.081471
5	42023	2.685705600283	0.079383
5	42030	2.685960412955	0.078685
5	42040	2.686726069008	0.079149
5	42044	2.686992411314	0.078738
5	42054	2.687706499574	0.078867
5	42064	2.688028111742	0.078616
5	42071	2.688752114609	0.078612
5	42075	2.689000195614	0.078591
5	42085	2.689776140644	0.07887
5	42095	2.690000559088	0.078878
5	42102	2.690738313029	0.0788
5	42106	2.690970464822	0.086953
5	42116	2.691689535519	0.087413
5	42120	2.691962089719	0.08077
5	42133	2.692672157516	0.080416
5	42137	2.69294934191	0.078757
5	42147	2.693622186212	0.078631
5	42151	2.693909419918	0.078657
5	42164	2.694586406487	0.078714
5	42168	2.694879471166	0.078749
5	42175	2.695544363693	0.078814
5	42182	2.695893104056	0.079244
5	42195	2.696529062207	0.079101
5	42199	2.696942746006	0.079
5	42206	2.697548914515	0.078895
5	42213	2.697937587826	0.080218
5	42226	2.698539599461	0.079039
5	42230	2.698911787586	0.078808
5	42240	2.699519194952	0.078744
5	42244	2.699942237953	0.078776
5	42257	2.700500185473	0.078719
5	42261	2.700918993482	0.07899
5	42271	2.701457887612	0.078794
5	42275	2.701871312876	0.078681
5	42291	2.702419989578	0.081186
5	42295	2.702854327982	0.079397
5	42302	2.703375195302	0.079138
5	42309	2.703842170957	0.079945
5	42319	2.704412450421	0.078876
5	42326	2.70487189718	0.078822
5	42333	2.705437362103	0.079196
5	42340	2.705871363479	0.168416
5	42350	2.706449264463	0.224647
5	42357	2.706907043611	0.260696
5	42367	2.707432223396	0.193909
5	42371	2.707941058492	0.210226
5	42378	2.708399363276	0.194673
5	42388	2.708906336542	0.212185
5	42392	2.709365081428	0.191298
5	42402	2.709888087662	0.189799
5	42409	2.710324228258	0.190324
5	42419	2.710891865064	0.189835
5	42426	2.711326499406	0.307582
5	42433	2.711890560135	0.123958
5	42443	2.712362993554	0.081643
5	42450	2.712935413754	0.078959
5	42460	2.713380439627	0.078948
5	42464	2.713950200536	0.07887
5	42471	2.71434230802	0.078923
5	42481	2.714930345474	0.079029
5	42488	2.715371281994	0.078661
5	42495	2.715977802769	0.078724
5	42502	2.716339414015	0.078746
5	42512	2.717005449411	0.07896
5	42519	2.717340795109	0.07871
5	42529	2.717970124933	0.078932
5	42533	2.718317251802	0.080102
5	42543	2.718949113999	0.07885
5	42550	2.719362544039	0.07858
5	42557	2.719993033809	0.078762
5	42564	2.720399426656	0.078737
5	42574	2.720994973561	0.089295
5	42584	2.721448477876	0.080148
5	42588	2.722007380277	0.07915
5	42595	2.722482745381	0.078976
5	42608	2.723013020929	0.0793
5	42618	2.723444369881	0.078863
5	42622	2.723998833662	0.080254
5	42629	2.724451631825	0.078792
5	42636	2.724954900235	0.078847
5	42649	2.725467809583	0.078842
5	42653	2.725989343959	0.078704
5	42660	2.726490478584	0.087534
5	42670	2.727018047328	0.078832
5	42680	2.72745534606	0.078796
5	42687	2.728034142344	0.078996
5	42691	2.728430253438	0.078814
5	42701	2.72904607261	0.078874
5	42711	2.729452345631	0.078814
5	42715	2.730022614908	0.078727
5	42722	2.730426580265	0.090521
5	42732	2.731024400747	0.079816
5	42742	2.731412546811	0.078928
5	42746	2.731992051244	0.078814
5	42753	2.732385579422	0.07878
5	42763	2.733033328269	0.078844
5	42773	2.733362937052	0.078969
5	42777	2.734028107486	0.078788
5	42784	2.734367438145	0.078706
5	42794	2.735036496762	0.078567
5	42804	2.735400229896	0.078843
5	42808	2.736036745075	0.078723
5	42815	2.736411914724	0.078728
5	42825	2.737003542279	0.080191
5	42832	2.737443032427	0.080203
5	42839	2.737963204865	0.080242
5	42843	2.738462308038	0.078925
5	42856	2.738919117126	0.140993
5	42860	2.739429176932	0.079778
5	42870	2.739883088448	0.079047
5	42874	2.740411679356	0.078906
5	42887	2.740895000815	0.078769
5	42891	2.741456536223	0.088046
5	42901	2.741930084736	0.079915
5	42905	2.742414222362	0.079233
5	42921	2.742946747688	0.080559
5	42925	2.743452489063	0.080439
5	42935	2.74394973728	0.080261
5	42942	2.744502071815	0.079738
5	42949	2.744978400832	0.07892
5	42959	2.745499826451	0.086227
5	42966	2.745962143442	0.080165
5	42973	2.74647957044	0.079452
5	42980	2.746997839584	0.079065
5	42990	2.747458547745	0.078691
5	42997	2.747947918316	0.078671
5	43001	2.748423579947	0.083743
5	43011	2.748984272921	0.07883
5	43021	2.749465939223	0.078781
5	43028	2.749949577001	0.078599
5	43034	2.750498961623	0.08282
5	43044	2.75091318714	0.079222
5	43054	2.751476575001	0.080141
5	43061	2.751876676632	0.078676
5	43065	2.752446011729	0.078823
5	43075	2.752877904194	0.079023
5	43085	2.753411606587	0.078703
5	43092	2.75388586169	0.0789
5	43099	2.754446313038	0.078727
5	43106	2.754870547489	0.078792
5	43113	2.755492656233	0.079099
5	43120	2.755905403295	0.079117
5	43130	2.756476164782	0.078961
5	43137	2.756904453527	0.079013
5	43144	2.757506061764	0.079103
5	43154	2.757913703627	0.080124
5	43161	2.758502648391	0.079066
5	43168	2.758941128723	0.078943
5	43175	2.75949909125	0.078781
5	43185	2.759945406748	0.078818
5	43192	2.760481283235	0.089452
5	43199	2.760953639384	0.07985
5	43206	2.761460318631	0.078906
5	43213	2.761967550734	0.078798
5	43223	2.762485177974	0.078906
5	43230	2.762971793147	0.078814
5	43240	2.763476758539	0.079422
5	43247	2.763952084139	0.078861
5	43257	2.764452875035	0.0789
5	43264	2.764978257607	0.078947
5	43271	2.765416006296	0.078728
5	43278	2.766013222292	0.078632
5	43288	2.766380367232	0.07892
5	43295	2.767059473652	0.078902
5	43302	2.767379203692	0.078697
5	43315	2.768104718284	0.103336
5	43319	2.768362349483	0.079733
5	43326	2.769143461957	0.078799
5	43333	2.76941026198	0.079004
5	43346	2.770111753568	0.080599
5	43350	2.770364086361	0.09072
5	43357	2.771076737173	0.080474
5	43361	2.771343713543	0.081264
5	43377	2.772070530396	0.079641
5	43381	2.772295971615	0.078937
5	43388	2.773117795101	0.078715
5	43392	2.773321680632	0.07963
5	43408	2.774111796659	0.079023
5	43412	2.774304142907	0.078992
5	43419	2.775117865881	0.078864
5	43423	2.775288151483	0.078683
5	43439	2.776077197225	0.079172
5	43443	2.776282258778	0.078963
5	43450	2.777073502539	0.078693
5	43454	2.777315931063	0.078863
5	43470	2.778037734001	0.078701
5	43474	2.778318601886	0.07878
5	43481	2.779043858699	0.078805
5	43488	2.779285836215	0.078836
5	43501	2.780024635748	0.078798
5	43505	2.780318859821	0.078808
5	43512	2.781017853562	0.079022
5	43519	2.781285203952	0.078917
5	43532	2.781978487203	0.078657
5	43536	2.782264552499	0.079636
5	43549	2.783014923943	0.079937
5	43553	2.78327238591	0.079042
5	43566	2.784017873876	0.189378
5	43570	2.78430893248	0.101831
5	43577	2.784991754602	0.143139
5	43584	2.785291028841	0.094593
5	43597	2.785965480433	0.079146
5	43601	2.786288779462	0.078853
5	43608	2.786952295747	0.08
5	43618	2.787322568505	0.079849
5	43628	2.787962095499	0.080252
5	43632	2.788343483389	0.080338
5	43639	2.788925844321	0.087012
5	43649	2.789356954938	0.080433
5	43659	2.789956413029	0.079058
5	43663	2.790313505476	0.079033
5	43670	2.790914454293	0.078987
5	43683	2.791335239979	0.078974
5	43690	2.791891993418	0.078716
5	43694	2.792367804941	0.078772
5	43698	2.792900748243	0.078817
5	43717	2.793391275045	0.081068
5	43721	2.79391395582	0.080297
5	43725	2.79440316477	0.090952
5	43729	2.794917308315	0.079842
5	43748	2.795385509939	0.079148
5	43752	2.795930052917	0.078908
5	43756	2.796432908005	0.078851
5	43763	2.79696354722	0.078965
5	43779	2.797423747448	0.078881
5	43783	2.797918988651	0.078817
5	43787	2.798377495766	0.078871
5	43791	2.798947215133	0.078847
5	43807	2.799400554056	0.078978
5	43814	2.799965841603	0.078719
5	43818	2.800405500252	0.079002
5	43822	2.801004963642	0.078969
5	43835	2.801419952846	0.079126
5	43845	2.80201140727	0.079114
5	43849	2.802413778728	0.079072
5	43853	2.802994916689	0.079006
5	43866	2.80338187097	0.079361
5	43879	2.804016824425	0.087993
5	43883	2.80433258517	0.080313
5	43887	2.805015591917	0.079325
5	43897	2.805381580276	0.080411
5	43910	2.806044673504	0.078966
5	43914	2.806382526055	0.078907
5	43918	2.807040857765	0.078877
5	43931	2.807404016446	0.078951
5	43941	2.808029541472	0.078992
5	43945	2.808440944292	0.078943
5	43949	2.809026271305	0.079031
5	43965	2.809487930176	0.07903
5	43972	2.809982764394	0.079081
5	43976	2.810526117406	0.078961
5	43980	2.811025877649	0.079
5	43996	2.811567590374	0.078982
5	44003	2.812061744174	0.084565
5	44007	2.812589676055	0.079008
5	44014	2.813079125532	0.078973
5	44030	2.81363808268	0.078742
5	44034	2.814060069745	0.078797
5	44038	2.814621532012	0.078917
5	44045	2.815015218015	0.07884
5	44061	2.81565608302	0.078996
5	44065	2.816059772051	0.088188
5	44069	2.816680605182	0.079768
5	44076	2.817105038404	0.078896
5	44092	2.81766737877	0.078632
5	44096	2.818106714609	0.078759
5	44100	2.818623578523	0.079839
5	44107	2.819067864472	0.078621
5	44123	2.819589522613	0.078706
5	44127	2.82007467716	0.085768
5	44131	2.820639438986	0.079602
5	44144	2.82112044028	0.079031
5	44151	2.821655803031	0.078706
5	44158	2.822073969241	0.078796
5	44165	2.822646442983	0.078768
5	44169	2.823095377425	0.07888
5	44185	2.82363491908	0.078919
5	44192	2.824082976421	0.079453
5	44199	2.824596635486	0.078678
5	44206	2.825126403987	0.078694
5	44216	2.825585032939	0.088252
5	44223	2.82608534454	0.079637
5	44227	2.826603078847	0.079087
5	44237	2.827044348251	0.078782
5	44247	2.827625145585	0.078735
5	44254	2.828061037602	0.078675
5	44258	2.828590691956	0.078768
5	44268	2.829071587029	0.07867
5	44278	2.829555435875	0.078776
5	44285	2.830107259541	0.078726
5	44289	2.830556406351	0.079864
5	44299	2.831111614216	0.078776
5	44309	2.831534255622	0.078804
5	44316	2.832116151003	0.078554
5	44323	2.832578764781	0.078757
5	44330	2.833099215615	0.084027
5	44340	2.833541286959	0.082107
5	44347	2.834108241472	0.079048
5	44354	2.834527577952	0.084925
5	44358	2.835071048319	0.079495
5	44371	2.835572900639	0.078769
5	44378	2.836099147061	0.078906
5	44385	2.836586855992	0.078693
5	44395	2.837117460038	0.090176
5	44402	2.837586440593	0.080055
5	44409	2.838158468692	0.079184
5	44413	2.838636108508	0.078906
5	44423	2.839146103807	0.078676
5	44433	2.839659314548	0.078906
5	44440	2.840172844601	0.078778
5	44447	2.840656532931	0.078825
5	44454	2.841137026544	0.078811
5	44467	2.841683318372	0.078781
5	44471	2.842125126162	0.078647
5	44484	2.842676074041	0.079876
5	44488	2.843096378355	0.078896
5	44501	2.843719310014	0.078826
5	44505	2.844111539042	0.078666
5	44515	2.844673513582	0.085721
5	44519	2.845074617992	0.079769
5	44529	2.845673337929	0.078951
5	44536	2.846073208076	0.078846
5	44546	2.846718896991	0.078619
5	44550	2.84707284011	0.078742
5	44560	2.84773176649	0.078768
5	44567	2.848076606022	0.078726
5	44577	2.848758209682	0.087417
5	44584	2.849048484853	0.080725
5	44594	2.849738985188	0.078815
5	44598	2.850049136533	0.078894
5	44605	2.850711491935	0.078794
5	44612	2.851026104909	0.078917
5	44625	2.851694322263	0.078859
5	44629	2.852029723767	0.078681
5	44636	2.852725476876	0.078616
5	44646	2.852991048031	0.078837
5	44653	2.853707200473	0.078804
5	44660	2.854014476693	0.078848
5	44667	2.85470436882	0.078833
5	44671	2.85497896179	0.078708
5	44684	2.855693134348	0.079951
5	44694	2.856008297828	0.078919
5	44698	2.856664247213	0.078624
5	44705	2.857050856562	0.078677
5	44715	2.857629209852	0.082137
5	44725	2.858093992354	0.078652
5	44729	2.858639574483	0.078681
5	44736	2.859078080914	0.078678
5	44746	2.859629892753	0.078694
5	44753	2.860102208724	0.087192
5	44760	2.860645967557	0.079765
5	44767	2.861073164592	0.078921
5	44777	2.86167858405	0.078932
5	44784	2.862078656616	0.079745
5	44791	2.862687620351	0.078511
5	44801	2.863077540702	0.078891
5	44814	2.863721997858	0.078691
5	44821	2.864043609036	0.07886
5	44825	2.864761641832	0.079112
5	44832	2.865082319974	0.079145
5	44845	2.865735362728	0.07889
5	44852	2.866035055236	0.078896
5	44856	2.866739070229	0.078693
5	44863	2.867004241473	0.078797
5	44876	2.867786455675	0.078707
5	44883	2.868048046016	0.080035
5	44890	2.868829923754	0.078799
5	44894	2.869037182955	0.078766
5	44907	2.869872256521	0.078764
5	44914	2.87006348894	0.089553
5	44921	2.870871645063	0.079437
5	44928	2.871040639786	0.087575
5	44938	2.871857260044	0.07996
5	44945	2.872075765327	0.169906
5	44949	2.872849760722	0.080777
5	44959	2.873092505431	0.079672
5	44969	2.873870205964	0.080795
5	44973	2.87412226193	0.078976
5	44980	2.874877559407	0.088866
5	44990	2.875127140092	0.080182
5	45000	2.875913383305	0.079866
5	45004	2.876142790438	0.080632
5	45011	2.876938440545	0.120147
5	45021	2.877099046696	0.115975
5	45031	2.877924103528	0.098985
5	45038	2.878138624587	0.123496
5	45045	2.878932799653	0.248962
5	45052	2.879172571177	0.213451
5	45062	2.879920346679	0.192554
5	45069	2.880193824144	0.233457
5	45076	2.880917667881	0.198333
5	45083	2.881170619532	0.191526
5	45093	2.881906288039	0.258772
5	45097	2.882159288045	0.31277
5	45113	2.882943695432	0.196551
5	45117	2.883133616458	0.191749
5	45127	2.883894904844	0.210865
5	45131	2.884159878548	0.179156
5	45144	2.884923392779	0.169841
5	45148	2.885138206151	0.231254
5	45158	2.885884135113	0.149102
5	45162	2.886109915768	0.139995
5	45175	2.886883511604	0.201862
5	45179	2.887140171729	0.088379
5	45189	2.887834283166	0.081209
5	45193	2.8881076633	0.080743
5	45206	2.888854287083	0.080699
5	45210	2.889067699178	0.07884
5	45220	2.889827119657	0.078888
5	45224	2.89003452374	0.079038
5	45234	2.890801175899	0.078957
5	45241	2.891014000962	0.078783
5	45251	2.891809613194	0.078808
5	45255	2.89205215335	0.078859
5	45262	2.892818246023	0.078743
5	45272	2.89304867455	0.078746
5	45282	2.893799368844	0.078974
5	45286	2.894044943179	0.079126
5	45299	2.894829360332	0.079202
5	45303	2.895082986679	0.078759
5	45310	2.895826791308	0.078599
5	45317	2.896113388961	0.078741
5	45330	2.896844356693	0.093047
5	45337	2.897115382162	0.079416
5	45341	2.897800866771	0.078815
5	45348	2.898083433647	0.079017
5	45361	2.89881981234	0.078925
5	45368	2.899040751673	0.078965
5	45372	2.899786219962	0.079982
5	45376	2.900073126283	0.078803
5	45392	2.900806768335	0.078713
5	45399	2.901045506322	0.078796
5	45403	2.901764922075	0.078907
5	45407	2.902069144343	0.079175
5	45426	2.902772252566	0.080022
5	45433	2.903048690344	0.078965
5	45437	2.903777652083	0.078809
5	45444	2.904043282843	0.079176
5	45460	2.904737183861	0.079308
5	45464	2.905027870982	0.079132
5	45468	2.905742450686	0.080838
5	45472	2.906066716923	0.080385
5	45491	2.906695856451	0.080287
5	45495	2.907098923467	0.079797
5	45499	2.907721550254	0.08917
5	45506	2.908142441475	0.079533
5	45519	2.908672233046	0.085325
5	45526	2.909128283598	0.079234
5	45530	2.909647746188	0.078835
5	45537	2.910143620201	0.078919
5	45550	2.910653761685	0.078847
5	45557	2.911099667545	0.079018
5	45561	2.911664214874	0.078855
5	45565	2.912066406504	0.080191
5	45578	2.912630391158	0.078992
5	45588	2.913049750289	0.078835
5	45592	2.91359390317	0.078841
5	45596	2.914003105984	0.078735
5	45609	2.914635753072	0.078723
5	45619	2.915013544129	0.078783
5	45623	2.915642787765	0.078782
5	45627	2.916041833945	0.078825
5	45643	2.91662502691	0.078904
5	45650	2.917069033405	0.078947
5	45654	2.917656105719	0.078777
5	45658	2.91808711581	0.078686
5	45671	2.918681154417	0.080209
5	45681	2.919125340927	0.089269
5	45685	2.91963692355	0.079888
5	45692	2.920166927515	0.079011
5	45702	2.920592945194	0.078655
5	45712	2.921137680943	0.079138
5	45716	2.921623365368	0.078842
5	45723	2.922169545834	0.078836
5	45736	2.9226292375	0.080032
5	45746	2.923213444927	0.078937
5	45750	2.923650347121	0.086601
5	45757	2.924214282709	0.079762
5	45770	2.924642920374	0.080567
5	45777	2.925228615164	0.078733
5	45781	2.925633957706	0.078868
5	45788	2.926192646205	0.079074
5	45801	2.926682790687	0.078919
5	45808	2.92716527172	0.07904
5	45812	2.927702891531	0.079185
5	45819	2.928189506546	0.078985
5	45832	2.928704639292	0.079109
5	45836	2.929222599127	0.078894
5	45843	2.929658469877	0.07896
5	45850	2.930223969916	0.087402
5	45860	2.930675068316	0.079558
5	45867	2.931238721573	0.084009
5	45874	2.931706086741	0.078853
5	45881	2.932195371179	0.078897
5	45891	2.932688799754	0.078946
5	45898	2.933184069348	0.078791
5	45905	2.933665080052	0.078743
5	45912	2.934213563866	0.078799
5	45922	2.934709986246	0.078818
5	45929	2.935177298198	0.078905
5	45936	2.935715165499	0.078638
5	45943	2.936186898056	0.078836
5	45953	2.936724556398	0.078863
5	45963	2.937205336649	0.078775
5	45967	2.937682914376	0.08002
5	45974	2.938210106048	0.078768
5	45984	2.938674478815	0.07876
5	45991	2.939201154588	0.078771
5	45998	2.939650703231	0.078704
5	46005	2.940157937621	0.07864
5	46015	2.940637715428	0.078862
5	46022	2.941135735149	0.078839
5	46029	2.94166273775	0.078804
5	46039	2.942129793371	0.08779
5	46043	2.942631184194	0.079832
5	46059	2.943107552884	0.081369
5	46063	2.943583058517	0.080435
5	46073	2.944155045705	0.080482
5	46080	2.94453862365	0.084974
5	46090	2.945195569264	0.081947
5	46094	2.945524209855	0.07889
5	46101	2.946179654904	0.078913
5	46108	2.946538844909	0.079158
5	46121	2.947145807594	0.080361
5	46125	2.947507290005	0.093492
5	46135	2.948104757917	0.08434
5	46139	2.948473714394	0.079928
5	46152	2.949065402703	0.080304
5	46156	2.949450268633	0.07919
5	46166	2.950100725652	0.078885
5	46170	2.950437388404	0.078913
5	46183	2.951145857568	0.078829
5	46187	2.951404762625	0.078653
5	46197	2.952101016531	0.079005
5	46201	2.952361650753	0.089244
5	46214	2.953083382694	0.079778
5	46218	2.953375209887	0.083157
5	46228	2.954066165755	0.078827
5	46235	2.954377923409	0.078999
5	46242	2.955069959323	0.07879
5	46252	2.955426122134	0.080201
5	46256	2.956022571392	0.078959
5	46266	2.956392627117	0.079086
5	46273	2.957049657741	0.08037
5	46283	2.957362368245	0.08193
5	46290	2.958009231971	0.080344
5	46297	2.958329600443	0.081633
5	46304	2.959056614986	0.080981
5	46311	2.959310141906	0.080131
5	46324	2.960099353929	0.079059
5	46328	2.960312425247	0.07868
5	46338	2.961123357783	0.078705
5	46342	2.961269718602	0.078932
5	46358	2.962165196714	0.091746
5	46362	2.962252415534	0.079951
5	46372	2.963145392729	0.079039
5	46376	2.963227465342	0.088153
5	46389	2.964121192683	0.079906
5	46393	2.964219660388	0.079185
5	46403	2.965092880699	0.07896
5	46407	2.965171243074	0.078778
5	46417	2.966075153852	0.078808
5	46424	2.966178438451	0.079121
5	46434	2.967076939734	0.078931
5	46438	2.9671992769	0.079547
5	46451	2.968125970274	0.078696
5	46455	2.968170541113	0.078786
5	46465	2.969099080914	0.078751
5	46469	2.969178706202	0.078997
5	46476	2.970116850022	0.078933
5	46483	2.970190249177	0.078836
5	46496	2.971071689454	0.078721
5	46500	2.971141199387	0.078942
5	46507	2.972059551412	0.078744
5	46514	2.972185169822	0.078645
5	46527	2.973045990529	0.078727
5	46531	2.973221139159	0.07874
5	46541	2.974089096748	0.079877
5	46545	2.974255786631	0.078764
5	46558	2.975110066584	0.07868
5	46562	2.975286895795	0.088397
5	46569	2.976132491107	0.079377
5	46576	2.976269902233	0.078988
5	46589	2.977161396279	0.078891
5	46593	2.977284402586	0.078848
5	46600	2.978188013877	0.078669
5	46607	2.978258683581	0.079081
5	46620	2.979148587281	0.078731
5	46624	2.979293580037	0.079014
5	46631	2.980101673858	0.078673
5	46635	2.980334003567	0.080581
5	46651	2.98108964675	0.080114
5	46655	2.981328539681	0.080147
5	46662	2.982049663811	0.07877
5	46666	2.982322048076	0.078732
5	46685	2.983055128799	0.079173
5	46689	2.983369590063	0.078986
5	46696	2.984043145144	0.078711
5	46703	2.984364605384	0.078721
5	46716	2.985089456481	0.082453
5	46720	2.985319952612	0.080449
5	46727	2.986069530881	0.079584
5	46734	2.986343584	0.089137
5	46747	2.987107867712	0.079877
5	46751	2.98729840237	0.078862
5	46758	2.988114459575	0.078995
5	46765	2.988309459521	0.078834
5	46778	2.989131958355	0.078893
5	46782	2.989351738751	0.07878
5	46789	2.990156843833	0.079218
5	46796	2.990309134109	0.078805
5	46809	2.991131032312	0.078718
5	46813	2.991292317512	0.078784
5	46820	2.992159640656	0.078771
5	46824	2.992300339939	0.080049
5	46840	2.993185008548	0.078771
5	46844	2.993302157439	0.078667
5	46851	2.994224516797	0.078815
5	46855	2.994345905215	0.078724
5	46871	2.995209748528	0.078869
5	46875	2.995319616321	0.078629
5	46882	2.996254569424	0.07873
5	46889	2.996341657867	0.078504
5	46902	2.997296236397	0.078704
5	46906	2.997300022832	0.07871
5	46916	2.99827278614	0.092114
5	46920	2.998331856579	0.07979
5	46933	2.999319365232	0.08399
5	46937	2.999329434096	0.07902
5	46949	3.000349706306	0.089044
5	46953	3.000355332705	0.079223
5	46966	3.001359750345	0.078931
5	46970	3.001396445238	0.079237
5	46980	3.002334636717	0.07882
5	46984	3.0023564374	0.078759
5	47000	3.003353406652	0.080575
5	47004	3.003405386741	0.078847
5	47014	3.004309482023	0.078876
5	47018	3.004415570862	0.083587
5	47031	3.005350634024	0.079861
5	47035	3.005454063514	0.079062
5	47048	3.006371551577	0.07894
5	47052	3.006455742459	0.079104
5	47062	3.007374697414	0.078876
5	47066	3.007462364424	0.078961
5	47079	3.008407103112	0.078954
5	47083	3.008488451936	0.078738
5	47093	3.009432802778	0.091264
5	47097	3.009444744393	0.08215
5	47110	3.010434371258	0.080952
5	47114	3.010488337291	0.079981
5	47124	3.011415804497	0.078939
5	47131	3.011473563071	0.079391
5	47141	3.01238570148	0.07898
5	47145	3.012447152888	0.079006
5	47155	3.013405170159	0.078854
5	47159	3.013423521673	0.078843
5	47172	3.014392652778	0.078885
5	47176	3.014438783118	0.078661
5	47186	3.015362651558	0.078843
5	47190	3.015415693708	0.078814
5	47203	3.016314167935	0.080839
5	47207	3.01644833447	0.078853
5	47217	3.017321134965	0.079158
5	47221	3.017399177239	0.078758
5	47234	3.018304108191	0.07868
5	47238	3.018409515894	0.078904
5	47251	3.019321779509	0.078616
5	47255	3.019445071408	0.078847
5	47268	3.020363289974	0.090863
5	47272	3.020441582782	0.079335
5	47282	3.021395135934	0.08957
5	47286	3.021434388086	0.079628
5	47302	3.022361065405	0.079204
5	47306	3.022432289513	0.078723
5	47316	3.023395813092	0.078687
5	47320	3.023406992124	0.078932
5	47333	3.024426363155	0.07975
5	47337	3.024451511762	0.079375
5	47347	3.025433610032	0.078617
5	47351	3.025497684042	0.078934
5	47364	3.026426716127	0.078785
5	47368	3.026489567836	0.078795
5	47378	3.027441225617	0.078688
5	47382	3.027444611061	0.078842
5	47395	3.028397250043	0.079949
5	47399	3.028448481698	0.078892
5	47406	3.029388619559	0.078721
5	47410	3.029481901201	0.078837
5	47426	3.030403520426	0.078796
5	47430	3.030445683803	0.088402
5	47440	3.031370387756	0.079615
5	47444	3.031479476636	0.079191
5	47457	3.032345281839	0.078958
5	47461	3.032516153638	0.086203
5	47468	3.033330264079	0.079633
5	47475	3.033469960228	0.079028
5	47488	3.034377714234	0.079781
5	47492	3.034446534603	0.080497
5	47499	3.035351861871	0.080298
5	47506	3.035479492876	0.080648
5	47519	3.036380344621	0.082187
5	47523	3.036435945572	0.082485
5	47530	3.03733913956	0.080495
5	47537	3.037460164782	0.081223
5	47547	3.038388492254	0.081775
5	47551	3.038440246466	0.081706
5	47564	3.03937892137	0.080374
5	47568	3.03941995227	0.080885
5	47578	3.040371770129	0.080842
5	47582	3.040407900225	0.085001
5	47592	3.041349577244	0.083279
5	47596	3.041376566495	0.081555
5	47612	3.042336661164	0.089163
5	47619	3.042362521269	0.083284
5	47626	3.043350061953	0.081476
5	47630	3.043361086553	0.081886
5	47643	3.044306706788	0.082884
5	47647	3.044356618033	0.082102
5	47657	3.04533409105	0.0815
5	47664	3.045379922547	0.085718
5	47677	3.046328369627	0.086042
5	47681	3.046418676828	0.083766
5	47691	3.047354562435	0.083181
5	47695	3.047447806695	0.083893
5	47708	3.048367230177	0.085024
5	47712	3.04848049329	0.088266
5	47722	3.049410481576	0.08645
5	47726	3.049435010732	0.088008
5	47736	3.050370460064	0.085709
5	47740	3.050432504811	0.094292
5	47753	3.051359197031	0.084752
5	47757	3.051402200225	0.083145
5	47767	3.052349445828	0.080981
5	47771	3.052379650034	0.083616
5	47784	3.053322699464	0.083973
5	47788	3.053386081885	0.084255
5	47801	3.054317627776	0.080956
5	47805	3.054361070917	0.081235
5	47815	3.055272461444	0.084867
5	47819	3.05540068149	0.183271
5	47826	3.056246056706	0.085411
5	47836	3.056402721376	0.08199
5	47843	3.057217175626	0.082673
5	47850	3.057438802408	0.080926
5	47857	3.058250838405	0.082181
5	47861	3.058417233138	0.083587
5	47874	3.059217251837	0.084429
5	47878	3.059393023947	0.096134
5	47888	3.06022757654	0.083147
5	47895	3.060407495389	0.081208
5	47905	3.06120626775	0.080395
5	47909	3.061361392687	0.080456
5	47919	3.062176351976	0.079416
5	47929	3.062331810626	0.082268
5	47939	3.063199089751	0.079363
5	47943	3.063341511387	0.079746
5	47950	3.064231633606	0.079779
5	47960	3.064342841518	0.079723
5	47970	3.065266443809	0.091286
5	47974	3.065307819834	0.079919
5	47981	3.066216888415	0.079216
5	47988	3.066260261398	0.079715
5	48001	3.067239590006	0.079247
5	48005	3.067292180025	0.079518
5	48015	3.068241285152	0.079048
5	48019	3.068258473931	0.080098
5	48032	3.069228469615	0.078702
5	48036	3.069276448802	0.078652
5	48046	3.070235311149	0.087564
5	48050	3.070246963386	0.079588
5	48063	3.071186456342	0.079068
5	48067	3.07126838281	0.078705
5	48077	3.072223811494	0.078765
5	48081	3.072230323887	0.078783
5	48094	3.073180824668	0.078749
5	48098	3.073181950189	0.078935
5	48108	3.074133950467	0.078724
5	48112	3.074199075121	0.078783
5	48125	3.075140708221	0.080097
5	48129	3.075228393642	0.078771
5	48136	3.076177662639	0.078715
5	48143	3.076253470576	0.078743
5	48156	3.077195157607	0.078628
5	48160	3.077233346401	0.078739
5	48170	3.078202213313	0.079025
5	48174	3.078254896014	0.078788
5	48187	3.079205977282	0.078528
5	48191	3.079225020165	0.078779
5	48198	3.080247658635	0.078871
5	48202	3.080253968163	0.078685
5	48218	3.081216736163	0.07867
5	48222	3.081233147354	0.079914
5	48229	3.082224826785	0.087899
5	48233	3.082229835349	0.079508
5	48252	3.083223680488	0.079076
5	48256	3.083228609675	0.078847
5	48266	3.08421977651	0.078945
5	48270	3.084266822549	0.079019
5	48283	3.085202413334	0.085413
5	48287	3.085253788708	0.078763
5	48294	3.086189715248	0.078628
5	48298	3.086215502129	0.078572
5	48314	3.087192347908	0.079996
5	48318	3.087238017959	0.078825
5	48325	3.088172420985	0.0788
5	48332	3.088243836389	0.078739
5	48345	3.089163093768	0.08181
5	48349	3.089280727054	0.080246
5	48356	3.090181243552	0.078932
5	48363	3.090288299291	0.078764
5	48376	3.091208366975	0.078905
5	48380	3.091305391887	0.078714
5	48387	3.092174835042	0.078603
5	48394	3.092320541323	0.079095
5	48407	3.093211966839	0.088342
5	48411	3.093348289779	0.081017
5	48421	3.094234284908	0.078823
5	48425	3.09437282719	0.07865
5	48438	3.095234939196	0.078876
5	48442	3.095362043803	0.078862
5	48452	3.096260306479	0.078785
5	48456	3.096399857489	0.078683
5	48469	3.097236600292	0.078933
5	48473	3.09740521641	0.078972
5	48483	3.09826256877	0.085382
5	48490	3.098443271654	0.079521
5	48500	3.099228139624	0.079149
5	48504	3.09940310844	0.078912
5	48514	3.10021458274	0.07886
5	48521	3.100442685608	0.078726
5	48531	3.101188761144	0.078639
5	48535	3.101465378395	0.078751
5	48545	3.102197681067	0.078838
5	48555	3.102420391288	0.079031
5	48565	3.103156054792	0.078877
5	48569	3.103428859248	0.078812
5	48579	3.104151487136	0.087852
5	48583	3.104450293601	0.079678
5	48596	3.105133001948	0.079032
5	48600	3.105427096514	0.080028
5	48607	3.106159874784	0.078786
5	48617	3.106422160626	0.079017
5	48627	3.107157452745	0.078765
5	48631	3.107398628111	0.08502
5	48638	3.108141532988	0.079277
5	48645	3.108352576523	0.078829
5	48658	3.109182326145	0.078711
5	48662	3.109329719068	0.078709
5	48666	3.110162527474	0.079006
5	48676	3.110297253124	0.079245
5	48689	3.111121516148	0.078895
5	48693	3.111302735822	0.079057
5	48697	3.112138367189	0.079952
5	48707	3.112343871238	0.078772
5	48720	3.113133444234	0.079802
5	48724	3.11339110781	0.078606
5	48731	3.114157367967	0.079064
5	48738	3.114359417342	0.079055
5	48751	3.115155804205	0.078708
5	48755	3.115341722674	0.08807
5	48759	3.116127834352	0.079546
5	48769	3.116379024523	0.079023
5	48779	3.117078550911	0.078824
5	48786	3.11739751524	0.078815
5	48790	3.118115884029	0.078798
5	48803	3.118393839282	0.080765
5	48813	3.119130852356	0.083481
5	48817	3.119436762764	0.080922
5	48827	3.120167254632	0.078564
5	48834	3.120468044357	0.07856
5	48844	3.121194019756	0.078868
5	48848	3.12150188885	0.078852
5	48858	3.122211730036	0.07904
5	48868	3.1224709638	0.07911
5	48878	3.123242036358	0.078819
5	48882	3.123497426535	0.078973
5	48892	3.124246263257	0.078984
5	48899	3.124482791345	0.079944
5	48909	3.125270975112	0.078772
5	48913	3.125462625918	0.078837
5	48923	3.126254515059	0.078672
5	48930	3.12642501391	0.078728
5	48940	3.127272880734	0.087767
5	48944	3.127424012754	0.079688
5	48954	3.128270144974	0.07931
5	48958	3.128443254559	0.07907
5	48971	3.129247285218	0.078722
5	48975	3.129401011456	0.078798
5	48985	3.130231392705	0.078652
5	48989	3.130360499688	0.089963
5	48999	3.13120032932	0.080658
5	49006	3.131368402035	0.078875
5	49016	3.132168517582	0.079415
5	49020	3.132366283562	0.078707
5	49030	3.133193184998	0.078708
5	49034	3.133350756574	0.079162
5	49047	3.134213259031	0.078784
5	49051	3.134395946225	0.078972
5	49061	3.135257838976	0.07921
5	49065	3.135385813986	0.078897
5	49078	3.136271013721	0.07872
5	49082	3.136435146754	0.078863
5	49092	3.137229089032	0.078652
5	49096	3.137445750725	0.07998
5	49109	3.138208913494	0.07876
5	49116	3.138445840613	0.087385
5	49123	3.139218640607	0.079347
5	49130	3.139449916266	0.078818
5	49140	3.14018842336	0.078839
5	49147	3.140490061022	0.078964
5	49154	3.141197269356	0.078929
5	49161	3.141507425754	0.079324
5	49177	3.142238041828	0.079853
5	49181	3.142542400396	0.079869
5	49188	3.143235098738	0.08121
5	49198	3.143590153443	0.07906
5	49208	3.144198195732	0.079386
5	49212	3.144593311094	0.07896
5	49219	3.14519934715	0.078911
5	49226	3.145553209275	0.078996
5	49236	3.14619437334	0.079331
5	49243	3.146595037749	0.078978
5	49250	3.147231499065	0.079194
5	49260	3.147611305597	0.079082
5	49270	3.148186245181	0.079075
5	49274	3.148564093746	0.079065
5	49281	3.149142016238	0.078957
5	49291	3.149592271609	0.090554
5	49298	3.150117047488	0.081272
5	49305	3.150556868949	0.080559
5	49312	3.151158916757	0.080244
5	49322	3.151507179609	0.080264
5	49329	3.152191873301	0.079685
5	49336	3.152488617947	0.078764
5	49343	3.153232575323	0.083768
5	49353	3.153463572435	0.07882
5	49363	3.154205115922	0.078743
5	49367	3.154486336568	0.078585
5	49374	3.15516165552	0.078885
5	49381	3.155511260692	0.078555
5	49394	3.156210993509	0.080022
5	49398	3.156527152775	0.078829
5	49405	3.15721439858	0.078794
5	49412	3.157545055611	0.078789
5	49425	3.158185710805	0.078766
5	49429	3.158522533911	0.078778
5	49436	3.159196306794	0.078788
5	49440	3.159501823408	0.078733
5	49456	3.160245877379	0.078938
5	49460	3.160459241326	0.078706
5	49467	3.161240467758	0.096773
5	49474	3.161459830848	0.079729
5	49490	3.162287334709	0.079559
5	49494	3.16248559738	0.078802
5	49501	3.163287345479	0.078994
5	49508	3.163444738924	0.078939
5	49521	3.164304448999	0.078806
5	49525	3.164426738539	0.078744
5	49532	3.165261778401	0.078829
5	49536	3.165464921218	0.078898
5	49549	3.166279966873	0.078774
5	49556	3.16645360327	0.078757
5	49563	3.167289140689	0.078757
5	49567	3.16746969724	0.078729
5	49583	3.168269228251	0.079873
5	49587	3.168437057416	0.07885
5	49594	3.169228001069	0.078638
5	49598	3.16948308376	0.078722
5	49614	3.17018598267	0.078623
5	49618	3.170492139595	0.078644
5	49625	3.171150210629	0.088132
5	49629	3.171533546163	0.079553
5	49645	3.172106478441	0.079059
5	49649	3.172567753193	0.0788
5	49656	3.173075906307	0.07858
5	49660	3.173555253668	0.078771
5	49673	3.174124411864	0.078605
5	49680	3.174594304898	0.079866
5	49687	3.175163586758	0.078608
5	49691	3.175635801444	0.078783
5	49704	3.176154761161	0.082646
5	49711	3.176610679835	0.07881
5	49718	3.177200245328	0.078927
5	49722	3.177588244542	0.078846
5	49738	3.178229275374	0.078768
5	49742	3.178591709306	0.078913
5	49749	3.179194382807	0.078609
5	49753	3.179569209598	0.07892
5	49769	3.180181413199	0.078854
5	49773	3.180571497851	0.07863
5	49780	3.18119227211	0.080202
5	49784	3.181523770316	0.078845
5	49803	3.182201628305	0.089091
5	49807	3.18251966298	0.079629
5	49814	3.1832159532	0.079083
5	49821	3.183556698989	0.078748
5	49834	3.184183238461	0.078783
5	49838	3.184532778865	0.078859
5	49845	3.18521488834	0.078641
5	49852	3.185552401711	0.07882
5	49865	3.186175014218	0.078897
5	49872	3.186563949048	0.079157
5	49876	3.187167066134	0.078964
5	49883	3.187585275586	0.078814
5	49896	3.188207639468	0.078696
5	49903	3.18856384296	0.078895
5	49907	3.189230344816	0.078704
5	49914	3.189586889956	0.078763
5	49927	3.190275357929	0.07881
5	49934	3.190556752758	0.08613
5	49938	3.191272378778	0.079489
5	49945	3.191556647073	0.078991
5	49958	3.192321744622	0.086455
5	49962	3.192509383428	0.079789
5	49969	3.193288646304	0.080178
5	49976	3.193516327008	0.08017
5	49989	3.194295499936	0.080069
5	49996	3.194512574145	0.078696
5	50000	3.195303339677	0.078661
5	50007	3.19554643698	0.078779
5	50020	3.196268641684	0.078677
5	50027	3.196534218219	0.078732
5	50031	3.197267647708	0.078617
5	50038	3.197582310189	0.078704
5	50051	3.198229103263	0.07877
5	50058	3.198605273629	0.08594
5	50062	3.199271105443	0.078689
5	50066	3.199601311952	0.080394
5	50082	3.200271785413	0.078616
5	50089	3.20061372799	0.078723
5	50093	3.201294669835	0.078772
5	50100	3.201639202622	0.078631
5	50116	3.202257754666	0.080372
5	50123	3.202648327267	0.07902
5	50127	3.203267737847	0.078699
5	50131	3.20361348306	0.078659
5	50147	3.204282964887	0.07863
5	50154	3.204655888927	0.078666
5	50158	3.205233657662	0.079765
5	50162	3.205609890978	0.078789
5	50178	3.206200335187	0.078728
5	50185	3.206633440715	0.078658
5	50189	3.20721641312	0.078723
5	50193	3.207609815085	0.078768
5	50209	3.208215398839	0.0787
5	50216	3.20865282851	0.078642
5	50220	3.209213502786	0.078778
5	50224	3.209653127263	0.078837
5	50240	3.210245773232	0.078664
5	50247	3.210639074546	0.079614
5	50251	3.211256976834	0.078641
5	50258	3.211652584344	0.079883
5	50268	3.212250475817	0.087713
5	50278	3.212658955457	0.079981
5	50282	3.213283974804	0.079512
5	50289	3.213657391488	0.07888
5	50299	3.214277138216	0.078672
5	50309	3.21469201304	0.078682
5	50313	3.215283266594	0.078663
5	50323	3.215704087127	0.0788
5	50330	3.216281884886	0.078507
5	50340	3.216743904956	0.07866
5	50344	3.217247004742	0.078766
5	50354	3.217762365395	0.078597
5	50364	3.218281382104	0.079895
5	50371	3.218785414501	0.078561
5	50375	3.219286171863	0.078551
5	50385	3.219760315104	0.078714
5	50395	3.220281579823	0.078657
5	50402	3.220736474098	0.085312
5	50406	3.221258174612	0.079718
5	50416	3.221754676353	0.084199
5	50429	3.222232306096	0.079666
5	50433	3.222735304704	0.078889
5	50440	3.223250405575	0.078748
5	50450	3.223711447963	0.079317
5	50460	3.224237448024	0.078863
5	50464	3.224739848637	0.078655
5	50471	3.22521255271	0.078727
5	50481	3.22574490576	0.078712
5	50488	3.226199724408	0.078772
5	50495	3.22676596566	0.093357
5	50502	3.227215042336	0.080687
5	50512	3.227810368959	0.078986
5	50519	3.228166804767	0.079118
5	50526	3.228763675478	0.078787
5	50533	3.22916504377	0.078662
5	50543	3.229728091081	0.078694
5	50550	3.230193985034	0.080346
5	50557	3.230698323868	0.08042
5	50564	3.231182550727	0.080499
5	50571	3.231737235202	0.079009
5	50581	3.23216081744	0.078668
5	50588	3.232746300239	0.078703
5	50595	3.233123461269	0.088565
5	50602	3.233753694931	0.079414
5	50609	3.2341291389	0.078762
5	50619	3.234715585682	0.078701
5	50626	3.235145741695	0.078914
5	50633	3.235755971984	0.079167
5	50643	3.236115042629	0.078703
5	50650	3.236751184206	0.079985
5	50654	3.237067264855	0.078747
5	50664	3.237728726719	0.079082
5	50674	3.238069846636	0.07878
5	50681	3.238746668966	0.078902
5	50685	3.239079236968	0.078909
5	50695	3.239740850845	0.078959
5	50702	3.240040091654	0.079152
5	50712	3.240706080708	0.078988
5	50722	3.24108215161	0.079253
5	50726	3.241743763347	0.078774
5	50736	3.242038717452	0.078537
5	50746	3.242725911176	0.091345
5	50753	3.243017786362	0.080151
5	50760	3.243715961297	0.09236
5	50770	3.244001124825	0.078851
5	50777	3.244758613824	0.078994
5	50784	3.244992563679	0.07899
5	50791	3.24578086965	0.078915
5	50795	3.245976121011	0.078917
5	50808	3.246750041735	0.078962
5	50815	3.246987120413	0.078888
5	50822	3.247786714718	0.078735
5	50829	3.247948223158	0.078801
5	50839	3.248828181835	0.079801
5	50843	3.248944840079	0.078722
5	50853	3.249854569823	0.088857
5	50863	3.249968401501	0.079454
5	50872	3.250808218905	0.097316
5	50876	3.250953557358	0.079444
5	50886	3.251773708976	0.079006
5	50890	3.2519659449	0.078779
5	50903	3.252753615286	0.078783
5	50910	3.252958834561	0.080081
5	50917	3.253789782502	0.078876
5	50921	3.253986687342	0.078761
5	50934	3.254808311795	0.078858
5	50941	3.254974726431	0.078806
5	50948	3.255769526101	0.078787
5	50955	3.255981584964	0.078816
5	50968	3.256784182902	0.078738
5	50972	3.257008759994	0.078696
5	50982	3.257754709778	0.078622
5	50986	3.258044619584	0.078733
5	50996	3.258768654239	0.078753
5	51003	3.259057990071	0.078711
5	51013	3.259777008021	0.07988
5	51017	3.260023849818	0.091036
5	51030	3.260816867979	0.081174
5	51034	3.261022487539	0.078967
5	51044	3.261788009165	0.078706
5	51048	3.261987483141	0.078627
5	51061	3.262767854698	0.079078
5	51068	3.26297385239	0.078696
5	51078	3.263787316094	0.078673
5	51082	3.264000808343	0.078539
5	51092	3.264771909672	0.093306
5	51099	3.265032363054	0.080489
5	51109	3.265749999015	0.08023
5	51113	3.265992435418	0.080362
5	51123	3.26672496974	0.078688
5	51130	3.266998026362	0.078661
5	51137	3.267762930969	0.078775
5	51144	3.267994596091	0.078717
5	51157	3.268755579586	0.078706
5	51161	3.268970665582	0.078669
5	51168	3.269776593311	0.07875
5	51175	3.269968527164	0.078721
5	51188	3.270815119691	0.07879
5	51192	3.270952665592	0.089375
5	51199	3.271784699009	0.081182
5	51206	3.271980179204	0.079061
5	51216	3.272756748941	0.078987
5	51220	3.272981958954	0.078848
5	51230	3.273780228986	0.07897
5	51237	3.274030919866	0.078705
5	51247	3.274797224745	0.078687
5	51254	3.274986763735	0.078725
5	51261	3.275839093638	0.078621
5	51265	3.276034432296	0.07893
5	51281	3.276820503243	0.078752
5	51285	3.277075092327	0.078538
5	51292	3.277834060019	0.078718
5	51299	3.278118389512	0.080065
5	51309	3.278870998224	0.086062
5	51316	3.27910406825	0.079538
5	51323	3.279866897289	0.079031
5	51330	3.280112503643	0.07886
5	51340	3.280909529784	0.078867
5	51347	3.281155902405	0.078835
5	51357	3.28187587157	0.087587
5	51361	3.282166201841	0.079622
5	51374	3.282882145864	0.079196
5	51378	3.28311866841	0.078738
5	51388	3.283869480008	0.080036
5	51398	3.284120789433	0.078818
5	51405	3.284917856553	0.078756
5	51409	3.285102633841	0.078764
5	51419	3.28596278466	0.078765
5	51429	3.286134455493	0.078883
5	51436	3.287011067484	0.078813
5	51443	3.28717112838	0.098267
5	51450	3.288009793426	0.080028
5	51457	3.288122566502	0.078958
5	51467	3.289044686172	0.078836
5	51471	3.289079540568	0.078775
5	51484	3.290042461999	0.079475
5	51488	3.290116421581	0.078882
5	51498	3.291065112008	0.07873
5	51502	3.291125247049	0.078774
5	51515	3.292049668312	0.078747
5	51522	3.292110178391	0.078781
5	51529	3.293084028967	0.088117
5	51536	3.293112047086	0.079537
5	51546	3.294073272501	0.078823
5	51553	3.294157716752	0.078804
5	51560	3.29502378376	0.078771
5	51564	3.29513939114	0.078548
5	51577	3.29602198844	0.07875
5	51584	3.296164837493	0.079847
5	51591	3.29706774563	0.078836
5	51595	3.297133018836	0.078722
5	51608	3.298116743892	0.078751
5	51612	3.298147957828	0.07857
5	51622	3.299113505848	0.07861
5	51626	3.299139456203	0.078811
5	51639	3.300097623775	0.083811
5	51643	3.300140236961	0.081672
5	51656	3.30105806977	0.079205
5	51663	3.301167109643	0.078862
5	51670	3.302017168772	0.078795
5	51677	3.302153158737	0.078805
5	51690	3.303037599074	0.082044
5	51694	3.303113656314	0.079753
5	51707	3.304058289444	0.078783
5	51711	3.304131517665	0.078928
5	51718	3.305039744567	0.07876
5	51725	3.305181379746	0.078744
5	51738	3.306022663607	0.078741
5	51742	3.306179346152	0.078594
5	51752	3.307050319269	0.078651
5	51756	3.307139958095	0.086268
5	51769	3.308057041819	0.079809
5	51773	3.308157089244	0.079644
5	51783	3.309101572362	0.078744
5	51787	3.309165263975	0.078653
5	51800	3.310120458549	0.08322
5	51804	3.310210670598	0.07879
5	51814	3.311073577586	0.078641
5	51818	3.311179441392	0.078878
5	51831	3.312094705073	0.078783
5	51835	3.312197824766	0.078666
5	51845	3.31307802862	0.078632
5	51849	3.313224684026	0.07875
5	51862	3.31406930796	0.088361
5	51866	3.314191043293	0.079505
5	51876	3.315104873718	0.080273
5	51880	3.315222343679	0.078865
5	51893	3.316094747641	0.07872
5	51897	3.316214720279	0.078744
5	51907	3.317076537281	0.078777
5	51914	3.317177435426	0.07885
5	51921	3.318057900655	0.078854
5	51925	3.318204296108	0.078586
5	51941	3.319021419733	0.078555
5	51945	3.319206007894	0.078687
5	51952	3.320053478556	0.078525
5	51956	3.320192064362	0.078648
5	51972	3.321097605404	0.078617
5	51976	3.32115473536	0.079886
5	51983	3.322113653655	0.07866
5	51987	3.322194720071	0.078687
5	52006	3.323085267968	0.079001
5	52010	3.32321654002	0.086452
5	52017	3.324106181494	0.07983
5	52021	3.324230507214	0.079011
5	52037	3.325139724007	0.078828
5	52041	3.325235056441	0.078697
5	52048	3.326112689855	0.078921
5	52052	3.326211466508	0.078638
5	52065	3.32715921509	0.079659
5	52069	3.327221067385	0.078547
5	52079	3.328124783696	0.078711
5	52083	3.328214052077	0.078716
5	52096	3.329113669517	0.078776
5	52100	3.329231264115	0.078981
5	52110	3.330078958408	0.078701
5	52114	3.330219967563	0.078588
5	52127	3.331065257901	0.078583
5	52131	3.331264330638	0.078605
5	52141	3.332017024246	0.078548
5	52145	3.332285578896	0.07865
5	52155	3.332983415895	0.08423
5	52165	3.333334305844	0.079837
5	52172	3.333998281307	0.088652
5	52176	3.334350317231	0.079312
5	52186	3.334978341798	0.078906
5	52196	3.335337538261	0.078697
5	52203	3.335986219736	0.089213
5	52207	3.336367457934	0.079756
5	52220	3.336962545706	0.078854
5	52227	3.337386747556	0.078886
5	52234	3.33801091025	0.078649
5	52238	3.338392528857	0.078602
5	52251	3.339049325865	0.078617
5	52258	3.339430173487	0.079449
5	52265	3.340065425739	0.078704
5	52269	3.340424687073	0.078683
5	52282	3.341084375339	0.078755
5	52286	3.341398881828	0.07871
5	52296	3.342057399026	0.078592
5	52300	3.342428032315	0.078775
5	52316	3.343055273068	0.07887
5	52323	3.343409891851	0.078806
5	52330	3.34407785458	0.078763
5	52334	3.344374772534	0.078594
5	52347	3.345053808209	0.087967
5	52351	3.345325010634	0.080972
5	52361	3.346013821113	0.080694
5	52368	3.346326633319	0.080215
5	52375	3.347009022056	0.078786
5	52382	3.347318834152	0.07876
5	52392	3.348001010996	0.078678
5	52396	3.348364776165	0.078702
5	52406	3.349029719962	0.078731
5	52413	3.349320125078	0.078644
5	52423	3.350010021076	0.078715
5	52427	3.350304608741	0.078667
5	52437	3.35105037614	0.0787
5	52441	3.351289434842	0.078662
5	52454	3.352054932405	0.079809
5	52458	3.352270183078	0.078728
5	52468	3.353038876642	0.078768
5	52472	3.353270713261	0.078672
5	52485	3.353992472179	0.078689
5	52489	3.35429567163	0.078644
5	52496	3.355013056103	0.078764
5	52506	3.35527941395	0.078577
5	52516	3.356002888534	0.078881
5	52520	3.356298222559	0.078679
5	52527	3.357034160124	0.088421
5	52537	3.35728792055	0.079619
5	52544	3.357997717526	0.079074
5	52551	3.358332946577	0.079926
5	52558	3.358954392635	0.078776
5	52565	3.359348249464	0.078783
5	52575	3.359973461254	0.078679
5	52582	3.360357011851	0.078671
5	52592	3.361011898531	0.078864
5	52596	3.361364226659	0.078673
5	52606	3.361988595011	0.078588
5	52610	3.362328807224	0.07862
5	52626	3.363011657315	0.078933
5	52630	3.363354170059	0.078844
5	52640	3.364049639374	0.078658
5	52647	3.364394242807	0.087482
5	52657	3.365060473005	0.079572
5	52661	3.365434450878	0.078651
5	52671	3.366072607222	0.078737
5	52678	3.366469526824	0.088213
5	52688	3.367076347715	0.079553
5	52692	3.367426549379	0.07892
5	52702	3.368067005046	0.078745
5	52709	3.368401293783	0.078808
5	52719	3.36905115323	0.07875
5	52723	3.369418580114	0.078955
5	52733	3.370083241728	0.078648
5	52737	3.370427659262	0.078631
5	52750	3.371120404713	0.078709
5	52754	3.371400307821	0.078597
5	52764	3.372160094455	0.078649
5	52768	3.372423678645	0.078649
5	52781	3.373161757997	0.078625
5	52785	3.373451928444	0.078678
5	52795	3.374193573744	0.078705
5	52799	3.37443207493	0.078856
5	52812	3.375156694944	0.078657
5	52816	3.375443888933	0.078542
5	52826	3.376159109914	0.078758
5	52833	3.376476976471	0.0787
5	52843	3.377110033895	0.079782
5	52847	3.377459802561	0.07871
5	52857	3.378108352365	0.087723
5	52864	3.378482007921	0.082996
5	52871	3.379076301515	0.078906
5	52878	3.379478732137	0.078863
5	52888	3.380049502907	0.078721
5	52895	3.380452848384	0.078816
5	52902	3.381012937772	0.07871
5	52909	3.381451830398	0.07869
5	52916	3.382009528361	0.078677
5	52923	3.382430565137	0.078677
5	52933	3.383030644476	0.078536
5	52943	3.383403217793	0.080436
5	52950	3.384026954324	0.080361
5	52957	3.384375411751	0.079558
5	52967	3.385034409478	0.078802
5	52974	3.38536677224	0.078733
5	52981	3.386080754848	0.078645
5	52988	3.386398877518	0.078611
5	52995	3.387120691496	0.078712
5	53005	3.387412254488	0.078617
5	53012	3.388126984883	0.078682
5	53019	3.388397232768	0.078656
5	53029	3.389168720568	0.078908
5	53036	3.389364328494	0.090368
5	53043	3.390163680218	0.079359
5	53047	3.390358116311	0.078646
5	53060	3.39114125865	0.078708
5	53067	3.391346901697	0.078793
5	53074	3.392116626404	0.078679
5	53081	3.392334946748	0.078643
5	53091	3.393091691339	0.143007
5	53101	3.393374446118	0.079469
5	53105	3.394044692248	0.078868
5	53109	3.394342125516	0.078826
5	53122	3.395020380053	0.078808
5	53126	3.395346349809	0.079887
5	53136	3.396047316679	0.078695
5	53143	3.396395904089	0.078656
5	53153	3.397026771129	0.078851
5	53157	3.397400077998	0.078662
5	53167	3.397999809939	0.07855
5	53174	3.398393254252	0.264971
5	53181	3.398961592973	0.254232
5	53188	3.399362932507	0.193417
5	53198	3.399980778341	0.190899
5	53205	3.400356238674	0.190585
5	53215	3.401024410076	0.190394
5	53219	3.401362900484	0.19117
5	53229	3.402061066928	0.265565
5	53236	3.402402555403	0.106383
5	53246	3.403092848803	0.080862
5	53256	3.403415243433	0.079504
5	53263	3.404081209425	0.078894
5	53273	3.404386494303	0.078826
5	53280	3.405035606376	0.078913
5	53287	3.405386906366	0.078654
5	53294	3.40605858099	0.078672
5	53304	3.40643310899	0.078756
5	53311	3.407066143524	0.078721
5	53318	3.407444942308	0.078713
5	53325	3.408016336218	0.078684
5	53335	3.408444983472	0.07986
5	53342	3.40905215239	0.078645
5	53349	3.409467210465	0.078983
5	53356	3.410063082288	0.078553
5	53366	3.410435737349	0.078671
5	53373	3.411037576035	0.09129
5	53380	3.411460337662	0.07982
5	53387	3.411999536621	0.079128
5	53394	3.412431258887	0.079078
5	53401	3.412970455125	0.078743
5	53408	3.413451986342	0.078675
5	53418	3.414014392977	0.086054
5	53425	3.414419280817	0.079812
5	53432	3.414967819469	0.080712
5	53439	3.415425254036	0.079124
5	53449	3.415932035553	0.078841
5	53459	3.416434302579	0.087457
5	53463	3.41688292009	0.079236
5	53470	3.417426053841	0.079853
5	53480	3.417925506134	0.079299
5	53484	3.418387682686	0.079632
5	53494	3.418890966869	0.079877
5	53501	3.419346221479	0.079883
5	53508	3.419877178453	0.080272
5	53515	3.420297727738	0.081702
5	53525	3.420893483233	0.082128
5	53532	3.421275107798	0.083338
5	53539	3.421869102591	0.081186
5	53546	3.422313257753	0.092392
5	53556	3.422822398938	0.083788
5	53563	3.423274242352	0.080688
5	53567	3.42380581396	0.081461
5	53580	3.424237730831	0.083265
5	53590	3.424789860432	0.080467
5	53594	3.425236667446	0.080122
5	53601	3.42576582688	0.079906
5	53611	3.426225770178	0.079606
5	53621	3.426760349341	0.080558
5	53625	3.427244424042	0.081644
5	53632	3.427731133176	0.082295
5	53645	3.428247386981	0.080117
5	53652	3.428738561916	0.078627
5	53656	3.429255380552	0.079189
5	53663	3.429723138283	0.079551
5	53676	3.430290876994	0.079123
5	53683	3.430702230283	0.079462
5	53687	3.431243907673	0.078987
5	53694	3.43165749702	0.078977
5	53707	3.432268049464	0.07873
5	53714	3.432663501825	0.079026
5	53718	3.433227691204	0.093557
5	53725	3.433622294876	0.081116
5	53741	3.434186372986	0.080563
5	53745	3.434583800215	0.080376
5	53749	3.435142530977	0.080324
5	53753	3.435576409696	0.07939
5	53769	3.436149152711	0.07894
5	53776	3.436563370806	0.079086
5	53780	3.437180310277	0.079131
5	53784	3.437603897959	0.079588
5	53803	3.438230236722	0.088604
5	53807	3.438601085291	0.080486
5	53811	3.439228077394	0.078863
5	53815	3.43958206006	0.08101
5	53828	3.440199761901	0.078782
5	53838	3.440579217729	0.079382
5	53842	3.441152386952	0.078868
5	53846	3.4416066089	0.090369
5	53859	3.442151914306	0.080226
5	53869	3.442575498413	0.079388
5	53873	3.443153770176	0.079084
5	53877	3.443574063291	0.078898
5	53896	3.444122842535	0.08077
5	53903	3.444618367525	0.079021
5	53907	3.445108056351	0.080196
5	53914	3.445651157015	0.078936
5	53924	3.446081039203	0.079198
5	53934	3.446648632531	0.07909
5	53938	3.447057808605	0.078789
5	53948	3.447601038667	0.078937
5	53955	3.448062518799	0.079454
5	53965	3.448570298916	0.079254
5	53969	3.449024889168	0.079428
5	53976	3.449556216153	0.079207
5	53986	3.449998886197	0.078804
5	53996	3.450545966411	0.079182
5	54000	3.450978314892	0.078781
5	54007	3.451591754675	0.080286
5	54017	3.451955030828	0.079009
5	54027	3.45258122958	0.079145
5	54031	3.452917922362	0.078812
5	54038	3.453561975347	0.078956
5	54045	3.453948450117	0.078793
5	54058	3.454604828609	0.078751
5	54062	3.45494647351	0.079072
5	54069	3.455563980349	0.088871
5	54079	3.455904638909	0.080888
5	54089	3.456566344093	0.080232
5	54093	3.456881696965	0.079119
5	54103	3.457581203088	0.084542
5	54110	3.45789955071	0.084724
5	54120	3.458598212382	0.081109
5	54124	3.458915890877	0.080394
5	54134	3.45964202408	0.079104
5	54141	3.459867615026	0.079182
5	54151	3.46063474133	0.08429
5	54155	3.460890502539	0.079826
5	54165	3.461607902774	0.078656
5	54169	3.461846638535	0.078693
5	54182	3.462652040117	0.078931
5	54186	3.462896250496	0.078898
5	54199	3.463652020306	0.080438
5	54203	3.463911349152	0.078967
5	54216	3.464695575985	0.078913
5	54223	3.464920767253	0.079019
5	54230	3.465646249925	0.078899
5	54237	3.46596378519	0.079016
5	54247	3.466605203443	0.088814
5	54254	3.466939655381	0.079984
5	54261	3.467636757122	0.079037
5	54271	3.467985445471	0.078804
5	54278	3.468671715047	0.079258
5	54285	3.468993716814	0.086176
5	54292	3.469703365078	0.080943
5	54299	3.469956823585	0.079318
5	54309	3.470711452394	0.080086
5	54316	3.470918558368	0.079519
5	54323	3.471715507553	0.084703
5	54327	3.471903518218	0.08201
5	54343	3.472739231217	0.078891
5	54347	3.472928973692	0.079661
5	54354	3.473774995276	0.078715
5	54364	3.473945330506	0.079071
5	54374	3.474765742766	0.079429
5	54378	3.474956318728	0.079877
5	54388	3.475778680298	0.079454
5	54392	3.475957104338	0.080323
5	54405	3.476781821963	0.078871
5	54409	3.476921770167	0.079597
5	54419	3.477777945882	0.079423
5	54423	3.477877553281	0.08873
5	54436	3.478794051032	0.080398
5	54440	3.47888041485	0.079383
5	54450	3.479793033419	0.078962
5	54457	3.479914669202	0.079318
5	54464	3.480776726997	0.078757
5	54471	3.480879267524	0.079044
5	54481	3.481825785342	0.078631
5	54485	3.481901123581	0.079563
5	54504	3.48283407295	0.089667
5	54508	3.48291992708	0.079674
5	54515	3.483819781237	0.079055
5	54522	3.483900840849	0.078771
5	54535	3.484833565692	0.079136
5	54539	3.484929913293	0.078708
5	54546	3.485809151114	0.082303
5	54553	3.485903176228	0.0809
5	54563	3.486836321852	0.079063
5	54570	3.48692870077	0.079515
5	54580	3.48785235509	0.080256
5	54584	3.487921226244	0.078994
5	54597	3.488845635657	0.078838
5	54601	3.488907541857	0.088893
5	54608	3.489815837595	0.079618
5	54612	3.489925188291	0.079062
5	54628	3.490788634748	0.079142
5	54632	3.490945921763	0.07875
5	54642	3.491837350196	0.078956
5	54646	3.491903139784	0.07876
5	54656	3.492845506625	0.078702
5	54663	3.492857105094	0.078967
5	54670	3.493836149541	0.079011
5	54674	3.493893641414	0.079914
5	54690	3.494826565215	0.078846
5	54694	3.494942502542	0.078754
5	54701	3.495790207368	0.078923
5	54705	3.4958953831	0.078737
5	54721	3.496752996498	0.079309
5	54725	3.49691482077	0.079154
5	54735	3.497791154631	0.086177
5	54739	3.497890810478	0.080279
5	54752	3.498803991218	0.079775
5	54756	3.49891127555	0.079051
5	54763	3.499765062428	0.079182
5	54770	3.499928790699	0.078904
5	54785	3.50077914671	0.107303
5	54789	3.500932790554	0.08287
5	54796	3.50179892439	0.095611
5	54803	3.501914602328	0.079995
5	54813	3.502765447477	0.079676
5	54823	3.50295519528	0.080111
5	54830	3.503759194213	0.078964
5	54837	3.503927681894	0.081523
5	54847	3.504798216594	0.080656
5	54851	3.504944648287	0.080296
5	54861	3.505811345576	0.080353
5	54868	3.505957259723	0.080774
5	54878	3.506772191465	0.079167
5	54882	3.506953014989	0.078868
5	54892	3.507772793786	0.080786
5	54896	3.507970821734	0.079654
5	54909	3.508789890626	0.079333
5	54913	3.508925015127	0.092329
5	54923	3.509814413924	0.080309
5	54930	3.50993278907	0.080422
5	54940	3.510838557009	0.08002
5	54944	3.510916946233	0.07916
5	54954	3.511822387162	0.079672
5	54958	3.511893438465	0.080477
5	54971	3.512800220063	0.079924
5	54975	3.512889065252	0.079393
5	54985	3.513798859773	0.079162
5	54989	3.513910863261	0.078984
5	55002	3.514805900114	0.078744
5	55006	3.514891597507	0.079149
5	55016	3.515807223191	0.078776
5	55020	3.515908348697	0.078711
5	55033	3.516767381533	0.078892
5	55037	3.516930417079	0.078829
5	55044	3.517721682755	0.078613
5	55051	3.517934727334	0.078727
5	55064	3.518708995969	0.080095
5	55068	3.518903297725	0.078812
5	55075	3.519713289867	0.078715
5	55085	3.519947849541	0.078671
5	55095	3.520715750189	0.078834
5	55099	3.520918698851	0.088438
5	55109	3.521735182424	0.079833
5	55113	3.521894238175	0.079231
5	55126	3.522712455085	0.085848
5	55130	3.522924400865	0.079915
5	55140	3.523729082439	0.084528
5	55150	3.523890763148	0.080253
5	55160	3.524682094877	0.078863
5	55164	3.524900634118	0.078856
5	55171	3.525703778934	0.078882
5	55178	3.525882464203	0.07923
5	55191	3.526664013778	0.078807
5	55195	3.526843495553	0.078702
5	55202	3.52767197804	0.078821
5	55206	3.527831689354	0.078673
5	55222	3.528656363886	0.078916
5	55226	3.528835167471	0.079084
5	55233	3.52964007793	0.07871
5	55237	3.529794018948	0.078729
5	55253	3.530655678015	0.079967
5	55257	3.530809515356	0.079826
5	55264	3.531621342289	0.08021
5	55268	3.53181905282	0.089795
5	55284	3.532650349574	0.079723
5	55288	3.532865965291	0.078898
5	55295	3.533664852855	0.078709
5	55299	3.533830338706	0.078721
5	55315	3.534665949231	0.078961
5	55319	3.534836745414	0.078784
5	55326	3.535683952105	0.078796
5	55330	3.535801100891	0.07883
5	55346	3.536722999117	0.078682
5	55350	3.536842563894	0.080928
5	55357	3.537745219612	0.080046
5	55361	3.537828679778	0.07963
5	55377	3.538736648833	0.078821
5	55381	3.53882340925	0.079017
5	55385	3.539774270375	0.078809
5	55389	3.539795139272	0.078753
5	55408	3.54073113516	0.078801
5	55412	3.540828691811	0.078678
5	55419	3.541694485206	0.078706
5	55423	3.541828934219	0.087625
5	55439	3.542647716438	0.07973
5	55443	3.542808752705	0.079072
5	55447	3.543677673277	0.080048
5	55457	3.543829819839	0.079266
5	55473	3.544643663818	0.078846
5	55477	3.54481733822	0.078619
5	55481	3.54563145672	0.078689
5	55485	3.545778196374	0.082326
5	55504	3.54666963027	0.078946
5	55508	3.546771781	0.078767
5	55512	3.547638124524	0.07892
5	55516	3.547765052395	0.081282
5	55535	3.548630591591	0.0796
5	55539	3.548795306471	0.080285
5	55543	3.54967954988	0.084954
5	55547	3.549759780759	0.080998
5	55566	3.550687517361	0.079111
5	55570	3.55074058104	0.07896
5	55574	3.551660382042	0.079067
5	55578	3.551755787229	0.078821
5	55597	3.552650361856	0.078888
5	55601	3.552777866502	0.089235
5	55605	3.553627190696	0.080262
5	55609	3.55377892249	0.078645
5	55628	3.554621482937	0.078907
5	55632	3.554813269202	0.079679
5	55636	3.555659481102	0.078806
5	55640	3.555815749353	0.078678
5	55659	3.556708989233	0.078716
5	55663	3.556832525172	0.172259
5	55667	3.557687986473	0.081019
5	55674	3.557856542053	0.079279
5	55690	3.558690100715	0.078805
5	55694	3.558894010484	0.078819
5	55698	3.5597271921	0.078595
5	55708	3.559923443684	0.078661
5	55721	3.56070019048	0.078724
5	55725	3.560887221419	0.08015
5	55729	3.561680485956	0.078703
5	55736	3.561885129793	0.07884
5	55752	3.562663416665	0.08897
5	55756	3.562844752549	0.079558
5	55760	3.56367103489	0.079155
5	55764	3.563840895953	0.078876
5	55786	3.564720399507	0.079736
5	55790	3.56488530468	0.07879
5	55794	3.565766760248	0.078791
5	55801	3.565841614711	0.080086
5	55817	3.566811429405	0.080247
5	55821	3.566828704656	0.078871
5	55828	3.567788058446	0.079224
5	55832	3.567804980071	0.085121
5	55848	3.568836333642	0.079872
5	55852	3.568849005194	0.079459
5	55862	3.569869006096	0.079147
5	55866	3.5698776876	0.078891
5	55879	3.570893085608	0.078882
5	55883	3.570924277397	0.078796
5	55893	3.571877969042	0.079303
5	55897	3.571908516108	0.082382
5	55910	3.572883459394	0.080037
5	55914	3.572890964396	0.080385
5	55924	3.573908702883	0.094701
5	55928	3.573932647766	0.080809
5	55941	3.574865639842	0.079008
5	55945	3.574947938612	0.078715
5	55952	3.575893043621	0.078878
5	55956	3.575904432893	0.079275
5	55972	3.576930784631	0.078594
5	55976	3.576952033269	0.078795
5	55983	3.57791920116	0.078892
5	55987	3.577931183903	0.078671
5	56003	3.578881254782	0.078966
5	56007	3.578961679434	0.078869
5	56014	3.579930295089	0.080322
5	56018	3.579993673396	0.079033
5	56034	3.580961733625	0.07902
5	56038	3.580965315481	0.078944
5	56051	3.581954848428	0.078687
5	56055	3.582001204345	0.078608
5	56065	3.582981365794	0.07878
5	56069	3.583022362257	0.078961
5	56082	3.584007911635	0.079554
5	56086	3.584009322087	0.079034
5	56099	3.584974046689	0.07881
5	56103	3.584993736736	0.087974
5	56116	3.586002774429	0.080812
5	56120	3.58601625405	0.079204
5	56130	3.587001889905	0.079079
5	56134	3.587009730448	0.078765
5	56144	3.587992252034	0.078946
5	56148	3.588044978483	0.078781
5	56158	3.58899617882	0.078651
5	56165	3.589024068874	0.078834
5	56175	3.589999069234	0.078688
5	56182	3.590013238089	0.078738
5	56192	3.59103157832	0.081044
5	56196	3.591051239014	0.081154
5	56206	3.59204742493	0.074587
5	56210	3.592082159468	0.075932
5	56223	3.59306180115	0.076358
5	56227	3.593109959208	0.075979
5	56240	3.594083578209	0.0758
5	56244	3.594104493737	0.076088
5	56251	3.595054641771	0.076791
5	56255	3.595131295733	0.077972
5	56268	3.596008009366	0.076222
5	56272	3.596104838088	0.075537
5	56282	3.597030385351	0.083677
5	56286	3.597108423733	0.077276
5	56302	3.597991623592	0.079005
5	56306	3.598088983428	0.321827
5	56313	3.598945599307	0.110244
5	56317	3.599116571743	0.082873
5	56324	3.599901116267	0.080903
5	56337	3.600146732068	0.08057
5	56344	3.600894685845	0.080632
5	56348	3.601103549625	0.080538
5	56358	3.601850352438	0.079282
5	56371	3.602124285336	0.079043
5	56375	3.60281037363	0.079149
5	56379	3.603105111366	0.078916
5	56392	3.603761736731	0.0796
5	56399	3.604115435329	0.129653
5	56409	3.604769007287	0.082799
5	56413	3.605089970128	0.079162
5	56420	3.605728794049	0.079085
5	56430	3.606123663819	0.078831
5	56440	3.606733464232	0.078971
5	56444	3.607134401046	0.1195
5	56451	3.607756411519	0.094714
5	56464	3.608163200803	0.087918
5	56471	3.608802302808	0.087851
5	56475	3.609188737433	0.082441
5	56485	3.609770229199	0.078942
5	56495	3.610234166542	0.078874
5	56502	3.610757611994	0.089742
5	56506	3.611206698404	0.079002
5	56516	3.611806576155	0.078768
5	56526	3.612218148397	0.078899
5	56533	3.612778551179	0.078891
5	56537	3.613220708081	0.078757
5	56547	3.613741726387	0.078751
5	56557	3.614194248743	0.080189
5	56564	3.614729363375	0.078972
5	56568	3.61519947056	0.078895
5	56581	3.615748129811	0.078705
5	56588	3.61617624166	0.078862
5	56595	3.616760823464	0.092691
5	56599	3.617212761812	0.079921
5	56609	3.617713889663	0.079322
5	56622	3.618242278355	0.078867
5	56626	3.618695702211	0.078799
5	56630	3.619195584575	0.078712
5	56637	3.619701060222	0.078663
5	56653	3.620228460992	0.078816
5	56657	3.620689358221	0.080008
5	56664	3.621267050869	0.078696
5	56671	3.621653448141	0.078631
5	56684	3.622256209529	0.078776
5	56688	3.622702198929	0.078649
5	56692	3.623257174228	0.078954
5	56705	3.623689710266	0.079278
5	56718	3.624236464698	0.078926
5	56722	3.624713251598	0.078849
5	56726	3.625243974792	0.078918
5	56739	3.625734623455	0.078819
5	56749	3.626202991553	0.079833
5	56753	3.626781523846	0.078779
5	56760	3.627216468006	0.078777
5	56770	3.627746827574	0.089875
5	56780	3.62818854206	0.079624
5	56784	3.628710186125	0.079109
5	56791	3.629237973313	0.078666
5	56798	3.62974385428	0.078832
5	56811	3.630260196531	0.078684
5	56815	3.630709225998	0.078835
5	56822	3.631266847561	0.086137
5	56832	3.631709775571	0.079529
5	56839	3.632242653478	0.079628
5	56846	3.632737419425	0.078779
5	56853	3.633218996473	0.086946
5	56860	3.633693480142	0.078838
5	56870	3.634194426119	0.07861
5	56877	3.634726243771	0.078818
5	56884	3.635148773535	0.078764
5	56891	3.635680152505	0.078619
5	56901	3.636140098692	0.078608
5	56908	3.636669484211	0.078783
5	56915	3.637151740448	0.078784
5	56922	3.63765540832	0.078796
5	56932	3.638189166946	0.07878
5	56939	3.638649316532	0.080021
5	56946	3.639154142657	0.078766
5	56953	3.639641442491	0.088281
5	56963	3.640130948293	0.079405
5	56970	3.640592490067	0.079061
5	56977	3.641132472689	0.078849
5	56984	3.641602335642	0.078835
5	56997	3.642171689117	0.078655
5	57001	3.6425903189	0.078759
5	57008	3.643165444037	0.078679
5	57018	3.643579670474	0.079092
5	57031	3.644148695753	0.078815
5	57035	3.644586327927	0.080475
5	57042	3.645192954615	0.080256
5	57049	3.645566915122	0.080451
5	57062	3.646150608152	0.078877
5	57066	3.646585101312	0.078785
5	57073	3.647112979621	0.078782
5	57080	3.647583644152	0.078779
5	57087	3.64809758023	0.078885
5	57097	3.648543291542	0.078978
5	57104	3.649065789387	0.079006
5	57111	3.649538286841	0.07875
5	57121	3.650050040127	0.078793
5	57128	3.650560421129	0.087737
5	57135	3.651087406116	0.079705
5	57142	3.651555724805	0.079042
5	57152	3.65213153938	0.079027
5	57159	3.652544932549	0.078771
5	57166	3.653152541304	0.078832
5	57176	3.653528794889	0.078862
5	57186	3.654149875978	0.078954
5	57190	3.654503875546	0.078983
5	57197	3.655151493433	0.078824
5	57207	3.655535430693	0.094326
5	57211	3.656121015892	0.079826
5	57221	3.656526284358	0.079681
5	57225	3.657080826331	0.079125
5	57238	3.657510968612	0.079002
5	57242	3.658037532751	0.078786
5	57252	3.65846378206	0.078841
5	57259	3.658993898318	0.078796
5	57269	3.659474710823	0.07874
5	57273	3.659971843671	0.084145
5	57280	3.660452158725	0.081744
5	57290	3.660964438028	0.078963
5	57300	3.661473281003	0.078783
5	57304	3.661988460379	0.089117
5	57311	3.662448169438	0.080046
5	57321	3.662965680022	0.080165
5	57334	3.66340576771	0.0792
5	57338	3.663946099484	0.078909
5	57345	3.664423632534	0.078817
5	57355	3.664937451183	0.078873
5	57365	3.665388820194	0.078989
5	57369	3.665911627685	0.078908
5	57379	3.666406756112	0.078847
5	57386	3.666895521863	0.078818
5	57393	3.667386294648	0.078802
5	57400	3.667936579282	0.078861
5	57410	3.668417937801	0.078989
5	57417	3.668895040209	0.080156
5	57424	3.669446840672	0.078852
5	57431	3.669868988214	0.07897
5	57441	3.670476135268	0.078717
5	57448	3.670901687373	0.078722
5	57458	3.671446084665	0.088599
5	57462	3.671905921324	0.079781
5	57472	3.672495691217	0.079354
5	57479	3.672867349005	0.079012
5	57486	3.67352864396	0.078867
5	57493	3.673836982782	0.078783
5	57506	3.67454936167	0.078638
5	57510	3.674789116914	0.078869
5	57520	3.675565687249	0.080593
5	57524	3.67582999528	0.080068
5	57537	3.676587874685	0.080337
5	57541	3.676785815893	0.078768
5	57551	3.677577133499	0.0786
5	57555	3.677794758938	0.078753
5	57568	3.678580105019	0.08225
5	57572	3.678774667041	0.078779
5	57582	3.679577753094	0.078873
5	57586	3.67981257001	0.086135
5	57596	3.680551930952	0.079544
5	57603	3.680783794289	0.079057
5	57613	3.681597153626	0.078969
5	57617	3.681761035102	0.078755
5	57627	3.682585318699	0.078849
5	57631	3.682784542674	0.078813
5	57647	3.683605270327	0.079586
5	57651	3.683746215095	0.078875
5	57661	3.684598264216	0.078888
5	57665	3.68474515771	0.078878
5	57678	3.685577923153	0.078782
5	57685	3.685771371192	0.079006
5	57692	3.686597767476	0.078678
5	57696	3.686782788797	0.079081
5	57709	3.687563616797	0.080683
5	57716	3.687772110175	0.080265
5	57723	3.688583563553	0.339428
5	57727	3.688781503441	0.176054
5	57740	3.689633213584	0.233814
5	57747	3.68981076561	0.276501
5	57754	3.690682408436	0.226088
5	57761	3.690769718407	0.287239
5	57771	3.69165268595	0.207189
5	57775	3.691768925793	0.192011
5	57788	3.692649651485	0.212451
5	57792	3.692800305225	0.321827
5	57802	3.693654711336	0.214618
5	57806	3.693779045284	0.137374
5	57819	3.69461518525	0.135335
5	57823	3.694730177925	0.135106
5	57833	3.695620682033	0.134948
5	57837	3.69572294752	0.135041
5	57847	3.696582983194	0.1347
5	57854	3.696688297479	0.136229
5	57864	3.697547898729	0.225372
5	57868	3.697647638758	0.153465
5	57878	3.698529526322	0.135956
5	57882	3.69863528848	0.135109
5	57895	3.699560888076	0.13491
5	57899	3.699641355646	0.134455
5	57909	3.700574293352	0.136527
5	57913	3.700621101897	0.134069
5	57926	3.701590549859	0.078785
5	57930	3.701603321388	0.079299
5	57940	3.702600892181	0.078734
5	57944	3.702611854311	0.078873
5	57960	3.703573706123	0.080058
5	57964	3.703573779005	0.079203
5	57977	3.70453855171	0.079109
5	57981	3.704618089555	0.079174
5	57991	3.705513162254	0.08993
5	57995	3.705622373683	0.089806
5	58005	3.706526099998	0.080101
5	58012	3.7066595117	0.079081
5	58019	3.707522183947	0.078903
5	58026	3.707698333947	0.078729
5	58036	3.708535279993	0.078821
5	58040	3.708650194224	0.078923
5	58053	3.709527111126	0.07877
5	58057	3.709637187465	0.078794
5	58067	3.710558046211	0.078818
5	58071	3.710686918497	0.078839
5	58084	3.711606866994	0.079202
5	58088	3.711648977812	0.080055
5	58101	3.712572138031	0.078864
5	58105	3.712668151833	0.079094
5	58115	3.713572838628	0.078731
5	58119	3.713692983585	0.078883
5	58132	3.714545622227	0.078829
5	58136	3.714644333914	0.078831
5	58146	3.715579644392	0.078841
5	58150	3.715692895214	0.078786
5	58163	3.716596823796	0.078708
5	58167	3.716691383159	0.078776
5	58177	3.71755139845	0.078939
5	58181	3.717693840723	0.08758
5	58194	3.7185241969	0.081777
5	58198	3.718647601007	0.080764
5	58208	3.719522446636	0.080257
5	58212	3.7196578515	0.078884
5	58222	3.720513413135	0.078715
5	58232	3.720634307547	0.078614
5	58239	3.72149535723	0.078733
5	58246	3.721672284138	0.078702
5	58253	3.722497866063	0.078836
5	58257	3.722647321956	0.078818
5	58276	3.723542365413	0.079529
5	58280	3.723632221009	0.087069
5	58287	3.724544146999	0.079974
5	58294	3.724646090954	0.079525
5	58307	3.725535510715	0.079335
5	58311	3.725676124392	0.079149
5	58318	3.726534986172	0.079034
5	58325	3.726702593084	0.079039
5	58338	3.72751302885	0.079044
5	58342	3.727725533611	0.091163
5	58346	3.728466604363	0.079299
5	58353	3.728762161078	0.088155
5	58363	3.729502736414	0.079731
5	58373	3.729722728721	0.079286
5	58380	3.730519285985	0.080192
5	58384	3.730691318178	0.079101
5	58400	3.731507995482	0.079052
5	58404	3.731725804065	0.078995
5	58411	3.732542141545	0.078975
5	58415	3.732732087374	0.078917
5	58431	3.733545714907	0.079055
5	58435	3.73375730342	0.078858
5	58442	3.734500691298	0.0791
5	58446	3.734717944626	0.078882
5	58462	3.735549418808	0.078701
5	58466	3.735736658	0.079112
5	58473	3.736597354862	0.079247
5	58477	3.736730834769	0.079897
5	58493	3.73760172045	0.078702
5	58497	3.737759858009	0.078745
5	58504	3.738640494051	0.078956
5	58508	3.73873209158	0.078913
5	58524	3.739665463899	0.080235
5	58528	3.739709193644	0.079014
5	58535	3.740684160493	0.08806
5	58539	3.740690427218	0.079942
5	58555	3.74168742115	0.079021
5	58559	3.741728031686	0.07883
5	58566	3.74265333356	0.078887
5	58570	3.742690536304	0.078814
5	58589	3.743641195783	0.079304
5	58593	3.74366169837	0.078834
5	58600	3.744593231966	0.078823
5	58604	3.744682297111	0.07866
5	58620	3.745630946037	0.079051
5	58624	3.745676652032	0.07882
5	58631	3.746582519549	0.084361
5	58635	3.746650239109	0.081998
5	58651	3.74757171675	0.079215
5	58655	3.747677683757	0.078884
5	58662	3.748540362538	0.078859
5	58666	3.748645157227	0.078869
5	58682	3.749582765745	0.080229
5	58686	3.749605319562	0.078761
5	58695	3.750550768806	0.108403
5	58699	3.750610190093	0.080978
5	58712	3.751599239959	0.079439
5	58719	3.751658077247	0.079151
5	58726	3.752576943915	0.07913
5	58730	3.752660597671	0.079107
5	58743	3.753563071096	0.078938
5	58750	3.753612962395	0.079967
5	58757	3.754515640321	0.079059
5	58761	3.754633451328	0.07885
5	58777	3.755506830725	0.078973
5	58781	3.755633498309	0.204129
5	58788	3.756518461308	0.206846
5	58792	3.756626046743	0.191448
5	58808	3.757514108824	0.190891
5	58812	3.75765804623	0.190583
5	58819	3.758539882318	0.190318
5	58823	3.758682594085	0.226497
5	58839	3.759497852244	0.193294
5	58843	3.759662461275	0.218985
5	58850	3.760449095244	0.08891
5	58854	3.760706154214	0.081509
5	58870	3.761487518902	0.09772
5	58874	3.761720790367	0.080718
5	58881	3.762516673221	0.08065
5	58888	3.762761579239	0.079182
5	58904	3.763494443322	0.079983
5	58908	3.763794004366	0.079449
5	58915	3.764477976166	0.07895
5	58922	3.76479933913	0.078796
5	58935	3.765453264177	0.078759
5	58939	3.765816117305	0.079953
5	58946	3.7664543862	0.078802
5	58953	3.766817300634	0.078723
5	58966	3.767468965121	0.078736
5	58970	3.767858715279	0.078766
5	58977	3.768438212777	0.093333
5	58981	3.768896867762	0.079591
5	58988	3.769408963313	0.07925
5	59001	3.769857081443	0.078929
5	59008	3.770443089031	0.078902
5	59012	3.770901704639	0.078799
5	59022	3.771473029797	0.078859
5	59035	3.771921207951	0.07971
5	59039	3.772514964823	0.078836
5	59046	3.772873473126	0.078893
5	59056	3.773502829203	0.078786
5	59063	3.773880975396	0.079093
5	59070	3.774540982061	0.079189
5	59074	3.774835971158	0.078954
5	59087	3.775536087002	0.078883
5	59094	3.775843611283	0.078708
5	59101	3.776583501743	0.07883
5	59105	3.77680280223	0.07868
5	59121	3.777615227551	0.078589
5	59125	3.777772534234	0.078972
5	59132	3.778605613733	0.080151
5	59136	3.778778071412	0.078841
5	59152	3.779612962862	0.078892
5	59156	3.779744374489	0.078927
5	59163	3.780655015448	0.088252
5	59167	3.780781386643	0.079112
5	59183	3.781624183087	0.078731
5	59187	3.781805324791	0.078702
5	59194	3.782619556418	0.078778
5	59198	3.782830918672	0.078662
5	59217	3.783653994106	0.085338
5	59221	3.783838353954	0.080284
5	59228	3.784667635606	0.078826
5	59232	3.784802667132	0.078864
5	59248	3.785717080879	0.078714
5	59252	3.785842808872	0.078901
5	59259	3.786684323867	0.078691
5	59263	3.786805293728	0.078633
5	59279	3.787718261058	0.078718
5	59286	3.787839967206	0.078851
5	59290	3.788752340418	0.078827
5	59294	3.788882241092	0.078732
5	59310	3.789800391026	0.0788
5	59317	3.789922138048	0.078845
5	59321	3.790785410396	0.079974
5	59325	3.790884893458	0.078794
5	59344	3.791809865142	0.088653
5	59348	3.791904564301	0.079767
5	59352	3.79280074329	0.078817
5	59356	3.792945525593	0.078889
5	59375	3.793802183187	0.078801
5	59379	3.793930595141	0.078722
5	59383	3.794774202952	0.078646
5	59390	3.794921894142	0.078735
5	59403	3.795817007271	0.078925
5	59407	3.795897673593	0.078721
5	59414	3.796803010351	0.078841
5	59421	3.796892453894	0.079926
5	59434	3.797802247512	0.078797
5	59441	3.797935467381	0.078743
5	59445	3.798760707633	0.078707
5	59455	3.798968244345	0.078893
5	59465	3.799747700055	0.078624
5	59469	3.800015826121	0.078575
5	59476	3.800775251814	0.086442
5	59483	3.800999362163	0.079883
5	59496	3.801818204382	0.090246
5	59500	3.801975091621	0.079753
5	59510	3.802816507348	0.07904
5	59514	3.802980468299	0.080036
5	59530	3.803811329991	0.07944
5	59537	3.804019718152	0.079004
5	59544	3.804854759258	0.078773
5	59548	3.804983881402	0.078908
5	59561	3.805813961216	0.078816
5	59568	3.805993750168	0.086058
5	59575	3.806816910971	0.07908
5	59582	3.806963864398	0.078785
5	59592	3.807853436333	0.078909
5	59596	3.807983512054	0.078697
5	59609	3.808835939615	0.078765
5	59613	3.80899954102	0.081126
5	59623	3.809845952063	0.080293
5	59627	3.810025673827	0.080315
5	59640	3.810851662262	0.080293
5	59644	3.810981009517	0.080336
5	59654	3.811864235395	0.080073
5	59658	3.811936693273	0.078685
5	59671	3.812906729542	0.08846
5	59675	3.812920224947	0.086472
5	59685	3.813866735489	0.079885
5	59692	3.813964458556	0.078895
5	59702	3.814820070553	0.078935
5	59706	3.814937951746	0.078794
5	59716	3.815774840126	0.080163
5	59720	3.815963004745	0.078839
5	59733	3.816799683261	0.078852
5	59737	3.816977602807	0.079135
5	59747	3.817775291614	0.078732
5	59751	3.817995703771	0.078857
5	59764	3.818803107004	0.078822
5	59768	3.819000624467	0.07875
5	59775	3.819837219106	0.078917
5	59782	3.819981503463	0.078718
5	59795	3.820816305222	0.078797
5	59799	3.820954104728	0.079196
5	59806	3.821835750797	0.078776
5	59813	3.821949414245	0.079979
5	59829	3.822862195585	0.07902
5	59833	3.822941139944	0.07899
5	59840	3.823853273056	0.090251
5	59844	3.823909911515	0.080463
5	59860	3.824852168211	0.078799
5	59864	3.824881234313	0.07885
5	59874	3.825839896995	0.078898
5	59881	3.825878634671	0.078756
5	59891	3.826801285917	0.078869
5	59895	3.826864082847	0.078952
5	59908	3.827849791847	0.080104
5	59912	3.827864633761	0.078725
5	59922	3.828821500487	0.092262
5	59926	3.828851173716	0.079536
5	59936	3.829827862934	0.078799
5	59940	3.829857305057	0.078921
5	59953	3.830825192768	0.078661
5	59957	3.830830257765	0.078774
5	59967	3.831782195548	0.078929
5	59971	3.831844825458	0.078731
5	59984	3.832811119501	0.07882
5	59988	3.832816129716	0.078954
5	59998	3.833774868762	0.078898
5	60002	3.833782665414	0.079847
5	60015	3.834756617775	0.078941
5	60019	3.834792255364	0.078827
5	60029	3.835781448194	0.088368
5	60033	3.835812607588	0.079546
5	60046	3.836733856069	0.078976
5	60050	3.83683040421	0.078933
5	60060	3.837688612744	0.078653
5	60064	3.837804688474	0.078894
5	60077	3.838709705746	0.078856
5	60081	3.838806038457	0.078859
5	60094	3.839725996649	0.07872
5	60098	3.839780008981	0.078838
5	60108	3.840695813562	0.079938
5	60112	3.840757980137	0.081434
5	60122	3.841714267971	0.080444
5	60126	3.841715529109	0.079734
5	60142	3.842667896871	0.07964
5	60146	3.842685821646	0.076847
5	60156	3.843671156515	0.074822
5	60160	3.843681801227	0.074626
5	60173	3.844650268511	0.074422
5	60177	3.844689337082	0.084532
5	60190	3.845682602421	0.076111
5	60194	3.845719296676	0.077953
5	60204	3.846651622491	0.078775
5	60208	3.846722269882	0.078939
5	60221	3.847677595143	0.079151
5	60225	3.847684292719	0.079504
5	60235	3.848652588636	0.079167
5	60239	3.848727596999	0.080539
5	60252	3.849603598938	0.080392
5	60256	3.849697290082	0.081355
5	60263	3.850652305489	0.082445
5	60270	3.850681279672	0.079626
5	60280	3.85162417877	0.083991
5	60287	3.851721727643	0.07946
5	60294	3.852601302259	0.096771
5	60298	3.852770681584	0.081166
5	60311	3.853560495577	0.082009
5	60318	3.853793235268	0.079081
5	60325	3.85456561981	0.07922
5	60332	3.854801626654	0.07943
5	60342	3.855612486973	0.080259
5	60349	3.855773513487	0.07977
5	60356	3.856631988733	0.089387
5	60360	3.856747562032	0.091212
5	60373	3.85764147467	0.080569
5	60377	3.857785747326	0.079475
5	60387	3.858644460822	0.080318
5	60391	3.858758495548	0.080796
5	60404	3.859673167308	0.080397
5	60408	3.859784656727	0.07908
5	60418	3.860677227792	0.079316
5	60422	3.860740288073	0.078786
5	60435	3.861671991297	0.078742
5	60442	3.861759010116	0.078792
5	60449	3.862702517693	0.078884
5	60453	3.862784991731	0.078772
5	60472	3.863670628537	0.079483
5	60476	3.86382824305	0.079025
5	60483	3.864640321705	0.078814
5	60487	3.864866130461	0.078733
5	60503	3.865619520806	0.078732
5	60507	3.865892197029	0.078897
5	60514	3.866595127029	0.078631
5	60521	3.866935201943	0.078802
5	60531	3.86759899391	0.088239
5	60538	3.86793328833	0.080437
5	60545	3.868622201849	0.079308
5	60552	3.868900785515	0.078932
5	60562	3.869643904125	0.078803
5	60569	3.869946041517	0.078866
5	60576	3.870680617578	0.080202
5	60583	3.870953249959	0.079989
5	60593	3.871660079779	0.08027
5	60600	3.871918977236	0.08004
5	60607	3.872701287514	0.079041
5	60611	3.872938778416	0.078656
5	60624	3.873667323462	0.078788
5	60628	3.873934262063	0.083317
5	60638	3.874656467811	0.078804
5	60642	3.874952757851	0.078687
5	60652	3.875614175718	0.078732
5	60659	3.875924073951	0.07866
5	60669	3.876620809087	0.078775
5	60676	3.876904441305	0.080791
5	60683	3.877643680719	0.080711
5	60690	3.877948325474	0.080594
5	60700	3.878663831104	0.080396
5	60704	3.878940867285	0.089854
5	60717	3.879617018146	0.079431
5	60721	3.879920799598	0.07905
5	60731	3.880658346654	0.079175
5	60735	3.880871402246	0.079102
5	60748	3.881649509724	0.078934
5	60752	3.881857734238	0.07896
5	60762	3.882650259974	0.079071
5	60766	3.882881198531	0.079492
5	60782	3.88365084481	0.086351
5	60786	3.883903150495	0.079593
5	60796	3.884674254153	0.078984
5	60800	3.884914811096	0.078716
5	60813	3.885696044493	0.078931
5	60817	3.885891638846	0.078929
5	60827	3.886663801855	0.082509
5	60831	3.886859306433	0.080698
5	60844	3.887692352456	0.079155
5	60848	3.887817622047	0.078849
5	60858	3.888643639143	0.078748
5	60862	3.888812490365	0.079803
5	60875	3.889630039192	0.078735
5	60882	3.889813747763	0.088382
5	60889	3.890649200844	0.079868
5	60893	3.890848653507	0.07896
5	60909	3.891670412376	0.078751
5	60913	3.891841725497	0.078601
5	60920	3.892692006773	0.078772
5	60924	3.892853206217	0.078952
5	60940	3.893699793575	0.078817
5	60944	3.8938843107	0.078763
5	60951	3.894681449787	0.078598
5	60955	3.894864938183	0.078771
5	60971	3.895679770463	0.080132
5	60975	3.895910239718	0.078894
5	60982	3.896646201635	0.082767
5	60986	3.896934173725	0.079564
5	61002	3.897635120183	0.078781
5	61006	3.897943806203	0.078819
5	61013	3.898625609537	0.078693
5	61017	3.898964003645	0.078815
5	61033	3.899629633138	0.078967
5	61037	3.899953929723	0.078807
5	61044	3.900676045984	0.078992
5	61048	3.900908192761	0.078689
5	61061	3.901707833106	0.078758
5	61068	3.901919830981	0.089343
5	61075	3.902666076082	0.081327
5	61079	3.902959519677	0.080504
5	61095	3.903699369778	0.079582
5	61102	3.903923392983	0.079012
5	61109	3.904682994941	0.078758
5	61113	3.904969571774	0.078798
5	61129	3.905636655171	0.079069
5	61133	3.905993292616	0.079094
5	61137	3.906646373386	0.078967
5	61147	3.907021459747	0.07892
5	61160	3.907655598447	0.079655
5	61164	3.908047082584	0.078813
5	61171	3.90865307447	0.078736
5	61181	3.909000957148	0.078869
5	61188	3.90963955675	0.078748
5	61195	3.910008394751	0.078714
5	61202	3.910589634435	0.08547
5	61209	3.911005061076	0.079821
5	61219	3.911594470431	0.080072
5	61226	3.911975098461	0.080905
5	61233	3.912579957966	0.081463
5	61240	3.912946373726	0.089908
5	61250	3.913584252335	0.082437
5	61257	3.913937637162	0.08192
5	61264	3.914578473919	0.081324
5	61271	3.914953228404	0.082364
5	61278	3.915550258041	0.079964
5	61288	3.915983643023	0.079215
5	61292	3.916542947097	0.078991
5	61302	3.917012140222	0.078936
5	61309	3.917565252969	0.079435
5	61319	3.918061956524	0.07928
5	61323	3.918552277771	0.079102
5	61333	3.919067353262	0.084884
5	61340	3.919526194304	0.08022
5	61350	3.920035746722	0.079258
5	61354	3.920519809619	0.079298
5	61364	3.921064819203	0.078675
5	61374	3.92154679383	0.078704
5	61381	3.922088367539	0.078749
5	61385	3.922504438295	0.078951
5	61398	3.923086511488	0.079271
5	61408	3.923522736173	0.079212
5	61412	3.924074548743	0.089642
5	61419	3.924489269102	0.079883
5	61429	3.925105572566	0.079657
5	61439	3.925511296843	0.0791
5	61446	3.926114500947	0.078881
5	61450	3.926557496711	0.078758
5	61460	3.927162739605	0.078816
5	61470	3.927530201591	0.078921
5	61477	3.928117174955	0.07877
5	61481	3.928518671234	0.078659
5	61491	3.929160046926	0.078785
5	61498	3.929485915605	0.078711
5	61508	3.930116844322	0.078723
5	61512	3.930530529571	0.078951
5	61522	3.931097145911	0.079516
5	61529	3.931554649998	0.079849
5	61539	3.932085081398	0.078559
5	61543	3.932541448711	0.078736
5	61553	3.933129540092	0.07887
5	61563	3.933570609467	0.07874
5	61570	3.934100318946	0.078767
5	61574	3.934601472861	0.078672
5	61584	3.935114218553	0.07895
5	61594	3.935590859727	0.088593
5	61601	3.936149974419	0.081778
5	61605	3.93655378682	0.080409
5	61612	3.937153662205	0.087124
5	61625	3.937524939128	0.082533
5	61632	3.938148846014	0.078997
5	61636	3.938489151627	0.079242
5	61646	3.939188526022	0.078989
5	61656	3.939447366827	0.079085
5	61663	3.940147059835	0.07956
5	61667	3.940462975023	0.079029
5	61680	3.941179982877	0.080632
5	61687	3.941467612408	0.082281
5	61694	3.942203269388	0.087538
5	61698	3.942498959225	0.082645
5	61714	3.943183529948	0.082389
5	61721	3.943498177716	0.081085
5	61728	3.944182207572	0.080119
5	61732	3.944509058931	0.07935
5	61745	3.945224525999	0.079402
5	61752	3.945483120116	0.079882
5	61759	3.946223252191	0.080732
5	61763	3.946528153324	0.090996
5	61776	3.947271135441	0.080747
5	61783	3.94752791139	0.081167
5	61790	3.9482345976	0.080352
5	61794	3.948520726107	0.07987
5	61807	3.949188624787	0.081257
5	61811	3.949505191353	0.079222
5	61821	3.950163624505	0.079013
5	61825	3.950515928428	0.079587
5	61838	3.95118834022	0.079088
5	61842	3.951529821661	0.078908
5	61852	3.952190396224	0.078989
5	61859	3.952561038843	0.079198
5	61869	3.953166718533	0.07874
5	61873	3.953555717486	0.079892
5	61883	3.95419103345	0.079823
5	61890	3.954563794334	0.078605
5	61900	3.955160229394	0.078783
5	61904	3.955563653394	0.080022
5	61914	3.956200374379	0.078758
5	61921	3.956610198841	0.079105
5	61928	3.957187669654	0.079162
5	61938	3.957568088263	0.078819
5	61945	3.958148551951	0.088183
5	61952	3.95861568105	0.079515
5	61962	3.959184277482	0.078916
5	61969	3.959594551381	0.078992
5	61976	3.960172818453	0.078907
5	61983	3.960626438867	0.078786
5	61993	3.961187164151	0.078874
5	62003	3.961655418238	0.078677
5	62007	3.962177594412	0.080067
5	62014	3.962609896587	0.078786
5	62027	3.963222506532	0.086668
5	62034	3.96365187874	0.087494
5	62041	3.96422489407	0.079742
5	62048	3.964681411378	0.07937
5	62058	3.965226802654	0.079072
5	62065	3.965692859486	0.078849
5	62072	3.966265631439	0.078921
5	62079	3.966664183357	0.078831
5	62092	3.967284359488	0.078723
5	62096	3.967640121344	0.079992
5	62103	3.968242354869	0.078669
5	62110	3.968631864586	0.078865
5	62120	3.96919778777	0.088283
5	62127	3.969651742045	0.079942
5	62134	3.970247647562	0.07904
5	62141	3.970647544347	0.078812
5	62154	3.971226440554	0.079172
5	62158	3.971681127766	0.078904
5	62165	3.972222006912	0.078792
5	62172	3.972695194248	0.078563
5	62185	3.973247035963	0.078611
5	62189	3.973691014054	0.078921
5	62196	3.974214988375	0.080396
5	62203	3.974680129716	0.079132
5	62216	3.97522369256	0.079284
5	62220	3.975705333203	0.0791
5	62227	3.976262893629	0.079295
5	62234	3.976693351194	0.078943
5	62247	3.977241004907	0.078993
5	62251	3.97767310626	0.078592
5	62258	3.978256664232	0.079044
5	62268	3.978667824835	0.079057
5	62278	3.979211993261	0.0788
5	62282	3.979716878615	0.078901
5	62289	3.980183316402	0.079353
5	62299	3.980710414311	0.079945
5	62309	3.981140237745	0.081514
5	62313	3.981703264378	0.078907
5	62320	3.982171764498	0.078749
5	62333	3.982736605946	0.079475
5	62340	3.983173928944	0.078776
5	62347	3.98373964597	0.078767
5	62357	3.984187753087	0.078864
5	62364	3.984781093745	0.07899
5	62371	3.985159082797	0.07891
5	62378	3.985793021813	0.078628
5	62388	3.986160924645	0.079344
5	62395	3.986831731271	0.084327
5	62402	3.987111431409	0.079292
5	62412	3.987820210381	0.079377
5	62419	3.988150665013	0.078698
5	62423	3.988811497177	0.079198
5	62433	3.989112848787	0.078772
5	62443	3.989798447287	0.078873
5	62450	3.99008854315	0.08557
5	62454	3.990805610726	0.079914
5	62464	3.991057213719	0.079017
5	62477	3.99185557781	0.078897
5	62481	3.992091443289	0.088288
5	62488	3.992886076912	0.080356
5	62495	3.99305448633	0.078907
5	62505	3.993880530379	0.079007
5	62512	3.994094923537	0.082195
5	62522	3.99492564307	0.0797
5	62526	3.995056341757	0.078936
5	62536	3.995965705749	0.078737
5	62543	3.99607489032	0.079281
5	62553	3.996929947498	0.079446
5	62557	3.997103355302	0.079085
5	62567	3.997940614411	0.079419
5	62574	3.998130834204	0.078966
5	62584	3.998982292228	0.079048
5	62588	3.999155017288	0.080471
5	62598	3.999954003748	0.07918
5	62604	4.000120677055	0.094938
5	62614	4.00096199799	0.079725
5	62621	4.001123608958	0.079383
5	62631	4.001954620213	0.080542
5	62635	4.00217266061	0.078939
5	62648	4.003000203596	0.080494
5	62655	4.003181070884	0.078824
5	62665	4.004038736753	0.079318
5	62669	4.004226974426	0.079296
5	62682	4.005009019401	0.079161
5	62686	4.005210731524	0.078951
5	62693	4.005988739643	0.091634
5	62700	4.00617082091	0.08014
5	62710	4.007030226009	0.079218
5	62717	4.00712799681	0.079292
5	62724	4.008010903191	0.080186
5	62731	4.008109382579	0.079177
5	62741	4.009051473946	0.078788
5	62745	4.009070091527	0.091636
5	62755	4.0100029736	0.080061
5	62759	4.010113405953	0.079003
5	62772	4.011005373592	0.078834
5	62776	4.011104613916	0.07877
5	62789	4.012005282739	0.078661
5	62793	4.012085901082	0.078886
5	62803	4.012972367438	0.078964
5	62807	4.013122576656	0.078784
5	62817	4.013977843845	0.078821
5	62821	4.014144704772	0.079966
5	62834	4.015025681604	0.079133
5	62838	4.015131038467	0.078744
5	62848	4.0160245614	0.078705
5	62855	4.016124587627	0.078852
5	62865	4.017012755062	0.081463
5	62872	4.01713703706	0.079967
5	62879	4.018001649079	0.079794
5	62883	4.018124126786	0.079586
5	62899	4.019025505326	0.079283
5	62903	4.019128164441	0.078908
5	62913	4.020061173324	0.079123
5	62917	4.020111365706	0.079408
5	62930	4.021071941723	0.087921
5	62934	4.021127657844	0.080131
5	62941	4.022073103427	0.07913
5	62945	4.022155744741	0.079055
5	62967	4.023076456646	0.154131
5	62971	4.023114208257	0.080676
5	62975	4.024085238092	0.079182
5	62979	4.0240954928	0.078979
5	62995	4.025068873768	0.079242
5	63002	4.025104798699	0.081165
5	63006	4.026057128848	0.080332
5	63010	4.026137406539	0.080478
5	63029	4.027053336968	0.084715
5	63033	4.0271112125	0.091541
5	63040	4.028031423624	0.082046
5	63044	4.028154362779	0.081096
5	63060	4.028986817803	0.079309
5	63064	4.029108938285	0.078852
5	63074	4.030015667928	0.081802
5	63078	4.0301499398	0.081407
5	63091	4.031005422925	0.080069
5	63095	4.031152394282	0.09122
5	63102	4.032009111904	0.080274
5	63106	4.032108104381	0.079863
5	63122	4.033022459677	0.080148
5	63126	4.03306250289	0.079604
5	63136	4.034051312975	0.079258
5	63140	4.034053046849	0.078998
5	63153	4.035047171593	0.078843
5	63157	4.035082102612	0.079899
5	63161	4.036073790885	0.080599
5	63165	4.03611645154	0.07993
5	63184	4.037079441914	0.080302
5	63188	4.037147613475	0.079571
5	63195	4.038086076605	0.08121
5	63202	4.038114646396	0.080262
5	63215	4.039074954252	0.079896
5	63219	4.03908911393	0.079063
5	63229	4.04005765674	0.07873
5	63233	4.040064102259	0.079135
5	63246	4.041039147523	0.078767
5	63250	4.041083294851	0.078882
5	63260	4.042031354953	0.078808
5	63264	4.042067995525	0.079757
5	63280	4.043057328226	0.080303
5	63284	4.043062188086	0.08001
5	63294	4.044019416151	0.078834
5	63298	4.044072261436	0.079032
5	63311	4.045056357534	0.078878
5	63315	4.045063921544	0.079027
5	63325	4.046026553737	0.079182
5	63329	4.046074078008	0.079141
5	63339	4.046989567345	0.078792
5	63346	4.047117728445	0.078708
5	63353	4.047972604451	0.079099
5	63360	4.048100833569	0.07858
5	63373	4.04893791165	0.07871
5	63377	4.049080352193	0.078812
5	63384	4.049961097539	0.080018
5	63388	4.050109074766	0.083769
5	63404	4.050970402103	0.079544
5	63408	4.051113542582	0.078958
5	63415	4.051979932738	0.078789
5	63422	4.052146476553	0.078805
5	63432	4.052950303358	0.078908
5	63439	4.053141241962	0.078986
5	63449	4.053963858898	0.087658
5	63453	4.054167650087	0.07953
5	63463	4.054926333875	0.079266
5	63470	4.055152823133	0.078713
5	63477	4.055899108542	0.078943
5	63481	4.056124520732	0.080239
5	63494	4.056934879957	0.078604
5	63498	4.057088212492	0.078943
5	63508	4.057938375935	0.078993
5	63512	4.058047135973	0.080051
5	63525	4.058931644503	0.080177
5	63529	4.059041174565	0.080594
5	63539	4.059907431714	0.079785
5	63543	4.060041577015	0.082381
5	63556	4.060916702227	0.08076
5	63560	4.06101387089	0.079407
5	63570	4.061916187884	0.079058
5	63574	4.062028772636	0.079626
5	63590	4.062905970958	0.081006
5	63594	4.063030008131	0.09161
5	63604	4.063891546986	0.080389
5	63608	4.064046008751	0.079146
5	63621	4.06493892799	0.079023
5	63625	4.065062337432	0.078967
5	63635	4.065964175722	0.078991
5	63639	4.066092483787	0.079044
5	63652	4.066987250295	0.079111
5	63656	4.06712604092	0.080722
5	63666	4.067998520026	0.079871
5	63670	4.068141413092	0.079368
5	63683	4.068969358429	0.079188
5	63687	4.069093428324	0.079418
5	63697	4.070007640887	0.093039
5	63701	4.070063483909	0.079869
5	63714	4.070975566051	0.079152
5	63718	4.071033026369	0.078857
5	63728	4.071955766474	0.078713
5	63732	4.072045557438	0.078946
5	63745	4.072964751234	0.08579
5	63752	4.073022666617	0.079803
5	63759	4.073992732316	0.079161
5	63763	4.074004976296	0.079078
5	63776	4.075013484035	0.088048
5	63780	4.07505459682	0.080087
5	63790	4.076007345418	0.079393
5	63794	4.076070238549	0.07882
5	63807	4.077010363382	0.078801
5	63814	4.077091042014	0.079463
5	63821	4.07800995182	0.079089
5	63825	4.078059142091	0.078879
5	63838	4.07896898208	0.07925
5	63845	4.079107151893	0.078793
5	63852	4.080017436859	0.078975
5	63856	4.080087113204	0.078821
5	63869	4.081000042405	0.079992
5	63873	4.081064951821	0.078887
5	63883	4.082046259325	0.079132
5	63887	4.082077299877	0.078832
5	63903	4.083025168428	0.079055
5	63907	4.083111849139	0.078912
5	63917	4.084026648608	0.07891
5	63921	4.084088607633	0.088965
5	63934	4.085069524726	0.080245
5	63938	4.085133892713	0.079173
5	63948	4.086067802556	0.078903
5	63952	4.086140728569	0.079738
5	63965	4.087111047834	0.078973
5	63969	4.08713881823	0.079479
5	63979	4.088114432418	0.078823
5	63983	4.088132211424	0.07889
5	63993	4.089110654088	0.078926
5	64000	4.089154778123	0.078842
5	64010	4.090117719471	0.079056
5	64014	4.090137675766	0.079381
5	64027	4.091088346297	0.078876
5	64031	4.091095743591	0.079106
5	64041	4.092102907953	0.078967
5	64045	4.092140361849	0.07869
5	64055	4.093070768564	0.079933
5	64062	4.093146856321	0.07888
5	64072	4.094025527946	0.078908
5	64076	4.094122252524	0.078787
5	64086	4.095000086406	0.078825
5	64090	4.095106397961	0.082623
5	64103	4.096046762433	0.078843
5	64107	4.096069242154	0.087733
5	64117	4.097033965286	0.079893
5	64124	4.097073265302	0.08567
5	64134	4.098006668204	0.081011
5	64138	4.098110525937	0.07905
5	64148	4.099029315331	0.080079
5	64152	4.099093197023	0.078715
5	64165	4.099981611994	0.078718
5	64169	4.100130772832	0.078714
5	64176	4.100933601081	0.078641
5	64183	4.101115761091	0.078776
5	64196	4.101912430182	0.078756
5	64200	4.102141519858	0.078543
5	64207	4.102881855471	0.078811
5	64217	4.103091705273	0.079376
5	64230	4.103885422166	0.07896
5	64234	4.104096927714	0.078706
5	64244	4.104867829551	0.079914
5	64248	4.10514136752	0.078739
5	64261	4.105864367909	0.079847
5	64265	4.1061644344	0.079646
5	64272	4.106842281982	0.081345
5	64279	4.107124737954	0.089024
5	64292	4.107864190506	0.079613
5	64296	4.108171999807	0.079243
5	64306	4.108906325955	0.081037
5	64310	4.109163989355	0.079934
5	64323	4.109915403986	0.078732
5	64327	4.110171059809	0.079027
5	64334	4.110901846764	0.078871
5	64341	4.111140619558	0.078873
5	64351	4.111931802946	0.079095
5	64358	4.112138925624	0.0821
5	64365	4.112930333006	0.079617
5	64372	4.113177797911	0.078909
5	64385	4.113978675247	0.078737
5	64389	4.114188260411	0.078716
5	64396	4.115027536796	0.078785
5	64400	4.115217815207	0.078733
5	64416	4.116005826607	0.078771
5	64420	4.116174614095	0.078742
5	64427	4.116961783232	0.078994
5	64431	4.1171727835	0.089206
5	64444	4.117918848276	0.08454
5	64451	4.118192596941	0.079532
5	64458	4.11896596159	0.079097
5	64462	4.119161494655	0.078777
5	64478	4.11994203424	0.078651
5	64482	4.120166190941	0.078692
5	64489	4.120903111278	0.078838
5	64493	4.12113983086	0.078733
5	64506	4.121872097226	0.078655
5	64513	4.122091587763	0.078773
5	64520	4.122909057753	0.579477
5	64524	4.123101929631	0.112014
5	64540	4.123883916834	0.090369
5	64547	4.124119751683	0.086341
5	64554	4.124924650695	0.080685
5	64558	4.1251676652	0.080558
5	64571	4.125949877446	0.080457
5	64578	4.126206508371	0.079353
5	64585	4.126972236502	0.079081
5	64589	4.127209008224	0.079001
5	64602	4.127982775625	0.079057
5	64609	4.128187468263	0.079266
5	64616	4.128986164468	0.079159
5	64620	4.129227068476	0.079079
5	64630	4.129969911722	0.084978
5	64640	4.130180219587	0.082595
5	64647	4.130921509984	0.079284
5	64651	4.131148555383	0.078638
5	64661	4.131886101772	0.092617
5	64668	4.132139607893	0.079173
5	64675	4.132868939311	0.078972
5	64682	4.133145062101	0.078891
5	64692	4.133887982973	0.078704
5	64699	4.134161364956	0.078888
5	64706	4.134902358962	0.07912
5	64713	4.13518259975	0.078974
5	64723	4.135950051456	0.079988
5	64730	4.136213530012	0.078782
5	64737	4.136998561455	0.09197
5	64744	4.137227297903	0.07904
5	64757	4.138020497771	0.078748
5	64761	4.138272473318	0.078658
5	64768	4.138977353831	0.078906
5	64775	4.139273954072	0.078666
5	64785	4.139948040969	0.078941
5	64792	4.14031985377	0.078759
5	64799	4.140944924703	0.078785
5	64809	4.141353781176	0.078875
5	64816	4.141972517021	0.078771
5	64823	4.142319162718	0.080039
5	64830	4.143008565784	0.078857
5	64843	4.14331712996	0.079775
5	64850	4.144029615991	0.07902
5	64857	4.144366859451	0.078853
5	64864	4.145053724829	0.078908
5	64874	4.145361007256	0.078777
5	64881	4.146027283579	0.078888
5	64888	4.146361744115	0.078761
5	64895	4.147062503386	0.078867
5	64902	4.14732412104	0.078865
5	64912	4.148024807003	0.080113
5	64919	4.148275661841	0.078934
5	64929	4.1490721977	0.078912
5	64933	4.149309691933	0.079114
5	64943	4.150028180738	0.07906
5	64950	4.150329324591	0.079053
5	64960	4.150979025799	0.07907
5	64964	4.151336581963	0.07903
5	64974	4.151950290579	0.079091
5	64978	4.152312743434	0.078934
5	64991	4.152994440434	0.078957
5	64995	4.153335497655	0.07874
5	65005	4.1540121032	0.078746
5	65009	4.154350007558	0.089592
5	65022	4.155039690528	0.079736
5	65029	4.155308618379	0.079409
5	65036	4.156085001354	0.078899
5	65040	4.156355901209	0.078789
5	65053	4.15705177199	0.078738
5	65060	4.157365877249	0.078751
5	65067	4.158046075387	0.078779
5	65074	4.158383643155	0.078671
5	65081	4.159027289826	0.078884
5	65088	4.159404329566	0.078836
5	65098	4.160010289594	0.078879
5	65105	4.160430327222	0.078983
5	65112	4.161038509056	0.078904
5	65122	4.161455553339	0.085652
5	65129	4.162007091974	0.079656
5	65136	4.162415873356	0.079089
5	65143	4.162987386676	0.078788
5	65147	4.163442293442	0.078698
5	65163	4.164025618839	0.079325
5	65170	4.164468214267	0.079015
5	65177	4.165002264991	0.078982
5	65181	4.165473682356	0.08813
5	65194	4.166045202913	0.080074
5	65201	4.166489290501	0.079104
5	65208	4.16703322115	0.079029
5	65212	4.16746599188	0.078877
5	65225	4.167988280214	0.078873
5	65232	4.168474615872	0.078898
5	65239	4.169012029728	0.07891
5	65243	4.169512835732	0.079001
5	65256	4.169995992996	0.078823
5	65263	4.170545996734	0.078826
5	65270	4.170954396672	0.078693
5	65274	4.171517818948	0.078826
5	65287	4.171963931663	0.07885
5	65294	4.172565531867	0.080024
5	65301	4.172917280838	0.07889
5	65305	4.173562859063	0.078883
5	65318	4.173933460987	0.078717
5	65325	4.174533162128	0.078878
5	65332	4.174937373618	0.078828
5	65336	4.175575640681	0.078823
5	65349	4.175904725056	0.078678
5	65356	4.176549863674	0.078748
5	65363	4.176909183172	0.078859
5	65367	4.177531197754	0.08827
5	65377	4.177865862503	0.082516
5	65387	4.17851295758	0.080735
5	65394	4.178820796651	0.080665
5	65398	4.1795000234	0.08031
5	65411	4.179839580832	0.080352
5	65418	4.180460835841	0.080528
5	65425	4.18087999054	0.080441
5	65429	4.181452084058	0.079642
5	65442	4.181839928171	0.078889
5	65449	4.182491696536	0.088427
5	65456	4.182884751583	0.080125
5	65460	4.183493093471	0.078819
5	65476	4.183846765242	0.07916
5	65483	4.184519159524	0.078851
5	65487	4.184797181999	0.08023
5	65497	4.185530256196	0.078749
5	65504	4.185799403688	0.078721
5	65514	4.186553288552	0.078841
5	65518	4.186839126268	0.078717
5	65525	4.187526211292	0.078853
5	65538	4.18788517197	0.078902
5	65545	4.188555148793	0.088787
5	65549	4.188838600467	0.07974
5	65559	4.189528218387	0.07885
5	65566	4.189803060466	0.078904
5	65576	4.190508280057	0.078909
5	65580	4.190811365812	0.078823
5	65590	4.191552313432	0.079998
5	65594	4.19183466713	0.07899
5	65607	4.192523729835	0.078866
5	65611	4.192863947362	0.078817
5	65621	4.193485853183	0.078894
5	65625	4.19387349867	0.078794
5	65638	4.194522206694	0.078857
5	65642	4.194826120122	0.078592
5	65649	4.195479428148	0.078814
5	65656	4.195797747505	0.078628
5	65669	4.196486182343	0.078725
5	65673	4.19683041416	0.078771
5	65683	4.197488380727	0.078721
5	65690	4.197786408081	0.079939
5	65700	4.198531549839	0.088717
5	65704	4.198741358785	0.079768
5	65711	4.199522166983	0.079106
5	65718	4.199763523231	0.082023
5	65731	4.20056506266	0.079354
5	65735	4.20073537311	0.078986
5	65742	4.201581111463	0.078797
5	65749	4.20172870402	0.078831
5	65762	4.202536201874	0.078878
5	65766	4.20276215659	0.078863
5	65773	4.203563113809	0.078721
5	65777	4.203721685455	0.079985
5	65796	4.204593288188	0.08372
5	65800	4.204740729132	0.078945
5	65807	4.20557038698	0.078715
5	65811	4.205704852615	0.078782
5	65827	4.206602525455	0.078641
5	65831	4.206700694947	0.078772
5	65838	4.207636400814	0.078795
5	65842	4.207705446574	0.281171
5	65858	4.208671118682	0.208972
5	65862	4.208730569772	0.192689
5	65869	4.209625962012	0.191409
5	65873	4.209719803606	0.190344
5	65889	4.210592449265	0.19851
5	65893	4.210726254269	0.087126
5	65900	4.21159588854	0.080581
5	65904	4.211684851659	0.080431
5	65920	4.212557801761	0.08044
5	65924	4.212715422386	0.079387
5	65931	4.213514113724	0.079296
5	65935	4.213743695318	0.079309
5	65951	4.214555550759	0.079048
5	65955	4.214748710013	0.079228
5	65962	4.21555256469	0.078822
5	65969	4.215793852128	0.078959
5	65982	4.216527061686	0.146592
5	65986	4.216817526963	0.096133
5	65993	4.21754595283	0.088758
5	66000	4.217823040406	0.08829
5	66013	4.218588703625	0.088307
5	66017	4.218778862434	0.078965
5	66024	4.219555825718	0.079043
5	66028	4.219743565837	0.079077
5	66044	4.220571630431	0.079054
5	66048	4.220694188892	0.079173
5	66055	4.221610803698	0.078785
5	66059	4.221690201035	0.090691
5	66075	4.222655110383	0.078763
5	66079	4.222662006598	0.078826
5	66086	4.223631057147	0.080064
5	66090	4.223670761013	0.079956
5	66109	4.224673299637	0.080994
5	66113	4.22470393713	0.080576
5	66120	4.225646098225	0.09415
5	66127	4.225696046778	0.07985
5	66140	4.226617819614	0.079418
5	66144	4.226660476061	0.079205
5	66154	4.227623432856	0.079138
5	66158	4.227710211368	0.078921
5	66168	4.228588169719	0.078903
5	66175	4.228716828602	0.08029
5	66185	4.229570879418	0.078774
5	66189	4.229753828788	0.078871
5	66199	4.230536114819	0.078774
5	66206	4.230753665955	0.078721
5	66216	4.231524250911	0.078718
5	66220	4.231710651281	0.078913
5	66230	4.232502766579	0.08621
5	66237	4.232734056236	0.079648
5	66247	4.233458484952	0.079029
5	66251	4.233696160509	0.078886
5	66261	4.234481934818	0.078848
5	66265	4.23467470786	0.078907
5	66278	4.235507974147	0.080332
5	66282	4.235625085373	0.079005
5	66292	4.236473092712	0.078777
5	66296	4.236586104927	0.087998
5	66306	4.237499486185	0.079642
5	66313	4.237617608073	0.079186
5	66323	4.238511189479	0.078903
5	66327	4.238613482509	0.078699
5	66337	4.23952794582	0.078865
5	66344	4.239613668117	0.078758
5	66354	4.240479022244	0.078937
5	66358	4.240582063377	0.078859
5	66368	4.241506032973	0.078734
5	66372	4.241553709663	0.07982
5	66385	4.242465512013	0.07867
5	66389	4.242574408253	0.078514
5	66396	4.243419620153	0.078818
5	66406	4.243589545511	0.078729
5	66419	4.244433349068	0.079278
5	66426	4.244628274947	0.07906
5	66430	4.245393947784	0.07876
5	66437	4.245659713381	0.078917
5	66450	4.246441895887	0.078818
5	66457	4.246702511131	0.078722
5	66461	4.247470866074	0.078854
5	66468	4.247689644098	0.090922
5	66484	4.248455073307	0.079883
5	66488	4.248726424863	0.078995
5	66492	4.249476891399	0.078749
5	66499	4.249698215615	0.078803
5	66514	4.250431067091	0.085831
5	66521	4.250696856113	0.079666
5	66525	4.251381827644	0.079152
5	66529	4.251661417377	0.078812
5	66545	4.252372874749	0.080162
5	66552	4.252633794776	0.078986
5	66556	4.253350115723	0.078836
5	66560	4.253619502582	0.07888
5	66579	4.254387284858	0.078932
5	66583	4.254583839387	0.078915
5	66587	4.255351013091	0.079019
5	66591	4.255549529902	0.079001
5	66610	4.256305101177	0.078857
5	66614	4.256538042289	0.079024
5	66618	4.257316575105	0.07915
5	66622	4.257505904122	0.081454
5	66635	4.258285620033	0.079878
5	66645	4.258499927115	0.081393
5	66649	4.259304838815	0.08056
5	66653	4.259517796378	0.090684
5	66666	4.260319591253	0.079947
5	66673	4.260492011828	0.079209
5	66680	4.261329851369	0.078782
5	66684	4.261508706281	0.079036
5	66697	4.262373617145	0.078924
5	66701	4.262515335271	0.078751
5	66711	4.263324990111	0.07868
5	66715	4.263515206525	0.078741
5	66731	4.264330236851	0.096705
5	66738	4.264477489258	0.079164
5	66745	4.265376289122	0.078926
5	66749	4.265510650601	0.078823
5	66765	4.266359201921	0.078786
5	66769	4.266468199251	0.078713
5	66776	4.267349185357	0.078893
5	66780	4.267500795065	0.078876
5	66796	4.26834224149	0.078908
5	66800	4.268465889165	0.079121
5	66807	4.269385874769	0.079056
5	66811	4.269443604972	0.078932
5	66827	4.270393214173	0.079173
5	66831	4.27039401309	0.090639
5	66838	4.271365693376	0.080058
5	66842	4.271443595496	0.079289
5	66855	4.272326930458	0.079051
5	66862	4.272430446796	0.079035
5	66869	4.27335196616	0.079159
5	66873	4.273454061492	0.078911
5	66889	4.274354607185	0.078978
5	66893	4.274427577107	0.078935
5	66900	4.275331215948	0.078966
5	66904	4.275455984945	0.078859
5	66920	4.276286146298	0.078632
5	66924	4.276505018079	0.078965
5	66931	4.277292510419	0.080118
5	66935	4.277517649382	0.078829
5	66948	4.278264928576	0.079271
5	66955	4.278477767367	0.078763
5	66962	4.279258741488	0.078951
5	66966	4.279445423443	0.079032
5	66979	4.28026516684	0.078757
5	66983	4.280419378381	0.078838
5	66993	4.28125974349	0.08701
5	66997	4.281441665197	0.079989
5	67010	4.28222584031	0.079066
5	67017	4.282464216864	0.078875
5	67024	4.283274967114	0.089759
5	67028	4.283505310515	0.081097
5	67044	4.284274840914	0.079027
5	67051	4.284537195052	0.078958
5	67058	4.285293327361	0.078912
5	67062	4.285557769405	0.079151
5	67075	4.286280558328	0.078786
5	67082	4.286565938273	0.078786
5	67089	4.287318701051	0.083613
5	67093	4.28751786619	0.078864
5	67109	4.288336901776	0.078835
5	67116	4.288548759573	0.078882
5	67120	4.289306300942	0.078972
5	67124	4.289571285978	0.078959
5	67140	4.29033056506	0.079001
5	67144	4.290606399489	0.08736
5	67151	4.291323268166	0.079322
5	67155	4.291600178975	0.078784
5	67171	4.292301353696	0.078739
5	67175	4.292645462351	0.078717
5	67182	4.293267928938	0.078879
5	67186	4.293641661496	0.078667
5	67202	4.29430335926	0.078756
5	67206	4.294664034408	0.079067
5	67213	4.29526148129	0.078857
5	67220	4.295652804844	0.080683
5	67230	4.29626745548	0.080107
5	67237	4.296693475732	0.08035
5	67244	4.297234127953	0.080391
5	67251	4.297710483571	0.080036
5	67264	4.298189700226	0.269751
5	67268	4.298710821279	0.235148
5	67275	4.29920914036	0.153894
5	67282	4.299734884498	0.156836
5	67295	4.300230612744	0.09352
5	67299	4.300728237935	0.084004
5	67306	4.301254328429	0.080358
5	67313	4.301745522484	0.080645
5	67326	4.302295416388	0.080533
5	67330	4.302723861054	0.080317
5	67337	4.303289751386	0.088628
5	67347	4.303756195715	0.080116
5	67360	4.304289931457	0.08014
5	67364	4.30471975266	0.07922
5	67371	4.305288382999	0.079391
5	67378	4.305752734816	0.08048
5	67391	4.306256547851	0.090519
5	67395	4.306712407349	0.079248
5	67402	4.307265176747	0.087041
5	67406	4.307695599941	0.080118
5	67422	4.308227411842	0.079269
5	67426	4.308664021699	0.082835
5	67433	4.309270584981	0.080199
5	67440	4.309704851538	0.079368
5	67453	4.310244096111	0.079132
5	67457	4.310694797261	0.079208
5	67464	4.311283303311	0.079107
5	67471	4.311709110173	0.079679
5	67481	4.312251039008	0.079429
5	67488	4.312716837428	0.079719
5	67492	4.313213605437	0.080128
5	67502	4.313687334257	0.079813
5	67515	4.314169076462	0.079231
5	67519	4.314735924783	0.0874
5	67523	4.315146000593	0.079777
5	67533	4.31575652447	0.080226
5	67543	4.31615474713	0.080539
5	67550	4.316791061713	0.079915
5	67554	4.317185723441	0.079312
5	67567	4.317759357074	0.079728
5	67574	4.318233936077	0.081538
5	67581	4.318771907605	0.080407
5	67588	4.319265665574	0.080685
5	67598	4.31976838764	0.07902
5	67605	4.320239736448	0.089366
5	67612	4.320725218242	0.080498
5	67619	4.32122866342	0.079617
5	67626	4.321702806578	0.080069
5	67636	4.322264974978	0.081367
5	67643	4.322686069066	0.079569
5	67650	4.323227092155	0.079403
5	67660	4.323733662746	0.079631
5	67670	4.324258104809	0.081808
5	67677	4.324724979685	0.081447
5	67684	4.325233460493	0.081291
5	67694	4.325773101013	0.079702
5	67701	4.326240112	0.079261
5	67708	4.326800152412	0.079099
5	67712	4.327199365945	0.079697
5	67725	4.327752451068	0.079504
5	67732	4.32818664892	0.07952
5	67739	4.328749065915	0.087172
5	67743	4.329230722419	0.07961
5	67756	4.32976789737	0.079271
5	67763	4.330188017564	0.080348
5	67770	4.330773366979	0.08991
5	67774	4.331213045927	0.081509
5	67787	4.331770163203	0.079972
5	67794	4.332194334944	0.079743
5	67801	4.332768938272	0.080393
5	67805	4.333180777984	0.080429
5	67818	4.333814219538	0.080147
5	67825	4.334162609593	0.079406
5	67832	4.334850674034	0.079304
5	67836	4.335115039146	0.080037
5	67849	4.335860607175	0.07954
5	67856	4.336136086692	0.079851
5	67863	4.336866466783	0.079406
5	67867	4.337140948685	0.07934
5	67880	4.337876553032	0.079833
5	67887	4.338161689534	0.079733
5	67894	4.338902005288	0.07969
5	67898	4.339113989517	0.079521
5	67905	4.339862740419	0.080366
5	67915	4.340076953539	0.080358
5	67925	4.340828936452	0.089179
5	67929	4.341068985632	0.080468
5	67936	4.341850650448	0.0797
5	67949	4.342102123408	0.10012
5	67956	4.342885058516	0.083285
5	67960	4.343097663361	0.080836
5	67967	4.343924025914	0.080566
5	67983	4.344051963472	0.081275
5	67990	4.344933052333	0.079228
5	67994	4.345025927807	0.07939
5	68001	4.345944099148	0.079159
5	68011	4.346024684687	0.079531
5	68021	4.346900526947	0.079084
5	68025	4.347020403583	0.07881
5	68032	4.347910882596	0.078982
5	68039	4.348029396714	0.07926
5	68052	4.348920759785	0.080586
5	68056	4.348990382309	0.079941
5	68063	4.349968163526	0.079113
5	68067	4.350032510585	0.078865
5	68083	4.350920277571	0.085004
5	68087	4.351000998715	0.079003
5	68094	4.351891537353	0.079112
5	68098	4.351983806732	0.078766
5	68114	4.352894416937	0.079081
5	68118	4.353016098079	0.088744
5	68128	4.353941621747	0.080893
5	68132	4.353996505244	0.079556
5	68145	4.35493423001	0.079995
5	68149	4.355032788322	0.07944
5	68156	4.35589813426	0.078874
5	68163	4.356010206207	0.079856
5	68176	4.356943451655	0.080155
5	68180	4.356976868158	0.079388
5	68190	4.357916226476	0.079928
5	68194	4.357984550669	0.081111
5	68207	4.358929986948	0.080284
5	68211	4.358972913065	0.079079
5	68218	4.359926363336	0.078946
5	68222	4.359979712421	0.079271
5	68238	4.360922603428	0.079105
5	68242	4.36097425437	0.079905
5	68252	4.361925432343	0.078987
5	68256	4.361957095302	0.079002
5	68266	4.362883461457	0.079216
5	68273	4.362913037429	0.079192
5	68280	4.363848567616	0.079174
5	68284	4.363901620684	0.07935
5	68300	4.364821389668	0.085283
5	68304	4.364859571682	0.080564
5	68314	4.365815696125	0.079693
5	68318	4.36582547578	0.079395
5	68331	4.366823162694	0.08049
5	68335	4.366860659599	0.079088
5	68345	4.367828360694	0.079535
5	68349	4.367828447043	0.079006
5	68362	4.368798900937	0.079492
5	68369	4.368832844312	0.079567
5	68376	4.369819102758	0.079051
5	68383	4.369845707706	0.078832
5	68393	4.370800983366	0.079392
5	68397	4.370833837243	0.078901
5	68407	4.371787994634	0.078864
5	68411	4.371791175577	0.079132
5	68421	4.37280132296	0.081878
5	68425	4.372810315175	0.081193
5	68441	4.373801538234	0.087635
5	68445	4.373833881883	0.090163
5	68452	4.374770128519	0.08043
5	68456	4.374837524495	0.078824
5	68472	4.375793760222	0.079138
5	68476	4.37580650769	0.07979
5	68483	4.376758056075	0.079079
5	68490	4.376789154744	0.086013
5	68503	4.377740034712	0.080201
5	68507	4.377805786865	0.0793
5	68514	4.378754501677	0.079263
5	68518	4.378824571915	0.080943
5	68534	4.379767991855	0.079282
5	68538	4.37983614811	0.079164
5	68548	4.380817791477	0.079082
5	68552	4.380858271965	0.079835
5	68565	4.38183632508	0.078844
5	68569	4.381859372572	0.079102
5	68576	4.382794602325	0.07888
5	68580	4.38285383734	0.079151
5	68596	4.38377675368	0.079613
5	68600	4.383891177632	0.0789
5	68607	4.384818078691	0.079157
5	68617	4.384911807417	0.090098
5	68630	4.385831605222	0.081065
5	68634	4.385929096524	0.07966
5	68641	4.386784783136	0.079207
5	68648	4.386895543861	0.079122
5	68661	4.387820719561	0.079355
5	68665	4.387905122717	0.079236
5	68672	4.388783393162	0.182107
5	68676	4.388905686139	0.273587
5	68689	4.389811179884	0.103032
5	68696	4.389902412499	0.091793
5	68703	4.390854025383	0.089331
5	68707	4.390947009953	0.079636
5	68723	4.391870821393	0.079693
5	68727	4.391972111838	0.078956
5	68734	4.392865496222	0.07967
5	68738	4.39293157456	0.088704
5	68754	4.393845192311	0.079267
5	68758	4.393952782804	0.079048
5	68765	4.394882306395	0.079086
5	68769	4.394912943323	0.079062
5	68785	4.395883399774	0.079033
5	68789	4.395922115413	0.079067
5	68799	4.396874485418	0.079209
5	68803	4.396894583725	0.079121
5	68816	4.397887327735	0.079013
5	68820	4.397941012561	0.07903
5	68827	4.398891615788	0.089743
5	68831	4.39890086744	0.079996
5	68847	4.399858337986	0.079332
5	68851	4.399900745672	0.07881
5	68858	4.400815589576	0.078919
5	68862	4.400888593248	0.078915
5	68878	4.40181296459	0.079096
5	68882	4.401843033105	0.080016
5	68889	4.402794036806	0.078848
5	68893	4.402857114927	0.078694
5	68909	4.403834036616	0.078695
5	68913	4.403879774703	0.078892
5	68920	4.404833598103	0.078775
5	68924	4.404929077319	0.088616
5	68943	4.405790301531	0.080288
5	68947	4.405957096012	0.079076
5	68954	4.406799402573	0.078946
5	68964	4.406984711474	0.078876
5	68971	4.407781638061	0.080236
5	68978	4.407966258108	0.078777
5	68988	4.408784109091	0.078888
5	68992	4.408972926583	0.078729
5	69002	4.409829545182	0.088498
5	69006	4.410002040397	0.079713
5	69019	4.410859077812	0.079099
5	69023	4.410993314295	0.078729
5	69033	4.41189144398	0.078943
5	69037	4.412030639091	0.07934
5	69050	4.412846070486	0.079064
5	69057	4.413075122085	0.078951
5	69064	4.413804718546	0.078824
5	69068	4.414068319271	0.07859
5	69081	4.414839437064	0.078962
5	69088	4.415029657916	0.078787
5	69095	4.415856740092	0.078728
5	69099	4.416075608001	0.078897
5	69115	4.416874427738	0.078752
5	69119	4.417055685424	0.079223
5	69126	4.41791582724	0.078819
5	69130	4.418070382947	0.078869
5	69146	4.4189561624	0.078757
5	69150	4.41904050057	0.078687
5	69157	4.419970459298	0.07883
5	69161	4.419999238665	0.080105
5	69177	4.420931735576	0.078824
5	69181	4.420953351247	0.088359
5	69188	4.421882149108	0.079674
5	69192	4.421933953778	0.078906
5	69208	4.422838071277	0.078821
5	69212	4.422941340527	0.078732
5	69219	4.42381117278	0.078882
5	69223	4.423892900463	0.07909
5	69242	4.424804851459	0.079705
5	69246	4.424876432693	0.079168
5	69253	4.425770906522	0.079748
5	69257	4.425845428373	0.078781
5	69270	4.426797345694	0.078794
5	69277	4.426827897482	0.079031
5	69284	4.427807359625	0.078857
5	69288	4.427826655441	0.079029
5	69301	4.428782342779	0.078977
5	69305	4.428794927362	0.07896
5	69315	4.429745428972	0.078903
5	69319	4.429815767108	0.079024
5	69332	4.430745950668	0.07902
5	69336	4.430860119394	0.079067
5	69346	4.43177979274	0.07869
5	69350	4.431818424365	0.079802
5	69366	4.432732747762	0.08789
5	69370	4.432854850137	0.079615
5	69377	4.433775807871	0.081506
5	69381	4.433837127851	0.080073
5	69397	4.434740496785	0.078943
5	69401	4.434867903072	0.079138
5	69408	4.435744852968	0.078828
5	69412	4.435913130876	0.078831
5	69428	4.43678730188	0.078966
5	69432	4.436923847804	0.079063
5	69439	4.437761792992	0.078961
5	69443	4.437928552396	0.07879
5	69459	4.438771127875	0.084583
5	69463	4.438901169764	0.08042
5	69470	4.439734212376	0.08023
5	69474	4.439917877276	0.080417
5	69490	4.440684545486	0.08029
5	69494	4.440934477002	0.078844
5	69501	4.441662364388	0.078777
5	69505	4.441939797082	0.078637
5	69518	4.442632318303	0.078999
5	69525	4.442900601851	0.078966
5	69532	4.443618066592	0.078712
5	69536	4.443857640717	0.091062
5	69552	4.444636026189	0.08111
5	69556	4.444814959215	0.079393
5	69566	4.445657049963	0.078989
5	69570	4.44578348302	0.079017
5	69583	4.446636890744	0.07912
5	69590	4.446825751245	0.085435
5	69597	4.44760180564	0.08497
5	69601	4.447810436263	0.079769
5	69614	4.448554563433	0.079135
5	69618	4.44877763095	0.078892
5	69625	4.449550617096	0.08134
5	69632	4.449753550988	0.079605
5	69645	4.450501755364	0.080333
5	69652	4.450749890689	0.07952
5	69656	4.451478887273	0.079229
5	69660	4.451709577558	0.079074
5	69673	4.452504260327	0.079356
5	69680	4.452711228185	0.079192
5	69687	4.453485568985	0.079431
5	69691	4.45367691479	0.079207
5	69704	4.454524839322	0.079038
5	69711	4.454665640417	0.089964
5	69718	4.455499065358	0.080198
5	69722	4.455711207148	0.079139
5	69735	4.456481392384	0.079423
5	69745	4.45668686029	0.079121
5	69749	4.457455129361	0.079439
5	69756	4.45769740759	0.079103
5	69766	4.458474640932	0.078952
5	69776	4.458723927946	0.079227
5	69780	4.459484903879	0.079199
5	69787	4.459766206084	0.079009
5	69794	4.460494770287	0.079314
5	69801	4.460733734658	0.083041
5	69811	4.461515570851	0.079448
5	69818	4.461737419617	0.086547
5	69825	4.462470398315	0.079904
5	69835	4.462717191698	0.080655
5	69845	4.463461661374	0.079404
5	69849	4.463672120886	0.079046
5	69856	4.464413694991	0.079014
5	69860	4.464687820258	0.078877
5	69879	4.465391882865	0.079726
5	69883	4.465644497483	0.089619
5	69890	4.466346268836	0.079473
5	69897	4.46667751117	0.079795
5	69910	4.467310245723	0.079174
5	69914	4.467677507083	0.078912
5	69921	4.468336719247	0.080489
5	69925	4.468647760849	0.079135
5	69941	4.469314633911	0.07888
5	69948	4.469685345277	0.082885
5	69952	4.47036218024	0.079903
5	69959	4.470653024501	0.078906
5	69972	4.471380643184	0.079402
5	69976	4.471613877406	0.079044
5	69983	4.472357209622	0.079157
5	69993	4.472626613029	0.07934
5	70003	4.47335389991	0.078777
5	70007	4.473577402518	0.078951
5	70014	4.474324324515	0.079293
5	70021	4.474618061457	0.081083
5	70031	4.475322987396	0.080647
5	70038	4.475632006296	0.081657
5	70045	4.476293503781	0.079096
5	70049	4.476630171438	0.079502
5	70065	4.477290812795	0.08829
5	70069	4.477630535849	0.079561
5	70076	4.478273906642	0.079044
5	70080	4.478638701005	0.078989
5	70096	4.479295731049	0.080137
5	70100	4.479672192342	0.081181
5	70107	4.480320380885	0.08093
5	70111	4.480692544805	0.083423
5	70127	4.481303204925	0.083257
5	70131	4.481658255742	0.081541
5	70138	4.482255871495	0.08045
5	70142	4.482613409354	0.083694
5	70158	4.483215857633	0.088963
5	70162	4.483607904163	0.081973
5	70169	4.484182878529	0.081269
5	70173	4.484613901677	0.080514
5	70192	4.485132936862	0.08617
5	70196	4.485636482451	0.082826
5	70203	4.486124683257	0.080404
5	70207	4.486608420153	0.082327
5	70220	4.487075921382	0.081576
5	70227	4.487587044363	0.09169
5	70231	4.488033855984	0.081203
5	70238	4.488605250329	0.079461
5	70251	4.489009874258	0.079132
5	70258	4.489619415967	0.079175
5	70262	4.48997377629	0.078781
5	70269	4.490668561904	0.078732
5	70279	4.490976302099	0.085425
5	70289	4.491664379616	0.079724
5	70293	4.491961768393	0.079003
5	70300	4.492698221586	0.08051
5	70310	4.49296309005	0.079045
5	70320	4.493659012343	0.079074
5	70324	4.493991443255	0.079035
5	70331	4.494661288805	0.079248
5	70341	4.494968789802	0.079011
5	70351	4.495613397896	0.079039
5	70355	4.495971525348	0.07872
5	70362	4.496646974089	0.078883
5	70375	4.497008172422	0.078918
5	70382	4.49765168885	0.079012
5	70386	4.497994504884	0.088456
5	70393	4.498653823774	0.079779
5	70403	4.498944602009	0.080389
5	70413	4.499685168839	0.079109
5	70417	4.499975461457	0.079035
5	70429	4.500734038668	0.093275
5	70439	4.500928728473	0.079604
5	70446	4.501777212526	0.079229
5	70453	4.501961367201	0.078896
5	70463	4.502790236127	0.078918
5	70467	4.502976822042	0.079225
5	70474	4.50381314692	0.079061
5	70484	4.503973493754	0.090943
5	70497	4.504812080416	0.082593
5	70501	4.505015272776	0.079472
5	70511	4.505827887078	0.079118
5	70515	4.50597636015	0.07897
5	70525	4.506791565612	0.078812
5	70532	4.507018438511	0.078906
5	70539	4.507805894669	0.078734
5	70549	4.508053922129	0.078627
5	70556	4.508758754428	0.078747
5	70563	4.509085295774	0.078718
5	70570	4.509806227259	0.091455
5	70577	4.510106566829	0.081558
5	70587	4.510803281932	0.080448
5	70597	4.511126081572	0.078866
5	70601	4.511822653636	0.078798
5	70608	4.512174742095	0.078738
5	70618	4.512846611555	0.0787
5	70628	4.513140516725	0.078736
5	70632	4.513895666934	0.079073
5	70639	4.514091130593	0.078774
5	70649	4.514888009531	0.078783
5	70659	4.515099581868	0.078823
5	70663	4.51590862134	0.079729
5	70670	4.516141047321	0.079121
5	70680	4.51691022201	0.078765
5	70690	4.517185172928	0.079107
5	70694	4.517868822972	0.07906
5	70701	4.518223726156	0.079221
5	70711	4.518858922841	0.078817
5	70721	4.519264152405	0.078807
5	70725	4.519854701604	0.079296
5	70732	4.520278655697	0.079205
5	70742	4.520819958829	0.078878
5	70752	4.521271795209	0.091557
5	70756	4.52186129469	0.079689
5	70760	4.522253050927	0.080533
5	70776	4.522896266828	0.080229
5	70783	4.523231285699	0.080213
5	70787	4.523852278785	0.080281
5	70791	4.524227325463	0.080447
5	70801	4.52481629047	0.080259
5	70817	4.525261914501	0.079163
5	70821	4.525856286604	0.084323
5	70828	4.526274955068	0.079209
5	70835	4.526857670223	0.079131
5	70848	4.527246149548	0.079062
5	70852	4.527861284978	0.079469
5	70859	4.528271218791	0.08032
5	70869	4.528835222605	0.079464
5	70876	4.529271944571	0.079002
5	70883	4.529793082763	0.079041
5	70890	4.530292390463	0.079457
5	70900	4.530838484947	0.088531
5	70907	4.531243165485	0.0806
5	70914	4.531887145081	0.078981
5	70921	4.532225730399	0.078884
5	70931	4.532842658394	0.078964
5	70938	4.533217963322	0.078807
5	70945	4.533880995185	0.07888
5	70952	4.534244611151	0.080252
5	70962	4.5348781811	0.081447
5	70969	4.535293314298	0.080122
5	70976	4.535853086329	0.07995
5	70983	4.536284332506	0.079473
5	70993	4.536810130899	0.079168
5	71000	4.537310621329	0.079176
5	71007	4.537760887399	0.079052
5	71014	4.538341155805	0.085182
5	71024	4.538803664434	0.081105
5	71031	4.539370443302	0.078993
5	71038	4.53982581175	0.078933
5	71045	4.540416603266	0.079321
5	71052	4.540809407149	0.079249
5	71062	4.541442876358	0.079404
5	71066	4.541762082801	0.079219
5	71079	4.542443261692	0.078927
5	71086	4.542748995828	0.081334
5	71093	4.543402261376	0.079306
5	71097	4.543795085307	0.078854
5	71104	4.544380370107	0.079642
5	71117	4.544758618813	0.080273
5	71127	4.545407200623	0.080545
5	71131	4.54572053757	0.07968
5	71141	4.546449801601	0.079129
5	71151	4.546724881529	0.083812
5	71158	4.547489479244	0.081842
5	71162	4.547768496087	0.079426
5	71172	4.548528164092	0.080479
5	71185	4.548778419859	0.081932
5	71189	4.549523784595	0.081421
5	71193	4.54973965139	0.080087
5	71206	4.550542007806	0.079896
5	71213	4.550695253441	0.079267
5	71220	4.551543482738	0.087348
5	71224	4.551682689192	0.090031
5	71240	4.552502950352	0.081672
5	71244	4.552685251042	0.079276
5	71251	4.553535903157	0.080006
5	71255	4.553674710193	0.079858
5	71274	4.554561547456	0.079015
5	71278	4.55470625509	0.079249
5	71282	4.555518347125	0.078802
5	71286	4.555683897241	0.078974
5	71296	4.556516718209	0.078814
5	71306	4.556670385924	0.078789
5	71313	4.557565145948	0.078732
5	71317	4.557661091316	0.078732
5	71330	4.558549624972	0.0786
5	71337	4.558649643133	0.079929
5	71344	4.559534104005	0.078679
5	71348	4.559616943634	0.079282
5	71361	4.560565440153	0.078721
5	71368	4.56064006855	0.079419
5	71375	4.561593435881	0.079207
5	71379	4.561682568805	0.078849
5	71395	4.562598456538	0.079189
5	71399	4.562730826198	0.078749
5	71406	4.563608436819	0.078968
5	71410	4.563703011424	0.087719
5	71423	4.564566426065	0.079684
5	71430	4.564683627566	0.078855
5	71440	4.565601926227	0.080601
5	71444	4.565634331391	0.079763
5	71457	4.566630045507	0.079035
5	71461	4.566636199573	0.078684
5	71471	4.567611390064	0.078737
5	71475	4.567616195317	0.078681
5	71491	4.568567100149	0.079008
5	71495	4.568628674207	0.079175
5	71502	4.56960041604	0.078906
5	71506	4.569610553566	0.198372
5	71522	4.57061499017	0.263366
5	71526	4.570648429102	0.194048
5	71533	4.571646002044	0.283216
5	71537	4.571681563764	0.214863
5	71553	4.572657485913	0.219716
5	71557	4.572702345946	0.193655
5	71564	4.573653773483	0.223728
5	71568	4.573674653154	0.116614
5	71584	4.574662114988	0.0881
5	71588	4.574686068128	0.081953
5	71595	4.575653659342	0.078972
5	71599	4.575654485668	0.079167
5	71615	4.576659293841	0.078864
5	71619	4.576696718519	0.078836
5	71626	4.577642599326	0.078861
5	71630	4.577727656305	0.079026
5	71646	4.578690549991	0.078846
5	71650	4.578699623622	0.07871
5	71657	4.579655056431	0.07863
5	71661	4.579699408202	0.078631
5	71674	4.580631368914	0.079998
5	71681	4.580698108374	0.078724
5	71688	4.581587378943	0.07861
5	71692	4.581699718066	0.078637
5	71705	4.58256638846	0.07892
5	71712	4.582667011775	0.092315
5	71719	4.583595989606	0.07958
5	71726	4.583712786807	0.079023
5	71736	4.584561430404	0.078797
5	71743	4.584684829165	0.078971
5	71753	4.585559546494	0.079338
5	71763	4.585668046637	0.088617
5	71770	4.586529237884	0.078756
5	71777	4.586673769575	0.078662
5	71787	4.587575202047	0.078705
5	71791	4.587632718244	0.078666
5	71804	4.588622628477	0.078665
5	71808	4.588659805933	0.078689
5	71818	4.589640444554	0.078879
5	71822	4.589698005032	0.078902
5	71835	4.590685625062	0.078826
5	71839	4.59069408691	0.078892
5	71846	4.591694809683	0.078697
5	71850	4.59173680157	0.078713
5	71863	4.592706899268	0.079986
5	71867	4.592724225288	0.078746
5	71880	4.593701500732	0.088584
5	71884	4.593724319097	0.07967
5	71894	4.594668536846	0.079172
5	71898	4.594676545144	0.078847
5	71908	4.595652261607	0.078839
5	71915	4.59571331426	0.078856
5	71925	4.596684136306	0.078923
5	71932	4.596705898542	0.078832
5	71942	4.597676336633	0.078861
5	71946	4.597750730591	0.078735
5	71956	4.598689375183	0.078838
5	71960	4.598744862924	0.078672
5	71973	4.59971526709	0.07897
5	71977	4.599747054825	0.078792
5	71987	4.600705878763	0.07875
5	71991	4.600709952947	0.078804
5	72004	4.601695911408	0.078853
5	72008	4.601714762495	0.078749
5	72018	4.602673752105	0.078686
5	72022	4.602743111159	0.07885
5	72035	4.603644566581	0.078817
5	72039	4.603769567739	0.08802
5	72049	4.604655916805	0.07971
5	72053	4.604725637917	0.08033
5	72069	4.605630480945	0.080638
5	72073	4.605692244214	0.080402
5	72083	4.606651405234	0.080426
5	72087	4.606714470976	0.079581
5	72100	4.607670862257	0.078834
5	72104	4.607679879153	0.078766
5	72117	4.60867838557	0.078981
5	72121	4.608708998832	0.078962
5	72131	4.609651218857	0.078614
5	72135	4.609745350255	0.078985
5	72148	4.610615384126	0.079454
5	72152	4.610708397309	0.078809
5	72162	4.611648742813	0.078641
5	72166	4.6116836221	0.078695
5	72179	4.612627843223	0.078657
5	72183	4.612646498119	0.078726
5	72193	4.613653781915	0.086453
5	72197	4.613691143843	0.079617
5	72207	4.614618830085	0.079136
5	72214	4.61469702327	0.088251
5	72224	4.615627307741	0.080221
5	72228	4.615715992115	0.079498
5	72238	4.616593352329	0.078973
5	72242	4.616678685277	0.078662
5	72255	4.617576917092	0.078799
5	72259	4.617667950165	0.078998
5	72269	4.618595909242	0.079269
5	72273	4.618678631295	0.079037
5	72286	4.619590109781	0.078974
5	72290	4.6196777224	0.078668
5	72300	4.620575788538	0.078759
5	72304	4.620716605591	0.078775
5	72317	4.621540115408	0.078881
5	72321	4.621743943448	0.078837
5	72331	4.6225243096	0.078897
5	72335	4.622719005935	0.079895
5	72348	4.623514881052	0.07881
5	72352	4.623747127351	0.078923
5	72362	4.624479639974	0.078837
5	72369	4.62473424653	0.087969
5	72379	4.625479934446	0.080288
5	72386	4.625687424686	0.079236
5	72396	4.626479858265	0.078839
5	72403	4.626710673137	0.079117
5	72407	4.627463477901	0.078811
5	72417	4.627697626685	0.078957
5	72430	4.628502037853	0.078921
5	72434	4.628738876413	0.079961
5	72441	4.629535431476	0.079231
5	72445	4.629720709538	0.078566
5	72461	4.630533223232	0.078946
5	72465	4.630671389376	0.086454
5	72472	4.63157767241	0.086048
5	72476	4.631712887077	0.07931
5	72492	4.632608771418	0.078793
5	72496	4.632740972204	0.078697
5	72503	4.633625228407	0.078904
5	72507	4.633781782624	0.078783
5	72523	4.634635168794	0.078919
5	72527	4.634811826148	0.080911
5	72534	4.635640671382	0.080316
5	72538	4.63577257534	0.080619
5	72554	4.636632385588	0.082241
5	72558	4.636786545263	0.080735
5	72565	4.637656601323	0.079431
5	72572	4.637808550959	0.078682
5	72585	4.638663849368	0.078713
5	72589	4.638854866408	0.078588
5	72599	4.639708364326	0.079916
5	72603	4.639889678989	0.090652
5	72616	4.640725759269	0.079877
5	72620	4.64093703482	0.079292
5	72630	4.641713186917	0.080064
5	72634	4.64189227347	0.078753
5	72647	4.642718251773	0.078874
5	72651	4.642920719786	0.078872
5	72661	4.643755270086	0.081087
5	72668	4.64391452268	0.079523
5	72678	4.644775502356	0.074725
5	72682	4.644944787489	0.07468
5	72695	4.645815485296	0.075083
5	72702	4.645973861006	0.074583
5	72712	4.646802538808	0.074588
5	72716	4.64695391788	0.074713
5	72726	4.647847146527	0.084741
5	72730	4.647956546032	0.075899
5	72743	4.648859152706	0.074916
5	72747	4.648976071424	0.075634
5	72757	4.649877385053	0.074981
5	72764	4.649936232414	0.074822
5	72774	4.650882817389	0.075107
5	72778	4.650933696695	0.074876
5	72788	4.651875720816	0.074876
5	72792	4.651889133929	0.074714
5	72805	4.652919625117	0.074804
5	72809	4.652922084582	0.074498
5	72819	4.653932292774	0.074525
5	72823	4.653935567647	0.074599
5	72836	4.654894005645	0.079042
5	72840	4.654896693229	0.074747
5	72850	4.655851807742	0.075017
5	72854	4.655857356428	0.074761
5	72867	4.656809800198	0.074851
5	72871	4.656885219777	0.075064
5	72881	4.657772128985	0.075057
5	72885	4.65787653308	0.074714
5	72898	4.658800444138	0.075273
5	72902	4.658880914779	0.074928
5	72912	4.659818240313	0.07463
5	72916	4.659891933013	0.084169
5	72929	4.660863376049	0.080076
5	72933	4.660891964665	0.272489
5	72943	4.66185193774	0.176739
5	72950	4.661938594171	0.083098
5	72960	4.662900259573	0.080777
5	72964	4.66294345409	0.079493
5	72974	4.663896938449	0.079027
5	72981	4.663926724738	0.088531
5	72991	4.664898296312	0.132727
5	72995	4.664936632926	0.101721
5	73008	4.665873923708	0.0798
5	73012	4.66593006572	0.079208
5	73025	4.666921470836	0.078982
5	73029	4.666933700155	0.079044
5	73042	4.667937114074	0.078841
5	73046	4.667969050132	0.078818
5	73056	4.66893152618	0.078805
5	73060	4.668960225409	0.078866
5	73073	4.669953409922	0.078668
5	73077	4.669961218361	0.07878
5	73087	4.670942307461	0.079824
5	73091	4.670988669373	0.078679
5	73104	4.671986345747	0.078675
5	73108	4.672036360698	0.078871
5	73118	4.672941000429	0.078745
5	73122	4.673083763371	0.078835
5	73135	4.673962446368	0.090517
5	73139	4.674037231475	0.079638
5	73149	4.674927832372	0.079003
5	73153	4.675081795591	0.090131
5	73166	4.675913533487	0.078902
5	73170	4.676092563147	0.078968
5	73180	4.67693579441	0.078752
5	73184	4.677140383978	0.080454
5	73194	4.677907601878	0.080484
5	73201	4.678132554182	0.080427
5	73211	4.678886878645	0.080321
5	73215	4.679129804859	0.08028
5	73225	4.679842306445	0.080038
5	73232	4.680158494885	0.07885
5	73242	4.680803019074	0.078766
5	73246	4.681113995304	0.078767
5	73256	4.681753502472	0.0787
5	73260	4.682157622178	0.078804
5	73273	4.68274382843	0.078645
5	73277	4.683164951439	0.078699
5	73287	4.68370814653	0.080632
5	73297	4.684193506766	0.080384
5	73304	4.684752031103	0.080249
5	73308	4.685204115251	0.089995
5	73321	4.685758045202	0.08015
5	73325	4.686209995142	0.078957
5	73338	4.686725317509	0.078804
5	73342	4.687193103941	0.078839
5	73352	4.687726954254	0.0789
5	73356	4.688196798233	0.078934
5	73369	4.688704865981	0.078789
5	73373	4.689226110306	0.080001
5	73383	4.689749981883	0.078924
5	73387	4.690178119679	0.078636
5	73400	4.690787052472	0.078893
5	73404	4.691156478903	0.078811
5	73414	4.691822878925	0.078751
5	73418	4.692153483334	0.078674
5	73431	4.692787485434	0.078753
5	73435	4.69314675256	0.078957
5	73445	4.693810325306	0.078809
5	73449	4.694169114567	0.078607
5	73462	4.694849510198	0.078941
5	73466	4.695176654708	0.078837
5	73476	4.69582178264	0.080642
5	73480	4.696177770743	0.080358
5	73493	4.69679087724	0.089812
5	73497	4.697136079669	0.079864
5	73507	4.697784056331	0.079082
5	73511	4.698179772677	0.078962
5	73524	4.698791067902	0.078912
5	73528	4.699205392377	0.078687
5	73538	4.699831011109	0.078853
5	73542	4.700182693286	0.078862
5	73555	4.700784882474	0.078856
5	73559	4.701166642316	0.078878
5	73569	4.701811553568	0.078891
5	73573	4.702203743022	0.080034
5	73586	4.702832770582	0.078805
5	73590	4.703211472702	0.078934
5	73600	4.703867719478	0.078832
5	73604	4.704166723418	0.07882
5	73617	4.704881101829	0.07892
5	73621	4.705185640857	0.078807
5	73634	4.705837476508	0.07916
5	73638	4.706146270816	0.078963
5	73651	4.70683579086	0.078953
5	73658	4.707154762839	0.081401
5	73665	4.707800801359	0.089014
5	73669	4.708108942331	0.079652
5	73682	4.708770649934	0.078853
5	73692	4.709105611302	0.078969
5	73696	4.70976244593	0.07886
5	73700	4.7100966929	0.079113
5	73713	4.7107369979	0.078797
5	73720	4.711101781616	0.078881
5	73727	4.711765863291	0.078908
5	73731	4.712077257943	0.078745
5	73744	4.712760585234	0.078981
5	73748	4.713033543256	0.07895
5	73758	4.713734143801	0.078973
5	73762	4.714024555722	0.080079
5	73772	4.714718640656	0.078913
5	73782	4.715026832253	0.084542
5	73789	4.71569123092	0.082243
5	73793	4.71602469175	0.079094
5	73800	4.716729232355	0.078949
5	73810	4.717019133339	0.078868
5	73820	4.717760374353	0.079297
5	73824	4.718022088947	0.079118
5	73834	4.718785925578	0.079788
5	73841	4.719029960462	0.089687
5	73851	4.719746629866	0.080362
5	73855	4.719986060374	0.079646
5	73862	4.720742175546	0.082772
5	73872	4.72094998464	0.079799
5	73882	4.721727622535	0.078967
5	73886	4.721965612777	0.078796
5	73896	4.722740220052	0.078646
5	73906	4.722962257536	0.07885
5	73913	4.723769308916	0.078968
5	73917	4.723972091075	0.078725
5	73924	4.72472072016	0.078944
5	73934	4.72496547922	0.078707
5	73947	4.725685356373	0.079375
5	73951	4.72598536436	0.080519
5	73958	4.726662634203	0.080496
5	73965	4.726961482804	0.080394
5	73978	4.727659555739	0.079259
5	73982	4.727937756642	0.078669
5	73989	4.728702083757	0.078792
5	74002	4.728959935067	0.078919
5	74009	4.729751491348	0.078816
5	74013	4.729935296028	0.087698
5	74023	4.730771174818	0.079869
5	74030	4.73090310954	0.090271
5	74040	4.731798753473	0.07992
5	74044	4.731917354366	0.080217
5	74057	4.732825288736	0.078683
5	74061	4.732917923327	0.078719
5	74071	4.733858096912	0.078739
5	74075	4.733895168623	0.078718
5	74082	4.734814320501	0.079101
5	74092	4.734894327294	0.078696
5	74102	4.735836338055	0.078922
5	74106	4.735919191356	0.078781
5	74113	4.7368729426	0.078827
5	74117	4.736893413986	0.079405
5	74133	4.737873830116	0.080056
5	74137	4.737879885323	0.079267
5	74147	4.738840797724	0.080211
5	74154	4.738895200507	0.080166
5	74164	4.739861135504	0.080061
5	74168	4.739861197793	0.080312
5	74175	4.740867236827	0.080258
5	74179	4.740877498299	0.08029
5	74195	4.741868687959	0.079063
5	74199	4.741914845061	0.081079
5	74209	4.742852036974	0.079336
5	74213	4.742906635962	0.087314
5	74226	4.743834151057	0.079551
5	74230	4.743941189069	0.079036
5	74237	4.744850365959	0.07893
5	74244	4.744892261286	0.080361
5	74260	4.745811777837	0.079521
5	74264	4.745936340238	0.079406
5	74271	4.746774750597	0.408514
5	74278	4.746976911949	0.083534
5	74291	4.747747373465	0.079733
5	74295	4.747970353564	0.079461
5	74302	4.748755176221	0.079056
5	74312	4.748997309652	0.080427
5	74322	4.749791391299	0.07904
5	74328	4.750020570599	0.288227
5	74338	4.750771872216	0.198806
5	74345	4.750991907375	0.191558
5	74355	4.751819782945	0.347622
5	74359	4.752020296539	0.199159
5	74369	4.752855786103	0.192661
5	74373	4.752972597138	0.278233
5	74386	4.753894247138	0.203677
5	74390	4.753936652619	0.141447
5	74400	4.754887132867	0.139632
5	74404	4.754943655211	0.139743
5	74417	4.75591049827	0.139424
5	74421	4.755964619253	0.139527
5	74428	4.756916483738	0.141553
5	74435	4.756971101376	0.139355
5	74448	4.757869830424	0.139407
5	74452	4.757934589027	0.162628
5	74462	4.758866101845	0.140913
5	74466	4.758913842179	0.139861
5	74479	4.759880010483	0.139341
5	74483	4.759896439174	0.141403
5	74493	4.760896527142	0.124468
5	74497	4.760935507651	0.078756
5	74510	4.761907141105	0.079054
5	74514	4.761963651873	0.079159
5	74521	4.762930367551	0.079105
5	74525	4.762952932403	0.078967
5	74541	4.763950928854	0.078918
5	74545	4.763962408168	0.078769
5	74552	4.764927597763	0.078658
5	74556	4.764972242893	0.079111
5	74572	4.765922636003	0.080623
5	74579	4.766014978311	0.079073
5	74586	4.766904887991	0.078974
5	74590	4.767007867918	0.089144
5	74606	4.767896133749	0.079978
5	74610	4.768036903731	0.079067
5	74617	4.768912527759	0.078975
5	74624	4.769031498568	0.078838
5	74637	4.769956130524	0.08498
5	74641	4.770027241284	0.078908
5	74654	4.770996106739	0.078682
5	74658	4.771013403057	0.079029
5	74668	4.772030610185	0.079136
5	74672	4.772040512027	0.078816
5	74685	4.773044613381	0.078873
5	74689	4.773074634971	0.078712
5	74699	4.774031844103	0.078903
5	74703	4.774080055726	0.078839
5	74713	4.775024369193	0.078875
5	74717	4.775058659343	0.079009
5	74730	4.776011102449	0.078759
5	74734	4.776062428536	0.078956
5	74741	4.776985811924	0.07886
5	74751	4.777037637474	0.078964
5	74761	4.77796766058	0.078764
5	74765	4.778052828395	0.080058
5	74778	4.778999950151	0.078791
5	74782	4.779082783241	0.081153
5	74792	4.779954690246	0.079578
5	74796	4.780052592877	0.079065
5	74806	4.780979531436	0.078902
5	74810	4.781042651649	0.078913
5	74823	4.781968587373	0.079063
5	74827	4.782037869312	0.078834
5	74837	4.78299249311	0.078773
5	74841	4.783023160988	0.078874
5	74854	4.783962169719	0.078884
5	74858	4.783978069104	0.078909
5	74868	4.784957423239	0.080013
5	74872	4.785009715379	0.07873
5	74888	4.785956174099	0.080257
5	74892	4.785980924733	0.079149
5	74902	4.78692039617	0.07893
5	74906	4.786949811166	0.078883
5	74919	4.787959470468	0.078729
5	74923	4.787973459149	0.078905
5	74933	4.788992023307	0.07878
5	74937	4.789004630419	0.078792
5	74950	4.789953597771	0.078995
5	74954	4.789980393273	0.088676
5	74964	4.790979980983	0.079705
5	74968	4.791001025691	0.07918
5	74981	4.791997107673	0.079001
5	74985	4.791998005734	0.085828
5	74995	4.793010402693	0.079093
5	74999	4.793043459135	0.078825
5	75012	4.794023868191	0.079311
5	75016	4.794046810922	0.078809
5	75026	4.794988979822	0.078799
5	75030	4.795026325536	0.078888
5	75043	4.79595630716	0.078749
5	75047	4.795981029223	0.078842
5	75057	4.796946358548	0.080642
5	75061	4.797002479063	0.080295
5	75074	4.797948776374	0.080306
5	75081	4.798000021643	0.07881
5	75088	4.798972873975	0.078728
5	75092	4.798980029444	0.078692
5	75105	4.799946513909	0.078693
5	75115	4.800014788527	0.07861
5	75119	4.800944433763	0.078686
5	75123	4.801008071186	0.085897
5	75136	4.801955495094	0.090042
5	75143	4.801972618338	0.080051
5	75150	4.802947949673	0.080289
5	75154	4.802967115068	0.078769
5	75170	4.803920388241	0.078918
5	75177	4.803978897291	0.078868
5	75181	4.804953093423	0.078886
5	75185	4.805000201937	0.078766
5	75207	4.805981760786	0.078984
5	75211	4.805989932714	0.078815
5	75215	4.806951686731	0.078792
5	75219	4.80703019257	0.079045
5	75238	4.807998629554	0.078795
5	75242	4.808004594481	0.07868
5	75246	4.809020975127	0.080013
5	75250	4.80902758982	0.079115
5	75269	4.810044654716	0.079043
5	75273	4.810066107537	0.078664
5	75277	4.811018231347	0.078736
5	75281	4.811041693021	0.079016
5	75300	4.812029334188	0.078757
5	75304	4.812067815894	0.078636
5	75311	4.813003347469	0.08777
5	75315	4.813084763237	0.079514
5	75331	4.81404053652	0.078925
5	75335	4.814048187083	0.078972
5	75342	4.815024973742	0.078856
5	75346	4.815088050004	0.081423
5	75362	4.815983975145	0.079262
5	75366	4.816069297426	0.078986
5	75373	4.817001195199	0.078906
5	75377	4.817115830243	0.078632
5	75393	4.817974610231	0.0787
5	75397	4.818136381087	0.078799
5	75401	4.818966308566	0.07877
5	75408	4.819127873899	0.08939
5	75424	4.819971300719	0.080031
5	75428	4.82010257799	0.079248
5	75432	4.821014907256	0.079105
5	75442	4.821136685195	0.080021
5	75455	4.821985634562	0.079177
5	75459	4.822147982145	0.078867
5	75466	4.822982360956	0.078813
5	75470	4.823119129476	0.078687
5	75483	4.823937140921	0.078688
5	75490	4.824117914855	0.087497
5	75497	4.824962875994	0.434744
5	75507	4.825140711385	0.167381
5	75514	4.825934338704	0.216001
5	75524	4.826189452773	0.135714
5	75531	4.826907440039	0.08848
5	75538	4.827181169504	0.081537
5	75548	4.827954909478	0.080898
5	75555	4.828156347979	0.079428
5	75565	4.828981486613	0.079013
5	75569	4.829175012452	0.078824
5	75579	4.829934780685	0.078875
5	75586	4.830138481924	0.07888
5	75593	4.830914619798	0.078914
5	75600	4.831141940128	0.078792
5	75610	4.831875027174	0.079004
5	75617	4.832094433852	0.079936
5	75627	4.832906567737	0.078764
5	75631	4.833047312441	0.087596
5	75641	4.833912891611	0.078872
5	75648	4.834071633236	0.078935
5	75658	4.834910981073	0.078883
5	75662	4.835099180272	0.078766
5	75672	4.835941055602	0.090832
5	75676	4.83612730232	0.080222
5	75689	4.836903389158	0.079683
5	75693	4.837156081284	0.079277
5	75703	4.837903886307	0.079243
5	75710	4.838157972073	0.079093
5	75720	4.83889301322	0.080898
5	75724	4.839108587172	0.080433
5	75734	4.839933145136	0.08053
5	75738	4.840076015316	0.080382
5	75751	4.840951186981	0.080399
5	75755	4.841120853388	0.079827
5	75765	4.841949771428	0.079134
5	75769	4.842133871254	0.079087
5	75782	4.842968679115	0.079109
5	75786	4.843109520711	0.079187
5	75796	4.843926399635	0.079241
5	75800	4.844097206327	0.079061
5	75816	4.844968661857	0.079625
5	75820	4.845108574469	0.079025
5	75830	4.845984184773	0.078951
5	75834	4.846085192488	0.078853
5	75847	4.847017345709	0.089341
5	75851	4.847048344944	0.080192
5	75861	4.848002583171	0.079617
5	75865	4.848046375842	0.079121
5	75878	4.848960216163	0.079063
5	75882	4.848997744015	0.079254
5	75892	4.84998865675	0.079136
5	75896	4.850004193987	0.078833
5	75909	4.850966864578	0.079977
5	75913	4.851035203015	0.078759
5	75923	4.851919815801	0.078803
5	75927	4.852045034751	0.078804
5	75937	4.852884595384	0.078651
5	75944	4.85308107386	0.078756
5	75954	4.853896365148	0.078686
5	75958	4.85403911974	0.0787
5	75968	4.854890506568	0.078923
5	75975	4.855035213598	0.078875
5	75985	4.855877723933	0.0838
5	75989	4.856013520113	0.078881
5	75999	4.856836916278	0.078969
5	76006	4.856981593614	0.080735
5	76016	4.857830031522	0.080359
5	76023	4.858031232384	0.090113
5	76030	4.85883208606	0.081213
5	76037	4.858990453076	0.080507
5	76047	4.859783684393	0.079344
5	76054	4.85996650834	0.078947
5	76061	4.860784572893	0.078859
5	76068	4.860948482765	0.078801
5	76081	4.861783580542	0.079047
5	76085	4.861904834489	0.078743
5	76092	4.862793977932	0.078739
5	76096	4.86285605738	0.079138
5	76109	4.86382642323	0.078764
5	76113	4.863839073621	0.078809
5	76129	4.864803305259	0.079133
5	76133	4.864818682307	0.078713
5	76143	4.865761532381	0.078678
5	76147	4.865807748769	0.078885
5	76160	4.866761526524	0.078928
5	76164	4.866780973622	0.078606
5	76174	4.867750195193	0.078759
5	76178	4.867777876006	0.088033
5	76191	4.868713752289	0.079743
5	76195	4.868740599713	0.080743
5	76205	4.869705848952	0.080365
5	76209	4.869752702505	0.080348
5	76219	4.870698900508	0.078718
5	76223	4.870715420447	0.07858
5	76236	4.871689756045	0.078852
5	76240	4.871713697541	0.078653
5	76250	4.87268126314	0.07888
5	76257	4.87269945496	0.078832
5	76267	4.873639458101	0.078873
5	76271	4.873684698331	0.078837
5	76284	4.874643431694	0.078905
5	76288	4.874658344238	0.081051
5	76298	4.875602633996	0.080092
5	76302	4.87562043302	0.0786
5	76315	4.876612970481	0.078752
5	76319	4.876661503514	0.079477
5	76329	4.877612286632	0.07918
5	76333	4.877651357149	0.083262
5	76346	4.878599283339	0.078742
5	76350	4.87868015403	0.079035
5	76360	4.879642817455	0.08782
5	76364	4.879695358956	0.081134
5	76377	4.880657138683	0.079569
5	76381	4.880736769852	0.0789
5	76391	4.881664546768	0.084357
5	76395	4.881704114511	0.083289
5	76408	4.882642987756	0.079244
5	76412	4.882710762063	0.079238
5	76422	4.883598687452	0.079375
5	76426	4.883757630201	0.078876
5	76442	4.884602855625	0.079351
5	76446	4.884759166145	0.079112
5	76456	4.885632643972	0.080405
5	76460	4.885766314293	0.078882
5	76470	4.886595999692	0.078876
5	76477	4.886777300888	0.07885
5	76487	4.887595417508	0.079532
5	76491	4.887728317477	0.078731
5	76501	4.888575019655	0.078816
5	76508	4.888764549466	0.078982
5	76518	4.889581280878	0.078701
5	76522	4.889716896676	0.079177
5	76532	4.890573471737	0.08992
5	76539	4.890766391995	0.08045
5	76549	4.8915282247	0.078902
5	76553	4.891784150349	0.078882
5	76560	4.892536426417	0.078752
5	76570	4.892813644729	0.079297
5	76580	4.893560318963	0.080822
5	76584	4.893862423228	0.081157
5	76594	4.894526644004	0.080503
5	76601	4.894826105938	0.080355
5	76611	4.895491422937	0.0807
5	76615	4.895845987642	0.080529
5	76625	4.896518710973	0.08043
5	76632	4.896804327736	0.079214
5	76642	4.897555657268	0.079254
5	76646	4.897844413754	0.078998
5	76656	4.898522117729	0.078825
5	76663	4.898874801542	0.079353
5	76673	4.899571554785	0.079697
5	76680	4.899901949163	0.074729
5	76690	4.900578163828	0.08404
5	76694	4.900937646358	0.077611
5	76704	4.901606608083	0.076666
5	76711	4.901972961783	0.075984
5	76721	4.902605981159	0.075942
5	76725	4.902972384248	0.086935
5	76735	4.903623657663	0.075866
5	76742	4.903936272743	0.074736
5	76755	4.904628057529	0.07492
5	76762	4.904972656261	0.074852
5	76769	4.905636315737	0.074663
5	76776	4.90593818707	0.074532
5	76786	4.906616863608	0.076401
5	76790	4.906927746382	0.076
5	76800	4.907661931121	0.076147
5	76807	4.907973963326	0.07626
5	76814	4.90862378133	0.075832
5	76821	4.9090063232	0.076075
5	76831	4.909609788677	0.07602
5	76838	4.909959389504	0.076146
5	76842	4.910644940569	0.085778
5	76852	4.91098063841	0.07598
5	76862	4.911684281724	0.075239
5	76869	4.911937522455	0.074683
5	76876	4.912689869588	0.074647
5	76880	4.912980309336	0.074917
5	76893	4.913727951324	0.076005
5	76900	4.913983244648	0.075234
5	76907	4.914740735015	0.074397
5	76914	4.915007533998	0.074604
5	76924	4.915720017213	0.074637
5	76931	4.915974191962	0.074691
5	76938	4.916753963243	0.074543
5	76945	4.917003459103	0.07464
5	76955	4.917800309864	0.07579
5	76962	4.9179744046	0.079044
5	76969	4.918830748169	0.078871
5	76976	4.918926449448	0.080055
5	76989	4.919876338502	0.081832
5	76993	4.919900505195	0.08275
5	77003	4.920890652458	0.083258
5	77007	4.920913539323	0.08474
5	77020	4.921920992372	0.081718
5	77024	4.921945895056	0.081635
5	77034	4.922937777555	0.094799
5	77038	4.92295175092	0.085327
5	77051	4.923970505266	0.08022
5	77055	4.923976060964	0.089984
5	77068	4.925003664266	0.081362
5	77072	4.925016894333	0.079463
5	77085	4.926009938899	0.079544
5	77089	4.926044063889	0.080318
5	77096	4.926991495074	0.079936
5	77103	4.927033205592	0.080124
5	77116	4.927992309531	0.079922
5	77120	4.928037867946	0.078925
5	77127	4.929014793179	0.078676
5	77131	4.929054374674	0.078685
5	77147	4.930034331449	0.078921
5	77151	4.930077367531	0.079219
5	77158	4.931019052045	0.079218
5	77165	4.931109711728	0.086876
5	77178	4.931993810938	0.079733
5	77182	4.932097551138	0.079285
5	77192	4.933016490105	0.080519
5	77196	4.933094607108	0.087738
5	77209	4.93404402762	0.080131
5	77213	4.934045475058	0.079429
5	77223	4.935010462557	0.078988
5	77227	4.935036722903	0.079238
5	77240	4.93602756319	0.07882
5	77244	4.936035926905	0.079177
5	77254	4.937005802229	0.079117
5	77258	4.937056914934	0.078881
5	77271	4.937983586198	0.079026
5	77275	4.938087425291	0.078827
5	77285	4.939022973459	0.079051
5	77289	4.93908170216	0.080798
5	77302	4.940035635084	0.080526
5	77306	4.940120018884	0.080512
5	77316	4.941024083584	0.079147
5	77320	4.94112333011	0.078611
5	77333	4.942070009725	0.078896
5	77337	4.942131966825	0.078639
5	77347	4.943032094151	0.079105
5	77351	4.943113402531	0.079243
5	77364	4.944010959807	0.078888
5	77368	4.944145850349	0.079251
5	77375	4.944961346051	0.079313
5	77385	4.945147313576	0.081926
5	77398	4.945961723974	0.080851
5	77402	4.946157357394	0.083683
5	77409	4.946970256616	0.079313
5	77419	4.947156391039	0.078849
5	77429	4.947920634908	0.078801
5	77433	4.948107068055	0.078908
5	77440	4.948961075586	0.079796
5	77447	4.949131604349	0.079454
5	77460	4.949947801115	0.079464
5	77464	4.950179640156	0.079371
5	77474	4.950984847543	0.07864
5	77478	4.951176786523	0.081174
5	77491	4.952020567095	0.080222
5	77495	4.952165205728	0.080077
5	77502	4.952991487547	0.079985
5	77509	4.953198146478	0.078689
5	77522	4.953981526313	0.078682
5	77526	4.954234528987	0.078779
5	77533	4.954992379388	0.079257
5	77540	4.955282726397	0.078879
5	77553	4.956022137408	0.078891
5	77557	4.956329466916	0.087874
5	77564	4.957000307584	0.080081
5	77571	4.957378469949	0.07891
5	77584	4.957963625811	0.080037
5	77588	4.958349513383	0.07876
5	77595	4.958978831948	0.085875
5	77602	4.959337159452	0.07971
5	77615	4.959936051468	0.079361
5	77619	4.96038318629	0.078926
5	77626	4.960983628632	0.078787
5	77633	4.961350742004	0.079124
5	77646	4.962023079458	0.079383
5	77653	4.962302878681	0.079581
5	77657	4.963006349901	0.078875
5	77661	4.963267958458	0.079196
5	77677	4.964053493203	0.079087
5	77681	4.964305826011	0.080404
5	77688	4.965040166903	0.078946
5	77698	4.965352371964	0.079526
5	77711	4.966064531804	0.078772
5	77715	4.966337239581	0.07921
5	77722	4.967034870485	0.079094
5	77729	4.967296200625	0.089457
5	77742	4.968030728714	0.079647
5	77746	4.968312678622	0.079256
5	77753	4.969059967946	0.082386
5	77760	4.969348012702	0.078994
5	77773	4.970033275566	0.080191
5	77777	4.970324031072	0.079301
5	77784	4.971046284421	0.079088
5	77791	4.971334407901	0.079059
5	77801	4.972039689304	0.079726
5	77808	4.972370516511	0.079605
5	77815	4.973046049493	0.079351
5	77822	4.973405164314	0.079334
5	77835	4.974030773804	0.078706
5	77842	4.974424505734	0.078764
5	77846	4.97499843502	0.079113
5	77853	4.975418997854	0.078879
5	77863	4.975980626887	0.078827
5	77873	4.976382910127	0.079992
5	77877	4.976971608287	0.07933
5	77881	4.97734179636	0.07937
5	77894	4.977973480248	0.079627
5	77904	4.978319283592	0.079366
5	77908	4.979012917594	0.088228
5	77912	4.979319689092	0.080586
5	77928	4.980040275472	0.082851
5	77935	4.980282383664	0.080629
5	77939	4.981026073709	0.081743
5	77943	4.981310995751	0.082287
5	77959	4.98200103231	0.079188
5	77963	4.982321494121	0.078899
5	77970	4.983042349262	0.079051
5	77977	4.983360800769	0.081516
5	77990	4.984025717943	0.079887
5	77997	4.984330569828	0.079085
5	78001	4.985026743268	0.079175
5	78005	4.985345581548	0.078735
5	78024	4.985997767023	0.079515
5	78028	4.986347276278	0.086647
5	78035	4.987044025869	0.079927
5	78039	4.98732181114	0.079083
5	78055	4.988068912187	0.079611
5	78059	4.988296446165	0.078896
5	78066	4.989060117809	0.078906
5	78070	4.98928617429	0.079031
5	78086	4.990032877484	0.087351
5	78090	4.99026907831	0.079736
5	78097	4.991047928245	0.079219
5	78101	4.991278445138	0.083411
5	78117	4.992059635008	0.078829
5	78121	4.992292470069	0.078672
5	78128	4.993096549349	0.078803
5	78132	4.993305926382	0.078842
5	78148	4.994140787947	0.079376
5	78152	4.994334034676	0.08018
5	78159	4.995189339946	0.078795
5	78163	4.995370150817	0.079144
5	78179	4.996203309017	0.094823
5	78183	4.996335636406	0.081588
5	78190	4.997154340148	0.080198
5	78194	4.99736373807	0.079602
5	78210	4.998138339305	0.079164
5	78217	4.998396363798	0.079052
5	78221	4.999088907894	0.079106
5	78225	4.999408086347	0.079257
6	15681	1.003197271992	4.5234770774841
6	15994	1.023100263836	3.8333101272583
6	16299	1.042721761154	4.2055406570435
6	16616	1.062884952386	4.1128478050232
6	16925	1.082260996098	3.4551441669464
6	17238	1.102588164562	3.5559136867523
6	17547	1.122275041917	4.13374376297
6	17864	1.142295020725	3.746173620224
6	18177	1.162400936523	4.4202241897583
6	18490	1.182504171816	5.3641881942749
6	18799	1.202174840847	5.2261519432068
6	19116	1.222338558455	3.8832576274872
6	19429	1.242395780373	3.7787327766418
6	19748	1.262803580099	4.2917356491089
6	20053	1.282234698446	3.1975960731506
6	20370	1.302718086716	6.4698400497437
6	20687	1.32313263243	3.9688048362732
6	21000	1.342697422465	4.5595421791077
6	21313	1.362831377991	4.300989151001
6	21626	1.382757967542	5.6734018325806
6	21939	1.402899175068	4.1306700706482
6	22252	1.422571315466	3.2355613708496
6	22561	1.442466115201	4.3470621109009
6	22874	1.462301828551	4.3531951904297
6	23195	1.482980398135	4.3662185668945
6	23506	1.502826796069	4.831684589386
6	23823	1.523055389309	4.3125367164612
6	24136	1.543236518128	3.5680334568024
6	24445	1.562821366523	3.7888634204865
6	24754	1.58274953153	4.045078754425
6	25067	1.602492342476	3.7525699138641
6	25380	1.622618148355	4.5471067428589
6	25689	1.642099190035	4.7891402244568
6	25998	1.66205696876	4.1208038330078
6	26319	1.682447860147	4.8910636901855
6	26632	1.702362592607	5.1603713035583
6	26945	1.722410440749	4.6472196578979
6	27258	1.742572349234	3.7955150604248
6	27573	1.76261208958	5.0191192626953
6	27882	1.782399437946	4.2534284591675
6	28199	1.802628336053	3.8050928115845
6	28512	1.822421427462	3.9026136398315
6	28825	1.842389134724	3.5705223083496
6	29134	1.862297568042	4.0646862983704
6	29451	1.882581717315	4.0080614089966
6	29764	1.902412404425	4.1790223121643
6	30077	1.922654641113	4.2796106338501
6	30390	1.942544240496	3.586138010025
6	30699	1.962464614347	3.9343447685242
6	31016	1.982521975617	5.0785279273987
6	31331	2.002718269622	3.6754813194275
6	31644	2.022436915582	4.3326697349548
6	31961	2.043176579342	4.1466612815857
6	32270	2.06302569248	4.2593870162964
6	32583	2.082922005862	3.9140050411224
6	32896	2.103094401554	3.6661536693573
6	33209	2.123045503	5.116024017334
6	33522	2.143147971431	4.669819355011
6	33835	2.162987759478	4.660749912262
6	34148	2.183083372202	4.0226092338562
6	34461	2.203157680199	3.8340442180634
6	34782	2.223440812374	4.3537063598633
6	35095	2.243461995549	4.4965281486511
6	35402	2.26306373479	4.5685381889343
6	35715	2.283040160882	4.5139679908752
6	36028	2.30322793022	5.1907801628113
6	36349	2.323613544239	6.2471013069153
6	36662	2.343750821819	4.4832143783569
6	36971	2.363308144746	4.5199847221375
6	37284	2.38346303163	3.8757028579712
6	37593	2.402911908142	3.8140354156494
6	37902	2.42260748725	3.561726808548
6	38223	2.443148747235	4.0720186233521
6	38536	2.462786278666	4.2147369384766
6	38841	2.482438626467	3.7329006195068
6	39164	2.502839759501	4.189332485199
6	39469	2.522175266126	3.68266248703
6	39782	2.542284128	5.3115973472595
6	40095	2.562538419577	4.1914811134338
6	40408	2.582566592056	4.7774453163147
6	40721	2.602787503395	4.2403407096863
6	41042	2.623171192272	4.7805981636047
6	41355	2.643116363639	4.022424697876
6	41668	2.663221810643	4.1657457351685
6	41973	2.682381596052	4.2238864898682
6	42286	2.702376515784	3.8443558216095
6	42603	2.722847933103	3.5697207450867
6	42916	2.742933108549	4.4881949424744
6	43235	2.763314202447	4.9960889816284
6	43544	2.782986679014	4.7558164596558
6	43861	2.803292607136	4.9408931732178
6	44174	2.82317965478	4.1926007270813
6	44479	2.842629485033	3.425240278244
6	44796	2.862762922068	3.8725874423981
6	45105	2.882809310008	3.4921586513519
6	45418	2.902565919275	4.0503215789795
6	45731	2.922421521657	4.7978668212891
6	46048	2.942674801417	4.4216251373291
6	46353	2.96191990743	5.3315496444702
6	46674	2.982563947465	3.4563279151917
6	46989	3.002519215952	4.6020393371582
6	47294	3.021951170618	4.1845374107361
6	47607	3.041873414399	4.7725954055786
6	47924	3.062306871684	4.3671793937683
6	48241	3.08239078704	4.1338772773743
6	48550	3.102406557264	4.3457937240601
6	48863	3.12228677325	3.8829743862152
6	49172	3.14216831395	3.9374742507935
6	49485	3.16219752396	4.3603663444519
6	49798	3.182047870885	5.5159664154053
6	50111	3.201859593587	4.21444272995
6	50424	3.222209191176	5.4031844139099
6	50741	3.242273518116	4.0706076622009
6	51056	3.262294821665	4.4284110069275
6	51369	3.282556445242	4.7399210929871
6	51682	3.302613351423	4.206440448761
6	51995	3.322722265423	4.3011240959167
6	52308	3.34271286955	4.6423344612122
6	52621	3.36299886996	4.5111985206604
6	52938	3.383110432862	4.5309505462646
6	53251	3.403403517955	4.9963183403015
6	53572	3.423912856799	4.6076197624207
6	53885	3.443935940102	4.7483434677124
6	54194	3.463224927445	4.0754647254944
6	54499	3.482813781767	4.3003520965576
6	54818	3.502888276369	5.412148475647
6	55135	3.523352830897	4.2482461929321
6	55452	3.543812819901	4.7601723670959
6	55769	3.563931885501	5.5540776252747
6	56074	3.583708256218	4.1264090538025
6	56387	3.603657343983	5.0906748771667
6	56700	3.623585130484	4.29811668396
6	57013	3.643305834303	3.355818271637
6	57326	3.663258532307	4.7192187309265
6	57639	3.683107741614	3.5905723571777
6	57952	3.703116478337	3.9990816116333
6	58265	3.722704585656	4.563768863678
6	58578	3.743033977222	4.4116125106812
6	58893	3.763009509742	5.27205991745
6	59206	3.783304929012	5.6725168228149
6	59519	3.803059773448	4.101104259491
6	59824	3.822435470888	4.1053161621094
6	60137	3.842573931619	3.5725874900818
6	60458	3.862914598612	4.7594780921936
6	60771	3.883135198951	4.3366351127625
6	61084	3.90314790883	4.5065340995789
6	61393	3.92301365513	4.311381816864
6	61706	3.942973633355	4.1088013648987
6	62019	3.962899847085	3.6879820823669
6	62328	3.982543284918	6.0758476257324
6	62643	4.002385942935	4.2528924942017
6	62956	4.022439524594	3.7779488563538
6	63269	4.042136265953	3.5065865516663
6	63582	4.062656397571	4.7135257720947
6	63895	4.082863587569	5.3974227905273
6	64212	4.102961966387	3.9125347137451
6	64529	4.123354596754	5.5250310897827
6	64838	4.143187753571	4.5081839561462
6	65155	4.163559859654	4.0414228439331
6	65468	4.183691841423	4.2244100570679
6	65785	4.203899965581	4.1255683898926
6	66098	4.224090957231	5.053328037262
6	66411	4.244097579714	4.7915697097778
6	66726	4.264192411882	4.4917488098145
6	67039	4.283941080382	4.3162922859192
6	67352	4.303977818082	4.1752190589905
6	67665	4.323952139167	4.5411200523376
6	67978	4.344024477074	3.9229393005371
6	68295	4.364655152715	5.6012716293335
6	68612	4.384871174931	5.0488839149475
6	68929	4.404966793797	4.7971367835999
6	69234	4.424548633107	4.8487782478333
6	69547	4.444417639521	5.4026041030884
6	69868	4.464701935805	4.6745829582214
6	70181	4.484927021157	4.8481688499451
6	70492	4.504802551782	4.2230792045593
6	70809	4.524973348227	5.191593170166
6	71122	4.544793834327	4.7406878471375
6	71435	4.564944834998	5.3138966560364
6	71748	4.584862014611	4.0141010284424
6	72061	4.60512551076	3.8215556144714
6	72374	4.625359671732	4.9317111968994
6	72687	4.645480272033	4.6833872795105
6	73000	4.665701482754	5.1523838043213
6	73313	4.685329917216	5.1072297096252
6	73626	4.705240518462	3.7515354156494
6	73939	4.725015099155	4.0258326530457
6	74252	4.745514024888	5.1560645103455
6	74567	4.765341139209	4.9549436569214
6	74880	4.785402457336	4.9566874504089
6	75193	4.805506301591	4.8629713058472
6	75502	4.825047181975	3.9293632507324
6	75811	4.844599911947	4.5796875953674
6	76124	4.864797427792	3.3505263328552
6	76437	4.884541091496	4.4593601226807
6	76750	4.90459017513	3.4461841583252
6	77063	4.924904519676	5.1306829452515
6	77380	4.945025750476	4.6774711608887
6	77693	4.96514157337	4.6270322799683
6	78010	4.985524403148	5.4355206489563
7	15681	1.003197271992	0.98389282088078
7	15994	1.023100263836	0.97025296573362
7	16299	1.042721761154	0.97861019058389
7	16616	1.062884952386	0.97677330999956
7	16925	1.082260996098	0.95855422358822
7	17238	1.102588164562	0.96204459200363
7	17547	1.122275041917	0.97720040264367
7	17864	1.142295020725	0.96787947642064
7	18177	1.162400936523	0.98233566837377
7	18490	1.182504171816	0.99243429085864
7	18799	1.202174840847	0.99143141548104
7	19116	1.222338558455	0.97153588975792
7	19429	1.242395780373	0.96878704585228
7	19748	1.262803580099	0.98019035520457
7	20053	1.282234698446	0.94818674767047
7	20370	1.302718086716	0.997217648934
7	20687	1.32313263243	0.97360945360403
7	21000	1.342697422465	0.98440425230327
7	21313	1.362831377991	0.98035304008766
7	21626	1.382757967542	0.99427765623689
7	21939	1.402899175068	0.97713806394613
7	22252	1.422571315466	0.94985637627523
7	22561	1.442466115201	0.98114375161362
7	22874	1.462301828551	0.98124662646728
7	23195	1.482980398135	0.9814632551679
7	23506	1.502826796069	0.98778065769725
7	23823	1.523055389309	0.98055422117407
7	24136	1.543236518128	0.96244486924217
7	24445	1.562821366523	0.96906433541713
7	24754	1.58274953153	0.97533376237991
7	25067	1.602492342476	0.96805976093877
7	25380	1.622618148355	0.98422973914675
7	25689	1.642099190035	0.98730491284756
7	25998	1.66205696876	0.97693683637105
7	26319	1.682447860147	0.98841534402672
7	26632	1.702362592607	0.99090817884337
7	26945	1.722410440749	0.98558186130715
7	27258	1.742572349234	0.9692451013956
7	27573	1.76261208958	0.98967527820028
7	27882	1.782399437946	0.97950272652114
7	28199	1.802628336053	0.96950359228875
7	28512	1.822421427462	0.97201848155899
7	28825	1.842389134724	0.96252656454511
7	29134	1.862297568042	0.9757589798222
7	29451	1.882581717315	0.97451108370389
7	29764	1.902412404425	0.9780996983004
7	30077	1.922654641113	0.97997518747704
7	30390	1.942544240496	0.96303525726211
7	30699	1.962464614347	0.9727924717172
7	31016	1.982521975617	0.99021279137797
7	31331	2.002718269622	0.96582032517281
7	31644	2.022436915582	0.98090015897911
7	31961	2.043176579342	0.97746057750465
7	32270	2.06302569248	0.97961119974115
7	32583	2.082922005862	0.9722987722567
7	32896	2.103094401554	0.96553929038754
7	33209	2.123045503	0.99053768575645
7	33522	2.143147971431	0.98587091964291
7	33835	2.162987759478	0.9857556107854
7	34148	2.183083372202	0.97483753644688
7	34461	2.203157680199	0.97027222099704
7	34782	2.223440812374	0.98125517580851
7	35095	2.243461995549	0.9834999286868
7	35402	2.26306373479	0.98452931201584
7	35715	2.283040160882	0.98375524852409
7	36028	2.30322793022	0.9911538817723
7	36349	2.323613544239	0.99659528325999
7	36662	2.343750821819	0.98330236271036
7	36971	2.363308144746	0.98384242902249
7	37284	2.38346303163	0.97134534718474
7	37593	2.402911908142	0.96974304102071
7	37902	2.42260748725	0.96223708966207
7	38223	2.443148747235	0.97591614841778
7	38536	2.462786278666	0.9787844914002
7	38841	2.482438626467	0.96750222243889
7	39164	2.502839759501	0.97829957470333
7	39469	2.522175266126	0.9660351806397
7	39782	2.542284128	0.99206672840045
7	40095	2.562538419577	0.97834100356593
7	40408	2.582566592056	0.9871709627957
7	40721	2.602787503395	0.97926248190209
7	41042	2.623171192272	0.98720721132497
7	41355	2.643116363639	0.97483342108179
7	41668	2.663221810643	0.9778396615685
7	41973	2.682381596052	0.97895652728284
7	42286	2.702376515784	0.97054142162763
7	42603	2.722847933103	0.96250027229629
7	42916	2.742933108549	0.98337654118386
7	43235	2.763314202447	0.98945913726024
7	43544	2.782986679014	0.98691954653253
7	43861	2.803292607136	0.98892273140748
7	44174	2.82317965478	0.97836256078092
7	44479	2.842629485033	0.95746063797322
7	44796	2.862762922068	0.97126641175619
7	45105	2.882809310008	0.95987061664393
7	45418	2.902565919275	0.9754481674287
7	45731	2.922421521657	0.98740396438739
7	46048	2.942674801417	0.98235775450039
7	46353	2.96191990743	0.99220821737575
7	46674	2.982563947465	0.95859695520543
7	46989	3.002519215952	0.98498641105733
7	47294	3.021951170618	0.97820683866609
7	47607	3.041873414399	0.98711500499535
7	47924	3.062306871684	0.98147913980663
7	48241	3.08239078704	0.97720310673339
7	48550	3.102406557264	0.98112240701762
7	48863	3.12228677325	0.97152876823226
7	49172	3.14216831395	0.97286766950017
7	49485	3.16219752396	0.9813662156804
7	49798	3.182047870885	0.99340295740707
7	50111	3.201859593587	0.97877893672445
7	50424	3.222209191176	0.99269588036289
7	50741	3.242273518116	0.9758859818462
7	51056	3.262294821665	0.98246435140656
7	51369	3.282556445242	0.98673168348313
7	51682	3.302613351423	0.97862730633403
7	51995	3.322722265423	0.98035540282861
7	52308	3.34271286955	0.98551861602612
7	52621	3.36299886996	0.98371496446823
7	52938	3.383110432862	0.98400013817407
7	53251	3.403403517955	0.98946131172404
7	53572	3.423912856799	0.98506124889314
7	53885	3.443935940102	0.98683155442701
7	54194	3.463224927445	0.97598967197638
7	54499	3.482813781767	0.98034188218561
7	54818	3.502888276369	0.99275473133409
7	55135	3.523352830897	0.97940792612313
7	55452	3.543812819901	0.98697056804854
7	55769	3.563931885501	0.99362617616165
7	56074	3.583708256218	0.97705136927696
7	56387	3.603657343983	0.99031923335405
7	56700	3.623585130484	0.98030268016142
7	57013	3.643305834303	0.95481463121911
7	57326	3.663258532307	0.98648301208253
7	57639	3.683107741614	0.96317849465073
7	57952	3.703116478337	0.97430752243226
7	58265	3.722704585656	0.98446313378131
7	58578	3.743033977222	0.98219930645748
7	58893	3.763009509742	0.99177878229361
7	59206	3.783304929012	0.99427307682487
7	59519	3.803059773448	0.9765298656381
7	59824	3.822435470888	0.97661746370174
7	60137	3.842573931619	0.96259422341412
7	60458	3.862914598612	0.98696244905952
7	60771	3.883135198951	0.98096757975357
7	61084	3.90314790883	0.98364689472491
7	61393	3.92301365513	0.98053419178819
7	61706	3.942973633355	0.97668970670224
7	62019	3.962899847085	0.96619349839786
7	62328	3.982543284918	0.99602401099621
7	62643	4.002385942935	0.97949294183429
7	62956	4.022439524594	0.96876548889243
7	63269	4.042136265953	0.96037280627207
7	63582	4.062656397571	0.98641382759194
7	63895	4.082863587569	0.99265780382095
7	64212	4.102961966387	0.97226274805984
7	64529	4.123354596754	0.99345674344766
7	64838	4.143187753571	0.98367100365597
7	65155	4.163559859654	0.97525367846826
7	65468	4.183691841423	0.97896633034059
7	65785	4.203899965581	0.9770342272475
7	66098	4.224090957231	0.98998825900143
7	66411	4.244097579714	0.98733256578267
7	66726	4.264192411882	0.98342927287291
7	67039	4.283941080382	0.98061921433968
7	67352	4.303977818082	0.97802551368716
7	67665	4.323952139167	0.98414504089299
7	67978	4.344024477074	0.97251669344984
7	68295	4.364655152715	0.99389221827449
7	68612	4.384871174931	0.9899481360418
7	68929	4.404966793797	0.98739570739597
7	69234	4.424548633107	0.98796680746158
7	69547	4.444417639521	0.99269205418666
7	69868	4.464701935805	0.98593111504707
7	70181	4.484927021157	0.98796021953291
7	70492	4.504802551782	0.97894140324187
7	70809	4.524973348227	0.99116035972794
7	71122	4.544793834327	0.9867408063431
7	71435	4.564944834998	0.99208316269983
7	71748	4.584862014611	0.97464711033588
7	72061	4.60512551076	0.96994299241314
7	72374	4.625359671732	0.98883091674344
7	72687	4.645480272033	0.9860417064299
7	73000	4.665701482754	0.9908425263226
7	73313	4.685329917216	0.99046245740089
7	73626	4.705240518462	0.96803066927414
7	73939	4.725015099155	0.97490931675408
7	74252	4.745514024888	0.99087283769891
7	74567	4.765341139209	0.98906178556987
7	74880	4.785402457336	0.98907892259981
7	75193	4.805506301591	0.98811923896155
7	75502	4.825047181975	0.97267235362731
7	75811	4.844599911947	0.9846829384659
7	76124	4.864797427792	0.95460661869638
7	76437	4.884541091496	0.98294255220368
7	76750	4.90459017513	0.95822940903225
7	77063	4.924904519676	0.99066177717311
7	77380	4.945025750476	0.98596748872585
7	77693	4.96514157337	0.98531873493149
7	78010	4.985524403148	0.99290597018806
8	15681	1.003197271992	0.014042
8	15994	1.023100263836	0.008549
8	16299	1.042721761154	0.005398
8	16616	1.062884952386	0.005293
8	16925	1.082260996098	0.005223
8	17238	1.102588164562	0.009062
8	17547	1.122275041917	0.004784
8	17864	1.142295020725	0.004728
8	18177	1.162400936523	0.004772
8	18490	1.182504171816	0.005828
8	18799	1.202174840847	0.008978
8	19116	1.222338558455	0.005388
8	19429	1.242395780373	0.005165
8	19748	1.262803580099	0.006691
8	20053	1.282234698446	0.005783
8	20370	1.302718086716	0.004694
8	20687	1.32313263243	0.004441
8	21000	1.342697422465	0.004916
8	21313	1.362831377991	0.017765
8	21626	1.382757967542	0.015205
8	21939	1.402899175068	0.004498
8	22252	1.422571315466	0.004454
8	22561	1.442466115201	0.004457
8	22874	1.462301828551	0.009465
8	23195	1.482980398135	0.00569
8	23506	1.502826796069	0.00744
8	23823	1.523055389309	0.008299
8	24136	1.543236518128	0.005439
8	24445	1.562821366523	0.004907
8	24754	1.58274953153	0.004651
8	25067	1.602492342476	0.009245
8	25380	1.622618148355	0.005675
8	25689	1.642099190035	0.005016
8	25998	1.66205696876	0.005752
8	26319	1.682447860147	0.005485
8	26632	1.702362592607	0.004942
8	26945	1.722410440749	0.004719
8	27258	1.742572349234	0.004375
8	27573	1.76261208958	0.006719
8	27882	1.782399437946	0.005721
8	28199	1.802628336053	0.009134
8	28512	1.822421427462	0.005097
8	28825	1.842389134724	0.004652
8	29134	1.862297568042	0.004664
8	29451	1.882581717315	0.004332
8	29764	1.902412404425	0.006328
8	30077	1.922654641113	0.005261
8	30390	1.942544240496	0.009563
8	30699	1.962464614347	0.011272
8	31016	1.982521975617	0.008196
8	31331	2.002718269622	0.006439
8	31644	2.022436915582	0.010936
8	31961	2.043176579342	0.009001
8	32270	2.06302569248	0.005315
8	32583	2.082922005862	0.005216
8	32896	2.103094401554	0.012538
8	33209	2.123045503	0.005765
8	33522	2.143147971431	0.00511
8	33835	2.162987759478	0.006838
8	34148	2.183083372202	0.005463
8	34461	2.203157680199	0.009119
8	34782	2.223440812374	0.006616
8	35095	2.243461995549	0.007039
8	35402	2.26306373479	0.007186
8	35715	2.283040160882	0.007694
8	36028	2.30322793022	0.006752
8	36349	2.323613544239	0.00612
8	36662	2.343750821819	0.006168
8	36971	2.363308144746	0.004903
8	37284	2.38346303163	0.004497
8	37593	2.402911908142	0.005158
8	37902	2.42260748725	0.005145
8	38223	2.443148747235	0.006269
8	38536	2.462786278666	0.004325
8	38841	2.482438626467	0.004283
8	39164	2.502839759501	0.007045
8	39469	2.522175266126	0.006243
8	39782	2.542284128	0.004984
8	40095	2.562538419577	0.004562
8	40408	2.582566592056	0.005041
8	40721	2.602787503395	0.004591
8	41042	2.623171192272	0.00441
8	41355	2.643116363639	0.004105
8	41668	2.663221810643	0.004297
8	41973	2.682381596052	0.004374
8	42286	2.702376515784	0.004285
8	42603	2.722847933103	0.007623
8	42916	2.742933108549	0.005521
8	43235	2.763314202447	0.004737
8	43544	2.782986679014	0.004931
8	43861	2.803292607136	0.005756
8	44174	2.82317965478	0.004116
8	44479	2.842629485033	0.004335
8	44796	2.862762922068	0.004029
8	45105	2.882809310008	0.019106
8	45418	2.902565919275	0.007935
8	45731	2.922421521657	0.00526
8	46048	2.942674801417	0.004828
8	46353	2.96191990743	0.005284
8	46674	2.982563947465	0.004482
8	46989	3.002519215952	0.006226
8	47294	3.021951170618	0.004698
8	47607	3.041873414399	0.005771
8	47924	3.062306871684	0.009671
8	48241	3.08239078704	0.005946
8	48550	3.102406557264	0.00451
8	48863	3.12228677325	0.005546
8	49172	3.14216831395	0.004765
8	49485	3.16219752396	0.005171
8	49798	3.182047870885	0.004136
8	50111	3.201859593587	0.00693
8	50424	3.222209191176	0.004204
8	50741	3.242273518116	0.005532
8	51056	3.262294821665	0.006616
8	51369	3.282556445242	0.004028
8	51682	3.302613351423	0.00542
8	51995	3.322722265423	0.004264
8	52308	3.34271286955	0.004128
8	52621	3.36299886996	0.004115
8	52938	3.383110432862	0.004075
8	53251	3.403403517955	0.007842
8	53572	3.423912856799	0.004622
8	53885	3.443935940102	0.012394
8	54194	3.463224927445	0.004117
8	54499	3.482813781767	0.005062
8	54818	3.502888276369	0.006413
8	55135	3.523352830897	0.004282
8	55452	3.543812819901	0.004082
8	55769	3.563931885501	0.004757
8	56074	3.583708256218	0.003963
8	56387	3.603657343983	0.009018
8	56700	3.623585130484	0.008035
8	57013	3.643305834303	0.004686
8	57326	3.663258532307	0.004571
8	57639	3.683107741614	0.004514
8	57952	3.703116478337	0.013429
8	58265	3.722704585656	0.006184
8	58578	3.743033977222	0.00485
8	58893	3.763009509742	0.009405
8	59206	3.783304929012	0.005169
8	59519	3.803059773448	0.004799
8	59824	3.822435470888	0.00548
8	60137	3.842573931619	0.005008
8	60458	3.862914598612	0.00551
8	60771	3.883135198951	0.00456
8	61084	3.90314790883	0.004647
8	61393	3.92301365513	0.005067
8	61706	3.942973633355	0.005558
8	62019	3.962899847085	0.005542
8	62328	3.982543284918	0.004449
8	62643	4.002385942935	0.007095
8	62956	4.022439524594	0.004882
8	63269	4.042136265953	0.007132
8	63582	4.062656397571	0.005842
8	63895	4.082863587569	0.005315
8	64212	4.102961966387	0.004782
8	64529	4.123354596754	0.012401
8	64838	4.143187753571	0.005519
8	65155	4.163559859654	0.004807
8	65468	4.183691841423	0.004892
8	65785	4.203899965581	0.004651
8	66098	4.224090957231	0.009112
8	66411	4.244097579714	0.00521
8	66726	4.264192411882	0.006231
8	67039	4.283941080382	0.005233
8	67352	4.303977818082	0.007037
8	67665	4.323952139167	0.005135
8	67978	4.344024477074	0.005872
8	68295	4.364655152715	0.00621
8	68612	4.384871174931	0.005653
8	68929	4.404966793797	0.009603
8	69234	4.424548633107	0.005143
8	69547	4.444417639521	0.004619
8	69868	4.464701935805	0.004865
8	70181	4.484927021157	0.005253
8	70492	4.504802551782	0.006727
8	70809	4.524973348227	0.00456
8	71122	4.544793834327	0.005206
8	71435	4.564944834998	0.00534
8	71748	4.584862014611	0.007786
8	72061	4.60512551076	0.004532
8	72374	4.625359671732	0.004201
8	72687	4.645480272033	0.004231
8	73000	4.665701482754	0.006784
8	73313	4.685329917216	0.004488
8	73626	4.705240518462	0.004229
8	73939	4.725015099155	0.004689
8	74252	4.745514024888	0.004208
8	74567	4.765341139209	0.008937
8	74880	4.785402457336	0.005829
8	75193	4.805506301591	0.005052
8	75502	4.825047181975	0.009047
8	75811	4.844599911947	0.007909
8	76124	4.864797427792	0.005003
8	76437	4.884541091496	0.005904
8	76750	4.90459017513	0.00498
8	77063	4.924904519676	0.006284
8	77380	4.945025750476	0.005158
8	77693	4.96514157337	0.004942
8	78010	4.985524403148	0.005626
9	15682	1.003197271992	1
9	15995	1.023100263836	1
9	16300	1.042721761154	1
9	16617	1.062884952386	1
9	16926	1.082260996098	1
9	17239	1.102588164562	1
9	17548	1.122275041917	1
9	17865	1.142295020725	1
9	18178	1.162400936523	1
9	18491	1.182504171816	1
9	18800	1.202174840847	1
9	19117	1.222338558455	1
9	19430	1.242395780373	1
9	19749	1.262803580099	1
9	20054	1.282234698446	1
9	20371	1.302718086716	1
9	20688	1.32313263243	1
9	21001	1.342697422465	1
9	21314	1.362831377991	1
9	21627	1.382757967542	1
9	21940	1.402899175068	1
9	22253	1.422571315466	1
9	22562	1.442466115201	1
9	22875	1.462301828551	1
9	23196	1.482980398135	1
9	23507	1.502826796069	1
9	23824	1.523055389309	1
9	24137	1.543236518128	1
9	24446	1.562821366523	1
9	24755	1.58274953153	1
9	25068	1.602492342476	1
9	25381	1.622618148355	1
9	25690	1.642099190035	1
9	25999	1.66205696876	1
9	26320	1.682447860147	1
9	26633	1.702362592607	1
9	26946	1.722410440749	1
9	27259	1.742572349234	1
9	27574	1.76261208958	1
9	27883	1.782399437946	1
9	28200	1.802628336053	1
9	28513	1.822421427462	1
9	28826	1.842389134724	1
9	29135	1.862297568042	1
9	29452	1.882581717315	1
9	29765	1.902412404425	1
9	30078	1.922654641113	1
9	30391	1.942544240496	1
9	30700	1.962464614347	1
9	31017	1.982521975617	1
9	31332	2.002718269622	1
9	31645	2.022436915582	1
9	31962	2.043176579342	1
9	32271	2.06302569248	1
9	32584	2.082922005862	1
9	32897	2.103094401554	1
9	33210	2.123045503	1
9	33523	2.143147971431	1
9	33836	2.162987759478	1
9	34149	2.183083372202	1
9	34462	2.203157680199	1
9	34783	2.223440812374	1
9	35096	2.243461995549	1
9	35403	2.26306373479	1
9	35716	2.283040160882	1
9	36029	2.30322793022	1
9	36350	2.323613544239	1
9	36663	2.343750821819	1
9	36972	2.363308144746	1
9	37285	2.38346303163	1
9	37594	2.402911908142	1
9	37903	2.42260748725	1
9	38224	2.443148747235	1
9	38537	2.462786278666	1
9	38842	2.482438626467	1
9	39165	2.502839759501	1
9	39470	2.522175266126	1
9	39783	2.542284128	1
9	40096	2.562538419577	1
9	40409	2.582566592056	1
9	40722	2.602787503395	1
9	41043	2.623171192272	1
9	41356	2.643116363639	1
9	41669	2.663221810643	1
9	41974	2.682381596052	1
9	42287	2.702376515784	1
9	42604	2.722847933103	1
9	42917	2.742933108549	1
9	43236	2.763314202447	1
9	43545	2.782986679014	1
9	43862	2.803292607136	1
9	44175	2.82317965478	1
9	44480	2.842629485033	1
9	44797	2.862762922068	1
9	45106	2.882809310008	1
9	45419	2.902565919275	1
9	45732	2.922421521657	1
9	46049	2.942674801417	1
9	46354	2.96191990743	1
9	46675	2.982563947465	1
9	46990	3.002519215952	1
9	47295	3.021951170618	1
9	47608	3.041873414399	1
9	47925	3.062306871684	1
9	48242	3.08239078704	1
9	48551	3.102406557264	1
9	48864	3.12228677325	1
9	49173	3.14216831395	1
9	49486	3.16219752396	1
9	49799	3.182047870885	1
9	50112	3.201859593587	1
9	50425	3.222209191176	1
9	50742	3.242273518116	1
9	51057	3.262294821665	1
9	51370	3.282556445242	1
9	51683	3.302613351423	1
9	51996	3.322722265423	1
9	52309	3.34271286955	1
9	52622	3.36299886996	1
9	52939	3.383110432862	1
9	53252	3.403403517955	1
9	53573	3.423912856799	1
9	53886	3.443935940102	1
9	54195	3.463224927445	1
9	54500	3.482813781767	1
9	54819	3.502888276369	1
9	55136	3.523352830897	1
9	55453	3.543812819901	1
9	55770	3.563931885501	1
9	56075	3.583708256218	1
9	56388	3.603657343983	1
9	56701	3.623585130484	1
9	57014	3.643305834303	1
9	57327	3.663258532307	1
9	57640	3.683107741614	1
9	57953	3.703116478337	1
9	58266	3.722704585656	1
9	58579	3.743033977222	1
9	58894	3.763009509742	1
9	59207	3.783304929012	1
9	59520	3.803059773448	1
9	59825	3.822435470888	1
9	60138	3.842573931619	1
9	60459	3.862914598612	1
9	60772	3.883135198951	1
9	61085	3.90314790883	1
9	61394	3.92301365513	1
9	61707	3.942973633355	1
9	62020	3.962899847085	1
9	62329	3.982543284918	1
9	62644	4.002385942935	1
9	62957	4.022439524594	1
9	63270	4.042136265953	1
9	63583	4.062656397571	1
9	63896	4.082863587569	1
9	64213	4.102961966387	1
9	64530	4.123354596754	1
9	64839	4.143187753571	1
9	65156	4.163559859654	1
9	65469	4.183691841423	1
9	65786	4.203899965581	1
9	66099	4.224090957231	1
9	66412	4.244097579714	1
9	66727	4.264192411882	1
9	67040	4.283941080382	1
9	67353	4.303977818082	1
9	67666	4.323952139167	1
9	67979	4.344024477074	1
9	68296	4.364655152715	1
9	68613	4.384871174931	1
9	68930	4.404966793797	1
9	69235	4.424548633107	1
9	69548	4.444417639521	1
9	69869	4.464701935805	1
9	70182	4.484927021157	1
9	70493	4.504802551782	1
9	70810	4.524973348227	1
9	71123	4.544793834327	1
9	71436	4.564944834998	1
9	71749	4.584862014611	1
9	72062	4.60512551076	1
9	72375	4.625359671732	1
9	72688	4.645480272033	1
9	73001	4.665701482754	1
9	73314	4.685329917216	1
9	73627	4.705240518462	1
9	73940	4.725015099155	1
9	74253	4.745514024888	1
9	74568	4.765341139209	1
9	74881	4.785402457336	1
9	75194	4.805506301591	1
9	75503	4.825047181975	1
9	75812	4.844599911947	1
9	76125	4.864797427792	1
9	76438	4.884541091496	1
9	76751	4.90459017513	1
9	77064	4.924904519676	1
9	77381	4.945025750476	1
9	77694	4.96514157337	1
9	78011	4.985524403148	1
10	15682	1.003197271992	0
10	15995	1.023100263836	0
10	16300	1.042721761154	0
10	16617	1.062884952386	0
10	16926	1.082260996098	0
10	17239	1.102588164562	0
10	17548	1.122275041917	0
10	17865	1.142295020725	0
10	18178	1.162400936523	0
10	18491	1.182504171816	0
10	18800	1.202174840847	0
10	19117	1.222338558455	0
10	19430	1.242395780373	0
10	19749	1.262803580099	0
10	20054	1.282234698446	0
10	20371	1.302718086716	0
10	20688	1.32313263243	0
10	21001	1.342697422465	0
10	21314	1.362831377991	0
10	21627	1.382757967542	0
10	21940	1.402899175068	0
10	22253	1.422571315466	0
10	22562	1.442466115201	0
10	22875	1.462301828551	0
10	23196	1.482980398135	0
10	23507	1.502826796069	0
10	23824	1.523055389309	0
10	24137	1.543236518128	0
10	24446	1.562821366523	0
10	24755	1.58274953153	0
10	25068	1.602492342476	0
10	25381	1.622618148355	0
10	25690	1.642099190035	0
10	25999	1.66205696876	0
10	26320	1.682447860147	0
10	26633	1.702362592607	0
10	26946	1.722410440749	0
10	27259	1.742572349234	0
10	27574	1.76261208958	0
10	27883	1.782399437946	0
10	28200	1.802628336053	0
10	28513	1.822421427462	0
10	28826	1.842389134724	0
10	29135	1.862297568042	0
10	29452	1.882581717315	0
10	29765	1.902412404425	0
10	30078	1.922654641113	0
10	30391	1.942544240496	0
10	30700	1.962464614347	0
10	31017	1.982521975617	0
10	31332	2.002718269622	0
10	31645	2.022436915582	0
10	31962	2.043176579342	0
10	32271	2.06302569248	0
10	32584	2.082922005862	0
10	32897	2.103094401554	0
10	33210	2.123045503	0
10	33523	2.143147971431	0
10	33836	2.162987759478	0
10	34149	2.183083372202	0
10	34462	2.203157680199	0
10	34783	2.223440812374	0
10	35096	2.243461995549	0
10	35403	2.26306373479	0
10	35716	2.283040160882	0
10	36029	2.30322793022	0
10	36350	2.323613544239	0
10	36663	2.343750821819	0
10	36972	2.363308144746	0
10	37285	2.38346303163	0
10	37594	2.402911908142	0
10	37903	2.42260748725	0
10	38224	2.443148747235	0
10	38537	2.462786278666	0
10	38842	2.482438626467	0
10	39165	2.502839759501	0
10	39470	2.522175266126	0
10	39783	2.542284128	0
10	40096	2.562538419577	0
10	40409	2.582566592056	0
10	40722	2.602787503395	0
10	41043	2.623171192272	0
10	41356	2.643116363639	0
10	41669	2.663221810643	0
10	41974	2.682381596052	0
10	42287	2.702376515784	0
10	42604	2.722847933103	0
10	42917	2.742933108549	0
10	43236	2.763314202447	0
10	43545	2.782986679014	0
10	43862	2.803292607136	0
10	44175	2.82317965478	0
10	44480	2.842629485033	0
10	44797	2.862762922068	0
10	45106	2.882809310008	0
10	45419	2.902565919275	0
10	45732	2.922421521657	0
10	46049	2.942674801417	0
10	46354	2.96191990743	0
10	46675	2.982563947465	0
10	46990	3.002519215952	0
10	47295	3.021951170618	0
10	47608	3.041873414399	0
10	47925	3.062306871684	0
10	48242	3.08239078704	0
10	48551	3.102406557264	0
10	48864	3.12228677325	0
10	49173	3.14216831395	0
10	49486	3.16219752396	0
10	49799	3.182047870885	0
10	50112	3.201859593587	0
10	50425	3.222209191176	0
10	50742	3.242273518116	0
10	51057	3.262294821665	0
10	51370	3.282556445242	0
10	51683	3.302613351423	0
10	51996	3.322722265423	0
10	52309	3.34271286955	0
10	52622	3.36299886996	0
10	52939	3.383110432862	0
10	53252	3.403403517955	0
10	53573	3.423912856799	0
10	53886	3.443935940102	0
10	54195	3.463224927445	0
10	54500	3.482813781767	0
10	54819	3.502888276369	0
10	55136	3.523352830897	0
10	55453	3.543812819901	0
10	55770	3.563931885501	0
10	56075	3.583708256218	0
10	56388	3.603657343983	0
10	56701	3.623585130484	0
10	57014	3.643305834303	0
10	57327	3.663258532307	0
10	57640	3.683107741614	0
10	57953	3.703116478337	0
10	58266	3.722704585656	0
10	58579	3.743033977222	0
10	58894	3.763009509742	0
10	59207	3.783304929012	0
10	59520	3.803059773448	0
10	59825	3.822435470888	0
10	60138	3.842573931619	0
10	60459	3.862914598612	0
10	60772	3.883135198951	0
10	61085	3.90314790883	0
10	61394	3.92301365513	0
10	61707	3.942973633355	0
10	62020	3.962899847085	0
10	62329	3.982543284918	0
10	62644	4.002385942935	0
10	62957	4.022439524594	0
10	63270	4.042136265953	0
10	63583	4.062656397571	0
10	63896	4.082863587569	0
10	64213	4.102961966387	0
10	64530	4.123354596754	0
10	64839	4.143187753571	0
10	65156	4.163559859654	0
10	65469	4.183691841423	0
10	65786	4.203899965581	0
10	66099	4.224090957231	0
10	66412	4.244097579714	0
10	66727	4.264192411882	0
10	67040	4.283941080382	0
10	67353	4.303977818082	0
10	67666	4.323952139167	0
10	67979	4.344024477074	0
10	68296	4.364655152715	0
10	68613	4.384871174931	0
10	68930	4.404966793797	0
10	69235	4.424548633107	0
10	69548	4.444417639521	0
10	69869	4.464701935805	0
10	70182	4.484927021157	0
10	70493	4.504802551782	0
10	70810	4.524973348227	0
10	71123	4.544793834327	0
10	71436	4.564944834998	0
10	71749	4.584862014611	0
10	72062	4.60512551076	0
10	72375	4.625359671732	0
10	72688	4.645480272033	0
10	73001	4.665701482754	0
10	73314	4.685329917216	0
10	73627	4.705240518462	0
10	73940	4.725015099155	0
10	74253	4.745514024888	0
10	74568	4.765341139209	0
10	74881	4.785402457336	0
10	75194	4.805506301591	0
10	75503	4.825047181975	0
10	75812	4.844599911947	0
10	76125	4.864797427792	0
10	76438	4.884541091496	0
10	76751	4.90459017513	0
10	77064	4.924904519676	0
10	77381	4.945025750476	0
10	77694	4.96514157337	0
10	78011	4.985524403148	0
11	15682	1.003197271992	0.000155
11	15995	1.023100263836	0.000178
11	16300	1.042721761154	0.000111
11	16617	1.062884952386	0.000108
11	16926	1.082260996098	0.000103
11	17239	1.102588164562	0.00015
11	17548	1.122275041917	0.00011
11	17865	1.142295020725	0.000105
11	18178	1.162400936523	0.000108
11	18491	1.182504171816	0.00014
11	18800	1.202174840847	0.000169
11	19117	1.222338558455	0.000132
11	19430	1.242395780373	0.000118
11	19749	1.262803580099	0.000149
11	20054	1.282234698446	0.000128
11	20371	1.302718086716	0.00013
11	20688	1.32313263243	0.000104
11	21001	1.342697422465	0.000215
11	21314	1.362831377991	0.000357
11	21627	1.382757967542	0.0002
11	21940	1.402899175068	9.8e-05
11	22253	1.422571315466	9.9e-05
11	22562	1.442466115201	9.7e-05
11	22875	1.462301828551	0.000165
11	23196	1.482980398135	0.000133
11	23507	1.502826796069	0.000133
11	23824	1.523055389309	0.000154
11	24137	1.543236518128	0.00012
11	24446	1.562821366523	0.000101
11	24755	1.58274953153	9.9e-05
11	25068	1.602492342476	0.000151
11	25381	1.622618148355	0.000115
11	25690	1.642099190035	0.000101
11	25999	1.66205696876	0.000136
11	26320	1.682447860147	9.2e-05
11	26633	1.702362592607	0.000101
11	26946	1.722410440749	9e-05
11	27259	1.742572349234	9.9e-05
11	27574	1.76261208958	0.000168
11	27883	1.782399437946	0.000126
11	28200	1.802628336053	0.000177
11	28513	1.822421427462	0.00012
11	28826	1.842389134724	9.7e-05
11	29135	1.862297568042	9.1e-05
11	29452	1.882581717315	9.9e-05
11	29765	1.902412404425	0.000128
11	30078	1.922654641113	0.000111
11	30391	1.942544240496	0.000186
11	30700	1.962464614347	0.000174
11	31017	1.982521975617	0.000181
11	31332	2.002718269622	0.000141
11	31645	2.022436915582	0.00022
11	31962	2.043176579342	0.000159
11	32271	2.06302569248	0.0001
11	32584	2.082922005862	0.000108
11	32897	2.103094401554	0.000154
11	33210	2.123045503	0.000137
11	33523	2.143147971431	0.000113
11	33836	2.162987759478	0.000142
11	34149	2.183083372202	0.000123
11	34462	2.203157680199	0.000254
11	34783	2.223440812374	0.000194
11	35096	2.243461995549	0.000226
11	35403	2.26306373479	0.000168
11	35716	2.283040160882	0.00023
11	36029	2.30322793022	9.4e-05
11	36350	2.323613544239	0.000197
11	36663	2.343750821819	9e-05
11	36972	2.363308144746	0.0001
11	37285	2.38346303163	9e-05
11	37594	2.402911908142	9.6e-05
11	37903	2.42260748725	0.000103
11	38224	2.443148747235	0.000197
11	38537	2.462786278666	0.0001
11	38842	2.482438626467	9.6e-05
11	39165	2.502839759501	0.000116
11	39470	2.522175266126	0.00012
11	39783	2.542284128	0.000105
11	40096	2.562538419577	9.6e-05
11	40409	2.582566592056	9.7e-05
11	40722	2.602787503395	0.00011
11	41043	2.623171192272	9.9e-05
11	41356	2.643116363639	9.9e-05
11	41669	2.663221810643	9.9e-05
11	41974	2.682381596052	9.7e-05
11	42287	2.702376515784	9.5e-05
11	42604	2.722847933103	0.000119
11	42917	2.742933108549	0.000167
11	43236	2.763314202447	0.000134
11	43545	2.782986679014	0.000106
11	43862	2.803292607136	0.000143
11	44175	2.82317965478	9.5e-05
11	44480	2.842629485033	9.2e-05
11	44797	2.862762922068	9.6e-05
11	45106	2.882809310008	0.000377
11	45419	2.902565919275	0.000173
11	45732	2.922421521657	0.000108
11	46049	2.942674801417	9.4e-05
11	46354	2.96191990743	0.000105
11	46675	2.982563947465	8.6e-05
11	46990	3.002519215952	0.000106
11	47295	3.021951170618	0.000108
11	47608	3.041873414399	8.7e-05
11	47925	3.062306871684	0.000302
11	48242	3.08239078704	9.1e-05
11	48551	3.102406557264	9.1e-05
11	48864	3.12228677325	0.000246
11	49173	3.14216831395	9.6e-05
11	49486	3.16219752396	0.000211
11	49799	3.182047870885	9.8e-05
11	50112	3.201859593587	9.4e-05
11	50425	3.222209191176	8.9e-05
11	50742	3.242273518116	0.0001
11	51057	3.262294821665	0.000136
11	51370	3.282556445242	9.5e-05
11	51683	3.302613351423	9.2e-05
11	51996	3.322722265423	9.7e-05
11	52309	3.34271286955	9.7e-05
11	52622	3.36299886996	9.7e-05
11	52939	3.383110432862	9.6e-05
11	53252	3.403403517955	0.000225
11	53573	3.423912856799	9.1e-05
11	53886	3.443935940102	9.6e-05
11	54195	3.463224927445	9.9e-05
11	54500	3.482813781767	9.9e-05
11	54819	3.502888276369	0.000123
11	55136	3.523352830897	8.6e-05
11	55453	3.543812819901	9.9e-05
11	55770	3.563931885501	9.3e-05
11	56075	3.583708256218	9.7e-05
11	56388	3.603657343983	0.000186
11	56701	3.623585130484	0.000183
11	57014	3.643305834303	0.000119
11	57327	3.663258532307	9.7e-05
11	57640	3.683107741614	8.8e-05
11	57953	3.703116478337	0.000127
11	58266	3.722704585656	0.000108
11	58579	3.743033977222	9.5e-05
11	58894	3.763009509742	0.000177
11	59207	3.783304929012	0.000118
11	59520	3.803059773448	0.0001
11	59825	3.822435470888	0.000146
11	60138	3.842573931619	0.000113
11	60459	3.862914598612	0.000191
11	60772	3.883135198951	9.7e-05
11	61085	3.90314790883	9.2e-05
11	61394	3.92301365513	9.3e-05
11	61707	3.942973633355	0.000107
11	62020	3.962899847085	0.000211
11	62329	3.982543284918	9.6e-05
11	62644	4.002385942935	0.000118
11	62957	4.022439524594	0.000103
11	63270	4.042136265953	0.000196
11	63583	4.062656397571	0.000143
11	63896	4.082863587569	9.7e-05
11	64213	4.102961966387	9.8e-05
11	64530	4.123354596754	0.000278
11	64839	4.143187753571	0.000122
11	65156	4.163559859654	9.7e-05
11	65469	4.183691841423	9.7e-05
11	65786	4.203899965581	0.000104
11	66099	4.224090957231	0.000165
11	66412	4.244097579714	0.000116
11	66727	4.264192411882	0.000145
11	67040	4.283941080382	0.000121
11	67353	4.303977818082	0.000147
11	67666	4.323952139167	0.000139
11	67979	4.344024477074	0.000215
11	68296	4.364655152715	8.5e-05
11	68613	4.384871174931	0.000237
11	68930	4.404966793797	0.000177
11	69235	4.424548633107	0.000107
11	69548	4.444417639521	8.8e-05
11	69869	4.464701935805	0.000114
11	70182	4.484927021157	0.000202
11	70493	4.504802551782	0.000144
11	70810	4.524973348227	0.000101
11	71123	4.544793834327	0.000102
11	71436	4.564944834998	0.000208
11	71749	4.584862014611	0.000149
11	72062	4.60512551076	9.7e-05
11	72375	4.625359671732	8.9e-05
11	72688	4.645480272033	8.3e-05
11	73001	4.665701482754	0.000163
11	73314	4.685329917216	0.000105
11	73627	4.705240518462	9.7e-05
11	73940	4.725015099155	9.1e-05
11	74253	4.745514024888	9.7e-05
11	74568	4.765341139209	0.000187
11	74881	4.785402457336	0.000118
11	75194	4.805506301591	0.000109
11	75503	4.825047181975	0.000197
11	75812	4.844599911947	0.000156
11	76125	4.864797427792	0.000105
11	76438	4.884541091496	0.000135
11	76751	4.90459017513	9.3e-05
11	77064	4.924904519676	0.00021
11	77381	4.945025750476	9.5e-05
11	77694	4.96514157337	0.000224
11	78011	4.985524403148	0.000221
12	15637	1	1
12	19549	1.25	1
12	23462	1.5	1
12	27375	1.75	1
12	31284	2	1
12	35194	2.25	1
12	39117	2.5	1
12	43030	2.75	1
12	46942	3	1
12	50865	3.25	1
12	54775	3.5	1
12	58688	3.75	1
12	62600	4	1
12	66501	4.25	1
12	70419	4.5	1
12	74324	4.75	1
12	78239	5	1
13	15637	1	12
13	19549	1.25	13
13	23462	1.5	12
13	27375	1.75	13
13	31284	2	12
13	35194	2.25	13
13	39117	2.5	12
13	43030	2.75	13
13	46942	3	12
13	50865	3.25	13
13	54775	3.5	12
13	58688	3.75	13
13	62600	4	12
13	66501	4.25	13
13	70419	4.5	12
13	74324	4.75	13
13	78239	5	12
14	15637	1	56.847452911
14	19549	1.25	67.495968184
14	23462	1.5	197.282043284
14	27375	1.75	47.637508393
14	31284	2	17.478205383
14	35194	2.25	126.954634
14	39117	2.5	176.386652761
14	43030	2.75	207.715977
14	46942	3	38.08019757
14	50865	3.25	67.952227115
14	54775	3.5	96.596707045
14	58688	3.75	186.068207499
14	62600	4	17.456811082
14	66501	4.25	126.645681246
14	70419	4.5	135.344932285
14	74324	4.75	185.055373002
14	78239	5	14.475817852
15	15638	1	1
15	19550	1.25	1
15	23463	1.5	1
15	27376	1.75	1
15	31285	2	1
15	35195	2.25	1
15	39118	2.5	1
15	43031	2.75	1
15	46943	3	1
15	50866	3.25	1
15	54776	3.5	1
15	58689	3.75	1
15	62601	4	1
15	66502	4.25	1
15	70420	4.5	1
15	74325	4.75	1
15	78240	5	1
16	15638	1	56.847452911
16	19550	1.25	67.495968184
16	23463	1.5	197.282043284
16	27376	1.75	47.637508393
16	31285	2	17.478205383
16	35195	2.25	126.954634
16	39118	2.5	176.386652761
16	43031	2.75	207.715977
16	46943	3	38.08019757
16	50866	3.25	67.952227115
16	54776	3.5	96.596707045
16	58689	3.75	186.068207499
16	62601	4	17.456811082
16	66502	4.25	126.645681246
16	70420	4.5	135.344932285
16	74325	4.75	185.055373002
16	78240	5	14.475817852

