version 3
run General-1-20260506-06:02:51-429
attr configname General
attr datetime 20260506-06:02:51
attr datetimef 20260506-060251
attr experiment General
attr inifile omnetpp.ini
attr iterationvars ""
attr iterationvarsd ""
attr iterationvarsf ""
attr measurement ""
attr network dpcrids.AutomotiveNetwork
attr processid 429
attr repetition 1
attr replication #1
attr resultdir results
attr runnumber 1
attr seedset 1
config sim-time-limit 5s
config network dpcrids.AutomotiveNetwork
config sim-time-limit 30s
config warmup-period 1s
config repeat 5
config seed-set 1
config *.numSensorECUs 5
config *.numAdasECUs 2
config *.enableDos false
config *.enableFuzzy false
config *.enableSpoof false
config *.sensor[*].sendInterval 2ms
config *.sensor[*].numCanIds 10
config *.sensor[*].payloadLength 8
config *.adas[*].sendInterval 1ms
config *.adas[*].payloadLength 512
config *.gateway.canExpert.onnxModelPath "\"models/can_student.onnx\""
config *.gateway.canExpert.normalizationPath "\"models/can_normalization.json\""
config *.gateway.canExpert.temperature 0.95
config *.gateway.canExpert.windowSize 100
config *.gateway.canExpert.stride 50
config *.gateway.ethExpert.onnxModelPath "\"models/eth_student.onnx\""
config *.gateway.ethExpert.temperature 0.5
config *.gateway.fusion.onnxModelPath "\"models/fusion_student.onnx\""
config *.gateway.fusion.temperature 1.1
config *.gateway.fusion.bucketMs 250
config *.gateway.router.tauLow 0.15
config *.gateway.router.tauHigh 0.85
config *.gateway.router.fallbackUncertaintyLow 0.3
config *.gateway.router.fallbackUncertaintyHigh 0.7
config *.gateway.aggregator.bucketMs 250
config *.gateway.aggregator.failOpen true
config *.alertSink.logFile "\"results/ids_alerts_general.csv\""
config output-vector-file results/General-1.vec
config output-scalar-file results/General-1.sca
config eventlog-file results/General-1.elog

vector 0 AutomotiveNetwork.gateway.canExpert canLogit:vector ETV
attr recordingmode vector
vector 1 AutomotiveNetwork.gateway.canExpert canCalProb:vector ETV
attr recordingmode vector
vector 2 AutomotiveNetwork.gateway.canExpert canInferenceMs:vector ETV
attr recordingmode vector
vector 3 AutomotiveNetwork.gateway.ethExpert ethLogit:vector ETV
attr recordingmode vector
vector 4 AutomotiveNetwork.gateway.ethExpert ethCalProb:vector ETV
attr recordingmode vector
vector 5 AutomotiveNetwork.gateway.ethExpert ethInferenceMs:vector ETV
attr recordingmode vector
vector 6 AutomotiveNetwork.gateway.fusion fusionLogit:vector ETV
attr recordingmode vector
vector 7 AutomotiveNetwork.gateway.fusion fusionCalProb:vector ETV
attr recordingmode vector
vector 8 AutomotiveNetwork.gateway.fusion fusionInferenceMs:vector ETV
attr recordingmode vector
vector 9 AutomotiveNetwork.gateway.router routeDecision:vector ETV
attr recordingmode vector
vector 10 AutomotiveNetwork.gateway.router routePath:vector ETV
attr recordingmode vector
vector 11 AutomotiveNetwork.gateway.router routingLatencyMs:vector ETV
attr recordingmode vector
vector 12 AutomotiveNetwork.gateway.aggregator aggregatedDecision:vector ETV
attr recordingmode vector
vector 13 AutomotiveNetwork.gateway.aggregator bucketSize:vector ETV
attr recordingmode vector
vector 14 AutomotiveNetwork.gateway.aggregator endToEndLatencyMs:vector ETV
attr recordingmode vector
vector 15 AutomotiveNetwork.alertSink alertDecision:vector ETV
attr recordingmode vector
vector 16 AutomotiveNetwork.alertSink alertLatencyMs:vector ETV
attr recordingmode vector
0	15652	1.001023704975	10.468762397766
0	15969	1.021107383093	10.399914741516
0	16286	1.041179520344	9.9062623977661
0	16599	1.061269674992	9.7727584838867
0	16912	1.081281472152	10.027185440063
0	17217	1.101073235391	10.13667678833
0	17538	1.121501246443	9.9450073242188
0	17847	1.141248637486	10.376047134399
0	18164	1.161362724718	9.892578125
0	18473	1.181089154126	10.207181930542
0	18790	1.201189024862	9.8163585662842
0	19103	1.22133659922	9.4514818191528
0	19416	1.241389003576	9.9764862060547
0	19731	1.261085206864	10.252851486206
0	20044	1.281198016541	10.058235168457
0	20357	1.301091859938	10.232600212097
0	20670	1.321132340884	10.245523452759
0	20983	1.341053346012	9.7957057952881
0	21288	1.360661038285	10.12687587738
0	21609	1.38120970767	10.086000442505
0	21922	1.400894390821	10.100014686584
0	22235	1.420711168625	10.394451141357
0	22540	1.440374143327	10.019746780396
0	22853	1.46032138158	10.031803131104
0	23170	1.480543315966	9.8698301315308
0	23481	1.50046193133	9.8039855957031
0	23802	1.520861700064	9.7113256454468
0	24115	1.540785974074	9.756178855896
0	24428	1.560782079157	9.6797733306885
0	24741	1.580613862567	9.7637815475464
0	25054	1.600875709928	9.7899026870728
0	25367	1.620890016665	9.7778005599976
0	25680	1.640787706895	9.8994607925415
0	25993	1.660666101437	9.8416433334351
0	26302	1.680417877513	10.179835319519
0	26615	1.700423507739	10.117453575134
0	26932	1.72055053899	10.035672187805
0	27245	1.74076841611	9.2836265563965
0	27560	1.760252355454	9.8958730697632
0	27873	1.780122832554	9.9511308670044
0	28182	1.799871265293	9.6799154281616
0	28495	1.819989968629	9.5773143768311
0	28808	1.839933786406	10.06157875061
0	29121	1.860113817538	9.517650604248
0	29434	1.87984172147	9.9561500549316
0	29747	1.899846732888	9.9763212203979
0	30060	1.920196656781	9.6095542907715
0	30373	1.939963011333	9.5734119415283
0	30686	1.96002034337	9.8820791244507
0	30999	1.979791191482	9.7986907958984
0	31308	1.999400500689	9.86745262146
0	31623	2.019537595698	9.5726184844971
0	31936	2.039238299706	9.2854537963867
0	32249	2.059100075031	9.9014148712158
0	32562	2.079151305883	9.5307064056396
0	32875	2.098981409895	9.5459842681885
0	33180	2.118191704737	9.8027267456055
0	33493	2.138181817125	9.7629985809326
0	33806	2.158154469347	9.8687038421631
0	34127	2.178860596525	9.5632400512695
0	34440	2.199295384049	9.5861053466797
0	34753	2.219501054928	8.8648529052734
0	35066	2.238949118816	9.4386186599731
0	35381	2.258982355637	9.4029684066772
0	35694	2.279400837844	9.1684045791626
0	36007	2.299102348441	9.3197050094604
0	36320	2.31899461867	9.6928606033325
0	36625	2.338404192536	9.330304145813
0	36942	2.358479450669	9.4746122360229
0	37255	2.378502055314	9.6118516921997
0	37564	2.398341318251	9.0394792556763
0	37877	2.418284043434	9.3140172958374
0	38190	2.438376304587	8.8097991943359
0	38503	2.458351849488	9.0013771057129
0	38816	2.478170251209	9.3489942550659
0	39125	2.497971726648	9.3593397140503
0	39440	2.518072956389	9.3557567596436
0	39757	2.538177126258	9.3527479171753
0	40074	2.558590105393	9.2893438339233
0	40379	2.57810202664	9.5096759796143
0	40696	2.5981649711	9.5420866012573
0	41009	2.618678652698	8.8152675628662
0	41326	2.638747751774	8.7301893234253
0	41635	2.658692308326	8.8443031311035
0	41948	2.678293420514	9.0342178344727
0	42257	2.698223804864	9.4404993057251
0	42570	2.718183151124	9.1497850418091
0	42883	2.738018698109	9.1178255081177
0	43198	2.75798999646	9.3476724624634
0	43507	2.777842822688	9.1919450759888
0	43816	2.797506785962	9.775071144104
0	44129	2.817460846725	9.4297428131104
0	44442	2.837337893494	9.6150703430176
0	44755	2.857282369902	9.3139190673828
0	45068	2.877607742837	9.2837772369385
0	45385	2.897736985758	9.4732217788696
0	45702	2.917779326813	8.7690467834473
0	46007	2.937533897598	9.1744689941406
0	46324	2.957899383021	8.7147617340088
0	46633	2.977531618505	8.8480844497681
0	46950	2.997538556737	9.0111637115479
0	47269	3.017903456206	8.5972814559937
0	47582	3.038235970561	8.6126022338867
0	47891	3.058256640378	8.553370475769
0	48204	3.077769537328	9.3525085449219
0	48517	3.097918435044	8.9722328186035
0	48834	3.118488772903	8.3331995010376
0	49147	3.138149874722	8.5830993652344
0	49456	3.158026574454	9.2262887954712
0	49769	3.178298572748	8.8296117782593
0	50082	3.198088579555	8.9063453674316
0	50399	3.218381578203	8.4913139343262
0	50708	3.238000110581	8.9068050384521
0	51027	3.258185460951	9.0677003860474
0	51340	3.278267419278	9.0520429611206
0	51653	3.298216545698	9.037425994873
0	51966	3.318143028571	9.2581987380981
0	52275	3.3379971009	9.009575843811
0	52588	3.357918123389	8.6793785095215
0	52905	3.378010605884	8.8849191665649
0	53218	3.398111783888	8.5757713317871
0	53531	3.417984904958	8.7303552627563
0	53840	3.437926817001	8.9618253707886
0	54157	3.458204482399	8.706958770752
0	54466	3.477905118652	9.2608623504639
0	54787	3.498406856085	8.8323192596436
0	55094	3.518127066241	8.8178987503052
0	55407	3.537920699128	9.1416177749634
0	55724	3.55825785239	8.7920799255371
0	56037	3.578567636419	8.6512508392334
0	56350	3.598437763599	8.4792623519897
0	56671	3.61879263256	8.4092054367065
0	56976	3.638287301807	9.2200078964233
0	57289	3.658295341773	8.8899488449097
0	57602	3.678331876474	9.2936754226685
0	57915	3.69848464064	8.8330411911011
0	58232	3.718653874962	8.5159406661987
0	58549	3.739071366556	8.5559921264648
0	58864	3.759037313705	8.5027809143066
0	59177	3.779030505226	8.532922744751
0	59490	3.799248127681	8.6163272857666
0	59803	3.818961316153	8.6455965042114
0	60120	3.839390364387	8.6445083618164
0	60437	3.859578287295	8.6260089874268
0	60746	3.879289255546	9.0411558151245
0	61055	3.898927973146	9.1165618896484
0	61368	3.918794433136	8.652419090271
0	61681	3.938529394834	8.766206741333
0	61994	3.958317129859	8.9283752441406
0	62307	3.978321817318	8.6906042098999
0	62612	3.99804374873	8.3173246383667
0	62927	4.018008613697	8.9089574813843
0	63240	4.037592189704	8.8813571929932
0	63561	4.058388246716	8.5061731338501
0	63874	4.078827670433	8.1714811325073
0	64191	4.099290636659	8.2712154388428
0	64500	4.118850780586	8.2160615921021
0	64817	4.139285504279	8.6313505172729
0	65122	4.158849661143	8.4645662307739
0	65443	4.179047785705	8.4005441665649
0	65756	4.199205923998	8.5152559280396
0	66069	4.219019081211	8.4119300842285
0	66374	4.238549600558	8.8974504470825
0	66693	4.258743258407	8.7909526824951
0	67002	4.278608025983	8.7712030410767
0	67323	4.299015267507	8.3623447418213
0	67628	4.317972325027	8.7931652069092
0	67941	4.338273065634	9.2578954696655
0	68254	4.358239550713	8.6652307510376
0	68563	4.377891307221	9.241907119751
0	68876	4.397795877701	8.9088077545166
0	69189	4.417546720615	9.0453777313232
0	69502	4.437745819992	8.6205167770386
0	69815	4.457858080169	8.6163454055786
0	70128	4.477650946049	8.3507251739502
0	70441	4.497770609057	8.8904724121094
0	70756	4.517536324558	9.0908031463623
0	71069	4.537669964415	8.8801116943359
0	71378	4.557433666763	8.9272603988647
0	71699	4.578111228917	8.8451471328735
0	72008	4.597750872605	8.5650548934937
0	72321	4.617967299515	8.9635982513428
0	72638	4.638392019387	8.7422618865967
0	72955	4.658715720988	8.5138902664185
0	73264	4.678359226032	8.9663848876953
0	73581	4.698532112056	8.5639085769653
0	73890	4.718340679923	8.7312669754028
0	74199	4.737908011855	8.2704038619995
0	74514	4.757863116042	9.0150489807129
0	74827	4.777547340922	9.0836210250854
0	75144	4.798145203569	8.8258438110352
0	75457	4.818092113604	8.1643047332764
0	75770	4.838450231825	7.8290677070618
0	76083	4.858286375027	8.1178750991821
0	76396	4.878167330458	8.4135866165161
0	76709	4.898199654447	8.2341613769531
0	77022	4.91820191676	8.3300008773804
0	77335	4.938242892397	7.9688220024109
0	77648	4.957934417149	8.339732170105
0	77961	4.977941806979	8.6698560714722
0	78270	4.997458844215	8.8345527648926
1	15652	1.001023704975	0.99998362518816
1	15969	1.021107383093	0.99998239444853
1	16286	1.041179520344	0.99997039816578
1	16599	1.061269674992	0.99996593187162
1	16912	1.081281472152	0.99997393606778
1	17217	1.101073235391	0.99997677332882
1	17538	1.121501246443	0.99997158112957
1	17847	1.141248637486	0.99998194653513
1	18164	1.161362724718	0.99996996869329
1	18473	1.181089154126	0.9999784346694
1	18790	1.201189024862	0.99996746003584
1	19103	1.22133659922	0.99995222346833
1	19416	1.241389003576	0.99997250735161
1	19731	1.261085206864	0.99997944683886
1	20044	1.281198016541	0.99997477414741
1	20357	1.301091859938	0.99997900401049
1	20670	1.321132340884	0.99997928768779
1	20983	1.341053346012	0.99996674490315
1	21288	1.360661038285	0.99997653247042
1	21609	1.38120970767	0.99997550072593
1	21922	1.400894390821	0.99997585947387
1	22235	1.420711168625	0.9999822929063
1	22540	1.440374143327	0.99997373118709
1	22853	1.46032138158	0.99997406244676
1	23170	1.480543315966	0.9999692409296
1	23481	1.50046193133	0.99996703347168
1	23802	1.520861700064	0.99996365610768
1	24115	1.540785974074	0.9999653321087
1	24428	1.560782079157	0.99996242879618
1	24741	1.580613862567	0.99996560843335
1	25054	1.600875709928	0.99996654114834
1	25367	1.620890016665	0.99996611220136
1	25680	1.640787706895	0.99997018547478
1	25993	1.660666101437	0.99996831465375
1	26302	1.680417877513	0.99997780488462
1	26615	1.700423507739	0.99997629856193
1	26932	1.72055053899	0.99997416786487
1	27245	1.74076841611	0.99994299066271
1	27560	1.760252355454	0.99997007266922
1	27873	1.780122832554	0.99997176371863
1	28182	1.799871265293	0.99996243441531
1	28495	1.819989968629	0.99995815027806
1	28808	1.839933786406	0.99997486277303
1	29121	1.860113817538	0.99995543778016
1	29434	1.87984172147	0.99997191250337
1	29747	1.899846732888	0.99997250257671
1	30060	1.920196656781	0.99995954663627
1	30373	1.939963011333	0.99995797802032
1	30686	1.96002034337	0.9999696349693
1	30999	1.979791191482	0.99996684922674
1	31308	1.999400500689	0.99996916385662
1	31623	2.019537595698	0.99995794290962
1	31936	2.039238299706	0.99994310020345
1	32249	2.059100075031	0.99997024673617
1	32562	2.079151305883	0.99995604598074
1	32875	2.098981409895	0.99995674716366
1	33180	2.118191704737	0.99996698976005
1	33493	2.138181817125	0.99996558007796
1	33806	2.158154469347	0.99996920444214
1	34127	2.178860596525	0.99995752568214
1	34440	2.199295384049	0.99995853573857
1	34753	2.219501054928	0.99991141187183
1	35066	2.238949118816	0.99995157219821
1	35381	2.258982355637	0.99994972043177
1	35694	2.279400837844	0.99993563989155
1	36007	2.299102348441	0.99994511501181
1	36320	2.31899461867	0.99996294281209
1	36625	2.338404192536	0.99994572392645
1	36942	2.358479450669	0.99995337262143
1	37255	2.378502055314	0.9999596443432
1	37564	2.398341318251	0.99992628579516
1	37877	2.418284043434	0.99994478544426
1	38190	2.438376304587	0.99990612690243
1	38503	2.458351849488	0.99992326944272
1	38816	2.478170251209	0.9999467812513
1	39125	2.497971726648	0.99994735762662
1	39440	2.518072956389	0.99994715871991
1	39757	2.538177126258	0.99994699110445
1	40074	2.558590105393	0.99994333270584
1	40379	2.57810202664	0.9999550621521
1	40696	2.5981649711	0.99995656934879
1	41009	2.618678652698	0.99990666565015
1	41326	2.638747751774	0.99989792217598
1	41635	2.658692308326	0.99990947489105
1	41948	2.678293420514	0.9999258764387
1	42257	2.698223804864	0.99995166796774
1	42570	2.718183151124	0.99993436610554
1	42883	2.738018698109	0.99993212066693
1	43198	2.75798999646	0.99994670715724
1	43507	2.777842822688	0.99993721500498
1	43816	2.797506785962	0.99996601470268
1	44129	2.817460846725	0.99995111763938
1	44442	2.837337893494	0.99995978083348
1	44755	2.857282369902	0.99994477973519
1	45068	2.877607742837	0.99994299970379
1	45385	2.897736985758	0.999953304329
1	45702	2.917779326813	0.99990201278564
1	46007	2.937533897598	0.99993604940565
1	46324	2.957899383021	0.99989625111631
1	46633	2.977531618505	0.99990983446278
1	46950	2.997538556737	0.99992405577988
1	47269	3.017903456206	0.99988259573998
1	47582	3.038235970561	0.99988447373153
1	47891	3.058256640378	0.99987704238241
1	48204	3.077769537328	0.99994697774678
1	48517	3.097918435044	0.99992087919707
1	48834	3.118488772903	0.99984497807236
1	49147	3.138149874722	0.99988083013123
1	49456	3.158026574454	0.99993944409078
1	49769	3.178298572748	0.99990806420708
1	50082	3.198088579555	0.99991519747103
1	50399	3.218381578203	0.99986874341144
1	50708	3.238000110581	0.99991523849054
1	51027	3.258185460951	0.99992844322262
1	51340	3.278267419278	0.99992725417365
1	51653	3.298216545698	0.99992612631413
1	51966	3.318143028571	0.99994144422935
1	52275	3.3379971009	0.99992392874722
1	52588	3.357918123389	0.99989231449784
1	52905	3.378010605884	0.99991326327975
1	53218	3.398111783888	0.9998799074446
1	53531	3.417984904958	0.99989794000285
1	53840	3.437926817001	0.99992000771663
1	54157	3.458204482399	0.99989539554
1	54466	3.477905118652	0.99994160816864
1	54787	3.498406856085	0.99990832582529
1	55094	3.518127066241	0.9999069237739
1	55407	3.537920699128	0.99993379944791
1	55724	3.55825785239	0.99990435973256
1	56037	3.578567636419	0.99988907882656
1	56350	3.598437763599	0.99986706792291
1	56671	3.61879263256	0.99985689591293
1	56976	3.638287301807	0.99993904242511
1	57289	3.658295341773	0.99991372124548
1	57602	3.678331876474	0.99994359048147
1	57915	3.69848464064	0.99990839545821
1	58232	3.718653874962	0.99987210180679
1	58549	3.739071366556	0.99987738119091
1	58864	3.759037313705	0.99987031801706
1	59177	3.779030505226	0.99987436750035
1	59490	3.799248127681	0.99988492578344
1	59803	3.818961316153	0.99988841673658
1	60120	3.839390364387	0.99988828886872
1	60437	3.859578287295	0.9998860924467
1	60746	3.879289255546	0.99992641576166
1	61055	3.898927973146	0.99993203032502
1	61368	3.918794433136	0.99988921513159
1	61681	3.938529394834	0.99990171944163
1	61994	3.958317129859	0.99991714119911
1	62307	3.978321817318	0.99989357934328
1	62612	3.99804374873	0.99984236624356
1	62927	4.018008613697	0.99991543030356
1	63240	4.037592189704	0.99991293748304
1	63561	4.058388246716	0.99987078019448
1	63874	4.078827670433	0.99981621480282
1	64191	4.099290636659	0.99983452791581
1	64500	4.118850780586	0.99982463854609
1	64817	4.139285504279	0.99988673104095
1	65122	4.158849661143	0.99986499580824
1	65443	4.179047785705	0.99985558543848
1	65756	4.199205923998	0.99987200959928
1	66069	4.219019081211	0.99985730569612
1	66374	4.238549600558	0.99991439979814
1	66693	4.258743258407	0.99990424619205
1	67002	4.278608025983	0.99990223491769
1	67323	4.299015267507	0.99984966110308
1	67628	4.317972325027	0.99990446891933
1	67941	4.338273065634	0.9999414255347
1	68254	4.358239550713	0.9998906989804
1	68563	4.377891307221	0.99994043145277
1	68876	4.397795877701	0.99991541697485
1	69189	4.417546720615	0.99992674202953
1	69502	4.437745819992	0.99988543208433
1	69815	4.457858080169	0.99988492797803
1	70128	4.477650946049	0.99984781127958
1	70441	4.497770609057	0.99991376877852
1	70756	4.517536324558	0.99993016228119
1	71069	4.537669964415	0.99991282327472
1	71378	4.557433666763	0.99991704391353
1	71699	4.578111228917	0.99990955527265
1	72008	4.597750872605	0.999878545241
1	72321	4.617967299515	0.99992015684632
1	72638	4.638392019387	0.99989921103951
1	72955	4.658715720988	0.99987182549944
1	73264	4.678359226032	0.99992039068858
1	73581	4.698532112056	0.99987839861712
1	73890	4.718340679923	0.99989803789261
1	74199	4.737908011855	0.99983438651745
1	74514	4.757863116042	0.99992436571558
1	74827	4.777547340922	0.99992963233557
1	75144	4.798145203569	0.9999076988735
1	75457	4.818092113604	0.99981482147127
1	75770	4.838450231825	0.99973648162426
1	76083	4.858286375027	0.99980554818319
1	76396	4.878167330458	0.99985755426256
1	76709	4.898199654447	0.99982794740774
1	77022	4.91820191676	0.99984445531946
1	77335	4.938242892397	0.99977252294679
1	77648	4.957934417149	0.99984604025931
1	77961	4.977941806979	0.99989122978953
1	78270	4.997458844215	0.99990854108376
2	15652	1.001023704975	0.088602
2	15969	1.021107383093	0.098017
2	16286	1.041179520344	0.091189
2	16599	1.061269674992	0.096157
2	16912	1.081281472152	0.087401
2	17217	1.101073235391	0.087286
2	17538	1.121501246443	0.089526
2	17847	1.141248637486	0.082684
2	18164	1.161362724718	0.100758
2	18473	1.181089154126	0.088014
2	18790	1.201189024862	0.088224
2	19103	1.22133659922	0.086519
2	19416	1.241389003576	0.090085
2	19731	1.261085206864	0.093256
2	20044	1.281198016541	0.087658
2	20357	1.301091859938	0.085452
2	20670	1.321132340884	0.086085
2	20983	1.341053346012	0.0858
2	21288	1.360661038285	0.088604
2	21609	1.38120970767	0.086827
2	21922	1.400894390821	0.087619
2	22235	1.420711168625	0.09743
2	22540	1.440374143327	0.086358
2	22853	1.46032138158	0.088654
2	23170	1.480543315966	0.091919
2	23481	1.50046193133	0.093101
2	23802	1.520861700064	0.089285
2	24115	1.540785974074	0.088202
2	24428	1.560782079157	0.085934
2	24741	1.580613862567	0.086672
2	25054	1.600875709928	0.087329
2	25367	1.620890016665	0.085772
2	25680	1.640787706895	0.086624
2	25993	1.660666101437	0.085676
2	26302	1.680417877513	0.091852
2	26615	1.700423507739	0.087815
2	26932	1.72055053899	0.094521
2	27245	1.74076841611	0.087559
2	27560	1.760252355454	0.095552
2	27873	1.780122832554	0.107267
2	28182	1.799871265293	0.089991
2	28495	1.819989968629	0.095009
2	28808	1.839933786406	0.087958
2	29121	1.860113817538	0.169486
2	29434	1.87984172147	0.08833
2	29747	1.899846732888	0.08772
2	30060	1.920196656781	0.088657
2	30373	1.939963011333	0.094328
2	30686	1.96002034337	0.098488
2	30999	1.979791191482	0.143333
2	31308	1.999400500689	0.099233
2	31623	2.019537595698	0.091646
2	31936	2.039238299706	0.08844
2	32249	2.059100075031	0.096282
2	32562	2.079151305883	0.087661
2	32875	2.098981409895	0.092092
2	33180	2.118191704737	0.087387
2	33493	2.138181817125	0.236977
2	33806	2.158154469347	0.150496
2	34127	2.178860596525	0.090366
2	34440	2.199295384049	0.095801
2	34753	2.219501054928	0.114694
2	35066	2.238949118816	0.103344
2	35381	2.258982355637	0.111994
2	35694	2.279400837844	0.09683
2	36007	2.299102348441	0.08998
2	36320	2.31899461867	0.092393
2	36625	2.338404192536	0.092295
2	36942	2.358479450669	0.091962
2	37255	2.378502055314	0.09146
2	37564	2.398341318251	0.094059
2	37877	2.418284043434	0.094884
2	38190	2.438376304587	0.091429
2	38503	2.458351849488	0.092639
2	38816	2.478170251209	0.089548
2	39125	2.497971726648	0.096304
2	39440	2.518072956389	0.090524
2	39757	2.538177126258	0.08997
2	40074	2.558590105393	0.088052
2	40379	2.57810202664	0.087189
2	40696	2.5981649711	0.119032
2	41009	2.618678652698	0.094784
2	41326	2.638747751774	0.086868
2	41635	2.658692308326	0.087314
2	41948	2.678293420514	0.086621
2	42257	2.698223804864	0.091236
2	42570	2.718183151124	0.088083
2	42883	2.738018698109	0.096818
2	43198	2.75798999646	0.093429
2	43507	2.777842822688	0.089331
2	43816	2.797506785962	0.097373
2	44129	2.817460846725	0.086969
2	44442	2.837337893494	0.086447
2	44755	2.857282369902	0.08974
2	45068	2.877607742837	0.088221
2	45385	2.897736985758	0.096528
2	45702	2.917779326813	0.095923
2	46007	2.937533897598	0.09108
2	46324	2.957899383021	0.090011
2	46633	2.977531618505	0.099306
2	46950	2.997538556737	0.08652
2	47269	3.017903456206	0.091034
2	47582	3.038235970561	0.086974
2	47891	3.058256640378	0.089963
2	48204	3.077769537328	0.092866
2	48517	3.097918435044	0.08687
2	48834	3.118488772903	0.090701
2	49147	3.138149874722	0.095317
2	49456	3.158026574454	0.250359
2	49769	3.178298572748	0.125062
2	50082	3.198088579555	0.10782
2	50399	3.218381578203	0.090628
2	50708	3.238000110581	0.091837
2	51027	3.258185460951	0.102317
2	51340	3.278267419278	0.099271
2	51653	3.298216545698	0.097937
2	51966	3.318143028571	0.087892
2	52275	3.3379971009	0.094862
2	52588	3.357918123389	0.094504
2	52905	3.378010605884	0.089411
2	53218	3.398111783888	0.087332
2	53531	3.417984904958	0.103353
2	53840	3.437926817001	0.091047
2	54157	3.458204482399	0.087495
2	54466	3.477905118652	0.089465
2	54787	3.498406856085	0.087397
2	55094	3.518127066241	0.09011
2	55407	3.537920699128	0.105031
2	55724	3.55825785239	0.088574
2	56037	3.578567636419	0.089572
2	56350	3.598437763599	0.087613
2	56671	3.61879263256	0.090726
2	56976	3.638287301807	0.088135
2	57289	3.658295341773	0.08715
2	57602	3.678331876474	0.087402
2	57915	3.69848464064	0.087182
2	58232	3.718653874962	0.1012
2	58549	3.739071366556	0.0993
2	58864	3.759037313705	0.09327
2	59177	3.779030505226	0.092481
2	59490	3.799248127681	0.090096
2	59803	3.818961316153	0.099081
2	60120	3.839390364387	0.088674
2	60437	3.859578287295	0.090393
2	60746	3.879289255546	0.087434
2	61055	3.898927973146	0.088067
2	61368	3.918794433136	0.098785
2	61681	3.938529394834	0.088435
2	61994	3.958317129859	0.088472
2	62307	3.978321817318	0.082914
2	62612	3.99804374873	0.090148
2	62927	4.018008613697	0.102805
2	63240	4.037592189704	0.087901
2	63561	4.058388246716	0.089497
2	63874	4.078827670433	0.093368
2	64191	4.099290636659	0.090079
2	64500	4.118850780586	0.089228
2	64817	4.139285504279	0.086372
2	65122	4.158849661143	0.086204
2	65443	4.179047785705	0.09759
2	65756	4.199205923998	0.087765
2	66069	4.219019081211	0.089585
2	66374	4.238549600558	0.089578
2	66693	4.258743258407	0.090032
2	67002	4.278608025983	0.090478
2	67323	4.299015267507	0.096074
2	67628	4.317972325027	0.095435
2	67941	4.338273065634	0.140958
2	68254	4.358239550713	0.119736
2	68563	4.377891307221	0.097972
2	68876	4.397795877701	0.128052
2	69189	4.417546720615	0.097519
2	69502	4.437745819992	0.090867
2	69815	4.457858080169	0.092855
2	70128	4.477650946049	0.09149
2	70441	4.497770609057	0.141788
2	70756	4.517536324558	0.1295
2	71069	4.537669964415	0.089094
2	71378	4.557433666763	0.088399
2	71699	4.578111228917	0.0983
2	72008	4.597750872605	0.087925
2	72321	4.617967299515	0.087266
2	72638	4.638392019387	0.087268
2	72955	4.658715720988	0.102949
2	73264	4.678359226032	0.089405
2	73581	4.698532112056	0.094563
2	73890	4.718340679923	0.090461
2	74199	4.737908011855	0.082715
2	74514	4.757863116042	0.086817
2	74827	4.777547340922	0.093676
2	75144	4.798145203569	0.087152
2	75457	4.818092113604	0.086885
2	75770	4.838450231825	0.097532
2	76083	4.858286375027	0.088463
2	76396	4.878167330458	0.088016
2	76709	4.898199654447	0.087458
2	77022	4.91820191676	0.088867
2	77335	4.938242892397	0.088253
2	77648	4.957934417149	0.088884
2	77961	4.977941806979	0.086429
2	78270	4.997458844215	0.086944
3	15635	1.000074099837	-22.639287948608
3	15642	1.000324969039	-27.668466567993
3	15658	1.001089665534	-14.200366020203
3	15662	1.001333568702	-32.953910827637
3	15669	1.002051329243	-22.417385101318
3	15673	1.002346899406	-21.521890640259
3	15686	1.00306351617	-23.964836120605
3	15696	1.003394405489	-23.774730682373
3	15700	1.004085010719	-26.749723434448
3	15707	1.004420100799	-26.920946121216
3	15714	1.00506582441	-29.294319152832
3	15727	1.005387616114	-28.970878601074
3	15731	1.006049292477	-23.151355743408
3	15738	1.006376729476	-20.644309997559
3	15748	1.007098012372	-29.301332473755
3	15755	1.007372222308	-19.630746841431
3	15762	1.008071961557	-31.441823959351
3	15769	1.008412818679	-20.825345993042
3	15782	1.009063228162	-29.651224136353
3	15789	1.009383124608	-25.563182830811
3	15793	1.010107569494	-28.564569473267
3	15800	1.010349354537	-21.424575805664
3	15813	1.011115738583	-23.254955291748
3	15817	1.011344903112	-19.961544036865
3	15824	1.012114353963	-35.241680145264
3	15831	1.012342317895	-9.129542350769
3	15844	1.013127268861	-15.798222541809
3	15848	1.013308025302	-31.57989692688
3	15855	1.01408186254	-29.958309173584
3	15862	1.014282004153	-21.59391784668
3	15872	1.015055931175	-30.514770507812
3	15876	1.015240616606	-16.371292114258
3	15886	1.016028837681	-18.442832946777
3	15893	1.01622129237	-22.93021774292
3	15903	1.017004554454	-32.068374633789
3	15907	1.017180086257	-23.225606918335
3	15920	1.017998123895	-21.10203742981
3	15924	1.018144841206	-24.657180786133
3	15934	1.018979588269	-25.029737472534
3	15938	1.019138269729	-22.724081039429
3	15948	1.019966713922	-22.672685623169
3	15955	1.020155847008	-26.587755203247
3	15965	1.020946022542	-23.591833114624
3	15975	1.021161853696	-19.122526168823
3	15985	1.0219781044	-21.457632064819
3	15989	1.022174867324	-22.344287872314
3	15999	1.022953306268	-20.290945053101
3	16006	1.023205606499	-20.078271865845
3	16013	1.023952086353	-15.726344108582
3	16020	1.024168083105	-25.316471099854
3	16030	1.024977082835	-23.178720474243
3	16034	1.025212545399	-29.943550109863
3	16044	1.025929914944	-27.365224838257
3	16051	1.026223756303	-28.47861289978
3	16061	1.026964516178	-22.911417007446
3	16065	1.02727092076	-30.641639709473
3	16075	1.027983945817	-24.761791229248
3	16085	1.028297702127	-24.139808654785
3	16089	1.028963017767	-23.320196151733
3	16096	1.029305786639	-21.048564910889
3	16106	1.029936619342	-21.808389663696
3	16116	1.030263740485	-28.670618057251
3	16120	1.030938317608	-19.597566604614
3	16130	1.031266404414	-23.600069046021
3	16140	1.031978395993	-26.316249847412
3	16147	1.03224833183	-29.058988571167
3	16151	1.033023408938	-28.996580123901
3	16161	1.033249474837	-16.415004730225
3	16168	1.033978659638	-25.458665847778
3	16178	1.034203730894	-18.691377639771
3	16182	1.035021199974	-25.415706634521
3	16192	1.03517255093	-24.638021469116
3	16205	1.036022892484	-21.596380233765
3	16209	1.036171796722	-30.322088241577
3	16213	1.037041098211	-27.403884887695
3	16217	1.037194766973	-29.990530014038
3	16233	1.038073895616	-24.563541412354
3	16240	1.038147622737	-22.458093643188
3	16244	1.039059193857	-20.576448440552
3	16248	1.039137592458	-21.799257278442
3	16264	1.040015562227	-22.321924209595
3	16268	1.040113301474	-23.430437088013
3	16275	1.041026250706	-28.22088432312
3	16279	1.041076889736	-19.193620681763
3	16298	1.042026381887	-30.041770935059
3	16302	1.042073826428	-20.693387985229
3	16315	1.043056571239	-22.328815460205
3	16319	1.043086818723	-20.877599716187
3	16329	1.044017131638	-30.506950378418
3	16333	1.044116478888	-33.91178894043
3	16340	1.045020136007	-34.520069122314
3	16350	1.045162058217	-28.999223709106
3	16360	1.046003374963	-22.785673141479
3	16364	1.046144573336	-23.580244064331
3	16371	1.046994461757	-31.502815246582
3	16381	1.047117239028	-30.028841018677
3	16391	1.047945598373	-19.204147338867
3	16395	1.048140890848	-35.307197570801
3	16405	1.048904061584	-32.676624298096
3	16412	1.049120811915	-31.511251449585
3	16422	1.049912240834	-29.612270355225
3	16426	1.050141388782	-27.870729446411
3	16436	1.050960306668	-31.196929931641
3	16443	1.051166654557	-32.244571685791
3	16453	1.051935723174	-31.73451423645
3	16457	1.052210318736	-26.889139175415
3	16464	1.052961812284	-22.358177185059
3	16474	1.053192483293	-30.670101165771
3	16484	1.053976067235	-24.957216262817
3	16488	1.054214951055	-40.149391174316
3	16498	1.054957475218	-27.471857070923
3	16505	1.055188109411	-33.579978942871
3	16515	1.055909534722	-43.210182189941
3	16519	1.056188514362	-26.927852630615
3	16526	1.056907429065	-31.033786773682
3	16536	1.057148858713	-28.340236663818
3	16546	1.05795633709	-21.582897186279
3	16550	1.058184996927	-19.210014343262
3	16554	1.058994246827	-33.022254943848
3	16567	1.059215008887	-26.549856185913
3	16577	1.060040380431	-25.164300918579
3	16581	1.060184254481	-31.702989578247
3	16585	1.061031679399	-15.123933792114
3	16595	1.061210996815	-34.807750701904
3	16611	1.0620173268	-37.42972946167
3	16615	1.062166260668	-32.88786315918
3	16619	1.063044371495	-34.571918487549
3	16626	1.063202505902	-25.158681869507
3	16642	1.064017700838	-18.611961364746
3	16646	1.064251221209	-20.055488586426
3	16650	1.065013316108	-21.197032928467
3	16660	1.065264729539	-28.298503875732
3	16673	1.066037149668	-26.522426605225
3	16677	1.066232914041	-18.34644317627
3	16681	1.0670105173	-23.051097869873
3	16691	1.067239060736	-30.051773071289
3	16704	1.068046468082	-29.083629608154
3	16708	1.068250182739	-25.618305206299
3	16718	1.069031575677	-30.86979675293
3	16722	1.069250464254	-29.239959716797
3	16735	1.070028577392	-40.145305633545
3	16739	1.070243433589	-30.948776245117
3	16749	1.071032845926	-29.371416091919
3	16753	1.071230944711	-21.780071258545
3	16766	1.072001616588	-19.262098312378
3	16770	1.072182061912	-24.897220611572
3	16780	1.073038046378	-19.247772216797
3	16784	1.07316036812	-19.43337059021
3	16797	1.07407522459	-21.692741394043
3	16801	1.074147666695	-30.763671875
3	16808	1.075050681963	-30.351682662964
3	16815	1.075179069587	-21.50391960144
3	16828	1.076047491716	-18.991239547729
3	16832	1.076158382088	-15.865668296814
3	16842	1.077069378088	-24.795846939087
3	16846	1.077193728239	-19.401212692261
3	16859	1.078115843009	-36.785285949707
3	16863	1.078164110669	-34.420677185059
3	16873	1.079141394358	-29.576095581055
3	16877	1.079151789884	-27.705312728882
3	16890	1.080115762832	-32.79577255249
3	16894	1.080144365477	-21.505165100098
3	16904	1.081080410182	-21.911399841309
3	16908	1.081176151725	-25.842361450195
3	16924	1.082054968639	-26.708599090576
3	16928	1.082204111032	-26.553911209106
3	16938	1.083076708985	-30.272724151611
3	16945	1.083222314921	-25.585329055786
3	16955	1.084085781967	-29.120681762695
3	16959	1.084219521188	-21.883195877075
3	16969	1.085119652922	-18.497667312622
3	16976	1.08517359102	-36.322471618652
3	16986	1.086136176731	-17.541898727417
3	16990	1.086153096324	-25.431140899658
3	17000	1.087146665891	-22.708429336548
3	17004	1.087171726048	-19.881141662598
3	17017	1.088162819938	-19.374364852905
3	17021	1.088193565503	-28.894592285156
3	17031	1.089140143737	-27.293537139893
3	17035	1.089200450226	-32.404232025146
3	17048	1.090163100197	-33.898307800293
3	17052	1.090188949573	-11.300642967224
3	17065	1.091144744474	-24.89035987854
3	17069	1.091173614496	-22.790397644043
3	17079	1.092119541626	-25.614164352417
3	17083	1.092178500403	-26.89750289917
3	17093	1.093129255848	-22.10530090332
3	17097	1.093173059729	-17.906885147095
3	17110	1.094128538177	-25.083667755127
3	17114	1.094184892005	-12.009300231934
3	17127	1.095123400536	-19.757278442383
3	17131	1.095185319029	-19.694910049438
3	17141	1.096126563872	-28.686241149902
3	17145	1.096187836005	-26.714447021484
3	17158	1.097157185871	-22.652585983276
3	17162	1.09716332426	-18.225677490234
3	17175	1.098177483563	-30.033798217773
3	17179	1.098182106136	-28.104784011841
3	17189	1.099138642249	-21.226209640503
3	17193	1.099203140486	-29.957834243774
3	17206	1.100145384574	-27.519132614136
3	17210	1.100210008172	-23.628158569336
3	17223	1.101163876601	-23.490026473999
3	17227	1.101214069118	-18.372636795044
3	17237	1.102130932918	-28.03784942627
3	17241	1.1021663034	-21.29349899292
3	17254	1.103120524578	-28.20680809021
3	17258	1.103135018499	-22.314962387085
3	17268	1.104105341813	-20.406496047974
3	17272	1.104108902432	-18.427062988281
3	17282	1.105060150383	-25.49133682251
3	17289	1.10514887621	-24.86083984375
3	17302	1.106062742211	-19.929594039917
3	17306	1.106150333631	-26.281618118286
3	17313	1.107060891693	-26.836423873901
3	17317	1.107145075359	-26.100019454956
3	17330	1.108100893223	-30.333604812622
3	17337	1.108186248043	-31.924556732178
3	17344	1.109107118374	-19.508724212646
3	17348	1.109217271377	-20.997863769531
3	17364	1.110132643055	-30.802682876587
3	17368	1.110176438641	-27.903888702393
3	17375	1.111137762733	-18.109516143799
3	17379	1.111196068416	-23.034395217896
3	17395	1.112124787757	-20.32346534729
3	17399	1.112195653339	-23.21563911438
3	17406	1.113078485885	-27.698257446289
3	17413	1.113225481286	-28.871454238892
3	17423	1.114061110978	-19.631471633911
3	17430	1.114244626142	-24.545282363892
3	17437	1.115025206979	-28.910839080811
3	17441	1.115248137579	-23.508850097656
3	17457	1.116001047721	-11.073084831238
3	17461	1.116261550973	-27.079755783081
3	17468	1.117019760148	-26.988451004028
3	17472	1.11721157607	-24.18821144104
3	17485	1.117990108538	-38.390907287598
3	17492	1.118233662669	-21.095851898193
3	17499	1.11902567467	-22.784955978394
3	17503	1.119273448595	-25.275117874146
3	17516	1.119999261149	-26.831415176392
3	17523	1.12022622768	-25.91081237793
3	17530	1.120980295942	-25.688831329346
3	17534	1.121208384106	-30.362867355347
3	17550	1.122024150469	-19.184518814087
3	17554	1.122161832462	-20.293857574463
3	17564	1.123065831465	-19.652534484863
3	17568	1.123207872439	-26.146207809448
3	17581	1.124086790267	-24.441383361816
3	17585	1.124185192113	-22.775077819824
3	17595	1.125067690198	-27.692737579346
3	17599	1.125179007772	-25.299842834473
3	17612	1.126051872176	-27.188848495483
3	17616	1.12617819971	-22.420970916748
3	17626	1.127017453885	-24.691528320312
3	17630	1.127194391207	-26.835405349731
3	17643	1.128063589119	-13.616538047791
3	17650	1.128236192506	-22.644428253174
3	17657	1.129030532893	-20.811792373657
3	17661	1.129255050558	-29.881494522095
3	17674	1.130060342238	-17.668329238892
3	17678	1.130244452977	-31.215665817261
3	17688	1.131087194741	-28.670804977417
3	17692	1.131280665215	-23.76434135437
3	17705	1.132063890893	-28.77374458313
3	17709	1.132266684913	-27.093366622925
3	17719	1.133084967252	-23.982181549072
3	17723	1.133245015053	-31.658090591431
3	17736	1.134127615618	-21.404497146606
3	17740	1.134284295029	-31.809600830078
3	17750	1.135116973982	-24.114984512329
3	17754	1.135295645509	-28.997957229614
3	17767	1.136080052526	-24.056867599487
3	17774	1.136323545589	-24.549709320068
3	17781	1.137098186537	-28.509572982788
3	17788	1.137337962281	-17.861164093018
3	17798	1.138114749569	-27.914051055908
3	17805	1.138358824959	-19.561576843262
3	17812	1.139108284296	-25.140880584717
3	17816	1.139322542839	-32.292999267578
3	17832	1.140080641984	-16.344799041748
3	17836	1.140366543601	-20.380525588989
3	17843	1.141095677092	-16.867250442505
3	17853	1.141366977105	-29.9859790802
3	17863	1.142088979417	-32.424476623535
3	17870	1.142416584735	-22.337919235229
3	17880	1.143106579806	-12.109577178955
3	17884	1.143432593156	-33.655380249023
3	17897	1.144099091472	-19.560228347778
3	17901	1.144407469548	-26.391958236694
3	17908	1.14505328131	-32.151351928711
3	17915	1.145434193631	-18.807901382446
3	17928	1.146103005094	-18.140199661255
3	17932	1.146387321928	-16.059225082397
3	17939	1.147053925963	-36.944877624512
3	17946	1.14740674132	-33.927165985107
3	17956	1.148037086456	-28.20584487915
3	17963	1.148451859933	-31.236173629761
3	17970	1.149055916641	-28.960348129272
3	17977	1.149475540564	-25.741024017334
3	17987	1.15007410023	-33.529064178467
3	17994	1.150428336449	-16.928829193115
3	18001	1.151077532328	-22.873506546021
3	18005	1.151381385731	-28.23254776001
3	18021	1.152123695674	-17.536367416382
3	18025	1.152332841166	-24.515398025513
3	18032	1.153138795175	-21.767562866211
3	18036	1.15334364746	-19.407300949097
3	18052	1.154153103636	-19.780107498169
3	18056	1.154337574407	-5.7424101829529
3	18063	1.155187822356	-31.071866989136
3	18067	1.155351064218	-32.288246154785
3	18080	1.156161331594	-28.366437911987
3	18087	1.15630998672	-24.360010147095
3	18091	1.157159926664	-29.927200317383
3	18098	1.157267121591	-26.843099594116
3	18111	1.158115165676	-21.776683807373
3	18115	1.158231174068	-14.666303634644
3	18122	1.159115926798	-21.168737411499
3	18126	1.159189633755	-31.705087661743
3	18142	1.160137496149	-30.887407302856
3	18146	1.16020378777	-17.80158996582
3	18153	1.16116703929	-27.41900062561
3	18157	1.161194734485	-21.965642929077
3	18176	1.162123826194	-25.001668930054
3	18180	1.162153035411	-21.438764572144
3	18187	1.163115281899	-36.526000976562
3	18191	1.1631687255	-23.651294708252
3	18210	1.164121422907	-30.640617370605
3	18214	1.164211779794	-19.911796569824
3	18218	1.165132117527	-20.681852340698
3	18222	1.165203089765	-25.59790802002
3	18241	1.166091730912	-30.004438400269
3	18245	1.166231733326	-29.08455657959
3	18249	1.167128221615	-18.905925750732
3	18253	1.16725290523	-15.634313583374
3	18272	1.168141265719	-20.323007583618
3	18276	1.16827572078	-20.058687210083
3	18280	1.16918987713	-35.592258453369
3	18287	1.169234076336	-27.173101425171
3	18303	1.170153936016	-29.511703491211
3	18307	1.170227521229	-21.856103897095
3	18311	1.171156525059	-31.427814483643
3	18315	1.171181193201	-16.651834487915
3	18334	1.172111195199	-26.936868667603
3	18338	1.172156872891	-23.912696838379
3	18342	1.17307760817	-20.723726272583
3	18352	1.173189200213	-32.717491149902
3	18362	1.174059309764	-16.740728378296
3	18366	1.17414492352	-30.155889511108
3	18373	1.175060130957	-22.548164367676
3	18383	1.175153841433	-25.068021774292
3	18393	1.176106948076	-23.050682067871
3	18397	1.176108562358	-19.527669906616
3	18407	1.17706912789	-26.570909500122
3	18414	1.177126380385	-34.010398864746
3	18424	1.178081048171	-35.740711212158
3	18428	1.178135509685	-23.24054145813
3	18435	1.179065815759	-23.353481292725
3	18442	1.179171130929	-28.583463668823
3	18455	1.180024457278	-26.990358352661
3	18462	1.18012832886	-32.862438201904
3	18469	1.181017326745	-17.237525939941
3	18482	1.181151588708	-27.571496963501
3	18489	1.182010203436	-31.035131454468
3	18493	1.182137022582	-16.687494277954
3	18506	1.183040941751	-24.452774047852
3	18510	1.183157055433	-16.134363174438
3	18520	1.184015821699	-24.723962783813
3	18524	1.184186637995	-34.395923614502
3	18537	1.18504655949	-31.090940475464
3	18541	1.185165618238	-29.890865325928
3	18551	1.186083683442	-31.462480545044
3	18555	1.186187477934	-22.368705749512
3	18568	1.18704409646	-21.555276870728
3	18572	1.187146698483	-19.760875701904
3	18582	1.187994263301	-25.438661575317
3	18586	1.188169988551	-28.836961746216
3	18593	1.189034316913	-27.280954360962
3	18603	1.189128750443	-25.392625808716
3	18613	1.190044021353	-23.505559921265
3	18617	1.190111483561	-25.997638702393
3	18627	1.191081556091	-20.418815612793
3	18631	1.191086111301	-23.034875869751
3	18644	1.192075033812	-13.443084716797
3	18648	1.192077220755	-25.74507522583
3	18658	1.19306195395	-30.370471954346
3	18662	1.193063602434	-22.439241409302
3	18678	1.194037962833	-20.541677474976
3	18682	1.194062197627	-24.354705810547
3	18689	1.195054220732	-25.124155044556
3	18693	1.195065580426	-19.831398010254
3	18709	1.196031680806	-23.103742599487
3	18713	1.19608356973	-19.930694580078
3	18720	1.197066099602	-23.739959716797
3	18727	1.197110707053	-16.017768859863
3	18740	1.198043479188	-22.595672607422
3	18744	1.198138464073	-12.783143997192
3	18751	1.199039871434	-8.1926984786987
3	18758	1.199160375414	-29.133554458618
3	18771	1.20007561288	-21.849679946899
3	18775	1.200137524048	-25.983083724976
3	18782	1.201026714875	-34.585414886475
3	18786	1.201157858512	-22.583772659302
3	18805	1.202062860373	-18.703441619873
3	18809	1.202144308936	-30.4885597229
3	18816	1.203092077957	-26.021150588989
3	18820	1.203166052724	-21.630548477173
3	18836	1.204096908736	-30.114633560181
3	18840	1.204195984476	-17.001379013062
3	18847	1.205125227265	-29.716951370239
3	18851	1.205189761445	-21.325325012207
3	18867	1.206130141475	-29.005424499512
3	18871	1.206163569636	-26.111310958862
3	18875	1.207132865661	-26.333372116089
3	18879	1.20720289582	-26.753156661987
3	18898	1.208097237009	-19.357608795166
3	18902	1.208224624669	-25.983581542969
3	18906	1.20910620729	-37.996982574463
3	18916	1.209219973264	-32.356170654297
3	18929	1.210137699895	-34.485542297363
3	18933	1.210228717699	-29.200963973999
3	18940	1.211148278634	-28.897754669189
3	18944	1.211261994515	-17.674272537231
3	18960	1.212160423256	-22.453746795654
3	18964	1.212268552075	-23.342451095581
3	18971	1.213160401553	-22.66224861145
3	18978	1.213223414153	-28.714363098145
3	18988	1.21414853584	-11.686909675598
3	18992	1.214191804315	-16.206125259399
3	19002	1.215118986856	-23.95267868042
3	19009	1.215185707933	-22.842510223389
3	19019	1.216119443665	-20.453729629517
3	19023	1.216171595251	-15.630275726318
3	19033	1.217122251731	-11.957456588745
3	19037	1.217166493768	-21.73118019104
3	19050	1.218165121029	-24.638460159302
3	19054	1.21817003014	-24.439386367798
3	19061	1.219120892968	-30.743761062622
3	19065	1.219138601049	-22.25470161438
3	19081	1.220090247841	-23.998361587524
3	19085	1.220166850756	-26.345687866211
3	19092	1.221101122357	-12.080304145813
3	19096	1.221207662435	-19.154825210571
3	19115	1.222092472139	-17.181253433228
3	19119	1.222170463331	-29.504936218262
3	19126	1.223080946959	-27.06982421875
3	19136	1.223206817538	-18.97248840332
3	19146	1.224059018065	-26.424741744995
3	19150	1.224178858918	-26.923610687256
3	19160	1.225095288486	-33.804962158203
3	19164	1.225147095581	-25.52063369751
3	19177	1.22604724058	-30.721157073975
3	19181	1.226166758285	-17.929382324219
3	19194	1.227076834355	-28.997804641724
3	19198	1.227195349031	-18.061115264893
3	19208	1.228040162301	-16.36709022522
3	19212	1.228179745318	-24.431018829346
3	19219	1.229048509038	-29.44860458374
3	19229	1.229198459548	-27.425666809082
3	19239	1.230004421358	-20.298856735229
3	19243	1.230175640518	-21.411178588867
3	19253	1.231040693519	-26.961532592773
3	19257	1.231159311749	-26.412237167358
3	19270	1.232015825194	-17.620769500732
3	19274	1.232138822755	-31.475336074829
3	19284	1.233038930743	-20.011613845825
3	19288	1.233166792013	-15.946281433105
3	19301	1.234001241794	-28.481338500977
3	19305	1.234118903888	-30.946502685547
3	19315	1.234967420527	-12.41499710083
3	19319	1.235148414423	-21.884220123291
3	19329	1.236012004135	-32.056186676025
3	19336	1.236101128114	-14.116640090942
3	19346	1.236964144317	-28.008960723877
3	19350	1.237142921485	-29.15821647644
3	19360	1.237944546748	-19.81102180481
3	19367	1.238101704197	-25.518451690674
3	19374	1.238913942176	-28.774200439453
3	19381	1.23907959319	-23.797899246216
3	19391	1.239912559193	-28.505826950073
3	19398	1.240120523596	-22.51432800293
3	19405	1.240901263288	-32.689746856689
3	19412	1.24107283431	-20.02540397644
3	19425	1.241944069902	-30.251375198364
3	19429	1.242062204668	-23.274394989014
3	19442	1.242979422245	-37.656372070312
3	19446	1.243032908658	-32.074115753174
3	19456	1.243986670242	-30.907032012939
3	19463	1.243990515099	-16.436365127563
3	19470	1.244985494475	-25.732656478882
3	19477	1.24500314209	-28.570644378662
3	19487	1.245953156502	-26.21981048584
3	19491	1.246022929681	-20.342809677124
3	19504	1.246924487935	-18.618974685669
3	19508	1.246999211468	-26.18740272522
3	19515	1.247888013505	-21.564851760864
3	19522	1.247984898495	-26.546051025391
3	19535	1.248884184147	-32.667667388916
3	19539	1.248965319469	-25.384117126465
3	19549	1.249904278538	-31.042379379272
3	19555	1.250001749681	-19.068105697632
3	19568	1.250902679957	-22.672636032104
3	19572	1.25101439295	-19.220857620239
3	19582	1.251920283531	-32.120334625244
3	19586	1.251971917302	-26.277721405029
3	19599	1.252942380493	-32.427665710449
3	19603	1.253011379754	-33.499069213867
3	19613	1.253944119932	-20.261604309082
3	19617	1.25402835716	-24.367609024048
3	19630	1.254895454668	-29.63635635376
3	19634	1.254978856675	-19.923675537109
3	19644	1.255850469124	-18.582818984985
3	19648	1.255984736693	-36.692779541016
3	19661	1.25683576237	-29.970552444458
3	19665	1.256959689793	-27.889747619629
3	19675	1.257789844281	-36.560916900635
3	19679	1.257911320419	-30.433059692383
3	19689	1.258791829445	-29.05620765686
3	19699	1.258959599678	-28.014099121094
3	19706	1.259820616529	-28.875104904175
3	19710	1.259918230448	-19.786050796509
3	19723	1.260833690885	-24.824363708496
3	19727	1.26091023864	-19.639724731445
3	19740	1.261824447175	-20.403026580811
3	19744	1.261919521697	-20.024675369263
3	19757	1.262850248521	-32.612125396729
3	19761	1.262907788026	-14.108052253723
3	19771	1.263851176579	-18.162813186646
3	19778	1.263934267846	-12.306889533997
3	19788	1.264899344394	-17.968305587769
3	19792	1.264960405022	-18.871610641479
3	19805	1.265948949524	-24.155582427979
3	19809	1.265964945851	-25.395349502563
3	19819	1.266908111117	-21.772003173828
3	19823	1.26693138237	-16.097816467285
3	19836	1.267915467003	-26.680194854736
3	19840	1.267929911232	-23.993286132812
3	19850	1.26893127807	-29.525066375732
3	19854	1.268957091329	-25.290491104126
3	19867	1.269902539704	-26.19119644165
3	19871	1.269931828584	-20.477642059326
3	19881	1.270938915826	-24.338861465454
3	19885	1.270946292945	-11.166758537292
3	19901	1.271909628572	-13.298480033875
3	19905	1.271915954751	-16.623867034912
3	19912	1.272898957258	-17.91798210144
3	19916	1.272924982603	-22.928680419922
3	19932	1.273855349788	-16.469741821289
3	19936	1.273943149062	-23.751583099365
3	19943	1.274877714427	-24.193294525146
3	19947	1.274903306683	-29.292860031128
3	19963	1.275831862806	-20.426168441772
3	19967	1.275943244905	-20.981872558594
3	19974	1.276839846642	-15.480308532715
3	19978	1.276968197706	-14.688286781311
3	19991	1.277889822066	-18.518327713013
3	19998	1.277994353982	-21.126440048218
3	20005	1.27893501328	-26.930171966553
3	20009	1.278999017278	-21.56046295166
3	20022	1.279911013149	-21.293500900269
3	20026	1.279965736509	-19.796411514282
3	20036	1.280935292405	-22.739311218262
3	20040	1.280941712541	-21.809913635254
3	20056	1.281890093193	-25.291110992432
3	20060	1.281913084417	-23.087821960449
3	20070	1.282873393779	-30.144315719604
3	20074	1.282885775857	-28.13298034668
3	20087	1.283860519873	-24.171342849731
3	20094	1.283918799356	-23.277126312256
3	20101	1.284822925407	-28.01922416687
3	20105	1.284929720604	-32.11791229248
3	20118	1.285785004044	-20.614112854004
3	20125	1.285918227534	-21.824331283569
3	20129	1.286739280715	-21.957592010498
3	20139	1.286948087778	-18.004346847534
3	20149	1.287783875851	-24.650661468506
3	20153	1.287901820332	-17.662265777588
3	20163	1.288807021749	-24.702123641968
3	20170	1.288906707229	-32.910797119141
3	20180	1.289766795443	-30.586650848389
3	20187	1.28993259023	-32.720756530762
3	20194	1.2907322728	-12.616916656494
3	20201	1.290959884892	-27.505695343018
3	20211	1.291771286525	-22.577369689941
3	20215	1.291935563239	-25.043954849243
3	20225	1.292764533576	-19.192680358887
3	20232	1.292935706807	-24.427263259888
3	20242	1.29371790144	-32.696708679199
3	20246	1.293925351446	-30.892915725708
3	20256	1.294718370327	-29.253082275391
3	20260	1.294889885572	-28.906881332397
3	20273	1.295685706511	-26.226716995239
3	20277	1.295849131602	-21.443124771118
3	20287	1.29670160033	-17.527666091919
3	20291	1.296869904226	-21.076879501343
3	20301	1.297661289699	-32.278625488281
3	20308	1.297900207692	-20.183000564575
3	20315	1.298633180482	-20.490951538086
3	20322	1.298877655434	-34.476654052734
3	20332	1.299649026237	-22.934267044067
3	20339	1.299836302403	-18.4222240448
3	20346	1.300603165901	-28.159437179565
3	20353	1.300850232018	-19.527158737183
3	20369	1.301650146652	-26.009004592896
3	20373	1.3018213039	-28.037368774414
3	20383	1.302692949931	-36.765674591064
3	20387	1.30287111736	-30.114112854004
3	20400	1.303709046046	-20.199029922485
3	20404	1.30384789793	-28.283195495605
3	20414	1.304661727845	-28.724838256836
3	20418	1.304811565797	-27.275854110718
3	20428	1.305708281657	-33.043262481689
3	20435	1.305785606077	-32.21919631958
3	20445	1.306741090544	-39.993503570557
3	20449	1.30682835995	-24.653497695923
3	20462	1.307695551645	-25.495882034302
3	20466	1.307862104371	-20.142848968506
3	20476	1.308678574083	-18.070302963257
3	20480	1.308873057973	-20.351612091064
3	20490	1.309690185502	-36.10319519043
3	20497	1.309857945027	-18.963548660278
3	20507	1.310652665801	-17.860103607178
3	20511	1.310862858221	-31.400255203247
3	20521	1.311659937208	-35.681663513184
3	20528	1.311896102836	-30.700199127197
3	20538	1.312675533869	-22.291072845459
3	20542	1.312863247401	-32.907241821289
3	20552	1.313648555049	-28.87108039856
3	20559	1.313829638433	-39.942573547363
3	20569	1.314626590364	-35.620849609375
3	20573	1.314849561661	-34.366195678711
3	20583	1.315586707578	-38.364849090576
3	20587	1.315884619697	-31.598146438599
3	20600	1.316574444568	-38.592067718506
3	20604	1.316904669628	-30.176265716553
3	20614	1.317597703206	-31.270751953125
3	20621	1.317871049947	-28.107902526855
3	20631	1.318567412056	-19.327068328857
3	20635	1.318919397611	-30.964471817017
3	20645	1.319579926687	-23.466831207275
3	20655	1.319886172419	-21.707967758179
3	20662	1.320628771586	-40.272117614746
3	20666	1.320924121486	-34.686325073242
3	20679	1.321630831841	-18.971975326538
3	20689	1.321907486834	-29.912071228027
3	20696	1.322676149496	-34.960029602051
3	20700	1.322876064675	-27.769376754761
3	20713	1.323715213289	-26.366230010986
3	20720	1.323901010078	-33.442844390869
3	20727	1.324728442788	-21.6442527771
3	20731	1.324869737569	-30.216882705688
3	20747	1.325758984165	-14.381214141846
3	20751	1.325853737668	-19.263648986816
3	20758	1.326759133873	-21.247035980225
3	20762	1.326849187772	-28.257183074951
3	20775	1.327796168158	-22.388446807861
3	20779	1.327859433731	-18.092441558838
3	20789	1.328795452084	-32.163234710693
3	20793	1.328827182713	-31.91817855835
3	20809	1.329824535277	-18.977088928223
3	20813	1.329870544556	-25.690099716187
3	20820	1.330827340743	-23.169830322266
3	20824	1.330889199745	-23.074111938477
3	20840	1.331875372332	-35.315582275391
3	20844	1.331922206291	-26.636583328247
3	20851	1.33284379275	-21.068943023682
3	20855	1.332949621684	-29.116159439087
3	20871	1.333871603987	-20.488765716553
3	20875	1.333984672488	-33.441619873047
3	20882	1.334909260338	-30.935489654541
3	20886	1.334957891211	-27.373062133789
3	20902	1.33595372177	-30.971130371094
3	20906	1.336005899484	-32.019584655762
3	20913	1.336946345189	-29.016468048096
3	20917	1.336960374319	-23.309947967529
3	20930	1.337962935002	-34.569606781006
3	20934	1.337969071428	-20.941984176636
3	20944	1.338936009879	-23.563745498657
3	20948	1.338938963448	-23.563272476196
3	20958	1.339908018493	-28.839889526367
3	20962	1.339961894403	-23.76439666748
3	20975	1.340908327172	-12.013068199158
3	20979	1.340937418771	-27.110523223877
3	20995	1.341877539899	-25.288547515869
3	20999	1.34191124684	-26.421226501465
3	21009	1.342865112464	-28.014808654785
3	21013	1.342882820338	-20.90433883667
3	21023	1.343848087281	-28.03045463562
3	21030	1.343870005797	-23.707674026489
3	21040	1.344841306974	-17.701995849609
3	21044	1.344879928231	-24.15961265564
3	21057	1.345832149433	-18.878402709961
3	21061	1.345884055882	-31.696960449219
3	21071	1.346880393227	-19.158620834351
3	21075	1.346896317132	-20.221464157104
3	21085	1.347896059663	-36.988101959229
3	21089	1.347900457184	-24.27384185791
3	21102	1.34886622358	-21.718450546265
3	21106	1.348911177849	-20.287515640259
3	21116	1.34990672708	-19.508672714233
3	21120	1.349911535075	-29.589061737061
3	21133	1.350865099849	-23.123607635498
3	21137	1.350879729059	-36.426963806152
3	21150	1.351823890349	-17.535245895386
3	21154	1.35185859819	-27.015102386475
3	21167	1.352779475741	-25.794509887695
3	21171	1.352809422523	-21.435831069946
3	21181	1.353753930686	-24.712381362915
3	21185	1.353804272503	-25.566452026367
3	21195	1.354753704795	-39.78441619873
3	21199	1.35482962053	-24.576721191406
3	21209	1.355737706175	-28.016090393066
3	21216	1.355830605025	-26.642686843872
3	21226	1.356722561651	-35.296581268311
3	21230	1.356801522809	-26.285804748535
3	21240	1.357675865167	-32.571483612061
3	21244	1.357758494953	-15.824578285217
3	21257	1.358669673473	-29.216283798218
3	21261	1.358763753309	-24.808893203735
3	21271	1.359696026153	-29.163909912109
3	21275	1.359745284019	-27.180158615112
3	21294	1.36070179258	-32.618545532227
3	21298	1.360711005075	-36.971019744873
3	21305	1.361654646275	-14.586630821228
3	21309	1.361680922308	-24.416858673096
3	21319	1.362607612881	-22.661787033081
3	21329	1.36267915711	-20.995321273804
3	21336	1.3636175074	-26.517999649048
3	21343	1.36369585691	-29.096803665161
3	21353	1.364586061725	-23.071786880493
3	21357	1.36464790584	-21.829330444336
3	21370	1.365551790013	-19.077440261841
3	21374	1.365642386544	-21.930435180664
3	21381	1.366531450823	-31.132423400879
3	21388	1.366662718647	-31.924213409424
3	21398	1.367482110046	-32.493228912354
3	21405	1.367672525201	-22.988540649414
3	21412	1.368454547333	-19.810539245605
3	21416	1.368709404524	-28.967205047607
3	21429	1.369498589143	-32.161415100098
3	21436	1.36966238582	-24.764127731323
3	21443	1.370459372589	-23.572872161865
3	21447	1.370625070677	-33.552646636963
3	21463	1.371489895179	-25.472360610962
3	21467	1.371635366677	-24.287548065186
3	21474	1.372467482683	-28.75369644165
3	21478	1.372672166206	-30.709365844727
3	21491	1.373462935669	-29.237936019897
3	21498	1.373642273405	-27.220333099365
3	21505	1.374439552043	-24.614742279053
3	21509	1.374598385934	-17.229581832886
3	21522	1.37543541276	-22.321918487549
3	21529	1.375601256385	-33.684032440186
3	21536	1.37642984546	-26.511016845703
3	21540	1.376621407571	-20.578948974609
3	21550	1.377404218012	-24.760725021362
3	21560	1.377597687549	-19.106300354004
3	21567	1.378448419031	-23.532011032104
3	21571	1.378610549599	-19.303644180298
3	21587	1.379403618917	-15.23388004303
3	21591	1.379638636491	-27.635856628418
3	21598	1.380381750863	-21.678720474243
3	21602	1.380638830107	-22.077905654907
3	21618	1.381350557962	-24.803720474243
3	21625	1.381615063139	-25.432506561279
3	21632	1.382346197265	-13.059472084045
3	21636	1.382587011755	-39.674434661865
3	21649	1.383319669674	-26.594869613647
3	21656	1.383552965899	-28.430450439453
3	21663	1.384366914098	-17.252397537231
3	21667	1.38455445836	-22.412340164185
3	21680	1.385414780584	-28.736597061157
3	21687	1.385576671766	-6.5420565605164
3	21694	1.386436762813	-19.813650131226
3	21698	1.386527064889	-25.989486694336
3	21714	1.387434356064	-25.095956802368
3	21718	1.387513360674	-8.5108470916748
3	21725	1.388428263115	-30.518814086914
3	21729	1.388492416662	-30.757444381714
3	21742	1.389457654026	-28.478925704956
3	21746	1.389464459091	-23.090017318726
3	21756	1.390460907951	-35.918273925781
3	21760	1.390485694852	-24.941116333008
3	21776	1.391484970813	-24.057640075684
3	21780	1.39149600656	-37.842620849609
3	21787	1.392483831093	-19.939756393433
3	21791	1.39251194839	-20.411577224731
3	21807	1.393452749174	-23.568780899048
3	21811	1.393546347574	-16.375749588013
3	21818	1.394422332036	-21.217311859131
3	21822	1.394547300376	-18.00904083252
3	21838	1.395437739724	-32.856678009033
3	21842	1.395545423963	-21.908882141113
3	21849	1.396443763718	-24.948722839355
3	21853	1.396528784393	-28.402502059937
3	21869	1.397424484523	-15.091501235962
3	21873	1.397541330616	-24.162899017334
3	21880	1.39840250607	-31.543968200684
3	21884	1.398521433115	-20.125263214111
3	21900	1.399402973574	-33.747482299805
3	21904	1.399503434469	-26.0888671875
3	21911	1.400431957877	-15.086543083191
3	21915	1.400473335409	-25.294582366943
3	21934	1.401471254614	-24.778276443481
3	21938	1.401480561561	-24.566583633423
3	21945	1.402477308265	-20.36626625061
3	21949	1.402502354724	-22.196981430054
3	21965	1.403493055605	-25.855239868164
3	21969	1.403503399075	-33.408027648926
3	21976	1.4044569582	-21.972738265991
3	21980	1.404486742773	-20.86964225769
3	21996	1.40546986843	-18.266809463501
3	22000	1.405481738444	-31.652048110962
3	22007	1.406448182855	-29.722810745239
3	22011	1.406478655975	-19.917194366455
3	22027	1.407457571112	-23.789665222168
3	22031	1.407516951148	-24.600677490234
3	22038	1.408421882873	-20.774740219116
3	22042	1.408467485585	-21.435401916504
3	22058	1.409419436485	-25.334157943726
3	22062	1.409449522957	-20.176200866699
3	22069	1.410407611062	-20.175401687622
3	22076	1.410460016848	-30.257478713989
3	22089	1.411448303012	-25.873750686646
3	22093	1.411481860338	-16.632400512695
3	22100	1.412453019342	-26.258192062378
3	22104	1.41247605737	-31.504035949707
3	22120	1.413409343305	-20.097528457642
3	22124	1.413489295721	-31.862344741821
3	22131	1.414439828102	-24.442296981812
3	22138	1.414458765728	-35.890464782715
3	22151	1.415404454197	-28.848779678345
3	22155	1.41542153789	-25.026172637939
3	22165	1.416437076509	-24.616010665894
3	22169	1.41646677208	-25.86622428894
3	22182	1.417407132932	-23.7630443573
3	22186	1.417498911913	-22.121858596802
3	22196	1.41844918306	-18.425214767456
3	22200	1.418453894588	-33.217876434326
3	22213	1.419406987222	-19.267692565918
3	22217	1.419479318021	-24.614385604858
3	22227	1.420401895518	-14.784556388855
3	22231	1.420478333103	-24.297437667847
3	22247	1.421352514907	-15.729496955872
3	22251	1.421445080134	-15.740738868713
3	22261	1.422349728942	-31.86848449707
3	22265	1.422401790734	-24.108781814575
3	22278	1.423345004164	-12.264232635498
3	22282	1.423417526908	-26.144817352295
3	22292	1.424355700143	-30.957698822021
3	22296	1.424430049171	-20.07869720459
3	22309	1.425385947331	-18.566390991211
3	22313	1.425474539811	-30.937019348145
3	22323	1.426338864338	-19.497987747192
3	22327	1.426433185926	-19.767883300781
3	22340	1.427340762939	-29.622018814087
3	22344	1.427452963949	-21.510108947754
3	22354	1.428378444055	-32.904602050781
3	22361	1.428498839613	-17.987983703613
3	22368	1.429336817384	-34.506385803223
3	22375	1.429494351756	-21.109823226929
3	22385	1.430288240746	-25.453428268433
3	22392	1.430516181759	-18.082286834717
3	22399	1.431258840023	-11.227914810181
3	22406	1.431490531238	-13.291306495667
3	22413	1.432275670713	-17.282825469971
3	22423	1.43250654754	-5.7266707420349
3	22430	1.433311744552	-21.524829864502
3	22437	1.433527041951	-25.010734558105
3	22450	1.434345107007	-41.206031799316
3	22454	1.434557974886	-30.115657806396
3	22461	1.435380553553	-14.230958938599
3	22468	1.435584284815	-13.545844078064
3	22481	1.43642596036	-30.328813552856
3	22488	1.436626500807	-30.406589508057
3	22492	1.437401070034	-15.277938842773
3	22499	1.437643637637	-28.946788787842
3	22512	1.43842244826	-25.222694396973
3	22516	1.43861278689	-23.105718612671
3	22523	1.43941900821	-33.397602081299
3	22530	1.439633754707	-26.874889373779
3	22546	1.440454523246	-28.120969772339
3	22550	1.440601809076	-32.75414276123
3	22557	1.441408705857	-21.498849868774
3	22564	1.441646096618	-26.263143539429
3	22577	1.442427512158	-16.848505020142
3	22581	1.442686014799	-29.144548416138
3	22588	1.443412696096	-20.886526107788
3	22595	1.443714173437	-35.174205780029
3	22605	1.444378485262	-35.187870025635
3	22615	1.444732299606	-38.097644805908
3	22619	1.445405962447	-28.651319503784
3	22626	1.445766464979	-19.964660644531
3	22633	1.446363434724	-26.611764907837
3	22646	1.446798747586	-23.716644287109
3	22650	1.447381770631	-25.066129684448
3	22657	1.447784233305	-25.187164306641
3	22667	1.448420021657	-14.654355049133
3	22677	1.448759959128	-25.649808883667
3	22681	1.449448434378	-25.463899612427
3	22685	1.449743669668	-26.809488296509
3	22704	1.450493982329	-23.4778175354
3	22708	1.45075976096	-11.976117134094
3	22712	1.451491854907	-25.035570144653
3	22716	1.451744249163	-22.049268722534
3	22732	1.452519124573	-12.632000923157
3	22739	1.452721441326	-16.939111709595
3	22743	1.453518565497	-23.752309799194
3	22747	1.453769774598	-14.431975364685
3	22757	1.454486670607	-20.679967880249
3	22770	1.454747240832	-32.247737884521
3	22774	1.455496731075	-20.357843399048
3	22778	1.455729507778	-26.770156860352
3	22794	1.45648342084	-27.089361190796
3	22798	1.456740559425	-31.487369537354
3	22805	1.457436453895	-27.358060836792
3	22809	1.457774526744	-23.633502960205
3	22825	1.458463721139	-24.323215484619
3	22829	1.458786326228	-30.68507194519
3	22836	1.45948556712	-21.591491699219
3	22840	1.459762406241	-17.675786972046
3	22859	1.460491031908	-13.956071853638
3	22863	1.460775306094	-22.5934715271
3	22870	1.46145307114	-24.683298110962
3	22874	1.461799776783	-22.470653533936
3	22890	1.46242110693	-30.435382843018
3	22897	1.462753939143	-41.046104431152
3	22901	1.463433961943	-18.693614959717
3	22905	1.463798900654	-21.583108901978
3	22921	1.464426666279	-25.786418914795
3	22928	1.464758463507	-18.880262374878
3	22932	1.465420013367	-27.251348495483
3	22936	1.465788779946	-14.123264312744
3	22949	1.466399004148	-30.386791229248
3	22959	1.466819136313	-16.649063110352
3	22963	1.467434236108	-16.844997406006
3	22970	1.467839552859	-33.761455535889
3	22983	1.468474133146	-18.41823387146
3	22990	1.468884773645	-30.694141387939
3	22994	1.469500193742	-22.807373046875
3	22998	1.469888787702	-28.710802078247
3	23014	1.470549747591	-17.766366958618
3	23021	1.470864047492	-25.296964645386
3	23025	1.471547135295	-18.664970397949
3	23029	1.471878139011	-26.367328643799
3	23048	1.472589249737	-19.713354110718
3	23052	1.472897386965	-14.743426322937
3	23056	1.473559625113	-21.584171295166
3	23063	1.473888488954	-19.635641098022
3	23073	1.474549968137	-22.366487503052
3	23083	1.474903461068	-21.184232711792
3	23087	1.475518684747	-17.073385238647
3	23091	1.475944118258	-25.109601974487
3	23104	1.4764899066	-21.528507232666
3	23114	1.476901852446	-28.622156143188
3	23118	1.477454890868	-19.038988113403
3	23125	1.477868683108	-25.708452224731
3	23135	1.478499155336	-20.205926895142
3	23145	1.478826904115	-23.035234451294
3	23149	1.479461120107	-23.927701950073
3	23159	1.479874921865	-22.456731796265
3	23166	1.48049727777	-16.027423858643
3	23179	1.480852102633	-23.340873718262
3	23183	1.481525992474	-17.418766021729
3	23187	1.481880565881	-11.325158119202
3	23200	1.482483707186	-28.540483474731
3	23210	1.482922163063	-25.245714187622
3	23214	1.483528934089	-26.749715805054
3	23218	1.483946837462	-18.37518119812
3	23231	1.484522902939	-26.624605178833
3	23241	1.484980129394	-23.893249511719
3	23245	1.485554256698	-17.505197525024
3	23252	1.486007820471	-16.511262893677
3	23262	1.486509654349	-17.219881057739
3	23272	1.487057011592	-19.903381347656
3	23276	1.487522612909	-24.342060089111
3	23280	1.488007784961	-24.670490264893
3	23293	1.488553358276	-27.778093338013
3	23303	1.489003864436	-33.477142333984
3	23307	1.489542404621	-22.167037963867
3	23314	1.489991113656	-22.492073059082
3	23324	1.49054802974	-29.875263214111
3	23334	1.490973536566	-29.101192474365
3	23338	1.491548476369	-28.949340820312
3	23342	1.491930426639	-18.440593719482
3	23352	1.492504641775	-13.504739761353
3	23365	1.492940042742	-22.300775527954
3	23369	1.493529225742	-17.40022277832
3	23373	1.49391752434	-28.559558868408
3	23383	1.494497526041	-23.427743911743
3	23396	1.494906767622	-23.573703765869
3	23400	1.495488152994	-29.078304290771
3	23404	1.495902238612	-22.63060760498
3	23420	1.496512848237	-13.23917388916
3	23427	1.496874428939	-25.553190231323
3	23431	1.497539254924	-26.872011184692
3	23435	1.497880655808	-33.815525054932
3	23451	1.49854504433	-38.44295501709
3	23455	1.498883262302	-35.848857879639
3	23462	1.499556391078	-23.386129379272
3	23469	1.499896381883	-20.986103057861
3	23487	1.500548968536	-33.479553222656
3	23494	1.500892309435	-22.311304092407
3	23498	1.501574245408	-22.618375778198
3	23505	1.501922569487	-16.13317489624
3	23515	1.502534674164	-27.572687149048
3	23525	1.502905688691	-19.404420852661
3	23529	1.503546531572	-30.904022216797
3	23536	1.503886122813	-19.483114242554
3	23549	1.504528089236	-15.359771728516
3	23556	1.50487932214	-24.631713867188
3	23563	1.505525690669	-10.448858261108
3	23567	1.50588555702	-14.654188156128
3	23580	1.506527325014	-19.526811599731
3	23584	1.506853690669	-29.091886520386
3	23591	1.507538790692	-20.129322052002
3	23601	1.507836290087	-29.252191543579
3	23611	1.508495801288	-26.40526008606
3	23615	1.508881108157	-22.641805648804
3	23622	1.509523185526	-23.857692718506
3	23629	1.509844491283	-29.112958908081
3	23639	1.51047728039	-28.94393157959
3	23646	1.510878503449	-26.051162719727
3	23653	1.511511546629	-12.851325035095
3	23660	1.511855910315	-21.216026306152
3	23670	1.51249928032	-28.997941970825
3	23677	1.512829608685	-20.345491409302
3	23684	1.513526105068	-24.211002349854
3	23691	1.513781714577	-21.637475967407
3	23701	1.514496394162	-34.998401641846
3	23705	1.51473656095	-16.8473072052
3	23715	1.515484756848	-32.38102722168
3	23722	1.515713423074	-31.292219161987
3	23732	1.516484280596	-15.70886516571
3	23736	1.516754037026	-26.256898880005
3	23746	1.517490099078	-22.939725875854
3	23756	1.517723086637	-26.288990020752
3	23763	1.518519655665	-20.849876403809
3	23770	1.518741884315	-27.448295593262
3	23777	1.519527141113	-23.976270675659
3	23787	1.519759555594	-32.727340698242
3	23794	1.520554531441	-21.185468673706
3	23798	1.520721544499	-16.624423980713
3	23811	1.521576477443	-21.716691970825
3	23815	1.521729129468	-19.943359375
3	23828	1.522578452175	-26.718355178833
3	23835	1.522755939247	-30.131275177002
3	23842	1.523610127048	-22.620964050293
3	23846	1.523758416873	-10.305989265442
3	23859	1.524628835346	-26.505662918091
3	23866	1.524720379102	-28.945838928223
3	23873	1.525665067266	-18.261386871338
3	23880	1.525721005461	-26.622114181519
3	23890	1.52666001717	-20.768901824951
3	23894	1.526674592951	-24.397033691406
3	23904	1.527611718737	-19.530597686768
3	23908	1.527656070522	-21.782646179199
3	23921	1.528635417943	-22.469284057617
3	23925	1.528695443629	-22.186798095703
3	23935	1.529609765886	-18.18279838562
3	23942	1.529715939528	-22.214416503906
3	23952	1.530599107183	-18.182556152344
3	23956	1.530702546234	-27.088996887207
3	23969	1.53164517346	-24.736999511719
3	23973	1.531740540581	-26.583744049072
3	23983	1.532639961685	-18.506916046143
3	23990	1.532783862869	-21.6217918396
3	23997	1.533616308914	-20.263965606689
3	24004	1.533804723386	-25.469491958618
3	24014	1.534621520522	-22.940998077393
3	24021	1.534786203269	-17.648876190186
3	24028	1.535655785961	-22.117107391357
3	24032	1.535776701443	-12.786334037781
3	24045	1.536629677672	-16.910888671875
3	24052	1.536801715017	-18.627128601074
3	24059	1.53760000993	-23.055713653564
3	24063	1.537780317004	-27.466562271118
3	24076	1.538597354381	-30.571342468262
3	24083	1.538766190969	-20.821178436279
3	24090	1.539631343618	-22.49291229248
3	24094	1.539721386065	-25.619482040405
3	24107	1.540645011239	-27.164768218994
3	24111	1.540734395425	-19.616863250732
3	24124	1.541690824758	-34.357604980469
3	24128	1.541696857277	-18.962310791016
3	24144	1.542676975471	-23.087774276733
3	24148	1.542680537561	-28.273374557495
3	24155	1.543696506459	-24.895526885986
3	24162	1.543712578347	-13.242066383362
3	24172	1.544684877341	-20.64945602417
3	24176	1.544724253161	-26.610540390015
3	24186	1.545662243117	-35.845081329346
3	24190	1.545679487585	-36.075668334961
3	24200	1.546653872261	-28.445901870728
3	24204	1.546700279088	-29.458763122559
3	24217	1.547684360212	-20.442346572876
3	24221	1.547720331973	-9.142707824707
3	24231	1.548646826117	-26.419868469238
3	24235	1.54868413983	-26.348834991455
3	24248	1.549648859865	-25.504470825195
3	24255	1.549699629435	-37.279560089111
3	24262	1.550609027744	-21.317058563232
3	24266	1.550728694632	-20.940725326538
3	24279	1.551637950084	-16.034261703491
3	24283	1.551716772691	-29.803415298462
3	24293	1.55262209162	-22.827402114868
3	24297	1.552712883336	-22.771520614624
3	24310	1.553611823016	-31.647087097168
3	24314	1.55373364508	-31.701292037964
3	24324	1.554592323206	-24.937047958374
3	24328	1.554686911765	-29.836053848267
3	24341	1.555585067873	-24.02458190918
3	24345	1.555637398826	-21.295866012573
3	24355	1.556540168812	-33.179672241211
3	24359	1.556608925554	-25.56561088562
3	24372	1.557515255999	-27.716342926025
3	24376	1.55765535195	-19.062551498413
3	24386	1.558503483242	-35.312274932861
3	24390	1.558663375842	-15.171268463135
3	24403	1.559484050731	-24.717813491821
3	24407	1.559666535283	-27.7998046875
3	24417	1.56044241091	-25.94704246521
3	24421	1.560625879381	-31.08136177063
3	24437	1.561459332112	-24.571441650391
3	24441	1.561623050776	-25.319253921509
3	24451	1.562459710716	-13.626353263855
3	24455	1.562606884387	-33.345645904541
3	24468	1.563486962216	-26.314403533936
3	24472	1.563647163546	-20.88038444519
3	24482	1.564488764506	-19.086462020874
3	24489	1.564603868879	-29.113023757935
3	24499	1.565441716752	-24.987110137939
3	24503	1.565598845464	-26.76556968689
3	24513	1.566414153176	-29.28603553772
3	24517	1.566589885244	-33.709995269775
3	24530	1.567435089591	-26.530805587769
3	24534	1.567564560961	-10.217910766602
3	24544	1.568468228814	-19.160314559937
3	24548	1.568595058776	-27.04634475708
3	24561	1.569424667085	-34.541667938232
3	24565	1.569612126833	-18.614269256592
3	24575	1.570388469076	-25.56635093689
3	24579	1.570575794779	-13.542420387268
3	24592	1.571411917895	-17.792720794678
3	24599	1.571611044424	-17.778310775757
3	24606	1.572380215255	-31.580869674683
3	24610	1.572611790565	-26.08996963501
3	24623	1.573337509042	-23.605560302734
3	24630	1.5735656327	-25.266445159912
3	24637	1.574370588614	-15.672408103943
3	24641	1.57458801089	-33.406356811523
3	24654	1.575372932854	-19.421300888062
3	24658	1.575560130143	-25.752904891968
3	24668	1.576415714801	-14.379294395447
3	24672	1.576518651293	-20.77166557312
3	24688	1.577463949417	-31.053203582764
3	24692	1.577493868828	-30.465909957886
3	24699	1.578446834443	-30.515197753906
3	24706	1.578521890533	-11.429386138916
3	24716	1.579429062439	-22.103544235229
3	24720	1.579506231268	-25.962055206299
3	24730	1.580390939511	-20.070447921753
3	24734	1.580503414779	-23.506841659546
3	24750	1.581412765382	-25.205533981323
3	24754	1.581478452756	-22.250308990479
3	24764	1.582420190057	-37.195701599121
3	24771	1.582482157934	-24.296522140503
3	24781	1.583385842563	-34.175132751465
3	24788	1.583523795881	-24.773174285889
3	24795	1.5843698441	-30.901222229004
3	24799	1.584517176094	-25.205974578857
3	24812	1.585325273149	-29.381711959839
3	24819	1.585561323472	-38.268524169922
3	24826	1.586305648156	-27.006357192993
3	24830	1.586525054364	-27.263509750366
3	24846	1.58728973081	-26.696407318115
3	24850	1.587525414909	-35.576065063477
3	24857	1.588332150518	-24.214012145996
3	24861	1.588475981669	-17.417907714844
3	24877	1.589313153303	-18.726930618286
3	24881	1.589469876526	-30.314794540405
3	24888	1.590307015142	-26.343143463135
3	24892	1.590432889462	-18.839614868164
3	24908	1.591350844585	-33.392913818359
3	24912	1.59142070215	-30.373529434204
3	24919	1.592309814372	-26.053524017334
3	24923	1.592398741705	-26.233959197998
3	24939	1.59329824957	-16.252513885498
3	24943	1.59336576206	-34.884662628174
3	24950	1.594321888739	-19.311243057251
3	24954	1.594354923515	-27.315240859985
3	24970	1.595358143768	-26.343061447144
3	24974	1.595401201897	-25.852184295654
3	24981	1.596364626497	-23.476360321045
3	24985	1.596413380506	-25.412641525269
3	25001	1.597381184652	-14.673562049866
3	25005	1.597429134659	-28.595813751221
3	25012	1.598367593211	-26.0621509552
3	25016	1.598406280847	-28.703260421753
3	25032	1.599336323717	-28.079359054565
3	25036	1.599379994492	-31.743253707886
3	25040	1.60036257558	-14.035868644714
3	25047	1.600408675673	-25.606456756592
3	25066	1.601318944291	-34.363330841064
3	25070	1.601455940754	-22.62479019165
3	25077	1.602275590691	-15.72251033783
3	25081	1.602413248923	-17.83226776123
3	25097	1.603264225322	-30.32048034668
3	25101	1.603421522858	-35.569820404053
3	25108	1.604291150147	-27.913372039795
3	25112	1.604389276042	-31.505947113037
3	25128	1.605268886862	-36.158851623535
3	25132	1.60543417565	-35.853134155273
3	25139	1.60627334873	-28.312049865723
3	25143	1.606449749679	-21.885599136353
3	25156	1.607232984398	-28.254661560059
3	25163	1.607417938017	-33.06990814209
3	25170	1.60822458453	-25.25880241394
3	25174	1.608402590347	-23.414426803589
3	25184	1.609239388808	-41.042659759521
3	25194	1.609446208905	-30.555786132812
3	25201	1.610258426924	-18.908321380615
3	25208	1.610428314121	-26.8244972229
3	25218	1.611265830816	-14.013265609741
3	25225	1.611409373827	-16.209413528442
3	25232	1.612282133416	-15.418266296387
3	25239	1.612431167634	-26.259376525879
3	25252	1.613259327577	-22.771499633789
3	25256	1.613439395128	-24.800025939941
3	25266	1.614258693362	-25.437566757202
3	25270	1.614478318671	-24.42746925354
3	25283	1.615274742423	-41.573013305664
3	25287	1.615468645841	-29.258378982544
3	25297	1.616261629668	-25.126068115234
3	25301	1.616487085268	-20.675653457642
3	25314	1.617237867969	-32.193664550781
3	25318	1.617528130414	-16.005374908447
3	25328	1.618234780884	-27.728860855103
3	25332	1.61850108456	-25.829925537109
3	25345	1.619267801015	-22.988111495972
3	25349	1.619452304371	-26.434169769287
3	25359	1.620249226978	-24.644289016724
3	25363	1.620452971856	-15.568576812744
3	25379	1.621268991995	-29.441051483154
3	25383	1.62141828867	-26.164432525635
3	25393	1.62224592756	-35.32852935791
3	25397	1.622461311849	-24.039991378784
3	25410	1.623247103717	-27.516775131226
3	25414	1.623413812299	-17.086168289185
3	25424	1.624287474436	-20.963737487793
3	25428	1.624368222561	-23.205995559692
3	25438	1.625284662944	-25.991504669189
3	25445	1.62538280344	-19.459461212158
3	25455	1.626331601835	-21.755289077759
3	25459	1.626344660566	-25.409957885742
3	25469	1.627344586773	-25.060253143311
3	25473	1.627350569433	-32.983489990234
3	25483	1.628314333546	-17.442594528198
3	25487	1.628371113474	-30.923810958862
3	25500	1.629342973358	-23.339588165283
3	25504	1.629362038092	-28.426124572754
3	25514	1.630321292406	-30.037586212158
3	25518	1.630349221298	-27.14672088623
3	25531	1.631306116077	-28.80237197876
3	25535	1.631379027601	-31.692771911621
3	25545	1.632260041434	-29.95530128479
3	25549	1.632354063751	-32.285713195801
3	25562	1.633235093148	-33.977409362793
3	25566	1.633330457405	-29.11527633667
3	25576	1.634251242417	-21.078128814697
3	25580	1.634334345706	-20.472509384155
3	25590	1.635256552573	-34.592678070068
3	25597	1.635373010764	-30.917177200317
3	25607	1.636216806622	-30.08553314209
3	25611	1.636378609013	-19.809394836426
3	25621	1.637179863768	-33.460750579834
3	25628	1.637405822674	-28.153573989868
3	25638	1.638220285768	-24.77286529541
3	25642	1.638364343388	-12.656983375549
3	25652	1.639268244312	-18.069574356079
3	25656	1.639343838358	-15.987345695496
3	25669	1.640231737477	-18.391920089722
3	25673	1.640338063359	-31.390930175781
3	25686	1.641249767647	-24.702394485474
3	25690	1.641355492819	-31.012336730957
3	25703	1.642226116416	-28.684154510498
3	25707	1.642362131154	-37.910167694092
3	25717	1.643230445753	-15.445779800415
3	25721	1.643341560714	-15.857383728027
3	25734	1.644240607568	-24.437423706055
3	25738	1.644325427916	-24.648221969604
3	25748	1.645245649526	-26.524566650391
3	25752	1.64529983684	-21.710489273071
3	25765	1.646279396169	-19.051635742188
3	25769	1.646295905136	-11.173024177551
3	25779	1.64729681215	-21.948637008667
3	25783	1.647321696664	-20.529279708862
3	25796	1.648315805832	-22.617063522339
3	25800	1.64831637921	-25.248540878296
3	25810	1.64926772038	-22.063098907471
3	25814	1.649357143577	-20.516147613525
3	25827	1.650315578978	-29.296478271484
3	25831	1.650348176926	-22.696947097778
3	25841	1.651308684212	-26.35306930542
3	25845	1.651397737858	-23.454582214355
3	25858	1.652335341149	-35.568828582764
3	25862	1.652443730452	-30.777465820312
3	25872	1.653364162356	-19.259056091309
3	25876	1.653432795752	-25.717216491699
3	25889	1.654400509119	-25.817050933838
3	25893	1.654428819781	-16.699256896973
3	25903	1.655385012242	-26.831480026245
3	25907	1.655423486368	-30.312225341797
3	25920	1.656370944754	-31.399200439453
3	25924	1.656374497423	-34.957969665527
3	25934	1.657377161566	-17.539958953857
3	25938	1.657406238008	-20.807674407959
3	25951	1.658350650629	-33.849491119385
3	25955	1.658410175162	-28.222932815552
3	25965	1.659373662997	-20.869169235229
3	25969	1.659392044751	-26.689054489136
3	25982	1.660368384495	-23.373416900635
3	25986	1.660402365761	-27.681341171265
3	25999	1.661418092378	-19.204259872437
3	26003	1.661434933332	-24.546987533569
3	26016	1.662417668555	-30.583129882812
3	26020	1.662437511564	-25.71019744873
3	26030	1.663396164364	-24.926052093506
3	26034	1.66344475282	-32.357524871826
3	26047	1.664370348018	-23.413694381714
3	26054	1.664420717564	-17.963191986084
3	26061	1.665326748035	-27.628967285156
3	26065	1.665374506073	-26.916145324707
3	26078	1.666350954931	-26.129543304443
3	26082	1.666359038427	-30.71820640564
3	26092	1.667333469048	-34.437530517578
3	26096	1.667386225877	-31.045083999634
3	26109	1.668377325464	-25.665264129639
3	26113	1.66838036686	-36.841903686523
3	26123	1.669352093967	-19.078004837036
3	26127	1.669426155367	-13.281727790833
3	26143	1.670315274005	-32.018230438232
3	26147	1.670426696481	-22.512163162231
3	26154	1.671298140413	-21.629413604736
3	26158	1.671457870298	-21.963792800903
3	26171	1.672306199694	-29.468011856079
3	26178	1.672480048809	-25.704322814941
3	26185	1.673290184486	-18.805452346802
3	26189	1.67347228141	-26.306268692017
3	26205	1.674288271179	-31.181911468506
3	26209	1.674452923666	-29.672559738159
3	26216	1.675245838042	-27.147432327271
3	26223	1.675468653165	-25.903930664062
3	26236	1.676289304137	-31.313144683838
3	26243	1.67651283561	-21.340690612793
3	26247	1.67724873031	-24.843944549561
3	26257	1.677522882652	-22.107326507568
3	26267	1.67829387768	-13.382124900818
3	26274	1.67851392171	-17.769630432129
3	26281	1.679341217919	-18.938413619995
3	26288	1.679550917657	-29.578716278076
3	26298	1.680336419736	-27.194484710693
3	26308	1.680553854849	-20.829296112061
3	26315	1.681382987359	-30.444402694702
3	26322	1.681572546391	-28.842788696289
3	26332	1.68234006668	-20.880439758301
3	26339	1.682586880174	-30.975919723511
3	26346	1.683302913679	-20.320924758911
3	26353	1.683598909685	-29.889404296875
3	26363	1.684331650131	-26.989358901978
3	26370	1.684643319858	-37.815212249756
3	26377	1.685378600403	-19.0241355896
3	26384	1.685657481805	-27.971563339233
3	26397	1.68633535568	-22.762014389038
3	26401	1.686609397688	-22.989015579224
3	26408	1.68731258375	-22.262701034546
3	26415	1.687612459694	-24.462106704712
3	26428	1.688266179873	-27.460910797119
3	26432	1.688658205608	-29.437656402588
3	26439	1.6892928284	-20.016510009766
3	26446	1.689677249983	-23.06255531311
3	26456	1.690331364879	-24.90477180481
3	26463	1.690715698632	-29.269578933716
3	26470	1.691285766535	-13.871639251709
3	26477	1.69170900081	-18.874229431152
3	26487	1.692283205234	-19.266624450684
3	26494	1.692701077346	-24.534526824951
3	26501	1.693267514559	-24.824363708496
3	26508	1.693676167264	-20.372510910034
3	26518	1.694251907952	-23.943904876709
3	26525	1.694635400889	-14.006316184998
3	26532	1.695289891007	-22.924200057983
3	26536	1.695626296304	-25.881940841675
3	26552	1.696302160493	-23.769382476807
3	26556	1.696642914055	-30.947526931763
3	26563	1.697285380109	-19.895742416382
3	26570	1.697611096928	-26.210954666138
3	26580	1.698334818295	-17.309196472168
3	26587	1.698567336728	-24.898384094238
3	26594	1.699306332733	-27.812696456909
3	26598	1.699555190839	-29.490631103516
3	26611	1.700348239055	-31.408273696899
3	26621	1.700566479118	-22.651224136353
3	26628	1.701376999448	-28.353963851929
3	26632	1.701539465924	-30.167711257935
3	26648	1.702399413381	-24.884334564209
3	26655	1.702549305889	-20.488256454468
3	26659	1.703446225068	-24.37133026123
3	26663	1.703501718882	-27.949026107788
3	26676	1.704461214423	-30.154096603394
3	26683	1.704511327497	-29.86594581604
3	26690	1.705440438127	-6.1951756477356
3	26694	1.705526991282	-29.026628494263
3	26707	1.70646758387	-25.18434715271
3	26711	1.706485775475	-18.841480255127
3	26721	1.707459748012	-21.774700164795
3	26725	1.707481643726	-20.224403381348
3	26738	1.708433378518	-23.094095230103
3	26745	1.708462332184	-15.512910842896
3	26752	1.709425206193	-22.425611495972
3	26756	1.709436793307	-27.67031288147
3	26769	1.710381774641	-19.607749938965
3	26776	1.710426575616	-37.830173492432
3	26783	1.711360488031	-27.651607513428
3	26787	1.711398374565	-24.971382141113
3	26800	1.712371444084	-22.594738006592
3	26804	1.712389922664	-25.60040473938
3	26814	1.713365913537	-23.019596099854
3	26818	1.713414656674	-24.354204177856
3	26828	1.714332515503	-23.682590484619
3	26835	1.714417886395	-18.944728851318
3	26845	1.715300648516	-25.027297973633
3	26849	1.715392973725	-24.780822753906
3	26859	1.716343448552	-30.940322875977
3	26866	1.716392897146	-24.954465866089
3	26876	1.717357050269	-18.525949478149
3	26880	1.717389098495	-32.395580291748
3	26893	1.71832354114	-18.740905761719
3	26897	1.718400433925	-23.675294876099
3	26907	1.719361669744	-20.862512588501
3	26911	1.719383344005	-12.865105628967
3	26921	1.720329293401	-23.904897689819
3	26928	1.720341496783	-21.773946762085
3	26941	1.721318714914	-21.369464874268
3	26945	1.721345772476	-25.434711456299
3	26955	1.722281244562	-35.273517608643
3	26959	1.722315747309	-26.488164901733
3	26975	1.723273391975	-14.308778762817
3	26979	1.723277421637	-29.487356185913
3	26986	1.724252468299	-21.464084625244
3	26990	1.724265542829	-14.698195457458
3	27009	1.725226899474	-18.991968154907
3	27013	1.725267001753	-29.688854217529
3	27017	1.726187162909	-34.609573364258
3	27021	1.726230324039	-28.582397460938
3	27034	1.727219109603	-22.984437942505
3	27038	1.727225146945	-29.129249572754
3	27048	1.728181697043	-34.308197021484
3	27052	1.728217139149	-28.650995254517
3	27065	1.72919370111	-16.248825073242
3	27069	1.729196187904	-29.518058776855
3	27079	1.730148041414	-27.127222061157
3	27083	1.73015176455	-26.14256477356
3	27096	1.731114863503	-24.941219329834
3	27100	1.731117382121	-18.010520935059
3	27110	1.732079964738	-30.893434524536
3	27114	1.732130674212	-25.944116592407
3	27127	1.733039766212	-24.083585739136
3	27131	1.733129365828	-11.088905334473
3	27141	1.734077884781	-15.752206802368
3	27145	1.734145292087	-20.491800308228
3	27158	1.735047556585	-27.060445785522
3	27162	1.735097421125	-24.453649520874
3	27172	1.736083188001	-30.41717338562
3	27176	1.736133601858	-30.594148635864
3	27189	1.737089680203	-18.370578765869
3	27196	1.737169209532	-17.187191009521
3	27203	1.738055333935	-27.358558654785
3	27207	1.738149484819	-26.372577667236
3	27223	1.739012373059	-25.246131896973
3	27227	1.73911991475	-17.098300933838
3	27234	1.740052371993	-25.242540359497
3	27238	1.740127874056	-23.640270233154
3	27257	1.741007414238	-26.307825088501
3	27261	1.741130735663	-20.639638900757
3	27268	1.741991699188	-25.372743606567
3	27272	1.742096981375	-21.734741210938
3	27288	1.742970211076	-25.686069488525
3	27292	1.743134109601	-28.528860092163
3	27299	1.743967239662	-28.792474746704
3	27303	1.744107487576	-24.569328308105
3	27319	1.74497080819	-27.578969955444
3	27323	1.745069910111	-24.701602935791
3	27330	1.745953451678	-27.604076385498
3	27334	1.746094622984	-29.836458206177
3	27350	1.746974082471	-20.609178543091
3	27354	1.747120115463	-25.588626861572
3	27361	1.747933214616	-24.549884796143
3	27365	1.74810408797	-17.053565979004
3	27381	1.748888473612	-27.1741065979
3	27385	1.749090903003	-27.728046417236
3	27392	1.749873513026	-23.32702255249
3	27398	1.750094158268	-22.366527557373
3	27414	1.750868056702	-17.287158966064
3	27418	1.751101150867	-23.150465011597
3	27425	1.751879839596	-28.399471282959
3	27432	1.75206903804	-20.998424530029
3	27445	1.752923181404	-30.32346534729
3	27449	1.753024316509	-21.981334686279
3	27456	1.753973068135	-26.589849472046
3	27460	1.754047657385	-25.885074615479
3	27476	1.754927169574	-28.979307174683
3	27480	1.75500188949	-23.89119720459
3	27487	1.75590618149	-32.860382080078
3	27494	1.756005292508	-21.223602294922
3	27507	1.7568688897	-18.393220901489
3	27511	1.756997640607	-24.270011901855
3	27518	1.757850412792	-25.104763031006
3	27522	1.757984115325	-18.822549819946
3	27538	1.758888267071	-27.345687866211
3	27542	1.758935831366	-22.603143692017
3	27549	1.759847358633	-30.839551925659
3	27553	1.759928645506	-29.600416183472
3	27572	1.760801047854	-40.761505126953
3	27576	1.760937675409	-20.379175186157
3	27583	1.76180858171	-30.903573989868
3	27587	1.761914222074	-17.184778213501
3	27603	1.762768646089	-17.944662094116
3	27607	1.762935333396	-18.822603225708
3	27614	1.763776203597	-29.803434371948
3	27618	1.763932364407	-18.458532333374
3	27634	1.764774665914	-22.7705078125
3	27638	1.764891380175	-26.969158172607
3	27645	1.765766852398	-30.429609298706
3	27649	1.765912996937	-23.151727676392
3	27665	1.766790041761	-26.894336700439
3	27669	1.766906146616	-27.162540435791
3	27676	1.767742558783	-28.553262710571
3	27680	1.767925653905	-27.205080032349
3	27696	1.768727252343	-16.362955093384
3	27700	1.768949037215	-24.971210479736
3	27707	1.76970959002	-33.380226135254
3	27714	1.76997210498	-31.385898590088
3	27727	1.770720342187	-24.341201782227
3	27731	1.770978247175	-21.917749404907
3	27738	1.771685301757	-25.722043991089
3	27745	1.772011112615	-13.909199714661
3	27758	1.772712325661	-28.107202529907
3	27762	1.773053698799	-19.078344345093
3	27769	1.773758405335	-18.158882141113
3	27776	1.774043197611	-28.039472579956
3	27789	1.774710908937	-23.475315093994
3	27793	1.775063382569	-15.360404968262
3	27800	1.775733747701	-27.525241851807
3	27807	1.776065401973	-21.230058670044
3	27820	1.776710769391	-14.272057533264
3	27824	1.77703913947	-22.346738815308
3	27831	1.777704504098	-32.986747741699
3	27838	1.778026106345	-25.875230789185
3	27851	1.778678736315	-18.69282913208
3	27855	1.779004982332	-17.334766387939
3	27862	1.779658584209	-25.89500617981
3	27866	1.7799686075	-22.000612258911
3	27885	1.780699097732	-20.264305114746
3	27889	1.781008688363	-27.116256713867
3	27896	1.781717989198	-30.456087112427
3	27903	1.782040600225	-30.673227310181
3	27913	1.782716211933	-24.830558776855
3	27920	1.783028981232	-9.8754739761353
3	27927	1.783756087794	-24.536447525024
3	27934	1.783997525667	-27.761068344116
3	27944	1.784734618685	-17.033132553101
3	27951	1.785006275017	-11.155188560486
3	27958	1.785709666177	-27.886472702026
3	27965	1.786041754801	-15.601313591003
3	27978	1.786684415214	-19.982475280762
3	27982	1.787053547479	-28.551895141602
3	27989	1.787671075891	-15.232947349548
3	27999	1.788091519611	-30.628637313843
3	28006	1.788626187008	-26.065279006958
3	28016	1.789056652199	-22.571153640747
3	28020	1.789593657247	-24.703876495361
3	28030	1.790024420171	-23.005493164062
3	28037	1.790559863907	-29.429550170898
3	28044	1.791063988925	-21.138200759888
3	28051	1.791560137945	-26.251159667969
3	28061	1.792087262099	-18.67516708374
3	28068	1.792510475746	-23.893600463867
3	28075	1.793048746897	-24.39031791687
3	28082	1.793462006912	-30.712558746338
3	28092	1.794061029498	-23.773761749268
3	28099	1.794450891788	-20.507131576538
3	28109	1.795075034863	-26.402647018433
3	28113	1.795423482982	-37.956150054932
3	28123	1.796084469031	-11.210789680481
3	28127	1.796424206088	-33.030941009521
3	28140	1.797099464295	-29.324850082397
3	28144	1.797435253933	-19.011966705322
3	28154	1.798062211681	-23.645719528198
3	28158	1.798395243747	-19.200319290161
3	28168	1.799053441437	-31.139686584473
3	28175	1.799355707448	-20.080005645752
3	28188	1.80008187522	-21.05357170105
3	28192	1.800352665078	-22.278589248657
3	28202	1.801115280932	-28.21385383606
3	28209	1.801312328408	-27.881513595581
3	28219	1.802089766846	-19.385482788086
3	28223	1.802275445837	-25.641593933105
3	28236	1.803060773234	-27.896780014038
3	28240	1.80327937998	-27.571434020996
3	28247	1.804076902012	-13.76726436615
3	28254	1.804306128851	-23.586950302124
3	28264	1.805062262048	-23.757558822632
3	28271	1.805259137427	-24.943004608154
3	28278	1.806086747816	-27.65541267395
3	28285	1.806220220916	-30.948802947998
3	28295	1.80704279819	-26.545526504517
3	28302	1.807239386409	-22.419546127319
3	28312	1.808053204214	-23.061573028564
3	28316	1.808260790475	-12.42707157135
3	28329	1.80909150033	-23.230457305908
3	28333	1.80924342683	-25.312528610229
3	28343	1.810130427398	-18.428121566772
3	28347	1.810204044776	-26.678476333618
3	28360	1.811161859552	-29.251430511475
3	28364	1.811181028332	-28.425951004028
3	28374	1.81212695339	-19.547439575195
3	28378	1.812175448022	-24.883422851562
3	28391	1.813150176499	-23.981304168701
3	28395	1.813171408119	-28.964464187622
3	28405	1.814140733175	-29.212295532227
3	28409	1.8141479735	-18.246629714966
3	28422	1.815105152373	-24.80304145813
3	28426	1.815114195105	-21.415441513062
3	28436	1.816108289224	-26.143117904663
3	28440	1.816126914949	-24.52716255188
3	28453	1.817089002868	-18.383123397827
3	28457	1.817104607942	-36.13000869751
3	28467	1.818073114947	-33.989433288574
3	28471	1.818152090145	-32.227443695068
3	28481	1.819033739235	-20.397291183472
3	28488	1.819170344914	-21.372747421265
3	28501	1.820073167653	-35.585792541504
3	28505	1.820123859261	-25.947721481323
3	28512	1.82108350936	-25.182994842529
3	28519	1.821098281389	-36.837089538574
3	28529	1.82211975361	-19.262126922607
3	28533	1.8221231084	-22.527736663818
3	28549	1.823130013852	-13.968237876892
3	28553	1.823168774488	-23.42777633667
3	28560	1.824111584468	-24.049365997314
3	28564	1.824157571201	-9.8397750854492
3	28577	1.825109525949	-34.105876922607
3	28581	1.825121021699	-21.67303276062
3	28591	1.8261532134	-23.41174697876
3	28595	1.82616051377	-27.610710144043
3	28608	1.827115574015	-35.36780166626
3	28612	1.827122476818	-23.384832382202
3	28622	1.828121915949	-31.551250457764
3	28629	1.828153336323	-25.503694534302
3	28642	1.829147367683	-32.571853637695
3	28646	1.829171360283	-17.46181678772
3	28659	1.830151523192	-19.790021896362
3	28663	1.830183053642	-27.574434280396
3	28670	1.831158762484	-31.015003204346
3	28680	1.831222309753	-19.838001251221
3	28690	1.832175701341	-23.979341506958
3	28694	1.832187483938	-25.241857528687
3	28701	1.83321013957	-22.054904937744
3	28708	1.833210979151	-16.617282867432
3	28721	1.834236413098	-22.094381332397
3	28725	1.834256759263	-25.524005889893
3	28732	1.835270162448	-17.825613021851
3	28739	1.835282746465	-35.452602386475
3	28749	1.836238205131	-30.156209945679
3	28753	1.836252103299	-31.039478302002
3	28763	1.837215377156	-10.83763885498
3	28767	1.837248043146	-28.703199386597
3	28780	1.83820259405	-17.06644821167
3	28784	1.838249603924	-23.314437866211
3	28794	1.839227668596	-28.04843711853
3	28798	1.839236372604	-31.188642501831
3	28814	1.840183008088	-30.371246337891
3	28818	1.840262163998	-26.10147857666
3	28828	1.841200003113	-19.323753356934
3	28832	1.841262041817	-22.205532073975
3	28845	1.842189729248	-38.604026794434
3	28849	1.842282806272	-18.847402572632
3	28862	1.843214276924	-30.201745986938
3	28866	1.843259059765	-33.703853607178
3	28873	1.844218638049	-27.953624725342
3	28880	1.84425530876	-23.052061080933
3	28893	1.845227321384	-20.41773223877
3	28897	1.845255301611	-29.621391296387
3	28907	1.846189825679	-15.812702178955
3	28911	1.846268268906	-25.652484893799
3	28924	1.84719164333	-22.935871124268
3	28928	1.847246280302	-28.580448150635
3	28938	1.848201978458	-30.995128631592
3	28942	1.848220309599	-19.37508392334
3	28952	1.849231559336	-16.866500854492
3	28956	1.849244195755	-32.29838180542
3	28966	1.850203639626	-27.681211471558
3	28976	1.850265158038	-27.689069747925
3	28986	1.851226658323	-17.525085449219
3	28990	1.851258321338	-25.812294006348
3	28997	1.852266397918	-28.490739822388
3	29004	1.852288639367	-25.500371932983
3	29014	1.853265023779	-22.147333145142
3	29018	1.853276549083	-37.361957550049
3	29031	1.854221000488	-18.997297286987
3	29038	1.854300096566	-27.404850006104
3	29045	1.855207758736	-27.543045043945
3	29049	1.855271895309	-28.466979980469
3	29062	1.856185013603	-37.126640319824
3	29066	1.856276689242	-29.400014877319
3	29076	1.85717317157	-17.64037322998
3	29080	1.857282002571	-24.344108581543
3	29090	1.858167476121	-15.637956619263
3	29097	1.858302673394	-24.740795135498
3	29104	1.859124617705	-26.602903366089
3	29111	1.859325417072	-29.722072601318
3	29127	1.860123039196	-18.235614776611
3	29131	1.860278791021	-33.702026367188
3	29141	1.861083838291	-25.099153518677
3	29145	1.861307932029	-30.520442962646
3	29158	1.862112369535	-16.98450088501
3	29162	1.862309741428	-30.545381546021
3	29169	1.86307170919	-26.460443496704
3	29176	1.863334179787	-10.001661300659
3	29186	1.864114433961	-23.749279022217
3	29193	1.864284916928	-28.723594665527
3	29203	1.86513500403	-28.270690917969
3	29207	1.865325933055	-16.311996459961
3	29217	1.866167220204	-23.048332214355
3	29224	1.866349198741	-31.826400756836
3	29234	1.867192610036	-31.110591888428
3	29238	1.867375862968	-27.52367401123
3	29251	1.868198588531	-24.509464263916
3	29255	1.868371885093	-26.159517288208
3	29265	1.869214720338	-24.924516677856
3	29269	1.869329687998	-34.940891265869
3	29282	1.870238902126	-15.166165351868
3	29286	1.870293795866	-37.184143066406
3	29296	1.871255440335	-26.074140548706
3	29300	1.87132747224	-27.293130874634
3	29313	1.872216055908	-18.80260848999
3	29317	1.872307611828	-16.49059677124
3	29327	1.873173327942	-29.630916595459
3	29331	1.873332759719	-27.68478012085
3	29344	1.874167240121	-24.671663284302
3	29348	1.874358801314	-21.020166397095
3	29358	1.875146848435	-19.928144454956
3	29362	1.875395966333	-28.483501434326
3	29375	1.876158706204	-27.187259674072
3	29379	1.876374071246	-22.944246292114
3	29389	1.877175452995	-35.118057250977
3	29396	1.877405404522	-15.476392745972
3	29406	1.878168255989	-25.771493911743
3	29410	1.878380009744	-30.573202133179
3	29420	1.879119354977	-28.08952331543
3	29424	1.87937746037	-21.45475769043
3	29440	1.880166250578	-30.878175735474
3	29447	1.880357266768	-29.512702941895
3	29454	1.881120697826	-25.992792129517
3	29458	1.881335018254	-37.979629516602
3	29474	1.88215096391	-30.695446014404
3	29478	1.882327065285	-26.463569641113
3	29485	1.883187843622	-23.127002716064
3	29489	1.883348426127	-31.271389007568
3	29505	1.884161992018	-26.835416793823
3	29509	1.884374668013	-17.769048690796
3	29516	1.8851341258	-28.696060180664
3	29520	1.885341002056	-20.088947296143
3	29533	1.886144866674	-23.019435882568
3	29540	1.886300291125	-25.287609100342
3	29547	1.887136122924	-13.908971786499
3	29551	1.887268080392	-29.20627784729
3	29567	1.88815063235	-24.859544754028
3	29571	1.888233057087	-23.647659301758
3	29578	1.889196264359	-29.816158294678
3	29582	1.889273105865	-28.112823486328
3	29598	1.890234863024	-22.583433151245
3	29602	1.890257492252	-30.007749557495
3	29609	1.891246539753	-22.283294677734
3	29613	1.891259100451	-33.488967895508
3	29629	1.892198698585	-27.721750259399
3	29633	1.892214619082	-26.844873428345
3	29640	1.893234208764	-19.582925796509
3	29644	1.893261490491	-23.53955078125
3	29660	1.894190048426	-24.406246185303
3	29664	1.894255561683	-21.8469581604
3	29671	1.895204570527	-28.624956130981
3	29675	1.895263076546	-22.289360046387
3	29691	1.896235806347	-17.527687072754
3	29695	1.896246497668	-27.748195648193
3	29702	1.897196596063	-20.268085479736
3	29706	1.897287566314	-25.570283889771
3	29722	1.898168227339	-24.466638565063
3	29726	1.898282756885	-28.857980728149
3	29730	1.899130318086	-16.168231964111
3	29740	1.899281322569	-26.191814422607
3	29753	1.900087357991	-17.159427642822
3	29760	1.900311299087	-26.42972946167
3	29767	1.901088594315	-30.593528747559
3	29774	1.901332606862	-32.262371063232
3	29784	1.902057958935	-20.213859558105
3	29788	1.902381082476	-19.991598129272
3	29801	1.903067575279	-23.050144195557
3	29805	1.903427267063	-18.407609939575
3	29815	1.904075788272	-35.385013580322
3	29819	1.904381066861	-25.992000579834
3	29829	1.905123755543	-28.282321929932
3	29836	1.905389293827	-31.434206008911
3	29846	1.906073937268	-27.48949432373
3	29850	1.906411882138	-29.107513427734
3	29863	1.90708746007	-19.430927276611
3	29867	1.90742212268	-25.45672416687
3	29877	1.908103042726	-18.03914642334
3	29881	1.908438436764	-28.489391326904
3	29894	1.90909715461	-32.478313446045
3	29901	1.909449595825	-17.978586196899
3	29908	1.910141543083	-20.248487472534
3	29912	1.910407251705	-17.022653579712
3	29925	1.911185824229	-30.80064201355
3	29929	1.911367627675	-17.090229034424
3	29939	1.912223629237	-33.143569946289
3	29943	1.912344309639	-14.188653945923
3	29956	1.913176124271	-22.613229751587
3	29960	1.913324781909	-27.916397094727
3	29970	1.914179764857	-24.882797241211
3	29974	1.914333115543	-30.9162940979
3	29984	1.915179698039	-26.527048110962
3	29991	1.915336546494	-26.872400283813
3	30001	1.916144735644	-16.372497558594
3	30005	1.916324690303	-23.892242431641
3	30018	1.91718270535	-20.988641738892
3	30022	1.91733978507	-28.153825759888
3	30032	1.918205673849	-28.94948387146
3	30036	1.91833318208	-23.991785049438
3	30049	1.919251863437	-27.876876831055
3	30053	1.919355710101	-20.337623596191
3	30066	1.920278385963	-25.186616897583
3	30070	1.920343200404	-20.6926612854
3	30083	1.921326258037	-24.758058547974
3	30087	1.921337630063	-20.280710220337
3	30097	1.922312528683	-21.93782043457
3	30101	1.922378001862	-26.144186019897
3	30114	1.923304969683	-17.337621688843
3	30118	1.923376967565	-17.031970977783
3	30128	1.924263840254	-24.38038444519
3	30132	1.924403071737	-27.349775314331
3	30145	1.925301349636	-24.480983734131
3	30149	1.925361643397	-32.75611114502
3	30159	1.92628578165	-23.695316314697
3	30163	1.926407627328	-31.563545227051
3	30176	1.92726961728	-27.781015396118
3	30180	1.927428174739	-26.613561630249
3	30190	1.928317189459	-16.456104278564
3	30194	1.928379614757	-20.603384017944
3	30207	1.929316619542	-24.486465454102
3	30211	1.929361076109	-26.771984100342
3	30221	1.930349365012	-21.793687820435
3	30225	1.930361885234	-22.418968200684
3	30238	1.931299666478	-20.192504882812
3	30242	1.931314180861	-26.020774841309
3	30252	1.932261066396	-23.931325912476
3	30256	1.932304533245	-21.765813827515
3	30269	1.933221605439	-28.067359924316
3	30273	1.933317460966	-22.223781585693
3	30283	1.934261486491	-27.41282081604
3	30287	1.934279851986	-23.829885482788
3	30300	1.935287745759	-15.716794967651
3	30304	1.935302019895	-26.717645645142
3	30314	1.936306291908	-14.626935958862
3	30318	1.93632100957	-21.517404556274
3	30331	1.937349775398	-16.629718780518
3	30335	1.937355960757	-30.755149841309
3	30351	1.938308461603	-26.829015731812
3	30355	1.938329030219	-18.254175186157
3	30362	1.939294284826	-20.093082427979
3	30366	1.939374791158	-27.976715087891
3	30382	1.940278554329	-22.642612457275
3	30386	1.940326124616	-26.467527389526
3	30396	1.941271556594	-26.535568237305
3	30400	1.941313988166	-20.563055038452
3	30416	1.942225928839	-26.826984405518
3	30420	1.942270212128	-26.09779548645
3	30427	1.943227430556	-26.444171905518
3	30431	1.943275426996	-15.579639434814
3	30441	1.944245995224	-15.163541793823
3	30451	1.944298060742	-30.13917350769
3	30458	1.945277283141	-23.419437408447
3	30462	1.945341644376	-26.947700500488
3	30475	1.946233049147	-18.972146987915
3	30479	1.946317500269	-19.323768615723
3	30489	1.947267923778	-29.192953109741
3	30493	1.947278191859	-16.618457794189
3	30509	1.948275044296	-20.534473419189
3	30513	1.948305902808	-29.280479431152
3	30520	1.949274416893	-24.369855880737
3	30524	1.94931613407	-27.155195236206
3	30540	1.950242885172	-26.045082092285
3	30544	1.950365212516	-34.18083190918
3	30551	1.951244285179	-17.600196838379
3	30555	1.951375646394	-12.980628967285
3	30571	1.952234135922	-27.446895599365
3	30575	1.952358282199	-18.35998916626
3	30582	1.953227066017	-25.005592346191
3	30586	1.953377506789	-26.383302688599
3	30599	1.954234341022	-16.587268829346
3	30606	1.954372008596	-25.831037521362
3	30613	1.95521235274	-22.81342124939
3	30617	1.955384226493	-33.143589019775
3	30627	1.956189014642	-14.085436820984
3	30634	1.956347141087	-33.770462036133
3	30644	1.957212088254	-20.67632484436
3	30648	1.957330664337	-24.69896697998
3	30658	1.958231419715	-24.549180984497
3	30668	1.958363891839	-25.608823776245
3	30675	1.959255096011	-25.208240509033
3	30679	1.959321323307	-30.425523757935
3	30695	1.960212364641	-19.773864746094
3	30705	1.960356709348	-30.20729637146
3	30709	1.961240942604	-22.57592010498
3	30713	1.961377510047	-27.157384872437
3	30729	1.962286527109	-36.924015045166
3	30733	1.962394431589	-21.415292739868
3	30740	1.963299803483	-33.713645935059
3	30744	1.963349896803	-23.149585723877
3	30760	1.964276041681	-4.5385336875916
3	30764	1.964358546272	-23.672183990479
3	30771	1.9652477212	-23.966184616089
3	30775	1.965386482465	-14.995882034302
3	30788	1.966274275127	-30.86408996582
3	30795	1.966414390184	-31.73321723938
3	30802	1.967308954242	-24.872135162354
3	30806	1.96738240282	-21.025117874146
3	30822	1.968292294192	-26.944030761719
3	30826	1.968415160256	-15.402866363525
3	30833	1.969250135861	-27.7317943573
3	30837	1.969401231174	-28.747037887573
3	30853	1.970210211094	-16.049621582031
3	30857	1.970441822277	-18.938789367676
3	30864	1.97116967004	-11.632203102112
3	30868	1.971410840683	-28.492383956909
3	30881	1.972198500133	-21.638776779175
3	30888	1.97240407701	-28.903835296631
3	30895	1.973224469309	-23.112028121948
3	30899	1.973378269352	-22.838209152222
3	30915	1.974252153147	-21.989624023438
3	30919	1.97438880427	-14.842462539673
3	30926	1.975245537985	-19.68759727478
3	30930	1.975389257612	-22.243480682373
3	30946	1.976200992399	-33.995262145996
3	30950	1.976355034448	-13.772040367126
3	30957	1.977167973192	-20.96222114563
3	30961	1.977386040219	-22.922340393066
3	30974	1.978118796619	-29.984148025513
3	30981	1.978412025326	-35.303443908691
3	30988	1.979148024413	-15.827058792114
3	30992	1.979436473859	-26.824983596802
3	31011	1.980158676671	-19.299585342407
3	31015	1.9804504042	-16.187236785889
3	31022	1.981153387547	-28.288391113281
3	31026	1.981448093344	-21.377836227417
3	31042	1.982126412581	-31.799968719482
3	31046	1.982421342634	-26.382120132446
3	31053	1.983101438173	-25.582609176636
3	31057	1.983396153678	-21.45002746582
3	31073	1.984131988948	-17.818695068359
3	31077	1.984400062818	-25.917911529541
3	31084	1.985111343036	-31.089546203613
3	31088	1.985437781693	-15.978949546814
3	31104	1.986144586732	-38.40909576416
3	31108	1.986453069104	-14.852236747742
3	31115	1.98709978655	-18.282592773438
3	31122	1.987467849675	-24.706121444702
3	31132	1.988119447408	-18.785013198853
3	31142	1.988497391285	-22.250263214111
3	31146	1.989102306708	-27.156059265137
3	31153	1.989497169987	-29.1871509552
3	31163	1.990064744339	-27.434133529663
3	31170	1.990519502903	-28.950340270996
3	31177	1.991020553866	-29.535358428955
3	31184	1.991524267216	-21.904867172241
3	31194	1.992036583359	-24.48543548584
3	31204	1.992513111394	-31.535711288452
3	31208	1.993047271736	-21.463647842407
3	31215	1.993514929804	-26.585609436035
3	31225	1.994026305939	-21.152349472046
3	31229	1.994479961969	-28.17234992981
3	31239	1.995009566037	-28.096218109131
3	31246	1.995512236673	-25.842309951782
3	31256	1.996041509722	-24.488033294678
3	31263	1.996522320877	-27.309114456177
3	31270	1.997082972162	-15.877511978149
3	31280	1.997485229289	-16.975845336914
3	31287	1.998068756191	-27.016714096069
3	31294	1.998508587378	-17.902221679688
3	31301	1.999076265735	-23.601631164551
3	31317	1.999536487958	-16.591125488281
3	31323	2.000068931824	-24.558683395386
3	31330	2.000519262792	-30.06715965271
3	31340	2.001074416382	-24.960676193237
3	31350	2.001537836643	-27.488313674927
3	31354	2.002107154589	-17.154930114746
3	31361	2.002539350369	-33.290012359619
3	31371	2.003118293845	-28.714433670044
3	31381	2.003554530961	-21.437185287476
3	31385	2.004147583392	-20.884841918945
3	31392	2.004541585553	-31.564746856689
3	31399	2.005132474176	-30.7555809021
3	31409	2.005553567901	-33.850563049316
3	31416	2.00608333834	-29.00364112854
3	31426	2.006566053313	-18.072143554688
3	31430	2.007093648576	-23.196134567261
3	31440	2.007592756584	-24.414630889893
3	31447	2.008085216346	-23.806512832642
3	31457	2.00860426907	-25.035976409912
3	31464	2.00909078515	-36.196594238281
3	31471	2.009624486484	-23.356233596802
3	31478	2.010103322858	-28.304862976074
3	31488	2.010625762377	-29.317106246948
3	31495	2.011069055936	-22.998620986938
3	31502	2.01164329316	-20.456386566162
3	31509	2.012046249306	-29.982957839966
3	31519	2.012638547283	-28.514747619629
3	31526	2.013056178654	-26.654796600342
3	31533	2.01358995602	-25.362239837646
3	31540	2.014080967047	-34.113338470459
3	31547	2.014551214991	-23.109544754028
3	31557	2.015115507725	-24.856094360352
3	31564	2.015600448983	-27.833396911621
3	31574	2.016163232688	-22.974180221558
3	31581	2.016595301915	-21.516551971436
3	31588	2.0171226098	-22.376440048218
3	31592	2.017604278072	-24.520347595215
3	31602	2.018089365787	-20.242191314697
3	31612	2.018652793576	-34.390613555908
3	31619	2.019092011448	-18.632545471191
3	31629	2.019630465839	-29.089574813843
3	31636	2.020078179584	-22.320436477661
3	31646	2.020659592595	-24.48533821106
3	31653	2.021059308143	-24.922735214233
3	31660	2.021620693245	-15.3137550354
3	31670	2.022073213793	-29.734197616577
3	31677	2.022628785152	-22.319072723389
3	31681	2.023084040943	-21.223573684692
3	31691	2.023585844381	-25.975379943848
3	31701	2.024081707968	-36.550617218018
3	31708	2.024601188172	-27.534055709839
3	31715	2.025110625072	-28.931871414185
3	31722	2.025573583237	-25.621118545532
3	31732	2.026121998251	-27.338188171387
3	31736	2.026603234467	-25.145404815674
3	31746	2.027081413664	-35.01244354248
3	31750	2.02755670359	-24.643280029297
3	31763	2.028070182645	-29.883054733276
3	31770	2.028579812248	-35.171722412109
3	31777	2.029076272358	-20.39644241333
3	31784	2.029546271305	-19.603818893433
3	31794	2.030067932643	-20.206674575806
3	31801	2.030541614122	-31.215532302856
3	31808	2.031087115795	-17.885297775269
3	31815	2.031553770168	-16.862495422363
3	31825	2.032075943178	-19.316934585571
3	31832	2.032595168165	-19.74847984314
3	31839	2.033113608904	-26.423192977905
3	31849	2.03359794817	-12.602615356445
3	31859	2.034150273106	-15.695281028748
3	31863	2.034571142854	-22.211303710938
3	31870	2.035107660994	-24.692667007446
3	31880	2.035595831478	-29.575912475586
3	31890	2.036124859941	-20.459028244019
3	31894	2.036552130771	-29.323335647583
3	31901	2.037089734053	-13.899577140808
3	31911	2.037593204097	-16.124197006226
3	31921	2.038139224529	-21.244386672974
3	31925	2.038624259063	-15.703949928284
3	31932	2.039099475866	-20.390741348267
3	31945	2.03966750434	-10.08397102356
3	31952	2.04008390145	-15.959859848022
3	31959	2.040634227492	-20.557514190674
3	31969	2.041101076215	-19.894367218018
3	31976	2.041661719104	-26.455459594727
3	31986	2.042108142681	-28.832611083984
3	31990	2.042678998296	-21.669063568115
3	31997	2.043096735154	-18.517681121826
3	32007	2.043724876753	-26.083372116089
3	32017	2.044133038583	-18.994812011719
3	32021	2.04469457116	-20.471857070923
3	32028	2.045162932277	-12.981917381287
3	32038	2.045700442365	-19.212097167969
3	32048	2.046153841195	-21.960121154785
3	32052	2.046729877548	-24.148368835449
3	32062	2.047144584153	-22.101299285889
3	32069	2.047704942257	-24.195970535278
3	32079	2.048133842582	-15.588422775269
3	32083	2.048667140983	-26.880121231079
3	32093	2.049166985402	-13.771339416504
3	32103	2.049656884378	-10.0766248703
3	32110	2.050171765352	-21.730094909668
3	32114	2.05067348596	-28.655029296875
3	32124	2.051182036401	-38.469596862793
3	32131	2.051658620398	-16.934867858887
3	32141	2.052178717019	-26.680696487427
3	32145	2.052652199633	-30.672258377075
3	32155	2.053131318316	-29.548513412476
3	32162	2.05362984234	-30.231037139893
3	32172	2.054088452958	-22.60764503479
3	32176	2.054601874685	-33.980285644531
3	32186	2.055063856153	-42.093055725098
3	32193	2.05556628925	-19.518440246582
3	32203	2.056052311767	-22.222480773926
3	32207	2.056592364635	-26.754512786865
3	32211	2.057038310036	-26.386520385742
3	32224	2.057547880715	-24.229804992676
3	32234	2.058052880739	-24.379234313965
3	32238	2.058522932519	-29.052137374878
3	32245	2.059049596692	-30.153427124023
3	32261	2.059544887081	-24.060928344727
3	32268	2.060095853617	-31.655542373657
3	32272	2.060562921199	-26.54005241394
3	32282	2.061065118654	-15.831943511963
3	32292	2.061581234924	-30.343656539917
3	32299	2.062039558442	-19.104328155518
3	32303	2.062629862118	-33.86238861084
3	32310	2.06302026959	-24.662107467651
3	32326	2.063650109926	-24.571590423584
3	32330	2.064009628658	-26.126348495483
3	32334	2.064618330399	-19.764221191406
3	32341	2.065057024021	-26.962760925293
3	32354	2.065576936663	-35.029224395752
3	32361	2.066016194458	-38.550117492676
3	32365	2.066541783194	-31.222692489624
3	32372	2.067011937544	-32.387714385986
3	32385	2.067576538316	-23.106924057007
3	32392	2.068027110064	-22.822721481323
3	32396	2.068550069434	-21.738483428955
3	32403	2.069033279441	-30.826589584351
3	32419	2.069551069068	-19.802932739258
3	32423	2.070045735905	-30.062005996704
3	32427	2.070542450853	-25.635549545288
3	32434	2.07101340304	-30.968366622925
3	32450	2.071582460944	-32.632572174072
3	32454	2.072038777863	-28.360424041748
3	32458	2.072532948707	-35.903667449951
3	32465	2.073026404924	-29.085283279419
3	32481	2.07348721418	-30.791669845581
3	32485	2.073994431266	-21.266799926758
3	32489	2.074533233717	-38.689647674561
3	32496	2.075034124281	-26.913967132568
3	32512	2.07556426286	-29.401901245117
3	32516	2.076005303051	-22.229166030884
3	32520	2.07652902891	-31.804737091064
3	32527	2.07700237923	-20.463340759277
3	32543	2.077527928819	-31.331157684326
3	32547	2.078043291169	-38.946918487549
3	32551	2.078531767432	-21.212497711182
3	32558	2.079047544226	-33.923828125
3	32577	2.079543349362	-27.063772201538
3	32581	2.080038487645	-31.347366333008
3	32585	2.080573598495	-35.659042358398
3	32592	2.081086364318	-19.356212615967
3	32608	2.081604540314	-17.900411605835
3	32612	2.082044194834	-31.506349563599
3	32619	2.082619156959	-28.258718490601
3	32623	2.08305228166	-16.718379974365
3	32639	2.083640704585	-22.609548568726
3	32643	2.084079963121	-27.74326133728
3	32650	2.084604379116	-36.909786224365
3	32657	2.085043654884	-30.939533233643
3	32670	2.085618331103	-27.612371444702
3	32674	2.086078900216	-16.762628555298
3	32681	2.086596360324	-20.012851715088
3	32688	2.087099195718	-29.727550506592
3	32701	2.087616548113	-23.862312316895
3	32705	2.088057943723	-24.191965103149
3	32712	2.088640488014	-36.462898254395
3	32716	2.089028225313	-28.655246734619
3	32732	2.089674399088	-19.923650741577
3	32736	2.09000758235	-24.510118484497
3	32743	2.090712112348	-30.554782867432
3	32747	2.090986284673	-21.87066078186
3	32763	2.091695588819	-29.453285217285
3	32767	2.091999997425	-32.627059936523
3	32774	2.092652091743	-26.692657470703
3	32778	2.092960192225	-27.610118865967
3	32794	2.09363322213	-32.750137329102
3	32798	2.093914324145	-29.121692657471
3	32805	2.094661951926	-29.962898254395
3	32809	2.094955099629	-25.92050743103
3	32822	2.095626158797	-24.14426612854
3	32829	2.095914280502	-11.327300071716
3	32836	2.096650336596	-20.950220108032
3	32840	2.096883928413	-19.944049835205
3	32853	2.097603383796	-17.894193649292
3	32860	2.097878367734	-28.54467010498
3	32867	2.098637210176	-24.026885986328
3	32871	2.098862193362	-27.711673736572
3	32887	2.099675894255	-17.350603103638
3	32894	2.099908293914	-25.058935165405
3	32901	2.100671922195	-19.171264648438
3	32908	2.100930823726	-13.299571990967
3	32921	2.101712146671	-28.609912872314
3	32925	2.101952545206	-26.600484848022
3	32932	2.102689789039	-32.429222106934
3	32939	2.102963941246	-38.116020202637
3	32952	2.103690362883	-29.664438247681
3	32956	2.103920608364	-24.63334274292
3	32963	2.104711790143	-25.812034606934
3	32970	2.104960910854	-16.995029449463
3	32983	2.105735383599	-22.412059783936
3	32987	2.105996915285	-19.352821350098
3	32997	2.106769827407	-28.658121109009
3	33001	2.107040919185	-12.297189712524
3	33014	2.107771038253	-30.307592391968
3	33018	2.10800142816	-21.331380844116
3	33028	2.108767102371	-13.299652099609
3	33032	2.109023651062	-24.418745040894
3	33042	2.109741646839	-29.017244338989
3	33049	2.10998482415	-27.378282546997
3	33059	2.110747739821	-30.441925048828
3	33063	2.110982534301	-28.028100967407
3	33076	2.111794864938	-28.170627593994
3	33080	2.111985435305	-19.611522674561
3	33090	2.112765763135	-32.608322143555
3	33094	2.113007385892	-32.165634155273
3	33107	2.113722499479	-21.92479133606
3	33111	2.114045169922	-27.257780075073
3	33121	2.114769098657	-25.181913375854
3	33125	2.115060431494	-26.966691970825
3	33138	2.115809970276	-41.328948974609
3	33145	2.116091355313	-29.663101196289
3	33152	2.116762381683	-25.067274093628
3	33156	2.117133793133	-25.666160583496
3	33166	2.117740248019	-14.962354660034
3	33176	2.118131846725	-31.880851745605
3	33186	2.118738041896	-21.641609191895
3	33190	2.119109091952	-22.307216644287
3	33200	2.119756554746	-32.296440124512
3	33210	2.120094281608	-24.538818359375
3	33217	2.120801189584	-23.437456130981
3	33221	2.121108611511	-28.046955108643
3	33231	2.121846790199	-32.156566619873
3	33241	2.122154646283	-30.542156219482
3	33248	2.122832076171	-32.516136169434
3	33252	2.123120340637	-22.085796356201
3	33262	2.123837790158	-30.405801773071
3	33269	2.124077291	-34.056915283203
3	33279	2.124802223757	-22.57045173645
3	33283	2.125032573882	-24.886966705322
3	33296	2.125812214443	-30.667734146118
3	33300	2.126032505961	-23.038558959961
3	33310	2.126836588562	-29.305734634399
3	33314	2.127064508517	-30.571798324585
3	33327	2.127851019076	-26.298622131348
3	33331	2.128017601027	-31.877397537231
3	33341	2.128803019789	-28.716089248657
3	33345	2.128972840392	-26.459274291992
3	33355	2.129783102279	-26.547239303589
3	33359	2.12994589228	-23.014474868774
3	33372	2.130812235932	-22.119762420654
3	33376	2.130907328825	-29.593307495117
3	33386	2.131766963863	-25.516187667847
3	33393	2.131927297198	-27.513679504395
3	33403	2.132753534054	-32.323268890381
3	33407	2.132890706947	-25.493228912354
3	33417	2.133781298647	-26.776449203491
3	33421	2.133858234458	-30.24192237854
3	33434	2.134752844215	-15.104175567627
3	33438	2.134902321694	-19.596780776978
3	33445	2.135738423185	-12.776935577393
3	33455	2.135918366279	-22.031978607178
3	33465	2.136787682207	-28.648166656494
3	33469	2.136949008328	-23.678642272949
3	33479	2.137742284965	-34.00227355957
3	33483	2.137920467656	-25.566623687744
3	33499	2.138740296494	-27.046140670776
3	33503	2.138968160893	-23.354244232178
3	33510	2.1397237638	-27.447254180908
3	33517	2.139989158273	-30.501558303833
3	33530	2.140771387544	-26.451961517334
3	33534	2.140987850588	-26.749656677246
3	33541	2.141738000004	-38.028312683105
3	33551	2.142035730731	-26.696495056152
3	33561	2.142778037381	-28.097322463989
3	33565	2.142998171215	-16.258754730225
3	33572	2.143769268021	-18.609413146973
3	33585	2.144016233595	-14.536092758179
3	33592	2.14473221241	-17.240287780762
3	33596	2.145002719598	-18.486518859863
3	33606	2.14576565521	-28.664497375488
3	33613	2.146034394497	-24.513841629028
3	33623	2.146718455198	-34.200084686279
3	33627	2.147056355992	-34.21076965332
3	33631	2.147692782918	-27.208868026733
3	33644	2.148025725181	-18.603204727173
3	33654	2.148683637165	-27.237258911133
3	33658	2.149027681368	-30.069814682007
3	33662	2.149678063046	-8.4876918792725
3	33675	2.150001037068	-32.77965927124
3	33685	2.15067403455	-30.05982208252
3	33689	2.150997645532	-17.337854385376
3	33693	2.151693276866	-24.878782272339
3	33703	2.151992440768	-29.361810684204
3	33716	2.152726938937	-25.743808746338
3	33720	2.153027552809	-22.616788864136
3	33724	2.153684503924	-21.876665115356
3	33740	2.154003616023	-23.675848007202
3	33747	2.154709314148	-26.3639793396
3	33751	2.155007901758	-38.769683837891
3	33758	2.155754787498	-26.078123092651
3	33768	2.155988237674	-29.900636672974
3	33778	2.156711031681	-27.538885116577
3	33782	2.156960928123	-24.430877685547
3	33789	2.157729736235	-26.187740325928
3	33799	2.157997019183	-30.779977798462
3	33812	2.158776636999	-22.427156448364
3	33816	2.158999072986	-30.045434951782
3	33823	2.159796418415	-35.719570159912
3	33830	2.15996012423	-40.783348083496
3	33843	2.160813406538	-19.852197647095
3	33847	2.160923850318	-37.8229637146
3	33857	2.161793760995	-32.472297668457
3	33861	2.161874973694	-26.532487869263
3	33874	2.162829055908	-23.330081939697
3	33878	2.162846813779	-15.0776014328
3	33888	2.163831249733	-27.620615005493
3	33892	2.163874577361	-21.482503890991
3	33905	2.164793682582	-31.624244689941
3	33909	2.164907871327	-34.963848114014
3	33919	2.16578714346	-22.46071434021
3	33923	2.165890626553	-21.941743850708
3	33936	2.16678680383	-18.312692642212
3	33940	2.16688802819	-22.836778640747
3	33950	2.167772723763	-29.728343963623
3	33954	2.167909613958	-43.425140380859
3	33967	2.168758531177	-27.266511917114
3	33971	2.168932436299	-23.778738021851
3	33981	2.169783923008	-27.31925201416
3	33985	2.169980536622	-23.807611465454
3	33998	2.170795031404	-21.753684997559
3	34002	2.171000364137	-23.20311164856
3	34009	2.171799097719	-22.949384689331
3	34016	2.171960891706	-18.126354217529
3	34029	2.172827505365	-20.51576423645
3	34033	2.172948082604	-31.566518783569
3	34043	2.173849490479	-25.351938247681
3	34047	2.173907304864	-24.247266769409
3	34060	2.174828665874	-27.910093307495
3	34064	2.174932636437	-16.427248001099
3	34071	2.175851357745	-27.981462478638
3	34075	2.175895542387	-24.345067977905
3	34088	2.176808631266	-20.910528182983
3	34092	2.17687077201	-18.55583190918
3	34102	2.177811836156	-28.254949569702
3	34106	2.177844606041	-35.960144042969
3	34119	2.178794093737	-25.6409740448
3	34123	2.178824985932	-17.767854690552
3	34136	2.17981970788	-23.242425918579
3	34140	2.179829920048	-25.042934417725
3	34156	2.180843206619	-21.81795501709
3	34160	2.180859246081	-31.09027671814
3	34167	2.181800642264	-28.729997634888
3	34171	2.181835654938	-19.098390579224
3	34184	2.182819866027	-21.818181991577
3	34188	2.182850353542	-32.183506011963
3	34198	2.183791097085	-11.636238098145
3	34202	2.183805936517	-12.298612594604
3	34215	2.184765575282	-26.793237686157
3	34219	2.184818918225	-10.895965576172
3	34229	2.185734207982	-34.028305053711
3	34233	2.185785958233	-31.685092926025
3	34246	2.186698767813	-16.507238388062
3	34250	2.186750657942	-31.649528503418
3	34260	2.187719322636	-28.73706817627
3	34264	2.187747126352	-22.478866577148
3	34277	2.188713333078	-27.914794921875
3	34281	2.188733178403	-34.239826202393
3	34291	2.189687641429	-29.837617874146
3	34295	2.189744415129	-22.586915969849
3	34308	2.190719016537	-26.591588973999
3	34312	2.190744034301	-28.556522369385
3	34322	2.191746420542	-26.423309326172
3	34326	2.191758918156	-26.423580169678
3	34339	2.192741664887	-21.110668182373
3	34343	2.192763793728	-29.294918060303
3	34353	2.193711974721	-25.777570724487
3	34357	2.193786338296	-19.037725448608
3	34370	2.194702389365	-25.328657150269
3	34374	2.194755351464	-22.794414520264
3	34384	2.195716882451	-36.322311401367
3	34388	2.19576121096	-31.671417236328
3	34401	2.196712707137	-23.601280212402
3	34405	2.19675156509	-21.519159317017
3	34415	2.197761015114	-32.211925506592
3	34419	2.197777967181	-24.084630966187
3	34429	2.198736306403	-23.943147659302
3	34433	2.198763899441	-22.536935806274
3	34449	2.199722948958	-21.666885375977
3	34453	2.199736590613	-18.603401184082
3	34463	2.200740970996	-29.849290847778
3	34467	2.200741165795	-16.018850326538
3	34480	2.201713819579	-28.335241317749
3	34484	2.201785291924	-24.672889709473
3	34494	2.202741543693	-32.478076934814
3	34498	2.202742916561	-12.139672279358
3	34511	2.203701263921	-24.419225692749
3	34515	2.203755847096	-26.351942062378
3	34525	2.204689283161	-28.164306640625
3	34529	2.204706411168	-24.027168273926
3	34542	2.205670069881	-26.728496551514
3	34546	2.205755733988	-30.648555755615
3	34556	2.206673980199	-21.733104705811
3	34560	2.206786318226	-38.253368377686
3	34576	2.20770711394	-10.758765220642
3	34580	2.207794742692	-25.809688568115
3	34590	2.208666953346	-24.25553894043
3	34594	2.208759653433	-29.622653961182
3	34604	2.209699718283	-20.528738021851
3	34611	2.209754072569	-13.891404151917
3	34621	2.210703003877	-17.80365562439
3	34625	2.210739672836	-25.066156387329
3	34635	2.211701505785	-21.153684616089
3	34639	2.211768030372	-32.66206741333
3	34652	2.212657816561	-22.128589630127
3	34656	2.212787932643	-32.60368347168
3	34666	2.21362432594	-26.886657714844
3	34673	2.213834917508	-23.71755027771
3	34683	2.214625500114	-24.249340057373
3	34687	2.214856021544	-17.035997390747
3	34694	2.215635999801	-25.060325622559
3	34701	2.215853534053	-31.00426864624
3	34714	2.216638954506	-20.257148742676
3	34718	2.216816566442	-25.542495727539
3	34728	2.217615001642	-25.398332595825
3	34735	2.217832024628	-19.070070266724
3	34745	2.218634221265	-13.62886428833
3	34749	2.218844413948	-26.572267532349
3	34762	2.2196746752	-22.457540512085
3	34772	2.21986970484	-27.769906997681
3	34779	2.220635456182	-30.012580871582
3	34783	2.220837128877	-22.037450790405
3	34796	2.221627251628	-30.450458526611
3	34803	2.221831762475	-22.703645706177
3	34810	2.222655728633	-23.055917739868
3	34814	2.222809762962	-24.461845397949
3	34827	2.223701952206	-24.361167907715
3	34834	2.223843841515	-20.833276748657
3	34841	2.224736147302	-31.124256134033
3	34845	2.224877703548	-20.158176422119
3	34861	2.22573744754	-26.399278640747
3	34865	2.22591024311	-31.316520690918
3	34872	2.226749808969	-29.148849487305
3	34876	2.226916325074	-19.196306228638
3	34889	2.227710208874	-21.358238220215
3	34896	2.227891499494	-19.037889480591
3	34903	2.228682624589	-25.361030578613
3	34907	2.228848482556	-29.587240219116
3	34920	2.229718321559	-22.211292266846
3	34930	2.229848588859	-20.048629760742
3	34934	2.230716567591	-19.184413909912
3	34938	2.230869076734	-25.262090682983
3	34954	2.231740496191	-17.693176269531
3	34961	2.231907418508	-24.47060585022
3	34965	2.232772137519	-32.262638092041
3	34969	2.232914749372	-23.666442871094
3	34982	2.233759714223	-21.222862243652
3	34989	2.233929503492	-27.088680267334
3	34996	2.234717664335	-18.445907592773
3	35000	2.234879886147	-20.033365249634
3	35013	2.235705211963	-12.745843887329
3	35020	2.23584352518	-32.885948181152
3	35027	2.236673044665	-25.004247665405
3	35031	2.236857542349	-26.454238891602
3	35044	2.237661736613	-14.027310371399
3	35048	2.23783743141	-21.223247528076
3	35058	2.238691812349	-18.889768600464
3	35062	2.238841392411	-14.947609901428
3	35075	2.239642591366	-17.874038696289
3	35082	2.239816148906	-21.789136886597
3	35092	2.240641072833	-17.306083679199
3	35096	2.240841310486	-28.044504165649
3	35103	2.241650429761	-29.49568939209
3	35113	2.24181697169	-23.350675582886
3	35123	2.242606809111	-19.437757492065
3	35127	2.242859074634	-24.0491771698
3	35134	2.24360352155	-24.325941085815
3	35147	2.243893441269	-37.817794799805
3	35154	2.244650518212	-24.388139724731
3	35161	2.244862910559	-27.799139022827
3	35168	2.245658369158	-14.499708175659
3	35178	2.245855153933	-18.247331619263
3	35185	2.24669996472	-34.222476959229
3	35192	2.246811402666	-29.433387756348
3	35202	2.247717068027	-14.534832000732
3	35206	2.247829876618	-19.305038452148
3	35213	2.248690556069	-21.124061584473
3	35220	2.248794407059	-31.010566711426
3	35233	2.249650378859	-25.709867477417
3	35237	2.249795277252	-23.04504776001
3	35249	2.250699500963	-35.358100891113
3	35253	2.250752781713	-29.279340744019
3	35263	2.251697078959	-19.990839004517
3	35267	2.251705000099	-21.029132843018
3	35277	2.252649258474	-21.450511932373
3	35284	2.252753211589	-25.698160171509
3	35294	2.253670390084	-17.961580276489
3	35298	2.253769741857	-22.604009628296
3	35308	2.254630692631	-22.77342414856
3	35315	2.254762801306	-29.566068649292
3	35325	2.255655143712	-31.335447311401
3	35332	2.255798820902	-8.4955444335938
3	35342	2.256659266649	-26.357795715332
3	35346	2.256788352432	-28.736789703369
3	35356	2.257672162516	-27.816526412964
3	35360	2.257776901097	-28.279331207275
3	35373	2.258709539881	-19.30860710144
3	35377	2.258773915203	-14.244423866272
3	35390	2.259727011627	-32.738304138184
3	35394	2.259758632135	-30.48352432251
3	35407	2.260687237216	-23.357313156128
3	35411	2.260715713565	-20.002326965332
3	35421	2.261661597031	-16.245923995972
3	35428	2.261719909709	-30.790668487549
3	35438	2.262626334843	-25.258535385132
3	35442	2.262676100383	-24.726137161255
3	35452	2.263610350113	-33.705165863037
3	35456	2.263631019273	-20.693450927734
3	35469	2.264634414641	-29.831338882446
3	35473	2.264678637751	-22.117370605469
3	35483	2.265625472257	-27.195386886597
3	35487	2.265655148099	-23.216653823853
3	35500	2.266577196886	-22.820070266724
3	35504	2.266622823765	-21.693300247192
3	35514	2.267559552827	-33.735591888428
3	35518	2.267598407116	-23.58783531189
3	35531	2.268552023701	-24.142627716064
3	35535	2.268595727536	-22.764764785767
3	35545	2.269510886429	-22.465194702148
3	35549	2.269556698586	-23.232778549194
3	35559	2.270538365293	-31.263921737671
3	35566	2.270587832192	-26.357248306274
3	35576	2.271552669211	-28.036994934082
3	35580	2.271597510965	-29.434253692627
3	35590	2.2725074396	-35.801918029785
3	35594	2.272569187627	-25.110235214233
3	35607	2.273528863867	-26.168249130249
3	35611	2.273576885478	-33.624256134033
3	35624	2.274533802216	-21.677598953247
3	35628	2.274594467105	-26.070085525513
3	35638	2.275542192707	-28.651641845703
3	35642	2.275587653123	-29.715478897095
3	35655	2.276584380154	-33.002872467041
3	35659	2.276586305657	-26.500999450684
3	35669	2.277547644244	-19.68271446228
3	35673	2.277582266124	-22.864540100098
3	35686	2.278575216895	-28.186853408813
3	35690	2.278614810398	-23.056835174561
3	35703	2.279572537712	-8.4159030914307
3	35707	2.279576942996	-24.820287704468
3	35720	2.280548460779	-27.097263336182
3	35724	2.280574713568	-9.4341411590576
3	35734	2.281556436464	-34.140727996826
3	35738	2.281613993589	-20.641231536865
3	35751	2.282596744142	-21.257703781128
3	35755	2.282663812008	-29.094514846802
3	35765	2.28358186266	-19.673543930054
3	35769	2.283686285769	-31.559076309204
3	35782	2.284625582711	-17.355001449585
3	35786	2.284638959634	-22.769952774048
3	35796	2.285581257898	-21.30527305603
3	35800	2.285611368488	-20.791809082031
3	35813	2.286535899076	-19.942464828491
3	35817	2.286636407697	-18.754011154175
3	35824	2.28754545619	-24.782161712646
3	35834	2.287615877128	-24.473985671997
3	35844	2.288513317513	-27.124420166016
3	35848	2.288633970175	-29.598634719849
3	35861	2.289542729328	-26.485794067383
3	35865	2.289637842385	-14.731636047363
3	35872	2.290559507434	-17.925401687622
3	35879	2.290654282145	-16.348138809204
3	35892	2.291512211583	-15.007357597351
3	35896	2.291670034285	-15.203875541687
3	35903	2.292498617641	-27.33758354187
3	35907	2.292630502731	-21.410289764404
3	35920	2.293543107896	-33.345428466797
3	35924	2.293604494041	-31.007944107056
3	35934	2.29455678156	-23.425443649292
3	35941	2.294627791635	-21.624956130981
3	35951	2.295518563763	-30.647945404053
3	35955	2.295589921577	-20.578170776367
3	35965	2.29649710466	-31.498292922974
3	35972	2.296592043176	-29.638261795044
3	35985	2.297491731898	-23.685726165771
3	35989	2.297591381449	-21.79451751709
3	35996	2.298528579918	-13.005568504333
3	36000	2.29861240066	-26.472581863403
3	36019	2.299573285379	-23.716951370239
3	36023	2.29957776544	-18.79151725769
3	36033	2.300527108862	-6.5775480270386
3	36037	2.300549926049	-12.272003173828
3	36050	2.301527816934	-36.126014709473
3	36054	2.301573833093	-19.858484268188
3	36064	2.302541524688	-16.70619392395
3	36068	2.302545865897	-27.812612533569
3	36081	2.303500849728	-31.443855285645
3	36085	2.303510597454	-28.158294677734
3	36095	2.304507442013	-27.844875335693
3	36099	2.304549689792	-23.161266326904
3	36112	2.305477825046	-24.811206817627
3	36116	2.305568578604	-21.984256744385
3	36126	2.306443745885	-35.852634429932
3	36130	2.306581795686	-10.61865234375
3	36146	2.307488579115	-31.63404083252
3	36150	2.307540993703	-23.57130241394
3	36157	2.308495421237	-21.430416107178
3	36161	2.308580530079	-25.248586654663
3	36177	2.309490010429	-30.252456665039
3	36181	2.309567075681	-28.58020401001
3	36188	2.310526693272	-27.979690551758
3	36192	2.310532168343	-26.065713882446
3	36208	2.311514191669	-36.095127105713
3	36212	2.311574531407	-15.975901603699
3	36219	2.312466339382	-39.20666885376
3	36223	2.31253486652	-30.43292427063
3	36239	2.313487596792	-17.496789932251
3	36243	2.313538592746	-17.007923126221
3	36250	2.314476905577	-25.972234725952
3	36254	2.314548389798	-30.221715927124
3	36270	2.315477952091	-30.302450180054
3	36274	2.315511344868	-27.324449539185
3	36281	2.316515725786	-28.049364089966
3	36285	2.316527687274	-22.91095161438
3	36301	2.317553419447	-21.545400619507
3	36305	2.317573029892	-38.282608032227
3	36312	2.318536843062	-30.143098831177
3	36316	2.318575724495	-22.416887283325
3	36332	2.319515846408	-21.568807601929
3	36336	2.319564857897	-22.159873962402
3	36346	2.320553211083	-27.672956466675
3	36350	2.32060421714	-27.544404983521
3	36363	2.321534808956	-33.920402526855
3	36367	2.321570347943	-13.945835113525
3	36377	2.322518551545	-27.996686935425
3	36381	2.32255327096	-21.578960418701
3	36394	2.323519115001	-27.907335281372
3	36401	2.3235521223	-30.243761062622
3	36408	2.324512197944	-24.577219009399
3	36412	2.324529784841	-21.298358917236
3	36425	2.325515469859	-27.518465042114
3	36429	2.325560831701	-26.808303833008
3	36439	2.326496010999	-22.091665267944
3	36443	2.326560697148	-25.41960144043
3	36456	2.327511670773	-17.812397003174
3	36460	2.327541925511	-23.288372039795
3	36467	2.328515022315	-31.322647094727
3	36474	2.328580461151	-37.116096496582
3	36487	2.32952538392	-31.102170944214
3	36491	2.329532371474	-27.259460449219
3	36501	2.330492169255	-23.682014465332
3	36505	2.330572291885	-26.154996871948
3	36518	2.33148058417	-32.98254776001
3	36525	2.331620778173	-22.747108459473
3	36532	2.33250463684	-22.28516960144
3	36539	2.332640556329	-24.107234954834
3	36552	2.333548758952	-21.155342102051
3	36556	2.333646480227	-20.835735321045
3	36563	2.334581495592	-32.096813201904
3	36570	2.334664725796	-28.381290435791
3	36583	2.33561399669	-36.146785736084
3	36587	2.335626325941	-21.286989212036
3	36597	2.336591840078	-23.799562454224
3	36601	2.336653138418	-28.708908081055
3	36614	2.337549930525	-39.096435546875
3	36618	2.337661503349	-27.941940307617
3	36631	2.338535297337	-17.010841369629
3	36635	2.338698575127	-34.038299560547
3	36648	2.339550722202	-23.541481018066
3	36652	2.339719881318	-25.888442993164
3	36659	2.340545955551	-17.250411987305
3	36666	2.340740529343	-37.138626098633
3	36679	2.341510268246	-35.204280853271
3	36683	2.341756342722	-39.933628082275
3	36690	2.342470063007	-22.839105606079
3	36700	2.342745667971	-19.457557678223
3	36710	2.343461766107	-20.114381790161
3	36714	2.343736203101	-26.089693069458
3	36718	2.344413572984	-36.807353973389
3	36731	2.344730395735	-31.124549865723
3	36741	2.345415841743	-20.76775932312
3	36745	2.345750246927	-39.117008209229
3	36755	2.346413162501	-30.993608474731
3	36762	2.346778847535	-22.238578796387
3	36772	2.347445897667	-29.301212310791
3	36776	2.347742102779	-26.341968536377
3	36786	2.348440442353	-24.649436950684
3	36793	2.348740677184	-26.353630065918
3	36803	2.349455846841	-16.893264770508
3	36807	2.349728194803	-24.424745559692
3	36820	2.350497706473	-24.625436782837
3	36824	2.350730206373	-30.369743347168
3	36834	2.351493098534	-27.047765731812
3	36838	2.351763228405	-15.914875030518
3	36851	2.352488593223	-30.139961242676
3	36855	2.352728655843	-26.562564849854
3	36865	2.353479439918	-24.242202758789
3	36869	2.35377138424	-33.5172996521
3	36876	2.354441474919	-23.0807762146
3	36886	2.354757762143	-26.519973754883
3	36896	2.355436125433	-34.863178253174
3	36900	2.35578885825	-26.621141433716
3	36913	2.356448982626	-29.484104156494
3	36917	2.356749957755	-16.938764572144
3	36927	2.357453568612	-27.178462982178
3	36931	2.357741259876	-19.510557174683
3	36938	2.358457459051	-19.828010559082
3	36951	2.358743821983	-21.658086776733
3	36961	2.359431044726	-26.93189239502
3	36965	2.359785262237	-33.195785522461
3	36972	2.360440336809	-20.905349731445
3	36982	2.360770706898	-26.795701980591
3	36992	2.361444679302	-22.978448867798
3	36996	2.36178958705	-29.618022918701
3	37003	2.362437881985	-26.95122718811
3	37010	2.362740805225	-27.24521446228
3	37023	2.363412524982	-22.286451339722
3	37027	2.363757645819	-21.709980010986
3	37031	2.364382595907	-22.229049682617
3	37041	2.364718544283	-32.085681915283
3	37054	2.365391355608	-18.349195480347
3	37058	2.365762875	-20.237012863159
3	37062	2.366393188633	-21.382356643677
3	37072	2.366801992928	-26.038194656372
3	37085	2.367436890498	-23.770092010498
3	37089	2.367838179725	-26.186614990234
3	37096	2.368461854117	-31.034425735474
3	37103	2.36880364993	-29.340587615967
3	37116	2.369480693428	-21.405521392822
3	37120	2.369776734706	-24.756763458252
3	37127	2.370479310642	-17.744745254517
3	37134	2.37078905338	-22.155544281006
3	37147	2.371484503749	-29.165782928467
3	37151	2.371823926563	-20.614528656006
3	37155	2.372494671249	-12.997652053833
3	37165	2.372798412665	-32.227920532227
3	37178	2.373480770057	-19.919015884399
3	37182	2.373765050808	-23.351196289062
3	37186	2.374435323701	-36.492378234863
3	37199	2.374768240328	-21.882488250732
3	37209	2.375422318765	-29.602907180786
3	37213	2.375797489777	-23.046161651611
3	37217	2.376386724056	-30.827238082886
3	37230	2.376832911368	-41.528049468994
3	37237	2.377428054545	-27.508190155029
3	37244	2.377874792059	-19.145505905151
3	37251	2.378454286465	-21.25789642334
3	37264	2.378886766146	-24.909408569336
3	37274	2.379501265666	-22.426671981812
3	37278	2.379922743774	-29.464101791382
3	37288	2.380537022523	-35.362121582031
3	37295	2.380950238039	-22.537673950195
3	37305	2.38150589045	-21.881746292114
3	37309	2.381957253658	-24.304286956787
3	37319	2.382520735984	-36.711029052734
3	37326	2.382960103158	-40.314575195312
3	37336	2.383552653968	-18.848661422729
3	37340	2.383992353488	-27.440971374512
3	37350	2.384573102589	-24.689022064209
3	37357	2.385031537128	-27.287197113037
3	37367	2.385534743633	-24.797998428345
3	37371	2.386073600271	-28.937604904175
3	37378	2.386529378878	-38.997184753418
3	37391	2.38709844463	-31.551645278931
3	37398	2.387493988397	-30.993396759033
3	37402	2.388102726946	-33.721050262451
3	37409	2.388483073747	-38.087116241455
3	37425	2.389127800964	-38.673244476318
3	37429	2.389468525001	-28.372310638428
3	37433	2.390087396345	-20.234586715698
3	37443	2.390504047692	-32.494289398193
3	37456	2.391089798403	-32.508460998535
3	37460	2.391522268962	-19.121641159058
3	37464	2.392101466736	-29.491411209106
3	37471	2.392525251819	-24.885330200195
3	37487	2.393099297246	-20.510316848755
3	37491	2.393536474452	-29.645868301392
3	37495	2.394060327626	-17.046558380127
3	37508	2.39452560562	-7.0896649360657
3	37515	2.395058805647	-28.710273742676
3	37522	2.395512268412	-24.586112976074
3	37526	2.396091393136	-26.578409194946
3	37539	2.396546141835	-33.746997833252
3	37549	2.397139110191	-27.245635986328
3	37553	2.397582287828	-11.528763771057
3	37557	2.398128389083	-24.535747528076
3	37576	2.398618982775	-28.636688232422
3	37583	2.399096908784	-25.747278213501
3	37587	2.399636891967	-18.547908782959
3	37591	2.400104216324	-23.46054649353
3	37607	2.400660411242	-15.191150665283
3	37614	2.401153714137	-14.450033187866
3	37618	2.401638361624	-26.763252258301
3	37622	2.402177164389	-18.6090965271
3	37638	2.402627354402	-19.59584236145
3	37645	2.403204438924	-29.376806259155
3	37649	2.403587197021	-29.95534324646
3	37656	2.404189787613	-30.538553237915
3	37669	2.404543434585	-25.985340118408
3	37676	2.40517713044	-25.488233566284
3	37680	2.40551336183	-20.244735717773
3	37687	2.406220756923	-13.824706077576
3	37700	2.406554366521	-31.203092575073
3	37707	2.407209747838	-18.385078430176
3	37711	2.407594136811	-22.509523391724
3	37718	2.408225845311	-22.670888900757
3	37731	2.408613539232	-24.810056686401
3	37738	2.40918246832	-18.015295028687
3	37742	2.409576432692	-26.010364532471
3	37749	2.410137645041	-25.654722213745
3	37756	2.410603664138	-20.889848709106
3	37766	2.41109937509	-27.128124237061
3	37773	2.411629300755	-29.945520401001
3	37780	2.412145045074	-33.209857940674
3	37790	2.412650537495	-26.948415756226
3	37797	2.413101216095	-32.054843902588
3	37804	2.413622238844	-22.29790687561
3	37811	2.41413840524	-23.584802627563
3	37821	2.414664203257	-31.042873382568
3	37831	2.415157772796	-31.601364135742
3	37835	2.415702086467	-25.688335418701
3	37842	2.416165982784	-42.541702270508
3	37852	2.416672841961	-13.035429000854
3	37862	2.4171396728	-30.676176071167
3	37866	2.417628597714	-21.208782196045
3	37873	2.418162104535	-23.079322814941
3	37886	2.418600643642	-28.559553146362
3	37896	2.419174194597	-26.412534713745
3	37900	2.419634973665	-25.140174865723
3	37907	2.420149094601	-28.100742340088
3	37917	2.420593830261	-28.100950241089
3	37927	2.42110259383	-22.091079711914
3	37931	2.421600181624	-27.670961380005
3	37935	2.422131383528	-33.166606903076
3	37945	2.422613782661	-26.715396881104
3	37958	2.423173124978	-23.016185760498
3	37962	2.423620328221	-30.5159740448
3	37966	2.424170900549	-27.196096420288
3	37979	2.424640914713	-31.834310531616
3	37989	2.425213904617	-28.407022476196
3	37993	2.425688394288	-36.257698059082
3	37997	2.426221007204	-27.68172454834
3	38010	2.426657300279	-24.313442230225
3	38020	2.427187292396	-22.313287734985
3	38024	2.427652721394	-20.877143859863
3	38031	2.428223900252	-35.678966522217
3	38041	2.428625429016	-17.098056793213
3	38051	2.429234108436	-32.40612411499
3	38055	2.429598137174	-25.847362518311
3	38059	2.430263726998	-19.641603469849
3	38075	2.430594440144	-37.772090911865
3	38082	2.431276428358	-15.488322257996
3	38086	2.431558824489	-11.685633659363
3	38090	2.432226476581	-22.847240447998
3	38103	2.432554933929	-27.446268081665
3	38113	2.433197717979	-17.213735580444
3	38117	2.43357173181	-29.723592758179
3	38121	2.434195476597	-22.120388031006
3	38134	2.434551548238	-24.229644775391
3	38144	2.435156625468	-24.133113861084
3	38148	2.435531846457	-15.490977287292
3	38155	2.436139131153	-13.17783164978
3	38165	2.436517398819	-17.567342758179
3	38175	2.437111277434	-25.373706817627
3	38179	2.437555903136	-29.371997833252
3	38183	2.438137523578	-36.227893829346
3	38199	2.438522443104	-32.912250518799
3	38209	2.439173261991	-31.548757553101
3	38213	2.43951815372	-27.817762374878
3	38217	2.440131205623	-26.952270507812
3	38230	2.440550273103	-25.565021514893
3	38240	2.441146369473	-24.321956634521
3	38244	2.441508686992	-35.683620452881
3	38248	2.442113682511	-29.935621261597
3	38261	2.442528365766	-34.561096191406
3	38271	2.44307285537	-29.743394851685
3	38275	2.443528468785	-24.786842346191
3	38279	2.444095889366	-27.365440368652
3	38292	2.444523088248	-23.120086669922
3	38299	2.445056995349	-19.034032821655
3	38306	2.44547722603	-28.126117706299
3	38310	2.446060941154	-27.945791244507
3	38317	2.446443444723	-25.951065063477
3	38330	2.447053656605	-28.095762252808
3	38337	2.44748530804	-34.508293151855
3	38344	2.44805669701	-18.807090759277
3	38351	2.448460707859	-27.870170593262
3	38361	2.449094944399	-38.245166778564
3	38368	2.449510348633	-25.232576370239
3	38372	2.450088947976	-33.095146179199
3	38385	2.450494252168	-45.483306884766
3	38392	2.451129428795	-27.940788269043
3	38399	2.451530632312	-17.614471435547
3	38403	2.452161595735	-17.431676864624
3	38413	2.452535908118	-26.091993331909
3	38423	2.453112450054	-23.158624649048
3	38430	2.453512098217	-23.94379234314
3	38434	2.454149762227	-26.959550857544
3	38444	2.454509498955	-28.04433631897
3	38454	2.455117863753	-10.29146194458
3	38461	2.455507876104	-32.23441696167
3	38465	2.456140639525	-31.397687911987
3	38478	2.456553054645	-28.542516708374
3	38485	2.457104079895	-29.708469390869
3	38492	2.457523633125	-17.383001327515
3	38496	2.458114330048	-21.448545455933
3	38512	2.458561703475	-19.510669708252
3	38519	2.45909597554	-29.188732147217
3	38526	2.459564478623	-28.125642776489
3	38530	2.460114658517	-24.113368988037
3	38543	2.460519200664	-29.958786010742
3	38550	2.461076963109	-17.667196273804
3	38557	2.461483739013	-18.429681777954
3	38561	2.462032609824	-21.15191078186
3	38571	2.462468921545	-27.467002868652
3	38581	2.463023950258	-34.907936096191
3	38585	2.463463341171	-25.135280609131
3	38592	2.464073927083	-20.020397186279
3	38602	2.46446065585	-20.892126083374
3	38612	2.465089823358	-26.12029838562
3	38619	2.465509379169	-28.09344291687
3	38626	2.466098055608	-29.59271812439
3	38633	2.466520476498	-18.256887435913
3	38643	2.467123790882	-17.74959564209
3	38650	2.467503304215	-30.177494049072
3	38660	2.468146895178	-11.26202583313
3	38664	2.468495219286	-31.364753723145
3	38674	2.46911047819	-13.018292427063
3	38678	2.469523422307	-20.576471328735
3	38688	2.470060486251	-23.384214401245
3	38695	2.470479990848	-26.372354507446
3	38705	2.471054941754	-38.099067687988
3	38709	2.471481537641	-24.092432022095
3	38716	2.472061830825	-29.102043151855
3	38729	2.47246546244	-28.551315307617
3	38736	2.473068908142	-20.076471328735
3	38740	2.473443742392	-22.365297317505
3	38747	2.474112495435	-15.934906005859
3	38760	2.474479439943	-37.548686981201
3	38767	2.475067981308	-20.702638626099
3	38771	2.4755178596	-22.974042892456
3	38781	2.476084529143	-32.217445373535
3	38791	2.476501045069	-21.99063873291
3	38795	2.477075653656	-29.454319000244
3	38802	2.47747891496	-22.684993743896
3	38812	2.47810483268	-31.96893119812
3	38825	2.47844438641	-14.783889770508
3	38829	2.479114708911	-22.443410873413
3	38836	2.4794482521	-22.164480209351
3	38846	2.480157061151	-14.960153579712
3	38853	2.48042453705	-24.715997695923
3	38863	2.4811612586	-23.9391040802
3	38867	2.481437946718	-21.880790710449
3	38877	2.482184161191	-17.484355926514
3	38884	2.482469470731	-21.802074432373
3	38894	2.483165637453	-31.475545883179
3	38898	2.483510320261	-18.811065673828
3	38911	2.484178688534	-24.436819076538
3	38918	2.484546824147	-24.950750350952
3	38922	2.485194770251	-29.740503311157
3	38929	2.485576649516	-24.77490234375
3	38942	2.486179163628	-15.310620307922
3	38946	2.486601393353	-25.545433044434
3	38953	2.48714764052	-20.578582763672
3	38960	2.487591663108	-21.232625961304
3	38973	2.488171275452	-24.638357162476
3	38980	2.488612881869	-16.818923950195
3	38984	2.489140840788	-25.541593551636
3	38991	2.489571770623	-19.503049850464
3	39004	2.490161131874	-22.09065246582
3	39011	2.490599952595	-30.871694564819
3	39015	2.491194528054	-29.905076980591
3	39022	2.491617405687	-28.953712463379
3	39035	2.492168122894	-21.388540267944
3	39039	2.492584569305	-23.094003677368
3	39046	2.493166804599	-29.468273162842
3	39053	2.49357310959	-18.208555221558
3	39066	2.494199472619	-21.435949325562
3	39070	2.494581742925	-28.475170135498
3	39077	2.495236890439	-22.694896697998
3	39084	2.495616296655	-23.071990966797
3	39097	2.496273617313	-31.599338531494
3	39101	2.496577397537	-19.378187179565
3	39108	2.497309713695	-26.00708770752
3	39115	2.497547325274	-21.476518630981
3	39131	2.498328737884	-28.842800140381
3	39135	2.498544171344	-21.3977394104
3	39145	2.49931123	-23.280710220337
3	39149	2.499562299076	-28.110660552979
3	39164	2.500266314281	-25.473384857178
3	39168	2.500570133492	-26.795436859131
3	39175	2.501271726911	-22.400438308716
3	39182	2.501562881877	-27.235893249512
3	39195	2.502284741567	-21.486415863037
3	39199	2.502566142534	-24.526266098022
3	39206	2.503294414679	-15.746166229248
3	39213	2.503528826215	-24.229200363159
3	39226	2.504255856286	-26.843944549561
3	39230	2.504527177489	-24.930656433105
3	39237	2.505222919017	-15.017006874084
3	39244	2.505552141976	-24.402446746826
3	39254	2.506193194764	-11.452563285828
3	39261	2.506579632653	-18.561973571777
3	39268	2.507192671496	-29.545913696289
3	39275	2.507585141459	-20.291574478149
3	39285	2.50822347795	-26.006042480469
3	39292	2.508552051895	-15.773609161377
3	39299	2.5091756021	-26.087112426758
3	39306	2.509516461371	-27.58540725708
3	39313	2.510218289634	-30.594985961914
3	39323	2.510557605374	-31.134664535522
3	39330	2.5111867704	-33.08561706543
3	39334	2.511551906346	-27.271646499634
3	39341	2.512198763137	-26.732475280762
3	39354	2.512509896263	-32.0556640625
3	39361	2.513234539629	-19.46647644043
3	39368	2.513529909081	-30.30298614502
3	39378	2.514200945954	-21.604211807251
3	39385	2.514514839321	-16.38876914978
3	39392	2.515181407086	-28.351366043091
3	39399	2.515470972878	-31.910013198853
3	39412	2.516171714149	-25.969694137573
3	39416	2.516481432397	-23.614673614502
3	39423	2.517174610976	-29.457876205444
3	39430	2.517499826532	-32.094314575195
3	39446	2.518222897723	-22.491132736206
3	39450	2.5185272577	-19.902730941772
3	39454	2.519241436935	-19.814685821533
3	39464	2.51950432543	-25.052440643311
3	39477	2.520219276617	-19.725343704224
3	39481	2.520545262551	-23.136962890625
3	39488	2.521266527327	-27.197986602783
3	39495	2.521518514767	-23.986934661865
3	39508	2.522237215443	-27.528001785278
3	39512	2.52252747459	-26.665445327759
3	39519	2.523188068562	-27.241752624512
3	39523	2.523567686677	-21.714790344238
3	39539	2.524189128835	-25.380224227905
3	39543	2.524551548326	-25.585071563721
3	39550	2.525206149462	-24.112697601318
3	39554	2.525515296822	-12.507737159729
3	39567	2.526188860119	-25.503149032593
3	39574	2.526546533655	-33.355564117432
3	39581	2.527213789301	-25.55460357666
3	39585	2.527570858998	-33.167537689209
3	39598	2.528171616408	-21.461166381836
3	39605	2.528538707853	-26.214637756348
3	39612	2.529172544507	-20.293216705322
3	39619	2.529573036159	-31.601816177368
3	39626	2.530149354214	-20.390531539917
3	39636	2.530588542088	-18.624897003174
3	39643	2.531177244907	-12.6620054245
3	39647	2.531556411867	-30.58129119873
3	39660	2.532162093057	-25.276126861572
3	39667	2.532594707753	-21.733547210693
3	39674	2.533162373586	-22.071399688721
3	39681	2.533549782221	-23.024545669556
3	39691	2.534133208731	-31.57007598877
3	39698	2.534530045551	-27.663919448853
3	39705	2.535172146459	-35.187984466553
3	39712	2.535494561941	-30.029844284058
3	39725	2.536169291869	-26.31237411499
3	39729	2.536531249283	-23.299825668335
3	39739	2.537169254627	-28.272296905518
3	39743	2.537564305378	-18.414165496826
3	39753	2.538122810192	-31.651880264282
3	39763	2.538596253909	-10.574064254761
3	39770	2.53914264472	-27.570329666138
3	39777	2.539569845158	-17.365268707275
3	39787	2.540164958245	-18.407558441162
3	39794	2.540555506041	-29.047306060791
3	39801	2.54112566434	-27.370542526245
3	39808	2.541511309598	-27.489517211914
3	39818	2.542114591709	-21.079761505127
3	39825	2.542517753438	-20.438148498535
3	39832	2.543114810414	-25.532358169556
3	39839	2.543488693457	-24.740274429321
3	39849	2.544153090159	-26.817590713501
3	39856	2.544450699184	-25.069723129272
3	39863	2.545135681154	-16.601936340332
3	39867	2.545465813043	-4.5761404037476
3	39880	2.546101148149	-21.646116256714
3	39884	2.546456947692	-33.276123046875
3	39894	2.547147591891	-23.84395980835
3	39898	2.547449107635	-23.754299163818
3	39911	2.548134536746	-11.23733997345
3	39918	2.548448129837	-19.749515533447
3	39925	2.54917864001	-36.376083374023
3	39932	2.549479175592	-18.875356674194
3	39942	2.550174441509	-18.837995529175
3	39949	2.550464726139	-16.290102005005
3	39956	2.551199322692	-12.627310752869
3	39960	2.551474011684	-17.49870300293
3	39973	2.552151561794	-17.77709197998
3	39980	2.552453376506	-7.8551964759827
3	39987	2.553150315804	-20.971351623535
3	39991	2.553471766008	-15.745536804199
3	40004	2.554189157048	-21.035490036011
3	40011	2.554468534782	-24.805334091187
3	40018	2.555154878438	-24.53364944458
3	40022	2.555420577354	-24.38969039917
3	40035	2.55617697527	-27.412817001343
3	40039	2.556392405855	-25.764352798462
3	40049	2.557221878717	-18.737253189087
3	40053	2.557426388677	-23.380784988403
3	40066	2.558177079663	-24.068286895752
3	40070	2.558446018785	-19.644237518311
3	40083	2.559136720268	-31.227809906006
3	40087	2.559468239404	-26.834434509277
3	40100	2.560145829894	-17.0703125
3	40104	2.560484294906	-24.516319274902
3	40114	2.56117034563	-25.261762619019
3	40118	2.561493080506	-45.38924407959
3	40131	2.562134918694	-23.246137619019
3	40138	2.562515376654	-33.752300262451
3	40145	2.563180889307	-15.042660713196
3	40149	2.563478086309	-32.86209487915
3	40162	2.564183774435	-18.634998321533
3	40169	2.564483969436	-30.9836769104
3	40176	2.565228324304	-25.592990875244
3	40180	2.565484826302	-23.283988952637
3	40193	2.566179522564	-30.048650741577
3	40200	2.566498080421	-26.383516311646
3	40207	2.567211557537	-27.866992950439
3	40214	2.56746614936	-19.664823532104
3	40224	2.568229578502	-28.991556167603
3	40234	2.568500992002	-15.955389976501
3	40238	2.569182638487	-29.422952651978
3	40245	2.569481508499	-18.748285293579
3	40252	2.570155870659	-28.236598968506
3	40265	2.570437692381	-13.590158462524
3	40269	2.571152792566	-25.064277648926
3	40276	2.57142113473	-29.524311065674
3	40289	2.572142981256	-31.076168060303
3	40296	2.572420351892	-24.642684936523
3	40300	2.57316702555	-26.371145248413
3	40307	2.573425801517	-25.018743515015
3	40317	2.574178131174	-26.967483520508
3	40327	2.574422896923	-20.715072631836
3	40334	2.575226566565	-21.419132232666
3	40338	2.575411140713	-27.895286560059
3	40354	2.576237342274	-20.284301757812
3	40358	2.576369088355	-28.494758605957
3	40362	2.577283367884	-28.690643310547
3	40369	2.577329320972	-26.422498703003
3	40385	2.578277447723	-27.781534194946
3	40392	2.578324058116	-36.467975616455
3	40396	2.579235590296	-35.01095199585
3	40400	2.57927870219	-23.45090675354
3	40413	2.580236917722	-20.994607925415
3	40423	2.580305845457	-33.404991149902
3	40427	2.581203170167	-28.857467651367
3	40431	2.58128033432	-30.79478263855
3	40450	2.582238069598	-31.329187393188
3	40454	2.582316437798	-27.247098922729
3	40458	2.583208440148	-31.28318977356
3	40462	2.583281246313	-19.490850448608
3	40478	2.584246939283	-24.958736419678
3	40482	2.58424718299	-27.082733154297
3	40489	2.585201157739	-29.007211685181
3	40493	2.585215393175	-29.752557754517
3	40509	2.586238935044	-30.47304725647
3	40513	2.58625042863	-19.026374816895
3	40520	2.587223711154	-27.198663711548
3	40524	2.587270272215	-31.688802719116
3	40540	2.588210483417	-31.182872772217
3	40544	2.588312010716	-32.458503723145
3	40551	2.589201265039	-34.795932769775
3	40555	2.589357904852	-32.720249176025
3	40571	2.590175448678	-21.268098831177
3	40578	2.590378533075	-33.505844116211
3	40582	2.591138597295	-27.818153381348
3	40586	2.591346503733	-22.201219558716
3	40602	2.592097212021	-26.046792984009
3	40609	2.592336460669	-13.759330749512
3	40613	2.593101843149	-24.251789093018
3	40617	2.593382738197	-30.334402084351
3	40633	2.594117917287	-27.046970367432
3	40640	2.594429739472	-33.023414611816
3	40644	2.595081480081	-29.463077545166
3	40648	2.59543546502	-17.87353515625
3	40664	2.596123915565	-38.672657012939
3	40671	2.596470169559	-22.389032363892
3	40675	2.597092105666	-32.303634643555
3	40679	2.597503336413	-19.073289871216
3	40692	2.598061419102	-32.156608581543
3	40705	2.598468168962	-13.943024635315
3	40709	2.599022441159	-24.496900558472
3	40716	2.599484623501	-13.362109184265
3	40726	2.599982049337	-8.9233722686768
3	40736	2.600459589761	-40.247249603271
3	40740	2.601027510645	-33.516464233398
3	40744	2.601502931467	-14.280235290527
3	40757	2.60200430333	-31.347232818604
3	40764	2.602528769496	-21.582914352417
3	40771	2.603032378011	-36.025844573975
3	40775	2.603572198795	-36.162055969238
3	40788	2.603995659018	-28.169965744019
3	40795	2.604585610011	-19.313150405884
3	40802	2.60497385071	-26.961166381836
3	40806	2.605579982511	-23.121929168701
3	40819	2.605991402261	-25.184097290039
3	40826	2.606611431159	-18.94322013855
3	40833	2.607016113818	-20.112173080444
3	40843	2.607651772293	-17.32145690918
3	40850	2.608007382213	-28.304738998413
3	40857	2.608616082839	-23.338426589966
3	40864	2.60897305196	-21.877212524414
3	40874	2.609642547328	-23.135034561157
3	40878	2.610005243985	-19.131717681885
3	40888	2.610637128471	-27.130012512207
3	40895	2.610972744036	-31.514875411987
3	40902	2.611677979306	-18.650194168091
3	40912	2.611925480235	-17.096158981323
3	40919	2.61266471881	-14.408090591431
3	40926	2.612938341257	-27.17163848877
3	40933	2.61365378876	-21.203594207764
3	40943	2.613956169761	-38.405536651611
3	40950	2.614631639221	-13.546751976013
3	40957	2.614994033392	-40.237163543701
3	40964	2.615621630195	-20.470069885254
3	40974	2.616006552491	-33.102352142334
3	40978	2.616670381937	-33.707653045654
3	40988	2.616995541198	-20.321367263794
3	40995	2.61764799288	-33.168884277344
3	41005	2.618033013599	-16.445880889893
3	41015	2.618680143175	-24.572675704956
3	41022	2.619050259723	-21.305416107178
3	41029	2.619655107361	-24.707704544067
3	41039	2.620038277957	-32.199855804443
3	41043	2.620671482198	-40.640453338623
3	41053	2.621009494934	-24.55590057373
3	41060	2.621627081451	-22.367601394653
3	41070	2.622057638703	-27.127340316772
3	41077	2.622625326801	-21.391288757324
3	41084	2.623073253738	-25.621509552002
3	41094	2.623648720214	-26.455146789551
3	41101	2.624029779485	-30.738382339478
3	41105	2.624657186037	-26.497867584229
3	41115	2.625035323937	-31.331859588623
3	41125	2.625651673487	-25.885997772217
3	41132	2.626065949239	-13.613967895508
3	41139	2.626695680548	-17.093173980713
3	41146	2.627074324263	-24.949365615845
3	41156	2.627676294708	-32.505146026611
3	41163	2.628052959667	-35.036964416504
3	41170	2.628724642671	-33.464317321777
3	41177	2.629034531908	-33.837097167969
3	41187	2.629761400322	-16.944242477417
3	41194	2.630046456396	-26.205400466919
3	41204	2.630796990425	-30.083381652832
3	41208	2.631067287835	-30.563024520874
3	41218	2.631750986424	-40.967723846436
3	41222	2.632105439173	-23.272871017456
3	41232	2.63275415733	-37.620532989502
3	41239	2.63314736788	-33.053024291992
3	41246	2.63372448329	-24.403125762939
3	41253	2.634169816926	-21.627599716187
3	41260	2.634724455144	-18.396492004395
3	41270	2.635182036822	-37.137493133545
3	41280	2.635705402375	-26.138889312744
3	41284	2.636187191483	-30.02098274231
3	41291	2.63669160239	-21.192249298096
3	41301	2.637202728819	-22.685953140259
3	41311	2.637739286974	-30.884649276733
3	41315	2.638171319988	-26.574396133423
3	41322	2.638709865566	-33.613582611084
3	41335	2.63919335062	-26.316162109375
3	41342	2.639705765424	-38.792205810547
3	41349	2.64023787504	-27.94100189209
3	41356	2.640679893057	-25.644592285156
3	41366	2.641203080266	-21.138097763062
3	41373	2.641651308811	-29.304460525513
3	41380	2.642192079061	-24.27112197876
3	41387	2.642689124682	-26.39400100708
3	41397	2.643197087398	-25.53611946106
3	41404	2.643682029908	-30.405086517334
3	41411	2.64419759533	-32.921760559082
3	41421	2.644715614555	-33.434673309326
3	41428	2.645230015035	-20.106561660767
3	41432	2.645736895261	-31.105298995972
3	41442	2.646249666016	-29.249378204346
3	41455	2.646748649487	-44.901428222656
3	41459	2.647239063286	-31.264953613281
3	41463	2.647767800283	-27.383399963379
3	41473	2.648261354865	-10.279017448425
3	41486	2.648731928013	-30.628526687622
3	41490	2.649233039866	-38.909133911133
3	41494	2.649735671723	-35.493358612061
3	41501	2.650210734698	-31.185012817383
3	41517	2.65071726653	-18.146734237671
3	41521	2.651248079945	-17.564655303955
3	41525	2.651704087179	-24.030048370361
3	41532	2.652253720781	-29.066703796387
3	41548	2.652738120052	-22.808218002319
3	41552	2.653274220058	-19.478761672974
3	41556	2.653772153682	-18.091709136963
3	41563	2.654248458331	-38.986045837402
3	41579	2.654797405766	-12.603365898132
3	41583	2.655273303468	-20.559099197388
3	41587	2.655802679781	-26.626043319702
3	41600	2.656293861778	-31.188800811768
3	41607	2.656835361713	-28.098804473877
3	41614	2.657339035341	-24.832244873047
3	41618	2.657856861501	-43.611358642578
3	41628	2.65831271291	-12.532341003418
3	41644	2.658893190772	-20.788545608521
3	41648	2.659338522232	-20.412317276001
3	41652	2.659939413575	-31.61877822876
3	41662	2.660360244342	-33.000263214111
3	41675	2.660928886505	-25.771430969238
3	41679	2.661399381093	-26.87272644043
3	41686	2.661933783393	-20.875009536743
3	41696	2.662398635805	-21.59038734436
3	41706	2.662949052045	-23.662347793579
3	41710	2.663371781246	-30.904668807983
3	41717	2.663903461057	-22.970277786255
3	41727	2.664383626268	-29.418369293213
3	41737	2.664948883845	-22.19052696228
3	41741	2.665384337303	-26.252679824829
3	41748	2.66599523245	-22.674222946167
3	41758	2.666351084962	-34.431007385254
3	41768	2.66696869785	-30.518854141235
3	41772	2.667350824213	-23.554513931274
3	41776	2.667926596869	-19.609064102173
3	41789	2.668302929977	-26.181177139282
3	41799	2.66892978882	-26.565601348877
3	41803	2.669255219036	-22.206159591675
3	41810	2.669940107772	-35.921161651611
3	41823	2.670281705111	-21.472833633423
3	41830	2.670939859469	-18.146862030029
3	41834	2.671247927046	-15.896775245667
3	41844	2.671974543744	-25.298685073853
3	41851	2.672248023249	-24.641019821167
3	41861	2.672948056616	-22.201547622681
3	41865	2.673289798139	-17.162885665894
3	41875	2.673970393417	-15.965167045593
3	41879	2.674311590054	-19.733539581299
3	41892	2.6749660971	-16.951683044434
3	41896	2.675294776664	-29.541414260864
3	41906	2.67600787699	-28.619508743286
3	41913	2.676332222269	-35.869636535645
3	41923	2.677050112558	-22.508876800537
3	41927	2.677290507767	-28.685899734497
3	41937	2.678029156803	-22.679370880127
3	41941	2.678267538896	-28.220817565918
3	41957	2.679069611232	-23.982740402222
3	41961	2.679267831179	-24.111282348633
3	41971	2.680068005539	-23.350749969482
3	41975	2.680247544753	-32.751800537109
3	41988	2.681048344354	-14.035087585449
3	41992	2.681236342279	-26.642932891846
3	42002	2.682033669018	-29.379308700562
3	42006	2.682234073195	-31.842800140381
3	42019	2.683055453634	-28.137605667114
3	42023	2.683193201372	-16.254625320435
3	42033	2.684077265138	-31.923454284668
3	42037	2.684160746113	-17.131774902344
3	42050	2.68511593587	-27.620132446289
3	42054	2.685199323671	-21.521604537964
3	42064	2.686101084626	-23.637893676758
3	42074	2.686241338247	-26.688352584839
3	42081	2.687146321706	-23.125978469849
3	42085	2.687279572554	-29.312377929688
3	42098	2.688177438195	-27.815498352051
3	42108	2.688279835485	-35.747207641602
3	42112	2.689172603082	-30.256498336792
3	42116	2.689275177165	-26.628179550171
3	42129	2.690149764694	-11.895593643188
3	42136	2.690226206381	-34.466403961182
3	42143	2.691178856097	-25.372095108032
3	42147	2.691234894182	-19.199457168579
3	42160	2.692145022095	-32.781185150146
3	42167	2.692211716123	-29.849283218384
3	42174	2.693130766759	-24.301887512207
3	42178	2.693190207791	-28.595983505249
3	42197	2.694136070628	-28.747850418091
3	42201	2.694191691882	-23.443222045898
3	42205	2.695173724865	-31.547130584717
3	42209	2.695191519517	-28.487995147705
3	42225	2.696149456691	-19.404132843018
3	42229	2.696188454142	-24.705551147461
3	42236	2.697164098984	-32.630550384521
3	42240	2.697198086283	-30.926523208618
3	42253	2.698129674282	-26.302837371826
3	42263	2.698231957766	-26.01176071167
3	42270	2.699136269161	-28.459663391113
3	42274	2.699279835688	-22.070253372192
3	42287	2.700174626989	-34.225330352783
3	42291	2.700253676319	-34.847763061523
3	42301	2.701188997537	-20.805360794067
3	42305	2.70124022362	-24.384860992432
3	42318	2.702224993573	-35.635917663574
3	42322	2.70226300761	-25.926139831543
3	42332	2.703265741725	-25.769239425659
3	42336	2.703273237923	-20.810247421265
3	42349	2.70426006957	-17.787115097046
3	42353	2.704282949825	-12.508625984192
3	42363	2.705253968351	-31.225933074951
3	42367	2.705263776115	-35.306098937988
3	42380	2.706220283613	-26.146688461304
3	42384	2.706248806477	-28.379264831543
3	42394	2.707266074686	-28.372297286987
3	42398	2.70728788395	-12.62696647644
3	42411	2.708247243927	-26.868530273438
3	42415	2.70829939314	-22.936277389526
3	42425	2.709203755247	-22.194065093994
3	42429	2.709250545902	-19.307098388672
3	42442	2.710162137797	-28.578466415405
3	42446	2.71026319899	-28.850770950317
3	42456	2.711149855873	-35.200012207031
3	42460	2.711299605779	-35.016757965088
3	42473	2.712121336669	-24.713008880615
3	42477	2.712309897026	-8.6770572662354
3	42487	2.713075156757	-19.91212272644
3	42491	2.713354411486	-19.174133300781
3	42504	2.71405890492	-28.146137237549
3	42511	2.714354643041	-23.963005065918
3	42518	2.715050568513	-25.322658538818
3	42528	2.715375176602	-17.899299621582
3	42535	2.716071435624	-19.172819137573
3	42542	2.716397999996	-26.299730300903
3	42549	2.717091628971	-25.864831924438
3	42556	2.717380012052	-36.890186309814
3	42566	2.718077078846	-25.371814727783
3	42576	2.718388944053	-28.148975372314
3	42583	2.719100786786	-23.675287246704
3	42590	2.719341459778	-25.034530639648
3	42600	2.720115803743	-29.542135238647
3	42610	2.720336961294	-13.95641708374
3	42614	2.721125787806	-28.530557632446
3	42621	2.721350706794	-16.537477493286
3	42631	2.722168162363	-14.79598236084
3	42638	2.72230869649	-28.655542373657
3	42645	2.723185533396	-19.587823867798
3	42649	2.723314565048	-21.556894302368
3	42662	2.724155974897	-19.678394317627
3	42669	2.724358588922	-17.289991378784
3	42676	2.725183238947	-20.373582839966
3	42683	2.725341279078	-18.617403030396
3	42693	2.72619862851	-24.689430236816
3	42700	2.726383908981	-32.105098724365
3	42707	2.727151324996	-31.625324249268
3	42714	2.72734388256	-23.777612686157
3	42724	2.728110017673	-18.814218521118
3	42728	2.728357022714	-20.783296585083
3	42738	2.729088263203	-16.342771530151
3	42742	2.729392097309	-27.490068435669
3	42755	2.730038582178	-12.568752288818
3	42765	2.730410102898	-18.77587890625
3	42769	2.731057725401	-20.896551132202
3	42773	2.731425478025	-23.023675918579
3	42786	2.732103131586	-22.271461486816
3	42796	2.732458317806	-23.321273803711
3	42800	2.733093015533	-18.524503707886
3	42807	2.733503844465	-30.157125473022
3	42817	2.734060004988	-26.334175109863
3	42827	2.734499435557	-20.792543411255
3	42831	2.735010577621	-24.714654922485
3	42838	2.735487255424	-14.374493598938
3	42848	2.73598775624	-22.95609664917
3	42858	2.73650276188	-23.785863876343
3	42862	2.736962640478	-29.954708099365
3	42869	2.737503280796	-21.260662078857
3	42879	2.737943227018	-23.331344604492
3	42892	2.738485848814	-24.643426895142
3	42896	2.738906632569	-11.753255844116
3	42903	2.739460049706	-31.041509628296
3	42910	2.739886160857	-21.219005584717
3	42923	2.74042159681	-34.827499389648
3	42927	2.740919943793	-23.358533859253
3	42934	2.741429921296	-25.292808532715
3	42941	2.741891835374	-25.580438613892
3	42954	2.742397378539	-30.169040679932
3	42958	2.742903232796	-22.157470703125
3	42965	2.743443319871	-4.7497844696045
3	42972	2.743869980931	-34.896049499512
3	42985	2.744462290864	-21.384035110474
3	42989	2.744861913845	-24.936580657959
3	42996	2.745483131759	-24.079992294312
3	43003	2.745860748609	-22.030868530273
3	43016	2.746440232186	-28.516153335571
3	43020	2.746860280893	-21.131969451904
3	43027	2.747391055712	-12.434540748596
3	43037	2.747882783748	-17.282560348511
3	43047	2.748419990066	-31.78270149231
3	43051	2.748858744402	-24.288988113403
3	43061	2.749393179053	-16.391120910645
3	43068	2.749822991348	-18.184707641602
3	43077	2.750379245301	-29.09132194519
3	43087	2.750810185652	-25.179170608521
3	43094	2.751404417029	-24.142093658447
3	43101	2.751851334282	-20.217239379883
3	43108	2.752431525572	-22.5791015625
3	43118	2.752870180371	-33.349292755127
3	43125	2.753394727636	-18.640821456909
3	43132	2.753888286281	-37.765468597412
3	43142	2.75443897476	-17.938343048096
3	43149	2.754921729357	-24.861713409424
3	43156	2.755471173909	-21.635047912598
3	43163	2.75587768187	-26.867059707642
3	43173	2.75650070261	-26.088354110718
3	43180	2.756904115217	-31.257167816162
3	43187	2.757450738825	-25.665037155151
3	43191	2.75785779892	-14.1320104599
3	43207	2.758462114454	-20.302131652832
3	43211	2.758848098164	-28.12389755249
3	43221	2.759428893474	-26.623634338379
3	43228	2.759871934556	-18.213312149048
3	43238	2.760478597462	-18.252044677734
3	43245	2.760902268466	-27.367027282715
3	43252	2.761432653676	-18.595546722412
3	43262	2.761867818436	-24.177822113037
3	43269	2.762475467433	-8.4958200454712
3	43276	2.762887392153	-25.294630050659
3	43283	2.763484589264	-22.808477401733
3	43293	2.763921218029	-30.320676803589
3	43300	2.764460588378	-18.950252532959
3	43307	2.764950985723	-20.664884567261
3	43314	2.765467364984	-3.0569121837616
3	43321	2.765948027544	-18.873523712158
3	43331	2.76646813353	-29.391519546509
3	43335	2.76695481266	-22.060792922974
3	43345	2.767486991902	-27.496694564819
3	43352	2.76790913353	-41.710800170898
3	43362	2.768473047724	-25.022235870361
3	43366	2.768873521563	-32.556007385254
3	43373	2.769427477041	-25.681509017944
3	43383	2.76986994417	-16.333013534546
3	43393	2.770438022146	-29.644887924194
3	43397	2.770848767436	-27.234567642212
3	43407	2.771485705152	-11.203620910645
3	43414	2.771888403197	-23.335126876831
3	43424	2.77243611501	-29.796754837036
3	43428	2.772933637331	-13.029145240784
3	43438	2.773459270908	-19.252508163452
3	43445	2.773983205138	-29.554775238037
3	43455	2.774446971978	-16.873487472534
3	43459	2.774971041024	-20.344129562378
3	43469	2.775451751392	-29.838119506836
3	43479	2.77602062404	-32.759689331055
3	43486	2.776429119152	-31.794118881226
3	43493	2.777008192737	-34.302097320557
3	43500	2.777422867273	-21.120216369629
3	43513	2.778014322343	-36.88151550293
3	43520	2.778469873482	-29.673788070679
3	43527	2.77899114235	-31.402837753296
3	43537	2.779465622762	-24.690670013428
3	43544	2.780029989771	-31.37900352478
3	43551	2.780432165338	-11.179472923279
3	43558	2.781062213517	-30.821115493774
3	43568	2.781430402679	-25.810277938843
3	43572	2.782013325586	-19.785940170288
3	43582	2.782404767275	-23.626678466797
3	43589	2.783005794678	-24.418237686157
3	43599	2.783417276303	-28.959310531616
3	43603	2.783965506295	-25.365716934204
3	43613	2.78444705251	-26.320222854614
3	43620	2.785014207106	-31.689332962036
3	43630	2.7854458602	-21.45964050293
3	43637	2.786011031964	-23.533220291138
3	43644	2.786479483	-27.382209777832
3	43654	2.786997382368	-21.838943481445
3	43661	2.787480654442	-26.79665184021
3	43668	2.787977451936	-25.841541290283
3	43678	2.788468047909	-21.391290664673
3	43685	2.788975157933	-23.713844299316
3	43692	2.789466291329	-31.571084976196
3	43696	2.789925535796	-27.001264572144
3	43709	2.790503774893	-18.170434951782
3	43716	2.790966763657	-20.44068145752
3	43723	2.791526268969	-20.948211669922
3	43730	2.791951818602	-28.845430374146
3	43740	2.792559336815	-15.915897369385
3	43747	2.792937273481	-26.881731033325
3	43754	2.793604029937	-20.571353912354
3	43761	2.793976634796	-30.226329803467
3	43768	2.794581975895	-21.26286315918
3	43778	2.794980041855	-25.685243606567
3	43785	2.795578070668	-29.421875
3	43792	2.795950129656	-14.37117099762
3	43799	2.796565931636	-17.051553726196
3	43809	2.796927705172	-21.916435241699
3	43822	2.797552529998	-26.321895599365
3	43826	2.797878860239	-26.766561508179
3	43836	2.798535242379	-13.736264228821
3	43843	2.798850055033	-14.841073989868
3	43853	2.799582530212	-18.231214523315
3	43857	2.799834027197	-18.699304580688
3	43867	2.800632204968	-19.559246063232
3	43874	2.800799551903	-15.889408111572
3	43884	2.801606808411	-11.142784118652
3	43888	2.801771985834	-24.923727035522
3	43898	2.80265391462	-27.297775268555
3	43902	2.802725607035	-22.681676864624
3	43912	2.803606158686	-31.656494140625
3	43916	2.803709494059	-7.7128753662109
3	43926	2.804565092479	-23.10015296936
3	43933	2.804696178537	-19.560182571411
3	43943	2.805577599402	-18.373567581177
3	43947	2.805665170899	-21.410373687744
3	43957	2.806533333225	-26.391382217407
3	43967	2.806673614056	-19.677215576172
3	43974	2.807529616177	-9.9716768264771
3	43978	2.807652414517	-17.201169967651
3	43991	2.808510065259	-24.196634292603
3	44001	2.808645535121	-22.024938583374
3	44005	2.809558451671	-15.301766395569
3	44012	2.809674882068	-30.04013633728
3	44028	2.810598204973	-26.77158164978
3	44032	2.810678737854	-25.291582107544
3	44036	2.811624413383	-38.229751586914
3	44040	2.811648102617	-37.815925598145
3	44059	2.812575002747	-11.55931186676
3	44063	2.81268714628	-12.138471603394
3	44067	2.813616511328	-14.821384429932
3	44071	2.813658193591	-16.644142150879
3	44090	2.814620898573	-28.135051727295
3	44094	2.814659842744	-24.172130584717
3	44101	2.815635407656	-21.069316864014
3	44105	2.815641268488	-10.277557373047
3	44121	2.816594011804	-23.656650543213
3	44125	2.816649509949	-23.471078872681
3	44135	2.81756616427	-20.09698677063
3	44139	2.817670184779	-35.581645965576
3	44155	2.81858840295	-24.6711769104
3	44159	2.818700626383	-29.518707275391
3	44166	2.819594794205	-30.825716018677
3	44170	2.819703804719	-25.631809234619
3	44186	2.82059719005	-23.936344146729
3	44190	2.820724054594	-25.399965286255
3	44197	2.821643146095	-25.162250518799
3	44201	2.821698303291	-13.858065605164
3	44217	2.822686549725	-18.914363861084
3	44221	2.822688709709	-32.746139526367
3	44228	2.823640469842	-24.495460510254
3	44232	2.823647070481	-22.851377487183
3	44245	2.824615228663	-32.576442718506
3	44249	2.824632092021	-12.324768066406
3	44259	2.82557697883	-19.200769424438
3	44263	2.825680468332	-19.47240447998
3	44276	2.826571093481	-15.506449699402
3	44283	2.826713842368	-20.896841049194
3	44290	2.827590323234	-27.037414550781
3	44294	2.827763545223	-33.48547744751
3	44304	2.82860418063	-25.634773254395
3	44314	2.828766227816	-36.401119232178
3	44321	2.829619998891	-22.149833679199
3	44325	2.829794946763	-16.634824752808
3	44335	2.830578707953	-30.870422363281
3	44342	2.830784057254	-15.323044776917
3	44352	2.831579775492	-21.910678863525
3	44356	2.831822367587	-26.798454284668
3	44369	2.832554946239	-12.881112098694
3	44373	2.832822925543	-14.067620277405
3	44383	2.833594088605	-26.234113693237
3	44387	2.83386794269	-29.699153900146
3	44400	2.83459782131	-20.478801727295
3	44404	2.834891994848	-22.562366485596
3	44414	2.835630385983	-25.2389793396
3	44418	2.835902488924	-31.882154464722
3	44431	2.836656614528	-33.762275695801
3	44435	2.836949104156	-30.270826339722
3	44448	2.837661914388	-28.39143371582
3	44455	2.837962197338	-29.442153930664
3	44465	2.838650636272	-23.362873077393
3	44469	2.838969366866	-34.093444824219
3	44479	2.839698519172	-28.589359283447
3	44486	2.839938993932	-28.809162139893
3	44496	2.840682235299	-20.467918395996
3	44503	2.84094115417	-32.251956939697
3	44510	2.841710219117	-26.208654403687
3	44514	2.841912030726	-25.209604263306
3	44527	2.842748705241	-27.594987869263
3	44531	2.842937657475	-26.998699188232
3	44541	2.843720877145	-30.905633926392
3	44545	2.843972423021	-27.284683227539
3	44558	2.844752468056	-27.427795410156
3	44562	2.844932325281	-31.383085250854
3	44572	2.845739043065	-32.786636352539
3	44576	2.845939067293	-27.541015625
3	44589	2.846746871954	-25.473314285278
3	44593	2.846905059457	-26.693120956421
3	44603	2.847777201558	-37.70044708252
3	44607	2.847865778299	-34.111801147461
3	44620	2.848730311084	-20.253301620483
3	44624	2.848829069065	-18.170375823975
3	44634	2.849765077076	-42.637989044189
3	44638	2.849838908268	-35.784152984619
3	44651	2.850796272314	-29.99555015564
3	44655	2.850796317981	-26.769645690918
3	44665	2.851764684945	-30.388334274292
3	44669	2.851777853776	-32.527515411377
3	44682	2.852739959251	-21.641645431519
3	44686	2.852753893091	-25.597679138184
3	44696	2.853713153689	-31.593858718872
3	44700	2.853722701791	-20.623302459717
3	44713	2.854742229929	-23.747596740723
3	44717	2.854744679083	-13.706691741943
3	44727	2.855715764035	-23.616455078125
3	44731	2.855740303186	-21.270696640015
3	44741	2.856720518785	-37.653621673584
3	44748	2.856752587711	-25.087381362915
3	44761	2.85770739278	-30.621620178223
3	44765	2.857716310319	-27.647764205933
3	44775	2.858661911292	-27.14475440979
3	44779	2.858751817058	-31.866088867188
3	44792	2.859631977491	-12.412979125977
3	44796	2.859759771335	-35.537601470947
3	44806	2.860619505838	-18.663736343384
3	44810	2.860716601684	-18.795900344849
3	44823	2.861654752308	-15.40368938446
3	44827	2.86173962499	-19.368322372437
3	44837	2.862604971941	-32.196304321289
3	44841	2.862699195059	-29.213369369507
3	44854	2.863609678032	-20.034265518188
3	44858	2.86365009633	-27.049789428711
3	44868	2.864641849792	-30.267267227173
3	44872	2.864696741733	-28.508728027344
3	44885	2.8656665743	-27.290573120117
3	44889	2.865692555892	-29.206565856934
3	44902	2.866635923649	-37.133846282959
3	44906	2.86671548991	-23.795068740845
3	44913	2.867626625335	-25.185949325562
3	44920	2.867762474475	-23.667495727539
3	44930	2.868581821316	-27.672357559204
3	44934	2.86874117196	-37.00569152832
3	44947	2.869591468152	-38.99242401123
3	44951	2.869747406491	-21.258092880249
3	44961	2.87056067783	-33.546501159668
3	44965	2.870738558623	-29.528385162354
3	44978	2.871556377084	-27.789588928223
3	44982	2.871764867602	-26.906436920166
3	44992	2.872593434261	-31.713460922241
3	44996	2.87281364819	-20.190343856812
3	45006	2.873576612481	-30.001277923584
3	45013	2.873836774376	-26.707809448242
3	45023	2.874588483997	-29.013072967529
3	45027	2.874858262315	-24.103065490723
3	45040	2.875605727446	-29.390419006348
3	45044	2.875842243869	-18.612909317017
3	45051	2.876608103346	-29.869451522827
3	45058	2.876861104627	-27.332164764404
3	45074	2.877639969367	-27.940166473389
3	45078	2.877841117619	-31.848745346069
3	45085	2.878614957257	-22.897674560547
3	45092	2.878802334805	-18.754903793335
3	45102	2.879601505554	-24.677179336548
3	45109	2.879837125372	-25.434694290161
3	45116	2.880636460034	-18.976421356201
3	45123	2.880802006649	-26.956272125244
3	45136	2.881676342391	-30.796531677246
3	45140	2.881773583088	-29.164522171021
3	45147	2.882674913903	-24.995252609253
3	45154	2.882799435025	-16.381546020508
3	45164	2.883631293116	-37.584129333496
3	45171	2.883773917183	-13.924739837646
3	45178	2.884588333802	-20.549194335938
3	45185	2.884793086338	-18.333003997803
3	45195	2.885595871907	-34.976776123047
3	45199	2.885749485487	-28.416450500488
3	45212	2.886629488047	-32.586620330811
3	45219	2.886715568191	-28.599903106689
3	45226	2.887666008226	-31.1748046875
3	45230	2.887676460885	-32.647975921631
3	45246	2.888684319151	-19.482154846191
3	45250	2.888708084202	-16.508937835693
3	45257	2.889683969462	-19.042078018188
3	45261	2.889709784567	-29.550048828125
3	45277	2.890668318368	-35.566207885742
3	45284	2.890737727823	-36.009037017822
3	45288	2.891688565757	-17.731451034546
3	45292	2.891701820172	-33.634799957275
3	45311	2.892707390172	-25.421766281128
3	45315	2.892730146601	-30.308210372925
3	45319	2.89369119543	-22.941244125366
3	45323	2.893706750014	-22.080165863037
3	45339	2.894710173632	-23.984857559204
3	45346	2.894729196094	-20.874353408813
3	45350	2.895732410031	-22.050455093384
3	45354	2.895771601858	-37.821556091309
3	45373	2.896684550303	-31.071044921875
3	45377	2.896794154402	-15.540685653687
3	45381	2.897720618363	-28.092189788818
3	45391	2.897756604628	-23.044769287109
3	45404	2.898718926826	-29.798686981201
3	45411	2.898735602509	-14.059147834778
3	45415	2.899760491441	-23.827953338623
3	45419	2.899765913204	-22.557392120361
3	45438	2.900732255981	-33.041450500488
3	45442	2.900745461496	-30.221378326416
3	45446	2.901754167472	-22.770921707153
3	45450	2.901776870021	-32.21720123291
3	45469	2.902762791395	-28.701738357544
3	45473	2.902775205959	-21.666761398315
3	45477	2.903725630993	-37.433155059814
3	45481	2.903790200152	-15.756923675537
3	45500	2.904718565617	-22.190937042236
3	45504	2.904818651172	-26.066957473755
3	45508	2.905689661064	-22.204147338867
3	45515	2.905862060963	-30.712757110596
3	45531	2.906667683441	-38.366458892822
3	45535	2.906882179478	-29.724306106567
3	45539	2.907673904673	-28.746990203857
3	45549	2.90793145501	-28.091823577881
3	45559	2.908688418049	-21.990983963013
3	45566	2.908922852774	-26.091274261475
3	45573	2.909712460657	-30.57434463501
3	45577	2.90990090426	-28.343935012817
3	45593	2.91074764462	-19.148738861084
3	45597	2.910860674618	-24.397714614868
3	45604	2.91174141024	-25.726434707642
3	45608	2.911818542026	-24.470666885376
3	45624	2.912761456061	-22.838054656982
3	45628	2.912865149886	-17.2093334198
3	45632	2.913735561126	-35.678943634033
3	45636	2.91384515041	-26.121871948242
3	45655	2.914718813259	-32.070526123047
3	45659	2.914828038269	-16.701169967651
3	45663	2.9156956793	-27.705772399902
3	45667	2.915779211218	-22.261201858521
3	45686	2.916687318267	-26.646448135376
3	45690	2.91675768808	-23.041362762451
3	45694	2.917704434873	-26.199052810669
3	45698	2.917777666674	-28.494274139404
3	45720	2.918694316854	-23.67869758606
3	45724	2.918761982444	-21.045751571655
3	45728	2.919717243352	-41.328384399414
3	45735	2.919778765656	-30.541547775269
3	45748	2.920703260502	-28.166151046753
3	45755	2.920763435305	-21.432329177856
3	45762	2.921708606447	-29.315919876099
3	45766	2.921806703464	-22.418979644775
3	45779	2.92270384382	-27.074735641479
3	45786	2.922854768333	-27.952922821045
3	45790	2.923710329733	-26.783996582031
3	45797	2.923828076543	-21.235567092896
3	45810	2.92472666083	-28.622846603394
3	45814	2.924818083059	-26.237285614014
3	45824	2.925730086711	-24.698720932007
3	45828	2.925836272078	-41.502628326416
3	45841	2.926707903468	-8.0854997634888
3	45845	2.926824724142	-25.050748825073
3	45855	2.927716890248	-26.30936050415
3	45859	2.927861073389	-21.972585678101
3	45872	2.92868335026	-29.363845825195
3	45876	2.928823791497	-34.950836181641
3	45886	2.929719908497	-24.364580154419
3	45893	2.929792613727	-29.248092651367
3	45903	2.930688325415	-19.604667663574
3	45907	2.930766437994	-31.133962631226
3	45917	2.931655721953	-15.070778846741
3	45924	2.931814949245	-28.566911697388
3	45934	2.932615078839	-27.365097045898
3	45938	2.932831392064	-32.714637756348
3	45945	2.933644031219	-20.764768600464
3	45955	2.93384860134	-25.177230834961
3	45965	2.934691478434	-32.40015411377
3	45969	2.934865778456	-26.845350265503
3	45982	2.935695485937	-29.280324935913
3	45986	2.93586377982	-33.945789337158
3	45996	2.936733154528	-17.334613800049
3	46000	2.93686513431	-34.55383682251
3	46016	2.937740887739	-29.28150177002
3	46020	2.93782261537	-36.238746643066
3	46030	2.938781336195	-27.014614105225
3	46034	2.93880795015	-32.249889373779
3	46047	2.939754782767	-33.791965484619
3	46051	2.93980909251	-23.473789215088
3	46061	2.940776120512	-25.080354690552
3	46065	2.940799084956	-23.688081741333
3	46078	2.94175183157	-12.454532623291
3	46082	2.941818820719	-25.237756729126
3	46092	2.942781902622	-23.336923599243
3	46096	2.942809600248	-32.781829833984
3	46109	2.943810964804	-28.286613464355
3	46113	2.943821888269	-17.726467132568
3	46123	2.944764295845	-28.331035614014
3	46127	2.944870711784	-28.592451095581
3	46140	2.945801137945	-31.782064437866
3	46144	2.945842820567	-20.370529174805
3	46154	2.946797466953	-28.938903808594
3	46158	2.946830261939	-19.082843780518
3	46171	2.94781247983	-29.526679992676
3	46175	2.947835211712	-32.447402954102
3	46185	2.948819980099	-33.388614654541
3	46189	2.948846160345	-35.2399559021
3	46205	2.949833569153	-22.143274307251
3	46209	2.949860052693	-28.698692321777
3	46216	2.950801214258	-37.192977905273
3	46220	2.950855230927	-28.127479553223
3	46233	2.951756262324	-20.495782852173
3	46237	2.951854281208	-29.547777175903
3	46247	2.952763126736	-25.286754608154
3	46251	2.952816473681	-18.135860443115
3	46258	2.953729125201	-29.139019012451
3	46265	2.953862828273	-26.360593795776
3	46278	2.954700210208	-24.63588142395
3	46282	2.954847737316	-38.684371948242
3	46289	2.955738734401	-32.428287506104
3	46296	2.955887117566	-27.843152999878
3	46309	2.956770893174	-20.348150253296
3	46313	2.956918090934	-23.410099029541
3	46320	2.957728375199	-22.336442947388
3	46330	2.95790412237	-22.424962997437
3	46343	2.958686730778	-34.275688171387
3	46347	2.958911703325	-25.719085693359
3	46354	2.959688049782	-14.828628540039
3	46364	2.959898141271	-27.666677474976
3	46374	2.960670882034	-29.245157241821
3	46378	2.960880814106	-24.408550262451
3	46388	2.961647449264	-29.882053375244
3	46392	2.961842197268	-29.211612701416
3	46405	2.962663191975	-16.08091545105
3	46409	2.962865408821	-23.16548538208
3	46416	2.963701557358	-19.970455169678
3	46423	2.963859102604	-18.583461761475
3	46436	2.964701884876	-19.361070632935
3	46440	2.964839152453	-24.55163192749
3	46447	2.965731642249	-28.03296661377
3	46451	2.96580512548	-34.14973449707
3	46467	2.966703250114	-22.157878875732
3	46471	2.966799286957	-33.752990722656
3	46478	2.967680729204	-20.607501983643
3	46482	2.967753414347	-36.43811416626
3	46498	2.968684970665	-25.891773223877
3	46502	2.968733246011	-15.510907173157
3	46509	2.969712681831	-23.864177703857
3	46513	2.969738843188	-25.665872573853
3	46529	2.970670587198	-27.798812866211
3	46533	2.970706394206	-17.63570022583
3	46543	2.971645117278	-29.420190811157
3	46547	2.971744251476	-29.117416381836
3	46560	2.972646715236	-31.881746292114
3	46564	2.972707393851	-30.156805038452
3	46571	2.973692296928	-21.414293289185
3	46578	2.97373170375	-16.580419540405
3	46591	2.974737174417	-19.657651901245
3	46595	2.974761126168	-15.317723274231
3	46605	2.975729638614	-32.143852233887
3	46609	2.975745295956	-19.922372817993
3	46625	2.9767118368	-19.639068603516
3	46629	2.976721542871	-25.12467956543
3	46639	2.977688781209	-14.469655990601
3	46646	2.977756162633	-35.806941986084
3	46656	2.978690582258	-22.154926300049
3	46663	2.978723491495	-16.645534515381
3	46670	2.979682985355	-13.16693687439
3	46674	2.97968810315	-20.325033187866
3	46687	2.980645277872	-30.093872070312
3	46694	2.980669856029	-21.383836746216
3	46698	2.981611217922	-26.960603713989
3	46705	2.981696500704	-36.13427734375
3	46718	2.98262192379	-19.131727218628
3	46725	2.982734382084	-16.226865768433
3	46729	2.983652692498	-30.883779525757
3	46736	2.983755088028	-20.501747131348
3	46752	2.984630290829	-21.540542602539
3	46756	2.984766250173	-27.29522895813
3	46760	2.985616684367	-26.97198677063
3	46764	2.985773207063	-23.647716522217
3	46783	2.986610593207	-19.695753097534
3	46787	2.986792765506	-30.552127838135
3	46791	2.987596434328	-31.47279548645
3	46798	2.987760027086	-19.298698425293
3	46811	2.988573978471	-23.720102310181
3	46818	2.988734115356	-32.122230529785
3	46822	2.989526744995	-23.600698471069
3	46829	2.989766306177	-12.837379455566
3	46842	2.99048832218	-20.440286636353
3	46849	2.990815464414	-25.406078338623
3	46853	2.991489554822	-43.100158691406
3	46860	2.991836696892	-34.516586303711
3	46873	2.99243974798	-22.863943099976
3	46880	2.99282700884	-23.646766662598
3	46884	2.993407768343	-28.092973709106
3	46891	2.993799086408	-28.561990737915
3	46904	2.994388547474	-32.373725891113
3	46911	2.994785738796	-22.974615097046
3	46915	2.995407896455	-29.215057373047
3	46922	2.995787997537	-22.715364456177
3	46935	2.996403132078	-24.450391769409
3	46939	2.996755942169	-29.405492782593
3	46946	2.997452594984	-21.32342338562
3	46956	2.997763573573	-22.20817565918
3	46969	2.998454237607	-14.972745895386
3	46976	2.998768431326	-22.723997116089
3	46980	2.99949364525	-23.979726791382
3	46987	2.999805227893	-22.468242645264
3	47002	3.000457631548	-22.715644836426
3	47009	3.000822624361	-21.247159957886
3	47013	3.001429186192	-21.221979141235
3	47020	3.001816408392	-15.593363761902
3	47027	3.002390920182	-21.494373321533
3	47040	3.002862153137	-29.427661895752
3	47044	3.00343799315	-27.201372146606
3	47051	3.003840061029	-24.139326095581
3	47058	3.004459333202	-15.78968334198
3	47071	3.004813218698	-31.388807296753
3	47075	3.005500149105	-36.333766937256
3	47079	3.005770898379	-26.653610229492
3	47092	3.006487158483	-11.25944519043
3	47102	3.0068169776	-27.707866668701
3	47106	3.007508397652	-30.475173950195
3	47110	3.007789699944	-22.577808380127
3	47120	3.008497078248	-19.151853561401
3	47133	3.008822265956	-22.061883926392
3	47137	3.009509647149	-18.498119354248
3	47141	3.009804300782	-30.659446716309
3	47154	3.010555484637	-27.799983978271
3	47164	3.010798245864	-24.938388824463
3	47168	3.011556451058	-28.876724243164
3	47172	3.011843829373	-21.035179138184
3	47188	3.012559872773	-26.539491653442
3	47192	3.01281327117	-33.481601715088
3	47199	3.013561761835	-17.667058944702
3	47203	3.013829022006	-20.985231399536
3	47219	3.014593520373	-31.697862625122
3	47223	3.014844849752	-22.636039733887
3	47230	3.015554781938	-20.061059951782
3	47234	3.015865310133	-27.367553710938
3	47250	3.016571277599	-21.21932220459
3	47254	3.016836176175	-29.472867965698
3	47261	3.017534469505	-22.875217437744
3	47265	3.017883249703	-19.055534362793
3	47281	3.018520999347	-25.042610168457
3	47291	3.01892478788	-26.061813354492
3	47295	3.019488323834	-27.490936279297
3	47302	3.019893753819	-25.336706161499
3	47309	3.020513425612	-27.630498886108
3	47322	3.020896297649	-29.647331237793
3	47326	3.021546968017	-30.655986785889
3	47333	3.02192952774	-25.187759399414
3	47343	3.022561754176	-16.385549545288
3	47353	3.02294927302	-35.928192138672
3	47357	3.023573698526	-29.90126991272
3	47364	3.023956964321	-25.907379150391
3	47377	3.024609933762	-20.677951812744
3	47384	3.024980602664	-20.417161941528
3	47388	3.025583388934	-25.94916343689
3	47395	3.02599815093	-24.130044937134
3	47405	3.026535802836	-26.537008285522
3	47415	3.027021722922	-17.058980941772
3	47419	3.027529749844	-38.791728973389
3	47423	3.028046317044	-28.284322738647
3	47436	3.028541666052	-36.43603515625
3	47446	3.029071319409	-17.267835617065
3	47450	3.029544667832	-20.194885253906
3	47457	3.030101533223	-21.534206390381
3	47467	3.030536978265	-16.388454437256
3	47477	3.031140470141	-29.426889419556
3	47481	3.031496859695	-17.06575012207
3	47485	3.032123321332	-15.873375892639
3	47498	3.032507032351	-26.0074634552
3	47508	3.033150885424	-19.926818847656
3	47512	3.033516401605	-22.425281524658
3	47519	3.034156755981	-25.647756576538
3	47526	3.034496608711	-16.804649353027
3	47539	3.035152567686	-23.457002639771
3	47543	3.035520455727	-19.024593353271
3	47547	3.036147135948	-22.478038787842
3	47560	3.036564706416	-25.330276489258
3	47570	3.037116154697	-22.206575393677
3	47574	3.037533449295	-33.298191070557
3	47578	3.038165050155	-29.277612686157
3	47591	3.038536276523	-24.165502548218
3	47604	3.039214966306	-25.437719345093
3	47608	3.039520334576	-27.695407867432
3	47615	3.040205894061	-29.507431030273
3	47625	3.040514587539	-24.624370574951
3	47635	3.041245322981	-18.503917694092
3	47639	3.041538390408	-14.715223312378
3	47643	3.042200822585	-16.823892593384
3	47656	3.042554957284	-29.359794616699
3	47666	3.043243793317	-19.780288696289
3	47670	3.043552365328	-21.239330291748
3	47674	3.044252659091	-25.650949478149
3	47684	3.044579581738	-20.862731933594
3	47697	3.045233357459	-30.728181838989
3	47701	3.045553345344	-21.015228271484
3	47705	3.046206527078	-23.233556747437
3	47715	3.046547871038	-28.762702941895
3	47728	3.047248345532	-30.425218582153
3	47732	3.04753667647	-16.456480026245
3	47736	3.048285465018	-20.931127548218
3	47746	3.04851939747	-12.198064804077
3	47759	3.049323606392	-20.731777191162
3	47763	3.049470101845	-20.319540023804
3	47770	3.050306849151	-19.583051681519
3	47774	3.05047913686	-11.326758384705
3	47790	3.05132670831	-25.841276168823
3	47794	3.051520389793	-32.99243927002
3	47798	3.052310259677	-27.429168701172
3	47805	3.052518725527	-26.857879638672
3	47821	3.053288593397	-32.938163757324
3	47825	3.053507916401	-21.734949111938
3	47829	3.054266296882	-21.034044265747
3	47839	3.054554885904	-26.029937744141
3	47852	3.055266197265	-27.450149536133
3	47856	3.055556430704	-13.612409591675
3	47860	3.05624735489	-8.5372819900513
3	47870	3.056588452909	-14.832119941711
3	47883	3.057256703951	-23.633255004883
3	47887	3.057603734263	-17.511451721191
3	47897	3.058304290614	-16.287981033325
3	47904	3.058591762625	-20.818502426147
3	47914	3.059278996651	-22.668270111084
3	47921	3.059570594417	-18.28058052063
3	47928	3.060289126092	-33.869369506836
3	47932	3.060580588359	-27.599695205688
3	47945	3.061257757847	-16.886293411255
3	47952	3.061577681427	-22.20343208313
3	47959	3.062284212333	-25.082181930542
3	47966	3.062625987341	-15.495327949524
3	47976	3.063242349267	-21.445404052734
3	47983	3.06360859842	-22.663215637207
3	47990	3.064254166265	-16.280902862549
3	47997	3.064599968058	-19.945434570312
3	48007	3.065293740832	-13.78777885437
3	48014	3.065625538261	-19.664608001709
3	48021	3.066302230608	-23.597332000732
3	48028	3.066654129153	-26.272085189819
3	48038	3.067297218156	-24.225370407104
3	48045	3.067626393379	-26.349523544312
3	48052	3.068275434345	-24.390117645264
3	48059	3.068612260261	-17.540725708008
3	48072	3.069281750741	-17.352447509766
3	48076	3.069595583056	-26.057565689087
3	48086	3.07031809245	-14.670924186707
3	48090	3.07061075148	-18.714273452759
3	48100	3.071273543461	-15.526047706604
3	48107	3.071619443708	-29.364044189453
3	48117	3.072312709009	-29.641044616699
3	48121	3.07265754084	-32.889698028564
3	48131	3.073288746463	-24.829551696777
3	48138	3.073701214141	-18.695281982422
3	48148	3.074275185373	-33.566242218018
3	48155	3.074717566249	-20.096929550171
3	48162	3.075304495585	-21.415985107422
3	48169	3.075736029846	-29.085641860962
3	48179	3.076281295131	-19.134473800659
3	48186	3.076692922115	-23.374574661255
3	48190	3.077264666801	-34.44361114502
3	48200	3.077685249944	-27.951021194458
3	48213	3.078216933133	-18.279706954956
3	48220	3.078678024773	-23.012868881226
3	48227	3.079209912692	-22.329835891724
3	48234	3.079725977909	-15.841831207275
3	48244	3.0802393643	-26.051921844482
3	48251	3.080727067215	-15.626726150513
3	48255	3.081243779373	-25.024187088013
3	48265	3.081753827637	-22.539602279663
3	48275	3.082283374055	-37.270942687988
3	48282	3.082798101498	-23.178127288818
3	48286	3.083264891264	-35.768524169922
3	48296	3.083812872029	-21.787302017212
3	48306	3.084237116087	-31.844038009644
3	48313	3.084797164979	-24.834802627563
3	48317	3.085234101859	-24.669702529907
3	48327	3.085776654446	-23.079828262329
3	48337	3.086184133434	-28.297727584839
3	48344	3.08680848481	-15.230554580688
3	48348	3.087137431478	-21.622455596924
3	48361	3.087759893863	-18.288028717041
3	48365	3.088133244507	-22.72101020813
3	48375	3.088718455397	-31.694618225098
3	48379	3.089127016254	-24.078369140625
3	48389	3.089715637457	-26.374452590942
3	48399	3.090123925378	-16.012845993042
3	48406	3.09073067656	-28.210908889771
3	48410	3.091123351897	-30.025165557861
3	48420	3.091724371537	-19.954179763794
3	48427	3.092078319164	-25.701377868652
3	48437	3.092759735936	-30.63401222229
3	48441	3.093106017259	-22.633371353149
3	48451	3.093717557507	-18.573337554932
3	48458	3.094129182899	-28.225706100464
3	48468	3.094687317648	-36.678833007812
3	48472	3.095080268583	-27.66349029541
3	48479	3.09569952525	-27.554582595825
3	48489	3.096129760896	-32.957347869873
3	48499	3.096731471722	-24.421257019043
3	48503	3.097109313672	-27.155094146729
3	48513	3.097779287334	-26.894771575928
3	48523	3.098146579457	-30.843606948853
3	48533	3.098779185443	-32.92582321167
3	48537	3.099163489632	-30.483451843262
3	48547	3.099741204266	-18.062314987183
3	48554	3.100162241148	-24.274669647217
3	48564	3.100765164431	-16.440097808838
3	48568	3.101126189045	-26.73775100708
3	48578	3.10178013972	-27.017848968506
3	48585	3.102138084973	-27.113307952881
3	48595	3.102777465224	-14.337199211121
3	48599	3.103187047636	-21.559827804565
3	48609	3.103791739175	-31.091550827026
3	48613	3.104211500677	-40.594158172607
3	48626	3.104752442333	-26.784420013428
3	48630	3.105182867623	-29.098905563354
3	48640	3.105753825852	-13.801286697388
3	48644	3.106200588106	-32.897338867188
3	48657	3.106787673084	-29.785087585449
3	48664	3.107184037359	-20.959566116333
3	48671	3.107836245933	-23.637771606445
3	48675	3.108168628582	-31.813472747803
3	48688	3.108792990405	-21.049278259277
3	48695	3.109190938499	-17.75380897522
3	48702	3.109792515978	-28.313373565674
3	48706	3.110143367225	-32.199626922607
3	48719	3.11080205619	-25.339975357056
3	48726	3.11116076459	-16.585893630981
3	48733	3.111770423734	-32.786079406738
3	48737	3.112198775748	-24.393100738525
3	48753	3.112804920383	-30.504314422607
3	48757	3.113170606147	-33.348628997803
3	48761	3.113760552848	-26.242607116699
3	48768	3.114152722153	-26.063493728638
3	48781	3.114807402174	-22.782674789429
3	48788	3.11515645363	-22.834136962891
3	48792	3.115772564417	-24.98712348938
3	48799	3.116196370264	-34.917556762695
3	48812	3.116737090805	-18.430952072144
3	48819	3.117192486465	-37.295143127441
3	48823	3.117698659414	-20.439945220947
3	48830	3.118154339213	-33.241352081299
3	48846	3.11865933032	-14.902913093567
3	48853	3.119166858403	-36.346370697021
3	48857	3.119671630653	-30.41423034668
3	48864	3.120183246361	-28.775577545166
3	48877	3.120692253213	-33.535110473633
3	48884	3.121158330845	-27.461111068726
3	48888	3.121733848777	-27.161478042603
3	48895	3.122159149446	-29.867893218994
3	48908	3.122767102937	-35.896854400635
3	48912	3.123185249177	-16.367399215698
3	48919	3.123757914262	-28.710649490356
3	48932	3.124230616259	-20.498132705688
3	48939	3.124802948417	-43.995391845703
3	48943	3.125227463204	-27.952323913574
3	48950	3.125838730079	-20.828142166138
3	48960	3.126207611823	-26.190767288208
3	48970	3.126828607371	-25.785348892212
3	48974	3.127220641869	-22.330743789673
3	48981	3.127869218871	-27.001224517822
3	48988	3.128173770689	-26.832553863525
3	49001	3.128899379395	-34.205451965332
3	49005	3.129159616862	-24.083892822266
3	49012	3.129910580758	-21.564891815186
3	49022	3.130153611936	-27.746921539307
3	49029	3.130908142163	-29.268907546997
3	49036	3.13116017825	-26.869873046875
3	49043	3.13191869164	-37.495922088623
3	49050	3.13216748639	-33.305480957031
3	49060	3.132898550932	-23.621824264526
3	49067	3.133152357868	-30.480772018433
3	49074	3.133868430954	-27.999006271362
3	49084	3.134199940129	-33.88285446167
3	49091	3.134848172871	-34.508880615234
3	49098	3.135187968595	-27.258464813232
3	49105	3.135829934027	-25.592666625977
3	49115	3.13615121962	-28.749652862549
3	49122	3.136874371758	-29.007474899292
3	49126	3.137160272432	-31.316831588745
3	49136	3.137886722418	-29.645273208618
3	49143	3.138125352444	-22.257555007935
3	49156	3.138858839056	-21.660995483398
3	49163	3.139132824856	-23.211811065674
3	49170	3.139838261224	-25.334056854248
3	49180	3.140095307688	-21.214937210083
3	49187	3.140813135726	-31.786026000977
3	49194	3.141144068831	-28.858108520508
3	49201	3.141782907823	-31.544870376587
3	49208	3.142107969314	-30.253692626953
3	49218	3.142766695257	-31.09979057312
3	49222	3.143072656119	-25.327840805054
3	49232	3.143807048963	-31.028453826904
3	49242	3.144121297942	-19.605911254883
3	49249	3.144790057038	-20.678882598877
3	49256	3.145136700585	-22.823417663574
3	49263	3.145820847324	-16.047235488892
3	49273	3.146161394178	-21.380317687988
3	49280	3.146845494508	-15.406986236572
3	49287	3.147155519501	-20.374536514282
3	49294	3.147889059114	-34.213497161865
3	49304	3.148174173987	-28.440078735352
3	49311	3.148841671983	-28.737480163574
3	49318	3.149138428972	-25.608362197876
3	49328	3.14980495609	-28.709907531738
3	49332	3.150146741641	-36.35818862915
3	49342	3.150787654847	-19.295566558838
3	49349	3.151162911448	-28.066930770874
3	49356	3.151816387338	-21.91551399231
3	49363	3.152179900208	-28.273582458496
3	49376	3.152817143737	-17.459707260132
3	49380	3.153170010475	-28.744220733643
3	49390	3.153863880147	-24.305355072021
3	49397	3.154121431329	-32.889129638672
3	49407	3.154829072432	-24.001163482666
3	49411	3.155104414563	-24.530801773071
3	49418	3.155787680102	-29.429140090942
3	49425	3.156124099905	-27.996181488037
3	49435	3.156802048497	-28.363796234131
3	49442	3.157134395934	-24.351367950439
3	49452	3.157760418735	-28.458841323853
3	49462	3.15818272137	-27.441869735718
3	49469	3.158739465652	-21.663593292236
3	49476	3.15913746235	-23.290584564209
3	49486	3.159779653064	-30.066579818726
3	49493	3.160101639548	-23.246938705444
3	49500	3.16081422719	-21.69375038147
3	49507	3.161056988634	-28.206472396851
3	49514	3.161771313496	-24.288261413574
3	49524	3.162050953834	-26.328409194946
3	49531	3.162757725122	-25.912986755371
3	49538	3.163097263208	-12.926584243774
3	49545	3.163748666325	-30.298189163208
3	49558	3.164136558065	-13.319737434387
3	49565	3.164706156443	-33.341388702393
3	49569	3.165117972287	-17.836650848389
3	49576	3.165733947384	-27.324222564697
3	49586	3.166152977694	-24.982334136963
3	49593	3.166708061065	-33.6237449646
3	49603	3.167171009675	-18.921314239502
3	49607	3.167694261508	-20.116514205933
3	49617	3.168192692802	-25.035768508911
3	49624	3.168739421454	-31.694505691528
3	49634	3.169164726796	-23.865993499756
3	49638	3.169713003842	-31.004968643188
3	49645	3.170164726831	-30.367969512939
3	49655	3.170721956574	-22.869117736816
3	49665	3.171210291671	-21.445951461792
3	49669	3.171725336347	-26.008548736572
3	49679	3.172215846133	-21.212451934814
3	49686	3.172722304231	-27.123657226562
3	49696	3.173218392253	-21.092491149902
3	49700	3.173712330289	-35.310817718506
3	49707	3.174261617514	-34.137725830078
3	49720	3.174676467677	-20.911128997803
3	49727	3.175246786889	-28.18052482605
3	49731	3.175672066431	-31.158048629761
3	49738	3.176296494953	-27.02491569519
3	49751	3.17662913321	-34.031913757324
3	49758	3.177331531303	-22.344215393066
3	49762	3.177670190982	-25.369762420654
3	49775	3.178369011024	-33.603176116943
3	49785	3.178674245211	-20.580627441406
3	49792	3.179368407102	-19.039653778076
3	49796	3.179705302132	-21.76482963562
3	49806	3.180348978711	-27.447673797607
3	49816	3.180724654536	-21.988552093506
3	49823	3.181337626727	-24.072635650635
3	49827	3.18172167644	-30.987422943115
3	49837	3.182305601036	-34.343074798584
3	49844	3.182680463017	-31.310182571411
3	49854	3.183332307151	-20.83190536499
3	49858	3.183652923762	-12.512335777283
3	49868	3.184360823886	-20.599611282349
3	49875	3.184649828059	-11.50817489624
3	49885	3.185333082326	-16.019790649414
3	49889	3.185657557491	-32.216869354248
3	49902	3.186335223617	-28.885601043701
3	49906	3.186681077632	-20.480953216553
3	49916	3.187305204325	-29.414613723755
3	49920	3.187688618381	-24.681158065796
3	49933	3.188348213247	-34.055225372314
3	49937	3.188640086158	-22.527072906494
3	49947	3.189324243217	-19.124025344849
3	49951	3.189636265687	-22.478761672974
3	49958	3.190298681075	-26.708610534668
3	49968	3.190679195022	-25.087226867676
3	49978	3.191284207288	-27.017679214478
3	49982	3.19167230121	-24.765331268311
3	49992	3.192278753768	-31.156604766846
3	49999	3.192630174005	-14.853089332581
3	50009	3.193325126877	-20.738498687744
3	50013	3.193638211413	-19.163896560669
3	50026	3.194345377584	-31.595357894897
3	50030	3.194598839227	-30.129041671753
3	50040	3.19539243538	-26.546161651611
3	50044	3.195616638709	-25.80060005188
3	50057	3.196411845207	-37.279685974121
3	50061	3.196651948268	-26.484043121338
3	50071	3.197370713304	-30.995336532593
3	50075	3.197678336923	-29.477642059326
3	50088	3.198354046495	-28.462547302246
3	50095	3.198707270808	-26.110431671143
3	50105	3.199362059385	-20.498996734619
3	50109	3.199686472778	-26.933582305908
3	50119	3.200407307826	-17.99418258667
3	50126	3.20070745709	-27.007734298706
3	50136	3.201372962762	-21.777587890625
3	50140	3.201668083495	-39.311428070068
3	50147	3.202336576661	-25.738819122314
3	50157	3.202672906765	-28.245758056641
3	50164	3.203295547484	-25.313608169556
3	50171	3.203642560436	-14.516513824463
3	50178	3.204275865762	-27.380836486816
3	50185	3.204683892594	-26.203407287598
3	50192	3.205323257561	-21.446718215942
3	50205	3.20568534919	-28.400421142578
3	50212	3.206299536532	-33.894813537598
3	50216	3.206691486489	-23.363998413086
3	50223	3.207292062965	-39.566829681396
3	50236	3.207691641847	-30.031999588013
3	50243	3.208292734421	-23.842926025391
3	50247	3.20873206305	-27.202981948853
3	50254	3.20925752264	-29.184041976929
3	50267	3.209740400815	-26.688194274902
3	50274	3.210215859271	-31.047746658325
3	50278	3.210713418092	-34.403053283691
3	50285	3.211223336437	-28.211114883423
3	50298	3.211740109312	-36.091388702393
3	50305	3.212269915581	-26.962949752808
3	50309	3.21278174938	-27.969003677368
3	50316	3.213238921961	-40.196250915527
3	50329	3.213766657714	-21.024934768677
3	50333	3.214230194361	-20.967334747314
3	50340	3.214808744208	-40.375484466553
3	50347	3.215189359313	-21.626247406006
3	50360	3.215822163694	-18.854579925537
3	50364	3.216184726232	-26.625776290894
3	50374	3.216853625186	-18.66520690918
3	50381	3.217207009343	-25.534561157227
3	50391	3.217869579594	-27.720504760742
3	50395	3.218195951642	-25.847272872925
3	50408	3.218905127738	-27.091981887817
3	50415	3.219181516758	-28.834100723267
3	50425	3.219939181812	-43.172119140625
3	50429	3.220194422736	-36.214282989502
3	50439	3.220968415817	-12.872884750366
3	50443	3.221157430689	-9.1405458450317
3	50456	3.222014754754	-37.839004516602
3	50460	3.222162004401	-26.985618591309
3	50470	3.223021623009	-16.87513923645
3	50477	3.223190891657	-27.703125
3	50487	3.223993452766	-14.669808387756
3	50494	3.224213293369	-24.701061248779
3	50501	3.224985102487	-26.255617141724
3	50511	3.225233240532	-25.498226165771
3	50518	3.225963017977	-21.188884735107
3	50525	3.226199500226	-9.8460445404053
3	50532	3.226969768975	-26.631727218628
3	50542	3.227183645102	-12.944223403931
3	50549	3.227938957092	-12.54002571106
3	50556	3.228144110985	-31.317195892334
3	50563	3.228961361833	-25.626119613647
3	50570	3.229151553259	-16.721727371216
3	50583	3.229977391088	-24.87504196167
3	50587	3.230127202779	-21.505561828613
3	50594	3.230969107565	-24.969367980957
3	50598	3.231078727141	-23.884241104126
3	50614	3.232016086424	-29.186838150024
3	50618	3.232063952133	-37.817764282227
3	50625	3.233020397056	-17.098972320557
3	50632	3.233056846609	-32.823589324951
3	50645	3.234015060419	-10.493569374084
3	50649	3.234016602448	-15.782808303833
3	50656	3.234994135923	-28.18955039978
3	50660	3.235063464727	-20.83842086792
3	50673	3.23595062972	-18.628534317017
3	50680	3.236074821112	-30.735994338989
3	50687	3.23696556551	-28.251384735107
3	50697	3.237068263495	-15.176991462708
3	50704	3.237923789597	-27.262004852295
3	50714	3.238102584823	-27.842685699463
3	50721	3.238964533294	-28.104364395142
3	50725	3.239093489961	-28.642513275146
3	50738	3.239988984486	-22.804895401001
3	50745	3.240078067038	-30.334581375122
3	50752	3.240991601229	-28.215570449829
3	50756	3.241032043475	-24.350788116455
3	50769	3.241944478589	-22.702657699585
3	50773	3.242034164642	-12.733780860901
3	50783	3.242924290016	-26.000881195068
3	50790	3.243053177686	-17.333835601807
3	50800	3.243891498574	-31.689496994019
3	50804	3.244006871937	-31.538822174072
3	50814	3.244923954222	-13.051867485046
3	50818	3.244989981905	-19.611249923706
3	50831	3.24591616119	-29.248014450073
3	50835	3.245944860127	-14.245038032532
3	50848	3.24695655948	-19.739231109619
3	50852	3.246980017878	-40.386909484863
3	50862	3.247940940548	-17.608085632324
3	50866	3.248022237799	-13.782094955444
3	50876	3.248914278108	-13.915606498718
3	50880	3.248999737449	-29.271636962891
3	50893	3.249958192112	-17.851348876953
3	50899	3.250046910462	-18.123712539673
3	50912	3.250979313579	-31.443832397461
3	50916	3.251077082405	-30.113912582397
3	50926	3.252025963029	-33.941192626953
3	50930	3.252079021548	-17.217409133911
3	50946	3.252990961011	-20.359991073608
3	50950	3.253122899488	-19.482381820679
3	50957	3.253964289331	-27.505224227905
3	50961	3.254139650933	-35.892978668213
3	50974	3.255006071334	-16.638097763062
3	50981	3.25517455831	-24.890808105469
3	50988	3.25599121258	-7.0381546020508
3	50992	3.256163078332	-22.085697174072
3	51005	3.256964779689	-8.9114637374878
3	51012	3.257165178437	-27.074548721313
3	51019	3.25792848601	-21.04475402832
3	51023	3.258157275835	-19.672006607056
3	51036	3.258892288362	-23.548377990723
3	51046	3.259139960993	-25.450143814087
3	51050	3.259895958395	-29.529088973999
3	51060	3.2601226953	-23.168096542358
3	51067	3.260940025376	-19.381086349487
3	51077	3.261101562798	-29.390979766846
3	51081	3.261922330214	-33.027877807617
3	51091	3.262093375524	-24.056173324585
3	51098	3.262963882371	-23.511655807495
3	51105	3.263069576069	-22.529336929321
3	51112	3.263930278738	-27.148517608643
3	51119	3.264036977684	-25.321557998657
3	51132	3.264909099112	-19.614852905273
3	51136	3.265002634919	-23.771564483643
3	51143	3.265922004365	-33.121952056885
3	51150	3.265992648185	-19.203357696533
3	51160	3.266889063245	-25.507942199707
3	51167	3.266945204813	-24.921438217163
3	51177	3.267937552613	-23.448623657227
3	51184	3.267970968252	-32.667671203613
3	51191	3.26895466641	-16.888444900513
3	51195	3.268977293005	-22.397190093994
3	51211	3.269945728671	-28.606117248535
3	51215	3.270003343665	-28.182315826416
3	51222	3.270953067003	-27.125898361206
3	51229	3.271033391987	-16.260955810547
3	51239	3.271985733213	-26.66189956665
3	51243	3.272002824103	-24.68550491333
3	51256	3.272938770542	-25.208591461182
3	51260	3.2729794842	-23.170293807983
3	51267	3.273932249269	-22.790441513062
3	51271	3.273956820223	-18.19487953186
3	51287	3.274910910947	-30.096477508545
3	51291	3.274942292163	-29.650379180908
3	51298	3.275876293399	-21.003911972046
3	51305	3.275978713434	-27.56796836853
3	51318	3.276839861382	-25.756732940674
3	51325	3.276999427432	-33.341121673584
3	51329	3.277868051333	-33.984676361084
3	51333	3.277953419518	-25.147123336792
3	51355	3.278897966116	-33.676830291748
3	51359	3.278911218763	-26.28731918335
3	51363	3.279868333529	-20.879507064819
3	51367	3.279928506626	-27.246398925781
3	51383	3.280856963948	-21.838293075562
3	51387	3.280964969263	-18.287837982178
3	51394	3.281828145549	-20.476934432983
3	51398	3.281975277614	-27.828859329224
3	51414	3.282846540234	-20.510925292969
3	51421	3.282952330459	-24.453847885132
3	51425	3.283835699941	-27.878074645996
3	51429	3.284001826731	-23.495973587036
3	51445	3.284806105395	-28.564472198486
3	51452	3.284993208498	-26.54515838623
3	51456	3.285848368476	-17.426782608032
3	51460	3.286009938172	-18.412210464478
3	51476	3.286890982167	-19.743938446045
3	51483	3.287035687841	-29.665592193604
3	51487	3.287878613431	-22.788787841797
3	51491	3.288035734363	-23.398818969727
3	51510	3.288845121508	-25.118215560913
3	51514	3.28901800686	-24.046445846558
3	51518	3.289804903813	-23.621404647827
3	51522	3.290009512322	-20.480083465576
3	51541	3.290812506526	-25.604387283325
3	51545	3.29097811497	-29.796411514282
3	51549	3.291826719984	-13.824349403381
3	51553	3.29201506816	-24.338636398315
3	51569	3.292839499205	-25.211032867432
3	51576	3.293060264612	-24.964691162109
3	51580	3.293862345123	-25.238985061646
3	51584	3.294104203522	-23.237131118774
3	51600	3.294861713172	-29.211130142212
3	51607	3.295113857945	-21.350297927856
3	51611	3.295819766597	-31.472225189209
3	51615	3.296099003059	-25.053256988525
3	51631	3.296844210827	-39.548236846924
3	51638	3.297077418822	-18.534202575684
3	51642	3.297854375989	-27.816190719604
3	51646	3.298068601026	-18.138460159302
3	51665	3.298860190812	-27.897987365723
3	51669	3.29910472722	-29.734006881714
3	51676	3.29981633243	-21.881664276123
3	51680	3.300071069885	-26.839344024658
3	51696	3.300859634306	-17.71410369873
3	51700	3.30103430256	-19.997283935547
3	51707	3.301855520137	-23.961170196533
3	51711	3.30202657253	-20.522834777832
3	51727	3.302896385856	-25.028356552124
3	51731	3.30305874887	-29.125316619873
3	51738	3.303875754878	-31.214555740356
3	51742	3.304063052968	-26.912498474121
3	51758	3.30486690497	-27.883348464966
3	51762	3.305043310478	-32.898258209229
3	51769	3.305896184584	-20.327205657959
3	51773	3.306053707278	-10.617789268494
3	51789	3.306878018219	-21.383331298828
3	51796	3.307036643022	-14.735429763794
3	51800	3.307869170678	-21.071161270142
3	51804	3.308025808669	-26.675910949707
3	51820	3.308857000686	-15.486671447754
3	51827	3.309028929912	-21.31827545166
3	51831	3.309887762717	-24.630905151367
3	51835	3.310056326039	-11.878032684326
3	51854	3.310850137408	-25.097520828247
3	51858	3.311011736346	-21.42921257019
3	51862	3.311885544854	-18.214570999146
3	51869	3.312038011362	-15.88578414917
3	51885	3.3129122122	-12.646823883057
3	51889	3.313005502655	-14.632737159729
3	51896	3.313873535666	-30.427705764771
3	51900	3.313997894751	-25.875226974487
3	51913	3.314832904816	-27.735805511475
3	51920	3.314976682143	-18.436292648315
3	51924	3.315853458256	-15.22703742981
3	51931	3.315955003103	-29.538932800293
3	51947	3.316858914656	-22.252897262573
3	51951	3.316918677577	-17.152793884277
3	51955	3.317819676938	-23.299608230591
3	51959	3.317941818531	-23.406673431396
3	51978	3.318784257684	-24.077953338623
3	51985	3.318968701747	-34.22679901123
3	51989	3.319811700326	-18.715675354004
3	51993	3.320009813279	-26.259153366089
3	52012	3.32081161933	-23.29012298584
3	52016	3.320988595323	-21.430068969727
3	52020	3.32178310272	-31.096450805664
3	52024	3.321994680591	-16.457637786865
3	52043	3.322749428382	-21.207990646362
3	52047	3.32298433488	-25.707300186157
3	52051	3.323732743726	-15.425640106201
3	52055	3.324029335745	-20.664707183838
3	52074	3.324740833007	-17.857696533203
3	52078	3.325026783973	-8.6806602478027
3	52082	3.325729566566	-20.23180770874
3	52092	3.326044610283	-21.84595489502
3	52102	3.326722495576	-33.154232025146
3	52109	3.327088773063	-30.579133987427
3	52113	3.327704400914	-16.805934906006
3	52123	3.3281130859	-20.216529846191
3	52133	3.328732211765	-19.349252700806
3	52140	3.32914356247	-21.247262954712
3	52147	3.329777479775	-25.364641189575
3	52151	3.330190714128	-20.582792282104
3	52167	3.330801388704	-25.602584838867
3	52171	3.331193695632	-14.028361320496
3	52178	3.331756932449	-28.76237487793
3	52185	3.332214697593	-25.618703842163
3	52195	3.332770660433	-28.539884567261
3	52202	3.333223574628	-27.7415599823
3	52209	3.333777693029	-23.192073822021
3	52216	3.334245686492	-21.239288330078
3	52226	3.334754828625	-16.830188751221
3	52233	3.335260269988	-26.359798431396
3	52240	3.33573781545	-38.000080108643
3	52247	3.336295410624	-26.7874584198
3	52257	3.336742771608	-27.970891952515
3	52267	3.337319519858	-33.212478637695
3	52271	3.337725673588	-31.88948059082
3	52281	3.338270531626	-19.600942611694
3	52288	3.338689167745	-25.743951797485
3	52301	3.339222336722	-31.171081542969
3	52305	3.339686437758	-28.111093521118
3	52312	3.340208157709	-30.050054550171
3	52319	3.34070243256	-32.663280487061
3	52332	3.34120553993	-31.924474716187
3	52336	3.341722042471	-25.70908164978
3	52343	3.342179824246	-22.762487411499
3	52353	3.342692501924	-20.026275634766
3	52360	3.343174194685	-21.731164932251
3	52367	3.343730356058	-33.293403625488
3	52374	3.344135036714	-18.698484420776
3	52384	3.344684997509	-26.019620895386
3	52391	3.345091362183	-23.678651809692
3	52398	3.345691647281	-24.255996704102
3	52405	3.346104036603	-25.638700485229
3	52415	3.34671941965	-32.403160095215
3	52422	3.347103450473	-26.78960609436
3	52429	3.347727478335	-19.784997940063
3	52439	3.348138462782	-17.309509277344
3	52446	3.348704588272	-35.958251953125
3	52453	3.349163089295	-27.319700241089
3	52460	3.349659866174	-26.389738082886
3	52470	3.350137345379	-27.981218338013
3	52477	3.350617614033	-26.197982788086
3	52484	3.35109854117	-34.374244689941
3	52488	3.351586455882	-28.013301849365
3	52501	3.352135326597	-17.03367805481
3	52508	3.352592335853	-37.284496307373
3	52515	3.35313901197	-23.887712478638
3	52519	3.35362040874	-26.314754486084
3	52532	3.354142667818	-16.537641525269
3	52539	3.354624336599	-24.799133300781
3	52546	3.355146477407	-20.727424621582
3	52550	3.355665287503	-18.757295608521
3	52563	3.356183623034	-18.324949264526
3	52570	3.356620134318	-30.076709747314
3	52577	3.357164681445	-29.041110992432
3	52581	3.357655024411	-27.388778686523
3	52597	3.358138620305	-26.305749893188
3	52604	3.358606026403	-21.900373458862
3	52611	3.359094098957	-30.154012680054
3	52615	3.359634935143	-29.380187988281
3	52628	3.360118935732	-26.311698913574
3	52638	3.360653283541	-24.23547744751
3	52642	3.361166303764	-21.197980880737
3	52646	3.361610929887	-19.680400848389
3	52659	3.36217924749	-19.504951477051
3	52669	3.36265934092	-26.826595306396
3	52673	3.363148551113	-27.607543945312
3	52677	3.363667890415	-26.767335891724
3	52687	3.364197262195	-35.952728271484
3	52700	3.364710950766	-28.331510543823
3	52704	3.36517792167	-33.508636474609
3	52708	3.365680401969	-20.266159057617
3	52718	3.366133330582	-22.874851226807
3	52731	3.366648735386	-23.391342163086
3	52735	3.367098927512	-28.079225540161
3	52739	3.367634587916	-27.365329742432
3	52749	3.36807964552	-23.579381942749
3	52762	3.368635384209	-22.385274887085
3	52766	3.369059641297	-20.884679794312
3	52770	3.369624665197	-32.440921783447
3	52780	3.370051144058	-27.109638214111
3	52793	3.370637401352	-29.116899490356
3	52797	3.371045640372	-24.888580322266
3	52801	3.371677034826	-32.750564575195
3	52811	3.372013380408	-36.641567230225
3	52824	3.372667465584	-30.006340026855
3	52828	3.372980895612	-21.18528175354
3	52835	3.373686732579	-25.812229156494
3	52842	3.37399414277	-25.12866973877
3	52855	3.374702120245	-19.868997573853
3	52859	3.375030002087	-20.105852127075
3	52866	3.375682565979	-19.604578018188
3	52870	3.37601937579	-34.308586120605
3	52886	3.37664567417	-25.34627532959
3	52890	3.376989309848	-33.065200805664
3	52897	3.377671906676	-27.468799591064
3	52901	3.3779457246	-23.221405029297
3	52920	3.37870465881	-27.786287307739
3	52924	3.378902815718	-22.219961166382
3	52931	3.379691250781	-13.33145904541
3	52935	3.379927174596	-17.042062759399
3	52948	3.380688375792	-14.618545532227
3	52955	3.380932492303	-39.941787719727
3	52962	3.381663850234	-22.564157485962
3	52966	3.381895385394	-23.43150138855
3	52979	3.382625355823	-28.843618392944
3	52983	3.382857421226	-25.9866771698
3	52990	3.383649282733	-18.455354690552
3	52997	3.38385644221	-10.315836906433
3	53010	3.384682518545	-34.907199859619
3	53014	3.384874627913	-20.11213684082
3	53024	3.385632919785	-24.298707962036
3	53031	3.385843822436	-30.717052459717
3	53041	3.386676710168	-20.05096244812
3	53045	3.386840714644	-12.868253707886
3	53055	3.387692490003	-18.958854675293
3	53059	3.387867771857	-27.525455474854
3	53069	3.388694944605	-28.274381637573
3	53076	3.388845576203	-28.333498001099
3	53086	3.389733712761	-32.40539932251
3	53090	3.389820901488	-23.647125244141
3	53100	3.39073578652	-25.092931747437
3	53107	3.390823272996	-34.119342803955
3	53117	3.391766071202	-38.099311828613
3	53121	3.391839254779	-27.85821723938
3	53134	3.392779915653	-37.619190216064
3	53138	3.392827372215	-32.902488708496
3	53148	3.393737405467	-15.982563972473
3	53152	3.393784230831	-24.704961776733
3	53162	3.394710871753	-33.736869812012
3	53169	3.394784824926	-25.746221542358
3	53176	3.395697867918	-25.934320449829
3	53180	3.395747226616	-20.646253585815
3	53193	3.396664407901	-28.163415908813
3	53200	3.396765010275	-12.831959724426
3	53210	3.397636389942	-27.99534034729
3	53214	3.397767676248	-26.182744979858
3	53227	3.398616589479	-24.166872024536
3	53231	3.398801794484	-32.356521606445
3	53244	3.399605374547	-20.304546356201
3	53248	3.399773804017	-29.413602828979
3	53258	3.400569983586	-29.924831390381
3	53265	3.400745349323	-29.43664932251
3	53275	3.401581967794	-23.563102722168
3	53279	3.401747729344	-30.510520935059
3	53289	3.402618261639	-23.388038635254
3	53293	3.402725881895	-22.417184829712
3	53306	3.403574679113	-31.702444076538
3	53310	3.403742889676	-33.661956787109
3	53320	3.404554254942	-19.814231872559
3	53324	3.404772291705	-23.764934539795
3	53337	3.405539125224	-32.312160491943
3	53341	3.405760601368	-28.503553390503
3	53351	3.406500923707	-27.432189941406
3	53355	3.406740723108	-35.970901489258
3	53368	3.407529816551	-25.265518188477
3	53372	3.407781358592	-16.978670120239
3	53382	3.408512803298	-27.496887207031
3	53386	3.40882787961	-28.922943115234
3	53399	3.409463926133	-23.785243988037
3	53403	3.409829722175	-34.019798278809
3	53413	3.410465804777	-30.353923797607
3	53417	3.410854227069	-22.699817657471
3	53430	3.411513048158	-32.496723175049
3	53434	3.411824978256	-19.219354629517
3	53444	3.412557764171	-31.844530105591
3	53448	3.412836662455	-21.757667541504
3	53461	3.413561237948	-24.484972000122
3	53468	3.41384010404	-30.769195556641
3	53475	3.414584672429	-30.790561676025
3	53479	3.4148039146	-33.787940979004
3	53492	3.415604787717	-21.105228424072
3	53496	3.41576155213	-32.598239898682
3	53506	3.416555826806	-21.126150131226
3	53513	3.416797395688	-34.373672485352
3	53523	3.417516733274	-31.59610748291
3	53527	3.417806534208	-21.712957382202
3	53540	3.418485260253	-34.421203613281
3	53547	3.418847688775	-19.141010284424
3	53554	3.419454812057	-25.07631111145
3	53564	3.419885751005	-37.718601226807
3	53571	3.420441420458	-27.544300079346
3	53578	3.42089090614	-24.132881164551
3	53585	3.421458613389	-26.38737487793
3	53595	3.421889321383	-19.720497131348
3	53602	3.422449700672	-33.239093780518
3	53609	3.422877763957	-22.743432998657
3	53616	3.423499530092	-13.076898574829
3	53626	3.423904520261	-31.093324661255
3	53633	3.42454336437	-24.577466964722
3	53640	3.424909585326	-27.992483139038
3	53647	3.425524153193	-33.940166473389
3	53657	3.425868408205	-27.949272155762
3	53664	3.426539882453	-26.253593444824
3	53671	3.426881854758	-23.958126068115
3	53678	3.427510489923	-18.944152832031
3	53688	3.42789302132	-22.602979660034
3	53695	3.428508520611	-20.543972015381
3	53702	3.428936143086	-30.242849349976
3	53706	3.429477107326	-33.057094573975
3	53719	3.429981395155	-26.037408828735
3	53726	3.430467039308	-28.274213790894
3	53733	3.430974246228	-35.223152160645
3	53740	3.431486888719	-21.031108856201
3	53750	3.43199606039	-19.9909324646
3	53757	3.43248548416	-24.585483551025
3	53764	3.432950711733	-18.322681427002
3	53771	3.433455291115	-25.288663864136
3	53781	3.433943703606	-27.626447677612
3	53788	3.434502126274	-30.351163864136
3	53795	3.434903217548	-23.351472854614
3	53805	3.43550677391	-27.179079055786
3	53812	3.435878818918	-23.676048278809
3	53819	3.436497827253	-19.149612426758
3	53823	3.436925166466	-20.997623443604
3	53836	3.437478415888	-20.043712615967
3	53846	3.43795701103	-20.135389328003
3	53853	3.438473809597	-31.260437011719
3	53857	3.438990475916	-25.687728881836
3	53870	3.439476773406	-27.465757369995
3	53877	3.440014993603	-26.37947845459
3	53881	3.440443534959	-21.176496505737
3	53888	3.440988139337	-34.10733795166
3	53901	3.441437231178	-26.874975204468
3	53905	3.441951979773	-32.012504577637
3	53912	3.442467338796	-34.197105407715
3	53919	3.442908905433	-33.654552459717
3	53929	3.443422522536	-29.161106109619
3	53936	3.443939789786	-26.527505874634
3	53943	3.444466500611	-30.117406845093
3	53950	3.444922585834	-21.237184524536
3	53963	3.445426447876	-29.668779373169
3	53967	3.445893299474	-22.572755813599
3	53974	3.44640486773	-44.496078491211
3	53981	3.44692032972	-25.961814880371
3	53994	3.447441989655	-32.385383605957
3	53998	3.447889618673	-18.018175125122
3	54005	3.448465086715	-27.837717056274
3	54015	3.448931493736	-25.404893875122
3	54022	3.449484579001	-13.114381790161
3	54029	3.449883248275	-25.699419021606
3	54036	3.450436173521	-19.147752761841
3	54043	3.450850283898	-13.331077575684
3	54053	3.451388487405	-32.537689208984
3	54060	3.451893586886	-20.563320159912
3	54067	3.452387410169	-30.608201980591
3	54074	3.452939058346	-27.824045181274
3	54087	3.453357280216	-22.619060516357
3	54091	3.453979281009	-25.398963928223
3	54098	3.454360852776	-22.482057571411
3	54108	3.455018345885	-23.727443695068
3	54115	3.455372562573	-23.536600112915
3	54122	3.455991843082	-30.083305358887
3	54129	3.456380158532	-15.207074165344
3	54139	3.456975264118	-22.442779541016
3	54146	3.457335933805	-24.098468780518
3	54153	3.457937637462	-20.358989715576
3	54166	3.458296737974	-21.214914321899
3	54173	3.458921232151	-34.499153137207
3	54180	3.459269122858	-30.8138256073
3	54187	3.459913561385	-26.209806442261
3	54197	3.460295729546	-28.243839263916
3	54204	3.460889034918	-30.251550674438
3	54211	3.461278548141	-30.439228057861
3	54218	3.461858915586	-27.211698532104
3	54225	3.462238920242	-28.089357376099
3	54235	3.462858136133	-24.969118118286
3	54242	3.463237313281	-27.270715713501
3	54249	3.463851039894	-33.800533294678
3	54253	3.464225829832	-20.875402450562
3	54266	3.464885658906	-28.36856842041
3	54273	3.465196198402	-17.489040374756
3	54280	3.465872505162	-30.751758575439
3	54290	3.466174590156	-29.504070281982
3	54297	3.466856414277	-37.391510009766
3	54304	3.467154694611	-27.821224212646
3	54311	3.467884533193	-26.913980484009
3	54318	3.468202489242	-32.5666847229
3	54328	3.468835237961	-29.157230377197
3	54332	3.469213510815	-22.912368774414
3	54342	3.469878792199	-23.045589447021
3	54349	3.47021342725	-28.013540267944
3	54359	3.470900440937	-16.643005371094
3	54363	3.471226198221	-16.167600631714
3	54373	3.47194993515	-28.790225982666
3	54383	3.472180555062	-12.835073471069
3	54390	3.472916589061	-18.549661636353
3	54394	3.473203964566	-25.012725830078
3	54404	3.473955278418	-13.982919692993
3	54414	3.47418493285	-12.108716011047
3	54421	3.47499573727	-15.274654388428
3	54428	3.475171152982	-18.586437225342
3	54435	3.475947092951	-19.096492767334
3	54442	3.476131399567	-22.183673858643
3	54452	3.476971385732	-26.77290725708
3	54459	3.477124207938	-27.210515975952
3	54472	3.477924556013	-22.587650299072
3	54476	3.478139175436	-31.837684631348
3	54486	3.478902404947	-30.435243606567
3	54493	3.479102448395	-26.218036651611
3	54500	3.47989986059	-27.96026802063
3	54507	3.480056741911	-28.360042572021
3	54517	3.480878486339	-30.562816619873
3	54521	3.481084748939	-27.049779891968
3	54534	3.481927292527	-26.762422561646
3	54538	3.482109428377	-26.595468521118
3	54548	3.482926275444	-18.432107925415
3	54555	3.483090997996	-28.002891540527
3	54565	3.483932620129	-28.212665557861
3	54569	3.484094140658	-28.025255203247
3	54579	3.484972520871	-23.499801635742
3	54586	3.485064141946	-21.715274810791
3	54593	3.485978150073	-21.121076583862
3	54597	3.486042184689	-18.23406791687
3	54613	3.486930510551	-26.625610351562
3	54617	3.487014281575	-19.649490356445
3	54624	3.487910959359	-37.713176727295
3	54631	3.48799949488	-23.205152511597
3	54641	3.488870464581	-23.292482376099
3	54648	3.48899319345	-12.893751144409
3	54655	3.489861641893	-26.989385604858
3	54659	3.490042197309	-29.737771987915
3	54672	3.490895332567	-19.053661346436
3	54679	3.490994975236	-21.278310775757
3	54686	3.491943235395	-21.993339538574
3	54690	3.491967347706	-21.265459060669
3	54706	3.492954201862	-27.79807472229
3	54710	3.492954532662	-21.181781768799
3	54717	3.493974541374	-35.312000274658
3	54721	3.494002088374	-28.006706237793
3	54737	3.494998699261	-17.843782424927
3	54741	3.495047698754	-18.699234008789
3	54748	3.496039279893	-29.319532394409
3	54752	3.496055989387	-29.540050506592
3	54768	3.497002750984	-21.884092330933
3	54772	3.497059443997	-23.043504714966
3	54779	3.498047157119	-32.457698822021
3	54783	3.498052262472	-27.225465774536
3	54802	3.499019315001	-19.613010406494
3	54806	3.499077730527	-24.752368927002
3	54815	3.500048212721	-8.3778076171875
3	54819	3.500067711189	-18.688373565674
3	54835	3.501063803614	-38.221858978271
3	54839	3.501106058653	-35.431823730469
3	54846	3.502111320304	-24.05090713501
3	54850	3.502143901868	-14.272054672241
3	54866	3.50310102986	-22.51515007019
3	54870	3.503143757758	-19.565053939819
3	54880	3.504120312194	-31.068607330322
3	54884	3.504149818862	-22.618032455444
3	54897	3.505134490808	-32.136386871338
3	54901	3.505191676098	-27.142654418945
3	54911	3.506142441932	-30.30495262146
3	54918	3.506227292443	-26.806848526001
3	54928	3.507186527051	-30.024044036865
3	54932	3.507225772092	-26.51661491394
3	54942	3.508137477916	-18.828147888184
3	54949	3.50825271266	-24.033378601074
3	54959	3.509154321962	-21.667682647705
3	54963	3.509301446447	-25.729640960693
3	54976	3.51010544813	-19.901916503906
3	54980	3.510262120645	-32.689521789551
3	54990	3.511076481678	-29.964906692505
3	54994	3.511276198439	-31.002355575562
3	55004	3.512102218222	-30.721912384033
3	55011	3.512274490421	-28.826385498047
3	55021	3.513110694634	-28.214879989624
3	55025	3.513298576753	-22.707874298096
3	55032	3.514107268863	-26.478691101074
3	55042	3.514296671628	-22.431640625
3	55052	3.515139918228	-22.210821151733
3	55056	3.515290452356	-19.999853134155
3	55066	3.516160667516	-26.702302932739
3	55070	3.516311106298	-19.767524719238
3	55083	3.517185117301	-27.399868011475
3	55087	3.517308370724	-15.279135704041
3	55100	3.518171823387	-26.183801651001
3	55104	3.518348121964	-29.125091552734
3	55117	3.519186006107	-28.302549362183
3	55121	3.519331982435	-28.845037460327
3	55131	3.520139243998	-16.56529045105
3	55135	3.520329897792	-14.643419265747
3	55148	3.521146636508	-24.451272964478
3	55152	3.521304586432	-21.2223777771
3	55162	3.522132855601	-29.557325363159
3	55166	3.522266897724	-26.584972381592
3	55179	3.523106511504	-29.336305618286
3	55183	3.52323987354	-28.041034698486
3	55193	3.524137453954	-20.017427444458
3	55197	3.524282169253	-24.906301498413
3	55210	3.525113567178	-23.490045547485
3	55214	3.525253607383	-19.860654830933
3	55224	3.526136379751	-21.362150192261
3	55228	3.526232653881	-22.238418579102
3	55241	3.52716522918	-23.595279693604
3	55245	3.527242774123	-32.144836425781
3	55255	3.528145032091	-26.670854568481
3	55259	3.528238428844	-26.099000930786
3	55272	3.529130719578	-21.440914154053
3	55276	3.529272760792	-17.389514923096
3	55283	3.530121276512	-18.742092132568
3	55290	3.530247777563	-34.139961242676
3	55300	3.531123370638	-23.135366439819
3	55307	3.531225705766	-17.51450920105
3	55314	3.532145294969	-30.520252227783
3	55321	3.532270426067	-24.573732376099
3	55331	3.53312439526	-18.112247467041
3	55338	3.533290980224	-14.72260761261
3	55345	3.534098472167	-32.109462738037
3	55352	3.534309303926	-31.505367279053
3	55362	3.535112707167	-25.741115570068
3	55366	3.535301191211	-32.744144439697
3	55379	3.536119930966	-31.36206817627
3	55383	3.536297728129	-35.876388549805
3	55393	3.537102171351	-20.487001419067
3	55400	3.537260074361	-29.648946762085
3	55413	3.538072934374	-17.248449325562
3	55417	3.538216666908	-26.596761703491
3	55427	3.539096439839	-31.043420791626
3	55431	3.539196118268	-31.584230422974
3	55444	3.54011279438	-24.643203735352
3	55448	3.540192862965	-26.117990493774
3	55458	3.541116373951	-32.021675109863
3	55462	3.541239032749	-18.214622497559
3	55475	3.542109614796	-22.789573669434
3	55479	3.542282041863	-22.856346130371
3	55489	3.543086533574	-26.998083114624
3	55496	3.543325764037	-32.509841918945
3	55506	3.544092490711	-24.598991394043
3	55510	3.544319540683	-19.132055282593
3	55520	3.545067503944	-29.075996398926
3	55524	3.545352630592	-21.426397323608
3	55534	3.546024347885	-33.8434715271
3	55541	3.546377712529	-24.981359481812
3	55551	3.547043039349	-10.952143669128
3	55555	3.547379935243	-18.993915557861
3	55565	3.548050966727	-32.757411956787
3	55572	3.548415625894	-19.305522918701
3	55579	3.549051804294	-26.360145568848
3	55586	3.549425949461	-39.245067596436
3	55596	3.550038004343	-17.681085586548
3	55603	3.550466734872	-13.705081939697
3	55610	3.550997852679	-18.488636016846
3	55620	3.551513275674	-19.376838684082
3	55624	3.552009453275	-29.926919937134
3	55637	3.552498716321	-20.659912109375
3	55644	3.553050813698	-21.103618621826
3	55651	3.553486701018	-12.925963401794
3	55655	3.554004122324	-22.210296630859
3	55668	3.554468849363	-24.452617645264
3	55675	3.555021643719	-24.699201583862
3	55682	3.555497242361	-17.575342178345
3	55686	3.555978648235	-26.839275360107
3	55696	3.556478933455	-23.523319244385
3	55706	3.556994581375	-17.103107452393
3	55713	3.557495345494	-14.106191635132
3	55717	3.557976909024	-25.097188949585
3	55733	3.558540092637	-12.267774581909
3	55740	3.55897380953	-23.427843093872
3	55747	3.559588736413	-35.200462341309
3	55751	3.559992607484	-16.559017181396
3	55764	3.560600496789	-29.033668518066
3	55771	3.560983800992	-25.640176773071
3	55778	3.561648452156	-27.71703338623
3	55782	3.561936025413	-15.83429813385
3	55795	3.56261734717	-38.345561981201
3	55802	3.562978084075	-29.571090698242
3	55809	3.56362701069	-35.544673919678
3	55813	3.563952455228	-26.968830108643
3	55826	3.564586518078	-18.769073486328
3	55833	3.564972529336	-23.554483413696
3	55840	3.565567378275	-21.555889129639
3	55844	3.566004340151	-21.546182632446
3	55857	3.566610075409	-26.119541168213
3	55864	3.567003189663	-23.824834823608
3	55871	3.567629764168	-27.944948196411
3	55875	3.567955137211	-20.112758636475
3	55888	3.568671328777	-23.847658157349
3	55895	3.568924191557	-28.056087493896
3	55902	3.569646847771	-21.972818374634
3	55906	3.56989198844	-18.859373092651
3	55922	3.570645029369	-18.872470855713
3	55926	3.57084781618	-21.179410934448
3	55933	3.571645780353	-29.849096298218
3	55937	3.57183088271	-34.27515411377
3	55950	3.572688492316	-26.180446624756
3	55957	3.572818534207	-18.514488220215
3	55964	3.573649314466	-22.712366104126
3	55968	3.573864884126	-16.498073577881
3	55984	3.574671851016	-19.045680999756
3	55988	3.574853915675	-26.523361206055
3	55995	3.575633497419	-15.068903923035
3	55999	3.575871260415	-24.620737075806
3	56009	3.576625631746	-32.837944030762
3	56019	3.57686497502	-28.210134506226
3	56026	3.577650118255	-20.630655288696
3	56030	3.577879415356	-34.82169342041
3	56046	3.578606476955	-25.53503036499
3	56053	3.578880169163	-24.297546386719
3	56060	3.579642122039	-12.759583473206
3	56064	3.579871406422	-17.16296005249
3	56074	3.580662351507	-23.267244338989
3	56084	3.580843602425	-31.379272460938
3	56091	3.581628795944	-16.795539855957
3	56095	3.58183162083	-19.172330856323
3	56105	3.582666044724	-14.274417877197
3	56115	3.582803688541	-16.442832946777
3	56122	3.583678237126	-10.262804031372
3	56126	3.583753953018	-28.300996780396
3	56136	3.584656138554	-16.85763168335
3	56140	3.584721657925	-24.646104812622
3	56153	3.585665003041	-31.170196533203
3	56157	3.585703384234	-26.047998428345
3	56170	3.586683838069	-32.041114807129
3	56174	3.586701113659	-26.891693115234
3	56184	3.587666087154	-27.156101226807
3	56188	3.58768777083	-21.336954116821
3	56204	3.588697921108	-31.314897537231
3	56208	3.588716860753	-25.161079406738
3	56215	3.589669639525	-27.247919082642
3	56219	3.589706430477	-15.77921295166
3	56232	3.590678459135	-21.046667098999
3	56236	3.590683253578	-29.113647460938
3	56246	3.591676522392	-24.824123382568
3	56250	3.591700748312	-21.902854919434
3	56263	3.592659892559	-22.274698257446
3	56267	3.592664249554	-25.432985305786
3	56277	3.593700459747	-35.348529815674
3	56281	3.593705313466	-20.476364135742
3	56294	3.594680735306	-33.103771209717
3	56298	3.594711614955	-35.933151245117
3	56308	3.595671096237	-24.813095092773
3	56312	3.595720974293	-20.195501327515
3	56325	3.596692544955	-36.111404418945
3	56329	3.596710649114	-29.047168731689
3	56339	3.597643616575	-23.467866897583
3	56343	3.597731672875	-26.4938621521
3	56356	3.598609471927	-20.350702285767
3	56366	3.598748451119	-27.000696182251
3	56373	3.599613085749	-19.760284423828
3	56377	3.599703230007	-22.047737121582
3	56390	3.600643894028	-23.401496887207
3	56394	3.600737203682	-36.215446472168
3	56404	3.601641913754	-27.341686248779
3	56408	3.601739527103	-27.939079284668
3	56421	3.602630964851	-29.694648742676
3	56425	3.602740956998	-37.370239257812
3	56435	3.603673475193	-33.623470306396
3	56439	3.603739739246	-16.35597038269
3	56455	3.604714840652	-18.797782897949
3	56459	3.604719487084	-21.191484451294
3	56466	3.605675282354	-11.047611236572
3	56470	3.605707952451	-14.862686157227
3	56480	3.606627605078	-29.605504989624
3	56484	3.606721964854	-24.326642990112
3	56497	3.607581975322	-24.663391113281
3	56501	3.607729097435	-22.781074523926
3	56511	3.608572598584	-26.191926956177
3	56518	3.608733981546	-15.955840110779
3	56528	3.609577416724	-42.846050262451
3	56532	3.609776175713	-29.23984336853
3	56539	3.61061910842	-37.971950531006
3	56552	3.610802730081	-25.324506759644
3	56559	3.611619229958	-23.43211555481
3	56563	3.611787343755	-27.130994796753
3	56573	3.61260367407	-34.018630981445
3	56580	3.612777400379	-29.004699707031
3	56590	3.613642217044	-22.395547866821
3	56594	3.613732121867	-30.567743301392
3	56601	3.614618947914	-31.967851638794
3	56605	3.614682442636	-20.798984527588
3	56621	3.615667696818	-18.260303497314
3	56625	3.615703095292	-31.700288772583
3	56632	3.616653148014	-23.156566619873
3	56639	3.616695730856	-29.967386245728
3	56652	3.617610939355	-25.266872406006
3	56656	3.617670020336	-33.527278900146
3	56663	3.618624514515	-18.245445251465
3	56667	3.618650704699	-33.502502441406
3	56686	3.619601601708	-12.789252281189
3	56690	3.61963753157	-24.610439300537
3	56697	3.620574037853	-30.052539825439
3	56701	3.620663470582	-25.203224182129
3	56717	3.621600318175	-29.395080566406
3	56721	3.621637995768	-26.217672348022
3	56728	3.622570304953	-42.353096008301
3	56732	3.622666358005	-26.518552780151
3	56748	3.623526197945	-23.046075820923
3	56752	3.623693865103	-21.649528503418
3	56759	3.624540242581	-24.240043640137
3	56763	3.624706595232	-26.280866622925
3	56779	3.625495763975	-26.703666687012
3	56783	3.625707761601	-32.615951538086
3	56790	3.626491361578	-34.707813262939
3	56797	3.626690103598	-32.382511138916
3	56810	3.627474311243	-28.649118423462
3	56814	3.627678661543	-30.828296661377
3	56821	3.628441718957	-28.681713104248
3	56828	3.628681130342	-18.975559234619
3	56841	3.629463312317	-24.239845275879
3	56845	3.629660180333	-25.650814056396
3	56855	3.630507957441	-20.499273300171
3	56859	3.630688860949	-35.273792266846
3	56872	3.631527265708	-27.540538787842
3	56876	3.631652863991	-20.332145690918
3	56886	3.632568685947	-19.36768913269
3	56890	3.632658751677	-22.083234786987
3	56903	3.63353138919	-27.442596435547
3	56907	3.63369534006	-26.511516571045
3	56917	3.634507091805	-28.445573806763
3	56921	3.634656560958	-15.134530067444
3	56934	3.635478246686	-33.234977722168
3	56938	3.635638966569	-23.503625869751
3	56948	3.636452196913	-29.231395721436
3	56952	3.63659496384	-30.941883087158
3	56965	3.637482806386	-34.048206329346
3	56969	3.637635713133	-32.716270446777
3	56982	3.638482950653	-25.542051315308
3	56986	3.638628962627	-31.985363006592
3	56999	3.639463278877	-33.332195281982
3	57003	3.639608084529	-19.32356262207
3	57013	3.640483540051	-24.499231338501
3	57017	3.640605049044	-32.259258270264
3	57030	3.641525328028	-27.819158554077
3	57034	3.641594841708	-36.840347290039
3	57044	3.64255211295	-30.789682388306
3	57048	3.642637989259	-21.57438659668
3	57061	3.643515913523	-35.126667022705
3	57065	3.64360872986	-16.509143829346
3	57075	3.644504507588	-29.141929626465
3	57079	3.644655653204	-13.394037246704
3	57092	3.645548566085	-34.650787353516
3	57096	3.645664335126	-33.821361541748
3	57106	3.646584239245	-22.558919906616
3	57110	3.646630408409	-25.040205001831
3	57123	3.647583628104	-34.09981918335
3	57127	3.647648446819	-29.961925506592
3	57140	3.64862185855	-26.682207107544
3	57144	3.648684367105	-19.439069747925
3	57154	3.649610230563	-23.09419631958
3	57158	3.649646378849	-36.015110015869
3	57171	3.650649233619	-18.30330657959
3	57175	3.650684957564	-29.369600296021
3	57185	3.651680905546	-25.366178512573
3	57189	3.65171775803	-29.883522033691
3	57202	3.652673181438	-20.733871459961
3	57206	3.652731099248	-25.234558105469
3	57216	3.653651213188	-11.924029350281
3	57220	3.653761756868	-16.171516418457
3	57233	3.654693635053	-31.490385055542
3	57237	3.65475656664	-24.791345596313
3	57247	3.655668886451	-21.894905090332
3	57251	3.655777381868	-21.372791290283
3	57264	3.656691747421	-30.972703933716
3	57268	3.656820056397	-29.608787536621
3	57275	3.657676085577	-26.130624771118
3	57282	3.657785215433	-36.576705932617
3	57298	3.658644497495	-32.82693862915
3	57302	3.658753602029	-13.1318359375
3	57309	3.659617564444	-20.76833152771
3	57316	3.659766674777	-22.505041122437
3	57329	3.660571590186	-20.233974456787
3	57333	3.660811095462	-25.976608276367
3	57340	3.66161966148	-35.864974975586
3	57347	3.661817744562	-20.528581619263
3	57360	3.662652977747	-36.429702758789
3	57364	3.6628531932	-27.480613708496
3	57371	3.663671365435	-30.150835037231
3	57378	3.66386259092	-21.579458236694
3	57388	3.664663640535	-30.220273971558
3	57395	3.66484261778	-27.604082107544
3	57402	3.665709649005	-15.960706710815
3	57406	3.665805970053	-21.184175491333
3	57422	3.666732631604	-24.351823806763
3	57426	3.666820520358	-21.164043426514
3	57433	3.667688577793	-30.330326080322
3	57440	3.667809938757	-30.284763336182
3	57450	3.668662934763	-29.983047485352
3	57457	3.668840154353	-18.547807693481
3	57464	3.669627216205	-26.015396118164
3	57474	3.669852928613	-13.633751869202
3	57481	3.670606199474	-22.521469116211
3	57485	3.670817922005	-39.425033569336
3	57495	3.671640232615	-24.368015289307
3	57502	3.671855038226	-25.234903335571
3	57512	3.672613151603	-22.312780380249
3	57519	3.672863731962	-33.873519897461
3	57526	3.673661994131	-20.653470993042
3	57530	3.673853617368	-25.337688446045
3	57546	3.674672692377	-25.886682510376
3	57550	3.674854524974	-35.286361694336
3	57557	3.675697839214	-24.815898895264
3	57564	3.675870854459	-13.723510742188
3	57577	3.676710253337	-18.227331161499
3	57581	3.676892186843	-21.926959991455
3	57588	3.677679243902	-17.772989273071
3	57595	3.677933544978	-13.819312095642
3	57611	3.678665156207	-22.333101272583
3	57615	3.678955083469	-27.447700500488
3	57622	3.679685828198	-20.725910186768
3	57629	3.679999163785	-10.769927024841
3	57642	3.680698554606	-21.544404983521
3	57646	3.680972266741	-29.890434265137
3	57653	3.681673876168	-27.210083007812
3	57660	3.681930560573	-27.729724884033
3	57673	3.682701029244	-31.338104248047
3	57677	3.682926117856	-23.24393081665
3	57684	3.683691767698	-24.369029998779
3	57691	3.683895169749	-18.054243087769
3	57704	3.684699769034	-18.546480178833
3	57708	3.684845614397	-30.243137359619
3	57715	3.685742001767	-14.075306892395
3	57719	3.685839959699	-34.730194091797
3	57735	3.686746396348	-21.790012359619
3	57739	3.686878628601	-15.402857780457
3	57746	3.687781202726	-20.484493255615
3	57750	3.687890666675	-29.935649871826
3	57766	3.688745591566	-23.20392036438
3	57770	3.688844494373	-37.594440460205
3	57777	3.689764943046	-21.994911193848
3	57781	3.689892274401	-21.597085952759
3	57797	3.69079888787	-26.240951538086
3	57801	3.69084578349	-28.47932434082
3	57808	3.691762113801	-20.522863388062
3	57812	3.691830633025	-27.975088119507
3	57828	3.692784880389	-26.546457290649
3	57832	3.692789450217	-37.602321624756
3	57836	3.693752600301	-31.178262710571
3	57840	3.693781386693	-26.676115036011
3	57859	3.694739918811	-20.127235412598
3	57863	3.694796444248	-26.551054000854
3	57867	3.69577031028	-36.594318389893
3	57871	3.695824873353	-29.350217819214
3	57890	3.696741309554	-31.265640258789
3	57894	3.696824060697	-21.912549972534
3	57898	3.697755862335	-24.387096405029
3	57905	3.697868278991	-25.088972091675
3	57924	3.698724498622	-26.123626708984
3	57928	3.698905132223	-29.140056610107
3	57935	3.699708517181	-25.010566711426
3	57939	3.699865221654	-20.342716217041
3	57955	3.70070527572	-17.020704269409
3	57959	3.700847644568	-18.593563079834
3	57963	3.701712883011	-29.387697219849
3	57970	3.701815688058	-23.874713897705
3	57986	3.702734392956	-22.140533447266
3	57990	3.702791509038	-21.900056838989
3	57997	3.703751735165	-24.24901008606
3	58001	3.703754312919	-31.315517425537
3	58014	3.704707602901	-29.788803100586
3	58021	3.704768475727	-18.506406784058
3	58028	3.705718356321	-22.615579605103
3	58032	3.705774649866	-27.088933944702
3	58045	3.706669758227	-22.937606811523
3	58049	3.706818508425	-27.958879470825
3	58059	3.707621694052	-31.111526489258
3	58063	3.707805465305	-11.236610412598
3	58076	3.708594022821	-28.252418518066
3	58080	3.708830790536	-19.413297653198
3	58090	3.70958358458	-24.225019454956
3	58094	3.709789888543	-26.424606323242
3	58107	3.710549902877	-22.767059326172
3	58111	3.710796470234	-24.099496841431
3	58121	3.711545697489	-26.959775924683
3	58125	3.711796631881	-22.784503936768
3	58135	3.712520365697	-34.802597045898
3	58142	3.712833064133	-21.159368515015
3	58152	3.713517984786	-22.720670700073
3	58156	3.713871595852	-24.048475265503
3	58166	3.714492304398	-19.111034393311
3	58173	3.714865951226	-27.230045318604
3	58183	3.715498905204	-21.849500656128
3	58187	3.715828155657	-26.571046829224
3	58194	3.716540947561	-28.289024353027
3	58204	3.716791624887	-25.707290649414
3	58214	3.717491159273	-28.26912689209
3	58218	3.71778572333	-25.449728012085
3	58225	3.718478751223	-31.266664505005
3	58238	3.718772301298	-24.727029800415
3	58248	3.719455046321	-22.151395797729
3	58252	3.719782536794	-25.702928543091
3	58259	3.720471597511	-35.998435974121
3	58269	3.720824657059	-26.534851074219
3	58279	3.721466768137	-28.670783996582
3	58283	3.721826395269	-29.312273025513
3	58290	3.722472786285	-34.917385101318
3	58303	3.722796987163	-37.668487548828
3	58307	3.723432778211	-21.42075920105
3	58314	3.72384386289	-29.685083389282
3	58321	3.724466870274	-25.609395980835
3	58328	3.724798575869	-22.80913734436
3	58338	3.725496678965	-26.259475708008
3	58345	3.725773175214	-20.039091110229
3	58352	3.726480873418	-19.299396514893
3	58359	3.726803342421	-20.162069320679
3	58369	3.727523545597	-26.008451461792
3	58376	3.72780159306	-23.178293228149
3	58383	3.728521432845	-36.089107513428
3	58390	3.728791557737	-16.690170288086
3	58400	3.729538493255	-27.597826004028
3	58407	3.729763746345	-37.384918212891
3	58414	3.730501787934	-27.490856170654
3	58421	3.730789847695	-27.779312133789
3	58434	3.731537987875	-26.971206665039
3	58438	3.731801081825	-25.668573379517
3	58445	3.732563395772	-28.347240447998
3	58449	3.732785411154	-21.29630279541
3	58465	3.733603950155	-18.917192459106
3	58469	3.733800829743	-25.362253189087
3	58476	3.734624378619	-24.689140319824
3	58480	3.734768394171	-17.519905090332
3	58496	3.735593706838	-23.590267181396
3	58500	3.735740901434	-19.224149703979
3	58507	3.736578556191	-23.377704620361
3	58511	3.736717950487	-24.003475189209
3	58527	3.737583856605	-30.747861862183
3	58531	3.737766596336	-42.417877197266
3	58538	3.738540280901	-18.130613327026
3	58542	3.738788989001	-26.026460647583
3	58561	3.739505127652	-23.620523452759
3	58565	3.739837640376	-21.778818130493
3	58572	3.740497805156	-29.028614044189
3	58576	3.740798972497	-28.238342285156
3	58592	3.741524712135	-27.42719078064
3	58596	3.741817111371	-20.789733886719
3	58603	3.742490862867	-25.783567428589
3	58607	3.742767969859	-20.3903465271
3	58623	3.743503922173	-22.355398178101
3	58627	3.743759265782	-27.362577438354
3	58634	3.744463776166	-32.926910400391
3	58641	3.744800357061	-26.968576431274
3	58654	3.745426703643	-23.753938674927
3	58658	3.745806489386	-24.824577331543
3	58665	3.746474215874	-29.130332946777
3	58672	3.746805009613	-14.126883506775
3	58685	3.74745305628	-20.843402862549
3	58689	3.747806436618	-32.700035095215
3	58696	3.748433848662	-14.613960266113
3	58706	3.748844998709	-29.047647476196
3	58716	3.749418912531	-30.635751724243
3	58720	3.749807971452	-33.25284576416
3	58729	3.750443316694	-32.70719909668
3	58739	3.750764356718	-23.123262405396
3	58749	3.751424099645	-19.403390884399
3	58753	3.751762219212	-26.632944107056
3	58760	3.752422088933	-31.787956237793
3	58764	3.752770719138	-24.966529846191
3	58780	3.753389607649	-34.970508575439
3	58784	3.75380075584	-31.593030929565
3	58788	3.754342328108	-28.117111206055
3	58795	3.754793481521	-22.36067199707
3	58808	3.755318144022	-15.114852905273
3	58815	3.755749840321	-28.003377914429
3	58819	3.756328230096	-20.726179122925
3	58829	3.75677964092	-29.593296051025
3	58842	3.757345986998	-19.829946517944
3	58846	3.757794181515	-24.146926879883
3	58853	3.758339926142	-21.881362915039
3	58860	3.758793340216	-29.359382629395
3	58876	3.759359939878	-19.350879669189
3	58880	3.75982860128	-11.83812046051
3	58887	3.760335255999	-34.921310424805
3	58894	3.760818678407	-29.544281005859
3	58907	3.761319820833	-30.302030563354
3	58911	3.761777743143	-28.473264694214
3	58915	3.762364329188	-31.044853210449
3	58925	3.762740370832	-21.510229110718
3	58938	3.763372951282	-26.890972137451
3	58942	3.763763966953	-36.92321395874
3	58946	3.764393262193	-18.790353775024
3	58956	3.764716778973	-30.219186782837
3	58969	3.765401338817	-13.82190322876
3	58973	3.765699900101	-31.5299949646
3	58977	3.766376991641	-20.640159606934
3	58984	3.766661627563	-30.476385116577
3	59000	3.767374401798	-20.054620742798
3	59004	3.767672442914	-18.881080627441
3	59008	3.768405596337	-24.808345794678
3	59015	3.768670125819	-29.708967208862
3	59031	3.769410517056	-30.696914672852
3	59035	3.769642103363	-20.077129364014
3	59042	3.770425925504	-25.321271896362
3	59049	3.770686852992	-25.486316680908
3	59062	3.771420032294	-22.242622375488
3	59066	3.771708573604	-21.524803161621
3	59073	3.77244500729	-18.258115768433
3	59080	3.772691052414	-29.975423812866
3	59093	3.773399241728	-25.378444671631
3	59097	3.773676930394	-23.481088638306
3	59107	3.774418871881	-29.255403518677
3	59111	3.774677403208	-17.793207168579
3	59124	3.775414829418	-19.273475646973
3	59128	3.775698003398	-18.193513870239
3	59132	3.776377446974	-16.660028457642
3	59142	3.776737223462	-13.26492023468
3	59152	3.777419247559	-23.976793289185
3	59159	3.777705495054	-25.701232910156
3	59166	3.778405130321	-36.065967559814
3	59173	3.778696875538	-27.745876312256
3	59189	3.779405867538	-28.268972396851
3	59193	3.779738503229	-27.038921356201
3	59197	3.780409533646	-15.180620193481
3	59207	3.780755318101	-19.74631690979
3	59220	3.781372582257	-28.749300003052
3	59224	3.781714260902	-38.704051971436
3	59234	3.782397312028	-26.096897125244
3	59238	3.782708266476	-26.240398406982
3	59251	3.783421571934	-18.234153747559
3	59255	3.783706520518	-22.031600952148
3	59262	3.784376824189	-7.3535809516907
3	59269	3.784731778135	-21.21746635437
3	59279	3.785421769435	-14.079166412354
3	59286	3.785758748965	-23.04892539978
3	59296	3.786463238624	-27.394393920898
3	59300	3.786742701219	-25.424575805664
3	59310	3.787439859958	-19.474349975586
3	59317	3.787744175659	-16.986993789673
3	59324	3.788454010793	-23.572450637817
3	59334	3.788769567925	-18.92267036438
3	59341	3.789492179887	-21.459281921387
3	59348	3.789739365758	-29.483921051025
3	59355	3.790504626398	-20.838973999023
3	59362	3.790760451086	-20.48508644104
3	59375	3.791489041171	-28.835662841797
3	59379	3.791715537903	-19.188524246216
3	59386	3.792475824019	-22.582040786743
3	59393	3.792683546458	-21.927091598511
3	59403	3.793429283561	-20.089706420898
3	59410	3.793658073783	-25.54850769043
3	59417	3.794403259483	-15.330738067627
3	59424	3.794695605557	-19.360773086548
3	59437	3.795415496647	-20.030290603638
3	59441	3.795647762175	-17.870685577393
3	59448	3.796446823452	-20.545812606812
3	59452	3.796680031963	-27.746957778931
3	59468	3.797438033458	-25.377836227417
3	59472	3.797630510933	-15.594846725464
3	59479	3.798418188368	-33.246879577637
3	59486	3.798617326465	-26.218601226807
3	59499	3.799447201762	-18.235973358154
3	59506	3.799573547274	-23.956014633179
3	59516	3.800405417563	-26.812267303467
3	59520	3.800559364149	-18.529243469238
3	59533	3.801358509499	-25.966419219971
3	59537	3.80155570314	-24.678583145142
3	59544	3.802380055148	-18.136426925659
3	59551	3.802532841364	-36.008403778076
3	59564	3.803419009465	-25.401117324829
3	59568	3.803546864634	-20.236196517944
3	59575	3.804409043452	-32.339618682861
3	59582	3.804564941511	-25.182456970215
3	59592	3.805379651565	-28.48085975647
3	59599	3.80553664218	-30.828187942505
3	59606	3.806379238152	-31.142024993896
3	59613	3.806489470398	-30.732973098755
3	59620	3.80739006565	-25.353439331055
3	59630	3.807504047496	-15.198603630066
3	59637	3.808375850829	-29.655563354492
3	59641	3.808484599611	-28.831729888916
3	59651	3.809411804691	-20.421131134033
3	59655	3.809436471125	-29.982627868652
3	59668	3.810432444693	-21.395900726318
3	59672	3.810477830313	-20.342205047607
3	59682	3.811390881833	-20.870178222656
3	59692	3.811523019922	-29.096920013428
3	59699	3.812411376369	-24.635780334473
3	59703	3.812546133785	-20.043048858643
3	59716	3.813405290606	-34.84655380249
3	59720	3.813530280836	-19.750064849854
3	59730	3.814450070705	-20.576910018921
3	59734	3.814550370785	-20.323425292969
3	59747	3.815400964623	-32.031929016113
3	59751	3.815590530349	-14.512432098389
3	59761	3.816408699204	-19.704200744629
3	59765	3.816623848923	-21.79447555542
3	59775	3.817368711056	-30.035308837891
3	59785	3.817583299735	-28.609344482422
3	59792	3.818363788239	-19.614212036133
3	59796	3.818572298078	-16.534023284912
3	59809	3.819319273658	-24.160945892334
3	59816	3.819529508696	-28.370809555054
3	59826	3.82033405779	-39.415172576904
3	59830	3.820551410594	-26.358024597168
3	59840	3.821300034195	-25.497999191284
3	59844	3.821534294379	-15.34367275238
3	59857	3.822281039928	-25.906221389771
3	59861	3.822501133916	-30.628890991211
3	59871	3.823298705875	-22.042207717896
3	59875	3.823459442665	-22.788608551025
3	59888	3.824327146339	-30.488025665283
3	59892	3.824454056191	-24.430448532104
3	59902	3.825290757614	-27.275539398193
3	59906	3.825439880365	-25.327770233154
3	59919	3.826333322943	-17.929607391357
3	59923	3.826473305705	-23.602807998657
3	59930	3.827285358077	-24.82550239563
3	59937	3.827453510614	-27.543542861938
3	59950	3.828254758664	-23.567090988159
3	59954	3.828481784999	-18.254901885986
3	59961	3.829215786713	-28.66117477417
3	59968	3.829477817507	-13.535444259644
3	59981	3.830167742468	-20.254220962524
3	59985	3.830474160598	-21.09659576416
3	59992	3.831194895573	-24.355630874634
3	60002	3.831455110034	-26.943424224854
3	60009	3.832228942571	-22.105682373047
3	60016	3.83249354657	-24.645866394043
3	60023	3.833245202781	-23.80891418457
3	60033	3.833455133109	-13.656232833862
3	60040	3.834235499553	-14.374534606934
3	60047	3.834443442509	-21.293521881104
3	60054	3.835229078848	-18.523099899292
3	60061	3.83546378446	-23.250379562378
3	60071	3.836208649682	-17.995882034302
3	60078	3.836426460627	-13.717248916626
3	60085	3.837191358583	-25.912664413452
3	60092	3.837409880104	-25.678880691528
3	60099	3.838161180729	-20.547855377197
3	60109	3.838425136913	-30.867601394653
3	60116	3.839122066248	-21.632095336914
3	60126	3.839410143679	-31.87108039856
3	60133	3.840095651092	-23.596405029297
3	60140	3.840381417812	-20.124185562134
3	60150	3.841122245609	-19.204376220703
3	60157	3.8414215122	-22.512464523315
3	60167	3.842122483386	-29.397916793823
3	60171	3.842448260811	-23.93959236145
3	60181	3.843095950502	-26.53734588623
3	60185	3.843455619567	-34.297138214111
3	60198	3.844143632035	-31.35950088501
3	60205	3.844471641381	-21.148853302002
3	60212	3.845135554161	-19.638984680176
3	60219	3.84549609716	-27.921689987183
3	60229	3.846172675373	-25.905605316162
3	60236	3.846490038098	-22.447834014893
3	60243	3.847153652322	-20.982667922974
3	60247	3.847522711665	-16.015985488892
3	60263	3.848165784276	-18.77575302124
3	60267	3.848493217631	-25.07243347168
3	60271	3.849117415974	-27.835477828979
3	60281	3.849503621253	-28.61030960083
3	60294	3.850067761479	-28.57661819458
3	60298	3.850547486287	-26.550180435181
3	60305	3.851114502403	-23.519104003906
3	60312	3.851542470624	-33.989101409912
3	60325	3.852112318117	-24.706336975098
3	60329	3.852519015594	-25.184156417847
3	60336	3.853148885556	-19.833841323853
3	60346	3.85350665478	-24.191844940186
3	60356	3.854116090146	-19.982469558716
3	60360	3.854472750291	-35.698432922363
3	60364	3.855143128438	-23.89200592041
3	60374	3.85547287464	-21.876001358032
3	60387	3.856156509938	-21.592851638794
3	60391	3.856463670163	-33.462261199951
3	60395	3.857181426782	-23.548303604126
3	60405	3.857484746822	-24.057775497437
3	60418	3.858211354161	-24.316692352295
3	60422	3.858517276468	-35.654094696045
3	60429	3.85920301042	-28.941083908081
3	60433	3.859526236805	-28.76166343689
3	60452	3.860191119109	-20.037048339844
3	60456	3.860573379585	-20.21471786499
3	60460	3.861160576584	-25.393363952637
3	60467	3.861546174413	-27.120149612427
3	60483	3.862181838206	-28.600078582764
3	60487	3.862581395778	-19.553993225098
3	60491	3.863210954457	-31.632574081421
3	60501	3.863605388341	-16.188873291016
3	60514	3.864200450027	-20.66943359375
3	60518	3.86462354545	-30.522102355957
3	60525	3.865247780685	-26.108963012695
3	60535	3.865587449337	-30.031520843506
3	60545	3.866285101952	-24.591220855713
3	60549	3.866554062368	-16.889364242554
3	60556	3.86732323497	-25.88857460022
3	60563	3.86751186788	-22.462530136108
3	60576	3.868276340768	-30.035005569458
3	60580	3.868526450791	-25.4010887146
3	60587	3.869239543188	-27.602468490601
3	60597	3.869508625752	-31.701454162598
3	60607	3.870197403363	-21.203260421753
3	60611	3.870460751307	-28.161529541016
3	60615	3.871222185276	-25.834785461426
3	60628	3.87141510144	-39.735866546631
3	60638	3.872235189473	-22.252380371094
3	60642	3.872380719827	-17.894437789917
3	60646	3.87319171143	-22.927730560303
3	60659	3.873407333909	-29.058561325073
3	60669	3.874157833288	-30.386655807495
3	60673	3.874436954194	-28.701465606689
3	60677	3.875115188973	-22.854598999023
3	60690	3.875391436683	-22.005386352539
3	60700	3.876146589824	-21.288900375366
3	60704	3.876364868437	-18.181180953979
3	60711	3.877167664586	-26.140512466431
3	60718	3.877414339264	-23.702699661255
3	60731	3.878164645499	-29.242864608765
3	60735	3.8783792967	-38.727096557617
3	60742	3.879147462523	-39.068519592285
3	60755	3.879343939761	-31.44841003418
3	60765	3.880168779636	-36.059535980225
3	60769	3.880366414402	-19.951198577881
3	60779	3.881134866385	-19.284566879272
3	60789	3.881350141662	-25.113527297974
3	60796	3.882128333883	-35.500095367432
3	60800	3.882378480624	-23.780508041382
3	60807	3.883084175777	-29.349317550659
3	60820	3.883361099101	-33.614799499512
3	60827	3.884120448766	-13.516798973083
3	60831	3.884379896622	-11.25193977356
3	60838	3.8851369089	-20.200275421143
3	60848	3.885347403491	-28.053890228271
3	60858	3.886146516316	-28.885721206665
3	60862	3.886348897038	-34.05749130249
3	60869	3.887190699863	-32.016208648682
3	60879	3.887337941575	-33.271949768066
3	60889	3.88814784844	-37.30952835083
3	60893	3.888293531479	-20.561431884766
3	60903	3.889133321078	-29.623300552368
3	60907	3.889270641501	-26.72730255127
3	60920	3.890179051892	-28.710054397583
3	60924	3.890261333169	-9.5638694763184
3	60934	3.891185880599	-21.968645095825
3	60941	3.89128445748	-31.405151367188
3	60951	3.892197077066	-26.503126144409
3	60955	3.89228955421	-23.828754425049
3	60965	3.89315818807	-21.874645233154
3	60975	3.893265082149	-26.068559646606
3	60982	3.894144619954	-34.245780944824
3	60986	3.894239237647	-7.0490484237671
3	60993	3.895129738306	-15.298784255981
3	61000	3.895193011844	-22.001035690308
3	61013	3.896120558602	-24.160120010376
3	61017	3.896150771543	-28.480031967163
3	61030	3.897140209488	-30.843364715576
3	61034	3.897163486659	-22.072296142578
3	61044	3.898092942464	-24.337556838989
3	61048	3.898205936447	-21.712696075439
3	61064	3.89906950252	-37.206127166748
3	61068	3.899170079448	-35.900196075439
3	61078	3.90007289492	-26.12479019165
3	61082	3.900188410311	-19.910717010498
3	61095	3.901074530524	-27.85831451416
3	61102	3.901235032243	-32.168804168701
3	61109	3.902026853782	-29.927783966064
3	61113	3.902196749728	-32.101657867432
3	61126	3.903026945278	-23.286529541016
3	61130	3.903153991236	-27.94974899292
3	61140	3.904009217371	-21.896780014038
3	61147	3.904137750307	-23.856456756592
3	61157	3.905029420774	-28.548639297485
3	61161	3.905178049701	-27.72692489624
3	61171	3.905987671358	-22.943399429321
3	61175	3.906203082777	-30.839628219604
3	61188	3.907032652719	-27.60417175293
3	61192	3.907154102848	-20.923463821411
3	61202	3.908021662706	-21.991146087646
3	61206	3.908175901252	-22.687252044678
3	61219	3.908974864233	-12.74796295166
3	61223	3.909164770137	-16.422695159912
3	61233	3.909937789147	-31.971675872803
3	61237	3.910145545518	-16.846691131592
3	61247	3.91093609759	-22.266401290894
3	61254	3.911180943872	-23.865144729614
3	61264	3.911948139589	-30.105344772339
3	61268	3.912162586868	-21.125598907471
3	61281	3.91292647082	-16.509166717529
3	61285	3.913207414993	-27.118762969971
3	61295	3.913888892676	-27.700952529907
3	61302	3.914242265413	-31.925378799438
3	61312	3.914851414715	-30.550582885742
3	61316	3.915229989636	-17.820224761963
3	61326	3.915820700967	-29.513433456421
3	61333	3.916211307966	-20.04404258728
3	61343	3.916841622217	-34.781848907471
3	61347	3.917242312906	-17.14852142334
3	61357	3.917827111816	-25.923976898193
3	61361	3.918232435561	-27.218517303467
3	61377	3.918807776916	-33.688541412354
3	61381	3.919186644876	-29.719324111938
3	61391	3.919784291677	-30.665355682373
3	61395	3.920191022663	-29.870542526245
3	61408	3.920734833019	-31.446565628052
3	61412	3.921186807557	-29.679264068604
3	61422	3.921767408696	-21.303018569946
3	61426	3.92217891617	-16.001295089722
3	61439	3.922811849503	-24.966588973999
3	61443	3.923214859099	-24.963405609131
3	61453	3.923781453312	-40.532455444336
3	61457	3.92425153858	-17.963529586792
3	61470	3.924803761331	-33.488277435303
3	61474	3.925292171531	-24.269784927368
3	61484	3.925827189016	-28.537496566772
3	61488	3.926281520025	-16.550029754639
3	61501	3.926789319615	-17.713411331177
3	61505	3.927263384502	-19.549467086792
3	61515	3.92783684183	-16.126249313354
3	61522	3.928295489635	-17.931329727173
3	61532	3.928804358769	-24.3752784729
3	61536	3.929251658239	-33.26469039917
3	61546	3.929830723183	-17.326879501343
3	61553	3.930274494543	-34.350601196289
3	61563	3.930811620444	-13.444009780884
3	61570	3.931258693624	-24.67525100708
3	61577	3.931843079993	-27.969192504883
3	61584	3.932288055946	-30.075084686279
3	61594	3.932828378047	-19.279596328735
3	61598	3.933239470609	-22.271314620972
3	61608	3.933860620381	-17.16593170166
3	61615	3.934279987842	-36.326843261719
3	61625	3.934816596922	-30.823431015015
3	61629	3.935244573717	-29.088037490845
3	61639	3.935796648399	-18.283664703369
3	61646	3.936270877559	-28.755285263062
3	61656	3.936818755871	-33.323738098145
3	61663	3.937303442349	-21.602909088135
3	61673	3.937830353797	-28.321821212769
3	61677	3.938280348891	-16.660636901855
3	61690	3.938860547827	-26.521820068359
3	61697	3.939295765567	-25.874189376831
3	61704	3.93982351908	-23.366544723511
3	61711	3.940306996264	-25.339462280273
3	61721	3.940810041024	-18.891796112061
3	61728	3.94128004968	-21.328792572021
3	61732	3.941831455203	-4.3895797729492
3	61742	3.942261313928	-24.259527206421
3	61755	3.942804427507	-42.093082427979
3	61759	3.94328021501	-13.563557624817
3	61763	3.943824193458	-29.550518035889
3	61773	3.94427040388	-22.361766815186
3	61783	3.944805478964	-24.499229431152
3	61790	3.945318420124	-26.209403991699
3	61794	3.945756876966	-28.474208831787
3	61804	3.946314590375	-18.495719909668
3	61817	3.946783053685	-29.153116226196
3	61821	3.947281300525	-33.027667999268
3	61828	3.947790728029	-26.275171279907
3	61835	3.948274965359	-22.06286239624
3	61848	3.948820550823	-27.332651138306
3	61852	3.949282312124	-27.088716506958
3	61859	3.949832066386	-20.633071899414
3	61869	3.950324272251	-32.520183563232
3	61879	3.950807672638	-20.405010223389
3	61883	3.951290003664	-23.264127731323
3	61890	3.951849360522	-17.545022964478
3	61897	3.952256070981	-26.625625610352
3	61910	3.952894831705	-24.647790908813
3	61914	3.953230375989	-25.52624130249
3	61921	3.953847974267	-31.450910568237
3	61928	3.954199285184	-20.9069480896
3	61941	3.954809144892	-23.090835571289
3	61945	3.955173072371	-21.238346099854
3	61949	3.955796520719	-32.64811706543
3	61959	3.956158516677	-34.995639801025
3	61972	3.956816197293	-26.866178512573
3	61976	3.957117892618	-35.290279388428
3	61980	3.957782501484	-27.45725440979
3	61987	3.958089360986	-17.517496109009
3	62006	3.958793516744	-27.253295898438
3	62010	3.959112521026	-24.559143066406
3	62014	3.959744210232	-21.645462036133
3	62021	3.960076893408	-20.992149353027
3	62037	3.960762207073	-27.077564239502
3	62041	3.96109271694	-10.588766098022
3	62045	3.961749376053	-16.989385604858
3	62058	3.962094838226	-24.22292137146
3	62068	3.962717818913	-34.996650695801
3	62072	3.963138090395	-20.679008483887
3	62076	3.963726917717	-29.18763923645
3	62089	3.964111687062	-11.902055740356
3	62099	3.964773459245	-21.327573776245
3	62103	3.96516077251	-18.30192565918
3	62107	3.965733741228	-24.794361114502
3	62120	3.966115335097	-24.007455825806
3	62130	3.966719556289	-20.043119430542
3	62134	3.967086219113	-27.01184463501
3	62138	3.967704018138	-23.666332244873
3	62148	3.968056332961	-32.267192840576
3	62161	3.968722487109	-27.627153396606
3	62165	3.96901920787	-29.824254989624
3	62169	3.969766364009	-19.274183273315
3	62179	3.970025190013	-38.457023620605
3	62192	3.970749715043	-14.119317054749
3	62196	3.971034964038	-29.632333755493
3	62200	3.971772730281	-30.404670715332
3	62207	3.97205177711	-16.815872192383
3	62223	3.972788629137	-34.40941619873
3	62227	3.973068637573	-13.975927352905
3	62231	3.973792834137	-32.230743408203
3	62241	3.974107169698	-26.655687332153
3	62254	3.974808320836	-26.383918762207
3	62258	3.975094392068	-26.821655273438
3	62265	3.975822355633	-26.885046005249
3	62272	3.976138568455	-21.892007827759
3	62285	3.976844459129	-13.221155166626
3	62289	3.977127187742	-24.991550445557
3	62299	3.977822523605	-24.895030975342
3	62303	3.978169864309	-20.641122817993
3	62319	3.978840753783	-23.255073547363
3	62323	3.979217903801	-27.11256980896
3	62333	3.979813193905	-28.485830307007
3	62340	3.980239240767	-14.840826034546
3	62350	3.980846988658	-31.366720199585
3	62354	3.981222676181	-31.735029220581
3	62361	3.981870949975	-32.496280670166
3	62371	3.982267143827	-20.560255050659
3	62381	3.982850223752	-32.433151245117
3	62385	3.983290665464	-31.541187286377
3	62392	3.983894067254	-30.516538619995
3	62402	3.984264108623	-34.010215759277
3	62412	3.984920775426	-33.473770141602
3	62416	3.985290131337	-13.611548423767
3	62426	3.98595217106	-25.798355102539
3	62433	3.9862708044	-22.186834335327
3	62443	3.986995740817	-37.175437927246
3	62447	3.987314590336	-37.589538574219
3	62460	3.98800868745	-23.095317840576
3	62464	3.98829129773	-32.203731536865
3	62474	3.989039673634	-22.961631774902
3	62478	3.989299923855	-25.53199005127
3	62491	3.990068220106	-17.997875213623
3	62498	3.990296176073	-37.875900268555
3	62505	3.991040033503	-26.794136047363
3	62509	3.991256159259	-22.101568222046
3	62522	3.992069173291	-24.836389541626
3	62529	3.992206868421	-28.776670455933
3	62536	3.993116638764	-21.733976364136
3	62540	3.993253011438	-21.587217330933
3	62556	3.994140318359	-25.387830734253
3	62560	3.994257513593	-24.441373825073
3	62567	3.995184695415	-23.625965118408
3	62571	3.995220482009	-13.153806686401
3	62587	3.996172103519	-23.535961151123
3	62591	3.996218408875	-32.551380157471
3	62598	3.997177901562	-30.070035934448
3	62602	3.997259327697	-35.495040893555
3	62621	3.998213529464	-35.946502685547
3	62625	3.998219946749	-27.177127838135
3	62629	3.999186890157	-31.961420059204
3	62633	3.999226055322	-24.050842285156
3	62654	4.00017340986	-29.104001998901
3	62658	4.000273457752	-13.410922050476
3	62665	4.001204987763	-27.408029556274
3	62669	4.001271532576	-18.667387008667
3	62685	4.002171150324	-23.061910629272
3	62689	4.002304557519	-20.927238464355
3	62693	4.003205659741	-24.310527801514
3	62703	4.003343460913	-30.807315826416
3	62716	4.004212538301	-19.066598892212
3	62720	4.004338241797	-16.743410110474
3	62724	4.005179556082	-26.885019302368
3	62734	4.005361551169	-22.880121231079
3	62747	4.006208829658	-9.9758548736572
3	62751	4.006371955965	-18.43345451355
3	62758	4.007236286762	-27.231372833252
3	62765	4.007396851141	-24.288753509521
3	62778	4.008204008872	-16.974094390869
3	62782	4.008435587632	-26.250022888184
3	62786	4.009183505443	-20.549055099487
3	62796	4.009401457099	-21.74200630188
3	62806	4.010152580521	-17.714168548584
3	62813	4.010410135818	-25.622362136841
3	62817	4.01116160307	-28.10320854187
3	62827	4.011374265685	-25.95947265625
3	62840	4.012159384578	-37.010242462158
3	62844	4.012364763248	-24.019197463989
3	62854	4.013205517775	-22.488208770752
3	62858	4.013320384177	-24.646999359131
3	62871	4.014224244266	-21.356557846069
3	62875	4.014331149807	-14.648874282837
3	62879	4.015209329845	-29.967956542969
3	62889	4.015327444679	-8.9113168716431
3	62902	4.016209744341	-25.280347824097
3	62906	4.016341603945	-26.601030349731
3	62913	4.017186485769	-25.442239761353
3	62917	4.017329259946	-24.532943725586
3	62933	4.01815242328	-25.392137527466
3	62940	4.018366900802	-18.656131744385
3	62944	4.019116257349	-18.341119766235
3	62954	4.019319730893	-17.163854598999
3	62964	4.020144371462	-21.050289154053
3	62971	4.020344815089	-22.940195083618
3	62978	4.021168176942	-27.739488601685
3	62982	4.021352796924	-21.467491149902
3	62998	4.022120165841	-22.478631973267
3	63002	4.022331267408	-25.819984436035
3	63006	4.023084566311	-31.595655441284
3	63013	4.023293947459	-27.724948883057
3	63026	4.024034928108	-14.019271850586
3	63030	4.024248838643	-20.678569793701
3	63037	4.025068076456	-19.752105712891
3	63041	4.025212974934	-28.152536392212
3	63057	4.026021808659	-34.23685836792
3	63061	4.026172551394	-11.667511940002
3	63068	4.027068889503	-32.30770111084
3	63072	4.027135074312	-34.073444366455
3	63088	4.028033634341	-14.854479789734
3	63092	4.028090257244	-24.945106506348
3	63099	4.028987543986	-33.693576812744
3	63103	4.02908800886	-22.157894134521
3	63119	4.030017625175	-16.050441741943
3	63123	4.030123641353	-18.4720287323
3	63133	4.031036582164	-22.723937988281
3	63137	4.031077974879	-23.338043212891
3	63150	4.032032364459	-20.369112014771
3	63154	4.032050422132	-23.205896377563
3	63161	4.033012757201	-28.198740005493
3	63165	4.033080536538	-25.240062713623
3	63181	4.03403525929	-29.731735229492
3	63185	4.034038154708	-23.478445053101
3	63192	4.035005493517	-21.262470245361
3	63196	4.035014023448	-22.387269973755
3	63212	4.035970380684	-30.99686050415
3	63216	4.035986439526	-20.48085975647
3	63223	4.036979670383	-20.688812255859
3	63227	4.037016622072	-35.796100616455
3	63246	4.037987109788	-18.847803115845
3	63250	4.037992434363	-28.111906051636
3	63257	4.039031794621	-25.867935180664
3	63261	4.039037551212	-33.170925140381
3	63277	4.040009356943	-26.406120300293
3	63281	4.040058010948	-26.857736587524
3	63288	4.040978813614	-21.207584381104
3	63295	4.041073303232	-22.842636108398
3	63308	4.041942064557	-27.252216339111
3	63312	4.042097901743	-9.8524932861328
3	63319	4.042919943187	-20.469469070435
3	63323	4.043138239241	-22.53982925415
3	63336	4.043892170291	-20.641735076904
3	63343	4.044093025817	-19.523935317993
3	63350	4.04485581243	-31.20557975769
3	63354	4.04512415151	-21.91640663147
3	63367	4.045903556646	-30.270999908447
3	63371	4.046106215436	-32.030651092529
3	63381	4.046920616831	-21.696640014648
3	63385	4.047103066227	-32.46159362793
3	63398	4.047924586999	-29.532022476196
3	63405	4.048087767886	-20.775772094727
3	63412	4.048947526554	-27.671226501465
3	63416	4.049068392393	-25.188137054443
3	63429	4.049932214827	-20.283262252808
3	63436	4.050086408085	-28.595348358154
3	63443	4.050939936833	-24.568166732788
3	63447	4.051060418618	-33.885795593262
3	63463	4.051965236893	-29.717042922974
3	63467	4.052098932679	-21.025312423706
3	63474	4.052952079352	-29.60756111145
3	63478	4.053069000163	-26.520837783813
3	63491	4.0539987774	-26.378629684448
3	63498	4.054073637581	-19.852529525757
3	63505	4.055018120075	-24.46138381958
3	63509	4.055051861603	-24.307147979736
3	63522	4.056021563069	-33.655868530273
3	63526	4.05608734561	-25.127613067627
3	63536	4.056984537615	-32.579795837402
3	63540	4.057133173108	-23.466602325439
3	63553	4.058007106553	-33.280452728271
3	63557	4.058169840113	-19.217714309692
3	63570	4.058976201094	-31.205236434937
3	63574	4.059212358968	-29.976278305054
3	63587	4.059982934091	-25.291845321655
3	63591	4.060208971881	-30.806118011475
3	63601	4.061005931688	-28.42995262146
3	63605	4.061245042612	-23.263614654541
3	63618	4.061992020545	-21.542123794556
3	63622	4.062280905599	-33.284362792969
3	63629	4.063041563581	-33.080875396729
3	63636	4.063284134463	-26.716705322266
3	63649	4.06399797238	-22.160488128662
3	63653	4.064274591554	-25.12574005127
3	63660	4.064958202022	-26.22875213623
3	63667	4.065250289617	-31.564874649048
3	63680	4.06595690026	-28.653676986694
3	63684	4.06627383109	-12.60263633728
3	63694	4.066976335688	-17.907653808594
3	63698	4.067229696837	-26.529373168945
3	63711	4.067971811279	-25.996795654297
3	63715	4.06827402002	-27.92734336853
3	63725	4.068947911577	-25.162322998047
3	63729	4.069262835037	-26.484659194946
3	63742	4.069917447045	-27.394762039185
3	63746	4.070291671951	-31.641183853149
3	63753	4.070906676983	-26.559633255005
3	63760	4.071327051337	-24.53441619873
3	63770	4.071908268205	-24.910181045532
3	63777	4.072330397273	-24.012628555298
3	63784	4.072910503737	-24.265096664429
3	63791	4.073346950949	-22.155561447144
3	63801	4.073903037315	-26.755519866943
3	63808	4.074379795099	-9.7948894500732
3	63818	4.074875262213	-25.874523162842
3	63822	4.075387673108	-15.883604049683
3	63832	4.075850045276	-26.07691192627
3	63839	4.076411931246	-19.488883972168
3	63849	4.076869666308	-26.739393234253
3	63856	4.077430908174	-14.87601852417
3	63866	4.077908086435	-29.347816467285
3	63870	4.07845989299	-26.385223388672
3	63880	4.078869134267	-18.771661758423
3	63890	4.079453223936	-19.72642326355
3	63897	4.079859070192	-20.094392776489
3	63904	4.080433809594	-19.064813613892
3	63911	4.080820396509	-16.302677154541
3	63921	4.081412521289	-21.090368270874
3	63925	4.081800468346	-29.822397232056
3	63935	4.082390419172	-29.836116790771
3	63942	4.082799119937	-19.077672958374
3	63952	4.083422673729	-21.886938095093
3	63959	4.083823391748	-26.515142440796
3	63966	4.08437818949	-35.656242370605
3	63970	4.084777982839	-16.468770980835
3	63983	4.085402493421	-25.469633102417
3	63990	4.085811952151	-22.187173843384
3	63997	4.086366791342	-13.202178955078
3	64001	4.08684959715	-18.776378631592
3	64014	4.087409639862	-29.102966308594
3	64021	4.087854158655	-15.671904563904
3	64028	4.088429149995	-22.23916053772
3	64032	4.088889328586	-30.439382553101
3	64048	4.089435493587	-15.628547668457
3	64052	4.089866095235	-20.050088882446
3	64059	4.090392076997	-20.55061340332
3	64063	4.09085794542	-17.14008140564
3	64076	4.09134860236	-17.120115280151
3	64083	4.091880490378	-35.417942047119
3	64087	4.09230570927	-24.141620635986
3	64094	4.09292633497	-33.191989898682
3	64107	4.093341808456	-12.272760391235
3	64114	4.093942571674	-23.251132965088
3	64121	4.094349675012	-29.910215377808
3	64125	4.094974371468	-18.424510955811
3	64141	4.095385747621	-14.497223854065
3	64145	4.095984565412	-21.648258209229
3	64152	4.096407690885	-28.159515380859
3	64156	4.097014107111	-18.737707138062
3	64169	4.097374621633	-27.470952987671
3	64176	4.098003902324	-29.143304824829
3	64183	4.098374602113	-41.35860824585
3	64187	4.099052383821	-17.67212677002
3	64203	4.099384709407	-23.383571624756
3	64210	4.100017322382	-21.881776809692
3	64214	4.100352920307	-28.46703338623
3	64221	4.10098573119	-15.249532699585
3	64228	4.101385432152	-15.907479286194
3	64241	4.102013653906	-32.748252868652
3	64248	4.102362408358	-25.148822784424
3	64252	4.10300694934	-23.211080551147
3	64259	4.103388522443	-31.436504364014
3	64272	4.104048309562	-12.537755966187
3	64279	4.104389815477	-17.81245803833
3	64286	4.105025806918	-25.98176574707
3	64290	4.105369037679	-25.061964035034
3	64303	4.106010858836	-38.032070159912
3	64307	4.106338040905	-28.912641525269
3	64317	4.106985404558	-37.504558563232
3	64321	4.10734390327	-21.557891845703
3	64334	4.108011051649	-27.671371459961
3	64341	4.108310486206	-35.184219360352
3	64348	4.109036642603	-27.879198074341
3	64352	4.109349523113	-28.448720932007
3	64365	4.109992456583	-25.782274246216
3	64372	4.110334901876	-27.899394989014
3	64376	4.110968328439	-21.738246917725
3	64383	4.111380928462	-19.405317306519
3	64396	4.111992064348	-16.248954772949
3	64403	4.112414242304	-22.692876815796
3	64407	4.112989693305	-29.716138839722
3	64414	4.113440539536	-20.932327270508
3	64427	4.113960323084	-20.930639266968
3	64434	4.114469384995	-25.244575500488
3	64438	4.114983818989	-26.199703216553
3	64448	4.115508592253	-27.27293586731
3	64458	4.115989707569	-27.092205047607
3	64465	4.11655540454	-28.460666656494
3	64472	4.116980853516	-18.215505599976
3	64479	4.117604278162	-21.040756225586
3	64489	4.118008924929	-23.971170425415
3	64496	4.118596480573	-19.41851234436
3	64506	4.119001308015	-24.987874984741
3	64516	4.119642134383	-25.005937576294
3	64520	4.119991029281	-22.349536895752
3	64530	4.120684254355	-27.946220397949
3	64534	4.12099213044	-30.387596130371
3	64547	4.121637317462	-28.415069580078
3	64551	4.121950643486	-25.226356506348
3	64561	4.122655523673	-27.451545715332
3	64565	4.122981342196	-22.438650131226
3	64578	4.123651551037	-30.980522155762
3	64585	4.12397489523	-24.65576171875
3	64592	4.124629229147	-30.005605697632
3	64596	4.125006504518	-18.015697479248
3	64609	4.125675326664	-20.827863693237
3	64619	4.125990224924	-27.869384765625
3	64623	4.126666602924	-33.499828338623
3	64627	4.12695225665	-39.63440322876
3	64640	4.127713345747	-36.693271636963
3	64647	4.127908931026	-22.023553848267
3	64654	4.128676909898	-12.405535697937
3	64658	4.128926706112	-25.344387054443
3	64671	4.129631752318	-28.891426086426
3	64678	4.129903813647	-24.572065353394
3	64685	4.130619886312	-26.26268196106
3	64689	4.130945092851	-29.269254684448
3	64702	4.13166597487	-29.122924804688
3	64709	4.131992306011	-28.898103713989
3	64716	4.13261773743	-27.433481216431
3	64720	4.132999752802	-31.05383682251
3	64733	4.13364539643	-30.601593017578
3	64737	4.13399755186	-23.26806640625
3	64747	4.134620373162	-20.504594802856
3	64751	4.135042929971	-22.695596694946
3	64764	4.135645490688	-29.748998641968
3	64768	4.136018471787	-25.100921630859
3	64778	4.136668937811	-28.74605178833
3	64782	4.136999615636	-27.829210281372
3	64795	4.137661788728	-29.170970916748
3	64799	4.137988837313	-19.171003341675
3	64809	4.138660201081	-19.010425567627
3	64813	4.138971744545	-39.828006744385
3	64829	4.139664019094	-30.119146347046
3	64836	4.13995566472	-22.850757598877
3	64843	4.140694138628	-24.136426925659
3	64847	4.140943168915	-27.193799972534
3	64860	4.14171171264	-33.249942779541
3	64867	4.141915398255	-26.615453720093
3	64874	4.142733026267	-42.983249664307
3	64878	4.14291985669	-20.287633895874
3	64891	4.143735112928	-8.3694095611572
3	64898	4.143932334955	-18.009830474854
3	64905	4.14476221374	-25.719053268433
3	64909	4.144975756805	-29.782243728638
3	64925	4.145745112592	-12.246042251587
3	64929	4.145938769067	-28.211200714111
3	64936	4.146778033527	-21.229259490967
3	64940	4.146936981576	-22.350423812866
3	64956	4.147748072225	-20.839862823486
3	64960	4.147929264086	-21.063371658325
3	64967	4.148794959558	-31.657299041748
3	64971	4.14897686824	-9.7556781768799
3	64987	4.149824781681	-26.38355255127
3	64991	4.14992920864	-19.153999328613
3	64998	4.150871970116	-31.675443649292
3	65002	4.150920843044	-18.80064201355
3	65018	4.151866001257	-21.848213195801
3	65022	4.151889858608	-33.373809814453
3	65029	4.15287186691	-22.022825241089
3	65033	4.152915001455	-29.215913772583
3	65049	4.153893133464	-14.544011116028
3	65053	4.153955355184	-20.636014938354
3	65060	4.154862572108	-23.905941009521
3	65067	4.154995135334	-33.664474487305
3	65077	4.155897876638	-22.35106086731
3	65084	4.155965470153	-25.113052368164
3	65091	4.156872497554	-25.485595703125
3	65098	4.157007229056	-32.120876312256
3	65108	4.157845516521	-21.291971206665
3	65112	4.158008445152	-15.371625900269
3	65128	4.158865563005	-23.864002227783
3	65132	4.15900147575	-22.731840133667
3	65142	4.159863481204	-26.800180435181
3	65146	4.159955258764	-26.12255859375
3	65159	4.160875365087	-20.547050476074
3	65163	4.160907238694	-37.962856292725
3	65173	4.161895571675	-29.569366455078
3	65177	4.161896704561	-26.025121688843
3	65190	4.162863891618	-26.174989700317
3	65194	4.16290172623	-20.472776412964
3	65204	4.163853332753	-12.376515388489
3	65208	4.163858004218	-25.854022979736
3	65218	4.164828265435	-14.656266212463
3	65222	4.164852632449	-34.421039581299
3	65235	4.165785683567	-22.317670822144
3	65239	4.165872793748	-26.210643768311
3	65249	4.166755921829	-27.925714492798
3	65253	4.166854070778	-16.377754211426
3	65266	4.167794755046	-27.310380935669
3	65270	4.16789593322	-26.88423538208
3	65280	4.168761441599	-20.762174606323
3	65284	4.168940164576	-19.637769699097
3	65297	4.169741268669	-28.667516708374
3	65301	4.169911183477	-24.446851730347
3	65311	4.170700980199	-26.990434646606
3	65315	4.170870109469	-29.054628372192
3	65328	4.171658769541	-35.147129058838
3	65332	4.171872875102	-28.987150192261
3	65342	4.172665690527	-29.082090377808
3	65346	4.172872205369	-26.266569137573
3	65359	4.173662209766	-27.42479133606
3	65363	4.173868552224	-23.838340759277
3	65373	4.174703237965	-29.363082885742
3	65377	4.17486467001	-23.156530380249
3	65390	4.175673444021	-22.702461242676
3	65394	4.175870330419	-33.621566772461
3	65404	4.176651768468	-33.460372924805
3	65408	4.176827859223	-26.201742172241
3	65421	4.177648933376	-27.014680862427
3	65425	4.177851598635	-19.094778060913
3	65435	4.178674098082	-27.037559509277
3	65439	4.178853983148	-20.009948730469
3	65455	4.179642821036	-18.942070007324
3	65459	4.179808057913	-18.474996566772
3	65469	4.180656430072	-27.792364120483
3	65473	4.18076060609	-31.310014724731
3	65486	4.181662511639	-35.664447784424
3	65493	4.181803474065	-35.567733764648
3	65500	4.182644943699	-31.406101226807
3	65504	4.182759081474	-33.209945678711
3	65517	4.183660942605	-29.931900024414
3	65524	4.183795503611	-17.997108459473
3	65531	4.184683240947	-37.044902801514
3	65535	4.184750782304	-19.409854888916
3	65548	4.185703179086	-22.741592407227
3	65552	4.185751746007	-31.361602783203
3	65562	4.186748911009	-29.642845153809
3	65566	4.186782850612	-35.525089263916
3	65579	4.187758933578	-27.531866073608
3	65583	4.187822282044	-27.967958450317
3	65593	4.188750392576	-25.409294128418
3	65597	4.188818133653	-23.213087081909
3	65607	4.189789858155	-27.118520736694
3	65611	4.189795367999	-25.433599472046
3	65624	4.190760218635	-19.991041183472
3	65628	4.190779793826	-25.28145980835
3	65638	4.191755386203	-32.623847961426
3	65642	4.191791411036	-23.246208190918
3	65655	4.192756402363	-21.900316238403
3	65659	4.192764664068	-29.978464126587
3	65669	4.193745018695	-30.324295043945
3	65676	4.193794642155	-25.343271255493
3	65686	4.194750747793	-25.727397918701
3	65690	4.194763718261	-38.281673431396
3	65700	4.195769052379	-19.665117263794
3	65707	4.195784812445	-29.538551330566
3	65717	4.196743339252	-27.028490066528
3	65721	4.196814791587	-30.355932235718
3	65734	4.197780394443	-23.416881561279
3	65738	4.197792302488	-30.41801071167
3	65748	4.198742845841	-23.14813041687
3	65752	4.198771408715	-24.966514587402
3	65768	4.199783410933	-15.026968002319
3	65775	4.199811790447	-31.556024551392
3	65782	4.200812160269	-31.228450775146
3	65786	4.200851745008	-24.20258140564
3	65799	4.201767285911	-30.90424156189
3	65803	4.201847893597	-30.168081283569
3	65813	4.202815627078	-16.051013946533
3	65817	4.202868365838	-26.723760604858
3	65830	4.203827433525	-22.050704956055
3	65834	4.203879867446	-32.291122436523
3	65844	4.204853643385	-31.657609939575
3	65848	4.204888831623	-19.455423355103
3	65861	4.20585084668	-31.163070678711
3	65865	4.205894160481	-26.860021591187
3	65875	4.206824322007	-32.974533081055
3	65879	4.206845899398	-28.902751922607
3	65892	4.207805564122	-20.505973815918
3	65896	4.207827970967	-36.822975158691
3	65906	4.208822184772	-28.921062469482
3	65910	4.208823300573	-24.789960861206
3	65923	4.209777837198	-27.0764503479
3	65927	4.209814996178	-33.953159332275
3	65937	4.21077843156	-26.318700790405
3	65941	4.210860023953	-13.288217544556
3	65957	4.211814037504	-18.166084289551
3	65961	4.211883993038	-28.417707443237
3	65968	4.212791961305	-19.931890487671
3	65972	4.212890890137	-14.651000022888
3	65985	4.213767422948	-25.43159866333
3	65989	4.213843001103	-31.926040649414
3	65999	4.21476637967	-22.245830535889
3	66003	4.214802911586	-32.475666046143
3	66016	4.215799968257	-25.93599319458
3	66020	4.215804701768	-16.32728767395
3	66030	4.216771600273	-22.541152954102
3	66034	4.216789517696	-38.228572845459
3	66047	4.217723521412	-30.497217178345
3	66051	4.217823020255	-22.727787017822
3	66061	4.218746435473	-32.236381530762
3	66065	4.21883575204	-20.298593521118
3	66081	4.219756053806	-24.704454421997
3	66085	4.219852491089	-18.916807174683
3	66095	4.220714001227	-15.229430198669
3	66099	4.220877633472	-13.697653770447
3	66109	4.22171009822	-22.389015197754
3	66116	4.221849986943	-39.055652618408
3	66126	4.222664212181	-28.670288085938
3	66130	4.22288127988	-22.398616790771
3	66140	4.223634759463	-27.159013748169
3	66150	4.22386994522	-25.136978149414
3	66157	4.22464321049	-27.514963150024
3	66161	4.224851183358	-26.409999847412
3	66171	4.225597109325	-18.307437896729
3	66178	4.225824296476	-15.951335906982
3	66188	4.226605054447	-10.854012489319
3	66192	4.226779324328	-30.755306243896
3	66202	4.227569146733	-27.662746429443
3	66209	4.227777478143	-30.774866104126
3	66219	4.22859084253	-32.94038772583
3	66226	4.228786151491	-18.24486541748
3	66233	4.229575960526	-16.46587562561
3	66243	4.229800760176	-20.174865722656
3	66250	4.230616689476	-23.093706130981
3	66257	4.230756696698	-24.504365921021
3	66267	4.231662284969	-22.294305801392
3	66274	4.231788500628	-21.529951095581
3	66284	4.232647003457	-24.215606689453
3	66288	4.232834043804	-23.500675201416
3	66298	4.233663872288	-30.284664154053
3	66302	4.233848361486	-31.678531646729
3	66315	4.234660926961	-23.273513793945
3	66319	4.234897230983	-27.651390075684
3	66329	4.235689792304	-37.678874969482
3	66336	4.235913747731	-22.573873519897
3	66346	4.236642216942	-38.502418518066
3	66350	4.236890125043	-20.77702331543
3	66363	4.237658812045	-29.215829849243
3	66367	4.23785506028	-30.547225952148
3	66380	4.238637620217	-25.576002120972
3	66387	4.23887262039	-15.831437110901
3	66397	4.239662697791	-26.629856109619
3	66401	4.239823918837	-23.834001541138
3	66408	4.240692197517	-17.152908325195
3	66418	4.240841920917	-24.421285629272
3	66425	4.241684937176	-26.433746337891
3	66432	4.241821047688	-35.789852142334
3	66442	4.242685289689	-25.037342071533
3	66446	4.242795694108	-27.196950912476
3	66459	4.243716700848	-28.627674102783
3	66463	4.243785647131	-27.08482170105
3	66470	4.244724619115	-20.839492797852
3	66477	4.244765005224	-33.400905609131
3	66487	4.245747913941	-39.797214508057
3	66491	4.245748892455	-24.563415527344
3	66507	4.246733475543	-22.197389602661
3	66511	4.2467672551	-33.433967590332
3	66518	4.247691641489	-37.687282562256
3	66522	4.24775564285	-20.117609024048
3	66538	4.248715041829	-39.644989013672
3	66542	4.248785783564	-35.01293182373
3	66549	4.249729350106	-27.18173789978
3	66553	4.249765466147	-24.650531768799
3	66568	4.250729023948	-17.61142539978
3	66575	4.250798641522	-33.930408477783
3	66582	4.251690107565	-28.853895187378
3	66586	4.251760820431	-20.435405731201
3	66599	4.252674606009	-22.103637695312
3	66603	4.252802795397	-33.478282928467
3	66613	4.253703382492	-17.031997680664
3	66617	4.253818364278	-20.565042495728
3	66630	4.254693009303	-25.860261917114
3	66637	4.254835673295	-30.260219573975
3	66644	4.255693993649	-23.880270004272
3	66648	4.25586818657	-25.372745513916
3	66661	4.256727070458	-19.355953216553
3	66665	4.256839352544	-22.707485198975
3	66675	4.257714970781	-8.1392803192139
3	66679	4.257825539052	-18.98787689209
3	66689	4.25869983849	-28.212232589722
3	66699	4.258779188654	-31.161460876465
3	66709	4.259743185632	-22.247009277344
3	66713	4.259808532626	-19.036287307739
3	66726	4.260755934752	-24.349332809448
3	66730	4.260806757338	-22.063020706177
3	66740	4.261771142922	-26.83087348938
3	66744	4.261845955437	-25.455965042114
3	66757	4.262736825948	-27.396953582764
3	66761	4.262821657635	-23.194250106812
3	66768	4.263770455503	-28.958299636841
3	66775	4.26384783383	-28.944734573364
3	66788	4.264799072217	-36.641540527344
3	66792	4.264800161751	-21.327842712402
3	66799	4.2657710786	-27.668649673462
3	66803	4.265772317193	-20.887567520142
3	66819	4.266767402548	-23.529300689697
3	66823	4.266791892908	-21.908166885376
3	66833	4.267762887849	-23.319301605225
3	66837	4.267782661874	-22.47548866272
3	66850	4.268783585953	-32.421714782715
3	66854	4.268794378165	-22.231662750244
3	66864	4.269760122311	-20.261512756348
3	66868	4.269806658992	-29.492961883545
3	66881	4.270756729985	-20.419452667236
3	66885	4.270780797315	-31.250175476074
3	66892	4.271712060456	-18.66121673584
3	66899	4.271806485835	-28.618547439575
3	66909	4.272708368366	-16.932371139526
3	66916	4.272760686604	-29.599008560181
3	66923	4.27371573953	-36.148380279541
3	66927	4.273741441515	-18.55615234375
3	66943	4.274700320746	-18.694664001465
3	66947	4.274761196908	-12.119054794312
3	66954	4.275704086737	-30.070514678955
3	66958	4.275717880533	-19.393981933594
3	66974	4.276726557638	-23.880876541138
3	66978	4.27676190789	-30.365081787109
3	66985	4.277730596549	-15.701613426208
3	66989	4.27777905915	-21.051343917847
3	67008	4.278737460406	-11.30498790741
3	67012	4.278806344048	-26.165988922119
3	67022	4.279768613567	-11.633546829224
3	67026	4.279823208752	-25.232578277588
3	67039	4.280736652066	-30.137132644653
3	67043	4.280815348205	-17.774719238281
3	67053	4.281777584674	-23.655994415283
3	67057	4.281803236436	-24.066558837891
3	67067	4.282772760778	-10.780016899109
3	67074	4.282829705109	-17.807344436646
3	67084	4.283744776239	-24.023128509521
3	67088	4.283800421897	-33.416408538818
3	67101	4.284763498864	-33.435207366943
3	67105	4.284791162073	-16.46039390564
3	67115	4.285813322769	-21.513208389282
3	67119	4.285840440701	-24.108312606812
3	67132	4.286790819453	-23.785112380981
3	67136	4.286821681879	-25.45955657959
3	67146	4.287822136176	-8.9076910018921
3	67150	4.287852149801	-20.918699264526
3	67160	4.28881313315	-24.506103515625
3	67164	4.28884372267	-20.161710739136
3	67177	4.289827147801	-27.813203811646
3	67181	4.289860888298	-19.937305450439
3	67194	4.290843511261	-14.470439910889
3	67198	4.29084746465	-28.140554428101
3	67208	4.291794444665	-26.505271911621
3	67212	4.291816632183	-26.414123535156
3	67225	4.292813693202	-26.131025314331
3	67229	4.292851491162	-17.748403549194
3	67239	4.293808979892	-16.732931137085
3	67243	4.293857990436	-25.442398071289
3	67253	4.294763600677	-33.219505310059
3	67260	4.294904322102	-29.551574707031
3	67270	4.295763022101	-23.803461074829
3	67274	4.295869740129	-29.569305419922
3	67284	4.296800479198	-22.976535797119
3	67288	4.296855665559	-21.626007080078
3	67301	4.297830184151	-18.449777603149
3	67305	4.297878502831	-19.552555084229
3	67315	4.298799785929	-15.339949607849
3	67319	4.298849466501	-34.57564163208
3	67335	4.299772174031	-21.819620132446
3	67339	4.299840936199	-22.672201156616
3	67349	4.300793872719	-19.126560211182
3	67353	4.300800793227	-29.586854934692
3	67366	4.301755074448	-20.802328109741
3	67370	4.301782260192	-27.289415359497
3	67383	4.302740221609	-15.228805541992
3	67387	4.302771417778	-20.927124023438
3	67397	4.303732471673	-30.434272766113
3	67401	4.303794402258	-19.338659286499
3	67414	4.304710945025	-26.607713699341
3	67418	4.30481392689	-26.22145652771
3	67428	4.305713933338	-36.864669799805
3	67432	4.305824648085	-23.043447494507
3	67445	4.306702124442	-19.459733963013
3	67449	4.306792492392	-27.55126953125
3	67459	4.307661192427	-28.873458862305
3	67463	4.307835691192	-25.934303283691
3	67476	4.308654967847	-36.222820281982
3	67480	4.308848830421	-27.532043457031
3	67490	4.309621513966	-29.908029556274
3	67494	4.309844169841	-30.768405914307
3	67507	4.310651347442	-19.299736022949
3	67514	4.310847720451	-20.614519119263
3	67521	4.311659319016	-16.196710586548
3	67525	4.311822411719	-24.984600067139
3	67538	4.312680269886	-28.086175918579
3	67545	4.312804205541	-27.554914474487
3	67552	4.313648092065	-23.783109664917
3	67559	4.313797621564	-25.011013031006
3	67569	4.314607181933	-23.045534133911
3	67576	4.314844737051	-23.753427505493
3	67583	4.315603912586	-31.380645751953
3	67596	4.315885067368	-23.697196960449
3	67603	4.31662856258	-17.87610244751
3	67607	4.316881416092	-37.895244598389
3	67617	4.317675568338	-28.142248153687
3	67621	4.317909301247	-15.663606643677
3	67637	4.318684300547	-27.970952987671
3	67641	4.318945505643	-20.684631347656
3	67648	4.319634380233	-27.468305587769
3	67658	4.319942079318	-34.251731872559
3	67668	4.320672019691	-15.116819381714
3	67672	4.320941760237	-22.640508651733
3	67679	4.32169047618	-16.139802932739
3	67686	4.321931954213	-21.713712692261
3	67699	4.322728938807	-18.001043319702
3	67703	4.322957095894	-32.241523742676
3	67713	4.323773316693	-27.656127929688
3	67717	4.32396441128	-19.304759979248
3	67730	4.324727300038	-28.388105392456
3	67734	4.324942727842	-19.375442504883
3	67744	4.32571821496	-20.058134078979
3	67748	4.32592106307	-26.641893386841
3	67761	4.326718931753	-24.005613327026
3	67765	4.326896423336	-23.377195358276
3	67775	4.327753223808	-21.413131713867
3	67779	4.327889725378	-26.741756439209
3	67792	4.328770678842	-21.477861404419
3	67796	4.328840663035	-16.89200592041
3	67806	4.329751253198	-28.578184127808
3	67810	4.329869423873	-24.73650932312
3	67823	4.330770597812	-24.820762634277
3	67827	4.330858932038	-12.47340965271
3	67837	4.331721064023	-17.891645431519
3	67841	4.331891248135	-29.624738693237
3	67854	4.332730020019	-19.715084075928
3	67858	4.33286396706	-27.046710968018
3	67868	4.333729529831	-31.241586685181
3	67872	4.333869741444	-26.156099319458
3	67885	4.334735646676	-20.441148757935
3	67892	4.334853713225	-26.615592956543
3	67896	4.335708010578	-25.908744812012
3	67903	4.335849738264	-19.347801208496
3	67919	4.336673593546	-17.622467041016
3	67923	4.33685200029	-26.422632217407
3	67930	4.337673991291	-25.178630828857
3	67934	4.337817575811	-12.572162628174
3	67947	4.338638323867	-15.559899330139
3	67957	4.338805782475	-28.30965423584
3	67964	4.339620091526	-15.886172294617
3	67968	4.33981789579	-22.744520187378
3	67978	4.340623600661	-16.094400405884
3	67985	4.340784909323	-26.322582244873
3	67995	4.341619770411	-24.19718170166
3	67999	4.341773479163	-19.9482421875
3	68012	4.342590734651	-23.821281433105
3	68016	4.34279494687	-22.809490203857
3	68023	4.343542483145	-21.76838684082
3	68030	4.343840672334	-19.33025932312
3	68043	4.34452156644	-21.525508880615
3	68047	4.344795291134	-17.240905761719
3	68057	4.345512021107	-12.398397445679
3	68061	4.34579134774	-16.37886428833
3	68074	4.346523235789	-23.749933242798
3	68078	4.346825654311	-22.420963287354
3	68088	4.347562232159	-23.416311264038
3	68092	4.347806037833	-25.114841461182
3	68105	4.348578416336	-23.715942382812
3	68109	4.34879249761	-22.726263046265
3	68119	4.349575349181	-15.408603668213
3	68123	4.349749102597	-24.525848388672
3	68136	4.350590516397	-19.473371505737
3	68140	4.350780722454	-15.911436080933
3	68147	4.351606039267	-33.047550201416
3	68154	4.351761654266	-24.239484786987
3	68167	4.35263366757	-32.649669647217
3	68171	4.352778042921	-25.624401092529
3	68181	4.353652803345	-28.304698944092
3	68185	4.353826326362	-29.589275360107
3	68198	4.354633260764	-30.94068145752
3	68202	4.354858573099	-16.842697143555
3	68212	4.355680177789	-35.768714904785
3	68216	4.355893358565	-27.137254714966
3	68229	4.356685681941	-23.954833984375
3	68233	4.356910665434	-29.144950866699
3	68243	4.357655210535	-15.954154968262
3	68250	4.357908442422	-23.598762512207
3	68263	4.358633866021	-30.346086502075
3	68267	4.358919951608	-23.468669891357
3	68274	4.359597986149	-32.059566497803
3	68281	4.359928854011	-33.730983734131
3	68294	4.360555339183	-35.210990905762
3	68298	4.360940052525	-32.040058135986
3	68305	4.361601780222	-28.041635513306
3	68315	4.361984036535	-34.948780059814
3	68325	4.362555952067	-24.267690658569
3	68332	4.363003489451	-28.108228683472
3	68336	4.363558087593	-22.169107437134
3	68346	4.363988678559	-23.428628921509
3	68356	4.364563707644	-30.746868133545
3	68360	4.365025698811	-26.093664169312
3	68373	4.365567121802	-19.354549407959
3	68377	4.36607369035	-26.663400650024
3	68387	4.366569842487	-27.462598800659
3	68391	4.367118275528	-22.744853973389
3	68404	4.367587738768	-26.051750183105
3	68408	4.368071602711	-25.820121765137
3	68418	4.368561379572	-29.690830230713
3	68422	4.369060810864	-26.366649627686
3	68435	4.369585533522	-29.972316741943
3	68442	4.370066813476	-28.055341720581
3	68449	4.370572007212	-28.62423324585
3	68453	4.371075056297	-23.518705368042
3	68463	4.371539269966	-31.047542572021
3	68473	4.372069656408	-27.588893890381
3	68480	4.372492601547	-19.073251724243
3	68487	4.373116167189	-30.728731155396
3	68497	4.373442778696	-32.330963134766
3	68504	4.374107860827	-35.623874664307
3	68511	4.374433303864	-17.742664337158
3	68518	4.375092969446	-15.559872627258
3	68522	4.375433453354	-23.762132644653
3	68535	4.3761266404	-22.772226333618
3	68542	4.376442913797	-16.487817764282
3	68549	4.377108354913	-25.753675460815
3	68556	4.377409329846	-30.499742507935
3	68572	4.378124138719	-29.728092193604
3	68576	4.378387272477	-31.962282180786
3	68583	4.379086495133	-14.883394241333
3	68593	4.379406207709	-24.333780288696
3	68600	4.380064484416	-26.54895401001
3	68607	4.380409276058	-14.027201652527
3	68611	4.381016452951	-27.038488388062
3	68624	4.381409688509	-27.213031768799
3	68631	4.381986819587	-12.228410720825
3	68638	4.382452826221	-33.324592590332
3	68642	4.383000686711	-32.259075164795
3	68655	4.383490738923	-25.834005355835
3	68662	4.384022928288	-30.34867477417
3	68669	4.384478688811	-31.096307754517
3	68673	4.384974316741	-32.226570129395
3	68686	4.385440389252	-26.086240768433
3	68696	4.385927320041	-20.651498794556
3	68700	4.386465758345	-19.707067489624
3	68710	4.386974474792	-32.633224487305
3	68717	4.387445170642	-25.815673828125
3	68727	4.38799655849	-22.353481292725
3	68731	4.388435703072	-33.545272827148
3	68741	4.38901518981	-17.71900177002
3	68748	4.389424707633	-14.447419166565
3	68758	4.390009224782	-21.541206359863
3	68762	4.390451019739	-15.885827064514
3	68772	4.391044067576	-22.559448242188
3	68779	4.391411824436	-29.110130310059
3	68789	4.392014624653	-30.354475021362
3	68793	4.392387064126	-34.251247406006
3	68803	4.393017438818	-27.373977661133
3	68810	4.393362182319	-22.918870925903
3	68820	4.394044855922	-27.138326644897
3	68824	4.394401178675	-27.005605697632
3	68834	4.395019624711	-35.004169464111
3	68838	4.395355819626	-36.484683990479
3	68851	4.39604149091	-29.146062850952
3	68855	4.396358616973	-29.389102935791
3	68862	4.397054119357	-24.543407440186
3	68869	4.397332667327	-28.416332244873
3	68885	4.398024101317	-30.203441619873
3	68889	4.39834198727	-24.509059906006
3	68899	4.399035175351	-25.99423789978
3	68903	4.399329652873	-20.443483352661
3	68916	4.400083394915	-12.630182266235
3	68920	4.400322353573	-36.553081512451
3	68927	4.401105461994	-24.580093383789
3	68934	4.401337503352	-17.135431289673
3	68947	4.402094128711	-25.855628967285
3	68951	4.402317412175	-17.959411621094
3	68955	4.403133061982	-32.287761688232
3	68965	4.403353740584	-32.098110198975
3	68978	4.404164787289	-26.134115219116
3	68982	4.404324825676	-24.954532623291
3	68992	4.40520026934	-22.807353973389
3	68999	4.405333253891	-24.185617446899
3	69009	4.406243131585	-31.17561340332
3	69013	4.406350026193	-28.238708496094
3	69023	4.407248515291	-26.930450439453
3	69027	4.407302143864	-29.32201385498
3	69040	4.40826231322	-21.609842300415
3	69044	4.40827491649	-25.25756072998
3	69054	4.409303952361	-32.903270721436
3	69058	4.409304075212	-26.332153320312
3	69071	4.410290299932	-21.687898635864
3	69075	4.410339642384	-32.127819061279
3	69082	4.411311797721	-35.476581573486
3	69092	4.411377519705	-23.393955230713
3	69102	4.412330513008	-20.62843132019
3	69106	4.412373282464	-27.997425079346
3	69113	4.413310174198	-17.80770111084
3	69123	4.413395904035	-30.982292175293
3	69133	4.41433661556	-24.349472045898
3	69137	4.414443024645	-24.222434997559
3	69150	4.415362725866	-20.436603546143
3	69154	4.415422643851	-31.708637237549
3	69164	4.416345460418	-32.54626083374
3	69168	4.416429187601	-24.579378128052
3	69175	4.417305664072	-31.063413619995
3	69179	4.417390505981	-19.436012268066
3	69198	4.41826650444	-21.01690864563
3	69202	4.418389210832	-28.217275619507
3	69212	4.41930754662	-13.388813018799
3	69216	4.419368965163	-25.395568847656
3	69229	4.420271837224	-27.141777038574
3	69233	4.420387027117	-21.305221557617
3	69240	4.421260034127	-17.022605895996
3	69247	4.421403103422	-29.875541687012
3	69260	4.422269710896	-22.705942153931
3	69264	4.422386339107	-26.772933959961
3	69274	4.423257262582	-24.120294570923
3	69278	4.423392397981	-20.4534034729
3	69291	4.424293007911	-20.567691802979
3	69295	4.42443342311	-26.424974441528
3	69305	4.425336584896	-18.468946456909
3	69309	4.425462918328	-24.916286468506
3	69322	4.426298700558	-29.588832855225
3	69326	4.426473171423	-33.315242767334
3	69333	4.427326673308	-16.362997055054
3	69337	4.427446275602	-31.580833435059
3	69353	4.428304516787	-18.318983078003
3	69357	4.42843844448	-25.58749961853
3	69367	4.429314655097	-30.761400222778
3	69371	4.429442073619	-24.02823638916
3	69384	4.430343222502	-26.913143157959
3	69388	4.430448475702	-25.028232574463
3	69398	4.431359634414	-25.958734512329
3	69402	4.431434471057	-27.062362670898
3	69415	4.432347833226	-19.871391296387
3	69419	4.432428785264	-18.488052368164
3	69429	4.4333033991	-30.272254943848
3	69436	4.433416670951	-16.656618118286
3	69446	4.434352931987	-32.128700256348
3	69450	4.434415948801	-37.009479522705
3	69463	4.435345174893	-30.297401428223
3	69467	4.435420537837	-34.24142074585
3	69477	4.436321750783	-22.591579437256
3	69481	4.436420760799	-28.471940994263
3	69491	4.437302954697	-39.811233520508
3	69495	4.437452766778	-31.522401809692
3	69511	4.438297726144	-32.59086227417
3	69515	4.438480675724	-26.01226234436
3	69525	4.439255482844	-26.720695495605
3	69529	4.439467208404	-18.12230682373
3	69542	4.440253704972	-34.58939743042
3	69546	4.440448009688	-28.165554046631
3	69556	4.441214408892	-24.650121688843
3	69560	4.441428262535	-26.767204284668
3	69573	4.442172623639	-27.546552658081
3	69577	4.442378922796	-22.100366592407
3	69587	4.443158383327	-38.851753234863
3	69591	4.443357681231	-26.669065475464
3	69604	4.444195398995	-26.11138343811
3	69608	4.444317017839	-22.930820465088
3	69618	4.44514911594	-33.392116546631
3	69622	4.445345067684	-17.685590744019
3	69635	4.446101993684	-24.165063858032
3	69639	4.446333190223	-21.818073272705
3	69649	4.44713743474	-31.737522125244
3	69653	4.447351624435	-23.249164581299
3	69666	4.44811395221	-23.519775390625
3	69670	4.448398126308	-24.970750808716
3	69677	4.449151115079	-20.725898742676
3	69684	4.449349071286	-13.501483917236
3	69697	4.450177214034	-32.831428527832
3	69701	4.450322855286	-36.234535217285
3	69708	4.451177203907	-28.978652954102
3	69712	4.45132136093	-29.77787399292
3	69725	4.452219879843	-21.301330566406
3	69729	4.452311724183	-18.371290206909
3	69739	4.453246151196	-24.022592544556
3	69743	4.453352167523	-24.38853263855
3	69756	4.454255973702	-32.06383895874
3	69763	4.454357955838	-25.325328826904
3	69770	4.455252671228	-19.408771514893
3	69777	4.455365197359	-15.387627601624
3	69790	4.456206365236	-11.58198261261
3	69794	4.456334376459	-29.030046463013
3	69801	4.457197364155	-21.691902160645
3	69805	4.457353279362	-34.75931930542
3	69821	4.458241077398	-18.951047897339
3	69828	4.458393553976	-11.875805854797
3	69835	4.459270585337	-16.706024169922
3	69839	4.459408569041	-22.017578125
3	69852	4.460253920586	-11.843159675598
3	69859	4.460453306331	-28.115646362305
3	69866	4.461209654973	-30.678455352783
3	69876	4.461500376315	-26.466669082642
3	69883	4.462251019559	-37.076736450195
3	69890	4.462480925841	-28.907926559448
3	69894	4.463242232376	-19.640832901001
3	69904	4.463458239427	-33.21452331543
3	69917	4.464288517343	-19.993747711182
3	69921	4.464495767133	-21.975364685059
3	69928	4.465247887704	-27.905096054077
3	69938	4.465509846448	-27.966239929199
3	69945	4.466206556212	-20.419799804688
3	69952	4.466470249175	-27.059143066406
3	69959	4.467224921538	-20.792594909668
3	69969	4.467456345192	-30.179141998291
3	69976	4.468196933689	-23.18155670166
3	69983	4.468484060929	-17.147459030151
3	69990	4.469221265785	-26.752517700195
3	70000	4.469480339876	-28.299039840698
3	70007	4.470227652018	-27.247701644897
3	70014	4.47050023429	-18.384508132935
3	70024	4.471210079356	-27.488187789917
3	70031	4.471537684152	-22.767023086548
3	70041	4.47225544992	-18.725290298462
3	70045	4.472495051336	-25.541913986206
3	70055	4.473214818513	-24.5062084198
3	70059	4.473542548725	-38.299201965332
3	70069	4.474192747007	-19.436227798462
3	70076	4.474555489754	-19.106628417969
3	70086	4.475231018995	-24.518775939941
3	70090	4.475562128147	-21.181295394897
3	70100	4.476185335875	-27.82318687439
3	70107	4.476599939392	-21.205039978027
3	70114	4.477144363073	-22.77943611145
3	70124	4.477629068511	-13.713996887207
3	70134	4.478144324471	-35.719562530518
3	70141	4.478594451469	-31.400909423828
3	70151	4.479161429805	-19.810367584229
3	70158	4.479616814606	-16.448547363281
3	70165	4.480151301597	-16.115713119507
3	70172	4.480636013313	-28.635669708252
3	70179	4.481129398922	-35.630519866943
3	70189	4.481676999518	-34.76293182373
3	70196	4.482112674137	-17.843141555786
3	70203	4.482658142827	-18.398422241211
3	70210	4.483143451244	-31.158037185669
3	70217	4.483619905063	-20.513723373413
3	70227	4.484149024272	-23.237199783325
3	70234	4.484638827868	-30.987375259399
3	70241	4.485178841009	-35.934112548828
3	70248	4.485591685672	-15.961346626282
3	70258	4.486221693125	-20.49507522583
3	70265	4.486558747832	-29.51277923584
3	70272	4.487253241943	-31.407995223999
3	70279	4.487605398017	-31.562410354614
3	70289	4.488222387376	-29.041759490967
3	70296	4.48859118659	-16.781856536865
3	70303	4.489229618916	-25.504989624023
3	70310	4.489549861604	-26.089618682861
3	70320	4.490199608698	-33.077568054199
3	70327	4.490510348603	-21.484943389893
3	70334	4.491211579965	-28.885715484619
3	70341	4.491503868454	-13.821653366089
3	70351	4.49216788303	-34.521049499512
3	70358	4.492481195797	-22.1787109375
3	70368	4.493217059542	-22.742092132568
3	70372	4.493509925461	-22.293329238892
3	70382	4.494170637503	-24.940050125122
3	70389	4.494513650688	-26.157846450806
3	70399	4.495146495755	-24.251010894775
3	70403	4.495465925323	-22.281303405762
3	70413	4.49615958405	-17.967454910278
3	70420	4.496503828419	-16.965286254883
3	70427	4.49717761935	-30.861282348633
3	70434	4.497519670527	-28.252624511719
3	70447	4.498198825145	-23.35173034668
3	70454	4.498550003821	-19.611204147339
3	70464	4.499241803608	-27.379480361938
3	70468	4.49951196131	-22.114164352417
3	70483	4.500218907218	-29.388465881348
3	70487	4.500470892193	-24.5677318573
3	70494	4.501211419545	-17.348470687866
3	70501	4.501441907899	-25.146253585815
3	70511	4.502216240862	-27.467596054077
3	70518	4.502472915207	-35.456352233887
3	70525	4.503167733911	-24.619617462158
3	70532	4.503480503843	-31.452081680298
3	70542	4.504169164603	-21.872539520264
3	70549	4.504479145349	-23.528491973877
3	70556	4.505186907788	-22.509845733643
3	70563	4.5054368086	-27.573362350464
3	70573	4.506167071566	-24.654497146606
3	70577	4.506392004943	-25.987375259399
3	70587	4.507195747459	-29.288980484009
3	70594	4.507352473649	-27.365615844727
3	70604	4.50824172947	-22.474086761475
3	70608	4.508397078726	-40.718479156494
3	70618	4.509244980871	-21.646587371826
3	70622	4.509356380142	-32.310791015625
3	70635	4.510248280117	-24.224222183228
3	70639	4.510311715861	-27.215818405151
3	70649	4.511225826628	-13.745994567871
3	70653	4.511276332544	-27.273477554321
3	70666	4.512237707817	-23.425840377808
3	70670	4.512309066676	-27.035490036011
3	70680	4.513228909578	-21.360345840454
3	70684	4.513327169213	-33.32315826416
3	70697	4.51424848953	-25.69740486145
3	70701	4.514345048206	-22.247701644897
3	70711	4.515249659823	-21.448877334595
3	70715	4.515306034892	-32.357288360596
3	70728	4.516210053774	-31.502584457397
3	70732	4.516273265887	-14.879267692566
3	70742	4.517195386247	-29.076837539673
3	70746	4.517252459503	-42.632167816162
3	70762	4.518155536406	-17.25456237793
3	70766	4.51824314203	-21.448371887207
3	70776	4.519113477095	-20.275901794434
3	70780	4.519233063254	-17.027114868164
3	70793	4.520095178151	-30.281856536865
3	70797	4.520211869193	-24.747051239014
3	70807	4.521085195182	-22.009950637817
3	70814	4.521256865982	-23.885019302368
3	70824	4.522071771929	-22.542007446289
3	70828	4.522271863214	-22.337734222412
3	70838	4.52303978139	-21.789190292358
3	70845	4.523232709856	-21.369375228882
3	70855	4.524060195063	-19.808406829834
3	70859	4.524278334757	-35.335289001465
3	70869	4.525041405829	-36.809112548828
3	70876	4.525289732805	-23.560981750488
3	70886	4.526022663126	-12.286554336548
3	70890	4.526253177683	-18.294870376587
3	70900	4.527008075137	-15.863518714905
3	70907	4.527268678635	-19.538961410522
3	70917	4.528030773033	-24.262498855591
3	70921	4.528305988655	-22.641014099121
3	70931	4.529031037771	-24.654947280884
3	70941	4.529327575404	-22.492992401123
3	70948	4.529996464842	-27.491374969482
3	70952	4.530310860607	-17.272796630859
3	70962	4.531031503722	-26.845720291138
3	70969	4.531303205761	-24.955118179321
3	70979	4.532081179578	-32.766063690186
3	70983	4.532282877919	-25.919727325439
3	70993	4.533085784551	-24.229810714722
3	70997	4.533285134671	-17.676885604858
3	71010	4.534125017897	-33.137477874756
3	71014	4.534312191683	-19.483318328857
3	71024	4.535099596614	-19.837688446045
3	71028	4.535349700202	-21.693809509277
3	71041	4.536096437665	-20.105867385864
3	71045	4.536308466985	-15.240928649902
3	71055	4.537071204951	-19.292516708374
3	71059	4.537337464429	-31.632804870605
3	71075	4.538101610307	-20.775594711304
3	71079	4.538322003361	-25.961893081665
3	71089	4.539111054399	-24.294731140137
3	71093	4.539352801941	-25.083738327026
3	71106	4.540127883768	-16.524425506592
3	71110	4.540305078953	-31.213459014893
3	71120	4.541166425211	-19.483461380005
3	71124	4.541341917615	-25.863859176636
3	71137	4.542151404337	-31.578271865845
3	71141	4.542370995103	-33.134449005127
3	71148	4.543122108205	-17.151582717896
3	71158	4.543409933641	-17.108875274658
3	71168	4.544072192245	-19.083164215088
3	71172	4.544409344238	-6.0746326446533
3	71179	4.545062415642	-24.368717193604
3	71192	4.545401729391	-16.237380981445
3	71199	4.546073830762	-20.337984085083
3	71203	4.546426838009	-38.631900787354
3	71210	4.547109459241	-21.117065429688
3	71217	4.547410134629	-18.582880020142
3	71230	4.54812153898	-31.824682235718
3	71234	4.548423710763	-25.430713653564
3	71241	4.549073094372	-13.766116142273
3	71248	4.549402898306	-20.685592651367
3	71261	4.550048600832	-19.097732543945
3	71268	4.55040615492	-16.55908203125
3	71272	4.550998710648	-24.604707717896
3	71282	4.551442986007	-25.68755531311
3	71292	4.552013000341	-15.79106426239
3	71299	4.552404114935	-36.46577835083
3	71303	4.553011412195	-24.733783721924
3	71313	4.553432426982	-17.825792312622
3	71323	4.553984946622	-32.824779510498
3	71330	4.554386611186	-25.725482940674
3	71334	4.554943993186	-32.176727294922
3	71344	4.555426574814	-27.542621612549
3	71354	4.555958353544	-29.172416687012
3	71361	4.55643975256	-22.592554092407
3	71365	4.55699844387	-33.94119644165
3	71384	4.557487070621	-31.810945510864
3	71388	4.557973828405	-22.192155838013
3	71395	4.558525559233	-30.737955093384
3	71399	4.558995283677	-29.138662338257
3	71415	4.559537779899	-23.495027542114
3	71419	4.559959007338	-26.243804931641
3	71426	4.5604932659	-22.994255065918
3	71430	4.56095407742	-19.553646087646
3	71446	4.561489867726	-30.642307281494
3	71450	4.561920607381	-16.054920196533
3	71457	4.562475448289	-29.486349105835
3	71461	4.562966132047	-29.439273834229
3	71477	4.563500713173	-17.186889648438
3	71481	4.563956105366	-17.102844238281
3	71488	4.564451247024	-26.766710281372
3	71492	4.56498222064	-25.617952346802
3	71499	4.565433318203	-24.415237426758
3	71512	4.565978233849	-17.775644302368
3	71519	4.56647643762	-17.46118927002
3	71523	4.567006774987	-20.883703231812
3	71536	4.567442760859	-27.074438095093
3	71543	4.568040234355	-19.636016845703
3	71550	4.568486193628	-24.008823394775
3	71554	4.569005657229	-27.338460922241
3	71564	4.569461262422	-23.961521148682
3	71574	4.570042771843	-24.124364852905
3	71581	4.57042375958	-26.824430465698
3	71585	4.571025655005	-27.703559875488
3	71592	4.571425778635	-32.613166809082
3	71605	4.572074966185	-15.732116699219
3	71612	4.572447150688	-24.464981079102
3	71616	4.573096683334	-22.149408340454
3	71623	4.573449036994	-20.476518630981
3	71639	4.57413296365	-23.349124908447
3	71643	4.574427030927	-19.169448852539
3	71647	4.575175810754	-33.550849914551
3	71651	4.575415550176	-34.091304779053
3	71667	4.576127857564	-21.486381530762
3	71674	4.576373069388	-17.589670181274
3	71678	4.577085586851	-29.708637237549
3	71685	4.577335570745	-36.9358253479
3	71695	4.578105694535	-21.161766052246
3	71705	4.578303767113	-31.300134658813
3	71712	4.579147573248	-8.7546672821045
3	71719	4.579340730028	-17.187925338745
3	71732	4.580192121543	-23.272420883179
3	71739	4.5803309217	-10.432843208313
3	71743	4.581179916011	-20.371271133423
3	71750	4.581358129886	-23.02657699585
3	71760	4.582156692753	-23.378795623779
3	71770	4.582408101976	-31.841524124146
3	71774	4.583135164666	-25.954238891602
3	71784	4.58338445434	-19.552381515503
3	71794	4.584177172205	-28.102230072021
3	71801	4.584361154681	-27.066059112549
3	71805	4.585184475857	-31.763862609863
3	71815	4.585387185129	-31.426460266113
3	71825	4.586232842596	-18.019647598267
3	71832	4.586423614293	-34.730041503906
3	71842	4.587274891686	-29.435625076294
3	71846	4.587431812864	-22.124908447266
3	71856	4.588281761689	-22.215940475464
3	71860	4.588389365454	-30.142925262451
3	71870	4.589279834643	-25.918479919434
3	71874	4.589352423454	-11.593146324158
3	71887	4.590289865328	-21.2571849823
3	71891	4.590364471358	-13.350267410278
3	71901	4.591315313703	-21.098741531372
3	71908	4.591365676916	-14.494930267334
3	71918	4.592319178333	-18.689786911011
3	71922	4.592337949797	-20.346605300903
3	71932	4.593284009505	-15.020732879639
3	71936	4.59334034208	-23.021215438843
3	71949	4.594245838062	-24.309204101562
3	71953	4.59433731886	-17.198608398438
3	71963	4.595222880645	-12.361994743347
3	71970	4.5953130637	-21.938404083252
3	71980	4.596235245987	-12.272530555725
3	71984	4.596329483478	-20.122667312622
3	71994	4.597271968827	-17.576553344727
3	71998	4.597355506783	-22.219320297241
3	72014	4.598301616756	-16.002481460571
3	72018	4.598307601389	-19.769954681396
3	72028	4.599291408319	-30.051601409912
3	72035	4.599332636241	-21.1572265625
3	72045	4.600271397631	-24.395347595215
3	72049	4.600320410824	-27.941072463989
3	72059	4.601271272484	-25.81852722168
3	72063	4.601354055793	-14.297409057617
3	72076	4.602229931333	-16.325025558472
3	72080	4.602400708829	-26.25182723999
3	72090	4.603264208583	-15.052491188049
3	72097	4.603366416381	-14.638588905334
3	72107	4.604254683123	-25.89109992981
3	72111	4.604318987356	-15.77781867981
3	72121	4.605238033978	-15.185512542725
3	72125	4.605277304874	-30.113233566284
3	72138	4.606199752715	-31.147167205811
3	72142	4.606255385027	-23.215663909912
3	72152	4.607224800416	-23.399440765381
3	72156	4.60726612329	-34.861751556396
3	72169	4.608258089435	-16.513833999634
3	72173	4.60826035234	-22.927198410034
3	72186	4.609220275703	-20.074468612671
3	72190	4.609305341498	-24.451168060303
3	72200	4.610175100375	-13.138747215271
3	72204	4.61029208993	-21.448621749878
3	72214	4.611220307395	-32.008716583252
3	72221	4.611341812617	-18.390403747559
3	72231	4.612227923706	-31.65731048584
3	72235	4.612315208812	-41.956871032715
3	72245	4.613210561308	-30.588375091553
3	72252	4.613361797166	-35.963752746582
3	72262	4.614257495656	-26.512741088867
3	72266	4.614346224189	-24.391664505005
3	72276	4.615282380343	-26.277368545532
3	72280	4.615335723187	-43.330322265625
3	72293	4.616311937012	-28.977174758911
3	72297	4.616324517966	-23.526178359985
3	72307	4.61734135539	-28.289932250977
3	72311	4.617349116136	-20.878757476807
3	72327	4.618332592943	-24.871458053589
3	72331	4.6183890935	-13.351538658142
3	72341	4.619320893495	-20.74033164978
3	72345	4.619384794781	-15.176983833313
3	72358	4.620325729584	-19.922143936157
3	72362	4.620403852054	-27.347887039185
3	72375	4.621324738139	-22.092077255249
3	72379	4.621413450337	-29.599695205688
3	72389	4.622291343123	-32.057098388672
3	72393	4.622415203145	-16.641798019409
3	72406	4.62331215338	-18.045269012451
3	72413	4.62345061171	-20.574449539185
3	72420	4.624329576583	-35.385406494141
3	72424	4.62442224051	-31.169229507446
3	72440	4.625364561775	-28.503023147583
3	72444	4.625412871604	-28.112886428833
3	72451	4.626381174861	-23.214612960815
3	72455	4.626452441005	-20.53611946106
3	72471	4.627387375299	-39.774703979492
3	72475	4.62750007393	-23.811857223511
3	72482	4.628347294362	-31.878818511963
3	72486	4.628545775934	-41.949729919434
3	72499	4.629342462131	-34.303314208984
3	72506	4.629547031718	-24.898637771606
3	72513	4.630326486182	-25.437690734863
3	72517	4.63053410371	-29.213533401489
3	72530	4.63134023282	-19.360628128052
3	72537	4.631484844025	-37.067802429199
3	72541	4.632295858379	-27.871566772461
3	72548	4.632499027796	-26.335098266602
3	72558	4.63331119225	-25.278713226318
3	72568	4.633520799476	-20.761045455933
3	72572	4.634268905011	-25.499067306519
3	72579	4.634515829108	-21.318212509155
3	72589	4.635311498851	-20.404632568359
3	72599	4.635519370828	-24.401779174805
3	72603	4.63632617364	-36.890953063965
3	72607	4.63649740138	-31.709690093994
3	72620	4.637361941376	-29.427267074585
3	72627	4.637544620479	-24.703762054443
3	72634	4.638391581615	-25.458122253418
3	72644	4.638575590387	-33.235050201416
3	72657	4.639352116898	-21.238128662109
3	72664	4.639600155297	-27.235984802246
3	72671	4.640349071112	-27.861133575439
3	72675	4.640593085648	-32.583042144775
3	72685	4.641307718872	-21.549453735352
3	72695	4.641622851587	-35.399543762207
3	72699	4.642269959896	-21.805130004883
3	72706	4.642604835881	-25.667604446411
3	72716	4.643308307857	-24.860702514648
3	72726	4.643605890281	-18.267534255981
3	72730	4.644315952121	-22.814414978027
3	72737	4.644605333009	-12.102921485901
3	72747	4.64534541111	-16.162246704102
3	72757	4.645599236181	-29.935152053833
3	72764	4.646355071256	-32.341598510742
3	72768	4.646626378597	-9.6673202514648
3	72778	4.647366793607	-22.913110733032
3	72788	4.647578887024	-26.04253578186
3	72792	4.648330378436	-33.093173980713
3	72799	4.648601803294	-19.967767715454
3	72809	4.649292863541	-28.894105911255
3	72816	4.649553015971	-17.17068862915
3	72823	4.650279469162	-24.397819519043
3	72827	4.650513843278	-35.952121734619
3	72840	4.651251728774	-36.54080581665
3	72847	4.651559528025	-20.899751663208
3	72854	4.652240347545	-14.039284706116
3	72858	4.652536766124	-38.658168792725
3	72871	4.65325289374	-20.914819717407
3	72878	4.653519603076	-33.743801116943
3	72885	4.654225469692	-23.478668212891
3	72889	4.654525233709	-30.356220245361
3	72902	4.655227532902	-16.498397827148
3	72909	4.655497562814	-24.549263000488
3	72916	4.656236346946	-23.876556396484
3	72920	4.656496295057	-26.875165939331
3	72933	4.657205078231	-34.5285987854
3	72940	4.657537057369	-29.009742736816
3	72947	4.658219196026	-29.140907287598
3	72951	4.658519455394	-32.995807647705
3	72967	4.659221271832	-19.087747573853
3	72977	4.659507387461	-16.100820541382
3	72981	4.660263517543	-27.237548828125
3	72985	4.660480984573	-37.55358505249
3	73001	4.661291546556	-11.918598175049
3	73005	4.6614420843	-35.688282012939
3	73012	4.662323123503	-25.661479949951
3	73016	4.662424275189	-20.016040802002
3	73032	4.663320077934	-25.602672576904
3	73036	4.663468371738	-31.489170074463
3	73043	4.664305716022	-19.34684753418
3	73047	4.66448425302	-25.162210464478
3	73060	4.665313063086	-20.471057891846
3	73070	4.665493375397	-21.7037525177
3	73074	4.666269343067	-27.312118530273
3	73078	4.666493498489	-23.443864822388
3	73094	4.667273649568	-32.185569763184
3	73101	4.667445383625	-22.286207199097
3	73105	4.668234671379	-21.478887557983
3	73112	4.668445922465	-25.61882019043
3	73125	4.669186472378	-30.789468765259
3	73132	4.669488611611	-26.475681304932
3	73136	4.670147029563	-22.352029800415
3	73143	4.670511304347	-26.516988754272
3	73156	4.671168623294	-35.403964996338
3	73163	4.671491899785	-27.052011489868
3	73167	4.672185375672	-23.085521697998
3	73174	4.672498688852	-23.76279258728
3	73190	4.673168165362	-22.351991653442
3	73194	4.673469132797	-21.936893463135
3	73198	4.674165563373	-24.754064559937
3	73205	4.674511412749	-23.116836547852
3	73221	4.675133275051	-18.4778175354
3	73225	4.675495367403	-19.357481002808
3	73229	4.676176013227	-15.32355594635
3	73236	4.676467944617	-23.86053276062
3	73249	4.67714453881	-29.353370666504
3	73256	4.677482526317	-39.412837982178
3	73260	4.678161870418	-25.936372756958
3	73270	4.678531776064	-42.038562774658
3	73283	4.679193458609	-23.512882232666
3	73290	4.679507864356	-27.070518493652
3	73294	4.680154230653	-28.099025726318
3	73301	4.680499334636	-26.303339004517
3	73314	4.681180872581	-25.343315124512
3	73321	4.681481361587	-23.292001724243
3	73325	4.682228872428	-29.486995697021
3	73332	4.682441269912	-29.524303436279
3	73345	4.683185142219	-14.682900428772
3	73352	4.683436525837	-17.175733566284
3	73356	4.684136722136	-35.411750793457
3	73366	4.684479906309	-31.056510925293
3	73376	4.685183735757	-28.831125259399
3	73383	4.685491170679	-23.423896789551
3	73387	4.686208478316	-28.323440551758
3	73394	4.686451284156	-29.824663162231
3	73407	4.687166725182	-18.218578338623
3	73411	4.687415755556	-25.076341629028
3	73418	4.688138836681	-26.823051452637
3	73425	4.688449271277	-25.941272735596
3	73435	4.689105762355	-17.924699783325
3	73442	4.689440903852	-27.383028030396
3	73449	4.690110469823	-41.919773101807
3	73456	4.690400997812	-30.169347763062
3	73466	4.691124828874	-18.757661819458
3	73470	4.691362330978	-33.606670379639
3	73480	4.692139498565	-28.717346191406
3	73484	4.692384296956	-26.325691223145
3	73497	4.693110761739	-30.045137405396
3	73507	4.693415238116	-32.947486877441
3	73511	4.694134502132	-29.895515441895
3	73515	4.694411335358	-29.79034614563
3	73528	4.695137143238	-23.025789260864
3	73538	4.695454269344	-26.728063583374
3	73542	4.696101977093	-25.156139373779
3	73546	4.696454726467	-22.642019271851
3	73559	4.697055863415	-22.358602523804
3	73563	4.697423383012	-12.758929252625
3	73573	4.69803733321	-16.029275894165
3	73577	4.698406117144	-22.892208099365
3	73593	4.699035845713	-28.706447601318
3	73600	4.699382385839	-29.691661834717
3	73607	4.700001554251	-22.364376068115
3	73611	4.700350219665	-23.541715621948
3	73624	4.70097760449	-21.145780563354
3	73631	4.701361337744	-25.271638870239
3	73638	4.702026390028	-23.571392059326
3	73642	4.702367293157	-28.351766586304
3	73655	4.703060086002	-29.399074554443
3	73662	4.703376356477	-32.231201171875
3	73669	4.704057107541	-30.783599853516
3	73673	4.70440597382	-29.492918014526
3	73686	4.705100716648	-35.120685577393
3	73693	4.705397686791	-19.013542175293
3	73700	4.706108073844	-23.475193023682
3	73707	4.706373576211	-28.972839355469
3	73717	4.707153473945	-15.700756072998
3	73721	4.707326889685	-26.296281814575
3	73731	4.708141620127	-30.650152206421
3	73735	4.708318699155	-24.07089805603
3	73748	4.709117409069	-24.126914978027
3	73752	4.709284337684	-27.985439300537
3	73762	4.710134858415	-24.747867584229
3	73766	4.710331003214	-31.695806503296
3	73779	4.711175333885	-20.743677139282
3	73783	4.711283894005	-28.608207702637
3	73793	4.712143062342	-36.294467926025
3	73800	4.712308124512	-21.870050430298
3	73807	4.713126873615	-19.026536941528
3	73814	4.713290969069	-29.775543212891
3	73824	4.714086050546	-19.599620819092
3	73828	4.71431901558	-32.012680053711
3	73838	4.715046226904	-30.555446624756
3	73845	4.715291809223	-25.680061340332
3	73855	4.716045382398	-33.07738494873
3	73859	4.71630926502	-23.905778884888
3	73866	4.717072464251	-19.943609237671
3	73876	4.717349014273	-20.670080184937
3	73886	4.718074169185	-20.942964553833
3	73896	4.718354821863	-22.414772033691
3	73903	4.71910000341	-25.519302368164
3	73910	4.719331566016	-33.098823547363
3	73920	4.720091176387	-29.854570388794
3	73927	4.720332709583	-24.709888458252
3	73937	4.721052418486	-26.130689620972
3	73941	4.721288051886	-28.357820510864
3	73951	4.722022395721	-23.503503799438
3	73958	4.72225443382	-23.320426940918
3	73962	4.723035273527	-29.458681106567
3	73972	4.723231766857	-24.767730712891
3	73982	4.724038722109	-28.234981536865
3	73989	4.724189313058	-22.393657684326
3	73996	4.725085574285	-22.066089630127
3	74003	4.725162614606	-27.670545578003
3	74010	4.726100378256	-31.457294464111
3	74017	4.726153016277	-24.367172241211
3	74027	4.727069008954	-29.837661743164
3	74034	4.727139589694	-20.066646575928
3	74047	4.728116430508	-24.254398345947
3	74051	4.728173849558	-27.000030517578
3	74061	4.729142790035	-23.321594238281
3	74065	4.729155779675	-34.077236175537
3	74075	4.730112941832	-22.26763343811
3	74079	4.730135190054	-33.423625946045
3	74092	4.731109798769	-22.927360534668
3	74096	4.731110127148	-20.878896713257
3	74109	4.732140130415	-26.354267120361
3	74113	4.732156754993	-18.46898651123
3	74123	4.733125083809	-38.185958862305
3	74127	4.733195291554	-28.144697189331
3	74140	4.734114322104	-23.375642776489
3	74144	4.734169120681	-22.611103057861
3	74154	4.735154813459	-15.560655593872
3	74158	4.735160440781	-22.590635299683
3	74171	4.736150362743	-27.732837677002
3	74175	4.736176145541	-23.780630111694
3	74182	4.737119410978	-14.789151191711
3	74189	4.737178096571	-33.298671722412
3	74205	4.738163506603	-18.888034820557
3	74209	4.738181537138	-24.216180801392
3	74216	4.739171574011	-20.738254547119
3	74220	4.739230419665	-32.400703430176
3	74236	4.740175376953	-15.312340736389
3	74240	4.740185297916	-34.038536071777
3	74247	4.74113223284	-28.413270950317
3	74251	4.741216874177	-25.753976821899
3	74267	4.742151358609	-33.197212219238
3	74271	4.742252865419	-21.636400222778
3	74278	4.743117215595	-19.517793655396
3	74282	4.743233386039	-26.707815170288
3	74298	4.744102291765	-18.490779876709
3	74302	4.744229635585	-22.74289894104
3	74309	4.74506146936	-22.945457458496
3	74313	4.745274214049	-28.181879043579
3	74329	4.746023345927	-34.864376068115
3	74333	4.746322288701	-25.875101089478
3	74340	4.746997889993	-22.300050735474
3	74347	4.747334869065	-37.901653289795
3	74360	4.748000180494	-19.876434326172
3	74364	4.748330107171	-11.68466758728
3	74368	4.749024998005	-21.18921661377
3	74381	4.749339657789	-11.891428947449
3	74393	4.750074047323	-28.760673522949
3	74397	4.750384535639	-27.669822692871
3	74404	4.751030415382	-23.796438217163
3	74414	4.751365073751	-13.770146369934
3	74424	4.752046153729	-20.944858551025
3	74428	4.752372921917	-22.602922439575
3	74435	4.75302727159	-32.806255340576
3	74445	4.753375622682	-24.840124130249
3	74455	4.754076397556	-18.464954376221
3	74459	4.75433816712	-18.580718994141
3	74466	4.75503736182	-21.773525238037
3	74476	4.755309270219	-22.096103668213
3	74486	4.756004355863	-22.093923568726
3	74490	4.756271513005	-24.818145751953
3	74497	4.7569744604	-31.109169006348
3	74504	4.757257144463	-31.051580429077
3	74520	4.757951371503	-27.513959884644
3	74524	4.758209261581	-30.070362091064
3	74531	4.758971208327	-24.212574005127
3	74535	4.759165888829	-19.666996002197
3	74551	4.759944495794	-12.07884979248
3	74555	4.760157623167	-19.983606338501
3	74562	4.760933818255	-20.749094009399
3	74569	4.761176844683	-15.703493118286
3	74582	4.761972551194	-19.114923477173
3	74586	4.762157387765	-24.086833953857
3	74593	4.762985212484	-20.839567184448
3	74600	4.76311430181	-21.47763633728
3	74613	4.764005571862	-14.238767623901
3	74617	4.764080350613	-22.129507064819
3	74627	4.764978458739	-23.682207107544
3	74631	4.765064769428	-19.14506149292
3	74644	4.765946513266	-30.926717758179
3	74648	4.766054477141	-9.1336374282837
3	74655	4.766958615868	-31.155300140381
3	74662	4.767081987918	-26.801753997803
3	74675	4.767986466629	-27.042793273926
3	74679	4.768083093805	-14.578109741211
3	74689	4.768942493259	-21.813154220581
3	74693	4.769045283409	-17.924180984497
3	74706	4.769960485403	-21.595806121826
3	74710	4.770091271447	-23.339878082275
3	74720	4.770988458276	-28.3492603302
3	74724	4.771120408379	-27.067667007446
3	74737	4.771995137317	-27.572479248047
3	74744	4.77212150934	-30.395143508911
3	74751	4.772972677076	-31.910650253296
3	74755	4.773150050813	-22.506786346436
3	74768	4.77392598528	-30.516918182373
3	74775	4.774159560292	-20.150283813477
3	74782	4.774968518615	-23.204250335693
3	74789	4.775191406206	-25.091686248779
3	74799	4.775922229787	-38.670257568359
3	74806	4.776155463956	-26.278213500977
3	74813	4.776896894311	-30.6263256073
3	74820	4.77713932503	-26.933753967285
3	74833	4.777932393591	-27.923377990723
3	74840	4.778091949916	-21.824689865112
3	74847	4.77895552625	-27.730895996094
3	74854	4.779114139971	-24.731296539307
3	74864	4.779933169969	-30.548629760742
3	74871	4.780124785001	-21.367567062378
3	74881	4.78092774028	-30.501543045044
3	74885	4.781119378747	-26.891269683838
3	74895	4.781967533666	-28.191200256348
3	74902	4.782146664381	-24.997997283936
3	74909	4.78293923095	-18.381721496582
3	74916	4.783144074269	-19.331672668457
3	74923	4.783900850144	-25.494514465332
3	74933	4.784188516212	-24.413164138794
3	74940	4.784904641426	-16.777420043945
3	74947	4.785190069309	-19.498466491699
3	74951	4.78591803256	-25.347030639648
3	74964	4.786199829823	-20.801807403564
3	74968	4.786874492478	-23.89087677002
3	74978	4.787174398764	-32.527046203613
3	74985	4.787879148047	-32.262744903564
3	74995	4.78821485707	-25.879632949829
3	75002	4.78887976164	-36.122375488281
3	75009	4.789229957272	-22.817520141602
3	75019	4.789857863073	-27.800996780396
3	75026	4.790211588104	-26.435205459595
3	75036	4.790855079544	-24.170795440674
3	75040	4.791173316473	-26.812971115112
3	75050	4.791896833546	-29.961809158325
3	75057	4.79219302415	-34.542991638184
3	75061	4.792853509528	-32.684608459473
3	75071	4.793216890996	-30.227527618408
3	75078	4.793870799062	-35.74259185791
3	75088	4.794255227119	-22.423069000244
3	75092	4.794822408808	-26.6275806427
3	75102	4.795298427115	-24.379419326782
3	75109	4.795861266926	-20.893852233887
3	75119	4.796316875092	-22.689643859863
3	75126	4.796905464254	-20.761924743652
3	75133	4.797331482742	-8.6061820983887
3	75140	4.79788944976	-29.269918441772
3	75153	4.798296714964	-19.605316162109
3	75160	4.798900581641	-15.522356033325
3	75167	4.799303701589	-21.312780380249
3	75174	4.799879417484	-25.128479003906
3	75184	4.800256967913	-14.514236450195
3	75191	4.800889455838	-21.135822296143
3	75198	4.801280935714	-21.637142181396
3	75205	4.80191302074	-24.332101821899
3	75215	4.802303851243	-16.393491744995
3	75222	4.802938805531	-28.695428848267
3	75229	4.803254805772	-30.056510925293
3	75242	4.803983023325	-19.870183944702
3	75246	4.804298413929	-23.000791549683
3	75253	4.805006681572	-15.331659317017
3	75260	4.805331964174	-10.053977966309
3	75270	4.805970885629	-23.118827819824
3	75277	4.80633697219	-17.799772262573
3	75284	4.806953839521	-23.428380966187
3	75291	4.807356022814	-28.807800292969
3	75298	4.807956410642	-20.415321350098
3	75308	4.808334108707	-11.375346183777
3	75315	4.808978714278	-17.995510101318
3	75322	4.80934309084	-19.035099029541
3	75332	4.809971889863	-17.990369796753
3	75339	4.810382401578	-21.852806091309
3	75346	4.810936974818	-29.905332565308
3	75353	4.811369089533	-31.340408325195
3	75360	4.811912228037	-14.252243995667
3	75370	4.812394146092	-19.57354927063
3	75380	4.812911578713	-25.745016098022
3	75384	4.813377084132	-29.545063018799
3	75388	4.813874221191	-17.183416366577
3	75401	4.814413629841	-28.656620025635
3	75408	4.814841131172	-19.137489318848
3	75415	4.815393138727	-28.541614532471
3	75419	4.815795315184	-17.663457870483
3	75432	4.816423918664	-32.937282562256
3	75439	4.816770282389	-35.070781707764
3	75446	4.8174410702	-24.730834960938
3	75450	4.817809938373	-20.45658493042
3	75466	4.818431664624	-29.029769897461
3	75473	4.81882075758	-8.623966217041
3	75480	4.819390220259	-29.859924316406
3	75484	4.819844731301	-27.395408630371
3	75497	4.820416873957	-24.33123588562
3	75504	4.820809403324	-32.983840942383
3	75511	4.82145152466	-16.504224777222
3	75515	4.821793886917	-18.642072677612
3	75531	4.822492127507	-27.007904052734
3	75538	4.822785797625	-31.948188781738
3	75542	4.823503559673	-19.627937316895
3	75546	4.823757900018	-33.696071624756
3	75562	4.824527066923	-30.876029968262
3	75569	4.824745740808	-27.666770935059
3	75573	4.825522974799	-21.063550949097
3	75580	4.825772743196	-20.604797363281
3	75593	4.826521299212	-18.597522735596
3	75600	4.826739553495	-29.527618408203
3	75604	4.827501282742	-18.117008209229
3	75611	4.827784674392	-30.258201599121
3	75624	4.828490420532	-31.142835617065
3	75631	4.828819607213	-39.086040496826
3	75635	4.829481805123	-21.153526306152
3	75639	4.829790169643	-27.185274124146
3	75655	4.830479280683	-21.388917922974
3	75662	4.83075466377	-25.514865875244
3	75666	4.831457928631	-22.457576751709
3	75670	4.831725735807	-19.47087097168
3	75680	4.832437641653	-36.384685516357
3	75693	4.832739492032	-26.257093429565
3	75697	4.83343504236	-27.361589431763
3	75701	4.833779273962	-31.894580841064
3	75711	4.83445240187	-17.342472076416
3	75721	4.834757697289	-22.619731903076
3	75728	4.835481829417	-25.591533660889
3	75732	4.835764436124	-25.827615737915
3	75739	4.836525925251	-36.60676574707
3	75752	4.836769099033	-25.805438995361
3	75759	4.837515989094	-21.717344284058
3	75763	4.837724944546	-13.877619743347
3	75779	4.838559205321	-24.60255241394
3	75786	4.83874852909	-34.168842315674
3	75793	4.839584648978	-29.592140197754
3	75797	4.839757993918	-21.979362487793
3	75810	4.840577335349	-34.439819335938
3	75817	4.840807788512	-18.532684326172
3	75824	4.841601446526	-28.666561126709
3	75831	4.841848299455	-20.003129959106
3	75841	4.84264274459	-30.578536987305
3	75848	4.842816820264	-29.182910919189
3	75855	4.843598623687	-20.319566726685
3	75862	4.843866324613	-17.653289794922
3	75875	4.844643625307	-12.657563209534
3	75882	4.84484773847	-29.8825340271
3	75889	4.845673771057	-20.710582733154
3	75893	4.845841012654	-24.303827285767
3	75903	4.846714883178	-32.206470489502
3	75910	4.846824235164	-23.324934005737
3	75920	4.84774969604	-12.820802688599
3	75924	4.847826144722	-22.470094680786
3	75934	4.848782754574	-30.562036514282
3	75938	4.848802068751	-26.236455917358
3	75951	4.849798019292	-32.097461700439
3	75955	4.849805626374	-16.862085342407
3	75968	4.850768232763	-16.944942474365
3	75972	4.850798502911	-32.121746063232
3	75982	4.851770129318	-21.774814605713
3	75986	4.851806677371	-20.5482006073
3	75999	4.85276111235	-22.439666748047
3	76003	4.85281633209	-16.525375366211
3	76013	4.853799019925	-16.137363433838
3	76017	4.853838535502	-25.704216003418
3	76030	4.854751363201	-21.164058685303
3	76034	4.854791365218	-30.150037765503
3	76044	4.855786721164	-13.92845916748
3	76048	4.855806728052	-23.915832519531
3	76061	4.856817361573	-13.970700263977
3	76065	4.856826316126	-30.320657730103
3	76075	4.857781259835	-17.412973403931
3	76079	4.857783336975	-20.164480209351
3	76095	4.858735838199	-13.597858428955
3	76099	4.858751062013	-23.136249542236
3	76109	4.85969422021	-26.819662094116
3	76113	4.859758268426	-26.469217300415
3	76126	4.860703057358	-25.985244750977
3	76130	4.860783432922	-11.855528831482
3	76140	4.86167678324	-22.335283279419
3	76144	4.861830373262	-24.113159179688
3	76154	4.862639953071	-28.444736480713
3	76161	4.862868462787	-11.9828748703
3	76168	4.863683641948	-28.75958442688
3	76175	4.863838654954	-33.767250061035
3	76188	4.8646754253	-28.288463592529
3	76192	4.864824697644	-29.384075164795
3	76199	4.865682679077	-29.333990097046
3	76206	4.865823087694	-28.252271652222
3	76219	4.866700429124	-33.414325714111
3	76223	4.866864115516	-21.697233200073
3	76233	4.867745648937	-33.670463562012
3	76237	4.867862868291	-29.257369995117
3	76250	4.868746973845	-22.939695358276
3	76254	4.868865945389	-19.234170913696
3	76264	4.869792308349	-23.466238021851
3	76268	4.869816375946	-23.248128890991
3	76281	4.870825242144	-26.695989608765
3	76285	4.87083888805	-29.302412033081
3	76295	4.871793289251	-10.644766807556
3	76299	4.871817687777	-21.571689605713
3	76309	4.872749069073	-27.160003662109
3	76316	4.872801225605	-34.67858505249
3	76323	4.873706648838	-15.750637054443
3	76327	4.873751946047	-23.62103843689
3	76340	4.874664605555	-22.98867225647
3	76347	4.874775151334	-21.039222717285
3	76354	4.875675343881	-25.040594100952
3	76358	4.875801233517	-9.6836214065552
3	76371	4.876676481456	-10.889479637146
3	76378	4.876757359334	-25.421659469604
3	76388	4.877662369775	-21.971967697144
3	76392	4.877742290487	-19.213567733765
3	76408	4.878683462338	-31.534240722656
3	76412	4.878748954276	-22.390956878662
3	76419	4.87963831488	-20.638114929199
3	76426	4.879749047395	-22.85315322876
3	76439	4.880639659635	-36.597660064697
3	76443	4.880719790113	-27.634906768799
3	76447	4.881639309394	-30.338676452637
3	76451	4.88172514928	-34.580829620361
3	76470	4.882651117968	-30.553060531616
3	76474	4.882705152357	-16.835390090942
3	76478	4.883668214275	-21.434581756592
3	76482	4.883695513005	-9.3735723495483
3	76501	4.884670873972	-21.198972702026
3	76505	4.884726657168	-32.056129455566
3	76509	4.88569873226	-28.170852661133
3	76516	4.885753688268	-26.119667053223
3	76532	4.886651411833	-36.463085174561
3	76536	4.886772524071	-34.793914794922
3	76540	4.887659850349	-35.79874420166
3	76547	4.887791656194	-23.366044998169
3	76563	4.888619034115	-24.430603027344
3	76567	4.888789724324	-24.604671478271
3	76571	4.889624465104	-17.102472305298
3	76575	4.88977036541	-37.284427642822
3	76591	4.890663770689	-27.527938842773
3	76598	4.890793385347	-19.641674041748
3	76602	4.891616895679	-24.129272460938
3	76609	4.891796126076	-24.338815689087
3	76622	4.892577468268	-22.468667984009
3	76629	4.892829586271	-15.568648338318
3	76633	4.893618899482	-37.778163909912
3	76640	4.893797402794	-35.159561157227
3	76656	4.89461123547	-39.842266082764
3	76660	4.894771173407	-34.68913269043
3	76664	4.895615762405	-27.848329544067
3	76671	4.895810411701	-15.512574195862
3	76684	4.896625681193	-27.088052749634
3	76691	4.896770730065	-20.432323455811
3	76695	4.897594533943	-20.662925720215
3	76699	4.897731989187	-31.211166381836
3	76718	4.898562050659	-30.37696647644
3	76725	4.898773334311	-30.578405380249
3	76729	4.899546542217	-23.132341384888
3	76736	4.899724448696	-28.951274871826
3	76749	4.90056797688	-29.146005630493
3	76756	4.900702804064	-23.455450057983
3	76760	4.901534778343	-23.595699310303
3	76770	4.901703806239	-15.883158683777
3	76780	4.902497936657	-40.913146972656
3	76784	4.902671838591	-19.61180305481
3	76794	4.903453684642	-14.568756103516
3	76801	4.903698384969	-28.009786605835
3	76811	4.904418895236	-26.481758117676
3	76815	4.904732140149	-23.854057312012
3	76825	4.905427508253	-28.114091873169
3	76832	4.905694409235	-26.895715713501
3	76842	4.90647416318	-27.627439498901
3	76846	4.906698907876	-33.625885009766
3	76856	4.907467201732	-16.406766891479
3	76863	4.90771805963	-43.682048797607
3	76873	4.908490159813	-23.252708435059
3	76880	4.908707574218	-31.045787811279
3	76887	4.90946615391	-28.499710083008
3	76894	4.909749896211	-26.779415130615
3	76904	4.91042899915	-28.868896484375
3	76911	4.910757000206	-24.313844680786
3	76915	4.911437978812	-39.662342071533
3	76925	4.911742189053	-26.466848373413
3	76935	4.912439067751	-35.892768859863
3	76942	4.912789838052	-26.349946975708
3	76946	4.913482302375	-27.914400100708
3	76953	4.913744556029	-19.883054733276
3	76966	4.914434198944	-23.22406578064
3	76970	4.91476549286	-15.89931678772
3	76977	4.915420498308	-25.78893661499
3	76984	4.915775243618	-24.197895050049
3	76997	4.91638193589	-25.643877029419
3	77001	4.916782392982	-18.229557037354
3	77008	4.917413757316	-24.559663772583
3	77015	4.917792270489	-25.865098953247
3	77031	4.91841246232	-29.397943496704
3	77038	4.91881883789	-21.634405136108
3	77042	4.919372493236	-25.155464172363
3	77049	4.919862425546	-17.684844970703
3	77062	4.920400305218	-30.197704315186
3	77069	4.920858242725	-13.879538536072
3	77073	4.921392410739	-26.009105682373
3	77080	4.921836990844	-31.888736724854
3	77093	4.922417822524	-20.429292678833
3	77100	4.922882948849	-20.918138504028
3	77107	4.923414667945	-31.622718811035
3	77111	4.923841814187	-28.492324829102
3	77121	4.924409163856	-22.646446228027
3	77131	4.924792074282	-23.955339431763
3	77138	4.925410668416	-20.547554016113
3	77142	4.925813245782	-22.645277023315
3	77149	4.926422546394	-30.070505142212
3	77162	4.926843846909	-23.086870193481
3	77169	4.927452216289	-27.977956771851
3	77173	4.92783511515	-15.736156463623
3	77183	4.928453632032	-27.626585006714
3	77193	4.92883608778	-25.415306091309
3	77200	4.92941289544	-35.027366638184
3	77204	4.929786168182	-29.601293563843
3	77214	4.930369994516	-32.351264953613
3	77224	4.930788099454	-14.318901062012
3	77231	4.931327943578	-29.556774139404
3	77235	4.931772534818	-25.142206192017
3	77245	4.932330846885	-25.451333999634
3	77252	4.932797339191	-28.055797576904
3	77262	4.933355411045	-25.343341827393
3	77266	4.933760255991	-29.124319076538
3	77276	4.93438086442	-18.125061035156
3	77283	4.934770803284	-18.958221435547
3	77293	4.935349609162	-25.792888641357
3	77297	4.935789645436	-20.482917785645
3	77310	4.936322248472	-28.463485717773
3	77317	4.936777015979	-25.260520935059
3	77324	4.937291623776	-19.783615112305
3	77328	4.937749178331	-9.76806640625
3	77341	4.938279809824	-26.006303787231
3	77351	4.938728981834	-32.947715759277
3	77358	4.93923229884	-19.2767162323
3	77362	4.939721996288	-34.686351776123
3	77372	4.940203490183	-21.363552093506
3	77379	4.940712240441	-20.31276512146
3	77389	4.941235829009	-17.796010971069
3	77393	4.941716950444	-15.994030952454
3	77403	4.942211679284	-26.534591674805
3	77410	4.942681016032	-22.163537979126
3	77420	4.943197790959	-18.975069046021
3	77427	4.943722770833	-28.54761505127
3	77431	4.944170701915	-27.380893707275
3	77441	4.944682899037	-33.217914581299
3	77451	4.945185818935	-31.027538299561
3	77458	4.945679526654	-22.713914871216
3	77462	4.946182179919	-21.964527130127
3	77475	4.946702566775	-27.31986618042
3	77482	4.947228283387	-28.335247039795
3	77489	4.947735242118	-13.588346481323
3	77496	4.948226261572	-32.607410430908
3	77506	4.948714523877	-23.256320953369
3	77513	4.949176555607	-29.709897994995
3	77520	4.949758829169	-19.527711868286
3	77527	4.950158795188	-31.20009803772
3	77537	4.950713548835	-23.515840530396
3	77541	4.951135956153	-27.748668670654
3	77551	4.951669786969	-19.516271591187
3	77558	4.952155338282	-29.589668273926
3	77565	4.95266278445	-25.509178161621
3	77575	4.953178227728	-25.220663070679
3	77579	4.953634162425	-27.34462928772
3	77589	4.954210010063	-29.237827301025
3	77599	4.95467511872	-39.555656433105
3	77606	4.955256037805	-27.408115386963
3	77613	4.955703705947	-22.969741821289
3	77620	4.956269258869	-21.49666595459
3	77630	4.956662685613	-12.327919960022
3	77634	4.957250128004	-21.156789779663
3	77644	4.957645903034	-26.159921646118
3	77654	4.95823163637	-35.024562835693
3	77664	4.958680956504	-15.238173484802
3	77668	4.959201722131	-31.53847694397
3	77678	4.959704447713	-20.64567565918
3	77685	4.960202714721	-20.780851364136
3	77695	4.960700401994	-25.77760887146
3	77699	4.961160871729	-32.554050445557
3	77709	4.961718179152	-24.663974761963
3	77716	4.962124130483	-36.161209106445
3	77726	4.962689658308	-28.833171844482
3	77730	4.963157705951	-22.251007080078
3	77740	4.963717985056	-19.429761886597
3	77747	4.964142156628	-26.694831848145
3	77757	4.964753126762	-22.810752868652
3	77761	4.965185100554	-29.461204528809
3	77771	4.965706761893	-18.095930099487
3	77778	4.966171641349	-18.507137298584
3	77788	4.966698032445	-21.044654846191
3	77792	4.967166967512	-36.58540725708
3	77802	4.967722026678	-33.892356872559
3	77809	4.968190069186	-23.294666290283
3	77819	4.968766848505	-22.621793746948
3	77823	4.969176970645	-21.119922637939
3	77830	4.969719458709	-32.844501495361
3	77843	4.970136252495	-31.902002334595
3	77850	4.970680300133	-32.386852264404
3	77854	4.971103041028	-37.890613555908
3	77861	4.971715962303	-22.357202529907
3	77871	4.972116745616	-37.228122711182
3	77878	4.972675651387	-19.667375564575
3	77885	4.973117117407	-36.451847076416
3	77892	4.973675335075	-26.440929412842
3	77902	4.974086083482	-31.680820465088
3	77912	4.974698215828	-23.241786956787
3	77916	4.97504516312	-32.462142944336
3	77923	4.975659849465	-15.675894737244
3	77933	4.976089192178	-29.149522781372
3	77943	4.976668630663	-29.229328155518
3	77947	4.977072584995	-15.516537666321
3	77954	4.977648665585	-16.669820785522
3	77967	4.978086099378	-37.922103881836
3	77977	4.978653153049	-27.016225814819
3	77981	4.979133343613	-25.184356689453
3	77988	4.97965521251	-29.568586349487
3	78001	4.980147541883	-31.615896224976
3	78008	4.980606080123	-26.424978256226
3	78012	4.981136352356	-30.578155517578
3	78022	4.981612222697	-22.852853775024
3	78032	4.982113120084	-26.314664840698
3	78039	4.982572136431	-17.457166671753
3	78046	4.983082987212	-19.447216033936
3	78050	4.983569723374	-33.417209625244
3	78060	4.98408227576	-16.575939178467
3	78070	4.984581170646	-22.446138381958
3	78077	4.98505311511	-24.064393997192
3	78081	4.985556714995	-15.727743148804
3	78094	4.986091829689	-22.223604202271
3	78101	4.986552429819	-22.823728561401
3	78108	4.987115573397	-29.946523666382
3	78112	4.987506141381	-29.380210876465
3	78128	4.988120359345	-26.251651763916
3	78132	4.988503131791	-22.509197235107
3	78139	4.989116427384	-30.506565093994
3	78146	4.989503288389	-29.958671569824
3	78159	4.990082982691	-22.054777145386
3	78163	4.990542559379	-25.495246887207
3	78170	4.991094722231	-16.157043457031
3	78177	4.991521811945	-19.910167694092
3	78190	4.992123404429	-19.939117431641
3	78194	4.992536723611	-21.353189468384
3	78201	4.993155014307	-27.676471710205
3	78211	4.993522361081	-19.721706390381
3	78221	4.994112826789	-18.776224136353
3	78225	4.994552608816	-21.09493637085
3	78232	4.995152238362	-9.7396125793457
3	78239	4.995509918841	-5.8461904525757
3	78252	4.996116650494	-29.49854850769
3	78256	4.996547145323	-31.99213218689
3	78260	4.997074197762	-23.281887054443
3	78276	4.997497850734	-32.247123718262
3	78286	4.998123556146	-20.897266387939
3	78290	4.998478953565	-17.325912475586
3	78294	4.999097099385	-22.791494369507
3	78304	4.999441729456	-30.146614074707
4	15635	1.000074099837	1.0000002e-14
4	15642	1.000324969039	1.0000002e-14
4	15658	1.001089665534	4.6314693340365e-13
4	15662	1.001333568702	1.0000002e-14
4	15669	1.002051329243	1.0000002e-14
4	15673	1.002346899406	1.0000002e-14
4	15686	1.00306351617	1.0000002e-14
4	15696	1.003394405489	1.0000002e-14
4	15700	1.004085010719	1.0000002e-14
4	15707	1.004420100799	1.0000002e-14
4	15714	1.00506582441	1.0000002e-14
4	15727	1.005387616114	1.0000002e-14
4	15731	1.006049292477	1.0000002e-14
4	15738	1.006376729476	1.0000002e-14
4	15748	1.007098012372	1.0000002e-14
4	15755	1.007372222308	1.0000002e-14
4	15762	1.008071961557	1.0000002e-14
4	15769	1.008412818679	1.0000002e-14
4	15782	1.009063228162	1.0000002e-14
4	15789	1.009383124608	1.0000002e-14
4	15793	1.010107569494	1.0000002e-14
4	15800	1.010349354537	1.0000002e-14
4	15813	1.011115738583	1.0000002e-14
4	15817	1.011344903112	1.0000002e-14
4	15824	1.012114353963	1.0000002e-14
4	15831	1.012342317895	1.175385325768e-08
4	15844	1.013127268861	1.8959996482269e-14
4	15848	1.013308025302	1.0000002e-14
4	15855	1.01408186254	1.0000002e-14
4	15862	1.014282004153	1.0000002e-14
4	15872	1.015055931175	1.0000002e-14
4	15876	1.015240616606	1.0000002e-14
4	15886	1.016028837681	1.0000002e-14
4	15893	1.01622129237	1.0000002e-14
4	15903	1.017004554454	1.0000002e-14
4	15907	1.017180086257	1.0000002e-14
4	15920	1.017998123895	1.0000002e-14
4	15924	1.018144841206	1.0000002e-14
4	15934	1.018979588269	1.0000002e-14
4	15938	1.019138269729	1.0000002e-14
4	15948	1.019966713922	1.0000002e-14
4	15955	1.020155847008	1.0000002e-14
4	15965	1.020946022542	1.0000002e-14
4	15975	1.021161853696	1.0000002e-14
4	15985	1.0219781044	1.0000002e-14
4	15989	1.022174867324	1.0000002e-14
4	15999	1.022953306268	1.0000002e-14
4	16006	1.023205606499	1.0000002e-14
4	16013	1.023952086353	2.1891275484557e-14
4	16020	1.024168083105	1.0000002e-14
4	16030	1.024977082835	1.0000002e-14
4	16034	1.025212545399	1.0000002e-14
4	16044	1.025929914944	1.0000002e-14
4	16051	1.026223756303	1.0000002e-14
4	16061	1.026964516178	1.0000002e-14
4	16065	1.02727092076	1.0000002e-14
4	16075	1.027983945817	1.0000002e-14
4	16085	1.028297702127	1.0000002e-14
4	16089	1.028963017767	1.0000002e-14
4	16096	1.029305786639	1.0000002e-14
4	16106	1.029936619342	1.0000002e-14
4	16116	1.030263740485	1.0000002e-14
4	16120	1.030938317608	1.0000002e-14
4	16130	1.031266404414	1.0000002e-14
4	16140	1.031978395993	1.0000002e-14
4	16147	1.03224833183	1.0000002e-14
4	16151	1.033023408938	1.0000002e-14
4	16161	1.033249474837	1.0000002e-14
4	16168	1.033978659638	1.0000002e-14
4	16178	1.034203730894	1.0000002e-14
4	16182	1.035021199974	1.0000002e-14
4	16192	1.03517255093	1.0000002e-14
4	16205	1.036022892484	1.0000002e-14
4	16209	1.036171796722	1.0000002e-14
4	16213	1.037041098211	1.0000002e-14
4	16217	1.037194766973	1.0000002e-14
4	16233	1.038073895616	1.0000002e-14
4	16240	1.038147622737	1.0000002e-14
4	16244	1.039059193857	1.0000002e-14
4	16248	1.039137592458	1.0000002e-14
4	16264	1.040015562227	1.0000002e-14
4	16268	1.040113301474	1.0000002e-14
4	16275	1.041026250706	1.0000002e-14
4	16279	1.041076889736	1.0000002e-14
4	16298	1.042026381887	1.0000002e-14
4	16302	1.042073826428	1.0000002e-14
4	16315	1.043056571239	1.0000002e-14
4	16319	1.043086818723	1.0000002e-14
4	16329	1.044017131638	1.0000002e-14
4	16333	1.044116478888	1.0000002e-14
4	16340	1.045020136007	1.0000002e-14
4	16350	1.045162058217	1.0000002e-14
4	16360	1.046003374963	1.0000002e-14
4	16364	1.046144573336	1.0000002e-14
4	16371	1.046994461757	1.0000002e-14
4	16381	1.047117239028	1.0000002e-14
4	16391	1.047945598373	1.0000002e-14
4	16395	1.048140890848	1.0000002e-14
4	16405	1.048904061584	1.0000002e-14
4	16412	1.049120811915	1.0000002e-14
4	16422	1.049912240834	1.0000002e-14
4	16426	1.050141388782	1.0000002e-14
4	16436	1.050960306668	1.0000002e-14
4	16443	1.051166654557	1.0000002e-14
4	16453	1.051935723174	1.0000002e-14
4	16457	1.052210318736	1.0000002e-14
4	16464	1.052961812284	1.0000002e-14
4	16474	1.053192483293	1.0000002e-14
4	16484	1.053976067235	1.0000002e-14
4	16488	1.054214951055	1.0000002e-14
4	16498	1.054957475218	1.0000002e-14
4	16505	1.055188109411	1.0000002e-14
4	16515	1.055909534722	1.0000002e-14
4	16519	1.056188514362	1.0000002e-14
4	16526	1.056907429065	1.0000002e-14
4	16536	1.057148858713	1.0000002e-14
4	16546	1.05795633709	1.0000002e-14
4	16550	1.058184996927	1.0000002e-14
4	16554	1.058994246827	1.0000002e-14
4	16567	1.059215008887	1.0000002e-14
4	16577	1.060040380431	1.0000002e-14
4	16581	1.060184254481	1.0000002e-14
4	16585	1.061031679399	7.3032811347618e-14
4	16595	1.061210996815	1.0000002e-14
4	16611	1.0620173268	1.0000002e-14
4	16615	1.062166260668	1.0000002e-14
4	16619	1.063044371495	1.0000002e-14
4	16626	1.063202505902	1.0000002e-14
4	16642	1.064017700838	1.0000002e-14
4	16646	1.064251221209	1.0000002e-14
4	16650	1.065013316108	1.0000002e-14
4	16660	1.065264729539	1.0000002e-14
4	16673	1.066037149668	1.0000002e-14
4	16677	1.066232914041	1.0000002e-14
4	16681	1.0670105173	1.0000002e-14
4	16691	1.067239060736	1.0000002e-14
4	16704	1.068046468082	1.0000002e-14
4	16708	1.068250182739	1.0000002e-14
4	16718	1.069031575677	1.0000002e-14
4	16722	1.069250464254	1.0000002e-14
4	16735	1.070028577392	1.0000002e-14
4	16739	1.070243433589	1.0000002e-14
4	16749	1.071032845926	1.0000002e-14
4	16753	1.071230944711	1.0000002e-14
4	16766	1.072001616588	1.0000002e-14
4	16770	1.072182061912	1.0000002e-14
4	16780	1.073038046378	1.0000002e-14
4	16784	1.07316036812	1.0000002e-14
4	16797	1.07407522459	1.0000002e-14
4	16801	1.074147666695	1.0000002e-14
4	16808	1.075050681963	1.0000002e-14
4	16815	1.075179069587	1.0000002e-14
4	16828	1.076047491716	1.0000002e-14
4	16832	1.076158382088	1.6567447916873e-14
4	16842	1.077069378088	1.0000002e-14
4	16846	1.077193728239	1.0000002e-14
4	16859	1.078115843009	1.0000002e-14
4	16863	1.078164110669	1.0000002e-14
4	16873	1.079141394358	1.0000002e-14
4	16877	1.079151789884	1.0000002e-14
4	16890	1.080115762832	1.0000002e-14
4	16894	1.080144365477	1.0000002e-14
4	16904	1.081080410182	1.0000002e-14
4	16908	1.081176151725	1.0000002e-14
4	16924	1.082054968639	1.0000002e-14
4	16928	1.082204111032	1.0000002e-14
4	16938	1.083076708985	1.0000002e-14
4	16945	1.083222314921	1.0000002e-14
4	16955	1.084085781967	1.0000002e-14
4	16959	1.084219521188	1.0000002e-14
4	16969	1.085119652922	1.0000002e-14
4	16976	1.08517359102	1.0000002e-14
4	16986	1.086136176731	1.0000002e-14
4	16990	1.086153096324	1.0000002e-14
4	17000	1.087146665891	1.0000002e-14
4	17004	1.087171726048	1.0000002e-14
4	17017	1.088162819938	1.0000002e-14
4	17021	1.088193565503	1.0000002e-14
4	17031	1.089140143737	1.0000002e-14
4	17035	1.089200450226	1.0000002e-14
4	17048	1.090163100197	1.0000002e-14
4	17052	1.090188949573	1.5289251854024e-10
4	17065	1.091144744474	1.0000002e-14
4	17069	1.091173614496	1.0000002e-14
4	17079	1.092119541626	1.0000002e-14
4	17083	1.092178500403	1.0000002e-14
4	17093	1.093129255848	1.0000002e-14
4	17097	1.093173059729	1.0000002e-14
4	17110	1.094128538177	1.0000002e-14
4	17114	1.094184892005	3.7055643155172e-11
4	17127	1.095123400536	1.0000002e-14
4	17131	1.095185319029	1.0000002e-14
4	17141	1.096126563872	1.0000002e-14
4	17145	1.096187836005	1.0000002e-14
4	17158	1.097157185871	1.0000002e-14
4	17162	1.09716332426	1.0000002e-14
4	17175	1.098177483563	1.0000002e-14
4	17179	1.098182106136	1.0000002e-14
4	17189	1.099138642249	1.0000002e-14
4	17193	1.099203140486	1.0000002e-14
4	17206	1.100145384574	1.0000002e-14
4	17210	1.100210008172	1.0000002e-14
4	17223	1.101163876601	1.0000002e-14
4	17227	1.101214069118	1.0000002e-14
4	17237	1.102130932918	1.0000002e-14
4	17241	1.1021663034	1.0000002e-14
4	17254	1.103120524578	1.0000002e-14
4	17258	1.103135018499	1.0000002e-14
4	17268	1.104105341813	1.0000002e-14
4	17272	1.104108902432	1.0000002e-14
4	17282	1.105060150383	1.0000002e-14
4	17289	1.10514887621	1.0000002e-14
4	17302	1.106062742211	1.0000002e-14
4	17306	1.106150333631	1.0000002e-14
4	17313	1.107060891693	1.0000002e-14
4	17317	1.107145075359	1.0000002e-14
4	17330	1.108100893223	1.0000002e-14
4	17337	1.108186248043	1.0000002e-14
4	17344	1.109107118374	1.0000002e-14
4	17348	1.109217271377	1.0000002e-14
4	17364	1.110132643055	1.0000002e-14
4	17368	1.110176438641	1.0000002e-14
4	17375	1.111137762733	1.0000002e-14
4	17379	1.111196068416	1.0000002e-14
4	17395	1.112124787757	1.0000002e-14
4	17399	1.112195653339	1.0000002e-14
4	17406	1.113078485885	1.0000002e-14
4	17413	1.113225481286	1.0000002e-14
4	17423	1.114061110978	1.0000002e-14
4	17430	1.114244626142	1.0000002e-14
4	17437	1.115025206979	1.0000002e-14
4	17441	1.115248137579	1.0000002e-14
4	17457	1.116001047721	2.4101313961101e-10
4	17461	1.116261550973	1.0000002e-14
4	17468	1.117019760148	1.0000002e-14
4	17472	1.11721157607	1.0000002e-14
4	17485	1.117990108538	1.0000002e-14
4	17492	1.118233662669	1.0000002e-14
4	17499	1.11902567467	1.0000002e-14
4	17503	1.119273448595	1.0000002e-14
4	17516	1.119999261149	1.0000002e-14
4	17523	1.12022622768	1.0000002e-14
4	17530	1.120980295942	1.0000002e-14
4	17534	1.121208384106	1.0000002e-14
4	17550	1.122024150469	1.0000002e-14
4	17554	1.122161832462	1.0000002e-14
4	17564	1.123065831465	1.0000002e-14
4	17568	1.123207872439	1.0000002e-14
4	17581	1.124086790267	1.0000002e-14
4	17585	1.124185192113	1.0000002e-14
4	17595	1.125067690198	1.0000002e-14
4	17599	1.125179007772	1.0000002e-14
4	17612	1.126051872176	1.0000002e-14
4	17616	1.12617819971	1.0000002e-14
4	17626	1.127017453885	1.0000002e-14
4	17630	1.127194391207	1.0000002e-14
4	17643	1.128063589119	1.4887621760278e-12
4	17650	1.128236192506	1.0000002e-14
4	17657	1.129030532893	1.0000002e-14
4	17661	1.129255050558	1.0000002e-14
4	17674	1.130060342238	1.0000002e-14
4	17678	1.130244452977	1.0000002e-14
4	17688	1.131087194741	1.0000002e-14
4	17692	1.131280665215	1.0000002e-14
4	17705	1.132063890893	1.0000002e-14
4	17709	1.132266684913	1.0000002e-14
4	17719	1.133084967252	1.0000002e-14
4	17723	1.133245015053	1.0000002e-14
4	17736	1.134127615618	1.0000002e-14
4	17740	1.134284295029	1.0000002e-14
4	17750	1.135116973982	1.0000002e-14
4	17754	1.135295645509	1.0000002e-14
4	17767	1.136080052526	1.0000002e-14
4	17774	1.136323545589	1.0000002e-14
4	17781	1.137098186537	1.0000002e-14
4	17788	1.137337962281	1.0000002e-14
4	17798	1.138114749569	1.0000002e-14
4	17805	1.138358824959	1.0000002e-14
4	17812	1.139108284296	1.0000002e-14
4	17816	1.139322542839	1.0000002e-14
4	17832	1.140080641984	1.0000002e-14
4	17836	1.140366543601	1.0000002e-14
4	17843	1.141095677092	1.0000002e-14
4	17853	1.141366977105	1.0000002e-14
4	17863	1.142088979417	1.0000002e-14
4	17870	1.142416584735	1.0000002e-14
4	17880	1.143106579806	3.0321794912652e-11
4	17884	1.143432593156	1.0000002e-14
4	17897	1.144099091472	1.0000002e-14
4	17901	1.144407469548	1.0000002e-14
4	17908	1.14505328131	1.0000002e-14
4	17915	1.145434193631	1.0000002e-14
4	17928	1.146103005094	1.0000002e-14
4	17932	1.146387321928	1.1249528651359e-14
4	17939	1.147053925963	1.0000002e-14
4	17946	1.14740674132	1.0000002e-14
4	17956	1.148037086456	1.0000002e-14
4	17963	1.148451859933	1.0000002e-14
4	17970	1.149055916641	1.0000002e-14
4	17977	1.149475540564	1.0000002e-14
4	17987	1.15007410023	1.0000002e-14
4	17994	1.150428336449	1.0000002e-14
4	18001	1.151077532328	1.0000002e-14
4	18005	1.151381385731	1.0000002e-14
4	18021	1.152123695674	1.0000002e-14
4	18025	1.152332841166	1.0000002e-14
4	18032	1.153138795175	1.0000002e-14
4	18036	1.15334364746	1.0000002e-14
4	18052	1.154153103636	1.0000002e-14
4	18056	1.154337574407	1.0284931954344e-05
4	18063	1.155187822356	1.0000002e-14
4	18067	1.155351064218	1.0000002e-14
4	18080	1.156161331594	1.0000002e-14
4	18087	1.15630998672	1.0000002e-14
4	18091	1.157159926664	1.0000002e-14
4	18098	1.157267121591	1.0000002e-14
4	18111	1.158115165676	1.0000002e-14
4	18115	1.158231174068	1.8239398965116e-13
4	18122	1.159115926798	1.0000002e-14
4	18126	1.159189633755	1.0000002e-14
4	18142	1.160137496149	1.0000002e-14
4	18146	1.16020378777	1.0000002e-14
4	18153	1.16116703929	1.0000002e-14
4	18157	1.161194734485	1.0000002e-14
4	18176	1.162123826194	1.0000002e-14
4	18180	1.162153035411	1.0000002e-14
4	18187	1.163115281899	1.0000002e-14
4	18191	1.1631687255	1.0000002e-14
4	18210	1.164121422907	1.0000002e-14
4	18214	1.164211779794	1.0000002e-14
4	18218	1.165132117527	1.0000002e-14
4	18222	1.165203089765	1.0000002e-14
4	18241	1.166091730912	1.0000002e-14
4	18245	1.166231733326	1.0000002e-14
4	18249	1.167128221615	1.0000002e-14
4	18253	1.16725290523	2.6315266029071e-14
4	18272	1.168141265719	1.0000002e-14
4	18276	1.16827572078	1.0000002e-14
4	18280	1.16918987713	1.0000002e-14
4	18287	1.169234076336	1.0000002e-14
4	18303	1.170153936016	1.0000002e-14
4	18307	1.170227521229	1.0000002e-14
4	18311	1.171156525059	1.0000002e-14
4	18315	1.171181193201	1.0000002e-14
4	18334	1.172111195199	1.0000002e-14
4	18338	1.172156872891	1.0000002e-14
4	18342	1.17307760817	1.0000002e-14
4	18352	1.173189200213	1.0000002e-14
4	18362	1.174059309764	1.0000002e-14
4	18366	1.17414492352	1.0000002e-14
4	18373	1.175060130957	1.0000002e-14
4	18383	1.175153841433	1.0000002e-14
4	18393	1.176106948076	1.0000002e-14
4	18397	1.176108562358	1.0000002e-14
4	18407	1.17706912789	1.0000002e-14
4	18414	1.177126380385	1.0000002e-14
4	18424	1.178081048171	1.0000002e-14
4	18428	1.178135509685	1.0000002e-14
4	18435	1.179065815759	1.0000002e-14
4	18442	1.179171130929	1.0000002e-14
4	18455	1.180024457278	1.0000002e-14
4	18462	1.18012832886	1.0000002e-14
4	18469	1.181017326745	1.0000002e-14
4	18482	1.181151588708	1.0000002e-14
4	18489	1.182010203436	1.0000002e-14
4	18493	1.182137022582	1.0000002e-14
4	18506	1.183040941751	1.0000002e-14
4	18510	1.183157055433	1.0000002e-14
4	18520	1.184015821699	1.0000002e-14
4	18524	1.184186637995	1.0000002e-14
4	18537	1.18504655949	1.0000002e-14
4	18541	1.185165618238	1.0000002e-14
4	18551	1.186083683442	1.0000002e-14
4	18555	1.186187477934	1.0000002e-14
4	18568	1.18704409646	1.0000002e-14
4	18572	1.187146698483	1.0000002e-14
4	18582	1.187994263301	1.0000002e-14
4	18586	1.188169988551	1.0000002e-14
4	18593	1.189034316913	1.0000002e-14
4	18603	1.189128750443	1.0000002e-14
4	18613	1.190044021353	1.0000002e-14
4	18617	1.190111483561	1.0000002e-14
4	18627	1.191081556091	1.0000002e-14
4	18631	1.191086111301	1.0000002e-14
4	18644	1.192075033812	2.1061290356685e-12
4	18648	1.192077220755	1.0000002e-14
4	18658	1.19306195395	1.0000002e-14
4	18662	1.193063602434	1.0000002e-14
4	18678	1.194037962833	1.0000002e-14
4	18682	1.194062197627	1.0000002e-14
4	18689	1.195054220732	1.0000002e-14
4	18693	1.195065580426	1.0000002e-14
4	18709	1.196031680806	1.0000002e-14
4	18713	1.19608356973	1.0000002e-14
4	18720	1.197066099602	1.0000002e-14
4	18727	1.197110707053	1.2222013061798e-14
4	18740	1.198043479188	1.0000002e-14
4	18744	1.198138464073	7.8831937622497e-12
4	18751	1.199039871434	7.65442345401e-08
4	18758	1.199160375414	1.0000002e-14
4	18771	1.20007561288	1.0000002e-14
4	18775	1.200137524048	1.0000002e-14
4	18782	1.201026714875	1.0000002e-14
4	18786	1.201157858512	1.0000002e-14
4	18805	1.202062860373	1.0000002e-14
4	18809	1.202144308936	1.0000002e-14
4	18816	1.203092077957	1.0000002e-14
4	18820	1.203166052724	1.0000002e-14
4	18836	1.204096908736	1.0000002e-14
4	18840	1.204195984476	1.0000002e-14
4	18847	1.205125227265	1.0000002e-14
4	18851	1.205189761445	1.0000002e-14
4	18867	1.206130141475	1.0000002e-14
4	18871	1.206163569636	1.0000002e-14
4	18875	1.207132865661	1.0000002e-14
4	18879	1.20720289582	1.0000002e-14
4	18898	1.208097237009	1.0000002e-14
4	18902	1.208224624669	1.0000002e-14
4	18906	1.20910620729	1.0000002e-14
4	18916	1.209219973264	1.0000002e-14
4	18929	1.210137699895	1.0000002e-14
4	18933	1.210228717699	1.0000002e-14
4	18940	1.211148278634	1.0000002e-14
4	18944	1.211261994515	1.0000002e-14
4	18960	1.212160423256	1.0000002e-14
4	18964	1.212268552075	1.0000002e-14
4	18971	1.213160401553	1.0000002e-14
4	18978	1.213223414153	1.0000002e-14
4	18988	1.21414853584	7.0612117423236e-11
4	18992	1.214191804315	1.0000002e-14
4	19002	1.215118986856	1.0000002e-14
4	19009	1.215185707933	1.0000002e-14
4	19019	1.216119443665	1.0000002e-14
4	19023	1.216171595251	2.6528641012325e-14
4	19033	1.217122251731	4.110410267914e-11
4	19037	1.217166493768	1.0000002e-14
4	19050	1.218165121029	1.0000002e-14
4	19054	1.21817003014	1.0000002e-14
4	19061	1.219120892968	1.0000002e-14
4	19065	1.219138601049	1.0000002e-14
4	19081	1.220090247841	1.0000002e-14
4	19085	1.220166850756	1.0000002e-14
4	19092	1.221101122357	3.2150012010818e-11
4	19096	1.221207662435	1.0000002e-14
4	19115	1.222092472139	1.0000002e-14
4	19119	1.222170463331	1.0000002e-14
4	19126	1.223080946959	1.0000002e-14
4	19136	1.223206817538	1.0000002e-14
4	19146	1.224059018065	1.0000002e-14
4	19150	1.224178858918	1.0000002e-14
4	19160	1.225095288486	1.0000002e-14
4	19164	1.225147095581	1.0000002e-14
4	19177	1.22604724058	1.0000002e-14
4	19181	1.226166758285	1.0000002e-14
4	19194	1.227076834355	1.0000002e-14
4	19198	1.227195349031	1.0000002e-14
4	19208	1.228040162301	1.0000002e-14
4	19212	1.228179745318	1.0000002e-14
4	19219	1.229048509038	1.0000002e-14
4	19229	1.229198459548	1.0000002e-14
4	19239	1.230004421358	1.0000002e-14
4	19243	1.230175640518	1.0000002e-14
4	19253	1.231040693519	1.0000002e-14
4	19257	1.231159311749	1.0000002e-14
4	19270	1.232015825194	1.0000002e-14
4	19274	1.232138822755	1.0000002e-14
4	19284	1.233038930743	1.0000002e-14
4	19288	1.233166792013	1.4100546122126e-14
4	19301	1.234001241794	1.0000002e-14
4	19305	1.234118903888	1.0000002e-14
4	19315	1.234967420527	1.6461542687078e-11
4	19319	1.235148414423	1.0000002e-14
4	19329	1.236012004135	1.0000002e-14
4	19336	1.236101128114	5.475732337532e-13
4	19346	1.236964144317	1.0000002e-14
4	19350	1.237142921485	1.0000002e-14
4	19360	1.237944546748	1.0000002e-14
4	19367	1.238101704197	1.0000002e-14
4	19374	1.238913942176	1.0000002e-14
4	19381	1.23907959319	1.0000002e-14
4	19391	1.239912559193	1.0000002e-14
4	19398	1.240120523596	1.0000002e-14
4	19405	1.240901263288	1.0000002e-14
4	19412	1.24107283431	1.0000002e-14
4	19425	1.241944069902	1.0000002e-14
4	19429	1.242062204668	1.0000002e-14
4	19442	1.242979422245	1.0000002e-14
4	19446	1.243032908658	1.0000002e-14
4	19456	1.243986670242	1.0000002e-14
4	19463	1.243990515099	1.0000002e-14
4	19470	1.244985494475	1.0000002e-14
4	19477	1.24500314209	1.0000002e-14
4	19487	1.245953156502	1.0000002e-14
4	19491	1.246022929681	1.0000002e-14
4	19504	1.246924487935	1.0000002e-14
4	19508	1.246999211468	1.0000002e-14
4	19515	1.247888013505	1.0000002e-14
4	19522	1.247984898495	1.0000002e-14
4	19535	1.248884184147	1.0000002e-14
4	19539	1.248965319469	1.0000002e-14
4	19549	1.249904278538	1.0000002e-14
4	19555	1.250001749681	1.0000002e-14
4	19568	1.250902679957	1.0000002e-14
4	19572	1.25101439295	1.0000002e-14
4	19582	1.251920283531	1.0000002e-14
4	19586	1.251971917302	1.0000002e-14
4	19599	1.252942380493	1.0000002e-14
4	19603	1.253011379754	1.0000002e-14
4	19613	1.253944119932	1.0000002e-14
4	19617	1.25402835716	1.0000002e-14
4	19630	1.254895454668	1.0000002e-14
4	19634	1.254978856675	1.0000002e-14
4	19644	1.255850469124	1.0000002e-14
4	19648	1.255984736693	1.0000002e-14
4	19661	1.25683576237	1.0000002e-14
4	19665	1.256959689793	1.0000002e-14
4	19675	1.257789844281	1.0000002e-14
4	19679	1.257911320419	1.0000002e-14
4	19689	1.258791829445	1.0000002e-14
4	19699	1.258959599678	1.0000002e-14
4	19706	1.259820616529	1.0000002e-14
4	19710	1.259918230448	1.0000002e-14
4	19723	1.260833690885	1.0000002e-14
4	19727	1.26091023864	1.0000002e-14
4	19740	1.261824447175	1.0000002e-14
4	19744	1.261919521697	1.0000002e-14
4	19757	1.262850248521	1.0000002e-14
4	19761	1.262907788026	5.5705940584555e-13
4	19771	1.263851176579	1.0000002e-14
4	19778	1.263934267846	2.0434855543426e-11
4	19788	1.264899344394	1.0000002e-14
4	19792	1.264960405022	1.0000002e-14
4	19805	1.265948949524	1.0000002e-14
4	19809	1.265964945851	1.0000002e-14
4	19819	1.266908111117	1.0000002e-14
4	19823	1.26693138237	1.0413920912215e-14
4	19836	1.267915467003	1.0000002e-14
4	19840	1.267929911232	1.0000002e-14
4	19850	1.26893127807	1.0000002e-14
4	19854	1.268957091329	1.0000002e-14
4	19867	1.269902539704	1.0000002e-14
4	19871	1.269931828584	1.0000002e-14
4	19881	1.270938915826	1.0000002e-14
4	19885	1.270946292945	1.9983740105103e-10
4	19901	1.271909628572	2.8124642270449e-12
4	19905	1.271915954751	1.0000002e-14
4	19912	1.272898957258	1.0000002e-14
4	19916	1.272924982603	1.0000002e-14
4	19932	1.273855349788	1.0000002e-14
4	19936	1.273943149062	1.0000002e-14
4	19943	1.274877714427	1.0000002e-14
4	19947	1.274903306683	1.0000002e-14
4	19963	1.275831862806	1.0000002e-14
4	19967	1.275943244905	1.0000002e-14
4	19974	1.276839846642	3.580757021174e-14
4	19978	1.276968197706	1.7454853356577e-13
4	19991	1.277889822066	1.0000002e-14
4	19998	1.277994353982	1.0000002e-14
4	20005	1.27893501328	1.0000002e-14
4	20009	1.278999017278	1.0000002e-14
4	20022	1.279911013149	1.0000002e-14
4	20026	1.279965736509	1.0000002e-14
4	20036	1.280935292405	1.0000002e-14
4	20040	1.280941712541	1.0000002e-14
4	20056	1.281890093193	1.0000002e-14
4	20060	1.281913084417	1.0000002e-14
4	20070	1.282873393779	1.0000002e-14
4	20074	1.282885775857	1.0000002e-14
4	20087	1.283860519873	1.0000002e-14
4	20094	1.283918799356	1.0000002e-14
4	20101	1.284822925407	1.0000002e-14
4	20105	1.284929720604	1.0000002e-14
4	20118	1.285785004044	1.0000002e-14
4	20125	1.285918227534	1.0000002e-14
4	20129	1.286739280715	1.0000002e-14
4	20139	1.286948087778	1.0000002e-14
4	20149	1.287783875851	1.0000002e-14
4	20153	1.287901820332	1.0000002e-14
4	20163	1.288807021749	1.0000002e-14
4	20170	1.288906707229	1.0000002e-14
4	20180	1.289766795443	1.0000002e-14
4	20187	1.28993259023	1.0000002e-14
4	20194	1.2907322728	1.0992220583616e-11
4	20201	1.290959884892	1.0000002e-14
4	20211	1.291771286525	1.0000002e-14
4	20215	1.291935563239	1.0000002e-14
4	20225	1.292764533576	1.0000002e-14
4	20232	1.292935706807	1.0000002e-14
4	20242	1.29371790144	1.0000002e-14
4	20246	1.293925351446	1.0000002e-14
4	20256	1.294718370327	1.0000002e-14
4	20260	1.294889885572	1.0000002e-14
4	20273	1.295685706511	1.0000002e-14
4	20277	1.295849131602	1.0000002e-14
4	20287	1.29670160033	1.0000002e-14
4	20291	1.296869904226	1.0000002e-14
4	20301	1.297661289699	1.0000002e-14
4	20308	1.297900207692	1.0000002e-14
4	20315	1.298633180482	1.0000002e-14
4	20322	1.298877655434	1.0000002e-14
4	20332	1.299649026237	1.0000002e-14
4	20339	1.299836302403	1.0000002e-14
4	20346	1.300603165901	1.0000002e-14
4	20353	1.300850232018	1.0000002e-14
4	20369	1.301650146652	1.0000002e-14
4	20373	1.3018213039	1.0000002e-14
4	20383	1.302692949931	1.0000002e-14
4	20387	1.30287111736	1.0000002e-14
4	20400	1.303709046046	1.0000002e-14
4	20404	1.30384789793	1.0000002e-14
4	20414	1.304661727845	1.0000002e-14
4	20418	1.304811565797	1.0000002e-14
4	20428	1.305708281657	1.0000002e-14
4	20435	1.305785606077	1.0000002e-14
4	20445	1.306741090544	1.0000002e-14
4	20449	1.30682835995	1.0000002e-14
4	20462	1.307695551645	1.0000002e-14
4	20466	1.307862104371	1.0000002e-14
4	20476	1.308678574083	1.0000002e-14
4	20480	1.308873057973	1.0000002e-14
4	20490	1.309690185502	1.0000002e-14
4	20497	1.309857945027	1.0000002e-14
4	20507	1.310652665801	1.0000002e-14
4	20511	1.310862858221	1.0000002e-14
4	20521	1.311659937208	1.0000002e-14
4	20528	1.311896102836	1.0000002e-14
4	20538	1.312675533869	1.0000002e-14
4	20542	1.312863247401	1.0000002e-14
4	20552	1.313648555049	1.0000002e-14
4	20559	1.313829638433	1.0000002e-14
4	20569	1.314626590364	1.0000002e-14
4	20573	1.314849561661	1.0000002e-14
4	20583	1.315586707578	1.0000002e-14
4	20587	1.315884619697	1.0000002e-14
4	20600	1.316574444568	1.0000002e-14
4	20604	1.316904669628	1.0000002e-14
4	20614	1.317597703206	1.0000002e-14
4	20621	1.317871049947	1.0000002e-14
4	20631	1.318567412056	1.0000002e-14
4	20635	1.318919397611	1.0000002e-14
4	20645	1.319579926687	1.0000002e-14
4	20655	1.319886172419	1.0000002e-14
4	20662	1.320628771586	1.0000002e-14
4	20666	1.320924121486	1.0000002e-14
4	20679	1.321630831841	1.0000002e-14
4	20689	1.321907486834	1.0000002e-14
4	20696	1.322676149496	1.0000002e-14
4	20700	1.322876064675	1.0000002e-14
4	20713	1.323715213289	1.0000002e-14
4	20720	1.323901010078	1.0000002e-14
4	20727	1.324728442788	1.0000002e-14
4	20731	1.324869737569	1.0000002e-14
4	20747	1.325758984165	3.225790141099e-13
4	20751	1.325853737668	1.0000002e-14
4	20758	1.326759133873	1.0000002e-14
4	20762	1.326849187772	1.0000002e-14
4	20775	1.327796168158	1.0000002e-14
4	20779	1.327859433731	1.0000002e-14
4	20789	1.328795452084	1.0000002e-14
4	20793	1.328827182713	1.0000002e-14
4	20809	1.329824535277	1.0000002e-14
4	20813	1.329870544556	1.0000002e-14
4	20820	1.330827340743	1.0000002e-14
4	20824	1.330889199745	1.0000002e-14
4	20840	1.331875372332	1.0000002e-14
4	20844	1.331922206291	1.0000002e-14
4	20851	1.33284379275	1.0000002e-14
4	20855	1.332949621684	1.0000002e-14
4	20871	1.333871603987	1.0000002e-14
4	20875	1.333984672488	1.0000002e-14
4	20882	1.334909260338	1.0000002e-14
4	20886	1.334957891211	1.0000002e-14
4	20902	1.33595372177	1.0000002e-14
4	20906	1.336005899484	1.0000002e-14
4	20913	1.336946345189	1.0000002e-14
4	20917	1.336960374319	1.0000002e-14
4	20930	1.337962935002	1.0000002e-14
4	20934	1.337969071428	1.0000002e-14
4	20944	1.338936009879	1.0000002e-14
4	20948	1.338938963448	1.0000002e-14
4	20958	1.339908018493	1.0000002e-14
4	20962	1.339961894403	1.0000002e-14
4	20975	1.340908327172	3.6777443819988e-11
4	20979	1.340937418771	1.0000002e-14
4	20995	1.341877539899	1.0000002e-14
4	20999	1.34191124684	1.0000002e-14
4	21009	1.342865112464	1.0000002e-14
4	21013	1.342882820338	1.0000002e-14
4	21023	1.343848087281	1.0000002e-14
4	21030	1.343870005797	1.0000002e-14
4	21040	1.344841306974	1.0000002e-14
4	21044	1.344879928231	1.0000002e-14
4	21057	1.345832149433	1.0000002e-14
4	21061	1.345884055882	1.0000002e-14
4	21071	1.346880393227	1.0000002e-14
4	21075	1.346896317132	1.0000002e-14
4	21085	1.347896059663	1.0000002e-14
4	21089	1.347900457184	1.0000002e-14
4	21102	1.34886622358	1.0000002e-14
4	21106	1.348911177849	1.0000002e-14
4	21116	1.34990672708	1.0000002e-14
4	21120	1.349911535075	1.0000002e-14
4	21133	1.350865099849	1.0000002e-14
4	21137	1.350879729059	1.0000002e-14
4	21150	1.351823890349	1.0000002e-14
4	21154	1.35185859819	1.0000002e-14
4	21167	1.352779475741	1.0000002e-14
4	21171	1.352809422523	1.0000002e-14
4	21181	1.353753930686	1.0000002e-14
4	21185	1.353804272503	1.0000002e-14
4	21195	1.354753704795	1.0000002e-14
4	21199	1.35482962053	1.0000002e-14
4	21209	1.355737706175	1.0000002e-14
4	21216	1.355830605025	1.0000002e-14
4	21226	1.356722561651	1.0000002e-14
4	21230	1.356801522809	1.0000002e-14
4	21240	1.357675865167	1.0000002e-14
4	21244	1.357758494953	1.7986470285798e-14
4	21257	1.358669673473	1.0000002e-14
4	21261	1.358763753309	1.0000002e-14
4	21271	1.359696026153	1.0000002e-14
4	21275	1.359745284019	1.0000002e-14
4	21294	1.36070179258	1.0000002e-14
4	21298	1.360711005075	1.0000002e-14
4	21305	1.361654646275	2.1390131257273e-13
4	21309	1.361680922308	1.0000002e-14
4	21319	1.362607612881	1.0000002e-14
4	21329	1.36267915711	1.0000002e-14
4	21336	1.3636175074	1.0000002e-14
4	21343	1.36369585691	1.0000002e-14
4	21353	1.364586061725	1.0000002e-14
4	21357	1.36464790584	1.0000002e-14
4	21370	1.365551790013	1.0000002e-14
4	21374	1.365642386544	1.0000002e-14
4	21381	1.366531450823	1.0000002e-14
4	21388	1.366662718647	1.0000002e-14
4	21398	1.367482110046	1.0000002e-14
4	21405	1.367672525201	1.0000002e-14
4	21412	1.368454547333	1.0000002e-14
4	21416	1.368709404524	1.0000002e-14
4	21429	1.369498589143	1.0000002e-14
4	21436	1.36966238582	1.0000002e-14
4	21443	1.370459372589	1.0000002e-14
4	21447	1.370625070677	1.0000002e-14
4	21463	1.371489895179	1.0000002e-14
4	21467	1.371635366677	1.0000002e-14
4	21474	1.372467482683	1.0000002e-14
4	21478	1.372672166206	1.0000002e-14
4	21491	1.373462935669	1.0000002e-14
4	21498	1.373642273405	1.0000002e-14
4	21505	1.374439552043	1.0000002e-14
4	21509	1.374598385934	1.0000002e-14
4	21522	1.37543541276	1.0000002e-14
4	21529	1.375601256385	1.0000002e-14
4	21536	1.37642984546	1.0000002e-14
4	21540	1.376621407571	1.0000002e-14
4	21550	1.377404218012	1.0000002e-14
4	21560	1.377597687549	1.0000002e-14
4	21567	1.378448419031	1.0000002e-14
4	21571	1.378610549599	1.0000002e-14
4	21587	1.379403618917	5.8616504802778e-14
4	21591	1.379638636491	1.0000002e-14
4	21598	1.380381750863	1.0000002e-14
4	21602	1.380638830107	1.0000002e-14
4	21618	1.381350557962	1.0000002e-14
4	21625	1.381615063139	1.0000002e-14
4	21632	1.382346197265	4.536142348299e-12
4	21636	1.382587011755	1.0000002e-14
4	21649	1.383319669674	1.0000002e-14
4	21656	1.383552965899	1.0000002e-14
4	21663	1.384366914098	1.0000002e-14
4	21667	1.38455445836	1.0000002e-14
4	21680	1.385414780584	1.0000002e-14
4	21687	1.385576671766	2.0779781110332e-06
4	21694	1.386436762813	1.0000002e-14
4	21698	1.386527064889	1.0000002e-14
4	21714	1.387434356064	1.0000002e-14
4	21718	1.387513360674	4.0510921850834e-08
4	21725	1.388428263115	1.0000002e-14
4	21729	1.388492416662	1.0000002e-14
4	21742	1.389457654026	1.0000002e-14
4	21746	1.389464459091	1.0000002e-14
4	21756	1.390460907951	1.0000002e-14
4	21760	1.390485694852	1.0000002e-14
4	21776	1.391484970813	1.0000002e-14
4	21780	1.39149600656	1.0000002e-14
4	21787	1.392483831093	1.0000002e-14
4	21791	1.39251194839	1.0000002e-14
4	21807	1.393452749174	1.0000002e-14
4	21811	1.393546347574	1.0000002e-14
4	21818	1.394422332036	1.0000002e-14
4	21822	1.394547300376	1.0000002e-14
4	21838	1.395437739724	1.0000002e-14
4	21842	1.395545423963	1.0000002e-14
4	21849	1.396443763718	1.0000002e-14
4	21853	1.396528784393	1.0000002e-14
4	21869	1.397424484523	7.7927111588313e-14
4	21873	1.397541330616	1.0000002e-14
4	21880	1.39840250607	1.0000002e-14
4	21884	1.398521433115	1.0000002e-14
4	21900	1.399402973574	1.0000002e-14
4	21904	1.399503434469	1.0000002e-14
4	21911	1.400431957877	7.8703704740592e-14
4	21915	1.400473335409	1.0000002e-14
4	21934	1.401471254614	1.0000002e-14
4	21938	1.401480561561	1.0000002e-14
4	21945	1.402477308265	1.0000002e-14
4	21949	1.402502354724	1.0000002e-14
4	21965	1.403493055605	1.0000002e-14
4	21969	1.403503399075	1.0000002e-14
4	21976	1.4044569582	1.0000002e-14
4	21980	1.404486742773	1.0000002e-14
4	21996	1.40546986843	1.0000002e-14
4	22000	1.405481738444	1.0000002e-14
4	22007	1.406448182855	1.0000002e-14
4	22011	1.406478655975	1.0000002e-14
4	22027	1.407457571112	1.0000002e-14
4	22031	1.407516951148	1.0000002e-14
4	22038	1.408421882873	1.0000002e-14
4	22042	1.408467485585	1.0000002e-14
4	22058	1.409419436485	1.0000002e-14
4	22062	1.409449522957	1.0000002e-14
4	22069	1.410407611062	1.0000002e-14
4	22076	1.410460016848	1.0000002e-14
4	22089	1.411448303012	1.0000002e-14
4	22093	1.411481860338	1.0000002e-14
4	22100	1.412453019342	1.0000002e-14
4	22104	1.41247605737	1.0000002e-14
4	22120	1.413409343305	1.0000002e-14
4	22124	1.413489295721	1.0000002e-14
4	22131	1.414439828102	1.0000002e-14
4	22138	1.414458765728	1.0000002e-14
4	22151	1.415404454197	1.0000002e-14
4	22155	1.41542153789	1.0000002e-14
4	22165	1.416437076509	1.0000002e-14
4	22169	1.41646677208	1.0000002e-14
4	22182	1.417407132932	1.0000002e-14
4	22186	1.417498911913	1.0000002e-14
4	22196	1.41844918306	1.0000002e-14
4	22200	1.418453894588	1.0000002e-14
4	22213	1.419406987222	1.0000002e-14
4	22217	1.419479318021	1.0000002e-14
4	22227	1.420401895518	1.4397844735101e-13
4	22231	1.420478333103	1.0000002e-14
4	22247	1.421352514907	2.1753670092124e-14
4	22251	1.421445080134	2.1270021871352e-14
4	22261	1.422349728942	1.0000002e-14
4	22265	1.422401790734	1.0000002e-14
4	22278	1.423345004164	2.2254758366367e-11
4	22282	1.423417526908	1.0000002e-14
4	22292	1.424355700143	1.0000002e-14
4	22296	1.424430049171	1.0000002e-14
4	22309	1.425385947331	1.0000002e-14
4	22313	1.425474539811	1.0000002e-14
4	22323	1.426338864338	1.0000002e-14
4	22327	1.426433185926	1.0000002e-14
4	22340	1.427340762939	1.0000002e-14
4	22344	1.427452963949	1.0000002e-14
4	22354	1.428378444055	1.0000002e-14
4	22361	1.428498839613	1.0000002e-14
4	22368	1.429336817384	1.0000002e-14
4	22375	1.429494351756	1.0000002e-14
4	22385	1.430288240746	1.0000002e-14
4	22392	1.430516181759	1.0000002e-14
4	22399	1.431258840023	1.7683047325492e-10
4	22406	1.431490531238	2.8531057123453e-12
4	22413	1.432275670713	1.0000002e-14
4	22423	1.43250654754	1.061383628664e-05
4	22430	1.433311744552	1.0000002e-14
4	22437	1.433527041951	1.0000002e-14
4	22450	1.434345107007	1.0000002e-14
4	22454	1.434557974886	1.0000002e-14
4	22461	1.435380553553	4.3565842948895e-13
4	22468	1.435584284815	1.7148625982999e-12
4	22481	1.43642596036	1.0000002e-14
4	22488	1.436626500807	1.0000002e-14
4	22492	1.437401070034	5.3672389611999e-14
4	22499	1.437643637637	1.0000002e-14
4	22512	1.43842244826	1.0000002e-14
4	22516	1.43861278689	1.0000002e-14
4	22523	1.43941900821	1.0000002e-14
4	22530	1.439633754707	1.0000002e-14
4	22546	1.440454523246	1.0000002e-14
4	22550	1.440601809076	1.0000002e-14
4	22557	1.441408705857	1.0000002e-14
4	22564	1.441646096618	1.0000002e-14
4	22577	1.442427512158	1.0000002e-14
4	22581	1.442686014799	1.0000002e-14
4	22588	1.443412696096	1.0000002e-14
4	22595	1.443714173437	1.0000002e-14
4	22605	1.444378485262	1.0000002e-14
4	22615	1.444732299606	1.0000002e-14
4	22619	1.445405962447	1.0000002e-14
4	22626	1.445766464979	1.0000002e-14
4	22633	1.446363434724	1.0000002e-14
4	22646	1.446798747586	1.0000002e-14
4	22650	1.447381770631	1.0000002e-14
4	22657	1.447784233305	1.0000002e-14
4	22667	1.448420021657	1.8680518766665e-13
4	22677	1.448759959128	1.0000002e-14
4	22681	1.449448434378	1.0000002e-14
4	22685	1.449743669668	1.0000002e-14
4	22704	1.450493982329	1.0000002e-14
4	22708	1.45075976096	3.9598326121204e-11
4	22712	1.451491854907	1.0000002e-14
4	22716	1.451744249163	1.0000002e-14
4	22732	1.452519124573	1.0665553716443e-11
4	22739	1.452721441326	1.0000002e-14
4	22743	1.453518565497	1.0000002e-14
4	22747	1.453769774598	2.9143752651258e-13
4	22757	1.454486670607	1.0000002e-14
4	22770	1.454747240832	1.0000002e-14
4	22774	1.455496731075	1.0000002e-14
4	22778	1.455729507778	1.0000002e-14
4	22794	1.45648342084	1.0000002e-14
4	22798	1.456740559425	1.0000002e-14
4	22805	1.457436453895	1.0000002e-14
4	22809	1.457774526744	1.0000002e-14
4	22825	1.458463721139	1.0000002e-14
4	22829	1.458786326228	1.0000002e-14
4	22836	1.45948556712	1.0000002e-14
4	22840	1.459762406241	1.0000002e-14
4	22859	1.460491031908	7.5493578121238e-13
4	22863	1.460775306094	1.0000002e-14
4	22870	1.46145307114	1.0000002e-14
4	22874	1.461799776783	1.0000002e-14
4	22890	1.46242110693	1.0000002e-14
4	22897	1.462753939143	1.0000002e-14
4	22901	1.463433961943	1.0000002e-14
4	22905	1.463798900654	1.0000002e-14
4	22921	1.464426666279	1.0000002e-14
4	22928	1.464758463507	1.0000002e-14
4	22932	1.465420013367	1.0000002e-14
4	22936	1.465788779946	5.4036658449984e-13
4	22949	1.466399004148	1.0000002e-14
4	22959	1.466819136313	1.0000002e-14
4	22963	1.467434236108	1.0000002e-14
4	22970	1.467839552859	1.0000002e-14
4	22983	1.468474133146	1.0000002e-14
4	22990	1.468884773645	1.0000002e-14
4	22994	1.469500193742	1.0000002e-14
4	22998	1.469888787702	1.0000002e-14
4	23014	1.470549747591	1.0000002e-14
4	23021	1.470864047492	1.0000002e-14
4	23025	1.471547135295	1.0000002e-14
4	23029	1.471878139011	1.0000002e-14
4	23048	1.472589249737	1.0000002e-14
4	23052	1.472897386965	1.5632290144212e-13
4	23056	1.473559625113	1.0000002e-14
4	23063	1.473888488954	1.0000002e-14
4	23073	1.474549968137	1.0000002e-14
4	23083	1.474903461068	1.0000002e-14
4	23087	1.475518684747	1.0000002e-14
4	23091	1.475944118258	1.0000002e-14
4	23104	1.4764899066	1.0000002e-14
4	23114	1.476901852446	1.0000002e-14
4	23118	1.477454890868	1.0000002e-14
4	23125	1.477868683108	1.0000002e-14
4	23135	1.478499155336	1.0000002e-14
4	23145	1.478826904115	1.0000002e-14
4	23149	1.479461120107	1.0000002e-14
4	23159	1.479874921865	1.0000002e-14
4	23166	1.48049727777	1.1988270070757e-14
4	23179	1.480852102633	1.0000002e-14
4	23183	1.481525992474	1.0000002e-14
4	23187	1.481880565881	1.4557695940268e-10
4	23200	1.482483707186	1.0000002e-14
4	23210	1.482922163063	1.0000002e-14
4	23214	1.483528934089	1.0000002e-14
4	23218	1.483946837462	1.0000002e-14
4	23231	1.484522902939	1.0000002e-14
4	23241	1.484980129394	1.0000002e-14
4	23245	1.485554256698	1.0000002e-14
4	23252	1.486007820471	1.0000002e-14
4	23262	1.486509654349	1.0000002e-14
4	23272	1.487057011592	1.0000002e-14
4	23276	1.487522612909	1.0000002e-14
4	23280	1.488007784961	1.0000002e-14
4	23293	1.488553358276	1.0000002e-14
4	23303	1.489003864436	1.0000002e-14
4	23307	1.489542404621	1.0000002e-14
4	23314	1.489991113656	1.0000002e-14
4	23324	1.49054802974	1.0000002e-14
4	23334	1.490973536566	1.0000002e-14
4	23338	1.491548476369	1.0000002e-14
4	23342	1.491930426639	1.0000002e-14
4	23352	1.492504641775	1.8617959627308e-12
4	23365	1.492940042742	1.0000002e-14
4	23369	1.493529225742	1.0000002e-14
4	23373	1.49391752434	1.0000002e-14
4	23383	1.494497526041	1.0000002e-14
4	23396	1.494906767622	1.0000002e-14
4	23400	1.495488152994	1.0000002e-14
4	23404	1.495902238612	1.0000002e-14
4	23420	1.496512848237	3.1666471210048e-12
4	23427	1.496874428939	1.0000002e-14
4	23431	1.497539254924	1.0000002e-14
4	23435	1.497880655808	1.0000002e-14
4	23451	1.49854504433	1.0000002e-14
4	23455	1.498883262302	1.0000002e-14
4	23462	1.499556391078	1.0000002e-14
4	23469	1.499896381883	1.0000002e-14
4	23487	1.500548968536	1.0000002e-14
4	23494	1.500892309435	1.0000002e-14
4	23498	1.501574245408	1.0000002e-14
4	23505	1.501922569487	1.0000002e-14
4	23515	1.502534674164	1.0000002e-14
4	23525	1.502905688691	1.0000002e-14
4	23529	1.503546531572	1.0000002e-14
4	23536	1.503886122813	1.0000002e-14
4	23549	1.504528089236	4.5569240473076e-14
4	23556	1.50487932214	1.0000002e-14
4	23563	1.505525690669	8.3991827284501e-10
4	23567	1.50588555702	1.8686755103246e-13
4	23580	1.506527325014	1.0000002e-14
4	23584	1.506853690669	1.0000002e-14
4	23591	1.507538790692	1.0000002e-14
4	23601	1.507836290087	1.0000002e-14
4	23611	1.508495801288	1.0000002e-14
4	23615	1.508881108157	1.0000002e-14
4	23622	1.509523185526	1.0000002e-14
4	23629	1.509844491283	1.0000002e-14
4	23639	1.51047728039	1.0000002e-14
4	23646	1.510878503449	1.0000002e-14
4	23653	1.511511546629	6.8782966801326e-12
4	23660	1.511855910315	1.0000002e-14
4	23670	1.51249928032	1.0000002e-14
4	23677	1.512829608685	1.0000002e-14
4	23684	1.513526105068	1.0000002e-14
4	23691	1.513781714577	1.0000002e-14
4	23701	1.514496394162	1.0000002e-14
4	23705	1.51473656095	1.0000002e-14
4	23715	1.515484756848	1.0000002e-14
4	23722	1.515713423074	1.0000002e-14
4	23732	1.516484280596	2.2670081588804e-14
4	23736	1.516754037026	1.0000002e-14
4	23746	1.517490099078	1.0000002e-14
4	23756	1.517723086637	1.0000002e-14
4	23763	1.518519655665	1.0000002e-14
4	23770	1.518741884315	1.0000002e-14
4	23777	1.519527141113	1.0000002e-14
4	23787	1.519759555594	1.0000002e-14
4	23794	1.520554531441	1.0000002e-14
4	23798	1.520721544499	1.0000002e-14
4	23811	1.521576477443	1.0000002e-14
4	23815	1.521729129468	1.0000002e-14
4	23828	1.522578452175	1.0000002e-14
4	23835	1.522755939247	1.0000002e-14
4	23842	1.523610127048	1.0000002e-14
4	23846	1.523758416873	1.1177159860582e-09
4	23859	1.524628835346	1.0000002e-14
4	23866	1.524720379102	1.0000002e-14
4	23873	1.525665067266	1.0000002e-14
4	23880	1.525721005461	1.0000002e-14
4	23890	1.52666001717	1.0000002e-14
4	23894	1.526674592951	1.0000002e-14
4	23904	1.527611718737	1.0000002e-14
4	23908	1.527656070522	1.0000002e-14
4	23921	1.528635417943	1.0000002e-14
4	23925	1.528695443629	1.0000002e-14
4	23935	1.529609765886	1.0000002e-14
4	23942	1.529715939528	1.0000002e-14
4	23952	1.530599107183	1.0000002e-14
4	23956	1.530702546234	1.0000002e-14
4	23969	1.53164517346	1.0000002e-14
4	23973	1.531740540581	1.0000002e-14
4	23983	1.532639961685	1.0000002e-14
4	23990	1.532783862869	1.0000002e-14
4	23997	1.533616308914	1.0000002e-14
4	24004	1.533804723386	1.0000002e-14
4	24014	1.534621520522	1.0000002e-14
4	24021	1.534786203269	1.0000002e-14
4	24028	1.535655785961	1.0000002e-14
4	24032	1.535776701443	7.8330584498611e-12
4	24045	1.536629677672	1.0000002e-14
4	24052	1.536801715017	1.0000002e-14
4	24059	1.53760000993	1.0000002e-14
4	24063	1.537780317004	1.0000002e-14
4	24076	1.538597354381	1.0000002e-14
4	24083	1.538766190969	1.0000002e-14
4	24090	1.539631343618	1.0000002e-14
4	24094	1.539721386065	1.0000002e-14
4	24107	1.540645011239	1.0000002e-14
4	24111	1.540734395425	1.0000002e-14
4	24124	1.541690824758	1.0000002e-14
4	24128	1.541696857277	1.0000002e-14
4	24144	1.542676975471	1.0000002e-14
4	24148	1.542680537561	1.0000002e-14
4	24155	1.543696506459	1.0000002e-14
4	24162	1.543712578347	3.1483809897525e-12
4	24172	1.544684877341	1.0000002e-14
4	24176	1.544724253161	1.0000002e-14
4	24186	1.545662243117	1.0000002e-14
4	24190	1.545679487585	1.0000002e-14
4	24200	1.546653872261	1.0000002e-14
4	24204	1.546700279088	1.0000002e-14
4	24217	1.547684360212	1.0000002e-14
4	24221	1.547720331973	1.1448402219149e-08
4	24231	1.548646826117	1.0000002e-14
4	24235	1.54868413983	1.0000002e-14
4	24248	1.549648859865	1.0000002e-14
4	24255	1.549699629435	1.0000002e-14
4	24262	1.550609027744	1.0000002e-14
4	24266	1.550728694632	1.0000002e-14
4	24279	1.551637950084	1.182543816635e-14
4	24283	1.551716772691	1.0000002e-14
4	24293	1.55262209162	1.0000002e-14
4	24297	1.552712883336	1.0000002e-14
4	24310	1.553611823016	1.0000002e-14
4	24314	1.55373364508	1.0000002e-14
4	24324	1.554592323206	1.0000002e-14
4	24328	1.554686911765	1.0000002e-14
4	24341	1.555585067873	1.0000002e-14
4	24345	1.555637398826	1.0000002e-14
4	24355	1.556540168812	1.0000002e-14
4	24359	1.556608925554	1.0000002e-14
4	24372	1.557515255999	1.0000002e-14
4	24376	1.55765535195	1.0000002e-14
4	24386	1.558503483242	1.0000002e-14
4	24390	1.558663375842	6.6436025936907e-14
4	24403	1.559484050731	1.0000002e-14
4	24407	1.559666535283	1.0000002e-14
4	24417	1.56044241091	1.0000002e-14
4	24421	1.560625879381	1.0000002e-14
4	24437	1.561459332112	1.0000002e-14
4	24441	1.561623050776	1.0000002e-14
4	24451	1.562459710716	1.4598221134832e-12
4	24455	1.562606884387	1.0000002e-14
4	24468	1.563486962216	1.0000002e-14
4	24472	1.563647163546	1.0000002e-14
4	24482	1.564488764506	1.0000002e-14
4	24489	1.564603868879	1.0000002e-14
4	24499	1.565441716752	1.0000002e-14
4	24503	1.565598845464	1.0000002e-14
4	24513	1.566414153176	1.0000002e-14
4	24517	1.566589885244	1.0000002e-14
4	24530	1.567435089591	1.0000002e-14
4	24534	1.567564560961	1.3330163442981e-09
4	24544	1.568468228814	1.0000002e-14
4	24548	1.568595058776	1.0000002e-14
4	24561	1.569424667085	1.0000002e-14
4	24565	1.569612126833	1.0000002e-14
4	24575	1.570388469076	1.0000002e-14
4	24579	1.570575794779	1.7266452108729e-12
4	24592	1.571411917895	1.0000002e-14
4	24599	1.571611044424	1.0000002e-14
4	24606	1.572380215255	1.0000002e-14
4	24610	1.572611790565	1.0000002e-14
4	24623	1.573337509042	1.0000002e-14
4	24630	1.5735656327	1.0000002e-14
4	24637	1.574370588614	2.4384804868668e-14
4	24641	1.57458801089	1.0000002e-14
4	24654	1.575372932854	1.0000002e-14
4	24658	1.575560130143	1.0000002e-14
4	24668	1.576415714801	3.2381993463959e-13
4	24672	1.576518651293	1.0000002e-14
4	24688	1.577463949417	1.0000002e-14
4	24692	1.577493868828	1.0000002e-14
4	24699	1.578446834443	1.0000002e-14
4	24706	1.578521890533	1.1818472162886e-10
4	24716	1.579429062439	1.0000002e-14
4	24720	1.579506231268	1.0000002e-14
4	24730	1.580390939511	1.0000002e-14
4	24734	1.580503414779	1.0000002e-14
4	24750	1.581412765382	1.0000002e-14
4	24754	1.581478452756	1.0000002e-14
4	24764	1.582420190057	1.0000002e-14
4	24771	1.582482157934	1.0000002e-14
4	24781	1.583385842563	1.0000002e-14
4	24788	1.583523795881	1.0000002e-14
4	24795	1.5843698441	1.0000002e-14
4	24799	1.584517176094	1.0000002e-14
4	24812	1.585325273149	1.0000002e-14
4	24819	1.585561323472	1.0000002e-14
4	24826	1.586305648156	1.0000002e-14
4	24830	1.586525054364	1.0000002e-14
4	24846	1.58728973081	1.0000002e-14
4	24850	1.587525414909	1.0000002e-14
4	24857	1.588332150518	1.0000002e-14
4	24861	1.588475981669	1.0000002e-14
4	24877	1.589313153303	1.0000002e-14
4	24881	1.589469876526	1.0000002e-14
4	24888	1.590307015142	1.0000002e-14
4	24892	1.590432889462	1.0000002e-14
4	24908	1.591350844585	1.0000002e-14
4	24912	1.59142070215	1.0000002e-14
4	24919	1.592309814372	1.0000002e-14
4	24923	1.592398741705	1.0000002e-14
4	24939	1.59329824957	1.0000002e-14
4	24943	1.59336576206	1.0000002e-14
4	24950	1.594321888739	1.0000002e-14
4	24954	1.594354923515	1.0000002e-14
4	24970	1.595358143768	1.0000002e-14
4	24974	1.595401201897	1.0000002e-14
4	24981	1.596364626497	1.0000002e-14
4	24985	1.596413380506	1.0000002e-14
4	25001	1.597381184652	1.7976533307331e-13
4	25005	1.597429134659	1.0000002e-14
4	25012	1.598367593211	1.0000002e-14
4	25016	1.598406280847	1.0000002e-14
4	25032	1.599336323717	1.0000002e-14
4	25036	1.599379994492	1.0000002e-14
4	25040	1.60036257558	6.4357534438997e-13
4	25047	1.600408675673	1.0000002e-14
4	25066	1.601318944291	1.0000002e-14
4	25070	1.601455940754	1.0000002e-14
4	25077	1.602275590691	2.2059772902869e-14
4	25081	1.602413248923	1.0000002e-14
4	25097	1.603264225322	1.0000002e-14
4	25101	1.603421522858	1.0000002e-14
4	25108	1.604291150147	1.0000002e-14
4	25112	1.604389276042	1.0000002e-14
4	25128	1.605268886862	1.0000002e-14
4	25132	1.60543417565	1.0000002e-14
4	25139	1.60627334873	1.0000002e-14
4	25143	1.606449749679	1.0000002e-14
4	25156	1.607232984398	1.0000002e-14
4	25163	1.607417938017	1.0000002e-14
4	25170	1.60822458453	1.0000002e-14
4	25174	1.608402590347	1.0000002e-14
4	25184	1.609239388808	1.0000002e-14
4	25194	1.609446208905	1.0000002e-14
4	25201	1.610258426924	1.0000002e-14
4	25208	1.610428314121	1.0000002e-14
4	25218	1.611265830816	6.7333648029899e-13
4	25225	1.611409373827	1.0000002e-14
4	25232	1.612282133416	4.0538162003202e-14
4	25239	1.612431167634	1.0000002e-14
4	25252	1.613259327577	1.0000002e-14
4	25256	1.613439395128	1.0000002e-14
4	25266	1.614258693362	1.0000002e-14
4	25270	1.614478318671	1.0000002e-14
4	25283	1.615274742423	1.0000002e-14
4	25287	1.615468645841	1.0000002e-14
4	25297	1.616261629668	1.0000002e-14
4	25301	1.616487085268	1.0000002e-14
4	25314	1.617237867969	1.0000002e-14
4	25318	1.617528130414	1.2528757199764e-14
4	25328	1.618234780884	1.0000002e-14
4	25332	1.61850108456	1.0000002e-14
4	25345	1.619267801015	1.0000002e-14
4	25349	1.619452304371	1.0000002e-14
4	25359	1.620249226978	1.0000002e-14
4	25363	1.620452971856	3.0012764347513e-14
4	25379	1.621268991995	1.0000002e-14
4	25383	1.62141828867	1.0000002e-14
4	25393	1.62224592756	1.0000002e-14
4	25397	1.622461311849	1.0000002e-14
4	25410	1.623247103717	1.0000002e-14
4	25414	1.623413812299	1.0000002e-14
4	25424	1.624287474436	1.0000002e-14
4	25428	1.624368222561	1.0000002e-14
4	25438	1.625284662944	1.0000002e-14
4	25445	1.62538280344	1.0000002e-14
4	25455	1.626331601835	1.0000002e-14
4	25459	1.626344660566	1.0000002e-14
4	25469	1.627344586773	1.0000002e-14
4	25473	1.627350569433	1.0000002e-14
4	25483	1.628314333546	1.0000002e-14
4	25487	1.628371113474	1.0000002e-14
4	25500	1.629342973358	1.0000002e-14
4	25504	1.629362038092	1.0000002e-14
4	25514	1.630321292406	1.0000002e-14
4	25518	1.630349221298	1.0000002e-14
4	25531	1.631306116077	1.0000002e-14
4	25535	1.631379027601	1.0000002e-14
4	25545	1.632260041434	1.0000002e-14
4	25549	1.632354063751	1.0000002e-14
4	25562	1.633235093148	1.0000002e-14
4	25566	1.633330457405	1.0000002e-14
4	25576	1.634251242417	1.0000002e-14
4	25580	1.634334345706	1.0000002e-14
4	25590	1.635256552573	1.0000002e-14
4	25597	1.635373010764	1.0000002e-14
4	25607	1.636216806622	1.0000002e-14
4	25611	1.636378609013	1.0000002e-14
4	25621	1.637179863768	1.0000002e-14
4	25628	1.637405822674	1.0000002e-14
4	25638	1.638220285768	1.0000002e-14
4	25642	1.638364343388	1.0145744584516e-11
4	25652	1.639268244312	1.0000002e-14
4	25656	1.639343838358	1.298876825875e-14
4	25669	1.640231737477	1.0000002e-14
4	25673	1.640338063359	1.0000002e-14
4	25686	1.641249767647	1.0000002e-14
4	25690	1.641355492819	1.0000002e-14
4	25703	1.642226116416	1.0000002e-14
4	25707	1.642362131154	1.0000002e-14
4	25717	1.643230445753	3.836773200949e-14
4	25721	1.643341560714	1.6844243036356e-14
4	25734	1.644240607568	1.0000002e-14
4	25738	1.644325427916	1.0000002e-14
4	25748	1.645245649526	1.0000002e-14
4	25752	1.64529983684	1.0000002e-14
4	25765	1.646279396169	1.0000002e-14
4	25769	1.646295905136	1.9734880771748e-10
4	25779	1.64729681215	1.0000002e-14
4	25783	1.647321696664	1.0000002e-14
4	25796	1.648315805832	1.0000002e-14
4	25800	1.64831637921	1.0000002e-14
4	25810	1.64926772038	1.0000002e-14
4	25814	1.649357143577	1.0000002e-14
4	25827	1.650315578978	1.0000002e-14
4	25831	1.650348176926	1.0000002e-14
4	25841	1.651308684212	1.0000002e-14
4	25845	1.651397737858	1.0000002e-14
4	25858	1.652335341149	1.0000002e-14
4	25862	1.652443730452	1.0000002e-14
4	25872	1.653364162356	1.0000002e-14
4	25876	1.653432795752	1.0000002e-14
4	25889	1.654400509119	1.0000002e-14
4	25893	1.654428819781	1.0000002e-14
4	25903	1.655385012242	1.0000002e-14
4	25907	1.655423486368	1.0000002e-14
4	25920	1.656370944754	1.0000002e-14
4	25924	1.656374497423	1.0000002e-14
4	25934	1.657377161566	1.0000002e-14
4	25938	1.657406238008	1.0000002e-14
4	25951	1.658350650629	1.0000002e-14
4	25955	1.658410175162	1.0000002e-14
4	25965	1.659373662997	1.0000002e-14
4	25969	1.659392044751	1.0000002e-14
4	25982	1.660368384495	1.0000002e-14
4	25986	1.660402365761	1.0000002e-14
4	25999	1.661418092378	1.0000002e-14
4	26003	1.661434933332	1.0000002e-14
4	26016	1.662417668555	1.0000002e-14
4	26020	1.662437511564	1.0000002e-14
4	26030	1.663396164364	1.0000002e-14
4	26034	1.66344475282	1.0000002e-14
4	26047	1.664370348018	1.0000002e-14
4	26054	1.664420717564	1.0000002e-14
4	26061	1.665326748035	1.0000002e-14
4	26065	1.665374506073	1.0000002e-14
4	26078	1.666350954931	1.0000002e-14
4	26082	1.666359038427	1.0000002e-14
4	26092	1.667333469048	1.0000002e-14
4	26096	1.667386225877	1.0000002e-14
4	26109	1.668377325464	1.0000002e-14
4	26113	1.66838036686	1.0000002e-14
4	26123	1.669352093967	1.0000002e-14
4	26127	1.669426155367	2.9082907406389e-12
4	26143	1.670315274005	1.0000002e-14
4	26147	1.670426696481	1.0000002e-14
4	26154	1.671298140413	1.0000002e-14
4	26158	1.671457870298	1.0000002e-14
4	26171	1.672306199694	1.0000002e-14
4	26178	1.672480048809	1.0000002e-14
4	26185	1.673290184486	1.0000002e-14
4	26189	1.67347228141	1.0000002e-14
4	26205	1.674288271179	1.0000002e-14
4	26209	1.674452923666	1.0000002e-14
4	26216	1.675245838042	1.0000002e-14
4	26223	1.675468653165	1.0000002e-14
4	26236	1.676289304137	1.0000002e-14
4	26243	1.67651283561	1.0000002e-14
4	26247	1.67724873031	1.0000002e-14
4	26257	1.677522882652	1.0000002e-14
4	26267	1.67829387768	2.3792166962532e-12
4	26274	1.67851392171	1.0000002e-14
4	26281	1.679341217919	1.0000002e-14
4	26288	1.679550917657	1.0000002e-14
4	26298	1.680336419736	1.0000002e-14
4	26308	1.680553854849	1.0000002e-14
4	26315	1.681382987359	1.0000002e-14
4	26322	1.681572546391	1.0000002e-14
4	26332	1.68234006668	1.0000002e-14
4	26339	1.682586880174	1.0000002e-14
4	26346	1.683302913679	1.0000002e-14
4	26353	1.683598909685	1.0000002e-14
4	26363	1.684331650131	1.0000002e-14
4	26370	1.684643319858	1.0000002e-14
4	26377	1.685378600403	1.0000002e-14
4	26384	1.685657481805	1.0000002e-14
4	26397	1.68633535568	1.0000002e-14
4	26401	1.686609397688	1.0000002e-14
4	26408	1.68731258375	1.0000002e-14
4	26415	1.687612459694	1.0000002e-14
4	26428	1.688266179873	1.0000002e-14
4	26432	1.688658205608	1.0000002e-14
4	26439	1.6892928284	1.0000002e-14
4	26446	1.689677249983	1.0000002e-14
4	26456	1.690331364879	1.0000002e-14
4	26463	1.690715698632	1.0000002e-14
4	26470	1.691285766535	8.9381417130461e-13
4	26477	1.69170900081	1.0000002e-14
4	26487	1.692283205234	1.0000002e-14
4	26494	1.692701077346	1.0000002e-14
4	26501	1.693267514559	1.0000002e-14
4	26508	1.693676167264	1.0000002e-14
4	26518	1.694251907952	1.0000002e-14
4	26525	1.694635400889	6.8276042195861e-13
4	26532	1.695289891007	1.0000002e-14
4	26536	1.695626296304	1.0000002e-14
4	26552	1.696302160493	1.0000002e-14
4	26556	1.696642914055	1.0000002e-14
4	26563	1.697285380109	1.0000002e-14
4	26570	1.697611096928	1.0000002e-14
4	26580	1.698334818295	1.0000002e-14
4	26587	1.698567336728	1.0000002e-14
4	26594	1.699306332733	1.0000002e-14
4	26598	1.699555190839	1.0000002e-14
4	26611	1.700348239055	1.0000002e-14
4	26621	1.700566479118	1.0000002e-14
4	26628	1.701376999448	1.0000002e-14
4	26632	1.701539465924	1.0000002e-14
4	26648	1.702399413381	1.0000002e-14
4	26655	1.702549305889	1.0000002e-14
4	26659	1.703446225068	1.0000002e-14
4	26663	1.703501718882	1.0000002e-14
4	26676	1.704461214423	1.0000002e-14
4	26683	1.704511327497	1.0000002e-14
4	26690	1.705440438127	4.1585027930784e-06
4	26694	1.705526991282	1.0000002e-14
4	26707	1.70646758387	1.0000002e-14
4	26711	1.706485775475	1.0000002e-14
4	26721	1.707459748012	1.0000002e-14
4	26725	1.707481643726	1.0000002e-14
4	26738	1.708433378518	1.0000002e-14
4	26745	1.708462332184	3.3547243836517e-14
4	26752	1.709425206193	1.0000002e-14
4	26756	1.709436793307	1.0000002e-14
4	26769	1.710381774641	1.0000002e-14
4	26776	1.710426575616	1.0000002e-14
4	26783	1.711360488031	1.0000002e-14
4	26787	1.711398374565	1.0000002e-14
4	26800	1.712371444084	1.0000002e-14
4	26804	1.712389922664	1.0000002e-14
4	26814	1.713365913537	1.0000002e-14
4	26818	1.713414656674	1.0000002e-14
4	26828	1.714332515503	1.0000002e-14
4	26835	1.714417886395	1.0000002e-14
4	26845	1.715300648516	1.0000002e-14
4	26849	1.715392973725	1.0000002e-14
4	26859	1.716343448552	1.0000002e-14
4	26866	1.716392897146	1.0000002e-14
4	26876	1.717357050269	1.0000002e-14
4	26880	1.717389098495	1.0000002e-14
4	26893	1.71832354114	1.0000002e-14
4	26897	1.718400433925	1.0000002e-14
4	26907	1.719361669744	1.0000002e-14
4	26911	1.719383344005	6.6913112604262e-12
4	26921	1.720329293401	1.0000002e-14
4	26928	1.720341496783	1.0000002e-14
4	26941	1.721318714914	1.0000002e-14
4	26945	1.721345772476	1.0000002e-14
4	26955	1.722281244562	1.0000002e-14
4	26959	1.722315747309	1.0000002e-14
4	26975	1.723273391975	3.7286591181981e-13
4	26979	1.723277421637	1.0000002e-14
4	26986	1.724252468299	1.0000002e-14
4	26990	1.724265542829	1.71123493488e-13
4	27009	1.725226899474	1.0000002e-14
4	27013	1.725267001753	1.0000002e-14
4	27017	1.726187162909	1.0000002e-14
4	27021	1.726230324039	1.0000002e-14
4	27034	1.727219109603	1.0000002e-14
4	27038	1.727225146945	1.0000002e-14
4	27048	1.728181697043	1.0000002e-14
4	27052	1.728217139149	1.0000002e-14
4	27065	1.72919370111	1.0000002e-14
4	27069	1.729196187904	1.0000002e-14
4	27079	1.730148041414	1.0000002e-14
4	27083	1.73015176455	1.0000002e-14
4	27096	1.731114863503	1.0000002e-14
4	27100	1.731117382121	1.0000002e-14
4	27110	1.732079964738	1.0000002e-14
4	27114	1.732130674212	1.0000002e-14
4	27127	1.733039766212	1.0000002e-14
4	27131	1.733129365828	2.3350662440509e-10
4	27141	1.734077884781	2.0787727534055e-14
4	27145	1.734145292087	1.0000002e-14
4	27158	1.735047556585	1.0000002e-14
4	27162	1.735097421125	1.0000002e-14
4	27172	1.736083188001	1.0000002e-14
4	27176	1.736133601858	1.0000002e-14
4	27189	1.737089680203	1.0000002e-14
4	27196	1.737169209532	1.0000002e-14
4	27203	1.738055333935	1.0000002e-14
4	27207	1.738149484819	1.0000002e-14
4	27223	1.739012373059	1.0000002e-14
4	27227	1.73911991475	1.0000002e-14
4	27234	1.740052371993	1.0000002e-14
4	27238	1.740127874056	1.0000002e-14
4	27257	1.741007414238	1.0000002e-14
4	27261	1.741130735663	1.0000002e-14
4	27268	1.741991699188	1.0000002e-14
4	27272	1.742096981375	1.0000002e-14
4	27288	1.742970211076	1.0000002e-14
4	27292	1.743134109601	1.0000002e-14
4	27299	1.743967239662	1.0000002e-14
4	27303	1.744107487576	1.0000002e-14
4	27319	1.74497080819	1.0000002e-14
4	27323	1.745069910111	1.0000002e-14
4	27330	1.745953451678	1.0000002e-14
4	27334	1.746094622984	1.0000002e-14
4	27350	1.746974082471	1.0000002e-14
4	27354	1.747120115463	1.0000002e-14
4	27361	1.747933214616	1.0000002e-14
4	27365	1.74810408797	1.0000002e-14
4	27381	1.748888473612	1.0000002e-14
4	27385	1.749090903003	1.0000002e-14
4	27392	1.749873513026	1.0000002e-14
4	27398	1.750094158268	1.0000002e-14
4	27414	1.750868056702	1.0000002e-14
4	27418	1.751101150867	1.0000002e-14
4	27425	1.751879839596	1.0000002e-14
4	27432	1.75206903804	1.0000002e-14
4	27445	1.752923181404	1.0000002e-14
4	27449	1.753024316509	1.0000002e-14
4	27456	1.753973068135	1.0000002e-14
4	27460	1.754047657385	1.0000002e-14
4	27476	1.754927169574	1.0000002e-14
4	27480	1.75500188949	1.0000002e-14
4	27487	1.75590618149	1.0000002e-14
4	27494	1.756005292508	1.0000002e-14
4	27507	1.7568688897	1.0000002e-14
4	27511	1.756997640607	1.0000002e-14
4	27518	1.757850412792	1.0000002e-14
4	27522	1.757984115325	1.0000002e-14
4	27538	1.758888267071	1.0000002e-14
4	27542	1.758935831366	1.0000002e-14
4	27549	1.759847358633	1.0000002e-14
4	27553	1.759928645506	1.0000002e-14
4	27572	1.760801047854	1.0000002e-14
4	27576	1.760937675409	1.0000002e-14
4	27583	1.76180858171	1.0000002e-14
4	27587	1.761914222074	1.0000002e-14
4	27603	1.762768646089	1.0000002e-14
4	27607	1.762935333396	1.0000002e-14
4	27614	1.763776203597	1.0000002e-14
4	27618	1.763932364407	1.0000002e-14
4	27634	1.764774665914	1.0000002e-14
4	27638	1.764891380175	1.0000002e-14
4	27645	1.765766852398	1.0000002e-14
4	27649	1.765912996937	1.0000002e-14
4	27665	1.766790041761	1.0000002e-14
4	27669	1.766906146616	1.0000002e-14
4	27676	1.767742558783	1.0000002e-14
4	27680	1.767925653905	1.0000002e-14
4	27696	1.768727252343	1.0000002e-14
4	27700	1.768949037215	1.0000002e-14
4	27707	1.76970959002	1.0000002e-14
4	27714	1.76997210498	1.0000002e-14
4	27727	1.770720342187	1.0000002e-14
4	27731	1.770978247175	1.0000002e-14
4	27738	1.771685301757	1.0000002e-14
4	27745	1.772011112615	8.2913000605865e-13
4	27758	1.772712325661	1.0000002e-14
4	27762	1.773053698799	1.0000002e-14
4	27769	1.773758405335	1.0000002e-14
4	27776	1.774043197611	1.0000002e-14
4	27789	1.774710908937	1.0000002e-14
4	27793	1.775063382569	4.5511564494973e-14
4	27800	1.775733747701	1.0000002e-14
4	27807	1.776065401973	1.0000002e-14
4	27820	1.776710769391	4.0128075857139e-13
4	27824	1.77703913947	1.0000002e-14
4	27831	1.777704504098	1.0000002e-14
4	27838	1.778026106345	1.0000002e-14
4	27851	1.778678736315	1.0000002e-14
4	27855	1.779004982332	1.0000002e-14
4	27862	1.779658584209	1.0000002e-14
4	27866	1.7799686075	1.0000002e-14
4	27885	1.780699097732	1.0000002e-14
4	27889	1.781008688363	1.0000002e-14
4	27896	1.781717989198	1.0000002e-14
4	27903	1.782040600225	1.0000002e-14
4	27913	1.782716211933	1.0000002e-14
4	27920	1.783028981232	2.6440659951757e-09
4	27927	1.783756087794	1.0000002e-14
4	27934	1.783997525667	1.0000002e-14
4	27944	1.784734618685	1.0000002e-14
4	27951	1.785006275017	2.0451554653152e-10
4	27958	1.785709666177	1.0000002e-14
4	27965	1.786041754801	2.8110669812649e-14
4	27978	1.786684415214	1.0000002e-14
4	27982	1.787053547479	1.0000002e-14
4	27989	1.787671075891	5.8725949313093e-14
4	27999	1.788091519611	1.0000002e-14
4	28006	1.788626187008	1.0000002e-14
4	28016	1.789056652199	1.0000002e-14
4	28020	1.789593657247	1.0000002e-14
4	28030	1.790024420171	1.0000002e-14
4	28037	1.790559863907	1.0000002e-14
4	28044	1.791063988925	1.0000002e-14
4	28051	1.791560137945	1.0000002e-14
4	28061	1.792087262099	1.0000002e-14
4	28068	1.792510475746	1.0000002e-14
4	28075	1.793048746897	1.0000002e-14
4	28082	1.793462006912	1.0000002e-14
4	28092	1.794061029498	1.0000002e-14
4	28099	1.794450891788	1.0000002e-14
4	28109	1.795075034863	1.0000002e-14
4	28113	1.795423482982	1.0000002e-14
4	28123	1.796084469031	1.8299187533579e-10
4	28127	1.796424206088	1.0000002e-14
4	28140	1.797099464295	1.0000002e-14
4	28144	1.797435253933	1.0000002e-14
4	28154	1.798062211681	1.0000002e-14
4	28158	1.798395243747	1.0000002e-14
4	28168	1.799053441437	1.0000002e-14
4	28175	1.799355707448	1.0000002e-14
4	28188	1.80008187522	1.0000002e-14
4	28192	1.800352665078	1.0000002e-14
4	28202	1.801115280932	1.0000002e-14
4	28209	1.801312328408	1.0000002e-14
4	28219	1.802089766846	1.0000002e-14
4	28223	1.802275445837	1.0000002e-14
4	28236	1.803060773234	1.0000002e-14
4	28240	1.80327937998	1.0000002e-14
4	28247	1.804076902012	1.1013011931919e-12
4	28254	1.804306128851	1.0000002e-14
4	28264	1.805062262048	1.0000002e-14
4	28271	1.805259137427	1.0000002e-14
4	28278	1.806086747816	1.0000002e-14
4	28285	1.806220220916	1.0000002e-14
4	28295	1.80704279819	1.0000002e-14
4	28302	1.807239386409	1.0000002e-14
4	28312	1.808053204214	1.0000002e-14
4	28316	1.808260790475	1.606877540761e-11
4	28329	1.80909150033	1.0000002e-14
4	28333	1.80924342683	1.0000002e-14
4	28343	1.810130427398	1.0000002e-14
4	28347	1.810204044776	1.0000002e-14
4	28360	1.811161859552	1.0000002e-14
4	28364	1.811181028332	1.0000002e-14
4	28374	1.81212695339	1.0000002e-14
4	28378	1.812175448022	1.0000002e-14
4	28391	1.813150176499	1.0000002e-14
4	28395	1.813171408119	1.0000002e-14
4	28405	1.814140733175	1.0000002e-14
4	28409	1.8141479735	1.0000002e-14
4	28422	1.815105152373	1.0000002e-14
4	28426	1.815114195105	1.0000002e-14
4	28436	1.816108289224	1.0000002e-14
4	28440	1.816126914949	1.0000002e-14
4	28453	1.817089002868	1.0000002e-14
4	28457	1.817104607942	1.0000002e-14
4	28467	1.818073114947	1.0000002e-14
4	28471	1.818152090145	1.0000002e-14
4	28481	1.819033739235	1.0000002e-14
4	28488	1.819170344914	1.0000002e-14
4	28501	1.820073167653	1.0000002e-14
4	28505	1.820123859261	1.0000002e-14
4	28512	1.82108350936	1.0000002e-14
4	28519	1.821098281389	1.0000002e-14
4	28529	1.82211975361	1.0000002e-14
4	28533	1.8221231084	1.0000002e-14
4	28549	1.823130013852	7.3678832636934e-13
4	28553	1.823168774488	1.0000002e-14
4	28560	1.824111584468	1.0000002e-14
4	28564	1.824157571201	2.8397489864333e-09
4	28577	1.825109525949	1.0000002e-14
4	28581	1.825121021699	1.0000002e-14
4	28591	1.8261532134	1.0000002e-14
4	28595	1.82616051377	1.0000002e-14
4	28608	1.827115574015	1.0000002e-14
4	28612	1.827122476818	1.0000002e-14
4	28622	1.828121915949	1.0000002e-14
4	28629	1.828153336323	1.0000002e-14
4	28642	1.829147367683	1.0000002e-14
4	28646	1.829171360283	1.0000002e-14
4	28659	1.830151523192	1.0000002e-14
4	28663	1.830183053642	1.0000002e-14
4	28670	1.831158762484	1.0000002e-14
4	28680	1.831222309753	1.0000002e-14
4	28690	1.832175701341	1.0000002e-14
4	28694	1.832187483938	1.0000002e-14
4	28701	1.83321013957	1.0000002e-14
4	28708	1.833210979151	1.0000002e-14
4	28721	1.834236413098	1.0000002e-14
4	28725	1.834256759263	1.0000002e-14
4	28732	1.835270162448	1.0000002e-14
4	28739	1.835282746465	1.0000002e-14
4	28749	1.836238205131	1.0000002e-14
4	28753	1.836252103299	1.0000002e-14
4	28763	1.837215377156	3.8596373164508e-10
4	28767	1.837248043146	1.0000002e-14
4	28780	1.83820259405	1.0000002e-14
4	28784	1.838249603924	1.0000002e-14
4	28794	1.839227668596	1.0000002e-14
4	28798	1.839236372604	1.0000002e-14
4	28814	1.840183008088	1.0000002e-14
4	28818	1.840262163998	1.0000002e-14
4	28828	1.841200003113	1.0000002e-14
4	28832	1.841262041817	1.0000002e-14
4	28845	1.842189729248	1.0000002e-14
4	28849	1.842282806272	1.0000002e-14
4	28862	1.843214276924	1.0000002e-14
4	28866	1.843259059765	1.0000002e-14
4	28873	1.844218638049	1.0000002e-14
4	28880	1.84425530876	1.0000002e-14
4	28893	1.845227321384	1.0000002e-14
4	28897	1.845255301611	1.0000002e-14
4	28907	1.846189825679	1.8418802852617e-14
4	28911	1.846268268906	1.0000002e-14
4	28924	1.84719164333	1.0000002e-14
4	28928	1.847246280302	1.0000002e-14
4	28938	1.848201978458	1.0000002e-14
4	28942	1.848220309599	1.0000002e-14
4	28952	1.849231559336	1.0000002e-14
4	28956	1.849244195755	1.0000002e-14
4	28966	1.850203639626	1.0000002e-14
4	28976	1.850265158038	1.0000002e-14
4	28986	1.851226658323	1.0000002e-14
4	28990	1.851258321338	1.0000002e-14
4	28997	1.852266397918	1.0000002e-14
4	29004	1.852288639367	1.0000002e-14
4	29014	1.853265023779	1.0000002e-14
4	29018	1.853276549083	1.0000002e-14
4	29031	1.854221000488	1.0000002e-14
4	29038	1.854300096566	1.0000002e-14
4	29045	1.855207758736	1.0000002e-14
4	29049	1.855271895309	1.0000002e-14
4	29062	1.856185013603	1.0000002e-14
4	29066	1.856276689242	1.0000002e-14
4	29076	1.85717317157	1.0000002e-14
4	29080	1.857282002571	1.0000002e-14
4	29090	1.858167476121	2.6124227915779e-14
4	29097	1.858302673394	1.0000002e-14
4	29104	1.859124617705	1.0000002e-14
4	29111	1.859325417072	1.0000002e-14
4	29127	1.860123039196	1.0000002e-14
4	29131	1.860278791021	1.0000002e-14
4	29141	1.861083838291	1.0000002e-14
4	29145	1.861307932029	1.0000002e-14
4	29158	1.862112369535	1.0000002e-14
4	29162	1.862309741428	1.0000002e-14
4	29169	1.86307170919	1.0000002e-14
4	29176	1.863334179787	2.0543165911226e-09
4	29186	1.864114433961	1.0000002e-14
4	29193	1.864284916928	1.0000002e-14
4	29203	1.86513500403	1.0000002e-14
4	29207	1.865325933055	1.0000002e-14
4	29217	1.866167220204	1.0000002e-14
4	29224	1.866349198741	1.0000002e-14
4	29234	1.867192610036	1.0000002e-14
4	29238	1.867375862968	1.0000002e-14
4	29251	1.868198588531	1.0000002e-14
4	29255	1.868371885093	1.0000002e-14
4	29265	1.869214720338	1.0000002e-14
4	29269	1.869329687998	1.0000002e-14
4	29282	1.870238902126	6.7117558823969e-14
4	29286	1.870293795866	1.0000002e-14
4	29296	1.871255440335	1.0000002e-14
4	29300	1.87132747224	1.0000002e-14
4	29313	1.872216055908	1.0000002e-14
4	29317	1.872307611828	1.0000002e-14
4	29327	1.873173327942	1.0000002e-14
4	29331	1.873332759719	1.0000002e-14
4	29344	1.874167240121	1.0000002e-14
4	29348	1.874358801314	1.0000002e-14
4	29358	1.875146848435	1.0000002e-14
4	29362	1.875395966333	1.0000002e-14
4	29375	1.876158706204	1.0000002e-14
4	29379	1.876374071246	1.0000002e-14
4	29389	1.877175452995	1.0000002e-14
4	29396	1.877405404522	3.6089100804044e-14
4	29406	1.878168255989	1.0000002e-14
4	29410	1.878380009744	1.0000002e-14
4	29420	1.879119354977	1.0000002e-14
4	29424	1.87937746037	1.0000002e-14
4	29440	1.880166250578	1.0000002e-14
4	29447	1.880357266768	1.0000002e-14
4	29454	1.881120697826	1.0000002e-14
4	29458	1.881335018254	1.0000002e-14
4	29474	1.88215096391	1.0000002e-14
4	29478	1.882327065285	1.0000002e-14
4	29485	1.883187843622	1.0000002e-14
4	29489	1.883348426127	1.0000002e-14
4	29505	1.884161992018	1.0000002e-14
4	29509	1.884374668013	1.0000002e-14
4	29516	1.8851341258	1.0000002e-14
4	29520	1.885341002056	1.0000002e-14
4	29533	1.886144866674	1.0000002e-14
4	29540	1.886300291125	1.0000002e-14
4	29547	1.887136122924	8.2950805637647e-13
4	29551	1.887268080392	1.0000002e-14
4	29567	1.88815063235	1.0000002e-14
4	29571	1.888233057087	1.0000002e-14
4	29578	1.889196264359	1.0000002e-14
4	29582	1.889273105865	1.0000002e-14
4	29598	1.890234863024	1.0000002e-14
4	29602	1.890257492252	1.0000002e-14
4	29609	1.891246539753	1.0000002e-14
4	29613	1.891259100451	1.0000002e-14
4	29629	1.892198698585	1.0000002e-14
4	29633	1.892214619082	1.0000002e-14
4	29640	1.893234208764	1.0000002e-14
4	29644	1.893261490491	1.0000002e-14
4	29660	1.894190048426	1.0000002e-14
4	29664	1.894255561683	1.0000002e-14
4	29671	1.895204570527	1.0000002e-14
4	29675	1.895263076546	1.0000002e-14
4	29691	1.896235806347	1.0000002e-14
4	29695	1.896246497668	1.0000002e-14
4	29702	1.897196596063	1.0000002e-14
4	29706	1.897287566314	1.0000002e-14
4	29722	1.898168227339	1.0000002e-14
4	29726	1.898282756885	1.0000002e-14
4	29730	1.899130318086	1.0000002e-14
4	29740	1.899281322569	1.0000002e-14
4	29753	1.900087357991	1.0000002e-14
4	29760	1.900311299087	1.0000002e-14
4	29767	1.901088594315	1.0000002e-14
4	29774	1.901332606862	1.0000002e-14
4	29784	1.902057958935	1.0000002e-14
4	29788	1.902381082476	1.0000002e-14
4	29801	1.903067575279	1.0000002e-14
4	29805	1.903427267063	1.0000002e-14
4	29815	1.904075788272	1.0000002e-14
4	29819	1.904381066861	1.0000002e-14
4	29829	1.905123755543	1.0000002e-14
4	29836	1.905389293827	1.0000002e-14
4	29846	1.906073937268	1.0000002e-14
4	29850	1.906411882138	1.0000002e-14
4	29863	1.90708746007	1.0000002e-14
4	29867	1.90742212268	1.0000002e-14
4	29877	1.908103042726	1.0000002e-14
4	29881	1.908438436764	1.0000002e-14
4	29894	1.90909715461	1.0000002e-14
4	29901	1.909449595825	1.0000002e-14
4	29908	1.910141543083	1.0000002e-14
4	29912	1.910407251705	1.0000002e-14
4	29925	1.911185824229	1.0000002e-14
4	29929	1.911367627675	1.0000002e-14
4	29939	1.912223629237	1.0000002e-14
4	29943	1.912344309639	4.7412381613764e-13
4	29956	1.913176124271	1.0000002e-14
4	29960	1.913324781909	1.0000002e-14
4	29970	1.914179764857	1.0000002e-14
4	29974	1.914333115543	1.0000002e-14
4	29984	1.915179698039	1.0000002e-14
4	29991	1.915336546494	1.0000002e-14
4	30001	1.916144735644	1.0000002e-14
4	30005	1.916324690303	1.0000002e-14
4	30018	1.91718270535	1.0000002e-14
4	30022	1.91733978507	1.0000002e-14
4	30032	1.918205673849	1.0000002e-14
4	30036	1.91833318208	1.0000002e-14
4	30049	1.919251863437	1.0000002e-14
4	30053	1.919355710101	1.0000002e-14
4	30066	1.920278385963	1.0000002e-14
4	30070	1.920343200404	1.0000002e-14
4	30083	1.921326258037	1.0000002e-14
4	30087	1.921337630063	1.0000002e-14
4	30097	1.922312528683	1.0000002e-14
4	30101	1.922378001862	1.0000002e-14
4	30114	1.923304969683	1.0000002e-14
4	30118	1.923376967565	1.0000002e-14
4	30128	1.924263840254	1.0000002e-14
4	30132	1.924403071737	1.0000002e-14
4	30145	1.925301349636	1.0000002e-14
4	30149	1.925361643397	1.0000002e-14
4	30159	1.92628578165	1.0000002e-14
4	30163	1.926407627328	1.0000002e-14
4	30176	1.92726961728	1.0000002e-14
4	30180	1.927428174739	1.0000002e-14
4	30190	1.928317189459	1.0000002e-14
4	30194	1.928379614757	1.0000002e-14
4	30207	1.929316619542	1.0000002e-14
4	30211	1.929361076109	1.0000002e-14
4	30221	1.930349365012	1.0000002e-14
4	30225	1.930361885234	1.0000002e-14
4	30238	1.931299666478	1.0000002e-14
4	30242	1.931314180861	1.0000002e-14
4	30252	1.932261066396	1.0000002e-14
4	30256	1.932304533245	1.0000002e-14
4	30269	1.933221605439	1.0000002e-14
4	30273	1.933317460966	1.0000002e-14
4	30283	1.934261486491	1.0000002e-14
4	30287	1.934279851986	1.0000002e-14
4	30300	1.935287745759	2.2313379131338e-14
4	30304	1.935302019895	1.0000002e-14
4	30314	1.936306291908	1.9733533252154e-13
4	30318	1.93632100957	1.0000002e-14
4	30331	1.937349775398	1.0000002e-14
4	30335	1.937355960757	1.0000002e-14
4	30351	1.938308461603	1.0000002e-14
4	30355	1.938329030219	1.0000002e-14
4	30362	1.939294284826	1.0000002e-14
4	30366	1.939374791158	1.0000002e-14
4	30382	1.940278554329	1.0000002e-14
4	30386	1.940326124616	1.0000002e-14
4	30396	1.941271556594	1.0000002e-14
4	30400	1.941313988166	1.0000002e-14
4	30416	1.942225928839	1.0000002e-14
4	30420	1.942270212128	1.0000002e-14
4	30427	1.943227430556	1.0000002e-14
4	30431	1.943275426996	2.9356016750507e-14
4	30441	1.944245995224	6.7470658012804e-14
4	30451	1.944298060742	1.0000002e-14
4	30458	1.945277283141	1.0000002e-14
4	30462	1.945341644376	1.0000002e-14
4	30475	1.946233049147	1.0000002e-14
4	30479	1.946317500269	1.0000002e-14
4	30489	1.947267923778	1.0000002e-14
4	30493	1.947278191859	1.0000002e-14
4	30509	1.948275044296	1.0000002e-14
4	30513	1.948305902808	1.0000002e-14
4	30520	1.949274416893	1.0000002e-14
4	30524	1.94931613407	1.0000002e-14
4	30540	1.950242885172	1.0000002e-14
4	30544	1.950365212516	1.0000002e-14
4	30551	1.951244285179	1.0000002e-14
4	30555	1.951375646394	5.31090992574e-12
4	30571	1.952234135922	1.0000002e-14
4	30575	1.952358282199	1.0000002e-14
4	30582	1.953227066017	1.0000002e-14
4	30586	1.953377506789	1.0000002e-14
4	30599	1.954234341022	1.0000002e-14
4	30606	1.954372008596	1.0000002e-14
4	30613	1.95521235274	1.0000002e-14
4	30617	1.955384226493	1.0000002e-14
4	30627	1.956189014642	5.8283419890384e-13
4	30634	1.956347141087	1.0000002e-14
4	30644	1.957212088254	1.0000002e-14
4	30648	1.957330664337	1.0000002e-14
4	30658	1.958231419715	1.0000002e-14
4	30668	1.958363891839	1.0000002e-14
4	30675	1.959255096011	1.0000002e-14
4	30679	1.959321323307	1.0000002e-14
4	30695	1.960212364641	1.0000002e-14
4	30705	1.960356709348	1.0000002e-14
4	30709	1.961240942604	1.0000002e-14
4	30713	1.961377510047	1.0000002e-14
4	30729	1.962286527109	1.0000002e-14
4	30733	1.962394431589	1.0000002e-14
4	30740	1.963299803483	1.0000002e-14
4	30744	1.963349896803	1.0000002e-14
4	30760	1.964276041681	0.00011424313416364
4	30764	1.964358546272	1.0000002e-14
4	30771	1.9652477212	1.0000002e-14
4	30775	1.965386482465	9.4350099491421e-14
4	30788	1.966274275127	1.0000002e-14
4	30795	1.966414390184	1.0000002e-14
4	30802	1.967308954242	1.0000002e-14
4	30806	1.96738240282	1.0000002e-14
4	30822	1.968292294192	1.0000002e-14
4	30826	1.968415160256	4.1806158777829e-14
4	30833	1.969250135861	1.0000002e-14
4	30837	1.969401231174	1.0000002e-14
4	30853	1.970210211094	1.1467686730939e-14
4	30857	1.970441822277	1.0000002e-14
4	30864	1.97116967004	7.8776514383801e-11
4	30868	1.971410840683	1.0000002e-14
4	30881	1.972198500133	1.0000002e-14
4	30888	1.97240407701	1.0000002e-14
4	30895	1.973224469309	1.0000002e-14
4	30899	1.973378269352	1.0000002e-14
4	30915	1.974252153147	1.0000002e-14
4	30919	1.97438880427	1.2823330697814e-13
4	30926	1.975245537985	1.0000002e-14
4	30930	1.975389257612	1.0000002e-14
4	30946	1.976200992399	1.0000002e-14
4	30950	1.976355034448	1.0908316442236e-12
4	30957	1.977167973192	1.0000002e-14
4	30961	1.977386040219	1.0000002e-14
4	30974	1.978118796619	1.0000002e-14
4	30981	1.978412025326	1.0000002e-14
4	30988	1.979148024413	1.7897460131465e-14
4	30992	1.979436473859	1.0000002e-14
4	31011	1.980158676671	1.0000002e-14
4	31015	1.9804504042	1.0000002e-14
4	31022	1.981153387547	1.0000002e-14
4	31026	1.981448093344	1.0000002e-14
4	31042	1.982126412581	1.0000002e-14
4	31046	1.982421342634	1.0000002e-14
4	31053	1.983101438173	1.0000002e-14
4	31057	1.983396153678	1.0000002e-14
4	31073	1.984131988948	1.0000002e-14
4	31077	1.984400062818	1.0000002e-14
4	31084	1.985111343036	1.0000002e-14
4	31088	1.985437781693	1.3208721106018e-14
4	31104	1.986144586732	1.0000002e-14
4	31108	1.986453069104	1.2575089162691e-13
4	31115	1.98709978655	1.0000002e-14
4	31122	1.987467849675	1.0000002e-14
4	31132	1.988119447408	1.0000002e-14
4	31142	1.988497391285	1.0000002e-14
4	31146	1.989102306708	1.0000002e-14
4	31153	1.989497169987	1.0000002e-14
4	31163	1.990064744339	1.0000002e-14
4	31170	1.990519502903	1.0000002e-14
4	31177	1.991020553866	1.0000002e-14
4	31184	1.991524267216	1.0000002e-14
4	31194	1.992036583359	1.0000002e-14
4	31204	1.992513111394	1.0000002e-14
4	31208	1.993047271736	1.0000002e-14
4	31215	1.993514929804	1.0000002e-14
4	31225	1.994026305939	1.0000002e-14
4	31229	1.994479961969	1.0000002e-14
4	31239	1.995009566037	1.0000002e-14
4	31246	1.995512236673	1.0000002e-14
4	31256	1.996041509722	1.0000002e-14
4	31263	1.996522320877	1.0000002e-14
4	31270	1.997082972162	1.6179620211018e-14
4	31280	1.997485229289	1.0000002e-14
4	31287	1.998068756191	1.0000002e-14
4	31294	1.998508587378	1.0000002e-14
4	31301	1.999076265735	1.0000002e-14
4	31317	1.999536487958	1.0000002e-14
4	31323	2.000068931824	1.0000002e-14
4	31330	2.000519262792	1.0000002e-14
4	31340	2.001074416382	1.0000002e-14
4	31350	2.001537836643	1.0000002e-14
4	31354	2.002107154589	1.0000002e-14
4	31361	2.002539350369	1.0000002e-14
4	31371	2.003118293845	1.0000002e-14
4	31381	2.003554530961	1.0000002e-14
4	31385	2.004147583392	1.0000002e-14
4	31392	2.004541585553	1.0000002e-14
4	31399	2.005132474176	1.0000002e-14
4	31409	2.005553567901	1.0000002e-14
4	31416	2.00608333834	1.0000002e-14
4	31426	2.006566053313	1.0000002e-14
4	31430	2.007093648576	1.0000002e-14
4	31440	2.007592756584	1.0000002e-14
4	31447	2.008085216346	1.0000002e-14
4	31457	2.00860426907	1.0000002e-14
4	31464	2.00909078515	1.0000002e-14
4	31471	2.009624486484	1.0000002e-14
4	31478	2.010103322858	1.0000002e-14
4	31488	2.010625762377	1.0000002e-14
4	31495	2.011069055936	1.0000002e-14
4	31502	2.01164329316	1.0000002e-14
4	31509	2.012046249306	1.0000002e-14
4	31519	2.012638547283	1.0000002e-14
4	31526	2.013056178654	1.0000002e-14
4	31533	2.01358995602	1.0000002e-14
4	31540	2.014080967047	1.0000002e-14
4	31547	2.014551214991	1.0000002e-14
4	31557	2.015115507725	1.0000002e-14
4	31564	2.015600448983	1.0000002e-14
4	31574	2.016163232688	1.0000002e-14
4	31581	2.016595301915	1.0000002e-14
4	31588	2.0171226098	1.0000002e-14
4	31592	2.017604278072	1.0000002e-14
4	31602	2.018089365787	1.0000002e-14
4	31612	2.018652793576	1.0000002e-14
4	31619	2.019092011448	1.0000002e-14
4	31629	2.019630465839	1.0000002e-14
4	31636	2.020078179584	1.0000002e-14
4	31646	2.020659592595	1.0000002e-14
4	31653	2.021059308143	1.0000002e-14
4	31660	2.021620693245	4.9962180244641e-14
4	31670	2.022073213793	1.0000002e-14
4	31677	2.022628785152	1.0000002e-14
4	31681	2.023084040943	1.0000002e-14
4	31691	2.023585844381	1.0000002e-14
4	31701	2.024081707968	1.0000002e-14
4	31708	2.024601188172	1.0000002e-14
4	31715	2.025110625072	1.0000002e-14
4	31722	2.025573583237	1.0000002e-14
4	31732	2.026121998251	1.0000002e-14
4	31736	2.026603234467	1.0000002e-14
4	31746	2.027081413664	1.0000002e-14
4	31750	2.02755670359	1.0000002e-14
4	31763	2.028070182645	1.0000002e-14
4	31770	2.028579812248	1.0000002e-14
4	31777	2.029076272358	1.0000002e-14
4	31784	2.029546271305	1.0000002e-14
4	31794	2.030067932643	1.0000002e-14
4	31801	2.030541614122	1.0000002e-14
4	31808	2.031087115795	1.0000002e-14
4	31815	2.031553770168	1.0000002e-14
4	31825	2.032075943178	1.0000002e-14
4	31832	2.032595168165	1.0000002e-14
4	31839	2.033113608904	1.0000002e-14
4	31849	2.03359794817	1.1311166267011e-11
4	31859	2.034150273106	2.3294431425998e-14
4	31863	2.034571142854	1.0000002e-14
4	31870	2.035107660994	1.0000002e-14
4	31880	2.035595831478	1.0000002e-14
4	31890	2.036124859941	1.0000002e-14
4	31894	2.036552130771	1.0000002e-14
4	31901	2.037089734053	8.4524127005427e-13
4	31911	2.037593204097	1.0000002e-14
4	31921	2.038139224529	1.0000002e-14
4	31925	2.038624259063	2.2894038252403e-14
4	31932	2.039099475866	1.0000002e-14
4	31945	2.03966750434	1.7425050958306e-09
4	31952	2.04008390145	1.372277277066e-14
4	31959	2.040634227492	1.0000002e-14
4	31969	2.041101076215	1.0000002e-14
4	31976	2.041661719104	1.0000002e-14
4	31986	2.042108142681	1.0000002e-14
4	31990	2.042678998296	1.0000002e-14
4	31997	2.043096735154	1.0000002e-14
4	32007	2.043724876753	1.0000002e-14
4	32017	2.044133038583	1.0000002e-14
4	32021	2.04469457116	1.0000002e-14
4	32028	2.045162932277	5.2972422415209e-12
4	32038	2.045700442365	1.0000002e-14
4	32048	2.046153841195	1.0000002e-14
4	32052	2.046729877548	1.0000002e-14
4	32062	2.047144584153	1.0000002e-14
4	32069	2.047704942257	1.0000002e-14
4	32079	2.048133842582	2.8844832026382e-14
4	32083	2.048667140983	1.0000002e-14
4	32093	2.049166985402	1.0923619548855e-12
4	32103	2.049656884378	1.7682955111739e-09
4	32110	2.050171765352	1.0000002e-14
4	32114	2.05067348596	1.0000002e-14
4	32124	2.051182036401	1.0000002e-14
4	32131	2.051658620398	1.0000002e-14
4	32141	2.052178717019	1.0000002e-14
4	32145	2.052652199633	1.0000002e-14
4	32155	2.053131318316	1.0000002e-14
4	32162	2.05362984234	1.0000002e-14
4	32172	2.054088452958	1.0000002e-14
4	32176	2.054601874685	1.0000002e-14
4	32186	2.055063856153	1.0000002e-14
4	32193	2.05556628925	1.0000002e-14
4	32203	2.056052311767	1.0000002e-14
4	32207	2.056592364635	1.0000002e-14
4	32211	2.057038310036	1.0000002e-14
4	32224	2.057547880715	1.0000002e-14
4	32234	2.058052880739	1.0000002e-14
4	32238	2.058522932519	1.0000002e-14
4	32245	2.059049596692	1.0000002e-14
4	32261	2.059544887081	1.0000002e-14
4	32268	2.060095853617	1.0000002e-14
4	32272	2.060562921199	1.0000002e-14
4	32282	2.061065118654	1.7723463283713e-14
4	32292	2.061581234924	1.0000002e-14
4	32299	2.062039558442	1.0000002e-14
4	32303	2.062629862118	1.0000002e-14
4	32310	2.06302026959	1.0000002e-14
4	32326	2.063650109926	1.0000002e-14
4	32330	2.064009628658	1.0000002e-14
4	32334	2.064618330399	1.0000002e-14
4	32341	2.065057024021	1.0000002e-14
4	32354	2.065576936663	1.0000002e-14
4	32361	2.066016194458	1.0000002e-14
4	32365	2.066541783194	1.0000002e-14
4	32372	2.067011937544	1.0000002e-14
4	32385	2.067576538316	1.0000002e-14
4	32392	2.068027110064	1.0000002e-14
4	32396	2.068550069434	1.0000002e-14
4	32403	2.069033279441	1.0000002e-14
4	32419	2.069551069068	1.0000002e-14
4	32423	2.070045735905	1.0000002e-14
4	32427	2.070542450853	1.0000002e-14
4	32434	2.07101340304	1.0000002e-14
4	32450	2.071582460944	1.0000002e-14
4	32454	2.072038777863	1.0000002e-14
4	32458	2.072532948707	1.0000002e-14
4	32465	2.073026404924	1.0000002e-14
4	32481	2.07348721418	1.0000002e-14
4	32485	2.073994431266	1.0000002e-14
4	32489	2.074533233717	1.0000002e-14
4	32496	2.075034124281	1.0000002e-14
4	32512	2.07556426286	1.0000002e-14
4	32516	2.076005303051	1.0000002e-14
4	32520	2.07652902891	1.0000002e-14
4	32527	2.07700237923	1.0000002e-14
4	32543	2.077527928819	1.0000002e-14
4	32547	2.078043291169	1.0000002e-14
4	32551	2.078531767432	1.0000002e-14
4	32558	2.079047544226	1.0000002e-14
4	32577	2.079543349362	1.0000002e-14
4	32581	2.080038487645	1.0000002e-14
4	32585	2.080573598495	1.0000002e-14
4	32592	2.081086364318	1.0000002e-14
4	32608	2.081604540314	1.0000002e-14
4	32612	2.082044194834	1.0000002e-14
4	32619	2.082619156959	1.0000002e-14
4	32623	2.08305228166	1.0000002e-14
4	32639	2.083640704585	1.0000002e-14
4	32643	2.084079963121	1.0000002e-14
4	32650	2.084604379116	1.0000002e-14
4	32657	2.085043654884	1.0000002e-14
4	32670	2.085618331103	1.0000002e-14
4	32674	2.086078900216	1.0000002e-14
4	32681	2.086596360324	1.0000002e-14
4	32688	2.087099195718	1.0000002e-14
4	32701	2.087616548113	1.0000002e-14
4	32705	2.088057943723	1.0000002e-14
4	32712	2.088640488014	1.0000002e-14
4	32716	2.089028225313	1.0000002e-14
4	32732	2.089674399088	1.0000002e-14
4	32736	2.09000758235	1.0000002e-14
4	32743	2.090712112348	1.0000002e-14
4	32747	2.090986284673	1.0000002e-14
4	32763	2.091695588819	1.0000002e-14
4	32767	2.091999997425	1.0000002e-14
4	32774	2.092652091743	1.0000002e-14
4	32778	2.092960192225	1.0000002e-14
4	32794	2.09363322213	1.0000002e-14
4	32798	2.093914324145	1.0000002e-14
4	32805	2.094661951926	1.0000002e-14
4	32809	2.094955099629	1.0000002e-14
4	32822	2.095626158797	1.0000002e-14
4	32829	2.095914280502	1.4495465543149e-10
4	32836	2.096650336596	1.0000002e-14
4	32840	2.096883928413	1.0000002e-14
4	32853	2.097603383796	1.0000002e-14
4	32860	2.097878367734	1.0000002e-14
4	32867	2.098637210176	1.0000002e-14
4	32871	2.098862193362	1.0000002e-14
4	32887	2.099675894255	1.0000002e-14
4	32894	2.099908293914	1.0000002e-14
4	32901	2.100671922195	1.0000002e-14
4	32908	2.100930823726	2.8063287486436e-12
4	32921	2.101712146671	1.0000002e-14
4	32925	2.101952545206	1.0000002e-14
4	32932	2.102689789039	1.0000002e-14
4	32939	2.102963941246	1.0000002e-14
4	32952	2.103690362883	1.0000002e-14
4	32956	2.103920608364	1.0000002e-14
4	32963	2.104711790143	1.0000002e-14
4	32970	2.104960910854	1.0000002e-14
4	32983	2.105735383599	1.0000002e-14
4	32987	2.105996915285	1.0000002e-14
4	32997	2.106769827407	1.0000002e-14
4	33001	2.107040919185	2.0835154720961e-11
4	33014	2.107771038253	1.0000002e-14
4	33018	2.10800142816	1.0000002e-14
4	33028	2.108767102371	2.8058791622869e-12
4	33032	2.109023651062	1.0000002e-14
4	33042	2.109741646839	1.0000002e-14
4	33049	2.10998482415	1.0000002e-14
4	33059	2.110747739821	1.0000002e-14
4	33063	2.110982534301	1.0000002e-14
4	33076	2.111794864938	1.0000002e-14
4	33080	2.111985435305	1.0000002e-14
4	33090	2.112765763135	1.0000002e-14
4	33094	2.113007385892	1.0000002e-14
4	33107	2.113722499479	1.0000002e-14
4	33111	2.114045169922	1.0000002e-14
4	33121	2.114769098657	1.0000002e-14
4	33125	2.115060431494	1.0000002e-14
4	33138	2.115809970276	1.0000002e-14
4	33145	2.116091355313	1.0000002e-14
4	33152	2.116762381683	1.0000002e-14
4	33156	2.117133793133	1.0000002e-14
4	33166	2.117740248019	1.008936583803e-13
4	33176	2.118131846725	1.0000002e-14
4	33186	2.118738041896	1.0000002e-14
4	33190	2.119109091952	1.0000002e-14
4	33200	2.119756554746	1.0000002e-14
4	33210	2.120094281608	1.0000002e-14
4	33217	2.120801189584	1.0000002e-14
4	33221	2.121108611511	1.0000002e-14
4	33231	2.121846790199	1.0000002e-14
4	33241	2.122154646283	1.0000002e-14
4	33248	2.122832076171	1.0000002e-14
4	33252	2.123120340637	1.0000002e-14
4	33262	2.123837790158	1.0000002e-14
4	33269	2.124077291	1.0000002e-14
4	33279	2.124802223757	1.0000002e-14
4	33283	2.125032573882	1.0000002e-14
4	33296	2.125812214443	1.0000002e-14
4	33300	2.126032505961	1.0000002e-14
4	33310	2.126836588562	1.0000002e-14
4	33314	2.127064508517	1.0000002e-14
4	33327	2.127851019076	1.0000002e-14
4	33331	2.128017601027	1.0000002e-14
4	33341	2.128803019789	1.0000002e-14
4	33345	2.128972840392	1.0000002e-14
4	33355	2.129783102279	1.0000002e-14
4	33359	2.12994589228	1.0000002e-14
4	33372	2.130812235932	1.0000002e-14
4	33376	2.130907328825	1.0000002e-14
4	33386	2.131766963863	1.0000002e-14
4	33393	2.131927297198	1.0000002e-14
4	33403	2.132753534054	1.0000002e-14
4	33407	2.132890706947	1.0000002e-14
4	33417	2.133781298647	1.0000002e-14
4	33421	2.133858234458	1.0000002e-14
4	33434	2.134752844215	7.5976589478498e-14
4	33438	2.134902321694	1.0000002e-14
4	33445	2.135738423185	7.9816883449742e-12
4	33455	2.135918366279	1.0000002e-14
4	33465	2.136787682207	1.0000002e-14
4	33469	2.136949008328	1.0000002e-14
4	33479	2.137742284965	1.0000002e-14
4	33483	2.137920467656	1.0000002e-14
4	33499	2.138740296494	1.0000002e-14
4	33503	2.138968160893	1.0000002e-14
4	33510	2.1397237638	1.0000002e-14
4	33517	2.139989158273	1.0000002e-14
4	33530	2.140771387544	1.0000002e-14
4	33534	2.140987850588	1.0000002e-14
4	33541	2.141738000004	1.0000002e-14
4	33551	2.142035730731	1.0000002e-14
4	33561	2.142778037381	1.0000002e-14
4	33565	2.142998171215	1.0000002e-14
4	33572	2.143769268021	1.0000002e-14
4	33585	2.144016233595	2.3665204045261e-13
4	33592	2.14473221241	1.0000002e-14
4	33596	2.145002719598	1.0000002e-14
4	33606	2.14576565521	1.0000002e-14
4	33613	2.146034394497	1.0000002e-14
4	33623	2.146718455198	1.0000002e-14
4	33627	2.147056355992	1.0000002e-14
4	33631	2.147692782918	1.0000002e-14
4	33644	2.148025725181	1.0000002e-14
4	33654	2.148683637165	1.0000002e-14
4	33658	2.149027681368	1.0000002e-14
4	33662	2.149678063046	4.2431119180523e-08
4	33675	2.150001037068	1.0000002e-14
4	33685	2.15067403455	1.0000002e-14
4	33689	2.150997645532	1.0000002e-14
4	33693	2.151693276866	1.0000002e-14
4	33703	2.151992440768	1.0000002e-14
4	33716	2.152726938937	1.0000002e-14
4	33720	2.153027552809	1.0000002e-14
4	33724	2.153684503924	1.0000002e-14
4	33740	2.154003616023	1.0000002e-14
4	33747	2.154709314148	1.0000002e-14
4	33751	2.155007901758	1.0000002e-14
4	33758	2.155754787498	1.0000002e-14
4	33768	2.155988237674	1.0000002e-14
4	33778	2.156711031681	1.0000002e-14
4	33782	2.156960928123	1.0000002e-14
4	33789	2.157729736235	1.0000002e-14
4	33799	2.157997019183	1.0000002e-14
4	33812	2.158776636999	1.0000002e-14
4	33816	2.158999072986	1.0000002e-14
4	33823	2.159796418415	1.0000002e-14
4	33830	2.15996012423	1.0000002e-14
4	33843	2.160813406538	1.0000002e-14
4	33847	2.160923850318	1.0000002e-14
4	33857	2.161793760995	1.0000002e-14
4	33861	2.161874973694	1.0000002e-14
4	33874	2.162829055908	1.0000002e-14
4	33878	2.162846813779	8.0123847335585e-14
4	33888	2.163831249733	1.0000002e-14
4	33892	2.163874577361	1.0000002e-14
4	33905	2.164793682582	1.0000002e-14
4	33909	2.164907871327	1.0000002e-14
4	33919	2.16578714346	1.0000002e-14
4	33923	2.165890626553	1.0000002e-14
4	33936	2.16678680383	1.0000002e-14
4	33940	2.16688802819	1.0000002e-14
4	33950	2.167772723763	1.0000002e-14
4	33954	2.167909613958	1.0000002e-14
4	33967	2.168758531177	1.0000002e-14
4	33971	2.168932436299	1.0000002e-14
4	33981	2.169783923008	1.0000002e-14
4	33985	2.169980536622	1.0000002e-14
4	33998	2.170795031404	1.0000002e-14
4	34002	2.171000364137	1.0000002e-14
4	34009	2.171799097719	1.0000002e-14
4	34016	2.171960891706	1.0000002e-14
4	34029	2.172827505365	1.0000002e-14
4	34033	2.172948082604	1.0000002e-14
4	34043	2.173849490479	1.0000002e-14
4	34047	2.173907304864	1.0000002e-14
4	34060	2.174828665874	1.0000002e-14
4	34064	2.174932636437	1.0000002e-14
4	34071	2.175851357745	1.0000002e-14
4	34075	2.175895542387	1.0000002e-14
4	34088	2.176808631266	1.0000002e-14
4	34092	2.17687077201	1.0000002e-14
4	34102	2.177811836156	1.0000002e-14
4	34106	2.177844606041	1.0000002e-14
4	34119	2.178794093737	1.0000002e-14
4	34123	2.178824985932	1.0000002e-14
4	34136	2.17981970788	1.0000002e-14
4	34140	2.179829920048	1.0000002e-14
4	34156	2.180843206619	1.0000002e-14
4	34160	2.180859246081	1.0000002e-14
4	34167	2.181800642264	1.0000002e-14
4	34171	2.181835654938	1.0000002e-14
4	34184	2.182819866027	1.0000002e-14
4	34188	2.182850353542	1.0000002e-14
4	34198	2.183791097085	7.8143346802747e-11
4	34202	2.183805936517	2.0775947069849e-11
4	34215	2.184765575282	1.0000002e-14
4	34219	2.184818918225	3.4346663113825e-10
4	34229	2.185734207982	1.0000002e-14
4	34233	2.185785958233	1.0000002e-14
4	34246	2.186698767813	1.0000002e-14
4	34250	2.186750657942	1.0000002e-14
4	34260	2.187719322636	1.0000002e-14
4	34264	2.187747126352	1.0000002e-14
4	34277	2.188713333078	1.0000002e-14
4	34281	2.188733178403	1.0000002e-14
4	34291	2.189687641429	1.0000002e-14
4	34295	2.189744415129	1.0000002e-14
4	34308	2.190719016537	1.0000002e-14
4	34312	2.190744034301	1.0000002e-14
4	34322	2.191746420542	1.0000002e-14
4	34326	2.191758918156	1.0000002e-14
4	34339	2.192741664887	1.0000002e-14
4	34343	2.192763793728	1.0000002e-14
4	34353	2.193711974721	1.0000002e-14
4	34357	2.193786338296	1.0000002e-14
4	34370	2.194702389365	1.0000002e-14
4	34374	2.194755351464	1.0000002e-14
4	34384	2.195716882451	1.0000002e-14
4	34388	2.19576121096	1.0000002e-14
4	34401	2.196712707137	1.0000002e-14
4	34405	2.19675156509	1.0000002e-14
4	34415	2.197761015114	1.0000002e-14
4	34419	2.197777967181	1.0000002e-14
4	34429	2.198736306403	1.0000002e-14
4	34433	2.198763899441	1.0000002e-14
4	34449	2.199722948958	1.0000002e-14
4	34453	2.199736590613	1.0000002e-14
4	34463	2.200740970996	1.0000002e-14
4	34467	2.200741165795	1.219560623055e-14
4	34480	2.201713819579	1.0000002e-14
4	34484	2.201785291924	1.0000002e-14
4	34494	2.202741543693	1.0000002e-14
4	34498	2.202742916561	2.8550560187391e-11
4	34511	2.203701263921	1.0000002e-14
4	34515	2.203755847096	1.0000002e-14
4	34525	2.204689283161	1.0000002e-14
4	34529	2.204706411168	1.0000002e-14
4	34542	2.205670069881	1.0000002e-14
4	34546	2.205755733988	1.0000002e-14
4	34556	2.206673980199	1.0000002e-14
4	34560	2.206786318226	1.0000002e-14
4	34576	2.20770711394	4.5191344773871e-10
4	34580	2.207794742692	1.0000002e-14
4	34590	2.208666953346	1.0000002e-14
4	34594	2.208759653433	1.0000002e-14
4	34604	2.209699718283	1.0000002e-14
4	34611	2.209754072569	8.5917110328919e-13
4	34621	2.210703003877	1.0000002e-14
4	34625	2.210739672836	1.0000002e-14
4	34635	2.211701505785	1.0000002e-14
4	34639	2.211768030372	1.0000002e-14
4	34652	2.212657816561	1.0000002e-14
4	34656	2.212787932643	1.0000002e-14
4	34666	2.21362432594	1.0000002e-14
4	34673	2.213834917508	1.0000002e-14
4	34683	2.214625500114	1.0000002e-14
4	34687	2.214856021544	1.0000002e-14
4	34694	2.215635999801	1.0000002e-14
4	34701	2.215853534053	1.0000002e-14
4	34714	2.216638954506	1.0000002e-14
4	34718	2.216816566442	1.0000002e-14
4	34728	2.217615001642	1.0000002e-14
4	34735	2.217832024628	1.0000002e-14
4	34745	2.218634221265	1.4525091936613e-12
4	34749	2.218844413948	1.0000002e-14
4	34762	2.2196746752	1.0000002e-14
4	34772	2.21986970484	1.0000002e-14
4	34779	2.220635456182	1.0000002e-14
4	34783	2.220837128877	1.0000002e-14
4	34796	2.221627251628	1.0000002e-14
4	34803	2.221831762475	1.0000002e-14
4	34810	2.222655728633	1.0000002e-14
4	34814	2.222809762962	1.0000002e-14
4	34827	2.223701952206	1.0000002e-14
4	34834	2.223843841515	1.0000002e-14
4	34841	2.224736147302	1.0000002e-14
4	34845	2.224877703548	1.0000002e-14
4	34861	2.22573744754	1.0000002e-14
4	34865	2.22591024311	1.0000002e-14
4	34872	2.226749808969	1.0000002e-14
4	34876	2.226916325074	1.0000002e-14
4	34889	2.227710208874	1.0000002e-14
4	34896	2.227891499494	1.0000002e-14
4	34903	2.228682624589	1.0000002e-14
4	34907	2.228848482556	1.0000002e-14
4	34920	2.229718321559	1.0000002e-14
4	34930	2.229848588859	1.0000002e-14
4	34934	2.230716567591	1.0000002e-14
4	34938	2.230869076734	1.0000002e-14
4	34954	2.231740496191	1.0000002e-14
4	34961	2.231907418508	1.0000002e-14
4	34965	2.232772137519	1.0000002e-14
4	34969	2.232914749372	1.0000002e-14
4	34982	2.233759714223	1.0000002e-14
4	34989	2.233929503492	1.0000002e-14
4	34996	2.234717664335	1.0000002e-14
4	35000	2.234879886147	1.0000002e-14
4	35013	2.235705211963	8.4937732928208e-12
4	35020	2.23584352518	1.0000002e-14
4	35027	2.236673044665	1.0000002e-14
4	35031	2.236857542349	1.0000002e-14
4	35044	2.237661736613	6.5468594810546e-13
4	35048	2.23783743141	1.0000002e-14
4	35058	2.238691812349	1.0000002e-14
4	35062	2.238841392411	1.0391326824842e-13
4	35075	2.239642591366	1.0000002e-14
4	35082	2.239816148906	1.0000002e-14
4	35092	2.240641072833	1.0000002e-14
4	35096	2.240841310486	1.0000002e-14
4	35103	2.241650429761	1.0000002e-14
4	35113	2.24181697169	1.0000002e-14
4	35123	2.242606809111	1.0000002e-14
4	35127	2.242859074634	1.0000002e-14
4	35134	2.24360352155	1.0000002e-14
4	35147	2.243893441269	1.0000002e-14
4	35154	2.244650518212	1.0000002e-14
4	35161	2.244862910559	1.0000002e-14
4	35168	2.245658369158	2.5451506878067e-13
4	35178	2.245855153933	1.0000002e-14
4	35185	2.24669996472	1.0000002e-14
4	35192	2.246811402666	1.0000002e-14
4	35202	2.247717068027	2.3724951505095e-13
4	35206	2.247829876618	1.0000002e-14
4	35213	2.248690556069	1.0000002e-14
4	35220	2.248794407059	1.0000002e-14
4	35233	2.249650378859	1.0000002e-14
4	35237	2.249795277252	1.0000002e-14
4	35249	2.250699500963	1.0000002e-14
4	35253	2.250752781713	1.0000002e-14
4	35263	2.251697078959	1.0000002e-14
4	35267	2.251705000099	1.0000002e-14
4	35277	2.252649258474	1.0000002e-14
4	35284	2.252753211589	1.0000002e-14
4	35294	2.253670390084	1.0000002e-14
4	35298	2.253769741857	1.0000002e-14
4	35308	2.254630692631	1.0000002e-14
4	35315	2.254762801306	1.0000002e-14
4	35325	2.255655143712	1.0000002e-14
4	35332	2.255798820902	4.1769939411819e-08
4	35342	2.256659266649	1.0000002e-14
4	35346	2.256788352432	1.0000002e-14
4	35356	2.257672162516	1.0000002e-14
4	35360	2.257776901097	1.0000002e-14
4	35373	2.258709539881	1.0000002e-14
4	35377	2.258773915203	4.2408277590393e-13
4	35390	2.259727011627	1.0000002e-14
4	35394	2.259758632135	1.0000002e-14
4	35407	2.260687237216	1.0000002e-14
4	35411	2.260715713565	1.0000002e-14
4	35421	2.261661597031	1.0000002e-14
4	35428	2.261719909709	1.0000002e-14
4	35438	2.262626334843	1.0000002e-14
4	35442	2.262676100383	1.0000002e-14
4	35452	2.263610350113	1.0000002e-14
4	35456	2.263631019273	1.0000002e-14
4	35469	2.264634414641	1.0000002e-14
4	35473	2.264678637751	1.0000002e-14
4	35483	2.265625472257	1.0000002e-14
4	35487	2.265655148099	1.0000002e-14
4	35500	2.266577196886	1.0000002e-14
4	35504	2.266622823765	1.0000002e-14
4	35514	2.267559552827	1.0000002e-14
4	35518	2.267598407116	1.0000002e-14
4	35531	2.268552023701	1.0000002e-14
4	35535	2.268595727536	1.0000002e-14
4	35545	2.269510886429	1.0000002e-14
4	35549	2.269556698586	1.0000002e-14
4	35559	2.270538365293	1.0000002e-14
4	35566	2.270587832192	1.0000002e-14
4	35576	2.271552669211	1.0000002e-14
4	35580	2.271597510965	1.0000002e-14
4	35590	2.2725074396	1.0000002e-14
4	35594	2.272569187627	1.0000002e-14
4	35607	2.273528863867	1.0000002e-14
4	35611	2.273576885478	1.0000002e-14
4	35624	2.274533802216	1.0000002e-14
4	35628	2.274594467105	1.0000002e-14
4	35638	2.275542192707	1.0000002e-14
4	35642	2.275587653123	1.0000002e-14
4	35655	2.276584380154	1.0000002e-14
4	35659	2.276586305657	1.0000002e-14
4	35669	2.277547644244	1.0000002e-14
4	35673	2.277582266124	1.0000002e-14
4	35686	2.278575216895	1.0000002e-14
4	35690	2.278614810398	1.0000002e-14
4	35703	2.279572537712	4.8982329229667e-08
4	35707	2.279576942996	1.0000002e-14
4	35720	2.280548460779	1.0000002e-14
4	35724	2.280574713568	6.3915928679786e-09
4	35734	2.281556436464	1.0000002e-14
4	35738	2.281613993589	1.0000002e-14
4	35751	2.282596744142	1.0000002e-14
4	35755	2.282663812008	1.0000002e-14
4	35765	2.28358186266	1.0000002e-14
4	35769	2.283686285769	1.0000002e-14
4	35782	2.284625582711	1.0000002e-14
4	35786	2.284638959634	1.0000002e-14
4	35796	2.285581257898	1.0000002e-14
4	35800	2.285611368488	1.0000002e-14
4	35813	2.286535899076	1.0000002e-14
4	35817	2.286636407697	1.0000002e-14
4	35824	2.28754545619	1.0000002e-14
4	35834	2.287615877128	1.0000002e-14
4	35844	2.288513317513	1.0000002e-14
4	35848	2.288633970175	1.0000002e-14
4	35861	2.289542729328	1.0000002e-14
4	35865	2.289637842385	1.6005288633061e-13
4	35872	2.290559507434	1.0000002e-14
4	35879	2.290654282145	1.0000002e-14
4	35892	2.291512211583	9.2209319092282e-14
4	35896	2.291670034285	6.2241707370339e-14
4	35903	2.292498617641	1.0000002e-14
4	35907	2.292630502731	1.0000002e-14
4	35920	2.293543107896	1.0000002e-14
4	35924	2.293604494041	1.0000002e-14
4	35934	2.29455678156	1.0000002e-14
4	35941	2.294627791635	1.0000002e-14
4	35951	2.295518563763	1.0000002e-14
4	35955	2.295589921577	1.0000002e-14
4	35965	2.29649710466	1.0000002e-14
4	35972	2.296592043176	1.0000002e-14
4	35985	2.297491731898	1.0000002e-14
4	35989	2.297591381449	1.0000002e-14
4	35996	2.298528579918	5.052504733997e-12
4	36000	2.29861240066	1.0000002e-14
4	36019	2.299573285379	1.0000002e-14
4	36023	2.29957776544	1.0000002e-14
4	36033	2.300527108862	1.9355907330613e-06
4	36037	2.300549926049	2.1911569133014e-11
4	36050	2.301527816934	1.0000002e-14
4	36054	2.301573833093	1.0000002e-14
4	36064	2.302541524688	1.0000002e-14
4	36068	2.302545865897	1.0000002e-14
4	36081	2.303500849728	1.0000002e-14
4	36085	2.303510597454	1.0000002e-14
4	36095	2.304507442013	1.0000002e-14
4	36099	2.304549689792	1.0000002e-14
4	36112	2.305477825046	1.0000002e-14
4	36116	2.305568578604	1.0000002e-14
4	36126	2.306443745885	1.0000002e-14
4	36130	2.306581795686	5.9807515770273e-10
4	36146	2.307488579115	1.0000002e-14
4	36150	2.307540993703	1.0000002e-14
4	36157	2.308495421237	1.0000002e-14
4	36161	2.308580530079	1.0000002e-14
4	36177	2.309490010429	1.0000002e-14
4	36181	2.309567075681	1.0000002e-14
4	36188	2.310526693272	1.0000002e-14
4	36192	2.310532168343	1.0000002e-14
4	36208	2.311514191669	1.0000002e-14
4	36212	2.311574531407	1.3289485883478e-14
4	36219	2.312466339382	1.0000002e-14
4	36223	2.31253486652	1.0000002e-14
4	36239	2.313487596792	1.0000002e-14
4	36243	2.313538592746	1.0000002e-14
4	36250	2.314476905577	1.0000002e-14
4	36254	2.314548389798	1.0000002e-14
4	36270	2.315477952091	1.0000002e-14
4	36274	2.315511344868	1.0000002e-14
4	36281	2.316515725786	1.0000002e-14
4	36285	2.316527687274	1.0000002e-14
4	36301	2.317553419447	1.0000002e-14
4	36305	2.317573029892	1.0000002e-14
4	36312	2.318536843062	1.0000002e-14
4	36316	2.318575724495	1.0000002e-14
4	36332	2.319515846408	1.0000002e-14
4	36336	2.319564857897	1.0000002e-14
4	36346	2.320553211083	1.0000002e-14
4	36350	2.32060421714	1.0000002e-14
4	36363	2.321534808956	1.0000002e-14
4	36367	2.321570347943	7.7055125004713e-13
4	36377	2.322518551545	1.0000002e-14
4	36381	2.32255327096	1.0000002e-14
4	36394	2.323519115001	1.0000002e-14
4	36401	2.3235521223	1.0000002e-14
4	36408	2.324512197944	1.0000002e-14
4	36412	2.324529784841	1.0000002e-14
4	36425	2.325515469859	1.0000002e-14
4	36429	2.325560831701	1.0000002e-14
4	36439	2.326496010999	1.0000002e-14
4	36443	2.326560697148	1.0000002e-14
4	36456	2.327511670773	1.0000002e-14
4	36460	2.327541925511	1.0000002e-14
4	36467	2.328515022315	1.0000002e-14
4	36474	2.328580461151	1.0000002e-14
4	36487	2.32952538392	1.0000002e-14
4	36491	2.329532371474	1.0000002e-14
4	36501	2.330492169255	1.0000002e-14
4	36505	2.330572291885	1.0000002e-14
4	36518	2.33148058417	1.0000002e-14
4	36525	2.331620778173	1.0000002e-14
4	36532	2.33250463684	1.0000002e-14
4	36539	2.332640556329	1.0000002e-14
4	36552	2.333548758952	1.0000002e-14
4	36556	2.333646480227	1.0000002e-14
4	36563	2.334581495592	1.0000002e-14
4	36570	2.334664725796	1.0000002e-14
4	36583	2.33561399669	1.0000002e-14
4	36587	2.335626325941	1.0000002e-14
4	36597	2.336591840078	1.0000002e-14
4	36601	2.336653138418	1.0000002e-14
4	36614	2.337549930525	1.0000002e-14
4	36618	2.337661503349	1.0000002e-14
4	36631	2.338535297337	1.0000002e-14
4	36635	2.338698575127	1.0000002e-14
4	36648	2.339550722202	1.0000002e-14
4	36652	2.339719881318	1.0000002e-14
4	36659	2.340545955551	1.0000002e-14
4	36666	2.340740529343	1.0000002e-14
4	36679	2.341510268246	1.0000002e-14
4	36683	2.341756342722	1.0000002e-14
4	36690	2.342470063007	1.0000002e-14
4	36700	2.342745667971	1.0000002e-14
4	36710	2.343461766107	1.0000002e-14
4	36714	2.343736203101	1.0000002e-14
4	36718	2.344413572984	1.0000002e-14
4	36731	2.344730395735	1.0000002e-14
4	36741	2.345415841743	1.0000002e-14
4	36745	2.345750246927	1.0000002e-14
4	36755	2.346413162501	1.0000002e-14
4	36762	2.346778847535	1.0000002e-14
4	36772	2.347445897667	1.0000002e-14
4	36776	2.347742102779	1.0000002e-14
4	36786	2.348440442353	1.0000002e-14
4	36793	2.348740677184	1.0000002e-14
4	36803	2.349455846841	1.0000002e-14
4	36807	2.349728194803	1.0000002e-14
4	36820	2.350497706473	1.0000002e-14
4	36824	2.350730206373	1.0000002e-14
4	36834	2.351493098534	1.0000002e-14
4	36838	2.351763228405	1.5014649140189e-14
4	36851	2.352488593223	1.0000002e-14
4	36855	2.352728655843	1.0000002e-14
4	36865	2.353479439918	1.0000002e-14
4	36869	2.35377138424	1.0000002e-14
4	36876	2.354441474919	1.0000002e-14
4	36886	2.354757762143	1.0000002e-14
4	36896	2.355436125433	1.0000002e-14
4	36900	2.35578885825	1.0000002e-14
4	36913	2.356448982626	1.0000002e-14
4	36917	2.356749957755	1.0000002e-14
4	36927	2.357453568612	1.0000002e-14
4	36931	2.357741259876	1.0000002e-14
4	36938	2.358457459051	1.0000002e-14
4	36951	2.358743821983	1.0000002e-14
4	36961	2.359431044726	1.0000002e-14
4	36965	2.359785262237	1.0000002e-14
4	36972	2.360440336809	1.0000002e-14
4	36982	2.360770706898	1.0000002e-14
4	36992	2.361444679302	1.0000002e-14
4	36996	2.36178958705	1.0000002e-14
4	37003	2.362437881985	1.0000002e-14
4	37010	2.362740805225	1.0000002e-14
4	37023	2.363412524982	1.0000002e-14
4	37027	2.363757645819	1.0000002e-14
4	37031	2.364382595907	1.0000002e-14
4	37041	2.364718544283	1.0000002e-14
4	37054	2.365391355608	1.0000002e-14
4	37058	2.365762875	1.0000002e-14
4	37062	2.366393188633	1.0000002e-14
4	37072	2.366801992928	1.0000002e-14
4	37085	2.367436890498	1.0000002e-14
4	37089	2.367838179725	1.0000002e-14
4	37096	2.368461854117	1.0000002e-14
4	37103	2.36880364993	1.0000002e-14
4	37116	2.369480693428	1.0000002e-14
4	37120	2.369776734706	1.0000002e-14
4	37127	2.370479310642	1.0000002e-14
4	37134	2.37078905338	1.0000002e-14
4	37147	2.371484503749	1.0000002e-14
4	37151	2.371823926563	1.0000002e-14
4	37155	2.372494671249	5.1331371796115e-12
4	37165	2.372798412665	1.0000002e-14
4	37178	2.373480770057	1.0000002e-14
4	37182	2.373765050808	1.0000002e-14
4	37186	2.374435323701	1.0000002e-14
4	37199	2.374768240328	1.0000002e-14
4	37209	2.375422318765	1.0000002e-14
4	37213	2.375797489777	1.0000002e-14
4	37217	2.376386724056	1.0000002e-14
4	37230	2.376832911368	1.0000002e-14
4	37237	2.377428054545	1.0000002e-14
4	37244	2.377874792059	1.0000002e-14
4	37251	2.378454286465	1.0000002e-14
4	37264	2.378886766146	1.0000002e-14
4	37274	2.379501265666	1.0000002e-14
4	37278	2.379922743774	1.0000002e-14
4	37288	2.380537022523	1.0000002e-14
4	37295	2.380950238039	1.0000002e-14
4	37305	2.38150589045	1.0000002e-14
4	37309	2.381957253658	1.0000002e-14
4	37319	2.382520735984	1.0000002e-14
4	37326	2.382960103158	1.0000002e-14
4	37336	2.383552653968	1.0000002e-14
4	37340	2.383992353488	1.0000002e-14
4	37350	2.384573102589	1.0000002e-14
4	37357	2.385031537128	1.0000002e-14
4	37367	2.385534743633	1.0000002e-14
4	37371	2.386073600271	1.0000002e-14
4	37378	2.386529378878	1.0000002e-14
4	37391	2.38709844463	1.0000002e-14
4	37398	2.387493988397	1.0000002e-14
4	37402	2.388102726946	1.0000002e-14
4	37409	2.388483073747	1.0000002e-14
4	37425	2.389127800964	1.0000002e-14
4	37429	2.389468525001	1.0000002e-14
4	37433	2.390087396345	1.0000002e-14
4	37443	2.390504047692	1.0000002e-14
4	37456	2.391089798403	1.0000002e-14
4	37460	2.391522268962	1.0000002e-14
4	37464	2.392101466736	1.0000002e-14
4	37471	2.392525251819	1.0000002e-14
4	37487	2.393099297246	1.0000002e-14
4	37491	2.393536474452	1.0000002e-14
4	37495	2.394060327626	1.0000002e-14
4	37508	2.39452560562	6.9501628003313e-07
4	37515	2.395058805647	1.0000002e-14
4	37522	2.395512268412	1.0000002e-14
4	37526	2.396091393136	1.0000002e-14
4	37539	2.396546141835	1.0000002e-14
4	37549	2.397139110191	1.0000002e-14
4	37553	2.397582287828	9.6881983587209e-11
4	37557	2.398128389083	1.0000002e-14
4	37576	2.398618982775	1.0000002e-14
4	37583	2.399096908784	1.0000002e-14
4	37587	2.399636891967	1.0000002e-14
4	37591	2.400104216324	1.0000002e-14
4	37607	2.400660411242	6.384607218794e-14
4	37614	2.401153714137	2.8109987104976e-13
4	37618	2.401638361624	1.0000002e-14
4	37622	2.402177164389	1.0000002e-14
4	37638	2.402627354402	1.0000002e-14
4	37645	2.403204438924	1.0000002e-14
4	37649	2.403587197021	1.0000002e-14
4	37656	2.404189787613	1.0000002e-14
4	37669	2.404543434585	1.0000002e-14
4	37676	2.40517713044	1.0000002e-14
4	37680	2.40551336183	1.0000002e-14
4	37687	2.406220756923	9.8177704395272e-13
4	37700	2.406554366521	1.0000002e-14
4	37707	2.407209747838	1.0000002e-14
4	37711	2.407594136811	1.0000002e-14
4	37718	2.408225845311	1.0000002e-14
4	37731	2.408613539232	1.0000002e-14
4	37738	2.40918246832	1.0000002e-14
4	37742	2.409576432692	1.0000002e-14
4	37749	2.410137645041	1.0000002e-14
4	37756	2.410603664138	1.0000002e-14
4	37766	2.41109937509	1.0000002e-14
4	37773	2.411629300755	1.0000002e-14
4	37780	2.412145045074	1.0000002e-14
4	37790	2.412650537495	1.0000002e-14
4	37797	2.413101216095	1.0000002e-14
4	37804	2.413622238844	1.0000002e-14
4	37811	2.41413840524	1.0000002e-14
4	37821	2.414664203257	1.0000002e-14
4	37831	2.415157772796	1.0000002e-14
4	37835	2.415702086467	1.0000002e-14
4	37842	2.416165982784	1.0000002e-14
4	37852	2.416672841961	4.7595975398393e-12
4	37862	2.4171396728	1.0000002e-14
4	37866	2.417628597714	1.0000002e-14
4	37873	2.418162104535	1.0000002e-14
4	37886	2.418600643642	1.0000002e-14
4	37896	2.419174194597	1.0000002e-14
4	37900	2.419634973665	1.0000002e-14
4	37907	2.420149094601	1.0000002e-14
4	37917	2.420593830261	1.0000002e-14
4	37927	2.42110259383	1.0000002e-14
4	37931	2.421600181624	1.0000002e-14
4	37935	2.422131383528	1.0000002e-14
4	37945	2.422613782661	1.0000002e-14
4	37958	2.423173124978	1.0000002e-14
4	37962	2.423620328221	1.0000002e-14
4	37966	2.424170900549	1.0000002e-14
4	37979	2.424640914713	1.0000002e-14
4	37989	2.425213904617	1.0000002e-14
4	37993	2.425688394288	1.0000002e-14
4	37997	2.426221007204	1.0000002e-14
4	38010	2.426657300279	1.0000002e-14
4	38020	2.427187292396	1.0000002e-14
4	38024	2.427652721394	1.0000002e-14
4	38031	2.428223900252	1.0000002e-14
4	38041	2.428625429016	1.0000002e-14
4	38051	2.429234108436	1.0000002e-14
4	38055	2.429598137174	1.0000002e-14
4	38059	2.430263726998	1.0000002e-14
4	38075	2.430594440144	1.0000002e-14
4	38082	2.431276428358	3.5238240787398e-14
4	38086	2.431558824489	7.0792551979207e-11
4	38090	2.432226476581	1.0000002e-14
4	38103	2.432554933929	1.0000002e-14
4	38113	2.433197717979	1.0000002e-14
4	38117	2.43357173181	1.0000002e-14
4	38121	2.434195476597	1.0000002e-14
4	38134	2.434551548238	1.0000002e-14
4	38144	2.435156625468	1.0000002e-14
4	38148	2.435531846457	3.5051619587338e-14
4	38155	2.436139131153	3.579982157152e-12
4	38165	2.436517398819	1.0000002e-14
4	38175	2.437111277434	1.0000002e-14
4	38179	2.437555903136	1.0000002e-14
4	38183	2.438137523578	1.0000002e-14
4	38199	2.438522443104	1.0000002e-14
4	38209	2.439173261991	1.0000002e-14
4	38213	2.43951815372	1.0000002e-14
4	38217	2.440131205623	1.0000002e-14
4	38230	2.440550273103	1.0000002e-14
4	38240	2.441146369473	1.0000002e-14
4	38244	2.441508686992	1.0000002e-14
4	38248	2.442113682511	1.0000002e-14
4	38261	2.442528365766	1.0000002e-14
4	38271	2.44307285537	1.0000002e-14
4	38275	2.443528468785	1.0000002e-14
4	38279	2.444095889366	1.0000002e-14
4	38292	2.444523088248	1.0000002e-14
4	38299	2.445056995349	1.0000002e-14
4	38306	2.44547722603	1.0000002e-14
4	38310	2.446060941154	1.0000002e-14
4	38317	2.446443444723	1.0000002e-14
4	38330	2.447053656605	1.0000002e-14
4	38337	2.44748530804	1.0000002e-14
4	38344	2.44805669701	1.0000002e-14
4	38351	2.448460707859	1.0000002e-14
4	38361	2.449094944399	1.0000002e-14
4	38368	2.449510348633	1.0000002e-14
4	38372	2.450088947976	1.0000002e-14
4	38385	2.450494252168	1.0000002e-14
4	38392	2.451129428795	1.0000002e-14
4	38399	2.451530632312	1.0000002e-14
4	38403	2.452161595735	1.0000002e-14
4	38413	2.452535908118	1.0000002e-14
4	38423	2.453112450054	1.0000002e-14
4	38430	2.453512098217	1.0000002e-14
4	38434	2.454149762227	1.0000002e-14
4	38444	2.454509498955	1.0000002e-14
4	38454	2.455117863753	1.1506671983697e-09
4	38461	2.455507876104	1.0000002e-14
4	38465	2.456140639525	1.0000002e-14
4	38478	2.456553054645	1.0000002e-14
4	38485	2.457104079895	1.0000002e-14
4	38492	2.457523633125	1.0000002e-14
4	38496	2.458114330048	1.0000002e-14
4	38512	2.458561703475	1.0000002e-14
4	38519	2.45909597554	1.0000002e-14
4	38526	2.459564478623	1.0000002e-14
4	38530	2.460114658517	1.0000002e-14
4	38543	2.460519200664	1.0000002e-14
4	38550	2.461076963109	1.0000002e-14
4	38557	2.461483739013	1.0000002e-14
4	38561	2.462032609824	1.0000002e-14
4	38571	2.462468921545	1.0000002e-14
4	38581	2.463023950258	1.0000002e-14
4	38585	2.463463341171	1.0000002e-14
4	38592	2.464073927083	1.0000002e-14
4	38602	2.46446065585	1.0000002e-14
4	38612	2.465089823358	1.0000002e-14
4	38619	2.465509379169	1.0000002e-14
4	38626	2.466098055608	1.0000002e-14
4	38633	2.466520476498	1.0000002e-14
4	38643	2.467123790882	1.0000002e-14
4	38650	2.467503304215	1.0000002e-14
4	38660	2.468146895178	1.6516904250743e-10
4	38664	2.468495219286	1.0000002e-14
4	38674	2.46911047819	4.9255515677136e-12
4	38678	2.469523422307	1.0000002e-14
4	38688	2.470060486251	1.0000002e-14
4	38695	2.470479990848	1.0000002e-14
4	38705	2.471054941754	1.0000002e-14
4	38709	2.471481537641	1.0000002e-14
4	38716	2.472061830825	1.0000002e-14
4	38729	2.47246546244	1.0000002e-14
4	38736	2.473068908142	1.0000002e-14
4	38740	2.473443742392	1.0000002e-14
4	38747	2.474112495435	1.4425022658775e-14
4	38760	2.474479439943	1.0000002e-14
4	38767	2.475067981308	1.0000002e-14
4	38771	2.4755178596	1.0000002e-14
4	38781	2.476084529143	1.0000002e-14
4	38791	2.476501045069	1.0000002e-14
4	38795	2.477075653656	1.0000002e-14
4	38802	2.47747891496	1.0000002e-14
4	38812	2.47810483268	1.0000002e-14
4	38825	2.47844438641	1.4417053271939e-13
4	38829	2.479114708911	1.0000002e-14
4	38836	2.4794482521	1.0000002e-14
4	38846	2.480157061151	1.0133878751864e-13
4	38853	2.48042453705	1.0000002e-14
4	38863	2.4811612586	1.0000002e-14
4	38867	2.481437946718	1.0000002e-14
4	38877	2.482184161191	1.0000002e-14
4	38884	2.482469470731	1.0000002e-14
4	38894	2.483165637453	1.0000002e-14
4	38898	2.483510320261	1.0000002e-14
4	38911	2.484178688534	1.0000002e-14
4	38918	2.484546824147	1.0000002e-14
4	38922	2.485194770251	1.0000002e-14
4	38929	2.485576649516	1.0000002e-14
4	38942	2.486179163628	5.0276399846785e-14
4	38946	2.486601393353	1.0000002e-14
4	38953	2.48714764052	1.0000002e-14
4	38960	2.487591663108	1.0000002e-14
4	38973	2.488171275452	1.0000002e-14
4	38980	2.488612881869	1.0000002e-14
4	38984	2.489140840788	1.0000002e-14
4	38991	2.489571770623	1.0000002e-14
4	39004	2.490161131874	1.0000002e-14
4	39011	2.490599952595	1.0000002e-14
4	39015	2.491194528054	1.0000002e-14
4	39022	2.491617405687	1.0000002e-14
4	39035	2.492168122894	1.0000002e-14
4	39039	2.492584569305	1.0000002e-14
4	39046	2.493166804599	1.0000002e-14
4	39053	2.49357310959	1.0000002e-14
4	39066	2.494199472619	1.0000002e-14
4	39070	2.494581742925	1.0000002e-14
4	39077	2.495236890439	1.0000002e-14
4	39084	2.495616296655	1.0000002e-14
4	39097	2.496273617313	1.0000002e-14
4	39101	2.496577397537	1.0000002e-14
4	39108	2.497309713695	1.0000002e-14
4	39115	2.497547325274	1.0000002e-14
4	39131	2.498328737884	1.0000002e-14
4	39135	2.498544171344	1.0000002e-14
4	39145	2.49931123	1.0000002e-14
4	39149	2.499562299076	1.0000002e-14
4	39164	2.500266314281	1.0000002e-14
4	39168	2.500570133492	1.0000002e-14
4	39175	2.501271726911	1.0000002e-14
4	39182	2.501562881877	1.0000002e-14
4	39195	2.502284741567	1.0000002e-14
4	39199	2.502566142534	1.0000002e-14
4	39206	2.503294414679	2.1040390265008e-14
4	39213	2.503528826215	1.0000002e-14
4	39226	2.504255856286	1.0000002e-14
4	39230	2.504527177489	1.0000002e-14
4	39237	2.505222919017	9.0446873640768e-14
4	39244	2.505552141976	1.0000002e-14
4	39254	2.506193194764	1.1283138590054e-10
4	39261	2.506579632653	1.0000002e-14
4	39268	2.507192671496	1.0000002e-14
4	39275	2.507585141459	1.0000002e-14
4	39285	2.50822347795	1.0000002e-14
4	39292	2.508552051895	1.9916689969444e-14
4	39299	2.5091756021	1.0000002e-14
4	39306	2.509516461371	1.0000002e-14
4	39313	2.510218289634	1.0000002e-14
4	39323	2.510557605374	1.0000002e-14
4	39330	2.5111867704	1.0000002e-14
4	39334	2.511551906346	1.0000002e-14
4	39341	2.512198763137	1.0000002e-14
4	39354	2.512509896263	1.0000002e-14
4	39361	2.513234539629	1.0000002e-14
4	39368	2.513529909081	1.0000002e-14
4	39378	2.514200945954	1.0000002e-14
4	39385	2.514514839321	1.0000002e-14
4	39392	2.515181407086	1.0000002e-14
4	39399	2.515470972878	1.0000002e-14
4	39412	2.516171714149	1.0000002e-14
4	39416	2.516481432397	1.0000002e-14
4	39423	2.517174610976	1.0000002e-14
4	39430	2.517499826532	1.0000002e-14
4	39446	2.518222897723	1.0000002e-14
4	39450	2.5185272577	1.0000002e-14
4	39454	2.519241436935	1.0000002e-14
4	39464	2.51950432543	1.0000002e-14
4	39477	2.520219276617	1.0000002e-14
4	39481	2.520545262551	1.0000002e-14
4	39488	2.521266527327	1.0000002e-14
4	39495	2.521518514767	1.0000002e-14
4	39508	2.522237215443	1.0000002e-14
4	39512	2.52252747459	1.0000002e-14
4	39519	2.523188068562	1.0000002e-14
4	39523	2.523567686677	1.0000002e-14
4	39539	2.524189128835	1.0000002e-14
4	39543	2.524551548326	1.0000002e-14
4	39550	2.525206149462	1.0000002e-14
4	39554	2.525515296822	1.3674691606913e-11
4	39567	2.526188860119	1.0000002e-14
4	39574	2.526546533655	1.0000002e-14
4	39581	2.527213789301	1.0000002e-14
4	39585	2.527570858998	1.0000002e-14
4	39598	2.528171616408	1.0000002e-14
4	39605	2.528538707853	1.0000002e-14
4	39612	2.529172544507	1.0000002e-14
4	39619	2.529573036159	1.0000002e-14
4	39626	2.530149354214	1.0000002e-14
4	39636	2.530588542088	1.0000002e-14
4	39643	2.531177244907	1.004434979466e-11
4	39647	2.531556411867	1.0000002e-14
4	39660	2.532162093057	1.0000002e-14
4	39667	2.532594707753	1.0000002e-14
4	39674	2.533162373586	1.0000002e-14
4	39681	2.533549782221	1.0000002e-14
4	39691	2.534133208731	1.0000002e-14
4	39698	2.534530045551	1.0000002e-14
4	39705	2.535172146459	1.0000002e-14
4	39712	2.535494561941	1.0000002e-14
4	39725	2.536169291869	1.0000002e-14
4	39729	2.536531249283	1.0000002e-14
4	39739	2.537169254627	1.0000002e-14
4	39743	2.537564305378	1.0000002e-14
4	39753	2.538122810192	1.0000002e-14
4	39763	2.538596253909	6.5385957138835e-10
4	39770	2.53914264472	1.0000002e-14
4	39777	2.539569845158	1.0000002e-14
4	39787	2.540164958245	1.0000002e-14
4	39794	2.540555506041	1.0000002e-14
4	39801	2.54112566434	1.0000002e-14
4	39808	2.541511309598	1.0000002e-14
4	39818	2.542114591709	1.0000002e-14
4	39825	2.542517753438	1.0000002e-14
4	39832	2.543114810414	1.0000002e-14
4	39839	2.543488693457	1.0000002e-14
4	39849	2.544153090159	1.0000002e-14
4	39856	2.544450699184	1.0000002e-14
4	39863	2.545135681154	1.0000002e-14
4	39867	2.545465813043	0.00010596658178993
4	39880	2.546101148149	1.0000002e-14
4	39884	2.546456947692	1.0000002e-14
4	39894	2.547147591891	1.0000002e-14
4	39898	2.547449107635	1.0000002e-14
4	39911	2.548134536746	1.7352838162394e-10
4	39918	2.548448129837	1.0000002e-14
4	39925	2.54917864001	1.0000002e-14
4	39932	2.549479175592	1.0000002e-14
4	39942	2.550174441509	1.0000002e-14
4	39949	2.550464726139	1.0000002e-14
4	39956	2.551199322692	1.0766070948623e-11
4	39960	2.551474011684	1.0000002e-14
4	39973	2.552151561794	1.0000002e-14
4	39980	2.552453376506	1.5033599182302e-07
4	39987	2.553150315804	1.0000002e-14
4	39991	2.553471766008	2.1066893640736e-14
4	40004	2.554189157048	1.0000002e-14
4	40011	2.554468534782	1.0000002e-14
4	40018	2.555154878438	1.0000002e-14
4	40022	2.555420577354	1.0000002e-14
4	40035	2.55617697527	1.0000002e-14
4	40039	2.556392405855	1.0000002e-14
4	40049	2.557221878717	1.0000002e-14
4	40053	2.557426388677	1.0000002e-14
4	40066	2.558177079663	1.0000002e-14
4	40070	2.558446018785	1.0000002e-14
4	40083	2.559136720268	1.0000002e-14
4	40087	2.559468239404	1.0000002e-14
4	40100	2.560145829894	1.0000002e-14
4	40104	2.560484294906	1.0000002e-14
4	40114	2.56117034563	1.0000002e-14
4	40118	2.561493080506	1.0000002e-14
4	40131	2.562134918694	1.0000002e-14
4	40138	2.562515376654	1.0000002e-14
4	40145	2.563180889307	8.5923294043348e-14
4	40149	2.563478086309	1.0000002e-14
4	40162	2.564183774435	1.0000002e-14
4	40169	2.564483969436	1.0000002e-14
4	40176	2.565228324304	1.0000002e-14
4	40180	2.565484826302	1.0000002e-14
4	40193	2.566179522564	1.0000002e-14
4	40200	2.566498080421	1.0000002e-14
4	40207	2.567211557537	1.0000002e-14
4	40214	2.56746614936	1.0000002e-14
4	40224	2.568229578502	1.0000002e-14
4	40234	2.568500992002	1.384600082594e-14
4	40238	2.569182638487	1.0000002e-14
4	40245	2.569481508499	1.0000002e-14
4	40252	2.570155870659	1.0000002e-14
4	40265	2.570437692381	1.5694169655677e-12
4	40269	2.571152792566	1.0000002e-14
4	40276	2.57142113473	1.0000002e-14
4	40289	2.572142981256	1.0000002e-14
4	40296	2.572420351892	1.0000002e-14
4	40300	2.57316702555	1.0000002e-14
4	40307	2.573425801517	1.0000002e-14
4	40317	2.574178131174	1.0000002e-14
4	40327	2.574422896923	1.0000002e-14
4	40334	2.575226566565	1.0000002e-14
4	40338	2.575411140713	1.0000002e-14
4	40354	2.576237342274	1.0000002e-14
4	40358	2.576369088355	1.0000002e-14
4	40362	2.577283367884	1.0000002e-14
4	40369	2.577329320972	1.0000002e-14
4	40385	2.578277447723	1.0000002e-14
4	40392	2.578324058116	1.0000002e-14
4	40396	2.579235590296	1.0000002e-14
4	40400	2.57927870219	1.0000002e-14
4	40413	2.580236917722	1.0000002e-14
4	40423	2.580305845457	1.0000002e-14
4	40427	2.581203170167	1.0000002e-14
4	40431	2.58128033432	1.0000002e-14
4	40450	2.582238069598	1.0000002e-14
4	40454	2.582316437798	1.0000002e-14
4	40458	2.583208440148	1.0000002e-14
4	40462	2.583281246313	1.0000002e-14
4	40478	2.584246939283	1.0000002e-14
4	40482	2.58424718299	1.0000002e-14
4	40489	2.585201157739	1.0000002e-14
4	40493	2.585215393175	1.0000002e-14
4	40509	2.586238935044	1.0000002e-14
4	40513	2.58625042863	1.0000002e-14
4	40520	2.587223711154	1.0000002e-14
4	40524	2.587270272215	1.0000002e-14
4	40540	2.588210483417	1.0000002e-14
4	40544	2.588312010716	1.0000002e-14
4	40551	2.589201265039	1.0000002e-14
4	40555	2.589357904852	1.0000002e-14
4	40571	2.590175448678	1.0000002e-14
4	40578	2.590378533075	1.0000002e-14
4	40582	2.591138597295	1.0000002e-14
4	40586	2.591346503733	1.0000002e-14
4	40602	2.592097212021	1.0000002e-14
4	40609	2.592336460669	1.1189151691112e-12
4	40613	2.593101843149	1.0000002e-14
4	40617	2.593382738197	1.0000002e-14
4	40633	2.594117917287	1.0000002e-14
4	40640	2.594429739472	1.0000002e-14
4	40644	2.595081480081	1.0000002e-14
4	40648	2.59543546502	1.0000002e-14
4	40664	2.596123915565	1.0000002e-14
4	40671	2.596470169559	1.0000002e-14
4	40675	2.597092105666	1.0000002e-14
4	40679	2.597503336413	1.0000002e-14
4	40692	2.598061419102	1.0000002e-14
4	40705	2.598468168962	7.7489468072505e-13
4	40709	2.599022441159	1.0000002e-14
4	40716	2.599484623501	2.4763922110727e-12
4	40726	2.599982049337	1.7752410008658e-08
4	40736	2.600459589761	1.0000002e-14
4	40740	2.601027510645	1.0000002e-14
4	40744	2.601502931467	3.9477098575197e-13
4	40757	2.60200430333	1.0000002e-14
4	40764	2.602528769496	1.0000002e-14
4	40771	2.603032378011	1.0000002e-14
4	40775	2.603572198795	1.0000002e-14
4	40788	2.603995659018	1.0000002e-14
4	40795	2.604585610011	1.0000002e-14
4	40802	2.60497385071	1.0000002e-14
4	40806	2.605579982511	1.0000002e-14
4	40819	2.605991402261	1.0000002e-14
4	40826	2.606611431159	1.0000002e-14
4	40833	2.607016113818	1.0000002e-14
4	40843	2.607651772293	1.0000002e-14
4	40850	2.608007382213	1.0000002e-14
4	40857	2.608616082839	1.0000002e-14
4	40864	2.60897305196	1.0000002e-14
4	40874	2.609642547328	1.0000002e-14
4	40878	2.610005243985	1.0000002e-14
4	40888	2.610637128471	1.0000002e-14
4	40895	2.610972744036	1.0000002e-14
4	40902	2.611677979306	1.0000002e-14
4	40912	2.611925480235	1.0000002e-14
4	40919	2.61266471881	3.0569724356207e-13
4	40926	2.612938341257	1.0000002e-14
4	40933	2.61365378876	1.0000002e-14
4	40943	2.613956169761	1.0000002e-14
4	40950	2.614631639221	1.7117515831665e-12
4	40957	2.614994033392	1.0000002e-14
4	40964	2.615621630195	1.0000002e-14
4	40974	2.616006552491	1.0000002e-14
4	40978	2.616670381937	1.0000002e-14
4	40988	2.616995541198	1.0000002e-14
4	40995	2.61764799288	1.0000002e-14
4	41005	2.618033013599	1.0000002e-14
4	41015	2.618680143175	1.0000002e-14
4	41022	2.619050259723	1.0000002e-14
4	41029	2.619655107361	1.0000002e-14
4	41039	2.620038277957	1.0000002e-14
4	41043	2.620671482198	1.0000002e-14
4	41053	2.621009494934	1.0000002e-14
4	41060	2.621627081451	1.0000002e-14
4	41070	2.622057638703	1.0000002e-14
4	41077	2.622625326801	1.0000002e-14
4	41084	2.623073253738	1.0000002e-14
4	41094	2.623648720214	1.0000002e-14
4	41101	2.624029779485	1.0000002e-14
4	41105	2.624657186037	1.0000002e-14
4	41115	2.625035323937	1.0000002e-14
4	41125	2.625651673487	1.0000002e-14
4	41132	2.626065949239	1.4964345693635e-12
4	41139	2.626695680548	1.0000002e-14
4	41146	2.627074324263	1.0000002e-14
4	41156	2.627676294708	1.0000002e-14
4	41163	2.628052959667	1.0000002e-14
4	41170	2.628724642671	1.0000002e-14
4	41177	2.629034531908	1.0000002e-14
4	41187	2.629761400322	1.0000002e-14
4	41194	2.630046456396	1.0000002e-14
4	41204	2.630796990425	1.0000002e-14
4	41208	2.631067287835	1.0000002e-14
4	41218	2.631750986424	1.0000002e-14
4	41222	2.632105439173	1.0000002e-14
4	41232	2.63275415733	1.0000002e-14
4	41239	2.63314736788	1.0000002e-14
4	41246	2.63372448329	1.0000002e-14
4	41253	2.634169816926	1.0000002e-14
4	41260	2.634724455144	1.0000002e-14
4	41270	2.635182036822	1.0000002e-14
4	41280	2.635705402375	1.0000002e-14
4	41284	2.636187191483	1.0000002e-14
4	41291	2.63669160239	1.0000002e-14
4	41301	2.637202728819	1.0000002e-14
4	41311	2.637739286974	1.0000002e-14
4	41315	2.638171319988	1.0000002e-14
4	41322	2.638709865566	1.0000002e-14
4	41335	2.63919335062	1.0000002e-14
4	41342	2.639705765424	1.0000002e-14
4	41349	2.64023787504	1.0000002e-14
4	41356	2.640679893057	1.0000002e-14
4	41366	2.641203080266	1.0000002e-14
4	41373	2.641651308811	1.0000002e-14
4	41380	2.642192079061	1.0000002e-14
4	41387	2.642689124682	1.0000002e-14
4	41397	2.643197087398	1.0000002e-14
4	41404	2.643682029908	1.0000002e-14
4	41411	2.64419759533	1.0000002e-14
4	41421	2.644715614555	1.0000002e-14
4	41428	2.645230015035	1.0000002e-14
4	41432	2.645736895261	1.0000002e-14
4	41442	2.646249666016	1.0000002e-14
4	41455	2.646748649487	1.0000002e-14
4	41459	2.647239063286	1.0000002e-14
4	41463	2.647767800283	1.0000002e-14
4	41473	2.648261354865	1.1796655179325e-09
4	41486	2.648731928013	1.0000002e-14
4	41490	2.649233039866	1.0000002e-14
4	41494	2.649735671723	1.0000002e-14
4	41501	2.650210734698	1.0000002e-14
4	41517	2.65071726653	1.0000002e-14
4	41521	2.651248079945	1.0000002e-14
4	41525	2.651704087179	1.0000002e-14
4	41532	2.652253720781	1.0000002e-14
4	41548	2.652738120052	1.0000002e-14
4	41552	2.653274220058	1.0000002e-14
4	41556	2.653772153682	1.0000002e-14
4	41563	2.654248458331	1.0000002e-14
4	41579	2.654797405766	1.1294200000463e-11
4	41583	2.655273303468	1.0000002e-14
4	41587	2.655802679781	1.0000002e-14
4	41600	2.656293861778	1.0000002e-14
4	41607	2.656835361713	1.0000002e-14
4	41614	2.657339035341	1.0000002e-14
4	41618	2.657856861501	1.0000002e-14
4	41628	2.65831271291	1.3018079331015e-11
4	41644	2.658893190772	1.0000002e-14
4	41648	2.659338522232	1.0000002e-14
4	41652	2.659939413575	1.0000002e-14
4	41662	2.660360244342	1.0000002e-14
4	41675	2.660928886505	1.0000002e-14
4	41679	2.661399381093	1.0000002e-14
4	41686	2.661933783393	1.0000002e-14
4	41696	2.662398635805	1.0000002e-14
4	41706	2.662949052045	1.0000002e-14
4	41710	2.663371781246	1.0000002e-14
4	41717	2.663903461057	1.0000002e-14
4	41727	2.664383626268	1.0000002e-14
4	41737	2.664948883845	1.0000002e-14
4	41741	2.665384337303	1.0000002e-14
4	41748	2.66599523245	1.0000002e-14
4	41758	2.666351084962	1.0000002e-14
4	41768	2.66696869785	1.0000002e-14
4	41772	2.667350824213	1.0000002e-14
4	41776	2.667926596869	1.0000002e-14
4	41789	2.668302929977	1.0000002e-14
4	41799	2.66892978882	1.0000002e-14
4	41803	2.669255219036	1.0000002e-14
4	41810	2.669940107772	1.0000002e-14
4	41823	2.670281705111	1.0000002e-14
4	41830	2.670939859469	1.0000002e-14
4	41834	2.671247927046	1.5568130431337e-14
4	41844	2.671974543744	1.0000002e-14
4	41851	2.672248023249	1.0000002e-14
4	41861	2.672948056616	1.0000002e-14
4	41865	2.673289798139	1.0000002e-14
4	41875	2.673970393417	1.3577884150889e-14
4	41879	2.674311590054	1.0000002e-14
4	41892	2.6749660971	1.0000002e-14
4	41896	2.675294776664	1.0000002e-14
4	41906	2.67600787699	1.0000002e-14
4	41913	2.676332222269	1.0000002e-14
4	41923	2.677050112558	1.0000002e-14
4	41927	2.677290507767	1.0000002e-14
4	41937	2.678029156803	1.0000002e-14
4	41941	2.678267538896	1.0000002e-14
4	41957	2.679069611232	1.0000002e-14
4	41961	2.679267831179	1.0000002e-14
4	41971	2.680068005539	1.0000002e-14
4	41975	2.680247544753	1.0000002e-14
4	41988	2.681048344354	6.4458147100098e-13
4	41992	2.681236342279	1.0000002e-14
4	42002	2.682033669018	1.0000002e-14
4	42006	2.682234073195	1.0000002e-14
4	42019	2.683055453634	1.0000002e-14
4	42023	2.683193201372	1.0000002e-14
4	42033	2.684077265138	1.0000002e-14
4	42037	2.684160746113	1.0000002e-14
4	42050	2.68511593587	1.0000002e-14
4	42054	2.685199323671	1.0000002e-14
4	42064	2.686101084626	1.0000002e-14
4	42074	2.686241338247	1.0000002e-14
4	42081	2.687146321706	1.0000002e-14
4	42085	2.687279572554	1.0000002e-14
4	42098	2.688177438195	1.0000002e-14
4	42108	2.688279835485	1.0000002e-14
4	42112	2.689172603082	1.0000002e-14
4	42116	2.689275177165	1.0000002e-14
4	42129	2.690149764694	4.6517743920985e-11
4	42136	2.690226206381	1.0000002e-14
4	42143	2.691178856097	1.0000002e-14
4	42147	2.691234894182	1.0000002e-14
4	42160	2.692145022095	1.0000002e-14
4	42167	2.692211716123	1.0000002e-14
4	42174	2.693130766759	1.0000002e-14
4	42178	2.693190207791	1.0000002e-14
4	42197	2.694136070628	1.0000002e-14
4	42201	2.694191691882	1.0000002e-14
4	42205	2.695173724865	1.0000002e-14
4	42209	2.695191519517	1.0000002e-14
4	42225	2.696149456691	1.0000002e-14
4	42229	2.696188454142	1.0000002e-14
4	42236	2.697164098984	1.0000002e-14
4	42240	2.697198086283	1.0000002e-14
4	42253	2.698129674282	1.0000002e-14
4	42263	2.698231957766	1.0000002e-14
4	42270	2.699136269161	1.0000002e-14
4	42274	2.699279835688	1.0000002e-14
4	42287	2.700174626989	1.0000002e-14
4	42291	2.700253676319	1.0000002e-14
4	42301	2.701188997537	1.0000002e-14
4	42305	2.70124022362	1.0000002e-14
4	42318	2.702224993573	1.0000002e-14
4	42322	2.70226300761	1.0000002e-14
4	42332	2.703265741725	1.0000002e-14
4	42336	2.703273237923	1.0000002e-14
4	42349	2.70426006957	1.0000002e-14
4	42353	2.704282949825	1.3650404399527e-11
4	42363	2.705253968351	1.0000002e-14
4	42367	2.705263776115	1.0000002e-14
4	42380	2.706220283613	1.0000002e-14
4	42384	2.706248806477	1.0000002e-14
4	42394	2.707266074686	1.0000002e-14
4	42398	2.70728788395	1.0773486510237e-11
4	42411	2.708247243927	1.0000002e-14
4	42415	2.70829939314	1.0000002e-14
4	42425	2.709203755247	1.0000002e-14
4	42429	2.709250545902	1.0000002e-14
4	42442	2.710162137797	1.0000002e-14
4	42446	2.71026319899	1.0000002e-14
4	42456	2.711149855873	1.0000002e-14
4	42460	2.711299605779	1.0000002e-14
4	42473	2.712121336669	1.0000002e-14
4	42477	2.712309897026	2.9053857867342e-08
4	42487	2.713075156757	1.0000002e-14
4	42491	2.713354411486	1.0000002e-14
4	42504	2.71405890492	1.0000002e-14
4	42511	2.714354643041	1.0000002e-14
4	42518	2.715050568513	1.0000002e-14
4	42528	2.715375176602	1.0000002e-14
4	42535	2.716071435624	1.0000002e-14
4	42542	2.716397999996	1.0000002e-14
4	42549	2.717091628971	1.0000002e-14
4	42556	2.717380012052	1.0000002e-14
4	42566	2.718077078846	1.0000002e-14
4	42576	2.718388944053	1.0000002e-14
4	42583	2.719100786786	1.0000002e-14
4	42590	2.719341459778	1.0000002e-14
4	42600	2.720115803743	1.0000002e-14
4	42610	2.720336961294	7.5441470800892e-13
4	42614	2.721125787806	1.0000002e-14
4	42621	2.721350706794	1.0000002e-14
4	42631	2.722168162363	1.4072556879482e-13
4	42638	2.72230869649	1.0000002e-14
4	42645	2.723185533396	1.0000002e-14
4	42649	2.723314565048	1.0000002e-14
4	42662	2.724155974897	1.0000002e-14
4	42669	2.724358588922	1.0000002e-14
4	42676	2.725183238947	1.0000002e-14
4	42683	2.725341279078	1.0000002e-14
4	42693	2.72619862851	1.0000002e-14
4	42700	2.726383908981	1.0000002e-14
4	42707	2.727151324996	1.0000002e-14
4	42714	2.72734388256	1.0000002e-14
4	42724	2.728110017673	1.0000002e-14
4	42728	2.728357022714	1.0000002e-14
4	42738	2.729088263203	1.0000002e-14
4	42742	2.729392097309	1.0000002e-14
4	42755	2.730038582178	1.2103764722237e-11
4	42765	2.730410102898	1.0000002e-14
4	42769	2.731057725401	1.0000002e-14
4	42773	2.731425478025	1.0000002e-14
4	42786	2.732103131586	1.0000002e-14
4	42796	2.732458317806	1.0000002e-14
4	42800	2.733093015533	1.0000002e-14
4	42807	2.733503844465	1.0000002e-14
4	42817	2.734060004988	1.0000002e-14
4	42827	2.734499435557	1.0000002e-14
4	42831	2.735010577621	1.0000002e-14
4	42838	2.735487255424	3.2694409632601e-13
4	42848	2.73598775624	1.0000002e-14
4	42858	2.73650276188	1.0000002e-14
4	42862	2.736962640478	1.0000002e-14
4	42869	2.737503280796	1.0000002e-14
4	42879	2.737943227018	1.0000002e-14
4	42892	2.738485848814	1.0000002e-14
4	42896	2.738906632569	6.1837466056197e-11
4	42903	2.739460049706	1.0000002e-14
4	42910	2.739886160857	1.0000002e-14
4	42923	2.74042159681	1.0000002e-14
4	42927	2.740919943793	1.0000002e-14
4	42934	2.741429921296	1.0000002e-14
4	42941	2.741891835374	1.0000002e-14
4	42954	2.742397378539	1.0000002e-14
4	42958	2.742903232796	1.0000002e-14
4	42965	2.743443319871	7.4878495323016e-05
4	42972	2.743869980931	1.0000002e-14
4	42985	2.744462290864	1.0000002e-14
4	42989	2.744861913845	1.0000002e-14
4	42996	2.745483131759	1.0000002e-14
4	43003	2.745860748609	1.0000002e-14
4	43016	2.746440232186	1.0000002e-14
4	43020	2.746860280893	1.0000002e-14
4	43027	2.747391055712	1.5830518359105e-11
4	43037	2.747882783748	1.0000002e-14
4	43047	2.748419990066	1.0000002e-14
4	43051	2.748858744402	1.0000002e-14
4	43061	2.749393179053	1.0000002e-14
4	43068	2.749822991348	1.0000002e-14
4	43077	2.750379245301	1.0000002e-14
4	43087	2.750810185652	1.0000002e-14
4	43094	2.751404417029	1.0000002e-14
4	43101	2.751851334282	1.0000002e-14
4	43108	2.752431525572	1.0000002e-14
4	43118	2.752870180371	1.0000002e-14
4	43125	2.753394727636	1.0000002e-14
4	43132	2.753888286281	1.0000002e-14
4	43142	2.75443897476	1.0000002e-14
4	43149	2.754921729357	1.0000002e-14
4	43156	2.755471173909	1.0000002e-14
4	43163	2.75587768187	1.0000002e-14
4	43173	2.75650070261	1.0000002e-14
4	43180	2.756904115217	1.0000002e-14
4	43187	2.757450738825	1.0000002e-14
4	43191	2.75785779892	5.309965240155e-13
4	43207	2.758462114454	1.0000002e-14
4	43211	2.758848098164	1.0000002e-14
4	43221	2.759428893474	1.0000002e-14
4	43228	2.759871934556	1.0000002e-14
4	43238	2.760478597462	1.0000002e-14
4	43245	2.760902268466	1.0000002e-14
4	43252	2.761432653676	1.0000002e-14
4	43262	2.761867818436	1.0000002e-14
4	43269	2.762475467433	4.1746921174619e-08
4	43276	2.762887392153	1.0000002e-14
4	43283	2.763484589264	1.0000002e-14
4	43293	2.763921218029	1.0000002e-14
4	43300	2.764460588378	1.0000002e-14
4	43307	2.764950985723	1.0000002e-14
4	43314	2.765467364984	0.0022071923537097
4	43321	2.765948027544	1.0000002e-14
4	43331	2.76646813353	1.0000002e-14
4	43335	2.76695481266	1.0000002e-14
4	43345	2.767486991902	1.0000002e-14
4	43352	2.76790913353	1.0000002e-14
4	43362	2.768473047724	1.0000002e-14
4	43366	2.768873521563	1.0000002e-14
4	43373	2.769427477041	1.0000002e-14
4	43383	2.76986994417	1.0000002e-14
4	43393	2.770438022146	1.0000002e-14
4	43397	2.770848767436	1.0000002e-14
4	43407	2.771485705152	1.8563442718586e-10
4	43414	2.771888403197	1.0000002e-14
4	43424	2.77243611501	1.0000002e-14
4	43428	2.772933637331	4.8197913288534e-12
4	43438	2.773459270908	1.0000002e-14
4	43445	2.773983205138	1.0000002e-14
4	43455	2.774446971978	1.0000002e-14
4	43459	2.774971041024	1.0000002e-14
4	43469	2.775451751392	1.0000002e-14
4	43479	2.77602062404	1.0000002e-14
4	43486	2.776429119152	1.0000002e-14
4	43493	2.777008192737	1.0000002e-14
4	43500	2.777422867273	1.0000002e-14
4	43513	2.778014322343	1.0000002e-14
4	43520	2.778469873482	1.0000002e-14
4	43527	2.77899114235	1.0000002e-14
4	43537	2.779465622762	1.0000002e-14
4	43544	2.780029989771	1.0000002e-14
4	43551	2.780432165338	1.9481984683906e-10
4	43558	2.781062213517	1.0000002e-14
4	43568	2.781430402679	1.0000002e-14
4	43572	2.782013325586	1.0000002e-14
4	43582	2.782404767275	1.0000002e-14
4	43589	2.783005794678	1.0000002e-14
4	43599	2.783417276303	1.0000002e-14
4	43603	2.783965506295	1.0000002e-14
4	43613	2.78444705251	1.0000002e-14
4	43620	2.785014207106	1.0000002e-14
4	43630	2.7854458602	1.0000002e-14
4	43637	2.786011031964	1.0000002e-14
4	43644	2.786479483	1.0000002e-14
4	43654	2.786997382368	1.0000002e-14
4	43661	2.787480654442	1.0000002e-14
4	43668	2.787977451936	1.0000002e-14
4	43678	2.788468047909	1.0000002e-14
4	43685	2.788975157933	1.0000002e-14
4	43692	2.789466291329	1.0000002e-14
4	43696	2.789925535796	1.0000002e-14
4	43709	2.790503774893	1.0000002e-14
4	43716	2.790966763657	1.0000002e-14
4	43723	2.791526268969	1.0000002e-14
4	43730	2.791951818602	1.0000002e-14
4	43740	2.792559336815	1.4983980385947e-14
4	43747	2.792937273481	1.0000002e-14
4	43754	2.793604029937	1.0000002e-14
4	43761	2.793976634796	1.0000002e-14
4	43768	2.794581975895	1.0000002e-14
4	43778	2.794980041855	1.0000002e-14
4	43785	2.795578070668	1.0000002e-14
4	43792	2.795950129656	3.2912394082961e-13
4	43799	2.796565931636	1.0000002e-14
4	43809	2.796927705172	1.0000002e-14
4	43822	2.797552529998	1.0000002e-14
4	43826	2.797878860239	1.0000002e-14
4	43836	2.798535242379	1.171743321589e-12
4	43843	2.798850055033	1.2858991858865e-13
4	43853	2.799582530212	1.0000002e-14
4	43857	2.799834027197	1.0000002e-14
4	43867	2.800632204968	1.0000002e-14
4	43874	2.800799551903	1.5799213680952e-14
4	43884	2.801606808411	2.0965281033462e-10
4	43888	2.801771985834	1.0000002e-14
4	43898	2.80265391462	1.0000002e-14
4	43902	2.802725607035	1.0000002e-14
4	43912	2.803606158686	1.0000002e-14
4	43916	2.803709494059	1.9983957200466e-07
4	43926	2.804565092479	1.0000002e-14
4	43933	2.804696178537	1.0000002e-14
4	43943	2.805577599402	1.0000002e-14
4	43947	2.805665170899	1.0000002e-14
4	43957	2.806533333225	1.0000002e-14
4	43967	2.806673614056	1.0000002e-14
4	43974	2.807529616177	2.1812807009661e-09
4	43978	2.807652414517	1.0000002e-14
4	43991	2.808510065259	1.0000002e-14
4	44001	2.808645535121	1.0000002e-14
4	44005	2.809558451671	5.1174614767594e-14
4	44012	2.809674882068	1.0000002e-14
4	44028	2.810598204973	1.0000002e-14
4	44032	2.810678737854	1.0000002e-14
4	44036	2.811624413383	1.0000002e-14
4	44040	2.811648102617	1.0000002e-14
4	44059	2.812575002747	9.1140054363309e-11
4	44063	2.81268714628	2.8619202514368e-11
4	44067	2.813616511328	1.3375470129764e-13
4	44071	2.813658193591	1.0000002e-14
4	44090	2.814620898573	1.0000002e-14
4	44094	2.814659842744	1.0000002e-14
4	44101	2.815635407656	1.0000002e-14
4	44105	2.815641268488	1.1831153536522e-09
4	44121	2.816594011804	1.0000002e-14
4	44125	2.816649509949	1.0000002e-14
4	44135	2.81756616427	1.0000002e-14
4	44139	2.817670184779	1.0000002e-14
4	44155	2.81858840295	1.0000002e-14
4	44159	2.818700626383	1.0000002e-14
4	44166	2.819594794205	1.0000002e-14
4	44170	2.819703804719	1.0000002e-14
4	44186	2.82059719005	1.0000002e-14
4	44190	2.820724054594	1.0000002e-14
4	44197	2.821643146095	1.0000002e-14
4	44201	2.821698303291	9.1841116690939e-13
4	44217	2.822686549725	1.0000002e-14
4	44221	2.822688709709	1.0000002e-14
4	44228	2.823640469842	1.0000002e-14
4	44232	2.823647070481	1.0000002e-14
4	44245	2.824615228663	1.0000002e-14
4	44249	2.824632092021	1.9717074437971e-11
4	44259	2.82557697883	1.0000002e-14
4	44263	2.825680468332	1.0000002e-14
4	44276	2.826571093481	3.3983564004643e-14
4	44283	2.826713842368	1.0000002e-14
4	44290	2.827590323234	1.0000002e-14
4	44294	2.827763545223	1.0000002e-14
4	44304	2.82860418063	1.0000002e-14
4	44314	2.828766227816	1.0000002e-14
4	44321	2.829619998891	1.0000002e-14
4	44325	2.829794946763	1.0000002e-14
4	44335	2.830578707953	1.0000002e-14
4	44342	2.830784057254	4.9042479007668e-14
4	44352	2.831579775492	1.0000002e-14
4	44356	2.831822367587	1.0000002e-14
4	44369	2.832554946239	6.4804951438591e-12
4	44373	2.832822925543	6.0397683231241e-13
4	44383	2.833594088605	1.0000002e-14
4	44387	2.83386794269	1.0000002e-14
4	44400	2.83459782131	1.0000002e-14
4	44404	2.834891994848	1.0000002e-14
4	44414	2.835630385983	1.0000002e-14
4	44418	2.835902488924	1.0000002e-14
4	44431	2.836656614528	1.0000002e-14
4	44435	2.836949104156	1.0000002e-14
4	44448	2.837661914388	1.0000002e-14
4	44455	2.837962197338	1.0000002e-14
4	44465	2.838650636272	1.0000002e-14
4	44469	2.838969366866	1.0000002e-14
4	44479	2.839698519172	1.0000002e-14
4	44486	2.839938993932	1.0000002e-14
4	44496	2.840682235299	1.0000002e-14
4	44503	2.84094115417	1.0000002e-14
4	44510	2.841710219117	1.0000002e-14
4	44514	2.841912030726	1.0000002e-14
4	44527	2.842748705241	1.0000002e-14
4	44531	2.842937657475	1.0000002e-14
4	44541	2.843720877145	1.0000002e-14
4	44545	2.843972423021	1.0000002e-14
4	44558	2.844752468056	1.0000002e-14
4	44562	2.844932325281	1.0000002e-14
4	44572	2.845739043065	1.0000002e-14
4	44576	2.845939067293	1.0000002e-14
4	44589	2.846746871954	1.0000002e-14
4	44593	2.846905059457	1.0000002e-14
4	44603	2.847777201558	1.0000002e-14
4	44607	2.847865778299	1.0000002e-14
4	44620	2.848730311084	1.0000002e-14
4	44624	2.848829069065	1.0000002e-14
4	44634	2.849765077076	1.0000002e-14
4	44638	2.849838908268	1.0000002e-14
4	44651	2.850796272314	1.0000002e-14
4	44655	2.850796317981	1.0000002e-14
4	44665	2.851764684945	1.0000002e-14
4	44669	2.851777853776	1.0000002e-14
4	44682	2.852739959251	1.0000002e-14
4	44686	2.852753893091	1.0000002e-14
4	44696	2.853713153689	1.0000002e-14
4	44700	2.853722701791	1.0000002e-14
4	44713	2.854742229929	1.0000002e-14
4	44717	2.854744679083	1.2431365131492e-12
4	44727	2.855715764035	1.0000002e-14
4	44731	2.855740303186	1.0000002e-14
4	44741	2.856720518785	1.0000002e-14
4	44748	2.856752587711	1.0000002e-14
4	44761	2.85770739278	1.0000002e-14
4	44765	2.857716310319	1.0000002e-14
4	44775	2.858661911292	1.0000002e-14
4	44779	2.858751817058	1.0000002e-14
4	44792	2.859631977491	1.652811489614e-11
4	44796	2.859759771335	1.0000002e-14
4	44806	2.860619505838	1.0000002e-14
4	44810	2.860716601684	1.0000002e-14
4	44823	2.861654752308	4.1737400694918e-14
4	44827	2.86173962499	1.0000002e-14
4	44837	2.862604971941	1.0000002e-14
4	44841	2.862699195059	1.0000002e-14
4	44854	2.863609678032	1.0000002e-14
4	44858	2.86365009633	1.0000002e-14
4	44868	2.864641849792	1.0000002e-14
4	44872	2.864696741733	1.0000002e-14
4	44885	2.8656665743	1.0000002e-14
4	44889	2.865692555892	1.0000002e-14
4	44902	2.866635923649	1.0000002e-14
4	44906	2.86671548991	1.0000002e-14
4	44913	2.867626625335	1.0000002e-14
4	44920	2.867762474475	1.0000002e-14
4	44930	2.868581821316	1.0000002e-14
4	44934	2.86874117196	1.0000002e-14
4	44947	2.869591468152	1.0000002e-14
4	44951	2.869747406491	1.0000002e-14
4	44961	2.87056067783	1.0000002e-14
4	44965	2.870738558623	1.0000002e-14
4	44978	2.871556377084	1.0000002e-14
4	44982	2.871764867602	1.0000002e-14
4	44992	2.872593434261	1.0000002e-14
4	44996	2.87281364819	1.0000002e-14
4	45006	2.873576612481	1.0000002e-14
4	45013	2.873836774376	1.0000002e-14
4	45023	2.874588483997	1.0000002e-14
4	45027	2.874858262315	1.0000002e-14
4	45040	2.875605727446	1.0000002e-14
4	45044	2.875842243869	1.0000002e-14
4	45051	2.876608103346	1.0000002e-14
4	45058	2.876861104627	1.0000002e-14
4	45074	2.877639969367	1.0000002e-14
4	45078	2.877841117619	1.0000002e-14
4	45085	2.878614957257	1.0000002e-14
4	45092	2.878802334805	1.0000002e-14
4	45102	2.879601505554	1.0000002e-14
4	45109	2.879837125372	1.0000002e-14
4	45116	2.880636460034	1.0000002e-14
4	45123	2.880802006649	1.0000002e-14
4	45136	2.881676342391	1.0000002e-14
4	45140	2.881773583088	1.0000002e-14
4	45147	2.882674913903	1.0000002e-14
4	45154	2.882799435025	1.0000002e-14
4	45164	2.883631293116	1.0000002e-14
4	45171	2.883773917183	8.0375678694597e-13
4	45178	2.884588333802	1.0000002e-14
4	45185	2.884793086338	1.0000002e-14
4	45195	2.885595871907	1.0000002e-14
4	45199	2.885749485487	1.0000002e-14
4	45212	2.886629488047	1.0000002e-14
4	45219	2.886715568191	1.0000002e-14
4	45226	2.887666008226	1.0000002e-14
4	45230	2.887676460885	1.0000002e-14
4	45246	2.888684319151	1.0000002e-14
4	45250	2.888708084202	1.0000002e-14
4	45257	2.889683969462	1.0000002e-14
4	45261	2.889709784567	1.0000002e-14
4	45277	2.890668318368	1.0000002e-14
4	45284	2.890737727823	1.0000002e-14
4	45288	2.891688565757	1.0000002e-14
4	45292	2.891701820172	1.0000002e-14
4	45311	2.892707390172	1.0000002e-14
4	45315	2.892730146601	1.0000002e-14
4	45319	2.89369119543	1.0000002e-14
4	45323	2.893706750014	1.0000002e-14
4	45339	2.894710173632	1.0000002e-14
4	45346	2.894729196094	1.0000002e-14
4	45350	2.895732410031	1.0000002e-14
4	45354	2.895771601858	1.0000002e-14
4	45373	2.896684550303	1.0000002e-14
4	45377	2.896794154402	3.1734521274128e-14
4	45381	2.897720618363	1.0000002e-14
4	45391	2.897756604628	1.0000002e-14
4	45404	2.898718926826	1.0000002e-14
4	45411	2.898735602509	6.1429835194866e-13
4	45415	2.899760491441	1.0000002e-14
4	45419	2.899765913204	1.0000002e-14
4	45438	2.900732255981	1.0000002e-14
4	45442	2.900745461496	1.0000002e-14
4	45446	2.901754167472	1.0000002e-14
4	45450	2.901776870021	1.0000002e-14
4	45469	2.902762791395	1.0000002e-14
4	45473	2.902775205959	1.0000002e-14
4	45477	2.903725630993	1.0000002e-14
4	45481	2.903790200152	2.0592543491471e-14
4	45500	2.904718565617	1.0000002e-14
4	45504	2.904818651172	1.0000002e-14
4	45508	2.905689661064	1.0000002e-14
4	45515	2.905862060963	1.0000002e-14
4	45531	2.906667683441	1.0000002e-14
4	45535	2.906882179478	1.0000002e-14
4	45539	2.907673904673	1.0000002e-14
4	45549	2.90793145501	1.0000002e-14
4	45559	2.908688418049	1.0000002e-14
4	45566	2.908922852774	1.0000002e-14
4	45573	2.909712460657	1.0000002e-14
4	45577	2.90990090426	1.0000002e-14
4	45593	2.91074764462	1.0000002e-14
4	45597	2.910860674618	1.0000002e-14
4	45604	2.91174141024	1.0000002e-14
4	45608	2.911818542026	1.0000002e-14
4	45624	2.912761456061	1.0000002e-14
4	45628	2.912865149886	1.0000002e-14
4	45632	2.913735561126	1.0000002e-14
4	45636	2.91384515041	1.0000002e-14
4	45655	2.914718813259	1.0000002e-14
4	45659	2.914828038269	1.0000002e-14
4	45663	2.9156956793	1.0000002e-14
4	45667	2.915779211218	1.0000002e-14
4	45686	2.916687318267	1.0000002e-14
4	45690	2.91675768808	1.0000002e-14
4	45694	2.917704434873	1.0000002e-14
4	45698	2.917777666674	1.0000002e-14
4	45720	2.918694316854	1.0000002e-14
4	45724	2.918761982444	1.0000002e-14
4	45728	2.919717243352	1.0000002e-14
4	45735	2.919778765656	1.0000002e-14
4	45748	2.920703260502	1.0000002e-14
4	45755	2.920763435305	1.0000002e-14
4	45762	2.921708606447	1.0000002e-14
4	45766	2.921806703464	1.0000002e-14
4	45779	2.92270384382	1.0000002e-14
4	45786	2.922854768333	1.0000002e-14
4	45790	2.923710329733	1.0000002e-14
4	45797	2.923828076543	1.0000002e-14
4	45810	2.92472666083	1.0000002e-14
4	45814	2.924818083059	1.0000002e-14
4	45824	2.925730086711	1.0000002e-14
4	45828	2.925836272078	1.0000002e-14
4	45841	2.926707903468	9.4847108896621e-08
4	45845	2.926824724142	1.0000002e-14
4	45855	2.927716890248	1.0000002e-14
4	45859	2.927861073389	1.0000002e-14
4	45872	2.92868335026	1.0000002e-14
4	45876	2.928823791497	1.0000002e-14
4	45886	2.929719908497	1.0000002e-14
4	45893	2.929792613727	1.0000002e-14
4	45903	2.930688325415	1.0000002e-14
4	45907	2.930766437994	1.0000002e-14
4	45917	2.931655721953	8.1224644225044e-14
4	45924	2.931814949245	1.0000002e-14
4	45934	2.932615078839	1.0000002e-14
4	45938	2.932831392064	1.0000002e-14
4	45945	2.933644031219	1.0000002e-14
4	45955	2.93384860134	1.0000002e-14
4	45965	2.934691478434	1.0000002e-14
4	45969	2.934865778456	1.0000002e-14
4	45982	2.935695485937	1.0000002e-14
4	45986	2.93586377982	1.0000002e-14
4	45996	2.936733154528	1.0000002e-14
4	46000	2.93686513431	1.0000002e-14
4	46016	2.937740887739	1.0000002e-14
4	46020	2.93782261537	1.0000002e-14
4	46030	2.938781336195	1.0000002e-14
4	46034	2.93880795015	1.0000002e-14
4	46047	2.939754782767	1.0000002e-14
4	46051	2.93980909251	1.0000002e-14
4	46061	2.940776120512	1.0000002e-14
4	46065	2.940799084956	1.0000002e-14
4	46078	2.94175183157	1.5210042026202e-11
4	46082	2.941818820719	1.0000002e-14
4	46092	2.942781902622	1.0000002e-14
4	46096	2.942809600248	1.0000002e-14
4	46109	2.943810964804	1.0000002e-14
4	46113	2.943821888269	1.0000002e-14
4	46123	2.944764295845	1.0000002e-14
4	46127	2.944870711784	1.0000002e-14
4	46140	2.945801137945	1.0000002e-14
4	46144	2.945842820567	1.0000002e-14
4	46154	2.946797466953	1.0000002e-14
4	46158	2.946830261939	1.0000002e-14
4	46171	2.94781247983	1.0000002e-14
4	46175	2.947835211712	1.0000002e-14
4	46185	2.948819980099	1.0000002e-14
4	46189	2.948846160345	1.0000002e-14
4	46205	2.949833569153	1.0000002e-14
4	46209	2.949860052693	1.0000002e-14
4	46216	2.950801214258	1.0000002e-14
4	46220	2.950855230927	1.0000002e-14
4	46233	2.951756262324	1.0000002e-14
4	46237	2.951854281208	1.0000002e-14
4	46247	2.952763126736	1.0000002e-14
4	46251	2.952816473681	1.0000002e-14
4	46258	2.953729125201	1.0000002e-14
4	46265	2.953862828273	1.0000002e-14
4	46278	2.954700210208	1.0000002e-14
4	46282	2.954847737316	1.0000002e-14
4	46289	2.955738734401	1.0000002e-14
4	46296	2.955887117566	1.0000002e-14
4	46309	2.956770893174	1.0000002e-14
4	46313	2.956918090934	1.0000002e-14
4	46320	2.957728375199	1.0000002e-14
4	46330	2.95790412237	1.0000002e-14
4	46343	2.958686730778	1.0000002e-14
4	46347	2.958911703325	1.0000002e-14
4	46354	2.959688049782	1.3183080430553e-13
4	46364	2.959898141271	1.0000002e-14
4	46374	2.960670882034	1.0000002e-14
4	46378	2.960880814106	1.0000002e-14
4	46388	2.961647449264	1.0000002e-14
4	46392	2.961842197268	1.0000002e-14
4	46405	2.962663191975	1.0771949564124e-14
4	46409	2.962865408821	1.0000002e-14
4	46416	2.963701557358	1.0000002e-14
4	46423	2.963859102604	1.0000002e-14
4	46436	2.964701884876	1.0000002e-14
4	46440	2.964839152453	1.0000002e-14
4	46447	2.965731642249	1.0000002e-14
4	46451	2.96580512548	1.0000002e-14
4	46467	2.966703250114	1.0000002e-14
4	46471	2.966799286957	1.0000002e-14
4	46478	2.967680729204	1.0000002e-14
4	46482	2.967753414347	1.0000002e-14
4	46498	2.968684970665	1.0000002e-14
4	46502	2.968733246011	3.3681948755008e-14
4	46509	2.969712681831	1.0000002e-14
4	46513	2.969738843188	1.0000002e-14
4	46529	2.970670587198	1.0000002e-14
4	46533	2.970706394206	1.0000002e-14
4	46543	2.971645117278	1.0000002e-14
4	46547	2.971744251476	1.0000002e-14
4	46560	2.972646715236	1.0000002e-14
4	46564	2.972707393851	1.0000002e-14
4	46571	2.973692296928	1.0000002e-14
4	46578	2.97373170375	1.0000002e-14
4	46591	2.974737174417	1.0000002e-14
4	46595	2.974761126168	4.9567225863642e-14
4	46605	2.975729638614	1.0000002e-14
4	46609	2.975745295956	1.0000002e-14
4	46625	2.9767118368	1.0000002e-14
4	46629	2.976721542871	1.0000002e-14
4	46639	2.977688781209	2.7028160952902e-13
4	46646	2.977756162633	1.0000002e-14
4	46656	2.978690582258	1.0000002e-14
4	46663	2.978723491495	1.0000002e-14
4	46670	2.979682985355	3.6588444266835e-12
4	46674	2.97968810315	1.0000002e-14
4	46687	2.980645277872	1.0000002e-14
4	46694	2.980669856029	1.0000002e-14
4	46698	2.981611217922	1.0000002e-14
4	46705	2.981696500704	1.0000002e-14
4	46718	2.98262192379	1.0000002e-14
4	46725	2.982734382084	1.0000002e-14
4	46729	2.983652692498	1.0000002e-14
4	46736	2.983755088028	1.0000002e-14
4	46752	2.984630290829	1.0000002e-14
4	46756	2.984766250173	1.0000002e-14
4	46760	2.985616684367	1.0000002e-14
4	46764	2.985773207063	1.0000002e-14
4	46783	2.986610593207	1.0000002e-14
4	46787	2.986792765506	1.0000002e-14
4	46791	2.987596434328	1.0000002e-14
4	46798	2.987760027086	1.0000002e-14
4	46811	2.988573978471	1.0000002e-14
4	46818	2.988734115356	1.0000002e-14
4	46822	2.989526744995	1.0000002e-14
4	46829	2.989766306177	7.0728407654678e-12
4	46842	2.99048832218	1.0000002e-14
4	46849	2.990815464414	1.0000002e-14
4	46853	2.991489554822	1.0000002e-14
4	46860	2.991836696892	1.0000002e-14
4	46873	2.99243974798	1.0000002e-14
4	46880	2.99282700884	1.0000002e-14
4	46884	2.993407768343	1.0000002e-14
4	46891	2.993799086408	1.0000002e-14
4	46904	2.994388547474	1.0000002e-14
4	46911	2.994785738796	1.0000002e-14
4	46915	2.995407896455	1.0000002e-14
4	46922	2.995787997537	1.0000002e-14
4	46935	2.996403132078	1.0000002e-14
4	46939	2.996755942169	1.0000002e-14
4	46946	2.997452594984	1.0000002e-14
4	46956	2.997763573573	1.0000002e-14
4	46969	2.998454237607	9.8818477266831e-14
4	46976	2.998768431326	1.0000002e-14
4	46980	2.99949364525	1.0000002e-14
4	46987	2.999805227893	1.0000002e-14
4	47002	3.000457631548	1.0000002e-14
4	47009	3.000822624361	1.0000002e-14
4	47013	3.001429186192	1.0000002e-14
4	47020	3.001816408392	2.8561191937503e-14
4	47027	3.002390920182	1.0000002e-14
4	47040	3.002862153137	1.0000002e-14
4	47044	3.00343799315	1.0000002e-14
4	47051	3.003840061029	1.0000002e-14
4	47058	3.004459333202	1.9286583735544e-14
4	47071	3.004813218698	1.0000002e-14
4	47075	3.005500149105	1.0000002e-14
4	47079	3.005770898379	1.0000002e-14
4	47092	3.006487158483	1.6602373082282e-10
4	47102	3.0068169776	1.0000002e-14
4	47106	3.007508397652	1.0000002e-14
4	47110	3.007789699944	1.0000002e-14
4	47120	3.008497078248	1.0000002e-14
4	47133	3.008822265956	1.0000002e-14
4	47137	3.009509647149	1.0000002e-14
4	47141	3.009804300782	1.0000002e-14
4	47154	3.010555484637	1.0000002e-14
4	47164	3.010798245864	1.0000002e-14
4	47168	3.011556451058	1.0000002e-14
4	47172	3.011843829373	1.0000002e-14
4	47188	3.012559872773	1.0000002e-14
4	47192	3.01281327117	1.0000002e-14
4	47199	3.013561761835	1.0000002e-14
4	47203	3.013829022006	1.0000002e-14
4	47219	3.014593520373	1.0000002e-14
4	47223	3.014844849752	1.0000002e-14
4	47230	3.015554781938	1.0000002e-14
4	47234	3.015865310133	1.0000002e-14
4	47250	3.016571277599	1.0000002e-14
4	47254	3.016836176175	1.0000002e-14
4	47261	3.017534469505	1.0000002e-14
4	47265	3.017883249703	1.0000002e-14
4	47281	3.018520999347	1.0000002e-14
4	47291	3.01892478788	1.0000002e-14
4	47295	3.019488323834	1.0000002e-14
4	47302	3.019893753819	1.0000002e-14
4	47309	3.020513425612	1.0000002e-14
4	47322	3.020896297649	1.0000002e-14
4	47326	3.021546968017	1.0000002e-14
4	47333	3.02192952774	1.0000002e-14
4	47343	3.022561754176	1.0000002e-14
4	47353	3.02294927302	1.0000002e-14
4	47357	3.023573698526	1.0000002e-14
4	47364	3.023956964321	1.0000002e-14
4	47377	3.024609933762	1.0000002e-14
4	47384	3.024980602664	1.0000002e-14
4	47388	3.025583388934	1.0000002e-14
4	47395	3.02599815093	1.0000002e-14
4	47405	3.026535802836	1.0000002e-14
4	47415	3.027021722922	1.0000002e-14
4	47419	3.027529749844	1.0000002e-14
4	47423	3.028046317044	1.0000002e-14
4	47436	3.028541666052	1.0000002e-14
4	47446	3.029071319409	1.0000002e-14
4	47450	3.029544667832	1.0000002e-14
4	47457	3.030101533223	1.0000002e-14
4	47467	3.030536978265	1.0000002e-14
4	47477	3.031140470141	1.0000002e-14
4	47481	3.031496859695	1.0000002e-14
4	47485	3.032123321332	1.6314015902144e-14
4	47498	3.032507032351	1.0000002e-14
4	47508	3.033150885424	1.0000002e-14
4	47512	3.033516401605	1.0000002e-14
4	47519	3.034156755981	1.0000002e-14
4	47526	3.034496608711	1.0000002e-14
4	47539	3.035152567686	1.0000002e-14
4	47543	3.035520455727	1.0000002e-14
4	47547	3.036147135948	1.0000002e-14
4	47560	3.036564706416	1.0000002e-14
4	47570	3.037116154697	1.0000002e-14
4	47574	3.037533449295	1.0000002e-14
4	47578	3.038165050155	1.0000002e-14
4	47591	3.038536276523	1.0000002e-14
4	47604	3.039214966306	1.0000002e-14
4	47608	3.039520334576	1.0000002e-14
4	47615	3.040205894061	1.0000002e-14
4	47625	3.040514587539	1.0000002e-14
4	47635	3.041245322981	1.0000002e-14
4	47639	3.041538390408	1.6539387825655e-13
4	47643	3.042200822585	1.0000002e-14
4	47656	3.042554957284	1.0000002e-14
4	47666	3.043243793317	1.0000002e-14
4	47670	3.043552365328	1.0000002e-14
4	47674	3.044252659091	1.0000002e-14
4	47684	3.044579581738	1.0000002e-14
4	47697	3.045233357459	1.0000002e-14
4	47701	3.045553345344	1.0000002e-14
4	47705	3.046206527078	1.0000002e-14
4	47715	3.046547871038	1.0000002e-14
4	47728	3.047248345532	1.0000002e-14
4	47732	3.04753667647	1.0000002e-14
4	47736	3.048285465018	1.0000002e-14
4	47746	3.04851939747	2.5403615533899e-11
4	47759	3.049323606392	1.0000002e-14
4	47763	3.049470101845	1.0000002e-14
4	47770	3.050306849151	1.0000002e-14
4	47774	3.05047913686	1.4511178063705e-10
4	47790	3.05132670831	1.0000002e-14
4	47794	3.051520389793	1.0000002e-14
4	47798	3.052310259677	1.0000002e-14
4	47805	3.052518725527	1.0000002e-14
4	47821	3.053288593397	1.0000002e-14
4	47825	3.053507916401	1.0000002e-14
4	47829	3.054266296882	1.0000002e-14
4	47839	3.054554885904	1.0000002e-14
4	47852	3.055266197265	1.0000002e-14
4	47856	3.055556430704	1.5011056439867e-12
4	47860	3.05624735489	3.8424751352417e-08
4	47870	3.056588452909	1.3091346226126e-13
4	47883	3.057256703951	1.0000002e-14
4	47887	3.057603734263	1.0000002e-14
4	47897	3.058304290614	1.0000002e-14
4	47904	3.058591762625	1.0000002e-14
4	47914	3.059278996651	1.0000002e-14
4	47921	3.059570594417	1.0000002e-14
4	47928	3.060289126092	1.0000002e-14
4	47932	3.060580588359	1.0000002e-14
4	47945	3.061257757847	1.0000002e-14
4	47952	3.061577681427	1.0000002e-14
4	47959	3.062284212333	1.0000002e-14
4	47966	3.062625987341	3.4747947164494e-14
4	47976	3.063242349267	1.0000002e-14
4	47983	3.06360859842	1.0000002e-14
4	47990	3.064254166265	1.0000002e-14
4	47997	3.064599968058	1.0000002e-14
4	48007	3.065293740832	1.0570303366515e-12
4	48014	3.065625538261	1.0000002e-14
4	48021	3.066302230608	1.0000002e-14
4	48028	3.066654129153	1.0000002e-14
4	48038	3.067297218156	1.0000002e-14
4	48045	3.067626393379	1.0000002e-14
4	48052	3.068275434345	1.0000002e-14
4	48059	3.068612260261	1.0000002e-14
4	48072	3.069281750741	1.0000002e-14
4	48076	3.069595583056	1.0000002e-14
4	48086	3.07031809245	1.8071623190759e-13
4	48090	3.07061075148	1.0000002e-14
4	48100	3.071273543461	3.2677310929351e-14
4	48107	3.071619443708	1.0000002e-14
4	48117	3.072312709009	1.0000002e-14
4	48121	3.07265754084	1.0000002e-14
4	48131	3.073288746463	1.0000002e-14
4	48138	3.073701214141	1.0000002e-14
4	48148	3.074275185373	1.0000002e-14
4	48155	3.074717566249	1.0000002e-14
4	48162	3.075304495585	1.0000002e-14
4	48169	3.075736029846	1.0000002e-14
4	48179	3.076281295131	1.0000002e-14
4	48186	3.076692922115	1.0000002e-14
4	48190	3.077264666801	1.0000002e-14
4	48200	3.077685249944	1.0000002e-14
4	48213	3.078216933133	1.0000002e-14
4	48220	3.078678024773	1.0000002e-14
4	48227	3.079209912692	1.0000002e-14
4	48234	3.079725977909	1.7376417665126e-14
4	48244	3.0802393643	1.0000002e-14
4	48251	3.080727067215	2.671764193625e-14
4	48255	3.081243779373	1.0000002e-14
4	48265	3.081753827637	1.0000002e-14
4	48275	3.082283374055	1.0000002e-14
4	48282	3.082798101498	1.0000002e-14
4	48286	3.083264891264	1.0000002e-14
4	48296	3.083812872029	1.0000002e-14
4	48306	3.084237116087	1.0000002e-14
4	48313	3.084797164979	1.0000002e-14
4	48317	3.085234101859	1.0000002e-14
4	48327	3.085776654446	1.0000002e-14
4	48337	3.086184133434	1.0000002e-14
4	48344	3.08680848481	5.9007658085009e-14
4	48348	3.087137431478	1.0000002e-14
4	48361	3.087759893863	1.0000002e-14
4	48365	3.088133244507	1.0000002e-14
4	48375	3.088718455397	1.0000002e-14
4	48379	3.089127016254	1.0000002e-14
4	48389	3.089715637457	1.0000002e-14
4	48399	3.090123925378	1.2342942087581e-14
4	48406	3.09073067656	1.0000002e-14
4	48410	3.091123351897	1.0000002e-14
4	48420	3.091724371537	1.0000002e-14
4	48427	3.092078319164	1.0000002e-14
4	48437	3.092759735936	1.0000002e-14
4	48441	3.093106017259	1.0000002e-14
4	48451	3.093717557507	1.0000002e-14
4	48458	3.094129182899	1.0000002e-14
4	48468	3.094687317648	1.0000002e-14
4	48472	3.095080268583	1.0000002e-14
4	48479	3.09569952525	1.0000002e-14
4	48489	3.096129760896	1.0000002e-14
4	48499	3.096731471722	1.0000002e-14
4	48503	3.097109313672	1.0000002e-14
4	48513	3.097779287334	1.0000002e-14
4	48523	3.098146579457	1.0000002e-14
4	48533	3.098779185443	1.0000002e-14
4	48537	3.099163489632	1.0000002e-14
4	48547	3.099741204266	1.0000002e-14
4	48554	3.100162241148	1.0000002e-14
4	48564	3.100765164431	1.0000002e-14
4	48568	3.101126189045	1.0000002e-14
4	48578	3.10178013972	1.0000002e-14
4	48585	3.102138084973	1.0000002e-14
4	48595	3.102777465224	3.5226297074967e-13
4	48599	3.103187047636	1.0000002e-14
4	48609	3.103791739175	1.0000002e-14
4	48613	3.104211500677	1.0000002e-14
4	48626	3.104752442333	1.0000002e-14
4	48630	3.105182867623	1.0000002e-14
4	48640	3.105753825852	1.0288562220106e-12
4	48644	3.106200588106	1.0000002e-14
4	48657	3.106787673084	1.0000002e-14
4	48664	3.107184037359	1.0000002e-14
4	48671	3.107836245933	1.0000002e-14
4	48675	3.108168628582	1.0000002e-14
4	48688	3.108792990405	1.0000002e-14
4	48695	3.109190938499	1.0000002e-14
4	48702	3.109792515978	1.0000002e-14
4	48706	3.110143367225	1.0000002e-14
4	48719	3.11080205619	1.0000002e-14
4	48726	3.11116076459	1.0000002e-14
4	48733	3.111770423734	1.0000002e-14
4	48737	3.112198775748	1.0000002e-14
4	48753	3.112804920383	1.0000002e-14
4	48757	3.113170606147	1.0000002e-14
4	48761	3.113760552848	1.0000002e-14
4	48768	3.114152722153	1.0000002e-14
4	48781	3.114807402174	1.0000002e-14
4	48788	3.11515645363	1.0000002e-14
4	48792	3.115772564417	1.0000002e-14
4	48799	3.116196370264	1.0000002e-14
4	48812	3.116737090805	1.0000002e-14
4	48819	3.117192486465	1.0000002e-14
4	48823	3.117698659414	1.0000002e-14
4	48830	3.118154339213	1.0000002e-14
4	48846	3.11865933032	1.1363030132976e-13
4	48853	3.119166858403	1.0000002e-14
4	48857	3.119671630653	1.0000002e-14
4	48864	3.120183246361	1.0000002e-14
4	48877	3.120692253213	1.0000002e-14
4	48884	3.121158330845	1.0000002e-14
4	48888	3.121733848777	1.0000002e-14
4	48895	3.122159149446	1.0000002e-14
4	48908	3.122767102937	1.0000002e-14
4	48912	3.123185249177	1.0000002e-14
4	48919	3.123757914262	1.0000002e-14
4	48932	3.124230616259	1.0000002e-14
4	48939	3.124802948417	1.0000002e-14
4	48943	3.125227463204	1.0000002e-14
4	48950	3.125838730079	1.0000002e-14
4	48960	3.126207611823	1.0000002e-14
4	48970	3.126828607371	1.0000002e-14
4	48974	3.127220641869	1.0000002e-14
4	48981	3.127869218871	1.0000002e-14
4	48988	3.128173770689	1.0000002e-14
4	49001	3.128899379395	1.0000002e-14
4	49005	3.129159616862	1.0000002e-14
4	49012	3.129910580758	1.0000002e-14
4	49022	3.130153611936	1.0000002e-14
4	49029	3.130908142163	1.0000002e-14
4	49036	3.13116017825	1.0000002e-14
4	49043	3.13191869164	1.0000002e-14
4	49050	3.13216748639	1.0000002e-14
4	49060	3.132898550932	1.0000002e-14
4	49067	3.133152357868	1.0000002e-14
4	49074	3.133868430954	1.0000002e-14
4	49084	3.134199940129	1.0000002e-14
4	49091	3.134848172871	1.0000002e-14
4	49098	3.135187968595	1.0000002e-14
4	49105	3.135829934027	1.0000002e-14
4	49115	3.13615121962	1.0000002e-14
4	49122	3.136874371758	1.0000002e-14
4	49126	3.137160272432	1.0000002e-14
4	49136	3.137886722418	1.0000002e-14
4	49143	3.138125352444	1.0000002e-14
4	49156	3.138858839056	1.0000002e-14
4	49163	3.139132824856	1.0000002e-14
4	49170	3.139838261224	1.0000002e-14
4	49180	3.140095307688	1.0000002e-14
4	49187	3.140813135726	1.0000002e-14
4	49194	3.141144068831	1.0000002e-14
4	49201	3.141782907823	1.0000002e-14
4	49208	3.142107969314	1.0000002e-14
4	49218	3.142766695257	1.0000002e-14
4	49222	3.143072656119	1.0000002e-14
4	49232	3.143807048963	1.0000002e-14
4	49242	3.144121297942	1.0000002e-14
4	49249	3.144790057038	1.0000002e-14
4	49256	3.145136700585	1.0000002e-14
4	49263	3.145820847324	1.1522543457363e-14
4	49273	3.146161394178	1.0000002e-14
4	49280	3.146845494508	4.146310193592e-14
4	49287	3.147155519501	1.0000002e-14
4	49294	3.147889059114	1.0000002e-14
4	49304	3.148174173987	1.0000002e-14
4	49311	3.148841671983	1.0000002e-14
4	49318	3.149138428972	1.0000002e-14
4	49328	3.14980495609	1.0000002e-14
4	49332	3.150146741641	1.0000002e-14
4	49342	3.150787654847	1.0000002e-14
4	49349	3.151162911448	1.0000002e-14
4	49356	3.151816387338	1.0000002e-14
4	49363	3.152179900208	1.0000002e-14
4	49376	3.152817143737	1.0000002e-14
4	49380	3.153170010475	1.0000002e-14
4	49390	3.153863880147	1.0000002e-14
4	49397	3.154121431329	1.0000002e-14
4	49407	3.154829072432	1.0000002e-14
4	49411	3.155104414563	1.0000002e-14
4	49418	3.155787680102	1.0000002e-14
4	49425	3.156124099905	1.0000002e-14
4	49435	3.156802048497	1.0000002e-14
4	49442	3.157134395934	1.0000002e-14
4	49452	3.157760418735	1.0000002e-14
4	49462	3.15818272137	1.0000002e-14
4	49469	3.158739465652	1.0000002e-14
4	49476	3.15913746235	1.0000002e-14
4	49486	3.159779653064	1.0000002e-14
4	49493	3.160101639548	1.0000002e-14
4	49500	3.16081422719	1.0000002e-14
4	49507	3.161056988634	1.0000002e-14
4	49514	3.161771313496	1.0000002e-14
4	49524	3.162050953834	1.0000002e-14
4	49531	3.162757725122	1.0000002e-14
4	49538	3.163097263208	5.917136475281e-12
4	49545	3.163748666325	1.0000002e-14
4	49558	3.164136558065	2.6953990048545e-12
4	49565	3.164706156443	1.0000002e-14
4	49569	3.165117972287	1.0000002e-14
4	49576	3.165733947384	1.0000002e-14
4	49586	3.166152977694	1.0000002e-14
4	49593	3.166708061065	1.0000002e-14
4	49603	3.167171009675	1.0000002e-14
4	49607	3.167694261508	1.0000002e-14
4	49617	3.168192692802	1.0000002e-14
4	49624	3.168739421454	1.0000002e-14
4	49634	3.169164726796	1.0000002e-14
4	49638	3.169713003842	1.0000002e-14
4	49645	3.170164726831	1.0000002e-14
4	49655	3.170721956574	1.0000002e-14
4	49665	3.171210291671	1.0000002e-14
4	49669	3.171725336347	1.0000002e-14
4	49679	3.172215846133	1.0000002e-14
4	49686	3.172722304231	1.0000002e-14
4	49696	3.173218392253	1.0000002e-14
4	49700	3.173712330289	1.0000002e-14
4	49707	3.174261617514	1.0000002e-14
4	49720	3.174676467677	1.0000002e-14
4	49727	3.175246786889	1.0000002e-14
4	49731	3.175672066431	1.0000002e-14
4	49738	3.176296494953	1.0000002e-14
4	49751	3.17662913321	1.0000002e-14
4	49758	3.177331531303	1.0000002e-14
4	49762	3.177670190982	1.0000002e-14
4	49775	3.178369011024	1.0000002e-14
4	49785	3.178674245211	1.0000002e-14
4	49792	3.179368407102	1.0000002e-14
4	49796	3.179705302132	1.0000002e-14
4	49806	3.180348978711	1.0000002e-14
4	49816	3.180724654536	1.0000002e-14
4	49823	3.181337626727	1.0000002e-14
4	49827	3.18172167644	1.0000002e-14
4	49837	3.182305601036	1.0000002e-14
4	49844	3.182680463017	1.0000002e-14
4	49854	3.183332307151	1.0000002e-14
4	49858	3.183652923762	1.3549498849291e-11
4	49868	3.184360823886	1.0000002e-14
4	49875	3.184649828059	1.0095464164519e-10
4	49885	3.185333082326	1.217269216887e-14
4	49889	3.185657557491	1.0000002e-14
4	49902	3.186335223617	1.0000002e-14
4	49906	3.186681077632	1.0000002e-14
4	49916	3.187305204325	1.0000002e-14
4	49920	3.187688618381	1.0000002e-14
4	49933	3.188348213247	1.0000002e-14
4	49937	3.188640086158	1.0000002e-14
4	49947	3.189324243217	1.0000002e-14
4	49951	3.189636265687	1.0000002e-14
4	49958	3.190298681075	1.0000002e-14
4	49968	3.190679195022	1.0000002e-14
4	49978	3.191284207288	1.0000002e-14
4	49982	3.19167230121	1.0000002e-14
4	49992	3.192278753768	1.0000002e-14
4	49999	3.192630174005	1.2553664773257e-13
4	50009	3.193325126877	1.0000002e-14
4	50013	3.193638211413	1.0000002e-14
4	50026	3.194345377584	1.0000002e-14
4	50030	3.194598839227	1.0000002e-14
4	50040	3.19539243538	1.0000002e-14
4	50044	3.195616638709	1.0000002e-14
4	50057	3.196411845207	1.0000002e-14
4	50061	3.196651948268	1.0000002e-14
4	50071	3.197370713304	1.0000002e-14
4	50075	3.197678336923	1.0000002e-14
4	50088	3.198354046495	1.0000002e-14
4	50095	3.198707270808	1.0000002e-14
4	50105	3.199362059385	1.0000002e-14
4	50109	3.199686472778	1.0000002e-14
4	50119	3.200407307826	1.0000002e-14
4	50126	3.20070745709	1.0000002e-14
4	50136	3.201372962762	1.0000002e-14
4	50140	3.201668083495	1.0000002e-14
4	50147	3.202336576661	1.0000002e-14
4	50157	3.202672906765	1.0000002e-14
4	50164	3.203295547484	1.0000002e-14
4	50171	3.203642560436	2.4610265508574e-13
4	50178	3.204275865762	1.0000002e-14
4	50185	3.204683892594	1.0000002e-14
4	50192	3.205323257561	1.0000002e-14
4	50205	3.20568534919	1.0000002e-14
4	50212	3.206299536532	1.0000002e-14
4	50216	3.206691486489	1.0000002e-14
4	50223	3.207292062965	1.0000002e-14
4	50236	3.207691641847	1.0000002e-14
4	50243	3.208292734421	1.0000002e-14
4	50247	3.20873206305	1.0000002e-14
4	50254	3.20925752264	1.0000002e-14
4	50267	3.209740400815	1.0000002e-14
4	50274	3.210215859271	1.0000002e-14
4	50278	3.210713418092	1.0000002e-14
4	50285	3.211223336437	1.0000002e-14
4	50298	3.211740109312	1.0000002e-14
4	50305	3.212269915581	1.0000002e-14
4	50309	3.21278174938	1.0000002e-14
4	50316	3.213238921961	1.0000002e-14
4	50329	3.213766657714	1.0000002e-14
4	50333	3.214230194361	1.0000002e-14
4	50340	3.214808744208	1.0000002e-14
4	50347	3.215189359313	1.0000002e-14
4	50360	3.215822163694	1.0000002e-14
4	50364	3.216184726232	1.0000002e-14
4	50374	3.216853625186	1.0000002e-14
4	50381	3.217207009343	1.0000002e-14
4	50391	3.217869579594	1.0000002e-14
4	50395	3.218195951642	1.0000002e-14
4	50408	3.218905127738	1.0000002e-14
4	50415	3.219181516758	1.0000002e-14
4	50425	3.219939181812	1.0000002e-14
4	50429	3.220194422736	1.0000002e-14
4	50439	3.220968415817	6.5880118773456e-12
4	50443	3.221157430689	1.1498011822064e-08
4	50456	3.222014754754	1.0000002e-14
4	50460	3.222162004401	1.0000002e-14
4	50470	3.223021623009	1.0000002e-14
4	50477	3.223190891657	1.0000002e-14
4	50487	3.223993452766	1.8111996819225e-13
4	50494	3.224213293369	1.0000002e-14
4	50501	3.224985102487	1.0000002e-14
4	50511	3.225233240532	1.0000002e-14
4	50518	3.225963017977	1.0000002e-14
4	50525	3.226199500226	2.8043639383985e-09
4	50532	3.226969768975	1.0000002e-14
4	50542	3.227183645102	5.7120290343082e-12
4	50549	3.227938957092	1.2819528774999e-11
4	50556	3.228144110985	1.0000002e-14
4	50563	3.228961361833	1.0000002e-14
4	50570	3.229151553259	1.0000002e-14
4	50583	3.229977391088	1.0000002e-14
4	50587	3.230127202779	1.0000002e-14
4	50594	3.230969107565	1.0000002e-14
4	50598	3.231078727141	1.0000002e-14
4	50614	3.232016086424	1.0000002e-14
4	50618	3.232063952133	1.0000002e-14
4	50625	3.233020397056	1.0000002e-14
4	50632	3.233056846609	1.0000002e-14
4	50645	3.234015060419	7.680711460873e-10
4	50649	3.234016602448	1.9553607323666e-14
4	50656	3.234994135923	1.0000002e-14
4	50660	3.235063464727	1.0000002e-14
4	50673	3.23595062972	1.0000002e-14
4	50680	3.236074821112	1.0000002e-14
4	50687	3.23696556551	1.0000002e-14
4	50697	3.237068263495	6.5679934605833e-14
4	50704	3.237923789597	1.0000002e-14
4	50714	3.238102584823	1.0000002e-14
4	50721	3.238964533294	1.0000002e-14
4	50725	3.239093489961	1.0000002e-14
4	50738	3.239988984486	1.0000002e-14
4	50745	3.240078067038	1.0000002e-14
4	50752	3.240991601229	1.0000002e-14
4	50756	3.241032043475	1.0000002e-14
4	50769	3.241944478589	1.0000002e-14
4	50773	3.242034164642	8.7011864864785e-12
4	50783	3.242924290016	1.0000002e-14
4	50790	3.243053177686	1.0000002e-14
4	50800	3.243891498574	1.0000002e-14
4	50804	3.244006871937	1.0000002e-14
4	50814	3.244923954222	4.6056607549507e-12
4	50818	3.244989981905	1.0000002e-14
4	50831	3.24591616119	1.0000002e-14
4	50835	3.245944860127	4.2356218103657e-13
4	50848	3.24695655948	1.0000002e-14
4	50852	3.246980017878	1.0000002e-14
4	50862	3.247940940548	1.0000002e-14
4	50866	3.248022237799	1.069115001718e-12
4	50876	3.248914278108	8.1857366885705e-13
4	50880	3.248999737449	1.0000002e-14
4	50893	3.249958192112	1.0000002e-14
4	50899	3.250046910462	1.0000002e-14
4	50912	3.250979313579	1.0000002e-14
4	50916	3.251077082405	1.0000002e-14
4	50926	3.252025963029	1.0000002e-14
4	50930	3.252079021548	1.0000002e-14
4	50946	3.252990961011	1.0000002e-14
4	50950	3.253122899488	1.0000002e-14
4	50957	3.253964289331	1.0000002e-14
4	50961	3.254139650933	1.0000002e-14
4	50974	3.255006071334	1.0000002e-14
4	50981	3.25517455831	1.0000002e-14
4	50988	3.25599121258	7.7043544069833e-07
4	50992	3.256163078332	1.0000002e-14
4	51005	3.256964779689	1.8180295519051e-08
4	51012	3.257165178437	1.0000002e-14
4	51019	3.25792848601	1.0000002e-14
4	51023	3.258157275835	1.0000002e-14
4	51036	3.258892288362	1.0000002e-14
4	51046	3.259139960993	1.0000002e-14
4	51050	3.259895958395	1.0000002e-14
4	51060	3.2601226953	1.0000002e-14
4	51067	3.260940025376	1.0000002e-14
4	51077	3.261101562798	1.0000002e-14
4	51081	3.261922330214	1.0000002e-14
4	51091	3.262093375524	1.0000002e-14
4	51098	3.262963882371	1.0000002e-14
4	51105	3.263069576069	1.0000002e-14
4	51112	3.263930278738	1.0000002e-14
4	51119	3.264036977684	1.0000002e-14
4	51132	3.264909099112	1.0000002e-14
4	51136	3.265002634919	1.0000002e-14
4	51143	3.265922004365	1.0000002e-14
4	51150	3.265992648185	1.0000002e-14
4	51160	3.266889063245	1.0000002e-14
4	51167	3.266945204813	1.0000002e-14
4	51177	3.267937552613	1.0000002e-14
4	51184	3.267970968252	1.0000002e-14
4	51191	3.26895466641	1.0000002e-14
4	51195	3.268977293005	1.0000002e-14
4	51211	3.269945728671	1.0000002e-14
4	51215	3.270003343665	1.0000002e-14
4	51222	3.270953067003	1.0000002e-14
4	51229	3.271033391987	1.0000002e-14
4	51239	3.271985733213	1.0000002e-14
4	51243	3.272002824103	1.0000002e-14
4	51256	3.272938770542	1.0000002e-14
4	51260	3.2729794842	1.0000002e-14
4	51267	3.273932249269	1.0000002e-14
4	51271	3.273956820223	1.0000002e-14
4	51287	3.274910910947	1.0000002e-14
4	51291	3.274942292163	1.0000002e-14
4	51298	3.275876293399	1.0000002e-14
4	51305	3.275978713434	1.0000002e-14
4	51318	3.276839861382	1.0000002e-14
4	51325	3.276999427432	1.0000002e-14
4	51329	3.277868051333	1.0000002e-14
4	51333	3.277953419518	1.0000002e-14
4	51355	3.278897966116	1.0000002e-14
4	51359	3.278911218763	1.0000002e-14
4	51363	3.279868333529	1.0000002e-14
4	51367	3.279928506626	1.0000002e-14
4	51383	3.280856963948	1.0000002e-14
4	51387	3.280964969263	1.0000002e-14
4	51394	3.281828145549	1.0000002e-14
4	51398	3.281975277614	1.0000002e-14
4	51414	3.282846540234	1.0000002e-14
4	51421	3.282952330459	1.0000002e-14
4	51425	3.283835699941	1.0000002e-14
4	51429	3.284001826731	1.0000002e-14
4	51445	3.284806105395	1.0000002e-14
4	51452	3.284993208498	1.0000002e-14
4	51456	3.285848368476	1.0000002e-14
4	51460	3.286009938172	1.0000002e-14
4	51476	3.286890982167	1.0000002e-14
4	51483	3.287035687841	1.0000002e-14
4	51487	3.287878613431	1.0000002e-14
4	51491	3.288035734363	1.0000002e-14
4	51510	3.288845121508	1.0000002e-14
4	51514	3.28901800686	1.0000002e-14
4	51518	3.289804903813	1.0000002e-14
4	51522	3.290009512322	1.0000002e-14
4	51541	3.290812506526	1.0000002e-14
4	51545	3.29097811497	1.0000002e-14
4	51549	3.291826719984	9.824776428809e-13
4	51553	3.29201506816	1.0000002e-14
4	51569	3.292839499205	1.0000002e-14
4	51576	3.293060264612	1.0000002e-14
4	51580	3.293862345123	1.0000002e-14
4	51584	3.294104203522	1.0000002e-14
4	51600	3.294861713172	1.0000002e-14
4	51607	3.295113857945	1.0000002e-14
4	51611	3.295819766597	1.0000002e-14
4	51615	3.296099003059	1.0000002e-14
4	51631	3.296844210827	1.0000002e-14
4	51638	3.297077418822	1.0000002e-14
4	51642	3.297854375989	1.0000002e-14
4	51646	3.298068601026	1.0000002e-14
4	51665	3.298860190812	1.0000002e-14
4	51669	3.29910472722	1.0000002e-14
4	51676	3.29981633243	1.0000002e-14
4	51680	3.300071069885	1.0000002e-14
4	51696	3.300859634306	1.0000002e-14
4	51700	3.30103430256	1.0000002e-14
4	51707	3.301855520137	1.0000002e-14
4	51711	3.30202657253	1.0000002e-14
4	51727	3.302896385856	1.0000002e-14
4	51731	3.30305874887	1.0000002e-14
4	51738	3.303875754878	1.0000002e-14
4	51742	3.304063052968	1.0000002e-14
4	51758	3.30486690497	1.0000002e-14
4	51762	3.305043310478	1.0000002e-14
4	51769	3.305896184584	1.0000002e-14
4	51773	3.306053707278	5.9910841696615e-10
4	51789	3.306878018219	1.0000002e-14
4	51796	3.307036643022	1.5884309122478e-13
4	51800	3.307869170678	1.0000002e-14
4	51804	3.308025808669	1.0000002e-14
4	51820	3.308857000686	3.5354776357233e-14
4	51827	3.309028929912	1.0000002e-14
4	51831	3.309887762717	1.0000002e-14
4	51835	3.310056326039	4.8180566120316e-11
4	51854	3.310850137408	1.0000002e-14
4	51858	3.311011736346	1.0000002e-14
4	51862	3.311885544854	1.0000002e-14
4	51869	3.312038011362	1.5914141183515e-14
4	51885	3.3129122122	1.0354004465942e-11
4	51889	3.313005502655	1.9505899971706e-13
4	51896	3.313873535666	1.0000002e-14
4	51900	3.313997894751	1.0000002e-14
4	51913	3.314832904816	1.0000002e-14
4	51920	3.314976682143	1.0000002e-14
4	51924	3.315853458256	5.9424199077935e-14
4	51931	3.315955003103	1.0000002e-14
4	51947	3.316858914656	1.0000002e-14
4	51951	3.316918677577	1.0000002e-14
4	51955	3.317819676938	1.0000002e-14
4	51959	3.317941818531	1.0000002e-14
4	51978	3.318784257684	1.0000002e-14
4	51985	3.318968701747	1.0000002e-14
4	51989	3.319811700326	1.0000002e-14
4	51993	3.320009813279	1.0000002e-14
4	52012	3.32081161933	1.0000002e-14
4	52016	3.320988595323	1.0000002e-14
4	52020	3.32178310272	1.0000002e-14
4	52024	3.321994680591	1.0000002e-14
4	52043	3.322749428382	1.0000002e-14
4	52047	3.32298433488	1.0000002e-14
4	52051	3.323732743726	3.9944707386942e-14
4	52055	3.324029335745	1.0000002e-14
4	52074	3.324740833007	1.0000002e-14
4	52078	3.325026783973	2.8845249359954e-08
4	52082	3.325729566566	1.0000002e-14
4	52092	3.326044610283	1.0000002e-14
4	52102	3.326722495576	1.0000002e-14
4	52109	3.327088773063	1.0000002e-14
4	52113	3.327704400914	1.0000002e-14
4	52123	3.3281130859	1.0000002e-14
4	52133	3.328732211765	1.0000002e-14
4	52140	3.32914356247	1.0000002e-14
4	52147	3.329777479775	1.0000002e-14
4	52151	3.330190714128	1.0000002e-14
4	52167	3.330801388704	1.0000002e-14
4	52171	3.331193695632	6.5331131007461e-13
4	52178	3.331756932449	1.0000002e-14
4	52185	3.332214697593	1.0000002e-14
4	52195	3.332770660433	1.0000002e-14
4	52202	3.333223574628	1.0000002e-14
4	52209	3.333777693029	1.0000002e-14
4	52216	3.334245686492	1.0000002e-14
4	52226	3.334754828625	1.0000002e-14
4	52233	3.335260269988	1.0000002e-14
4	52240	3.33573781545	1.0000002e-14
4	52247	3.336295410624	1.0000002e-14
4	52257	3.336742771608	1.0000002e-14
4	52267	3.337319519858	1.0000002e-14
4	52271	3.337725673588	1.0000002e-14
4	52281	3.338270531626	1.0000002e-14
4	52288	3.338689167745	1.0000002e-14
4	52301	3.339222336722	1.0000002e-14
4	52305	3.339686437758	1.0000002e-14
4	52312	3.340208157709	1.0000002e-14
4	52319	3.34070243256	1.0000002e-14
4	52332	3.34120553993	1.0000002e-14
4	52336	3.341722042471	1.0000002e-14
4	52343	3.342179824246	1.0000002e-14
4	52353	3.342692501924	1.0000002e-14
4	52360	3.343174194685	1.0000002e-14
4	52367	3.343730356058	1.0000002e-14
4	52374	3.344135036714	1.0000002e-14
4	52384	3.344684997509	1.0000002e-14
4	52391	3.345091362183	1.0000002e-14
4	52398	3.345691647281	1.0000002e-14
4	52405	3.346104036603	1.0000002e-14
4	52415	3.34671941965	1.0000002e-14
4	52422	3.347103450473	1.0000002e-14
4	52429	3.347727478335	1.0000002e-14
4	52439	3.348138462782	1.0000002e-14
4	52446	3.348704588272	1.0000002e-14
4	52453	3.349163089295	1.0000002e-14
4	52460	3.349659866174	1.0000002e-14
4	52470	3.350137345379	1.0000002e-14
4	52477	3.350617614033	1.0000002e-14
4	52484	3.35109854117	1.0000002e-14
4	52488	3.351586455882	1.0000002e-14
4	52501	3.352135326597	1.0000002e-14
4	52508	3.352592335853	1.0000002e-14
4	52515	3.35313901197	1.0000002e-14
4	52519	3.35362040874	1.0000002e-14
4	52532	3.354142667818	1.0000002e-14
4	52539	3.354624336599	1.0000002e-14
4	52546	3.355146477407	1.0000002e-14
4	52550	3.355665287503	1.0000002e-14
4	52563	3.356183623034	1.0000002e-14
4	52570	3.356620134318	1.0000002e-14
4	52577	3.357164681445	1.0000002e-14
4	52581	3.357655024411	1.0000002e-14
4	52597	3.358138620305	1.0000002e-14
4	52604	3.358606026403	1.0000002e-14
4	52611	3.359094098957	1.0000002e-14
4	52615	3.359634935143	1.0000002e-14
4	52628	3.360118935732	1.0000002e-14
4	52638	3.360653283541	1.0000002e-14
4	52642	3.361166303764	1.0000002e-14
4	52646	3.361610929887	1.0000002e-14
4	52659	3.36217924749	1.0000002e-14
4	52669	3.36265934092	1.0000002e-14
4	52673	3.363148551113	1.0000002e-14
4	52677	3.363667890415	1.0000002e-14
4	52687	3.364197262195	1.0000002e-14
4	52700	3.364710950766	1.0000002e-14
4	52704	3.36517792167	1.0000002e-14
4	52708	3.365680401969	1.0000002e-14
4	52718	3.366133330582	1.0000002e-14
4	52731	3.366648735386	1.0000002e-14
4	52735	3.367098927512	1.0000002e-14
4	52739	3.367634587916	1.0000002e-14
4	52749	3.36807964552	1.0000002e-14
4	52762	3.368635384209	1.0000002e-14
4	52766	3.369059641297	1.0000002e-14
4	52770	3.369624665197	1.0000002e-14
4	52780	3.370051144058	1.0000002e-14
4	52793	3.370637401352	1.0000002e-14
4	52797	3.371045640372	1.0000002e-14
4	52801	3.371677034826	1.0000002e-14
4	52811	3.372013380408	1.0000002e-14
4	52824	3.372667465584	1.0000002e-14
4	52828	3.372980895612	1.0000002e-14
4	52835	3.373686732579	1.0000002e-14
4	52842	3.37399414277	1.0000002e-14
4	52855	3.374702120245	1.0000002e-14
4	52859	3.375030002087	1.0000002e-14
4	52866	3.375682565979	1.0000002e-14
4	52870	3.37601937579	1.0000002e-14
4	52886	3.37664567417	1.0000002e-14
4	52890	3.376989309848	1.0000002e-14
4	52897	3.377671906676	1.0000002e-14
4	52901	3.3779457246	1.0000002e-14
4	52920	3.37870465881	1.0000002e-14
4	52924	3.378902815718	1.0000002e-14
4	52931	3.379691250781	2.6329450882818e-12
4	52935	3.379927174596	1.0000002e-14
4	52948	3.380688375792	2.0067472837447e-13
4	52955	3.380932492303	1.0000002e-14
4	52962	3.381663850234	1.0000002e-14
4	52966	3.381895385394	1.0000002e-14
4	52979	3.382625355823	1.0000002e-14
4	52983	3.382857421226	1.0000002e-14
4	52990	3.383649282733	1.0000002e-14
4	52997	3.38385644221	1.0959176216625e-09
4	53010	3.384682518545	1.0000002e-14
4	53014	3.384874627913	1.0000002e-14
4	53024	3.385632919785	1.0000002e-14
4	53031	3.385843822436	1.0000002e-14
4	53041	3.386676710168	1.0000002e-14
4	53045	3.386840714644	6.6493140578393e-12
4	53055	3.387692490003	1.0000002e-14
4	53059	3.387867771857	1.0000002e-14
4	53069	3.388694944605	1.0000002e-14
4	53076	3.388845576203	1.0000002e-14
4	53086	3.389733712761	1.0000002e-14
4	53090	3.389820901488	1.0000002e-14
4	53100	3.39073578652	1.0000002e-14
4	53107	3.390823272996	1.0000002e-14
4	53117	3.391766071202	1.0000002e-14
4	53121	3.391839254779	1.0000002e-14
4	53134	3.392779915653	1.0000002e-14
4	53138	3.392827372215	1.0000002e-14
4	53148	3.393737405467	1.3113581514322e-14
4	53152	3.393784230831	1.0000002e-14
4	53162	3.394710871753	1.0000002e-14
4	53169	3.394784824926	1.0000002e-14
4	53176	3.395697867918	1.0000002e-14
4	53180	3.395747226616	1.0000002e-14
4	53193	3.396664407901	1.0000002e-14
4	53200	3.396765010275	7.1499235695036e-12
4	53210	3.397636389942	1.0000002e-14
4	53214	3.397767676248	1.0000002e-14
4	53227	3.398616589479	1.0000002e-14
4	53231	3.398801794484	1.0000002e-14
4	53244	3.399605374547	1.0000002e-14
4	53248	3.399773804017	1.0000002e-14
4	53258	3.400569983586	1.0000002e-14
4	53265	3.400745349323	1.0000002e-14
4	53275	3.401581967794	1.0000002e-14
4	53279	3.401747729344	1.0000002e-14
4	53289	3.402618261639	1.0000002e-14
4	53293	3.402725881895	1.0000002e-14
4	53306	3.403574679113	1.0000002e-14
4	53310	3.403742889676	1.0000002e-14
4	53320	3.404554254942	1.0000002e-14
4	53324	3.404772291705	1.0000002e-14
4	53337	3.405539125224	1.0000002e-14
4	53341	3.405760601368	1.0000002e-14
4	53351	3.406500923707	1.0000002e-14
4	53355	3.406740723108	1.0000002e-14
4	53368	3.407529816551	1.0000002e-14
4	53372	3.407781358592	1.0000002e-14
4	53382	3.408512803298	1.0000002e-14
4	53386	3.40882787961	1.0000002e-14
4	53399	3.409463926133	1.0000002e-14
4	53403	3.409829722175	1.0000002e-14
4	53413	3.410465804777	1.0000002e-14
4	53417	3.410854227069	1.0000002e-14
4	53430	3.411513048158	1.0000002e-14
4	53434	3.411824978256	1.0000002e-14
4	53444	3.412557764171	1.0000002e-14
4	53448	3.412836662455	1.0000002e-14
4	53461	3.413561237948	1.0000002e-14
4	53468	3.41384010404	1.0000002e-14
4	53475	3.414584672429	1.0000002e-14
4	53479	3.4148039146	1.0000002e-14
4	53492	3.415604787717	1.0000002e-14
4	53496	3.41576155213	1.0000002e-14
4	53506	3.416555826806	1.0000002e-14
4	53513	3.416797395688	1.0000002e-14
4	53523	3.417516733274	1.0000002e-14
4	53527	3.417806534208	1.0000002e-14
4	53540	3.418485260253	1.0000002e-14
4	53547	3.418847688775	1.0000002e-14
4	53554	3.419454812057	1.0000002e-14
4	53564	3.419885751005	1.0000002e-14
4	53571	3.420441420458	1.0000002e-14
4	53578	3.42089090614	1.0000002e-14
4	53585	3.421458613389	1.0000002e-14
4	53595	3.421889321383	1.0000002e-14
4	53602	3.422449700672	1.0000002e-14
4	53609	3.422877763957	1.0000002e-14
4	53616	3.423499530092	4.3807676266821e-12
4	53626	3.423904520261	1.0000002e-14
4	53633	3.42454336437	1.0000002e-14
4	53640	3.424909585326	1.0000002e-14
4	53647	3.425524153193	1.0000002e-14
4	53657	3.425868408205	1.0000002e-14
4	53664	3.426539882453	1.0000002e-14
4	53671	3.426881854758	1.0000002e-14
4	53678	3.427510489923	1.0000002e-14
4	53688	3.42789302132	1.0000002e-14
4	53695	3.428508520611	1.0000002e-14
4	53702	3.428936143086	1.0000002e-14
4	53706	3.429477107326	1.0000002e-14
4	53719	3.429981395155	1.0000002e-14
4	53726	3.430467039308	1.0000002e-14
4	53733	3.430974246228	1.0000002e-14
4	53740	3.431486888719	1.0000002e-14
4	53750	3.43199606039	1.0000002e-14
4	53757	3.43248548416	1.0000002e-14
4	53764	3.432950711733	1.0000002e-14
4	53771	3.433455291115	1.0000002e-14
4	53781	3.433943703606	1.0000002e-14
4	53788	3.434502126274	1.0000002e-14
4	53795	3.434903217548	1.0000002e-14
4	53805	3.43550677391	1.0000002e-14
4	53812	3.435878818918	1.0000002e-14
4	53819	3.436497827253	1.0000002e-14
4	53823	3.436925166466	1.0000002e-14
4	53836	3.437478415888	1.0000002e-14
4	53846	3.43795701103	1.0000002e-14
4	53853	3.438473809597	1.0000002e-14
4	53857	3.438990475916	1.0000002e-14
4	53870	3.439476773406	1.0000002e-14
4	53877	3.440014993603	1.0000002e-14
4	53881	3.440443534959	1.0000002e-14
4	53888	3.440988139337	1.0000002e-14
4	53901	3.441437231178	1.0000002e-14
4	53905	3.441951979773	1.0000002e-14
4	53912	3.442467338796	1.0000002e-14
4	53919	3.442908905433	1.0000002e-14
4	53929	3.443422522536	1.0000002e-14
4	53936	3.443939789786	1.0000002e-14
4	53943	3.444466500611	1.0000002e-14
4	53950	3.444922585834	1.0000002e-14
4	53963	3.445426447876	1.0000002e-14
4	53967	3.445893299474	1.0000002e-14
4	53974	3.44640486773	1.0000002e-14
4	53981	3.44692032972	1.0000002e-14
4	53994	3.447441989655	1.0000002e-14
4	53998	3.447889618673	1.0000002e-14
4	54005	3.448465086715	1.0000002e-14
4	54015	3.448931493736	1.0000002e-14
4	54022	3.449484579001	4.0643650665209e-12
4	54029	3.449883248275	1.0000002e-14
4	54036	3.450436173521	1.0000002e-14
4	54043	3.450850283898	2.6349546324504e-12
4	54053	3.451388487405	1.0000002e-14
4	54060	3.451893586886	1.0000002e-14
4	54067	3.452387410169	1.0000002e-14
4	54074	3.452939058346	1.0000002e-14
4	54087	3.453357280216	1.0000002e-14
4	54091	3.453979281009	1.0000002e-14
4	54098	3.454360852776	1.0000002e-14
4	54108	3.455018345885	1.0000002e-14
4	54115	3.455372562573	1.0000002e-14
4	54122	3.455991843082	1.0000002e-14
4	54129	3.456380158532	6.1844802677359e-14
4	54139	3.456975264118	1.0000002e-14
4	54146	3.457335933805	1.0000002e-14
4	54153	3.457937637462	1.0000002e-14
4	54166	3.458296737974	1.0000002e-14
4	54173	3.458921232151	1.0000002e-14
4	54180	3.459269122858	1.0000002e-14
4	54187	3.459913561385	1.0000002e-14
4	54197	3.460295729546	1.0000002e-14
4	54204	3.460889034918	1.0000002e-14
4	54211	3.461278548141	1.0000002e-14
4	54218	3.461858915586	1.0000002e-14
4	54225	3.462238920242	1.0000002e-14
4	54235	3.462858136133	1.0000002e-14
4	54242	3.463237313281	1.0000002e-14
4	54249	3.463851039894	1.0000002e-14
4	54253	3.464225829832	1.0000002e-14
4	54266	3.464885658906	1.0000002e-14
4	54273	3.465196198402	1.0000002e-14
4	54280	3.465872505162	1.0000002e-14
4	54290	3.466174590156	1.0000002e-14
4	54297	3.466856414277	1.0000002e-14
4	54304	3.467154694611	1.0000002e-14
4	54311	3.467884533193	1.0000002e-14
4	54318	3.468202489242	1.0000002e-14
4	54328	3.468835237961	1.0000002e-14
4	54332	3.469213510815	1.0000002e-14
4	54342	3.469878792199	1.0000002e-14
4	54349	3.47021342725	1.0000002e-14
4	54359	3.470900440937	1.0000002e-14
4	54363	3.471226198221	1.0000002e-14
4	54373	3.47194993515	1.0000002e-14
4	54383	3.472180555062	7.1055358241241e-12
4	54390	3.472916589061	1.0000002e-14
4	54394	3.473203964566	1.0000002e-14
4	54404	3.473955278418	7.1546809651416e-13
4	54414	3.47418493285	3.037406422575e-11
4	54421	3.47499573727	5.4026119175243e-14
4	54428	3.475171152982	1.0000002e-14
4	54435	3.475947092951	1.0000002e-14
4	54442	3.476131399567	1.0000002e-14
4	54452	3.476971385732	1.0000002e-14
4	54459	3.477124207938	1.0000002e-14
4	54472	3.477924556013	1.0000002e-14
4	54476	3.478139175436	1.0000002e-14
4	54486	3.478902404947	1.0000002e-14
4	54493	3.479102448395	1.0000002e-14
4	54500	3.47989986059	1.0000002e-14
4	54507	3.480056741911	1.0000002e-14
4	54517	3.480878486339	1.0000002e-14
4	54521	3.481084748939	1.0000002e-14
4	54534	3.481927292527	1.0000002e-14
4	54538	3.482109428377	1.0000002e-14
4	54548	3.482926275444	1.0000002e-14
4	54555	3.483090997996	1.0000002e-14
4	54565	3.483932620129	1.0000002e-14
4	54569	3.484094140658	1.0000002e-14
4	54579	3.484972520871	1.0000002e-14
4	54586	3.485064141946	1.0000002e-14
4	54593	3.485978150073	1.0000002e-14
4	54597	3.486042184689	1.0000002e-14
4	54613	3.486930510551	1.0000002e-14
4	54617	3.487014281575	1.0000002e-14
4	54624	3.487910959359	1.0000002e-14
4	54631	3.48799949488	1.0000002e-14
4	54641	3.488870464581	1.0000002e-14
4	54648	3.48899319345	6.3187337186067e-12
4	54655	3.489861641893	1.0000002e-14
4	54659	3.490042197309	1.0000002e-14
4	54672	3.490895332567	1.0000002e-14
4	54679	3.490994975236	1.0000002e-14
4	54686	3.491943235395	1.0000002e-14
4	54690	3.491967347706	1.0000002e-14
4	54706	3.492954201862	1.0000002e-14
4	54710	3.492954532662	1.0000002e-14
4	54717	3.493974541374	1.0000002e-14
4	54721	3.494002088374	1.0000002e-14
4	54737	3.494998699261	1.0000002e-14
4	54741	3.495047698754	1.0000002e-14
4	54748	3.496039279893	1.0000002e-14
4	54752	3.496055989387	1.0000002e-14
4	54768	3.497002750984	1.0000002e-14
4	54772	3.497059443997	1.0000002e-14
4	54779	3.498047157119	1.0000002e-14
4	54783	3.498052262472	1.0000002e-14
4	54802	3.499019315001	1.0000002e-14
4	54806	3.499077730527	1.0000002e-14
4	54815	3.500048212721	5.2860192439034e-08
4	54819	3.500067711189	1.0000002e-14
4	54835	3.501063803614	1.0000002e-14
4	54839	3.501106058653	1.0000002e-14
4	54846	3.502111320304	1.0000002e-14
4	54850	3.502143901868	4.0128305472487e-13
4	54866	3.50310102986	1.0000002e-14
4	54870	3.503143757758	1.0000002e-14
4	54880	3.504120312194	1.0000002e-14
4	54884	3.504149818862	1.0000002e-14
4	54897	3.505134490808	1.0000002e-14
4	54901	3.505191676098	1.0000002e-14
4	54911	3.506142441932	1.0000002e-14
4	54918	3.506227292443	1.0000002e-14
4	54928	3.507186527051	1.0000002e-14
4	54932	3.507225772092	1.0000002e-14
4	54942	3.508137477916	1.0000002e-14
4	54949	3.50825271266	1.0000002e-14
4	54959	3.509154321962	1.0000002e-14
4	54963	3.509301446447	1.0000002e-14
4	54976	3.51010544813	1.0000002e-14
4	54980	3.510262120645	1.0000002e-14
4	54990	3.511076481678	1.0000002e-14
4	54994	3.511276198439	1.0000002e-14
4	55004	3.512102218222	1.0000002e-14
4	55011	3.512274490421	1.0000002e-14
4	55021	3.513110694634	1.0000002e-14
4	55025	3.513298576753	1.0000002e-14
4	55032	3.514107268863	1.0000002e-14
4	55042	3.514296671628	1.0000002e-14
4	55052	3.515139918228	1.0000002e-14
4	55056	3.515290452356	1.0000002e-14
4	55066	3.516160667516	1.0000002e-14
4	55070	3.516311106298	1.0000002e-14
4	55083	3.517185117301	1.0000002e-14
4	55087	3.517308370724	5.3544066449818e-14
4	55100	3.518171823387	1.0000002e-14
4	55104	3.518348121964	1.0000002e-14
4	55117	3.519186006107	1.0000002e-14
4	55121	3.519331982435	1.0000002e-14
4	55131	3.520139243998	1.0000002e-14
4	55135	3.520329897792	1.9093591790806e-13
4	55148	3.521146636508	1.0000002e-14
4	55152	3.521304586432	1.0000002e-14
4	55162	3.522132855601	1.0000002e-14
4	55166	3.522266897724	1.0000002e-14
4	55179	3.523106511504	1.0000002e-14
4	55183	3.52323987354	1.0000002e-14
4	55193	3.524137453954	1.0000002e-14
4	55197	3.524282169253	1.0000002e-14
4	55210	3.525113567178	1.0000002e-14
4	55214	3.525253607383	1.0000002e-14
4	55224	3.526136379751	1.0000002e-14
4	55228	3.526232653881	1.0000002e-14
4	55241	3.52716522918	1.0000002e-14
4	55245	3.527242774123	1.0000002e-14
4	55255	3.528145032091	1.0000002e-14
4	55259	3.528238428844	1.0000002e-14
4	55272	3.529130719578	1.0000002e-14
4	55276	3.529272760792	1.0000002e-14
4	55283	3.530121276512	1.0000002e-14
4	55290	3.530247777563	1.0000002e-14
4	55300	3.531123370638	1.0000002e-14
4	55307	3.531225705766	1.0000002e-14
4	55314	3.532145294969	1.0000002e-14
4	55321	3.532270426067	1.0000002e-14
4	55331	3.53312439526	1.0000002e-14
4	55338	3.533290980224	1.6296919084013e-13
4	55345	3.534098472167	1.0000002e-14
4	55352	3.534309303926	1.0000002e-14
4	55362	3.535112707167	1.0000002e-14
4	55366	3.535301191211	1.0000002e-14
4	55379	3.536119930966	1.0000002e-14
4	55383	3.536297728129	1.0000002e-14
4	55393	3.537102171351	1.0000002e-14
4	55400	3.537260074361	1.0000002e-14
4	55413	3.538072934374	1.0000002e-14
4	55417	3.538216666908	1.0000002e-14
4	55427	3.539096439839	1.0000002e-14
4	55431	3.539196118268	1.0000002e-14
4	55444	3.54011279438	1.0000002e-14
4	55448	3.540192862965	1.0000002e-14
4	55458	3.541116373951	1.0000002e-14
4	55462	3.541239032749	1.0000002e-14
4	55475	3.542109614796	1.0000002e-14
4	55479	3.542282041863	1.0000002e-14
4	55489	3.543086533574	1.0000002e-14
4	55496	3.543325764037	1.0000002e-14
4	55506	3.544092490711	1.0000002e-14
4	55510	3.544319540683	1.0000002e-14
4	55520	3.545067503944	1.0000002e-14
4	55524	3.545352630592	1.0000002e-14
4	55534	3.546024347885	1.0000002e-14
4	55541	3.546377712529	1.0000002e-14
4	55551	3.547043039349	3.0696501313548e-10
4	55555	3.547379935243	1.0000002e-14
4	55565	3.548050966727	1.0000002e-14
4	55572	3.548415625894	1.0000002e-14
4	55579	3.549051804294	1.0000002e-14
4	55586	3.549425949461	1.0000002e-14
4	55596	3.550038004343	1.0000002e-14
4	55603	3.550466734872	1.2471453710569e-12
4	55610	3.550997852679	1.0000002e-14
4	55620	3.551513275674	1.0000002e-14
4	55624	3.552009453275	1.0000002e-14
4	55637	3.552498716321	1.0000002e-14
4	55644	3.553050813698	1.0000002e-14
4	55651	3.553486701018	5.9244882520783e-12
4	55655	3.554004122324	1.0000002e-14
4	55668	3.554468849363	1.0000002e-14
4	55675	3.555021643719	1.0000002e-14
4	55682	3.555497242361	1.0000002e-14
4	55686	3.555978648235	1.0000002e-14
4	55696	3.556478933455	1.0000002e-14
4	55706	3.556994581375	1.0000002e-14
4	55713	3.557495345494	5.5913621777783e-13
4	55717	3.557976909024	1.0000002e-14
4	55733	3.558540092637	2.2097665116123e-11
4	55740	3.55897380953	1.0000002e-14
4	55747	3.559588736413	1.0000002e-14
4	55751	3.559992607484	1.0000002e-14
4	55764	3.560600496789	1.0000002e-14
4	55771	3.560983800992	1.0000002e-14
4	55778	3.561648452156	1.0000002e-14
4	55782	3.561936025413	1.7640195392868e-14
4	55795	3.56261734717	1.0000002e-14
4	55802	3.562978084075	1.0000002e-14
4	55809	3.56362701069	1.0000002e-14
4	55813	3.563952455228	1.0000002e-14
4	55826	3.564586518078	1.0000002e-14
4	55833	3.564972529336	1.0000002e-14
4	55840	3.565567378275	1.0000002e-14
4	55844	3.566004340151	1.0000002e-14
4	55857	3.566610075409	1.0000002e-14
4	55864	3.567003189663	1.0000002e-14
4	55871	3.567629764168	1.0000002e-14
4	55875	3.567955137211	1.0000002e-14
4	55888	3.568671328777	1.0000002e-14
4	55895	3.568924191557	1.0000002e-14
4	55902	3.569646847771	1.0000002e-14
4	55906	3.56989198844	1.0000002e-14
4	55922	3.570645029369	1.0000002e-14
4	55926	3.57084781618	1.0000002e-14
4	55933	3.571645780353	1.0000002e-14
4	55937	3.57183088271	1.0000002e-14
4	55950	3.572688492316	1.0000002e-14
4	55957	3.572818534207	1.0000002e-14
4	55964	3.573649314466	1.0000002e-14
4	55968	3.573864884126	1.0000002e-14
4	55984	3.574671851016	1.0000002e-14
4	55988	3.574853915675	1.0000002e-14
4	55995	3.575633497419	8.1529796025766e-14
4	55999	3.575871260415	1.0000002e-14
4	56009	3.576625631746	1.0000002e-14
4	56019	3.57686497502	1.0000002e-14
4	56026	3.577650118255	1.0000002e-14
4	56030	3.577879415356	1.0000002e-14
4	56046	3.578606476955	1.0000002e-14
4	56053	3.578880169163	1.0000002e-14
4	56060	3.579642122039	8.2635491093861e-12
4	56064	3.579871406422	1.0000002e-14
4	56074	3.580662351507	1.0000002e-14
4	56084	3.580843602425	1.0000002e-14
4	56091	3.581628795944	1.0000002e-14
4	56095	3.58183162083	1.0000002e-14
4	56105	3.582666044724	3.9939090158553e-13
4	56115	3.582803688541	1.0000002e-14
4	56122	3.583678237126	1.2185453033325e-09
4	56126	3.583753953018	1.0000002e-14
4	56136	3.584656138554	1.0000002e-14
4	56140	3.584721657925	1.0000002e-14
4	56153	3.585665003041	1.0000002e-14
4	56157	3.585703384234	1.0000002e-14
4	56170	3.586683838069	1.0000002e-14
4	56174	3.586701113659	1.0000002e-14
4	56184	3.587666087154	1.0000002e-14
4	56188	3.58768777083	1.0000002e-14
4	56204	3.588697921108	1.0000002e-14
4	56208	3.588716860753	1.0000002e-14
4	56215	3.589669639525	1.0000002e-14
4	56219	3.589706430477	1.9694718268339e-14
4	56232	3.590678459135	1.0000002e-14
4	56236	3.590683253578	1.0000002e-14
4	56246	3.591676522392	1.0000002e-14
4	56250	3.591700748312	1.0000002e-14
4	56263	3.592659892559	1.0000002e-14
4	56267	3.592664249554	1.0000002e-14
4	56277	3.593700459747	1.0000002e-14
4	56281	3.593705313466	1.0000002e-14
4	56294	3.594680735306	1.0000002e-14
4	56298	3.594711614955	1.0000002e-14
4	56308	3.595671096237	1.0000002e-14
4	56312	3.595720974293	1.0000002e-14
4	56325	3.596692544955	1.0000002e-14
4	56329	3.596710649114	1.0000002e-14
4	56339	3.597643616575	1.0000002e-14
4	56343	3.597731672875	1.0000002e-14
4	56356	3.598609471927	1.0000002e-14
4	56366	3.598748451119	1.0000002e-14
4	56373	3.599613085749	1.0000002e-14
4	56377	3.599703230007	1.0000002e-14
4	56390	3.600643894028	1.0000002e-14
4	56394	3.600737203682	1.0000002e-14
4	56404	3.601641913754	1.0000002e-14
4	56408	3.601739527103	1.0000002e-14
4	56421	3.602630964851	1.0000002e-14
4	56425	3.602740956998	1.0000002e-14
4	56435	3.603673475193	1.0000002e-14
4	56439	3.603739739246	1.0000002e-14
4	56455	3.604714840652	1.0000002e-14
4	56459	3.604719487084	1.0000002e-14
4	56466	3.605675282354	2.5361025071088e-10
4	56470	3.605707952451	1.2315011771802e-13
4	56480	3.606627605078	1.0000002e-14
4	56484	3.606721964854	1.0000002e-14
4	56497	3.607581975322	1.0000002e-14
4	56501	3.607729097435	1.0000002e-14
4	56511	3.608572598584	1.0000002e-14
4	56518	3.608733981546	1.3833541316083e-14
4	56528	3.609577416724	1.0000002e-14
4	56532	3.609776175713	1.0000002e-14
4	56539	3.61061910842	1.0000002e-14
4	56552	3.610802730081	1.0000002e-14
4	56559	3.611619229958	1.0000002e-14
4	56563	3.611787343755	1.0000002e-14
4	56573	3.61260367407	1.0000002e-14
4	56580	3.612777400379	1.0000002e-14
4	56590	3.613642217044	1.0000002e-14
4	56594	3.613732121867	1.0000002e-14
4	56601	3.614618947914	1.0000002e-14
4	56605	3.614682442636	1.0000002e-14
4	56621	3.615667696818	1.0000002e-14
4	56625	3.615703095292	1.0000002e-14
4	56632	3.616653148014	1.0000002e-14
4	56639	3.616695730856	1.0000002e-14
4	56652	3.617610939355	1.0000002e-14
4	56656	3.617670020336	1.0000002e-14
4	56663	3.618624514515	1.0000002e-14
4	56667	3.618650704699	1.0000002e-14
4	56686	3.619601601708	7.7874740632236e-12
4	56690	3.61963753157	1.0000002e-14
4	56697	3.620574037853	1.0000002e-14
4	56701	3.620663470582	1.0000002e-14
4	56717	3.621600318175	1.0000002e-14
4	56721	3.621637995768	1.0000002e-14
4	56728	3.622570304953	1.0000002e-14
4	56732	3.622666358005	1.0000002e-14
4	56748	3.623526197945	1.0000002e-14
4	56752	3.623693865103	1.0000002e-14
4	56759	3.624540242581	1.0000002e-14
4	56763	3.624706595232	1.0000002e-14
4	56779	3.625495763975	1.0000002e-14
4	56783	3.625707761601	1.0000002e-14
4	56790	3.626491361578	1.0000002e-14
4	56797	3.626690103598	1.0000002e-14
4	56810	3.627474311243	1.0000002e-14
4	56814	3.627678661543	1.0000002e-14
4	56821	3.628441718957	1.0000002e-14
4	56828	3.628681130342	1.0000002e-14
4	56841	3.629463312317	1.0000002e-14
4	56845	3.629660180333	1.0000002e-14
4	56855	3.630507957441	1.0000002e-14
4	56859	3.630688860949	1.0000002e-14
4	56872	3.631527265708	1.0000002e-14
4	56876	3.631652863991	1.0000002e-14
4	56886	3.632568685947	1.0000002e-14
4	56890	3.632658751677	1.0000002e-14
4	56903	3.63353138919	1.0000002e-14
4	56907	3.63369534006	1.0000002e-14
4	56917	3.634507091805	1.0000002e-14
4	56921	3.634656560958	7.1501344950741e-14
4	56934	3.635478246686	1.0000002e-14
4	56938	3.635638966569	1.0000002e-14
4	56948	3.636452196913	1.0000002e-14
4	56952	3.63659496384	1.0000002e-14
4	56965	3.637482806386	1.0000002e-14
4	56969	3.637635713133	1.0000002e-14
4	56982	3.638482950653	1.0000002e-14
4	56986	3.638628962627	1.0000002e-14
4	56999	3.639463278877	1.0000002e-14
4	57003	3.639608084529	1.0000002e-14
4	57013	3.640483540051	1.0000002e-14
4	57017	3.640605049044	1.0000002e-14
4	57030	3.641525328028	1.0000002e-14
4	57034	3.641594841708	1.0000002e-14
4	57044	3.64255211295	1.0000002e-14
4	57048	3.642637989259	1.0000002e-14
4	57061	3.643515913523	1.0000002e-14
4	57065	3.64360872986	1.0000002e-14
4	57075	3.644504507588	1.0000002e-14
4	57079	3.644655653204	2.323202501785e-12
4	57092	3.645548566085	1.0000002e-14
4	57096	3.645664335126	1.0000002e-14
4	57106	3.646584239245	1.0000002e-14
4	57110	3.646630408409	1.0000002e-14
4	57123	3.647583628104	1.0000002e-14
4	57127	3.647648446819	1.0000002e-14
4	57140	3.64862185855	1.0000002e-14
4	57144	3.648684367105	1.0000002e-14
4	57154	3.649610230563	1.0000002e-14
4	57158	3.649646378849	1.0000002e-14
4	57171	3.650649233619	1.0000002e-14
4	57175	3.650684957564	1.0000002e-14
4	57185	3.651680905546	1.0000002e-14
4	57189	3.65171775803	1.0000002e-14
4	57202	3.652673181438	1.0000002e-14
4	57206	3.652731099248	1.0000002e-14
4	57216	3.653651213188	4.3946035501703e-11
4	57220	3.653761756868	1.0000002e-14
4	57233	3.654693635053	1.0000002e-14
4	57237	3.65475656664	1.0000002e-14
4	57247	3.655668886451	1.0000002e-14
4	57251	3.655777381868	1.0000002e-14
4	57264	3.656691747421	1.0000002e-14
4	57268	3.656820056397	1.0000002e-14
4	57275	3.657676085577	1.0000002e-14
4	57282	3.657785215433	1.0000002e-14
4	57298	3.658644497495	1.0000002e-14
4	57302	3.658753602029	3.9249328426088e-12
4	57309	3.659617564444	1.0000002e-14
4	57316	3.659766674777	1.0000002e-14
4	57329	3.660571590186	1.0000002e-14
4	57333	3.660811095462	1.0000002e-14
4	57340	3.66161966148	1.0000002e-14
4	57347	3.661817744562	1.0000002e-14
4	57360	3.662652977747	1.0000002e-14
4	57364	3.6628531932	1.0000002e-14
4	57371	3.663671365435	1.0000002e-14
4	57378	3.66386259092	1.0000002e-14
4	57388	3.664663640535	1.0000002e-14
4	57395	3.66484261778	1.0000002e-14
4	57402	3.665709649005	1.3699549831503e-14
4	57406	3.665805970053	1.0000002e-14
4	57422	3.666732631604	1.0000002e-14
4	57426	3.666820520358	1.0000002e-14
4	57433	3.667688577793	1.0000002e-14
4	57440	3.667809938757	1.0000002e-14
4	57450	3.668662934763	1.0000002e-14
4	57457	3.668840154353	1.0000002e-14
4	57464	3.669627216205	1.0000002e-14
4	57474	3.669852928613	1.4383798521682e-12
4	57481	3.670606199474	1.0000002e-14
4	57485	3.670817922005	1.0000002e-14
4	57495	3.671640232615	1.0000002e-14
4	57502	3.671855038226	1.0000002e-14
4	57512	3.672613151603	1.0000002e-14
4	57519	3.672863731962	1.0000002e-14
4	57526	3.673661994131	1.0000002e-14
4	57530	3.673853617368	1.0000002e-14
4	57546	3.674672692377	1.0000002e-14
4	57550	3.674854524974	1.0000002e-14
4	57557	3.675697839214	1.0000002e-14
4	57564	3.675870854459	1.2020153802165e-12
4	57577	3.676710253337	1.0000002e-14
4	57581	3.676892186843	1.0000002e-14
4	57588	3.677679243902	1.0000002e-14
4	57595	3.677933544978	9.9242575490832e-13
4	57611	3.678665156207	1.0000002e-14
4	57615	3.678955083469	1.0000002e-14
4	57622	3.679685828198	1.0000002e-14
4	57629	3.679999163785	4.4193687971443e-10
4	57642	3.680698554606	1.0000002e-14
4	57646	3.680972266741	1.0000002e-14
4	57653	3.681673876168	1.0000002e-14
4	57660	3.681930560573	1.0000002e-14
4	57673	3.682701029244	1.0000002e-14
4	57677	3.682926117856	1.0000002e-14
4	57684	3.683691767698	1.0000002e-14
4	57691	3.683895169749	1.0000002e-14
4	57704	3.684699769034	1.0000002e-14
4	57708	3.684845614397	1.0000002e-14
4	57715	3.685742001767	5.9476276402923e-13
4	57719	3.685839959699	1.0000002e-14
4	57735	3.686746396348	1.0000002e-14
4	57739	3.686878628601	4.1806876434266e-14
4	57746	3.687781202726	1.0000002e-14
4	57750	3.687890666675	1.0000002e-14
4	57766	3.688745591566	1.0000002e-14
4	57770	3.688844494373	1.0000002e-14
4	57777	3.689764943046	1.0000002e-14
4	57781	3.689892274401	1.0000002e-14
4	57797	3.69079888787	1.0000002e-14
4	57801	3.69084578349	1.0000002e-14
4	57808	3.691762113801	1.0000002e-14
4	57812	3.691830633025	1.0000002e-14
4	57828	3.692784880389	1.0000002e-14
4	57832	3.692789450217	1.0000002e-14
4	57836	3.693752600301	1.0000002e-14
4	57840	3.693781386693	1.0000002e-14
4	57859	3.694739918811	1.0000002e-14
4	57863	3.694796444248	1.0000002e-14
4	57867	3.69577031028	1.0000002e-14
4	57871	3.695824873353	1.0000002e-14
4	57890	3.696741309554	1.0000002e-14
4	57894	3.696824060697	1.0000002e-14
4	57898	3.697755862335	1.0000002e-14
4	57905	3.697868278991	1.0000002e-14
4	57924	3.698724498622	1.0000002e-14
4	57928	3.698905132223	1.0000002e-14
4	57935	3.699708517181	1.0000002e-14
4	57939	3.699865221654	1.0000002e-14
4	57955	3.70070527572	1.0000002e-14
4	57959	3.700847644568	1.0000002e-14
4	57963	3.701712883011	1.0000002e-14
4	57970	3.701815688058	1.0000002e-14
4	57986	3.702734392956	1.0000002e-14
4	57990	3.702791509038	1.0000002e-14
4	57997	3.703751735165	1.0000002e-14
4	58001	3.703754312919	1.0000002e-14
4	58014	3.704707602901	1.0000002e-14
4	58021	3.704768475727	1.0000002e-14
4	58028	3.705718356321	1.0000002e-14
4	58032	3.705774649866	1.0000002e-14
4	58045	3.706669758227	1.0000002e-14
4	58049	3.706818508425	1.0000002e-14
4	58059	3.707621694052	1.0000002e-14
4	58063	3.707805465305	1.7378176546578e-10
4	58076	3.708594022821	1.0000002e-14
4	58080	3.708830790536	1.0000002e-14
4	58090	3.70958358458	1.0000002e-14
4	58094	3.709789888543	1.0000002e-14
4	58107	3.710549902877	1.0000002e-14
4	58111	3.710796470234	1.0000002e-14
4	58121	3.711545697489	1.0000002e-14
4	58125	3.711796631881	1.0000002e-14
4	58135	3.712520365697	1.0000002e-14
4	58142	3.712833064133	1.0000002e-14
4	58152	3.713517984786	1.0000002e-14
4	58156	3.713871595852	1.0000002e-14
4	58166	3.714492304398	1.0000002e-14
4	58173	3.714865951226	1.0000002e-14
4	58183	3.715498905204	1.0000002e-14
4	58187	3.715828155657	1.0000002e-14
4	58194	3.716540947561	1.0000002e-14
4	58204	3.716791624887	1.0000002e-14
4	58214	3.717491159273	1.0000002e-14
4	58218	3.71778572333	1.0000002e-14
4	58225	3.718478751223	1.0000002e-14
4	58238	3.718772301298	1.0000002e-14
4	58248	3.719455046321	1.0000002e-14
4	58252	3.719782536794	1.0000002e-14
4	58259	3.720471597511	1.0000002e-14
4	58269	3.720824657059	1.0000002e-14
4	58279	3.721466768137	1.0000002e-14
4	58283	3.721826395269	1.0000002e-14
4	58290	3.722472786285	1.0000002e-14
4	58303	3.722796987163	1.0000002e-14
4	58307	3.723432778211	1.0000002e-14
4	58314	3.72384386289	1.0000002e-14
4	58321	3.724466870274	1.0000002e-14
4	58328	3.724798575869	1.0000002e-14
4	58338	3.725496678965	1.0000002e-14
4	58345	3.725773175214	1.0000002e-14
4	58352	3.726480873418	1.0000002e-14
4	58359	3.726803342421	1.0000002e-14
4	58369	3.727523545597	1.0000002e-14
4	58376	3.72780159306	1.0000002e-14
4	58383	3.728521432845	1.0000002e-14
4	58390	3.728791557737	1.0000002e-14
4	58400	3.729538493255	1.0000002e-14
4	58407	3.729763746345	1.0000002e-14
4	58414	3.730501787934	1.0000002e-14
4	58421	3.730789847695	1.0000002e-14
4	58434	3.731537987875	1.0000002e-14
4	58438	3.731801081825	1.0000002e-14
4	58445	3.732563395772	1.0000002e-14
4	58449	3.732785411154	1.0000002e-14
4	58465	3.733603950155	1.0000002e-14
4	58469	3.733800829743	1.0000002e-14
4	58476	3.734624378619	1.0000002e-14
4	58480	3.734768394171	1.0000002e-14
4	58496	3.735593706838	1.0000002e-14
4	58500	3.735740901434	1.0000002e-14
4	58507	3.736578556191	1.0000002e-14
4	58511	3.736717950487	1.0000002e-14
4	58527	3.737583856605	1.0000002e-14
4	58531	3.737766596336	1.0000002e-14
4	58538	3.738540280901	1.0000002e-14
4	58542	3.738788989001	1.0000002e-14
4	58561	3.739505127652	1.0000002e-14
4	58565	3.739837640376	1.0000002e-14
4	58572	3.740497805156	1.0000002e-14
4	58576	3.740798972497	1.0000002e-14
4	58592	3.741524712135	1.0000002e-14
4	58596	3.741817111371	1.0000002e-14
4	58603	3.742490862867	1.0000002e-14
4	58607	3.742767969859	1.0000002e-14
4	58623	3.743503922173	1.0000002e-14
4	58627	3.743759265782	1.0000002e-14
4	58634	3.744463776166	1.0000002e-14
4	58641	3.744800357061	1.0000002e-14
4	58654	3.745426703643	1.0000002e-14
4	58658	3.745806489386	1.0000002e-14
4	58665	3.746474215874	1.0000002e-14
4	58672	3.746805009613	5.3646932342593e-13
4	58685	3.74745305628	1.0000002e-14
4	58689	3.747806436618	1.0000002e-14
4	58696	3.748433848662	2.0252348652972e-13
4	58706	3.748844998709	1.0000002e-14
4	58716	3.749418912531	1.0000002e-14
4	58720	3.749807971452	1.0000002e-14
4	58729	3.750443316694	1.0000002e-14
4	58739	3.750764356718	1.0000002e-14
4	58749	3.751424099645	1.0000002e-14
4	58753	3.751762219212	1.0000002e-14
4	58760	3.752422088933	1.0000002e-14
4	58764	3.752770719138	1.0000002e-14
4	58780	3.753389607649	1.0000002e-14
4	58784	3.75380075584	1.0000002e-14
4	58788	3.754342328108	1.0000002e-14
4	58795	3.754793481521	1.0000002e-14
4	58808	3.755318144022	7.4371334927342e-14
4	58815	3.755749840321	1.0000002e-14
4	58819	3.756328230096	1.0000002e-14
4	58829	3.75677964092	1.0000002e-14
4	58842	3.757345986998	1.0000002e-14
4	58846	3.757794181515	1.0000002e-14
4	58853	3.758339926142	1.0000002e-14
4	58860	3.758793340216	1.0000002e-14
4	58876	3.759359939878	1.0000002e-14
4	58880	3.75982860128	5.2184222323207e-11
4	58887	3.760335255999	1.0000002e-14
4	58894	3.760818678407	1.0000002e-14
4	58907	3.761319820833	1.0000002e-14
4	58911	3.761777743143	1.0000002e-14
4	58915	3.762364329188	1.0000002e-14
4	58925	3.762740370832	1.0000002e-14
4	58938	3.763372951282	1.0000002e-14
4	58942	3.763763966953	1.0000002e-14
4	58946	3.764393262193	1.0000002e-14
4	58956	3.764716778973	1.0000002e-14
4	58969	3.765401338817	9.8729604367248e-13
4	58973	3.765699900101	1.0000002e-14
4	58977	3.766376991641	1.0000002e-14
4	58984	3.766661627563	1.0000002e-14
4	59000	3.767374401798	1.0000002e-14
4	59004	3.767672442914	1.0000002e-14
4	59008	3.768405596337	1.0000002e-14
4	59015	3.768670125819	1.0000002e-14
4	59031	3.769410517056	1.0000002e-14
4	59035	3.769642103363	1.0000002e-14
4	59042	3.770425925504	1.0000002e-14
4	59049	3.770686852992	1.0000002e-14
4	59062	3.771420032294	1.0000002e-14
4	59066	3.771708573604	1.0000002e-14
4	59073	3.77244500729	1.0000002e-14
4	59080	3.772691052414	1.0000002e-14
4	59093	3.773399241728	1.0000002e-14
4	59097	3.773676930394	1.0000002e-14
4	59107	3.774418871881	1.0000002e-14
4	59111	3.774677403208	1.0000002e-14
4	59124	3.775414829418	1.0000002e-14
4	59128	3.775698003398	1.0000002e-14
4	59132	3.776377446974	1.0000002e-14
4	59142	3.776737223462	3.0077149768611e-12
4	59152	3.777419247559	1.0000002e-14
4	59159	3.777705495054	1.0000002e-14
4	59166	3.778405130321	1.0000002e-14
4	59173	3.778696875538	1.0000002e-14
4	59189	3.779405867538	1.0000002e-14
4	59193	3.779738503229	1.0000002e-14
4	59197	3.780409533646	6.5204990534769e-14
4	59207	3.780755318101	1.0000002e-14
4	59220	3.781372582257	1.0000002e-14
4	59224	3.781714260902	1.0000002e-14
4	59234	3.782397312028	1.0000002e-14
4	59238	3.782708266476	1.0000002e-14
4	59251	3.783421571934	1.0000002e-14
4	59255	3.783706520518	1.0000002e-14
4	59262	3.784376824189	4.0997800978407e-07
4	59269	3.784731778135	1.0000002e-14
4	59279	3.785421769435	5.901894400556e-13
4	59286	3.785758748965	1.0000002e-14
4	59296	3.786463238624	1.0000002e-14
4	59300	3.786742701219	1.0000002e-14
4	59310	3.787439859958	1.0000002e-14
4	59317	3.787744175659	1.0000002e-14
4	59324	3.788454010793	1.0000002e-14
4	59334	3.788769567925	1.0000002e-14
4	59341	3.789492179887	1.0000002e-14
4	59348	3.789739365758	1.0000002e-14
4	59355	3.790504626398	1.0000002e-14
4	59362	3.790760451086	1.0000002e-14
4	59375	3.791489041171	1.0000002e-14
4	59379	3.791715537903	1.0000002e-14
4	59386	3.792475824019	1.0000002e-14
4	59393	3.792683546458	1.0000002e-14
4	59403	3.793429283561	1.0000002e-14
4	59410	3.793658073783	1.0000002e-14
4	59417	3.794403259483	4.829365857794e-14
4	59424	3.794695605557	1.0000002e-14
4	59437	3.795415496647	1.0000002e-14
4	59441	3.795647762175	1.0000002e-14
4	59448	3.796446823452	1.0000002e-14
4	59452	3.796680031963	1.0000002e-14
4	59468	3.797438033458	1.0000002e-14
4	59472	3.797630510933	2.8476607021995e-14
4	59479	3.798418188368	1.0000002e-14
4	59486	3.798617326465	1.0000002e-14
4	59499	3.799447201762	1.0000002e-14
4	59506	3.799573547274	1.0000002e-14
4	59516	3.800405417563	1.0000002e-14
4	59520	3.800559364149	1.0000002e-14
4	59533	3.801358509499	1.0000002e-14
4	59537	3.80155570314	1.0000002e-14
4	59544	3.802380055148	1.0000002e-14
4	59551	3.802532841364	1.0000002e-14
4	59564	3.803419009465	1.0000002e-14
4	59568	3.803546864634	1.0000002e-14
4	59575	3.804409043452	1.0000002e-14
4	59582	3.804564941511	1.0000002e-14
4	59592	3.805379651565	1.0000002e-14
4	59599	3.80553664218	1.0000002e-14
4	59606	3.806379238152	1.0000002e-14
4	59613	3.806489470398	1.0000002e-14
4	59620	3.80739006565	1.0000002e-14
4	59630	3.807504047496	6.2901444897049e-14
4	59637	3.808375850829	1.0000002e-14
4	59641	3.808484599611	1.0000002e-14
4	59651	3.809411804691	1.0000002e-14
4	59655	3.809436471125	1.0000002e-14
4	59668	3.810432444693	1.0000002e-14
4	59672	3.810477830313	1.0000002e-14
4	59682	3.811390881833	1.0000002e-14
4	59692	3.811523019922	1.0000002e-14
4	59699	3.812411376369	1.0000002e-14
4	59703	3.812546133785	1.0000002e-14
4	59716	3.813405290606	1.0000002e-14
4	59720	3.813530280836	1.0000002e-14
4	59730	3.814450070705	1.0000002e-14
4	59734	3.814550370785	1.0000002e-14
4	59747	3.815400964623	1.0000002e-14
4	59751	3.815590530349	2.4811992507476e-13
4	59761	3.816408699204	1.0000002e-14
4	59765	3.816623848923	1.0000002e-14
4	59775	3.817368711056	1.0000002e-14
4	59785	3.817583299735	1.0000002e-14
4	59792	3.818363788239	1.0000002e-14
4	59796	3.818572298078	1.0000002e-14
4	59809	3.819319273658	1.0000002e-14
4	59816	3.819529508696	1.0000002e-14
4	59826	3.82033405779	1.0000002e-14
4	59830	3.820551410594	1.0000002e-14
4	59840	3.821300034195	1.0000002e-14
4	59844	3.821534294379	4.7060353273719e-14
4	59857	3.822281039928	1.0000002e-14
4	59861	3.822501133916	1.0000002e-14
4	59871	3.823298705875	1.0000002e-14
4	59875	3.823459442665	1.0000002e-14
4	59888	3.824327146339	1.0000002e-14
4	59892	3.824454056191	1.0000002e-14
4	59902	3.825290757614	1.0000002e-14
4	59906	3.825439880365	1.0000002e-14
4	59919	3.826333322943	1.0000002e-14
4	59923	3.826473305705	1.0000002e-14
4	59930	3.827285358077	1.0000002e-14
4	59937	3.827453510614	1.0000002e-14
4	59950	3.828254758664	1.0000002e-14
4	59954	3.828481784999	1.0000002e-14
4	59961	3.829215786713	1.0000002e-14
4	59968	3.829477817507	1.7509046489776e-12
4	59981	3.830167742468	1.0000002e-14
4	59985	3.830474160598	1.0000002e-14
4	59992	3.831194895573	1.0000002e-14
4	60002	3.831455110034	1.0000002e-14
4	60009	3.832228942571	1.0000002e-14
4	60016	3.83249354657	1.0000002e-14
4	60023	3.833245202781	1.0000002e-14
4	60033	3.833455133109	1.3751398681039e-12
4	60040	3.834235499553	3.2691728278146e-13
4	60047	3.834443442509	1.0000002e-14
4	60054	3.835229078848	1.0000002e-14
4	60061	3.83546378446	1.0000002e-14
4	60071	3.836208649682	1.0000002e-14
4	60078	3.836426460627	1.2171636593747e-12
4	60085	3.837191358583	1.0000002e-14
4	60092	3.837409880104	1.0000002e-14
4	60099	3.838161180729	1.0000002e-14
4	60109	3.838425136913	1.0000002e-14
4	60116	3.839122066248	1.0000002e-14
4	60126	3.839410143679	1.0000002e-14
4	60133	3.840095651092	1.0000002e-14
4	60140	3.840381417812	1.0000002e-14
4	60150	3.841122245609	1.0000002e-14
4	60157	3.8414215122	1.0000002e-14
4	60167	3.842122483386	1.0000002e-14
4	60171	3.842448260811	1.0000002e-14
4	60181	3.843095950502	1.0000002e-14
4	60185	3.843455619567	1.0000002e-14
4	60198	3.844143632035	1.0000002e-14
4	60205	3.844471641381	1.0000002e-14
4	60212	3.845135554161	1.0000002e-14
4	60219	3.84549609716	1.0000002e-14
4	60229	3.846172675373	1.0000002e-14
4	60236	3.846490038098	1.0000002e-14
4	60243	3.847153652322	1.0000002e-14
4	60247	3.847522711665	1.2265683663003e-14
4	60263	3.848165784276	1.0000002e-14
4	60267	3.848493217631	1.0000002e-14
4	60271	3.849117415974	1.0000002e-14
4	60281	3.849503621253	1.0000002e-14
4	60294	3.850067761479	1.0000002e-14
4	60298	3.850547486287	1.0000002e-14
4	60305	3.851114502403	1.0000002e-14
4	60312	3.851542470624	1.0000002e-14
4	60325	3.852112318117	1.0000002e-14
4	60329	3.852519015594	1.0000002e-14
4	60336	3.853148885556	1.0000002e-14
4	60346	3.85350665478	1.0000002e-14
4	60356	3.854116090146	1.0000002e-14
4	60360	3.854472750291	1.0000002e-14
4	60364	3.855143128438	1.0000002e-14
4	60374	3.85547287464	1.0000002e-14
4	60387	3.856156509938	1.0000002e-14
4	60391	3.856463670163	1.0000002e-14
4	60395	3.857181426782	1.0000002e-14
4	60405	3.857484746822	1.0000002e-14
4	60418	3.858211354161	1.0000002e-14
4	60422	3.858517276468	1.0000002e-14
4	60429	3.85920301042	1.0000002e-14
4	60433	3.859526236805	1.0000002e-14
4	60452	3.860191119109	1.0000002e-14
4	60456	3.860573379585	1.0000002e-14
4	60460	3.861160576584	1.0000002e-14
4	60467	3.861546174413	1.0000002e-14
4	60483	3.862181838206	1.0000002e-14
4	60487	3.862581395778	1.0000002e-14
4	60491	3.863210954457	1.0000002e-14
4	60501	3.863605388341	1.0000002e-14
4	60514	3.864200450027	1.0000002e-14
4	60518	3.86462354545	1.0000002e-14
4	60525	3.865247780685	1.0000002e-14
4	60535	3.865587449337	1.0000002e-14
4	60545	3.866285101952	1.0000002e-14
4	60549	3.866554062368	1.0000002e-14
4	60556	3.86732323497	1.0000002e-14
4	60563	3.86751186788	1.0000002e-14
4	60576	3.868276340768	1.0000002e-14
4	60580	3.868526450791	1.0000002e-14
4	60587	3.869239543188	1.0000002e-14
4	60597	3.869508625752	1.0000002e-14
4	60607	3.870197403363	1.0000002e-14
4	60611	3.870460751307	1.0000002e-14
4	60615	3.871222185276	1.0000002e-14
4	60628	3.87141510144	1.0000002e-14
4	60638	3.872235189473	1.0000002e-14
4	60642	3.872380719827	1.0000002e-14
4	60646	3.87319171143	1.0000002e-14
4	60659	3.873407333909	1.0000002e-14
4	60669	3.874157833288	1.0000002e-14
4	60673	3.874436954194	1.0000002e-14
4	60677	3.875115188973	1.0000002e-14
4	60690	3.875391436683	1.0000002e-14
4	60700	3.876146589824	1.0000002e-14
4	60704	3.876364868437	1.0000002e-14
4	60711	3.877167664586	1.0000002e-14
4	60718	3.877414339264	1.0000002e-14
4	60731	3.878164645499	1.0000002e-14
4	60735	3.8783792967	1.0000002e-14
4	60742	3.879147462523	1.0000002e-14
4	60755	3.879343939761	1.0000002e-14
4	60765	3.880168779636	1.0000002e-14
4	60769	3.880366414402	1.0000002e-14
4	60779	3.881134866385	1.0000002e-14
4	60789	3.881350141662	1.0000002e-14
4	60796	3.882128333883	1.0000002e-14
4	60800	3.882378480624	1.0000002e-14
4	60807	3.883084175777	1.0000002e-14
4	60820	3.883361099101	1.0000002e-14
4	60827	3.884120448766	1.8174295538552e-12
4	60831	3.884379896622	1.6853468404516e-10
4	60838	3.8851369089	1.0000002e-14
4	60848	3.885347403491	1.0000002e-14
4	60858	3.886146516316	1.0000002e-14
4	60862	3.886348897038	1.0000002e-14
4	60869	3.887190699863	1.0000002e-14
4	60879	3.887337941575	1.0000002e-14
4	60889	3.88814784844	1.0000002e-14
4	60893	3.888293531479	1.0000002e-14
4	60903	3.889133321078	1.0000002e-14
4	60907	3.889270641501	1.0000002e-14
4	60920	3.890179051892	1.0000002e-14
4	60924	3.890261333169	4.9309263912559e-09
4	60934	3.891185880599	1.0000002e-14
4	60941	3.89128445748	1.0000002e-14
4	60951	3.892197077066	1.0000002e-14
4	60955	3.89228955421	1.0000002e-14
4	60965	3.89315818807	1.0000002e-14
4	60975	3.893265082149	1.0000002e-14
4	60982	3.894144619954	1.0000002e-14
4	60986	3.894239237647	7.5383102308733e-07
4	60993	3.895129738306	5.1480746476728e-14
4	61000	3.895193011844	1.0000002e-14
4	61013	3.896120558602	1.0000002e-14
4	61017	3.896150771543	1.0000002e-14
4	61030	3.897140209488	1.0000002e-14
4	61034	3.897163486659	1.0000002e-14
4	61044	3.898092942464	1.0000002e-14
4	61048	3.898205936447	1.0000002e-14
4	61064	3.89906950252	1.0000002e-14
4	61068	3.899170079448	1.0000002e-14
4	61078	3.90007289492	1.0000002e-14
4	61082	3.900188410311	1.0000002e-14
4	61095	3.901074530524	1.0000002e-14
4	61102	3.901235032243	1.0000002e-14
4	61109	3.902026853782	1.0000002e-14
4	61113	3.902196749728	1.0000002e-14
4	61126	3.903026945278	1.0000002e-14
4	61130	3.903153991236	1.0000002e-14
4	61140	3.904009217371	1.0000002e-14
4	61147	3.904137750307	1.0000002e-14
4	61157	3.905029420774	1.0000002e-14
4	61161	3.905178049701	1.0000002e-14
4	61171	3.905987671358	1.0000002e-14
4	61175	3.906203082777	1.0000002e-14
4	61188	3.907032652719	1.0000002e-14
4	61192	3.907154102848	1.0000002e-14
4	61202	3.908021662706	1.0000002e-14
4	61206	3.908175901252	1.0000002e-14
4	61219	3.908974864233	8.4578517625806e-12
4	61223	3.909164770137	1.0000002e-14
4	61233	3.909937789147	1.0000002e-14
4	61237	3.910145545518	1.0000002e-14
4	61247	3.91093609759	1.0000002e-14
4	61254	3.911180943872	1.0000002e-14
4	61264	3.911948139589	1.0000002e-14
4	61268	3.912162586868	1.0000002e-14
4	61281	3.91292647082	1.0000002e-14
4	61285	3.913207414993	1.0000002e-14
4	61295	3.913888892676	1.0000002e-14
4	61302	3.914242265413	1.0000002e-14
4	61312	3.914851414715	1.0000002e-14
4	61316	3.915229989636	1.0000002e-14
4	61326	3.915820700967	1.0000002e-14
4	61333	3.916211307966	1.0000002e-14
4	61343	3.916841622217	1.0000002e-14
4	61347	3.917242312906	1.0000002e-14
4	61357	3.917827111816	1.0000002e-14
4	61361	3.918232435561	1.0000002e-14
4	61377	3.918807776916	1.0000002e-14
4	61381	3.919186644876	1.0000002e-14
4	61391	3.919784291677	1.0000002e-14
4	61395	3.920191022663	1.0000002e-14
4	61408	3.920734833019	1.0000002e-14
4	61412	3.921186807557	1.0000002e-14
4	61422	3.921767408696	1.0000002e-14
4	61426	3.92217891617	1.2631405533297e-14
4	61439	3.922811849503	1.0000002e-14
4	61443	3.923214859099	1.0000002e-14
4	61453	3.923781453312	1.0000002e-14
4	61457	3.92425153858	1.0000002e-14
4	61470	3.924803761331	1.0000002e-14
4	61474	3.925292171531	1.0000002e-14
4	61484	3.925827189016	1.0000002e-14
4	61488	3.926281520025	1.0000002e-14
4	61501	3.926789319615	1.0000002e-14
4	61505	3.927263384502	1.0000002e-14
4	61515	3.92783684183	1.0000002e-14
4	61522	3.928295489635	1.0000002e-14
4	61532	3.928804358769	1.0000002e-14
4	61536	3.929251658239	1.0000002e-14
4	61546	3.929830723183	1.0000002e-14
4	61553	3.930274494543	1.0000002e-14
4	61563	3.930811620444	2.1022360293927e-12
4	61570	3.931258693624	1.0000002e-14
4	61577	3.931843079993	1.0000002e-14
4	61584	3.932288055946	1.0000002e-14
4	61594	3.932828378047	1.0000002e-14
4	61598	3.933239470609	1.0000002e-14
4	61608	3.933860620381	1.0000002e-14
4	61615	3.934279987842	1.0000002e-14
4	61625	3.934816596922	1.0000002e-14
4	61629	3.935244573717	1.0000002e-14
4	61639	3.935796648399	1.0000002e-14
4	61646	3.936270877559	1.0000002e-14
4	61656	3.936818755871	1.0000002e-14
4	61663	3.937303442349	1.0000002e-14
4	61673	3.937830353797	1.0000002e-14
4	61677	3.938280348891	1.0000002e-14
4	61690	3.938860547827	1.0000002e-14
4	61697	3.939295765567	1.0000002e-14
4	61704	3.93982351908	1.0000002e-14
4	61711	3.940306996264	1.0000002e-14
4	61721	3.940810041024	1.0000002e-14
4	61728	3.94128004968	1.0000002e-14
4	61732	3.941831455203	0.00015388369911059
4	61742	3.942261313928	1.0000002e-14
4	61755	3.942804427507	1.0000002e-14
4	61759	3.94328021501	1.6551735482018e-12
4	61763	3.943824193458	1.0000002e-14
4	61773	3.94427040388	1.0000002e-14
4	61783	3.944805478964	1.0000002e-14
4	61790	3.945318420124	1.0000002e-14
4	61794	3.945756876966	1.0000002e-14
4	61804	3.946314590375	1.0000002e-14
4	61817	3.946783053685	1.0000002e-14
4	61821	3.947281300525	1.0000002e-14
4	61828	3.947790728029	1.0000002e-14
4	61835	3.948274965359	1.0000002e-14
4	61848	3.948820550823	1.0000002e-14
4	61852	3.949282312124	1.0000002e-14
4	61859	3.949832066386	1.0000002e-14
4	61869	3.950324272251	1.0000002e-14
4	61879	3.950807672638	1.0000002e-14
4	61883	3.951290003664	1.0000002e-14
4	61890	3.951849360522	1.0000002e-14
4	61897	3.952256070981	1.0000002e-14
4	61910	3.952894831705	1.0000002e-14
4	61914	3.953230375989	1.0000002e-14
4	61921	3.953847974267	1.0000002e-14
4	61928	3.954199285184	1.0000002e-14
4	61941	3.954809144892	1.0000002e-14
4	61945	3.955173072371	1.0000002e-14
4	61949	3.955796520719	1.0000002e-14
4	61959	3.956158516677	1.0000002e-14
4	61972	3.956816197293	1.0000002e-14
4	61976	3.957117892618	1.0000002e-14
4	61980	3.957782501484	1.0000002e-14
4	61987	3.958089360986	1.0000002e-14
4	62006	3.958793516744	1.0000002e-14
4	62010	3.959112521026	1.0000002e-14
4	62014	3.959744210232	1.0000002e-14
4	62021	3.960076893408	1.0000002e-14
4	62037	3.960762207073	1.0000002e-14
4	62041	3.96109271694	6.3491359530517e-10
4	62045	3.961749376053	1.0000002e-14
4	62058	3.962094838226	1.0000002e-14
4	62068	3.962717818913	1.0000002e-14
4	62072	3.963138090395	1.0000002e-14
4	62076	3.963726917717	1.0000002e-14
4	62089	3.964111687062	4.5920407916447e-11
4	62099	3.964773459245	1.0000002e-14
4	62103	3.96516077251	1.0000002e-14
4	62107	3.965733741228	1.0000002e-14
4	62120	3.966115335097	1.0000002e-14
4	62130	3.966719556289	1.0000002e-14
4	62134	3.967086219113	1.0000002e-14
4	62138	3.967704018138	1.0000002e-14
4	62148	3.968056332961	1.0000002e-14
4	62161	3.968722487109	1.0000002e-14
4	62165	3.96901920787	1.0000002e-14
4	62169	3.969766364009	1.0000002e-14
4	62179	3.970025190013	1.0000002e-14
4	62192	3.970749715043	5.4464940027784e-13
4	62196	3.971034964038	1.0000002e-14
4	62200	3.971772730281	1.0000002e-14
4	62207	3.97205177711	1.0000002e-14
4	62223	3.972788629137	1.0000002e-14
4	62227	3.973068637573	7.255439788033e-13
4	62231	3.973792834137	1.0000002e-14
4	62241	3.974107169698	1.0000002e-14
4	62254	3.974808320836	1.0000002e-14
4	62258	3.975094392068	1.0000002e-14
4	62265	3.975822355633	1.0000002e-14
4	62272	3.976138568455	1.0000002e-14
4	62285	3.976844459129	3.2828461758609e-12
4	62289	3.977127187742	1.0000002e-14
4	62299	3.977822523605	1.0000002e-14
4	62303	3.978169864309	1.0000002e-14
4	62319	3.978840753783	1.0000002e-14
4	62323	3.979217903801	1.0000002e-14
4	62333	3.979813193905	1.0000002e-14
4	62340	3.980239240767	1.2865370351256e-13
4	62350	3.980846988658	1.0000002e-14
4	62354	3.981222676181	1.0000002e-14
4	62361	3.981870949975	1.0000002e-14
4	62371	3.982267143827	1.0000002e-14
4	62381	3.982850223752	1.0000002e-14
4	62385	3.983290665464	1.0000002e-14
4	62392	3.983894067254	1.0000002e-14
4	62402	3.984264108623	1.0000002e-14
4	62412	3.984920775426	1.0000002e-14
4	62416	3.985290131337	1.5036932797492e-12
4	62426	3.98595217106	1.0000002e-14
4	62433	3.9862708044	1.0000002e-14
4	62443	3.986995740817	1.0000002e-14
4	62447	3.987314590336	1.0000002e-14
4	62460	3.98800868745	1.0000002e-14
4	62464	3.98829129773	1.0000002e-14
4	62474	3.989039673634	1.0000002e-14
4	62478	3.989299923855	1.0000002e-14
4	62491	3.990068220106	1.0000002e-14
4	62498	3.990296176073	1.0000002e-14
4	62505	3.991040033503	1.0000002e-14
4	62509	3.991256159259	1.0000002e-14
4	62522	3.992069173291	1.0000002e-14
4	62529	3.992206868421	1.0000002e-14
4	62536	3.993116638764	1.0000002e-14
4	62540	3.993253011438	1.0000002e-14
4	62556	3.994140318359	1.0000002e-14
4	62560	3.994257513593	1.0000002e-14
4	62567	3.995184695415	1.0000002e-14
4	62571	3.995220482009	3.7561997560625e-12
4	62587	3.996172103519	1.0000002e-14
4	62591	3.996218408875	1.0000002e-14
4	62598	3.997177901562	1.0000002e-14
4	62602	3.997259327697	1.0000002e-14
4	62621	3.998213529464	1.0000002e-14
4	62625	3.998219946749	1.0000002e-14
4	62629	3.999186890157	1.0000002e-14
4	62633	3.999226055322	1.0000002e-14
4	62654	4.00017340986	1.0000002e-14
4	62658	4.000273457752	2.2460587531141e-12
4	62665	4.001204987763	1.0000002e-14
4	62669	4.001271532576	1.0000002e-14
4	62685	4.002171150324	1.0000002e-14
4	62689	4.002304557519	1.0000002e-14
4	62693	4.003205659741	1.0000002e-14
4	62703	4.003343460913	1.0000002e-14
4	62716	4.004212538301	1.0000002e-14
4	62720	4.004338241797	1.0000002e-14
4	62724	4.005179556082	1.0000002e-14
4	62734	4.005361551169	1.0000002e-14
4	62747	4.006208829658	2.1631296551827e-09
4	62751	4.006371955965	1.0000002e-14
4	62758	4.007236286762	1.0000002e-14
4	62765	4.007396851141	1.0000002e-14
4	62778	4.008204008872	1.0000002e-14
4	62782	4.008435587632	1.0000002e-14
4	62786	4.009183505443	1.0000002e-14
4	62796	4.009401457099	1.0000002e-14
4	62806	4.010152580521	1.0000002e-14
4	62813	4.010410135818	1.0000002e-14
4	62817	4.01116160307	1.0000002e-14
4	62827	4.011374265685	1.0000002e-14
4	62840	4.012159384578	1.0000002e-14
4	62844	4.012364763248	1.0000002e-14
4	62854	4.013205517775	1.0000002e-14
4	62858	4.013320384177	1.0000002e-14
4	62871	4.014224244266	1.0000002e-14
4	62875	4.014331149807	1.8886412274581e-13
4	62879	4.015209329845	1.0000002e-14
4	62889	4.015327444679	1.8185636432231e-08
4	62902	4.016209744341	1.0000002e-14
4	62906	4.016341603945	1.0000002e-14
4	62913	4.017186485769	1.0000002e-14
4	62917	4.017329259946	1.0000002e-14
4	62933	4.01815242328	1.0000002e-14
4	62940	4.018366900802	1.0000002e-14
4	62944	4.019116257349	1.0000002e-14
4	62954	4.019319730893	1.0000002e-14
4	62964	4.020144371462	1.0000002e-14
4	62971	4.020344815089	1.0000002e-14
4	62978	4.021168176942	1.0000002e-14
4	62982	4.021352796924	1.0000002e-14
4	62998	4.022120165841	1.0000002e-14
4	63002	4.022331267408	1.0000002e-14
4	63006	4.023084566311	1.0000002e-14
4	63013	4.023293947459	1.0000002e-14
4	63026	4.024034928108	6.6529642534625e-13
4	63030	4.024248838643	1.0000002e-14
4	63037	4.025068076456	1.0000002e-14
4	63041	4.025212974934	1.0000002e-14
4	63057	4.026021808659	1.0000002e-14
4	63061	4.026172551394	7.3405380434058e-11
4	63068	4.027068889503	1.0000002e-14
4	63072	4.027135074312	1.0000002e-14
4	63088	4.028033634341	1.2518802604108e-13
4	63092	4.028090257244	1.0000002e-14
4	63099	4.028987543986	1.0000002e-14
4	63103	4.02908800886	1.0000002e-14
4	63119	4.030017625175	1.1448891476385e-14
4	63123	4.030123641353	1.0000002e-14
4	63133	4.031036582164	1.0000002e-14
4	63137	4.031077974879	1.0000002e-14
4	63150	4.032032364459	1.0000002e-14
4	63154	4.032050422132	1.0000002e-14
4	63161	4.033012757201	1.0000002e-14
4	63165	4.033080536538	1.0000002e-14
4	63181	4.03403525929	1.0000002e-14
4	63185	4.034038154708	1.0000002e-14
4	63192	4.035005493517	1.0000002e-14
4	63196	4.035014023448	1.0000002e-14
4	63212	4.035970380684	1.0000002e-14
4	63216	4.035986439526	1.0000002e-14
4	63223	4.036979670383	1.0000002e-14
4	63227	4.037016622072	1.0000002e-14
4	63246	4.037987109788	1.0000002e-14
4	63250	4.037992434363	1.0000002e-14
4	63257	4.039031794621	1.0000002e-14
4	63261	4.039037551212	1.0000002e-14
4	63277	4.040009356943	1.0000002e-14
4	63281	4.040058010948	1.0000002e-14
4	63288	4.040978813614	1.0000002e-14
4	63295	4.041073303232	1.0000002e-14
4	63308	4.041942064557	1.0000002e-14
4	63312	4.042097901743	2.7684269253867e-09
4	63319	4.042919943187	1.0000002e-14
4	63323	4.043138239241	1.0000002e-14
4	63336	4.043892170291	1.0000002e-14
4	63343	4.044093025817	1.0000002e-14
4	63350	4.04485581243	1.0000002e-14
4	63354	4.04512415151	1.0000002e-14
4	63367	4.045903556646	1.0000002e-14
4	63371	4.046106215436	1.0000002e-14
4	63381	4.046920616831	1.0000002e-14
4	63385	4.047103066227	1.0000002e-14
4	63398	4.047924586999	1.0000002e-14
4	63405	4.048087767886	1.0000002e-14
4	63412	4.048947526554	1.0000002e-14
4	63416	4.049068392393	1.0000002e-14
4	63429	4.049932214827	1.0000002e-14
4	63436	4.050086408085	1.0000002e-14
4	63443	4.050939936833	1.0000002e-14
4	63447	4.051060418618	1.0000002e-14
4	63463	4.051965236893	1.0000002e-14
4	63467	4.052098932679	1.0000002e-14
4	63474	4.052952079352	1.0000002e-14
4	63478	4.053069000163	1.0000002e-14
4	63491	4.0539987774	1.0000002e-14
4	63498	4.054073637581	1.0000002e-14
4	63505	4.055018120075	1.0000002e-14
4	63509	4.055051861603	1.0000002e-14
4	63522	4.056021563069	1.0000002e-14
4	63526	4.05608734561	1.0000002e-14
4	63536	4.056984537615	1.0000002e-14
4	63540	4.057133173108	1.0000002e-14
4	63553	4.058007106553	1.0000002e-14
4	63557	4.058169840113	1.0000002e-14
4	63570	4.058976201094	1.0000002e-14
4	63574	4.059212358968	1.0000002e-14
4	63587	4.059982934091	1.0000002e-14
4	63591	4.060208971881	1.0000002e-14
4	63601	4.061005931688	1.0000002e-14
4	63605	4.061245042612	1.0000002e-14
4	63618	4.061992020545	1.0000002e-14
4	63622	4.062280905599	1.0000002e-14
4	63629	4.063041563581	1.0000002e-14
4	63636	4.063284134463	1.0000002e-14
4	63649	4.06399797238	1.0000002e-14
4	63653	4.064274591554	1.0000002e-14
4	63660	4.064958202022	1.0000002e-14
4	63667	4.065250289617	1.0000002e-14
4	63680	4.06595690026	1.0000002e-14
4	63684	4.06627383109	1.1310691641543e-11
4	63694	4.066976335688	1.0000002e-14
4	63698	4.067229696837	1.0000002e-14
4	63711	4.067971811279	1.0000002e-14
4	63715	4.06827402002	1.0000002e-14
4	63725	4.068947911577	1.0000002e-14
4	63729	4.069262835037	1.0000002e-14
4	63742	4.069917447045	1.0000002e-14
4	63746	4.070291671951	1.0000002e-14
4	63753	4.070906676983	1.0000002e-14
4	63760	4.071327051337	1.0000002e-14
4	63770	4.071908268205	1.0000002e-14
4	63777	4.072330397273	1.0000002e-14
4	63784	4.072910503737	1.0000002e-14
4	63791	4.073346950949	1.0000002e-14
4	63801	4.073903037315	1.0000002e-14
4	63808	4.074379795099	3.1064696905612e-09
4	63818	4.074875262213	1.0000002e-14
4	63822	4.075387673108	1.5983681500223e-14
4	63832	4.075850045276	1.0000002e-14
4	63839	4.076411931246	1.0000002e-14
4	63849	4.076869666308	1.0000002e-14
4	63856	4.077430908174	1.1990974641213e-13
4	63866	4.077908086435	1.0000002e-14
4	63870	4.07845989299	1.0000002e-14
4	63880	4.078869134267	1.0000002e-14
4	63890	4.079453223936	1.0000002e-14
4	63897	4.079859070192	1.0000002e-14
4	63904	4.080433809594	1.0000002e-14
4	63911	4.080820396509	1.0000002e-14
4	63921	4.081412521289	1.0000002e-14
4	63925	4.081800468346	1.0000002e-14
4	63935	4.082390419172	1.0000002e-14
4	63942	4.082799119937	1.0000002e-14
4	63952	4.083422673729	1.0000002e-14
4	63959	4.083823391748	1.0000002e-14
4	63966	4.08437818949	1.0000002e-14
4	63970	4.084777982839	1.0000002e-14
4	63983	4.085402493421	1.0000002e-14
4	63990	4.085811952151	1.0000002e-14
4	63997	4.086366791342	3.4098326224624e-12
4	64001	4.08684959715	1.0000002e-14
4	64014	4.087409639862	1.0000002e-14
4	64021	4.087854158655	2.4409374689672e-14
4	64028	4.088429149995	1.0000002e-14
4	64032	4.088889328586	1.0000002e-14
4	64048	4.089435493587	2.6620485687119e-14
4	64052	4.089866095235	1.0000002e-14
4	64059	4.090392076997	1.0000002e-14
4	64063	4.09085794542	1.0000002e-14
4	64076	4.09134860236	1.0000002e-14
4	64083	4.091880490378	1.0000002e-14
4	64087	4.09230570927	1.0000002e-14
4	64094	4.09292633497	1.0000002e-14
4	64107	4.093341808456	2.1878410604433e-11
4	64114	4.093942571674	1.0000002e-14
4	64121	4.094349675012	1.0000002e-14
4	64125	4.094974371468	1.0000002e-14
4	64141	4.095385747621	2.5578281021284e-13
4	64145	4.095984565412	1.0000002e-14
4	64152	4.096407690885	1.0000002e-14
4	64156	4.097014107111	1.0000002e-14
4	64169	4.097374621633	1.0000002e-14
4	64176	4.098003902324	1.0000002e-14
4	64183	4.098374602113	1.0000002e-14
4	64187	4.099052383821	1.0000002e-14
4	64203	4.099384709407	1.0000002e-14
4	64210	4.100017322382	1.0000002e-14
4	64214	4.100352920307	1.0000002e-14
4	64221	4.10098573119	5.6809922123296e-14
4	64228	4.101385432152	1.5238388794487e-14
4	64241	4.102013653906	1.0000002e-14
4	64248	4.102362408358	1.0000002e-14
4	64252	4.10300694934	1.0000002e-14
4	64259	4.103388522443	1.0000002e-14
4	64272	4.104048309562	1.287785518032e-11
4	64279	4.104389815477	1.0000002e-14
4	64286	4.105025806918	1.0000002e-14
4	64290	4.105369037679	1.0000002e-14
4	64303	4.106010858836	1.0000002e-14
4	64307	4.106338040905	1.0000002e-14
4	64317	4.106985404558	1.0000002e-14
4	64321	4.10734390327	1.0000002e-14
4	64334	4.108011051649	1.0000002e-14
4	64341	4.108310486206	1.0000002e-14
4	64348	4.109036642603	1.0000002e-14
4	64352	4.109349523113	1.0000002e-14
4	64365	4.109992456583	1.0000002e-14
4	64372	4.110334901876	1.0000002e-14
4	64376	4.110968328439	1.0000002e-14
4	64383	4.111380928462	1.0000002e-14
4	64396	4.111992064348	1.0000002e-14
4	64403	4.112414242304	1.0000002e-14
4	64407	4.112989693305	1.0000002e-14
4	64414	4.113440539536	1.0000002e-14
4	64427	4.113960323084	1.0000002e-14
4	64434	4.114469384995	1.0000002e-14
4	64438	4.114983818989	1.0000002e-14
4	64448	4.115508592253	1.0000002e-14
4	64458	4.115989707569	1.0000002e-14
4	64465	4.11655540454	1.0000002e-14
4	64472	4.116980853516	1.0000002e-14
4	64479	4.117604278162	1.0000002e-14
4	64489	4.118008924929	1.0000002e-14
4	64496	4.118596480573	1.0000002e-14
4	64506	4.119001308015	1.0000002e-14
4	64516	4.119642134383	1.0000002e-14
4	64520	4.119991029281	1.0000002e-14
4	64530	4.120684254355	1.0000002e-14
4	64534	4.12099213044	1.0000002e-14
4	64547	4.121637317462	1.0000002e-14
4	64551	4.121950643486	1.0000002e-14
4	64561	4.122655523673	1.0000002e-14
4	64565	4.122981342196	1.0000002e-14
4	64578	4.123651551037	1.0000002e-14
4	64585	4.12397489523	1.0000002e-14
4	64592	4.124629229147	1.0000002e-14
4	64596	4.125006504518	1.0000002e-14
4	64609	4.125675326664	1.0000002e-14
4	64619	4.125990224924	1.0000002e-14
4	64623	4.126666602924	1.0000002e-14
4	64627	4.12695225665	1.0000002e-14
4	64640	4.127713345747	1.0000002e-14
4	64647	4.127908931026	1.0000002e-14
4	64654	4.128676909898	1.6776007153928e-11
4	64658	4.128926706112	1.0000002e-14
4	64671	4.129631752318	1.0000002e-14
4	64678	4.129903813647	1.0000002e-14
4	64685	4.130619886312	1.0000002e-14
4	64689	4.130945092851	1.0000002e-14
4	64702	4.13166597487	1.0000002e-14
4	64709	4.131992306011	1.0000002e-14
4	64716	4.13261773743	1.0000002e-14
4	64720	4.132999752802	1.0000002e-14
4	64733	4.13364539643	1.0000002e-14
4	64737	4.13399755186	1.0000002e-14
4	64747	4.134620373162	1.0000002e-14
4	64751	4.135042929971	1.0000002e-14
4	64764	4.135645490688	1.0000002e-14
4	64768	4.136018471787	1.0000002e-14
4	64778	4.136668937811	1.0000002e-14
4	64782	4.136999615636	1.0000002e-14
4	64795	4.137661788728	1.0000002e-14
4	64799	4.137988837313	1.0000002e-14
4	64809	4.138660201081	1.0000002e-14
4	64813	4.138971744545	1.0000002e-14
4	64829	4.139664019094	1.0000002e-14
4	64836	4.13995566472	1.0000002e-14
4	64843	4.140694138628	1.0000002e-14
4	64847	4.140943168915	1.0000002e-14
4	64860	4.14171171264	1.0000002e-14
4	64867	4.141915398255	1.0000002e-14
4	64874	4.142733026267	1.0000002e-14
4	64878	4.14291985669	1.0000002e-14
4	64891	4.143735112928	5.3755536205533e-08
4	64898	4.143932334955	1.0000002e-14
4	64905	4.14476221374	1.0000002e-14
4	64909	4.144975756805	1.0000002e-14
4	64925	4.145745112592	2.3079311559065e-11
4	64929	4.145938769067	1.0000002e-14
4	64936	4.146778033527	1.0000002e-14
4	64940	4.146936981576	1.0000002e-14
4	64956	4.147748072225	1.0000002e-14
4	64960	4.147929264086	1.0000002e-14
4	64967	4.148794959558	1.0000002e-14
4	64971	4.14897686824	3.3598941813278e-09
4	64987	4.149824781681	1.0000002e-14
4	64991	4.14992920864	1.0000002e-14
4	64998	4.150871970116	1.0000002e-14
4	65002	4.150920843044	1.0000002e-14
4	65018	4.151866001257	1.0000002e-14
4	65022	4.151889858608	1.0000002e-14
4	65029	4.15287186691	1.0000002e-14
4	65033	4.152915001455	1.0000002e-14
4	65049	4.153893133464	2.3293376967914e-13
4	65053	4.153955355184	1.0000002e-14
4	65060	4.154862572108	1.0000002e-14
4	65067	4.154995135334	1.0000002e-14
4	65077	4.155897876638	1.0000002e-14
4	65084	4.155965470153	1.0000002e-14
4	65091	4.156872497554	1.0000002e-14
4	65098	4.157007229056	1.0000002e-14
4	65108	4.157845516521	1.0000002e-14
4	65112	4.158008445152	4.4501575559351e-14
4	65128	4.158865563005	1.0000002e-14
4	65132	4.15900147575	1.0000002e-14
4	65142	4.159863481204	1.0000002e-14
4	65146	4.159955258764	1.0000002e-14
4	65159	4.160875365087	1.0000002e-14
4	65163	4.160907238694	1.0000002e-14
4	65173	4.161895571675	1.0000002e-14
4	65177	4.161896704561	1.0000002e-14
4	65190	4.162863891618	1.0000002e-14
4	65194	4.16290172623	1.0000002e-14
4	65204	4.163853332753	1.7778508477872e-11
4	65208	4.163858004218	1.0000002e-14
4	65218	4.164828265435	1.8609252010937e-13
4	65222	4.164852632449	1.0000002e-14
4	65235	4.165785683567	1.0000002e-14
4	65239	4.165872793748	1.0000002e-14
4	65249	4.166755921829	1.0000002e-14
4	65253	4.166854070778	1.0000002e-14
4	65266	4.167794755046	1.0000002e-14
4	65270	4.16789593322	1.0000002e-14
4	65280	4.168761441599	1.0000002e-14
4	65284	4.168940164576	1.0000002e-14
4	65297	4.169741268669	1.0000002e-14
4	65301	4.169911183477	1.0000002e-14
4	65311	4.170700980199	1.0000002e-14
4	65315	4.170870109469	1.0000002e-14
4	65328	4.171658769541	1.0000002e-14
4	65332	4.171872875102	1.0000002e-14
4	65342	4.172665690527	1.0000002e-14
4	65346	4.172872205369	1.0000002e-14
4	65359	4.173662209766	1.0000002e-14
4	65363	4.173868552224	1.0000002e-14
4	65373	4.174703237965	1.0000002e-14
4	65377	4.17486467001	1.0000002e-14
4	65390	4.175673444021	1.0000002e-14
4	65394	4.175870330419	1.0000002e-14
4	65404	4.176651768468	1.0000002e-14
4	65408	4.176827859223	1.0000002e-14
4	65421	4.177648933376	1.0000002e-14
4	65425	4.177851598635	1.0000002e-14
4	65435	4.178674098082	1.0000002e-14
4	65439	4.178853983148	1.0000002e-14
4	65455	4.179642821036	1.0000002e-14
4	65459	4.179808057913	1.0000002e-14
4	65469	4.180656430072	1.0000002e-14
4	65473	4.18076060609	1.0000002e-14
4	65486	4.181662511639	1.0000002e-14
4	65493	4.181803474065	1.0000002e-14
4	65500	4.182644943699	1.0000002e-14
4	65504	4.182759081474	1.0000002e-14
4	65517	4.183660942605	1.0000002e-14
4	65524	4.183795503611	1.0000002e-14
4	65531	4.184683240947	1.0000002e-14
4	65535	4.184750782304	1.0000002e-14
4	65548	4.185703179086	1.0000002e-14
4	65552	4.185751746007	1.0000002e-14
4	65562	4.186748911009	1.0000002e-14
4	65566	4.186782850612	1.0000002e-14
4	65579	4.187758933578	1.0000002e-14
4	65583	4.187822282044	1.0000002e-14
4	65593	4.188750392576	1.0000002e-14
4	65597	4.188818133653	1.0000002e-14
4	65607	4.189789858155	1.0000002e-14
4	65611	4.189795367999	1.0000002e-14
4	65624	4.190760218635	1.0000002e-14
4	65628	4.190779793826	1.0000002e-14
4	65638	4.191755386203	1.0000002e-14
4	65642	4.191791411036	1.0000002e-14
4	65655	4.192756402363	1.0000002e-14
4	65659	4.192764664068	1.0000002e-14
4	65669	4.193745018695	1.0000002e-14
4	65676	4.193794642155	1.0000002e-14
4	65686	4.194750747793	1.0000002e-14
4	65690	4.194763718261	1.0000002e-14
4	65700	4.195769052379	1.0000002e-14
4	65707	4.195784812445	1.0000002e-14
4	65717	4.196743339252	1.0000002e-14
4	65721	4.196814791587	1.0000002e-14
4	65734	4.197780394443	1.0000002e-14
4	65738	4.197792302488	1.0000002e-14
4	65748	4.198742845841	1.0000002e-14
4	65752	4.198771408715	1.0000002e-14
4	65768	4.199783410933	8.8662798238429e-14
4	65775	4.199811790447	1.0000002e-14
4	65782	4.200812160269	1.0000002e-14
4	65786	4.200851745008	1.0000002e-14
4	65799	4.201767285911	1.0000002e-14
4	65803	4.201847893597	1.0000002e-14
4	65813	4.202815627078	1.1435796754172e-14
4	65817	4.202868365838	1.0000002e-14
4	65830	4.203827433525	1.0000002e-14
4	65834	4.203879867446	1.0000002e-14
4	65844	4.204853643385	1.0000002e-14
4	65848	4.204888831623	1.0000002e-14
4	65861	4.20585084668	1.0000002e-14
4	65865	4.205894160481	1.0000002e-14
4	65875	4.206824322007	1.0000002e-14
4	65879	4.206845899398	1.0000002e-14
4	65892	4.207805564122	1.0000002e-14
4	65896	4.207827970967	1.0000002e-14
4	65906	4.208822184772	1.0000002e-14
4	65910	4.208823300573	1.0000002e-14
4	65923	4.209777837198	1.0000002e-14
4	65927	4.209814996178	1.0000002e-14
4	65937	4.21077843156	1.0000002e-14
4	65941	4.210860023953	2.8707864792545e-12
4	65957	4.211814037504	1.0000002e-14
4	65961	4.211883993038	1.0000002e-14
4	65968	4.212791961305	1.0000002e-14
4	65972	4.212890890137	1.8806287513689e-13
4	65985	4.213767422948	1.0000002e-14
4	65989	4.213843001103	1.0000002e-14
4	65999	4.21476637967	1.0000002e-14
4	66003	4.214802911586	1.0000002e-14
4	66016	4.215799968257	1.0000002e-14
4	66020	4.215804701768	1.0000002e-14
4	66030	4.216771600273	1.0000002e-14
4	66034	4.216789517696	1.0000002e-14
4	66047	4.217723521412	1.0000002e-14
4	66051	4.217823020255	1.0000002e-14
4	66061	4.218746435473	1.0000002e-14
4	66065	4.21883575204	1.0000002e-14
4	66081	4.219756053806	1.0000002e-14
4	66085	4.219852491089	1.0000002e-14
4	66095	4.220714001227	5.9140501695467e-14
4	66099	4.220877633472	1.2658116981658e-12
4	66109	4.22171009822	1.0000002e-14
4	66116	4.221849986943	1.0000002e-14
4	66126	4.222664212181	1.0000002e-14
4	66130	4.22288127988	1.0000002e-14
4	66140	4.223634759463	1.0000002e-14
4	66150	4.22386994522	1.0000002e-14
4	66157	4.22464321049	1.0000002e-14
4	66161	4.224851183358	1.0000002e-14
4	66171	4.225597109325	1.0000002e-14
4	66178	4.225824296476	1.3958722489675e-14
4	66188	4.226605054447	3.7352918357073e-10
4	66192	4.226779324328	1.0000002e-14
4	66202	4.227569146733	1.0000002e-14
4	66209	4.227777478143	1.0000002e-14
4	66219	4.22859084253	1.0000002e-14
4	66226	4.228786151491	1.0000002e-14
4	66233	4.229575960526	1.0000002e-14
4	66243	4.229800760176	1.0000002e-14
4	66250	4.230616689476	1.0000002e-14
4	66257	4.230756696698	1.0000002e-14
4	66267	4.231662284969	1.0000002e-14
4	66274	4.231788500628	1.0000002e-14
4	66284	4.232647003457	1.0000002e-14
4	66288	4.232834043804	1.0000002e-14
4	66298	4.233663872288	1.0000002e-14
4	66302	4.233848361486	1.0000002e-14
4	66315	4.234660926961	1.0000002e-14
4	66319	4.234897230983	1.0000002e-14
4	66329	4.235689792304	1.0000002e-14
4	66336	4.235913747731	1.0000002e-14
4	66346	4.236642216942	1.0000002e-14
4	66350	4.236890125043	1.0000002e-14
4	66363	4.237658812045	1.0000002e-14
4	66367	4.23785506028	1.0000002e-14
4	66380	4.238637620217	1.0000002e-14
4	66387	4.23887262039	1.7741422738124e-14
4	66397	4.239662697791	1.0000002e-14
4	66401	4.239823918837	1.0000002e-14
4	66408	4.240692197517	1.0000002e-14
4	66418	4.240841920917	1.0000002e-14
4	66425	4.241684937176	1.0000002e-14
4	66432	4.241821047688	1.0000002e-14
4	66442	4.242685289689	1.0000002e-14
4	66446	4.242795694108	1.0000002e-14
4	66459	4.243716700848	1.0000002e-14
4	66463	4.243785647131	1.0000002e-14
4	66470	4.244724619115	1.0000002e-14
4	66477	4.244765005224	1.0000002e-14
4	66487	4.245747913941	1.0000002e-14
4	66491	4.245748892455	1.0000002e-14
4	66507	4.246733475543	1.0000002e-14
4	66511	4.2467672551	1.0000002e-14
4	66518	4.247691641489	1.0000002e-14
4	66522	4.24775564285	1.0000002e-14
4	66538	4.248715041829	1.0000002e-14
4	66542	4.248785783564	1.0000002e-14
4	66549	4.249729350106	1.0000002e-14
4	66553	4.249765466147	1.0000002e-14
4	66568	4.250729023948	1.0000002e-14
4	66575	4.250798641522	1.0000002e-14
4	66582	4.251690107565	1.0000002e-14
4	66586	4.251760820431	1.0000002e-14
4	66599	4.252674606009	1.0000002e-14
4	66603	4.252802795397	1.0000002e-14
4	66613	4.253703382492	1.0000002e-14
4	66617	4.253818364278	1.0000002e-14
4	66630	4.254693009303	1.0000002e-14
4	66637	4.254835673295	1.0000002e-14
4	66644	4.255693993649	1.0000002e-14
4	66648	4.25586818657	1.0000002e-14
4	66661	4.256727070458	1.0000002e-14
4	66665	4.256839352544	1.0000002e-14
4	66675	4.257714970781	8.5174757234296e-08
4	66679	4.257825539052	1.0000002e-14
4	66689	4.25869983849	1.0000002e-14
4	66699	4.258779188654	1.0000002e-14
4	66709	4.259743185632	1.0000002e-14
4	66713	4.259808532626	1.0000002e-14
4	66726	4.260755934752	1.0000002e-14
4	66730	4.260806757338	1.0000002e-14
4	66740	4.261771142922	1.0000002e-14
4	66744	4.261845955437	1.0000002e-14
4	66757	4.262736825948	1.0000002e-14
4	66761	4.262821657635	1.0000002e-14
4	66768	4.263770455503	1.0000002e-14
4	66775	4.26384783383	1.0000002e-14
4	66788	4.264799072217	1.0000002e-14
4	66792	4.264800161751	1.0000002e-14
4	66799	4.2657710786	1.0000002e-14
4	66803	4.265772317193	1.0000002e-14
4	66819	4.266767402548	1.0000002e-14
4	66823	4.266791892908	1.0000002e-14
4	66833	4.267762887849	1.0000002e-14
4	66837	4.267782661874	1.0000002e-14
4	66850	4.268783585953	1.0000002e-14
4	66854	4.268794378165	1.0000002e-14
4	66864	4.269760122311	1.0000002e-14
4	66868	4.269806658992	1.0000002e-14
4	66881	4.270756729985	1.0000002e-14
4	66885	4.270780797315	1.0000002e-14
4	66892	4.271712060456	1.0000002e-14
4	66899	4.271806485835	1.0000002e-14
4	66909	4.272708368366	1.0000002e-14
4	66916	4.272760686604	1.0000002e-14
4	66923	4.27371573953	1.0000002e-14
4	66927	4.273741441515	1.0000002e-14
4	66943	4.274700320746	1.0000002e-14
4	66947	4.274761196908	2.9752451360691e-11
4	66954	4.275704086737	1.0000002e-14
4	66958	4.275717880533	1.0000002e-14
4	66974	4.276726557638	1.0000002e-14
4	66978	4.27676190789	1.0000002e-14
4	66985	4.277730596549	2.3001272546186e-14
4	66989	4.27777905915	1.0000002e-14
4	67008	4.278737460406	1.5156965692383e-10
4	67012	4.278806344048	1.0000002e-14
4	67022	4.279768613567	7.8565090330995e-11
4	67026	4.279823208752	1.0000002e-14
4	67039	4.280736652066	1.0000002e-14
4	67043	4.280815348205	1.0000002e-14
4	67053	4.281777584674	1.0000002e-14
4	67057	4.281803236436	1.0000002e-14
4	67067	4.282772760778	4.331080856441e-10
4	67074	4.282829705109	1.0000002e-14
4	67084	4.283744776239	1.0000002e-14
4	67088	4.283800421897	1.0000002e-14
4	67101	4.284763498864	1.0000002e-14
4	67105	4.284791162073	1.0000002e-14
4	67115	4.285813322769	1.0000002e-14
4	67119	4.285840440701	1.0000002e-14
4	67132	4.286790819453	1.0000002e-14
4	67136	4.286821681879	1.0000002e-14
4	67146	4.287822136176	1.8317993256476e-08
4	67150	4.287852149801	1.0000002e-14
4	67160	4.28881313315	1.0000002e-14
4	67164	4.28884372267	1.0000002e-14
4	67177	4.289827147801	1.0000002e-14
4	67181	4.289860888298	1.0000002e-14
4	67194	4.290843511261	2.6985818307393e-13
4	67198	4.29084746465	1.0000002e-14
4	67208	4.291794444665	1.0000002e-14
4	67212	4.291816632183	1.0000002e-14
4	67225	4.292813693202	1.0000002e-14
4	67229	4.292851491162	1.0000002e-14
4	67239	4.293808979892	1.0000002e-14
4	67243	4.293857990436	1.0000002e-14
4	67253	4.294763600677	1.0000002e-14
4	67260	4.294904322102	1.0000002e-14
4	67270	4.295763022101	1.0000002e-14
4	67274	4.295869740129	1.0000002e-14
4	67284	4.296800479198	1.0000002e-14
4	67288	4.296855665559	1.0000002e-14
4	67301	4.297830184151	1.0000002e-14
4	67305	4.297878502831	1.0000002e-14
4	67315	4.298799785929	4.7412086194864e-14
4	67319	4.298849466501	1.0000002e-14
4	67335	4.299772174031	1.0000002e-14
4	67339	4.299840936199	1.0000002e-14
4	67349	4.300793872719	1.0000002e-14
4	67353	4.300800793227	1.0000002e-14
4	67366	4.301755074448	1.0000002e-14
4	67370	4.301782260192	1.0000002e-14
4	67383	4.302740221609	5.9214432886022e-14
4	67387	4.302771417778	1.0000002e-14
4	67397	4.303732471673	1.0000002e-14
4	67401	4.303794402258	1.0000002e-14
4	67414	4.304710945025	1.0000002e-14
4	67418	4.30481392689	1.0000002e-14
4	67428	4.305713933338	1.0000002e-14
4	67432	4.305824648085	1.0000002e-14
4	67445	4.306702124442	1.0000002e-14
4	67449	4.306792492392	1.0000002e-14
4	67459	4.307661192427	1.0000002e-14
4	67463	4.307835691192	1.0000002e-14
4	67476	4.308654967847	1.0000002e-14
4	67480	4.308848830421	1.0000002e-14
4	67490	4.309621513966	1.0000002e-14
4	67494	4.309844169841	1.0000002e-14
4	67507	4.310651347442	1.0000002e-14
4	67514	4.310847720451	1.0000002e-14
4	67521	4.311659319016	1.0000002e-14
4	67525	4.311822411719	1.0000002e-14
4	67538	4.312680269886	1.0000002e-14
4	67545	4.312804205541	1.0000002e-14
4	67552	4.313648092065	1.0000002e-14
4	67559	4.313797621564	1.0000002e-14
4	67569	4.314607181933	1.0000002e-14
4	67576	4.314844737051	1.0000002e-14
4	67583	4.315603912586	1.0000002e-14
4	67596	4.315885067368	1.0000002e-14
4	67603	4.31662856258	1.0000002e-14
4	67607	4.316881416092	1.0000002e-14
4	67617	4.317675568338	1.0000002e-14
4	67621	4.317909301247	2.4817848888739e-14
4	67637	4.318684300547	1.0000002e-14
4	67641	4.318945505643	1.0000002e-14
4	67648	4.319634380233	1.0000002e-14
4	67658	4.319942079318	1.0000002e-14
4	67668	4.320672019691	7.4079410410364e-14
4	67672	4.320941760237	1.0000002e-14
4	67679	4.32169047618	1.0000002e-14
4	67686	4.321931954213	1.0000002e-14
4	67699	4.322728938807	1.0000002e-14
4	67703	4.322957095894	1.0000002e-14
4	67713	4.323773316693	1.0000002e-14
4	67717	4.32396441128	1.0000002e-14
4	67730	4.324727300038	1.0000002e-14
4	67734	4.324942727842	1.0000002e-14
4	67744	4.32571821496	1.0000002e-14
4	67748	4.32592106307	1.0000002e-14
4	67761	4.326718931753	1.0000002e-14
4	67765	4.326896423336	1.0000002e-14
4	67775	4.327753223808	1.0000002e-14
4	67779	4.327889725378	1.0000002e-14
4	67792	4.328770678842	1.0000002e-14
4	67796	4.328840663035	1.0000002e-14
4	67806	4.329751253198	1.0000002e-14
4	67810	4.329869423873	1.0000002e-14
4	67823	4.330770597812	1.0000002e-14
4	67827	4.330858932038	1.4646506025919e-11
4	67837	4.331721064023	1.0000002e-14
4	67841	4.331891248135	1.0000002e-14
4	67854	4.332730020019	1.0000002e-14
4	67858	4.33286396706	1.0000002e-14
4	67868	4.333729529831	1.0000002e-14
4	67872	4.333869741444	1.0000002e-14
4	67885	4.334735646676	1.0000002e-14
4	67892	4.334853713225	1.0000002e-14
4	67896	4.335708010578	1.0000002e-14
4	67903	4.335849738264	1.0000002e-14
4	67919	4.336673593546	1.0000002e-14
4	67923	4.33685200029	1.0000002e-14
4	67930	4.337673991291	1.0000002e-14
4	67934	4.337817575811	1.2021489736461e-11
4	67947	4.338638323867	3.0538180934247e-14
4	67957	4.338805782475	1.0000002e-14
4	67964	4.339620091526	1.5901791974545e-14
4	67968	4.33981789579	1.0000002e-14
4	67978	4.340623600661	1.0485313703198e-14
4	67985	4.340784909323	1.0000002e-14
4	67995	4.341619770411	1.0000002e-14
4	67999	4.341773479163	1.0000002e-14
4	68012	4.342590734651	1.0000002e-14
4	68016	4.34279494687	1.0000002e-14
4	68023	4.343542483145	1.0000002e-14
4	68030	4.343840672334	1.0000002e-14
4	68043	4.34452156644	1.0000002e-14
4	68047	4.344795291134	1.0000002e-14
4	68057	4.345512021107	1.7017227691788e-11
4	68061	4.34579134774	1.0000002e-14
4	68074	4.346523235789	1.0000002e-14
4	68078	4.346825654311	1.0000002e-14
4	68088	4.347562232159	1.0000002e-14
4	68092	4.347806037833	1.0000002e-14
4	68105	4.348578416336	1.0000002e-14
4	68109	4.34879249761	1.0000002e-14
4	68119	4.349575349181	4.1329191178212e-14
4	68123	4.349749102597	1.0000002e-14
4	68136	4.350590516397	1.0000002e-14
4	68140	4.350780722454	1.511827433637e-14
4	68147	4.351606039267	1.0000002e-14
4	68154	4.351761654266	1.0000002e-14
4	68167	4.35263366757	1.0000002e-14
4	68171	4.352778042921	1.0000002e-14
4	68181	4.353652803345	1.0000002e-14
4	68185	4.353826326362	1.0000002e-14
4	68198	4.354633260764	1.0000002e-14
4	68202	4.354858573099	1.0000002e-14
4	68212	4.355680177789	1.0000002e-14
4	68216	4.355893358565	1.0000002e-14
4	68229	4.356685681941	1.0000002e-14
4	68233	4.356910665434	1.0000002e-14
4	68243	4.357655210535	1.3880242948049e-14
4	68250	4.357908442422	1.0000002e-14
4	68263	4.358633866021	1.0000002e-14
4	68267	4.358919951608	1.0000002e-14
4	68274	4.359597986149	1.0000002e-14
4	68281	4.359928854011	1.0000002e-14
4	68294	4.360555339183	1.0000002e-14
4	68298	4.360940052525	1.0000002e-14
4	68305	4.361601780222	1.0000002e-14
4	68315	4.361984036535	1.0000002e-14
4	68325	4.362555952067	1.0000002e-14
4	68332	4.363003489451	1.0000002e-14
4	68336	4.363558087593	1.0000002e-14
4	68346	4.363988678559	1.0000002e-14
4	68356	4.364563707644	1.0000002e-14
4	68360	4.365025698811	1.0000002e-14
4	68373	4.365567121802	1.0000002e-14
4	68377	4.36607369035	1.0000002e-14
4	68387	4.366569842487	1.0000002e-14
4	68391	4.367118275528	1.0000002e-14
4	68404	4.367587738768	1.0000002e-14
4	68408	4.368071602711	1.0000002e-14
4	68418	4.368561379572	1.0000002e-14
4	68422	4.369060810864	1.0000002e-14
4	68435	4.369585533522	1.0000002e-14
4	68442	4.370066813476	1.0000002e-14
4	68449	4.370572007212	1.0000002e-14
4	68453	4.371075056297	1.0000002e-14
4	68463	4.371539269966	1.0000002e-14
4	68473	4.372069656408	1.0000002e-14
4	68480	4.372492601547	1.0000002e-14
4	68487	4.373116167189	1.0000002e-14
4	68497	4.373442778696	1.0000002e-14
4	68504	4.374107860827	1.0000002e-14
4	68511	4.374433303864	1.0000002e-14
4	68518	4.375092969446	3.0539811892612e-14
4	68522	4.375433453354	1.0000002e-14
4	68535	4.3761266404	1.0000002e-14
4	68542	4.376442913797	1.0000002e-14
4	68549	4.377108354913	1.0000002e-14
4	68556	4.377409329846	1.0000002e-14
4	68572	4.378124138719	1.0000002e-14
4	68576	4.378387272477	1.0000002e-14
4	68583	4.379086495133	1.1815388821644e-13
4	68593	4.379406207709	1.0000002e-14
4	68600	4.380064484416	1.0000002e-14
4	68607	4.380409276058	6.5482831701877e-13
4	68611	4.381016452951	1.0000002e-14
4	68624	4.381409688509	1.0000002e-14
4	68631	4.381986819587	2.3907678279196e-11
4	68638	4.382452826221	1.0000002e-14
4	68642	4.383000686711	1.0000002e-14
4	68655	4.383490738923	1.0000002e-14
4	68662	4.384022928288	1.0000002e-14
4	68669	4.384478688811	1.0000002e-14
4	68673	4.384974316741	1.0000002e-14
4	68686	4.385440389252	1.0000002e-14
4	68696	4.385927320041	1.0000002e-14
4	68700	4.386465758345	1.0000002e-14
4	68710	4.386974474792	1.0000002e-14
4	68717	4.387445170642	1.0000002e-14
4	68727	4.38799655849	1.0000002e-14
4	68731	4.388435703072	1.0000002e-14
4	68741	4.38901518981	1.0000002e-14
4	68748	4.389424707633	2.8257332142577e-13
4	68758	4.390009224782	1.0000002e-14
4	68762	4.390451019739	1.5912775320438e-14
4	68772	4.391044067576	1.0000002e-14
4	68779	4.391411824436	1.0000002e-14
4	68789	4.392014624653	1.0000002e-14
4	68793	4.392387064126	1.0000002e-14
4	68803	4.393017438818	1.0000002e-14
4	68810	4.393362182319	1.0000002e-14
4	68820	4.394044855922	1.0000002e-14
4	68824	4.394401178675	1.0000002e-14
4	68834	4.395019624711	1.0000002e-14
4	68838	4.395355819626	1.0000002e-14
4	68851	4.39604149091	1.0000002e-14
4	68855	4.396358616973	1.0000002e-14
4	68862	4.397054119357	1.0000002e-14
4	68869	4.397332667327	1.0000002e-14
4	68885	4.398024101317	1.0000002e-14
4	68889	4.39834198727	1.0000002e-14
4	68899	4.399035175351	1.0000002e-14
4	68903	4.399329652873	1.0000002e-14
4	68916	4.400083394915	1.070441832115e-11
4	68920	4.400322353573	1.0000002e-14
4	68927	4.401105461994	1.0000002e-14
4	68934	4.401337503352	1.0000002e-14
4	68947	4.402094128711	1.0000002e-14
4	68951	4.402317412175	1.0000002e-14
4	68955	4.403133061982	1.0000002e-14
4	68965	4.403353740584	1.0000002e-14
4	68978	4.404164787289	1.0000002e-14
4	68982	4.404324825676	1.0000002e-14
4	68992	4.40520026934	1.0000002e-14
4	68999	4.405333253891	1.0000002e-14
4	69009	4.406243131585	1.0000002e-14
4	69013	4.406350026193	1.0000002e-14
4	69023	4.407248515291	1.0000002e-14
4	69027	4.407302143864	1.0000002e-14
4	69040	4.40826231322	1.0000002e-14
4	69044	4.40827491649	1.0000002e-14
4	69054	4.409303952361	1.0000002e-14
4	69058	4.409304075212	1.0000002e-14
4	69071	4.410290299932	1.0000002e-14
4	69075	4.410339642384	1.0000002e-14
4	69082	4.411311797721	1.0000002e-14
4	69092	4.411377519705	1.0000002e-14
4	69102	4.412330513008	1.0000002e-14
4	69106	4.412373282464	1.0000002e-14
4	69113	4.413310174198	1.0000002e-14
4	69123	4.413395904035	1.0000002e-14
4	69133	4.41433661556	1.0000002e-14
4	69137	4.414443024645	1.0000002e-14
4	69150	4.415362725866	1.0000002e-14
4	69154	4.415422643851	1.0000002e-14
4	69164	4.416345460418	1.0000002e-14
4	69168	4.416429187601	1.0000002e-14
4	69175	4.417305664072	1.0000002e-14
4	69179	4.417390505981	1.0000002e-14
4	69198	4.41826650444	1.0000002e-14
4	69202	4.418389210832	1.0000002e-14
4	69212	4.41930754662	2.3476036355584e-12
4	69216	4.419368965163	1.0000002e-14
4	69229	4.420271837224	1.0000002e-14
4	69233	4.420387027117	1.0000002e-14
4	69240	4.421260034127	1.0000002e-14
4	69247	4.421403103422	1.0000002e-14
4	69260	4.422269710896	1.0000002e-14
4	69264	4.422386339107	1.0000002e-14
4	69274	4.423257262582	1.0000002e-14
4	69278	4.423392397981	1.0000002e-14
4	69291	4.424293007911	1.0000002e-14
4	69295	4.42443342311	1.0000002e-14
4	69305	4.425336584896	1.0000002e-14
4	69309	4.425462918328	1.0000002e-14
4	69322	4.426298700558	1.0000002e-14
4	69326	4.426473171423	1.0000002e-14
4	69333	4.427326673308	1.0000002e-14
4	69337	4.427446275602	1.0000002e-14
4	69353	4.428304516787	1.0000002e-14
4	69357	4.42843844448	1.0000002e-14
4	69367	4.429314655097	1.0000002e-14
4	69371	4.429442073619	1.0000002e-14
4	69384	4.430343222502	1.0000002e-14
4	69388	4.430448475702	1.0000002e-14
4	69398	4.431359634414	1.0000002e-14
4	69402	4.431434471057	1.0000002e-14
4	69415	4.432347833226	1.0000002e-14
4	69419	4.432428785264	1.0000002e-14
4	69429	4.4333033991	1.0000002e-14
4	69436	4.433416670951	1.0000002e-14
4	69446	4.434352931987	1.0000002e-14
4	69450	4.434415948801	1.0000002e-14
4	69463	4.435345174893	1.0000002e-14
4	69467	4.435420537837	1.0000002e-14
4	69477	4.436321750783	1.0000002e-14
4	69481	4.436420760799	1.0000002e-14
4	69491	4.437302954697	1.0000002e-14
4	69495	4.437452766778	1.0000002e-14
4	69511	4.438297726144	1.0000002e-14
4	69515	4.438480675724	1.0000002e-14
4	69525	4.439255482844	1.0000002e-14
4	69529	4.439467208404	1.0000002e-14
4	69542	4.440253704972	1.0000002e-14
4	69546	4.440448009688	1.0000002e-14
4	69556	4.441214408892	1.0000002e-14
4	69560	4.441428262535	1.0000002e-14
4	69573	4.442172623639	1.0000002e-14
4	69577	4.442378922796	1.0000002e-14
4	69587	4.443158383327	1.0000002e-14
4	69591	4.443357681231	1.0000002e-14
4	69604	4.444195398995	1.0000002e-14
4	69608	4.444317017839	1.0000002e-14
4	69618	4.44514911594	1.0000002e-14
4	69622	4.445345067684	1.0000002e-14
4	69635	4.446101993684	1.0000002e-14
4	69639	4.446333190223	1.0000002e-14
4	69649	4.44713743474	1.0000002e-14
4	69653	4.447351624435	1.0000002e-14
4	69666	4.44811395221	1.0000002e-14
4	69670	4.448398126308	1.0000002e-14
4	69677	4.449151115079	1.0000002e-14
4	69684	4.449349071286	1.8739589554227e-12
4	69697	4.450177214034	1.0000002e-14
4	69701	4.450322855286	1.0000002e-14
4	69708	4.451177203907	1.0000002e-14
4	69712	4.45132136093	1.0000002e-14
4	69725	4.452219879843	1.0000002e-14
4	69729	4.452311724183	1.0000002e-14
4	69739	4.453246151196	1.0000002e-14
4	69743	4.453352167523	1.0000002e-14
4	69756	4.454255973702	1.0000002e-14
4	69763	4.454357955838	1.0000002e-14
4	69770	4.455252671228	1.0000002e-14
4	69777	4.455365197359	4.3099922185342e-14
4	69790	4.456206365236	8.7099913489123e-11
4	69794	4.456334376459	1.0000002e-14
4	69801	4.457197364155	1.0000002e-14
4	69805	4.457353279362	1.0000002e-14
4	69821	4.458241077398	1.0000002e-14
4	69828	4.458393553976	4.8395624477834e-11
4	69835	4.459270585337	1.0000002e-14
4	69839	4.459408569041	1.0000002e-14
4	69852	4.460253920586	5.1660928700834e-11
4	69859	4.460453306331	1.0000002e-14
4	69866	4.461209654973	1.0000002e-14
4	69876	4.461500376315	1.0000002e-14
4	69883	4.462251019559	1.0000002e-14
4	69890	4.462480925841	1.0000002e-14
4	69894	4.463242232376	1.0000002e-14
4	69904	4.463458239427	1.0000002e-14
4	69917	4.464288517343	1.0000002e-14
4	69921	4.464495767133	1.0000002e-14
4	69928	4.465247887704	1.0000002e-14
4	69938	4.465509846448	1.0000002e-14
4	69945	4.466206556212	1.0000002e-14
4	69952	4.466470249175	1.0000002e-14
4	69959	4.467224921538	1.0000002e-14
4	69969	4.467456345192	1.0000002e-14
4	69976	4.468196933689	1.0000002e-14
4	69983	4.468484060929	1.0000002e-14
4	69990	4.469221265785	1.0000002e-14
4	70000	4.469480339876	1.0000002e-14
4	70007	4.470227652018	1.0000002e-14
4	70014	4.47050023429	1.0000002e-14
4	70024	4.471210079356	1.0000002e-14
4	70031	4.471537684152	1.0000002e-14
4	70041	4.47225544992	1.0000002e-14
4	70045	4.472495051336	1.0000002e-14
4	70055	4.473214818513	1.0000002e-14
4	70059	4.473542548725	1.0000002e-14
4	70069	4.474192747007	1.0000002e-14
4	70076	4.474555489754	1.0000002e-14
4	70086	4.475231018995	1.0000002e-14
4	70090	4.475562128147	1.0000002e-14
4	70100	4.476185335875	1.0000002e-14
4	70107	4.476599939392	1.0000002e-14
4	70114	4.477144363073	1.0000002e-14
4	70124	4.477629068511	1.2251059640405e-12
4	70134	4.478144324471	1.0000002e-14
4	70141	4.478594451469	1.0000002e-14
4	70151	4.479161429805	1.0000002e-14
4	70158	4.479616814606	1.0000002e-14
4	70165	4.480151301597	1.0047764338691e-14
4	70172	4.480636013313	1.0000002e-14
4	70179	4.481129398922	1.0000002e-14
4	70189	4.481676999518	1.0000002e-14
4	70196	4.482112674137	1.0000002e-14
4	70203	4.482658142827	1.0000002e-14
4	70210	4.483143451244	1.0000002e-14
4	70217	4.483619905063	1.0000002e-14
4	70227	4.484149024272	1.0000002e-14
4	70234	4.484638827868	1.0000002e-14
4	70241	4.485178841009	1.0000002e-14
4	70248	4.485591685672	1.3682027938787e-14
4	70258	4.486221693125	1.0000002e-14
4	70265	4.486558747832	1.0000002e-14
4	70272	4.487253241943	1.0000002e-14
4	70279	4.487605398017	1.0000002e-14
4	70289	4.488222387376	1.0000002e-14
4	70296	4.48859118659	1.0000002e-14
4	70303	4.489229618916	1.0000002e-14
4	70310	4.489549861604	1.0000002e-14
4	70320	4.490199608698	1.0000002e-14
4	70327	4.490510348603	1.0000002e-14
4	70334	4.491211579965	1.0000002e-14
4	70341	4.491503868454	9.8778954382235e-13
4	70351	4.49216788303	1.0000002e-14
4	70358	4.492481195797	1.0000002e-14
4	70368	4.493217059542	1.0000002e-14
4	70372	4.493509925461	1.0000002e-14
4	70382	4.494170637503	1.0000002e-14
4	70389	4.494513650688	1.0000002e-14
4	70399	4.495146495755	1.0000002e-14
4	70403	4.495465925323	1.0000002e-14
4	70413	4.49615958405	1.0000002e-14
4	70420	4.496503828419	1.0000002e-14
4	70427	4.49717761935	1.0000002e-14
4	70434	4.497519670527	1.0000002e-14
4	70447	4.498198825145	1.0000002e-14
4	70454	4.498550003821	1.0000002e-14
4	70464	4.499241803608	1.0000002e-14
4	70468	4.49951196131	1.0000002e-14
4	70483	4.500218907218	1.0000002e-14
4	70487	4.500470892193	1.0000002e-14
4	70494	4.501211419545	1.0000002e-14
4	70501	4.501441907899	1.0000002e-14
4	70511	4.502216240862	1.0000002e-14
4	70518	4.502472915207	1.0000002e-14
4	70525	4.503167733911	1.0000002e-14
4	70532	4.503480503843	1.0000002e-14
4	70542	4.504169164603	1.0000002e-14
4	70549	4.504479145349	1.0000002e-14
4	70556	4.505186907788	1.0000002e-14
4	70563	4.5054368086	1.0000002e-14
4	70573	4.506167071566	1.0000002e-14
4	70577	4.506392004943	1.0000002e-14
4	70587	4.507195747459	1.0000002e-14
4	70594	4.507352473649	1.0000002e-14
4	70604	4.50824172947	1.0000002e-14
4	70608	4.508397078726	1.0000002e-14
4	70618	4.509244980871	1.0000002e-14
4	70622	4.509356380142	1.0000002e-14
4	70635	4.510248280117	1.0000002e-14
4	70639	4.510311715861	1.0000002e-14
4	70649	4.511225826628	1.1491608497928e-12
4	70653	4.511276332544	1.0000002e-14
4	70666	4.512237707817	1.0000002e-14
4	70670	4.512309066676	1.0000002e-14
4	70680	4.513228909578	1.0000002e-14
4	70684	4.513327169213	1.0000002e-14
4	70697	4.51424848953	1.0000002e-14
4	70701	4.514345048206	1.0000002e-14
4	70711	4.515249659823	1.0000002e-14
4	70715	4.515306034892	1.0000002e-14
4	70728	4.516210053774	1.0000002e-14
4	70732	4.516273265887	1.1913305881727e-13
4	70742	4.517195386247	1.0000002e-14
4	70746	4.517252459503	1.0000002e-14
4	70762	4.518155536406	1.0000002e-14
4	70766	4.51824314203	1.0000002e-14
4	70776	4.519113477095	1.0000002e-14
4	70780	4.519233063254	1.0000002e-14
4	70793	4.520095178151	1.0000002e-14
4	70797	4.520211869193	1.0000002e-14
4	70807	4.521085195182	1.0000002e-14
4	70814	4.521256865982	1.0000002e-14
4	70824	4.522071771929	1.0000002e-14
4	70828	4.522271863214	1.0000002e-14
4	70838	4.52303978139	1.0000002e-14
4	70845	4.523232709856	1.0000002e-14
4	70855	4.524060195063	1.0000002e-14
4	70859	4.524278334757	1.0000002e-14
4	70869	4.525041405829	1.0000002e-14
4	70876	4.525289732805	1.0000002e-14
4	70886	4.526022663126	2.1283081106068e-11
4	70890	4.526253177683	1.0000002e-14
4	70900	4.527008075137	1.6638827415658e-14
4	70907	4.527268678635	1.0000002e-14
4	70917	4.528030773033	1.0000002e-14
4	70921	4.528305988655	1.0000002e-14
4	70931	4.529031037771	1.0000002e-14
4	70941	4.529327575404	1.0000002e-14
4	70948	4.529996464842	1.0000002e-14
4	70952	4.530310860607	1.0000002e-14
4	70962	4.531031503722	1.0000002e-14
4	70969	4.531303205761	1.0000002e-14
4	70979	4.532081179578	1.0000002e-14
4	70983	4.532282877919	1.0000002e-14
4	70993	4.533085784551	1.0000002e-14
4	70997	4.533285134671	1.0000002e-14
4	71010	4.534125017897	1.0000002e-14
4	71014	4.534312191683	1.0000002e-14
4	71024	4.535099596614	1.0000002e-14
4	71028	4.535349700202	1.0000002e-14
4	71041	4.536096437665	1.0000002e-14
4	71045	4.536308466985	5.7795972603233e-14
4	71055	4.537071204951	1.0000002e-14
4	71059	4.537337464429	1.0000002e-14
4	71075	4.538101610307	1.0000002e-14
4	71079	4.538322003361	1.0000002e-14
4	71089	4.539111054399	1.0000002e-14
4	71093	4.539352801941	1.0000002e-14
4	71106	4.540127883768	1.0000002e-14
4	71110	4.540305078953	1.0000002e-14
4	71120	4.541166425211	1.0000002e-14
4	71124	4.541341917615	1.0000002e-14
4	71137	4.542151404337	1.0000002e-14
4	71141	4.542370995103	1.0000002e-14
4	71148	4.543122108205	1.0000002e-14
4	71158	4.543409933641	1.0000002e-14
4	71168	4.544072192245	1.0000002e-14
4	71172	4.544409344238	5.2922314250641e-06
4	71179	4.545062415642	1.0000002e-14
4	71192	4.545401729391	1.0000002e-14
4	71199	4.546073830762	1.0000002e-14
4	71203	4.546426838009	1.0000002e-14
4	71210	4.547109459241	1.0000002e-14
4	71217	4.547410134629	1.0000002e-14
4	71230	4.54812153898	1.0000002e-14
4	71234	4.548423710763	1.0000002e-14
4	71241	4.549073094372	1.1038331800184e-12
4	71248	4.549402898306	1.0000002e-14
4	71261	4.550048600832	1.0000002e-14
4	71268	4.55040615492	1.0000002e-14
4	71272	4.550998710648	1.0000002e-14
4	71282	4.551442986007	1.0000002e-14
4	71292	4.552013000341	1.923339075039e-14
4	71299	4.552404114935	1.0000002e-14
4	71303	4.553011412195	1.0000002e-14
4	71313	4.553432426982	1.0000002e-14
4	71323	4.553984946622	1.0000002e-14
4	71330	4.554386611186	1.0000002e-14
4	71334	4.554943993186	1.0000002e-14
4	71344	4.555426574814	1.0000002e-14
4	71354	4.555958353544	1.0000002e-14
4	71361	4.55643975256	1.0000002e-14
4	71365	4.55699844387	1.0000002e-14
4	71384	4.557487070621	1.0000002e-14
4	71388	4.557973828405	1.0000002e-14
4	71395	4.558525559233	1.0000002e-14
4	71399	4.558995283677	1.0000002e-14
4	71415	4.559537779899	1.0000002e-14
4	71419	4.559959007338	1.0000002e-14
4	71426	4.5604932659	1.0000002e-14
4	71430	4.56095407742	1.0000002e-14
4	71446	4.561489867726	1.0000002e-14
4	71450	4.561920607381	1.1346802677788e-14
4	71457	4.562475448289	1.0000002e-14
4	71461	4.562966132047	1.0000002e-14
4	71477	4.563500713173	1.0000002e-14
4	71481	4.563956105366	1.0000002e-14
4	71488	4.564451247024	1.0000002e-14
4	71492	4.56498222064	1.0000002e-14
4	71499	4.565433318203	1.0000002e-14
4	71512	4.565978233849	1.0000002e-14
4	71519	4.56647643762	1.0000002e-14
4	71523	4.567006774987	1.0000002e-14
4	71536	4.567442760859	1.0000002e-14
4	71543	4.568040234355	1.0000002e-14
4	71550	4.568486193628	1.0000002e-14
4	71554	4.569005657229	1.0000002e-14
4	71564	4.569461262422	1.0000002e-14
4	71574	4.570042771843	1.0000002e-14
4	71581	4.57042375958	1.0000002e-14
4	71585	4.571025655005	1.0000002e-14
4	71592	4.571425778635	1.0000002e-14
4	71605	4.572074966185	2.1639990099592e-14
4	71612	4.572447150688	1.0000002e-14
4	71616	4.573096683334	1.0000002e-14
4	71623	4.573449036994	1.0000002e-14
4	71639	4.57413296365	1.0000002e-14
4	71643	4.574427030927	1.0000002e-14
4	71647	4.575175810754	1.0000002e-14
4	71651	4.575415550176	1.0000002e-14
4	71667	4.576127857564	1.0000002e-14
4	71674	4.576373069388	1.0000002e-14
4	71678	4.577085586851	1.0000002e-14
4	71685	4.577335570745	1.0000002e-14
4	71695	4.578105694535	1.0000002e-14
4	71705	4.578303767113	1.0000002e-14
4	71712	4.579147573248	2.4876690682253e-08
4	71719	4.579340730028	1.0000002e-14
4	71732	4.580192121543	1.0000002e-14
4	71739	4.5803309217	8.6725642858856e-10
4	71743	4.581179916011	1.0000002e-14
4	71750	4.581358129886	1.0000002e-14
4	71760	4.582156692753	1.0000002e-14
4	71770	4.582408101976	1.0000002e-14
4	71774	4.583135164666	1.0000002e-14
4	71784	4.58338445434	1.0000002e-14
4	71794	4.584177172205	1.0000002e-14
4	71801	4.584361154681	1.0000002e-14
4	71805	4.585184475857	1.0000002e-14
4	71815	4.585387185129	1.0000002e-14
4	71825	4.586232842596	1.0000002e-14
4	71832	4.586423614293	1.0000002e-14
4	71842	4.587274891686	1.0000002e-14
4	71846	4.587431812864	1.0000002e-14
4	71856	4.588281761689	1.0000002e-14
4	71860	4.588389365454	1.0000002e-14
4	71870	4.589279834643	1.0000002e-14
4	71874	4.589352423454	8.5176746444479e-11
4	71887	4.590289865328	1.0000002e-14
4	71891	4.590364471358	2.5357419974275e-12
4	71901	4.591315313703	1.0000002e-14
4	71908	4.591365676916	2.5695882556291e-13
4	71918	4.592319178333	1.0000002e-14
4	71922	4.592337949797	1.0000002e-14
4	71932	4.593284009505	8.977536767616e-14
4	71936	4.59334034208	1.0000002e-14
4	71949	4.594245838062	1.0000002e-14
4	71953	4.59433731886	1.0000002e-14
4	71963	4.595222880645	1.8302389575443e-11
4	71970	4.5953130637	1.0000002e-14
4	71980	4.596235245987	2.1888469787543e-11
4	71984	4.596329483478	1.0000002e-14
4	71994	4.597271968827	1.0000002e-14
4	71998	4.597355506783	1.0000002e-14
4	72014	4.598301616756	1.2601469999358e-14
4	72018	4.598307601389	1.0000002e-14
4	72028	4.599291408319	1.0000002e-14
4	72035	4.599332636241	1.0000002e-14
4	72045	4.600271397631	1.0000002e-14
4	72049	4.600320410824	1.0000002e-14
4	72059	4.601271272484	1.0000002e-14
4	72063	4.601354055793	3.81441798585e-13
4	72076	4.602229931333	1.0000002e-14
4	72080	4.602400708829	1.0000002e-14
4	72090	4.603264208583	8.4250459128324e-14
4	72097	4.603366416381	1.9278943524762e-13
4	72107	4.604254683123	1.0000002e-14
4	72111	4.604318987356	1.9749714494965e-14
4	72121	4.605238033978	6.4570090580346e-14
4	72125	4.605277304874	1.0000002e-14
4	72138	4.606199752715	1.0000002e-14
4	72142	4.606255385027	1.0000002e-14
4	72152	4.607224800416	1.0000002e-14
4	72156	4.60726612329	1.0000002e-14
4	72169	4.608258089435	1.0000002e-14
4	72173	4.60826035234	1.0000002e-14
4	72186	4.609220275703	1.0000002e-14
4	72190	4.609305341498	1.0000002e-14
4	72200	4.610175100375	3.8710534735395e-12
4	72204	4.61029208993	1.0000002e-14
4	72214	4.611220307395	1.0000002e-14
4	72221	4.611341812617	1.0000002e-14
4	72231	4.612227923706	1.0000002e-14
4	72235	4.612315208812	1.0000002e-14
4	72245	4.613210561308	1.0000002e-14
4	72252	4.613361797166	1.0000002e-14
4	72262	4.614257495656	1.0000002e-14
4	72266	4.614346224189	1.0000002e-14
4	72276	4.615282380343	1.0000002e-14
4	72280	4.615335723187	1.0000002e-14
4	72293	4.616311937012	1.0000002e-14
4	72297	4.616324517966	1.0000002e-14
4	72307	4.61734135539	1.0000002e-14
4	72311	4.617349116136	1.0000002e-14
4	72327	4.618332592943	1.0000002e-14
4	72331	4.6183890935	2.5293030731703e-12
4	72341	4.619320893495	1.0000002e-14
4	72345	4.619384794781	6.5680936809747e-14
4	72358	4.620325729584	1.0000002e-14
4	72362	4.620403852054	1.0000002e-14
4	72375	4.621324738139	1.0000002e-14
4	72379	4.621413450337	1.0000002e-14
4	72389	4.622291343123	1.0000002e-14
4	72393	4.622415203145	1.0000002e-14
4	72406	4.62331215338	1.0000002e-14
4	72413	4.62345061171	1.0000002e-14
4	72420	4.624329576583	1.0000002e-14
4	72424	4.62442224051	1.0000002e-14
4	72440	4.625364561775	1.0000002e-14
4	72444	4.625412871604	1.0000002e-14
4	72451	4.626381174861	1.0000002e-14
4	72455	4.626452441005	1.0000002e-14
4	72471	4.627387375299	1.0000002e-14
4	72475	4.62750007393	1.0000002e-14
4	72482	4.628347294362	1.0000002e-14
4	72486	4.628545775934	1.0000002e-14
4	72499	4.629342462131	1.0000002e-14
4	72506	4.629547031718	1.0000002e-14
4	72513	4.630326486182	1.0000002e-14
4	72517	4.63053410371	1.0000002e-14
4	72530	4.63134023282	1.0000002e-14
4	72537	4.631484844025	1.0000002e-14
4	72541	4.632295858379	1.0000002e-14
4	72548	4.632499027796	1.0000002e-14
4	72558	4.63331119225	1.0000002e-14
4	72568	4.633520799476	1.0000002e-14
4	72572	4.634268905011	1.0000002e-14
4	72579	4.634515829108	1.0000002e-14
4	72589	4.635311498851	1.0000002e-14
4	72599	4.635519370828	1.0000002e-14
4	72603	4.63632617364	1.0000002e-14
4	72607	4.63649740138	1.0000002e-14
4	72620	4.637361941376	1.0000002e-14
4	72627	4.637544620479	1.0000002e-14
4	72634	4.638391581615	1.0000002e-14
4	72644	4.638575590387	1.0000002e-14
4	72657	4.639352116898	1.0000002e-14
4	72664	4.639600155297	1.0000002e-14
4	72671	4.640349071112	1.0000002e-14
4	72675	4.640593085648	1.0000002e-14
4	72685	4.641307718872	1.0000002e-14
4	72695	4.641622851587	1.0000002e-14
4	72699	4.642269959896	1.0000002e-14
4	72706	4.642604835881	1.0000002e-14
4	72716	4.643308307857	1.0000002e-14
4	72726	4.643605890281	1.0000002e-14
4	72730	4.644315952121	1.0000002e-14
4	72737	4.644605333009	3.0728118396824e-11
4	72747	4.64534541111	1.0000002e-14
4	72757	4.645599236181	1.0000002e-14
4	72764	4.646355071256	1.0000002e-14
4	72768	4.646626378597	4.0093347508302e-09
4	72778	4.647366793607	1.0000002e-14
4	72788	4.647578887024	1.0000002e-14
4	72792	4.648330378436	1.0000002e-14
4	72799	4.648601803294	1.0000002e-14
4	72809	4.649292863541	1.0000002e-14
4	72816	4.649553015971	1.0000002e-14
4	72823	4.650279469162	1.0000002e-14
4	72827	4.650513843278	1.0000002e-14
4	72840	4.651251728774	1.0000002e-14
4	72847	4.651559528025	1.0000002e-14
4	72854	4.652240347545	6.3919334482905e-13
4	72858	4.652536766124	1.0000002e-14
4	72871	4.65325289374	1.0000002e-14
4	72878	4.653519603076	1.0000002e-14
4	72885	4.654225469692	1.0000002e-14
4	72889	4.654525233709	1.0000002e-14
4	72902	4.655227532902	1.0000002e-14
4	72909	4.655497562814	1.0000002e-14
4	72916	4.656236346946	1.0000002e-14
4	72920	4.656496295057	1.0000002e-14
4	72933	4.657205078231	1.0000002e-14
4	72940	4.657537057369	1.0000002e-14
4	72947	4.658219196026	1.0000002e-14
4	72951	4.658519455394	1.0000002e-14
4	72967	4.659221271832	1.0000002e-14
4	72977	4.659507387461	1.0351540116285e-14
4	72981	4.660263517543	1.0000002e-14
4	72985	4.660480984573	1.0000002e-14
4	73001	4.661291546556	4.4425994764442e-11
4	73005	4.6614420843	1.0000002e-14
4	73012	4.662323123503	1.0000002e-14
4	73016	4.662424275189	1.0000002e-14
4	73032	4.663320077934	1.0000002e-14
4	73036	4.663468371738	1.0000002e-14
4	73043	4.664305716022	1.0000002e-14
4	73047	4.66448425302	1.0000002e-14
4	73060	4.665313063086	1.0000002e-14
4	73070	4.665493375397	1.0000002e-14
4	73074	4.666269343067	1.0000002e-14
4	73078	4.666493498489	1.0000002e-14
4	73094	4.667273649568	1.0000002e-14
4	73101	4.667445383625	1.0000002e-14
4	73105	4.668234671379	1.0000002e-14
4	73112	4.668445922465	1.0000002e-14
4	73125	4.669186472378	1.0000002e-14
4	73132	4.669488611611	1.0000002e-14
4	73136	4.670147029563	1.0000002e-14
4	73143	4.670511304347	1.0000002e-14
4	73156	4.671168623294	1.0000002e-14
4	73163	4.671491899785	1.0000002e-14
4	73167	4.672185375672	1.0000002e-14
4	73174	4.672498688852	1.0000002e-14
4	73190	4.673168165362	1.0000002e-14
4	73194	4.673469132797	1.0000002e-14
4	73198	4.674165563373	1.0000002e-14
4	73205	4.674511412749	1.0000002e-14
4	73221	4.675133275051	1.0000002e-14
4	73225	4.675495367403	1.0000002e-14
4	73229	4.676176013227	4.8992366595533e-14
4	73236	4.676467944617	1.0000002e-14
4	73249	4.67714453881	1.0000002e-14
4	73256	4.677482526317	1.0000002e-14
4	73260	4.678161870418	1.0000002e-14
4	73270	4.678531776064	1.0000002e-14
4	73283	4.679193458609	1.0000002e-14
4	73290	4.679507864356	1.0000002e-14
4	73294	4.680154230653	1.0000002e-14
4	73301	4.680499334636	1.0000002e-14
4	73314	4.681180872581	1.0000002e-14
4	73321	4.681481361587	1.0000002e-14
4	73325	4.682228872428	1.0000002e-14
4	73332	4.682441269912	1.0000002e-14
4	73345	4.683185142219	1.764390581887e-13
4	73352	4.683436525837	1.0000002e-14
4	73356	4.684136722136	1.0000002e-14
4	73366	4.684479906309	1.0000002e-14
4	73376	4.685183735757	1.0000002e-14
4	73383	4.685491170679	1.0000002e-14
4	73387	4.686208478316	1.0000002e-14
4	73394	4.686451284156	1.0000002e-14
4	73407	4.687166725182	1.0000002e-14
4	73411	4.687415755556	1.0000002e-14
4	73418	4.688138836681	1.0000002e-14
4	73425	4.688449271277	1.0000002e-14
4	73435	4.689105762355	1.0000002e-14
4	73442	4.689440903852	1.0000002e-14
4	73449	4.690110469823	1.0000002e-14
4	73456	4.690400997812	1.0000002e-14
4	73466	4.691124828874	1.0000002e-14
4	73470	4.691362330978	1.0000002e-14
4	73480	4.692139498565	1.0000002e-14
4	73484	4.692384296956	1.0000002e-14
4	73497	4.693110761739	1.0000002e-14
4	73507	4.693415238116	1.0000002e-14
4	73511	4.694134502132	1.0000002e-14
4	73515	4.694411335358	1.0000002e-14
4	73528	4.695137143238	1.0000002e-14
4	73538	4.695454269344	1.0000002e-14
4	73542	4.696101977093	1.0000002e-14
4	73546	4.696454726467	1.0000002e-14
4	73559	4.697055863415	1.0000002e-14
4	73563	4.697423383012	8.2743685539455e-12
4	73573	4.69803733321	1.1943946805648e-14
4	73577	4.698406117144	1.0000002e-14
4	73593	4.699035845713	1.0000002e-14
4	73600	4.699382385839	1.0000002e-14
4	73607	4.700001554251	1.0000002e-14
4	73611	4.700350219665	1.0000002e-14
4	73624	4.70097760449	1.0000002e-14
4	73631	4.701361337744	1.0000002e-14
4	73638	4.702026390028	1.0000002e-14
4	73642	4.702367293157	1.0000002e-14
4	73655	4.703060086002	1.0000002e-14
4	73662	4.703376356477	1.0000002e-14
4	73669	4.704057107541	1.0000002e-14
4	73673	4.70440597382	1.0000002e-14
4	73686	4.705100716648	1.0000002e-14
4	73693	4.705397686791	1.0000002e-14
4	73700	4.706108073844	1.0000002e-14
4	73707	4.706373576211	1.0000002e-14
4	73717	4.707153473945	2.3040746809625e-14
4	73721	4.707326889685	1.0000002e-14
4	73731	4.708141620127	1.0000002e-14
4	73735	4.708318699155	1.0000002e-14
4	73748	4.709117409069	1.0000002e-14
4	73752	4.709284337684	1.0000002e-14
4	73762	4.710134858415	1.0000002e-14
4	73766	4.710331003214	1.0000002e-14
4	73779	4.711175333885	1.0000002e-14
4	73783	4.711283894005	1.0000002e-14
4	73793	4.712143062342	1.0000002e-14
4	73800	4.712308124512	1.0000002e-14
4	73807	4.713126873615	1.0000002e-14
4	73814	4.713290969069	1.0000002e-14
4	73824	4.714086050546	1.0000002e-14
4	73828	4.71431901558	1.0000002e-14
4	73838	4.715046226904	1.0000002e-14
4	73845	4.715291809223	1.0000002e-14
4	73855	4.716045382398	1.0000002e-14
4	73859	4.71630926502	1.0000002e-14
4	73866	4.717072464251	1.0000002e-14
4	73876	4.717349014273	1.0000002e-14
4	73886	4.718074169185	1.0000002e-14
4	73896	4.718354821863	1.0000002e-14
4	73903	4.71910000341	1.0000002e-14
4	73910	4.719331566016	1.0000002e-14
4	73920	4.720091176387	1.0000002e-14
4	73927	4.720332709583	1.0000002e-14
4	73937	4.721052418486	1.0000002e-14
4	73941	4.721288051886	1.0000002e-14
4	73951	4.722022395721	1.0000002e-14
4	73958	4.72225443382	1.0000002e-14
4	73962	4.723035273527	1.0000002e-14
4	73972	4.723231766857	1.0000002e-14
4	73982	4.724038722109	1.0000002e-14
4	73989	4.724189313058	1.0000002e-14
4	73996	4.725085574285	1.0000002e-14
4	74003	4.725162614606	1.0000002e-14
4	74010	4.726100378256	1.0000002e-14
4	74017	4.726153016277	1.0000002e-14
4	74027	4.727069008954	1.0000002e-14
4	74034	4.727139589694	1.0000002e-14
4	74047	4.728116430508	1.0000002e-14
4	74051	4.728173849558	1.0000002e-14
4	74061	4.729142790035	1.0000002e-14
4	74065	4.729155779675	1.0000002e-14
4	74075	4.730112941832	1.0000002e-14
4	74079	4.730135190054	1.0000002e-14
4	74092	4.731109798769	1.0000002e-14
4	74096	4.731110127148	1.0000002e-14
4	74109	4.732140130415	1.0000002e-14
4	74113	4.732156754993	1.0000002e-14
4	74123	4.733125083809	1.0000002e-14
4	74127	4.733195291554	1.0000002e-14
4	74140	4.734114322104	1.0000002e-14
4	74144	4.734169120681	1.0000002e-14
4	74154	4.735154813459	3.0492026010922e-14
4	74158	4.735160440781	1.0000002e-14
4	74171	4.736150362743	1.0000002e-14
4	74175	4.736176145541	1.0000002e-14
4	74182	4.737119410978	1.4266140301633e-13
4	74189	4.737178096571	1.0000002e-14
4	74205	4.738163506603	1.0000002e-14
4	74209	4.738181537138	1.0000002e-14
4	74216	4.739171574011	1.0000002e-14
4	74220	4.739230419665	1.0000002e-14
4	74236	4.740175376953	5.0103703230338e-14
4	74240	4.740185297916	1.0000002e-14
4	74247	4.74113223284	1.0000002e-14
4	74251	4.741216874177	1.0000002e-14
4	74267	4.742151358609	1.0000002e-14
4	74271	4.742252865419	1.0000002e-14
4	74278	4.743117215595	1.0000002e-14
4	74282	4.743233386039	1.0000002e-14
4	74298	4.744102291765	1.0000002e-14
4	74302	4.744229635585	1.0000002e-14
4	74309	4.74506146936	1.0000002e-14
4	74313	4.745274214049	1.0000002e-14
4	74329	4.746023345927	1.0000002e-14
4	74333	4.746322288701	1.0000002e-14
4	74340	4.746997889993	1.0000002e-14
4	74347	4.747334869065	1.0000002e-14
4	74360	4.748000180494	1.0000002e-14
4	74364	4.748330107171	7.0929465621286e-11
4	74368	4.749024998005	1.0000002e-14
4	74381	4.749339657789	4.6906826582226e-11
4	74393	4.750074047323	1.0000002e-14
4	74397	4.750384535639	1.0000002e-14
4	74404	4.751030415382	1.0000002e-14
4	74414	4.751365073751	1.0949715443757e-12
4	74424	4.752046153729	1.0000002e-14
4	74428	4.752372921917	1.0000002e-14
4	74435	4.75302727159	1.0000002e-14
4	74445	4.753375622682	1.0000002e-14
4	74455	4.754076397556	1.0000002e-14
4	74459	4.75433816712	1.0000002e-14
4	74466	4.75503736182	1.0000002e-14
4	74476	4.755309270219	1.0000002e-14
4	74486	4.756004355863	1.0000002e-14
4	74490	4.756271513005	1.0000002e-14
4	74497	4.7569744604	1.0000002e-14
4	74504	4.757257144463	1.0000002e-14
4	74520	4.757951371503	1.0000002e-14
4	74524	4.758209261581	1.0000002e-14
4	74531	4.758971208327	1.0000002e-14
4	74535	4.759165888829	1.0000002e-14
4	74551	4.759944495794	3.2243663100778e-11
4	74555	4.760157623167	1.0000002e-14
4	74562	4.760933818255	1.0000002e-14
4	74569	4.761176844683	2.2914964261274e-14
4	74582	4.761972551194	1.0000002e-14
4	74586	4.762157387765	1.0000002e-14
4	74593	4.762985212484	1.0000002e-14
4	74600	4.76311430181	1.0000002e-14
4	74613	4.764005571862	4.2890744387487e-13
4	74617	4.764080350613	1.0000002e-14
4	74627	4.764978458739	1.0000002e-14
4	74631	4.765064769428	1.0000002e-14
4	74644	4.765946513266	1.0000002e-14
4	74648	4.766054477141	1.1657980520637e-08
4	74655	4.766958615868	1.0000002e-14
4	74662	4.767081987918	1.0000002e-14
4	74675	4.767986466629	1.0000002e-14
4	74679	4.768083093805	2.1757789242059e-13
4	74689	4.768942493259	1.0000002e-14
4	74693	4.769045283409	1.0000002e-14
4	74706	4.769960485403	1.0000002e-14
4	74710	4.770091271447	1.0000002e-14
4	74720	4.770988458276	1.0000002e-14
4	74724	4.771120408379	1.0000002e-14
4	74737	4.771995137317	1.0000002e-14
4	74744	4.77212150934	1.0000002e-14
4	74751	4.772972677076	1.0000002e-14
4	74755	4.773150050813	1.0000002e-14
4	74768	4.77392598528	1.0000002e-14
4	74775	4.774159560292	1.0000002e-14
4	74782	4.774968518615	1.0000002e-14
4	74789	4.775191406206	1.0000002e-14
4	74799	4.775922229787	1.0000002e-14
4	74806	4.776155463956	1.0000002e-14
4	74813	4.776896894311	1.0000002e-14
4	74820	4.77713932503	1.0000002e-14
4	74833	4.777932393591	1.0000002e-14
4	74840	4.778091949916	1.0000002e-14
4	74847	4.77895552625	1.0000002e-14
4	74854	4.779114139971	1.0000002e-14
4	74864	4.779933169969	1.0000002e-14
4	74871	4.780124785001	1.0000002e-14
4	74881	4.78092774028	1.0000002e-14
4	74885	4.781119378747	1.0000002e-14
4	74895	4.781967533666	1.0000002e-14
4	74902	4.782146664381	1.0000002e-14
4	74909	4.78293923095	1.0000002e-14
4	74916	4.783144074269	1.0000002e-14
4	74923	4.783900850144	1.0000002e-14
4	74933	4.784188516212	1.0000002e-14
4	74940	4.784904641426	1.0000002e-14
4	74947	4.785190069309	1.0000002e-14
4	74951	4.78591803256	1.0000002e-14
4	74964	4.786199829823	1.0000002e-14
4	74968	4.786874492478	1.0000002e-14
4	74978	4.787174398764	1.0000002e-14
4	74985	4.787879148047	1.0000002e-14
4	74995	4.78821485707	1.0000002e-14
4	75002	4.78887976164	1.0000002e-14
4	75009	4.789229957272	1.0000002e-14
4	75019	4.789857863073	1.0000002e-14
4	75026	4.790211588104	1.0000002e-14
4	75036	4.790855079544	1.0000002e-14
4	75040	4.791173316473	1.0000002e-14
4	75050	4.791896833546	1.0000002e-14
4	75057	4.79219302415	1.0000002e-14
4	75061	4.792853509528	1.0000002e-14
4	75071	4.793216890996	1.0000002e-14
4	75078	4.793870799062	1.0000002e-14
4	75088	4.794255227119	1.0000002e-14
4	75092	4.794822408808	1.0000002e-14
4	75102	4.795298427115	1.0000002e-14
4	75109	4.795861266926	1.0000002e-14
4	75119	4.796316875092	1.0000002e-14
4	75126	4.796905464254	1.0000002e-14
4	75133	4.797331482742	3.3478438565014e-08
4	75140	4.79788944976	1.0000002e-14
4	75153	4.798296714964	1.0000002e-14
4	75160	4.798900581641	3.2919471718939e-14
4	75167	4.799303701589	1.0000002e-14
4	75174	4.799879417484	1.0000002e-14
4	75184	4.800256967913	2.4722614746382e-13
4	75191	4.800889455838	1.0000002e-14
4	75198	4.801280935714	1.0000002e-14
4	75205	4.80191302074	1.0000002e-14
4	75215	4.802303851243	1.0000002e-14
4	75222	4.802938805531	1.0000002e-14
4	75229	4.803254805772	1.0000002e-14
4	75242	4.803983023325	1.0000002e-14
4	75246	4.804298413929	1.0000002e-14
4	75253	4.805006681572	4.8204759494338e-14
4	75260	4.805331964174	1.8502299015531e-09
4	75270	4.805970885629	1.0000002e-14
4	75277	4.80633697219	1.0000002e-14
4	75284	4.806953839521	1.0000002e-14
4	75291	4.807356022814	1.0000002e-14
4	75298	4.807956410642	1.0000002e-14
4	75308	4.808334108707	1.3167394434913e-10
4	75315	4.808978714278	1.0000002e-14
4	75322	4.80934309084	1.0000002e-14
4	75332	4.809971889863	1.0000002e-14
4	75339	4.810382401578	1.0000002e-14
4	75346	4.810936974818	1.0000002e-14
4	75353	4.811369089533	1.0000002e-14
4	75360	4.811912228037	4.1750161125516e-13
4	75370	4.812394146092	1.0000002e-14
4	75380	4.812911578713	1.0000002e-14
4	75384	4.813377084132	1.0000002e-14
4	75388	4.813874221191	1.0000002e-14
4	75401	4.814413629841	1.0000002e-14
4	75408	4.814841131172	1.0000002e-14
4	75415	4.815393138727	1.0000002e-14
4	75419	4.815795315184	1.0000002e-14
4	75432	4.816423918664	1.0000002e-14
4	75439	4.816770282389	1.0000002e-14
4	75446	4.8174410702	1.0000002e-14
4	75450	4.817809938373	1.0000002e-14
4	75466	4.818431664624	1.0000002e-14
4	75473	4.81882075758	3.2308597476584e-08
4	75480	4.819390220259	1.0000002e-14
4	75484	4.819844731301	1.0000002e-14
4	75497	4.820416873957	1.0000002e-14
4	75504	4.820809403324	1.0000002e-14
4	75511	4.82145152466	1.0000002e-14
4	75515	4.821793886917	1.0000002e-14
4	75531	4.822492127507	1.0000002e-14
4	75538	4.822785797625	1.0000002e-14
4	75542	4.823503559673	1.0000002e-14
4	75546	4.823757900018	1.0000002e-14
4	75562	4.824527066923	1.0000002e-14
4	75569	4.824745740808	1.0000002e-14
4	75573	4.825522974799	1.0000002e-14
4	75580	4.825772743196	1.0000002e-14
4	75593	4.826521299212	1.0000002e-14
4	75600	4.826739553495	1.0000002e-14
4	75604	4.827501282742	1.0000002e-14
4	75611	4.827784674392	1.0000002e-14
4	75624	4.828490420532	1.0000002e-14
4	75631	4.828819607213	1.0000002e-14
4	75635	4.829481805123	1.0000002e-14
4	75639	4.829790169643	1.0000002e-14
4	75655	4.830479280683	1.0000002e-14
4	75662	4.83075466377	1.0000002e-14
4	75666	4.831457928631	1.0000002e-14
4	75670	4.831725735807	1.0000002e-14
4	75680	4.832437641653	1.0000002e-14
4	75693	4.832739492032	1.0000002e-14
4	75697	4.83343504236	1.0000002e-14
4	75701	4.833779273962	1.0000002e-14
4	75711	4.83445240187	1.0000002e-14
4	75721	4.834757697289	1.0000002e-14
4	75728	4.835481829417	1.0000002e-14
4	75732	4.835764436124	1.0000002e-14
4	75739	4.836525925251	1.0000002e-14
4	75752	4.836769099033	1.0000002e-14
4	75759	4.837515989094	1.0000002e-14
4	75763	4.837724944546	8.8318695761044e-13
4	75779	4.838559205321	1.0000002e-14
4	75786	4.83874852909	1.0000002e-14
4	75793	4.839584648978	1.0000002e-14
4	75797	4.839757993918	1.0000002e-14
4	75810	4.840577335349	1.0000002e-14
4	75817	4.840807788512	1.0000002e-14
4	75824	4.841601446526	1.0000002e-14
4	75831	4.841848299455	1.0000002e-14
4	75841	4.84264274459	1.0000002e-14
4	75848	4.842816820264	1.0000002e-14
4	75855	4.843598623687	1.0000002e-14
4	75862	4.843866324613	1.0000002e-14
4	75875	4.844643625307	1.0133985709016e-11
4	75882	4.84484773847	1.0000002e-14
4	75889	4.845673771057	1.0000002e-14
4	75893	4.845841012654	1.0000002e-14
4	75903	4.846714883178	1.0000002e-14
4	75910	4.846824235164	1.0000002e-14
4	75920	4.84774969604	7.3112608275955e-12
4	75924	4.847826144722	1.0000002e-14
4	75934	4.848782754574	1.0000002e-14
4	75938	4.848802068751	1.0000002e-14
4	75951	4.849798019292	1.0000002e-14
4	75955	4.849805626374	1.0000002e-14
4	75968	4.850768232763	1.0000002e-14
4	75972	4.850798502911	1.0000002e-14
4	75982	4.851770129318	1.0000002e-14
4	75986	4.851806677371	1.0000002e-14
4	75999	4.85276111235	1.0000002e-14
4	76003	4.85281633209	1.0000002e-14
4	76013	4.853799019925	1.0000002e-14
4	76017	4.853838535502	1.0000002e-14
4	76030	4.854751363201	1.0000002e-14
4	76034	4.854791365218	1.0000002e-14
4	76044	4.855786721164	7.9780009611707e-13
4	76048	4.855806728052	1.0000002e-14
4	76061	4.856817361573	7.331687304129e-13
4	76065	4.856826316126	1.0000002e-14
4	76075	4.857781259835	1.0000002e-14
4	76079	4.857783336975	1.0000002e-14
4	76095	4.858735838199	1.5454331978659e-12
4	76099	4.858751062013	1.0000002e-14
4	76109	4.85969422021	1.0000002e-14
4	76113	4.859758268426	1.0000002e-14
4	76126	4.860703057358	1.0000002e-14
4	76130	4.860783432922	5.0398602822349e-11
4	76140	4.86167678324	1.0000002e-14
4	76144	4.861830373262	1.0000002e-14
4	76154	4.862639953071	1.0000002e-14
4	76161	4.862868462787	3.90667364716e-11
4	76168	4.863683641948	1.0000002e-14
4	76175	4.863838654954	1.0000002e-14
4	76188	4.8646754253	1.0000002e-14
4	76192	4.864824697644	1.0000002e-14
4	76199	4.865682679077	1.0000002e-14
4	76206	4.865823087694	1.0000002e-14
4	76219	4.866700429124	1.0000002e-14
4	76223	4.866864115516	1.0000002e-14
4	76233	4.867745648937	1.0000002e-14
4	76237	4.867862868291	1.0000002e-14
4	76250	4.868746973845	1.0000002e-14
4	76254	4.868865945389	1.0000002e-14
4	76264	4.869792308349	1.0000002e-14
4	76268	4.869816375946	1.0000002e-14
4	76281	4.870825242144	1.0000002e-14
4	76285	4.87083888805	1.0000002e-14
4	76295	4.871793289251	5.6764004840963e-10
4	76299	4.871817687777	1.0000002e-14
4	76309	4.872749069073	1.0000002e-14
4	76316	4.872801225605	1.0000002e-14
4	76323	4.873706648838	2.0853093072099e-14
4	76327	4.873751946047	1.0000002e-14
4	76340	4.874664605555	1.0000002e-14
4	76347	4.874775151334	1.0000002e-14
4	76354	4.875675343881	1.0000002e-14
4	76358	4.875801233517	3.8807289897963e-09
4	76371	4.876676481456	3.4795106124833e-10
4	76378	4.876757359334	1.0000002e-14
4	76388	4.877662369775	1.0000002e-14
4	76392	4.877742290487	1.0000002e-14
4	76408	4.878683462338	1.0000002e-14
4	76412	4.878748954276	1.0000002e-14
4	76419	4.87963831488	1.0000002e-14
4	76426	4.879749047395	1.0000002e-14
4	76439	4.880639659635	1.0000002e-14
4	76443	4.880719790113	1.0000002e-14
4	76447	4.881639309394	1.0000002e-14
4	76451	4.88172514928	1.0000002e-14
4	76470	4.882651117968	1.0000002e-14
4	76474	4.882705152357	1.0000002e-14
4	76478	4.883668214275	1.0000002e-14
4	76482	4.883695513005	7.2147037467047e-09
4	76501	4.884670873972	1.0000002e-14
4	76505	4.884726657168	1.0000002e-14
4	76509	4.88569873226	1.0000002e-14
4	76516	4.885753688268	1.0000002e-14
4	76532	4.886651411833	1.0000002e-14
4	76536	4.886772524071	1.0000002e-14
4	76540	4.887659850349	1.0000002e-14
4	76547	4.887791656194	1.0000002e-14
4	76563	4.888619034115	1.0000002e-14
4	76567	4.888789724324	1.0000002e-14
4	76571	4.889624465104	1.0000002e-14
4	76575	4.88977036541	1.0000002e-14
4	76591	4.890663770689	1.0000002e-14
4	76598	4.890793385347	1.0000002e-14
4	76602	4.891616895679	1.0000002e-14
4	76609	4.891796126076	1.0000002e-14
4	76622	4.892577468268	1.0000002e-14
4	76629	4.892829586271	3.0008471294205e-14
4	76633	4.893618899482	1.0000002e-14
4	76640	4.893797402794	1.0000002e-14
4	76656	4.89461123547	1.0000002e-14
4	76660	4.894771173407	1.0000002e-14
4	76664	4.895615762405	1.0000002e-14
4	76671	4.895810411701	3.3569838602377e-14
4	76684	4.896625681193	1.0000002e-14
4	76691	4.896770730065	1.0000002e-14
4	76695	4.897594533943	1.0000002e-14
4	76699	4.897731989187	1.0000002e-14
4	76718	4.898562050659	1.0000002e-14
4	76725	4.898773334311	1.0000002e-14
4	76729	4.899546542217	1.0000002e-14
4	76736	4.899724448696	1.0000002e-14
4	76749	4.90056797688	1.0000002e-14
4	76756	4.900702804064	1.0000002e-14
4	76760	4.901534778343	1.0000002e-14
4	76770	4.901703806239	1.5997925016435e-14
4	76780	4.902497936657	1.0000002e-14
4	76784	4.902671838591	1.0000002e-14
4	76794	4.903453684642	2.2168649250917e-13
4	76801	4.903698384969	1.0000002e-14
4	76811	4.904418895236	1.0000002e-14
4	76815	4.904732140149	1.0000002e-14
4	76825	4.905427508253	1.0000002e-14
4	76832	4.905694409235	1.0000002e-14
4	76842	4.90647416318	1.0000002e-14
4	76846	4.906698907876	1.0000002e-14
4	76856	4.907467201732	1.0000002e-14
4	76863	4.90771805963	1.0000002e-14
4	76873	4.908490159813	1.0000002e-14
4	76880	4.908707574218	1.0000002e-14
4	76887	4.90946615391	1.0000002e-14
4	76894	4.909749896211	1.0000002e-14
4	76904	4.91042899915	1.0000002e-14
4	76911	4.910757000206	1.0000002e-14
4	76915	4.911437978812	1.0000002e-14
4	76925	4.911742189053	1.0000002e-14
4	76935	4.912439067751	1.0000002e-14
4	76942	4.912789838052	1.0000002e-14
4	76946	4.913482302375	1.0000002e-14
4	76953	4.913744556029	1.0000002e-14
4	76966	4.914434198944	1.0000002e-14
4	76970	4.91476549286	1.5489197097317e-14
4	76977	4.915420498308	1.0000002e-14
4	76984	4.915775243618	1.0000002e-14
4	76997	4.91638193589	1.0000002e-14
4	77001	4.916782392982	1.0000002e-14
4	77008	4.917413757316	1.0000002e-14
4	77015	4.917792270489	1.0000002e-14
4	77031	4.91841246232	1.0000002e-14
4	77038	4.91881883789	1.0000002e-14
4	77042	4.919372493236	1.0000002e-14
4	77049	4.919862425546	1.0000002e-14
4	77062	4.920400305218	1.0000002e-14
4	77069	4.920858242725	8.7980414725644e-13
4	77073	4.921392410739	1.0000002e-14
4	77080	4.921836990844	1.0000002e-14
4	77093	4.922417822524	1.0000002e-14
4	77100	4.922882948849	1.0000002e-14
4	77107	4.923414667945	1.0000002e-14
4	77111	4.923841814187	1.0000002e-14
4	77121	4.924409163856	1.0000002e-14
4	77131	4.924792074282	1.0000002e-14
4	77138	4.925410668416	1.0000002e-14
4	77142	4.925813245782	1.0000002e-14
4	77149	4.926422546394	1.0000002e-14
4	77162	4.926843846909	1.0000002e-14
4	77169	4.927452216289	1.0000002e-14
4	77173	4.92783511515	2.1465853593905e-14
4	77183	4.928453632032	1.0000002e-14
4	77193	4.92883608778	1.0000002e-14
4	77200	4.92941289544	1.0000002e-14
4	77204	4.929786168182	1.0000002e-14
4	77214	4.930369994516	1.0000002e-14
4	77224	4.930788099454	3.6539328654664e-13
4	77231	4.931327943578	1.0000002e-14
4	77235	4.931772534818	1.0000002e-14
4	77245	4.932330846885	1.0000002e-14
4	77252	4.932797339191	1.0000002e-14
4	77262	4.933355411045	1.0000002e-14
4	77266	4.933760255991	1.0000002e-14
4	77276	4.93438086442	1.0000002e-14
4	77283	4.934770803284	1.0000002e-14
4	77293	4.935349609162	1.0000002e-14
4	77297	4.935789645436	1.0000002e-14
4	77310	4.936322248472	1.0000002e-14
4	77317	4.936777015979	1.0000002e-14
4	77324	4.937291623776	1.0000002e-14
4	77328	4.937749178331	3.2776707114371e-09
4	77341	4.938279809824	1.0000002e-14
4	77351	4.938728981834	1.0000002e-14
4	77358	4.93923229884	1.0000002e-14
4	77362	4.939721996288	1.0000002e-14
4	77372	4.940203490183	1.0000002e-14
4	77379	4.940712240441	1.0000002e-14
4	77389	4.941235829009	1.0000002e-14
4	77393	4.941716950444	1.2816257600055e-14
4	77403	4.942211679284	1.0000002e-14
4	77410	4.942681016032	1.0000002e-14
4	77420	4.943197790959	1.0000002e-14
4	77427	4.943722770833	1.0000002e-14
4	77431	4.944170701915	1.0000002e-14
4	77441	4.944682899037	1.0000002e-14
4	77451	4.945185818935	1.0000002e-14
4	77458	4.945679526654	1.0000002e-14
4	77462	4.946182179919	1.0000002e-14
4	77475	4.946702566775	1.0000002e-14
4	77482	4.947228283387	1.0000002e-14
4	77489	4.947735242118	1.5751147917626e-12
4	77496	4.948226261572	1.0000002e-14
4	77506	4.948714523877	1.0000002e-14
4	77513	4.949176555607	1.0000002e-14
4	77520	4.949758829169	1.0000002e-14
4	77527	4.950158795188	1.0000002e-14
4	77537	4.950713548835	1.0000002e-14
4	77541	4.951135956153	1.0000002e-14
4	77551	4.951669786969	1.0000002e-14
4	77558	4.952155338282	1.0000002e-14
4	77565	4.95266278445	1.0000002e-14
4	77575	4.953178227728	1.0000002e-14
4	77579	4.953634162425	1.0000002e-14
4	77589	4.954210010063	1.0000002e-14
4	77599	4.95467511872	1.0000002e-14
4	77606	4.955256037805	1.0000002e-14
4	77613	4.955703705947	1.0000002e-14
4	77620	4.956269258869	1.0000002e-14
4	77630	4.956662685613	1.9593173129928e-11
4	77634	4.957250128004	1.0000002e-14
4	77644	4.957645903034	1.0000002e-14
4	77654	4.95823163637	1.0000002e-14
4	77664	4.958680956504	5.8115326561334e-14
4	77668	4.959201722131	1.0000002e-14
4	77678	4.959704447713	1.0000002e-14
4	77685	4.960202714721	1.0000002e-14
4	77695	4.960700401994	1.0000002e-14
4	77699	4.961160871729	1.0000002e-14
4	77709	4.961718179152	1.0000002e-14
4	77716	4.962124130483	1.0000002e-14
4	77726	4.962689658308	1.0000002e-14
4	77730	4.963157705951	1.0000002e-14
4	77740	4.963717985056	1.0000002e-14
4	77747	4.964142156628	1.0000002e-14
4	77757	4.964753126762	1.0000002e-14
4	77761	4.965185100554	1.0000002e-14
4	77771	4.965706761893	1.0000002e-14
4	77778	4.966171641349	1.0000002e-14
4	77788	4.966698032445	1.0000002e-14
4	77792	4.967166967512	1.0000002e-14
4	77802	4.967722026678	1.0000002e-14
4	77809	4.968190069186	1.0000002e-14
4	77819	4.968766848505	1.0000002e-14
4	77823	4.969176970645	1.0000002e-14
4	77830	4.969719458709	1.0000002e-14
4	77843	4.970136252495	1.0000002e-14
4	77850	4.970680300133	1.0000002e-14
4	77854	4.971103041028	1.0000002e-14
4	77861	4.971715962303	1.0000002e-14
4	77871	4.972116745616	1.0000002e-14
4	77878	4.972675651387	1.0000002e-14
4	77885	4.973117117407	1.0000002e-14
4	77892	4.973675335075	1.0000002e-14
4	77902	4.974086083482	1.0000002e-14
4	77912	4.974698215828	1.0000002e-14
4	77916	4.97504516312	1.0000002e-14
4	77923	4.975659849465	2.4215354620815e-14
4	77933	4.976089192178	1.0000002e-14
4	77943	4.976668630663	1.0000002e-14
4	77947	4.977072584995	3.330478439758e-14
4	77954	4.977648665585	1.0000002e-14
4	77967	4.978086099378	1.0000002e-14
4	77977	4.978653153049	1.0000002e-14
4	77981	4.979133343613	1.0000002e-14
4	77988	4.97965521251	1.0000002e-14
4	78001	4.980147541883	1.0000002e-14
4	78008	4.980606080123	1.0000002e-14
4	78012	4.981136352356	1.0000002e-14
4	78022	4.981612222697	1.0000002e-14
4	78032	4.982113120084	1.0000002e-14
4	78039	4.982572136431	1.0000002e-14
4	78046	4.983082987212	1.0000002e-14
4	78050	4.983569723374	1.0000002e-14
4	78060	4.98408227576	1.0000002e-14
4	78070	4.984581170646	1.0000002e-14
4	78077	4.98505311511	1.0000002e-14
4	78081	4.985556714995	2.1830107551029e-14
4	78094	4.986091829689	1.0000002e-14
4	78101	4.986552429819	1.0000002e-14
4	78108	4.987115573397	1.0000002e-14
4	78112	4.987506141381	1.0000002e-14
4	78128	4.988120359345	1.0000002e-14
4	78132	4.988503131791	1.0000002e-14
4	78139	4.989116427384	1.0000002e-14
4	78146	4.989503288389	1.0000002e-14
4	78159	4.990082982691	1.0000002e-14
4	78163	4.990542559379	1.0000002e-14
4	78170	4.991094722231	1.0000002e-14
4	78177	4.991521811945	1.0000002e-14
4	78190	4.992123404429	1.0000002e-14
4	78194	4.992536723611	1.0000002e-14
4	78201	4.993155014307	1.0000002e-14
4	78211	4.993522361081	1.0000002e-14
4	78221	4.994112826789	1.0000002e-14
4	78225	4.994552608816	1.0000002e-14
4	78232	4.995152238362	3.4696047229837e-09
4	78239	4.995509918841	8.3571820556899e-06
4	78252	4.996116650494	1.0000002e-14
4	78256	4.996547145323	1.0000002e-14
4	78260	4.997074197762	1.0000002e-14
4	78276	4.997497850734	1.0000002e-14
4	78286	4.998123556146	1.0000002e-14
4	78290	4.998478953565	1.0000002e-14
4	78294	4.999097099385	1.0000002e-14
4	78304	4.999441729456	1.0000002e-14
5	15635	1.000074099837	0.081508
5	15642	1.000324969039	0.074993
5	15658	1.001089665534	0.076527
5	15662	1.001333568702	0.075989
5	15669	1.002051329243	0.075704
5	15673	1.002346899406	0.074561
5	15686	1.00306351617	0.074807
5	15696	1.003394405489	0.07443
5	15700	1.004085010719	0.074565
5	15707	1.004420100799	0.074434
5	15714	1.00506582441	0.074267
5	15727	1.005387616114	0.07442
5	15731	1.006049292477	0.07438
5	15738	1.006376729476	0.074382
5	15748	1.007098012372	0.074364
5	15755	1.007372222308	0.074915
5	15762	1.008071961557	0.074451
5	15769	1.008412818679	0.074377
5	15782	1.009063228162	0.074491
5	15789	1.009383124608	0.086704
5	15793	1.010107569494	0.076865
5	15800	1.010349354537	0.0748
5	15813	1.011115738583	0.07439
5	15817	1.011344903112	0.074362
5	15824	1.012114353963	0.074296
5	15831	1.012342317895	0.074327
5	15844	1.013127268861	0.081562
5	15848	1.013308025302	0.075355
5	15855	1.01408186254	0.075519
5	15862	1.014282004153	0.074446
5	15872	1.015055931175	0.074354
5	15876	1.015240616606	0.074418
5	15886	1.016028837681	0.074372
5	15893	1.01622129237	0.07451
5	15903	1.017004554454	0.07441
5	15907	1.017180086257	0.074344
5	15920	1.017998123895	0.07434
5	15924	1.018144841206	0.074524
5	15934	1.018979588269	0.074304
5	15938	1.019138269729	0.074332
5	15948	1.019966713922	0.074462
5	15955	1.020155847008	0.074516
5	15965	1.020946022542	0.075311
5	15975	1.021161853696	0.085037
5	15985	1.0219781044	0.075304
5	15989	1.022174867324	0.074584
5	15999	1.022953306268	0.074454
5	16006	1.023205606499	0.074449
5	16013	1.023952086353	0.074367
5	16020	1.024168083105	0.07426
5	16030	1.024977082835	0.074258
5	16034	1.025212545399	0.074305
5	16044	1.025929914944	0.074262
5	16051	1.026223756303	0.074451
5	16061	1.026964516178	0.075017
5	16065	1.02727092076	0.074477
5	16075	1.027983945817	0.074349
5	16085	1.028297702127	0.07446
5	16089	1.028963017767	0.074347
5	16096	1.029305786639	0.074315
5	16106	1.029936619342	0.074346
5	16116	1.030263740485	0.07455
5	16120	1.030938317608	0.074521
5	16130	1.031266404414	0.074295
5	16140	1.031978395993	0.074392
5	16147	1.03224833183	0.074865
5	16151	1.033023408938	0.074301
5	16161	1.033249474837	0.074497
5	16168	1.033978659638	0.083297
5	16178	1.034203730894	0.075293
5	16182	1.035021199974	0.074511
5	16192	1.03517255093	0.074494
5	16205	1.036022892484	0.074421
5	16209	1.036171796722	0.074387
5	16213	1.037041098211	0.074201
5	16217	1.037194766973	0.074276
5	16233	1.038073895616	0.074367
5	16240	1.038147622737	0.074319
5	16244	1.039059193857	0.074259
5	16248	1.039137592458	0.084641
5	16264	1.040015562227	0.077651
5	16268	1.040113301474	0.082098
5	16275	1.041026250706	0.077441
5	16279	1.041076889736	0.074814
5	16298	1.042026381887	0.077084
5	16302	1.042073826428	0.074732
5	16315	1.043056571239	0.074444
5	16319	1.043086818723	0.074584
5	16329	1.044017131638	0.074432
5	16333	1.044116478888	0.074364
5	16340	1.045020136007	0.241101
5	16350	1.045162058217	0.195633
5	16360	1.046003374963	0.180175
5	16364	1.046144573336	0.179563
5	16371	1.046994461757	0.088895
5	16381	1.047117239028	0.076464
5	16391	1.047945598373	0.07602
5	16395	1.048140890848	0.07446
5	16405	1.048904061584	0.074572
5	16412	1.049120811915	0.074655
5	16422	1.049912240834	0.074694
5	16426	1.050141388782	0.074691
5	16436	1.050960306668	0.074664
5	16443	1.051166654557	0.074385
5	16453	1.051935723174	0.074677
5	16457	1.052210318736	0.07426
5	16464	1.052961812284	0.074464
5	16474	1.053192483293	0.074549
5	16484	1.053976067235	0.07536
5	16488	1.054214951055	0.074285
5	16498	1.054957475218	0.074293
5	16505	1.055188109411	0.074332
5	16515	1.055909534722	0.074335
5	16519	1.056188514362	0.07437
5	16526	1.056907429065	0.07433
5	16536	1.057148858713	0.085582
5	16546	1.05795633709	0.075538
5	16550	1.058184996927	0.074765
5	16554	1.058994246827	0.074572
5	16567	1.059215008887	0.074331
5	16577	1.060040380431	0.074458
5	16581	1.060184254481	0.075291
5	16585	1.061031679399	0.074461
5	16595	1.061210996815	0.074346
5	16611	1.0620173268	0.08253
5	16615	1.062166260668	0.075573
5	16619	1.063044371495	0.074835
5	16626	1.063202505902	0.074694
5	16642	1.064017700838	0.074588
5	16646	1.064251221209	0.074437
5	16650	1.065013316108	0.081446
5	16660	1.065264729539	0.074561
5	16673	1.066037149668	0.074397
5	16677	1.066232914041	0.075289
5	16681	1.0670105173	0.074301
5	16691	1.067239060736	0.074339
5	16704	1.068046468082	0.074316
5	16708	1.068250182739	0.074413
5	16718	1.069031575677	0.083929
5	16722	1.069250464254	0.075473
5	16735	1.070028577392	0.07471
5	16739	1.070243433589	0.074489
5	16749	1.071032845926	0.074412
5	16753	1.071230944711	0.074399
5	16766	1.072001616588	0.07427
5	16770	1.072182061912	0.074385
5	16780	1.073038046378	0.07507
5	16784	1.07316036812	0.074393
5	16797	1.07407522459	0.074455
5	16801	1.074147666695	0.074451
5	16808	1.075050681963	0.074352
5	16815	1.075179069587	0.074193
5	16828	1.076047491716	0.074319
5	16832	1.076158382088	0.074464
5	16842	1.077069378088	0.074323
5	16846	1.077193728239	0.07432
5	16859	1.078115843009	0.074462
5	16863	1.078164110669	0.074272
5	16873	1.079141394358	0.07417
5	16877	1.079151789884	0.074328
5	16890	1.080115762832	0.075378
5	16894	1.080144365477	0.075845
5	16904	1.081080410182	0.075809
5	16908	1.081176151725	0.084549
5	16924	1.082054968639	0.07522
5	16928	1.082204111032	0.074518
5	16938	1.083076708985	0.074353
5	16945	1.083222314921	0.074495
5	16955	1.084085781967	0.074349
5	16959	1.084219521188	0.074468
5	16969	1.085119652922	0.074381
5	16976	1.08517359102	0.074446
5	16986	1.086136176731	0.076032
5	16990	1.086153096324	0.075935
5	17000	1.087146665891	0.075804
5	17004	1.087171726048	0.075787
5	17017	1.088162819938	0.075759
5	17021	1.088193565503	0.082534
5	17031	1.089140143737	0.080872
5	17035	1.089200450226	0.07468
5	17048	1.090163100197	0.074436
5	17052	1.090188949573	0.074593
5	17065	1.091144744474	0.074236
5	17069	1.091173614496	0.074424
5	17079	1.092119541626	0.074355
5	17083	1.092178500403	0.074305
5	17093	1.093129255848	0.083715
5	17097	1.093173059729	0.075384
5	17110	1.094128538177	0.074793
5	17114	1.094184892005	0.074499
5	17127	1.095123400536	0.074454
5	17131	1.095185319029	0.074518
5	17141	1.096126563872	0.074274
5	17145	1.096187836005	0.074339
5	17158	1.097157185871	0.074307
5	17162	1.09716332426	0.078543
5	17175	1.098177483563	0.07667
5	17179	1.098182106136	0.074472
5	17189	1.099138642249	0.074429
5	17193	1.099203140486	0.075306
5	17206	1.100145384574	0.074505
5	17210	1.100210008172	0.074465
5	17223	1.101163876601	0.074768
5	17227	1.101214069118	0.074478
5	17237	1.102130932918	0.074386
5	17241	1.1021663034	0.074331
5	17254	1.103120524578	0.074438
5	17258	1.103135018499	0.12569
5	17268	1.104105341813	0.076347
5	17272	1.104108902432	0.076937
5	17282	1.105060150383	0.075833
5	17289	1.10514887621	0.074708
5	17302	1.106062742211	0.074486
5	17306	1.106150333631	0.074236
5	17313	1.107060891693	0.074406
5	17317	1.107145075359	0.074336
5	17330	1.108100893223	0.074302
5	17337	1.108186248043	0.07421
5	17344	1.109107118374	0.074342
5	17348	1.109217271377	0.07437
5	17364	1.110132643055	0.07426
5	17368	1.110176438641	0.074348
5	17375	1.111137762733	0.074859
5	17379	1.111196068416	0.074454
5	17395	1.112124787757	0.075546
5	17399	1.112195653339	0.079144
5	17406	1.113078485885	0.07452
5	17413	1.113225481286	0.074442
5	17423	1.114061110978	0.074429
5	17430	1.114244626142	0.074299
5	17437	1.115025206979	0.081415
5	17441	1.115248137579	0.075611
5	17457	1.116001047721	0.074747
5	17461	1.116261550973	0.083678
5	17468	1.117019760148	0.075545
5	17472	1.11721157607	0.074533
5	17485	1.117990108538	0.07449
5	17492	1.118233662669	0.074349
5	17499	1.11902567467	0.075953
5	17503	1.119273448595	0.076328
5	17516	1.119999261149	0.075865
5	17523	1.12022622768	0.074207
5	17530	1.120980295942	0.074344
5	17534	1.121208384106	0.074309
5	17550	1.122024150469	0.07487
5	17554	1.122161832462	0.074645
5	17564	1.123065831465	0.074424
5	17568	1.123207872439	0.074377
5	17581	1.124086790267	0.074396
5	17585	1.124185192113	0.074298
5	17595	1.125067690198	0.075527
5	17599	1.125179007772	0.07152
5	17612	1.126051872176	0.070445
5	17616	1.12617819971	0.079379
5	17626	1.127017453885	0.071466
5	17630	1.127194391207	0.070628
5	17643	1.128063589119	0.071066
5	17650	1.128236192506	0.070669
5	17657	1.129030532893	0.070575
5	17661	1.129255050558	0.070533
5	17674	1.130060342238	0.07048
5	17678	1.130244452977	0.070397
5	17688	1.131087194741	0.070409
5	17692	1.131280665215	0.070399
5	17705	1.132063890893	0.071195
5	17709	1.132266684913	0.070451
5	17719	1.133084967252	0.070375
5	17723	1.133245015053	0.070235
5	17736	1.134127615618	0.070549
5	17740	1.134284295029	0.070373
5	17750	1.135116973982	0.070717
5	17754	1.135295645509	0.07053
5	17767	1.136080052526	0.070739
5	17774	1.136323545589	0.070513
5	17781	1.137098186537	0.076708
5	17788	1.137337962281	0.070715
5	17798	1.138114749569	0.070529
5	17805	1.138358824959	0.070537
5	17812	1.139108284296	0.071529
5	17816	1.139322542839	0.070632
5	17832	1.140080641984	0.078717
5	17836	1.140366543601	0.071201
5	17843	1.141095677092	0.070551
5	17853	1.141366977105	0.080123
5	17863	1.142088979417	0.071699
5	17870	1.142416584735	0.070739
5	17880	1.143106579806	0.070605
5	17884	1.143432593156	0.070474
5	17897	1.144099091472	0.070516
5	17901	1.144407469548	0.073022
5	17908	1.14505328131	0.074479
5	17915	1.145434193631	0.075314
5	17928	1.146103005094	0.346014
5	17932	1.146387321928	0.201216
5	17939	1.147053925963	0.181235
5	17946	1.14740674132	0.180055
5	17956	1.148037086456	0.179653
5	17963	1.148451859933	0.179301
5	17970	1.149055916641	0.179729
5	17977	1.149475540564	0.212168
5	17987	1.15007410023	0.158161
5	17994	1.150428336449	0.120241
5	18001	1.151077532328	0.119693
5	18005	1.151381385731	0.119897
5	18021	1.152123695674	0.119544
5	18025	1.152332841166	0.119875
5	18032	1.153138795175	0.120642
5	18036	1.15334364746	0.1197
5	18052	1.154153103636	0.11955
5	18056	1.154337574407	0.119478
5	18063	1.155187822356	0.119378
5	18067	1.155351064218	0.119596
5	18080	1.156161331594	0.119443
5	18087	1.15630998672	0.119398
5	18091	1.157159926664	0.078301
5	18098	1.157267121591	0.086844
5	18111	1.158115165676	0.076986
5	18115	1.158231174068	0.076118
5	18122	1.159115926798	0.07487
5	18126	1.159189633755	0.074604
5	18142	1.160137496149	0.074728
5	18146	1.16020378777	0.074532
5	18153	1.16116703929	0.074847
5	18157	1.161194734485	0.074389
5	18176	1.162123826194	0.075035
5	18180	1.162153035411	0.074598
5	18187	1.163115281899	0.074533
5	18191	1.1631687255	0.075425
5	18210	1.164121422907	0.074487
5	18214	1.164211779794	0.074425
5	18218	1.165132117527	0.074564
5	18222	1.165203089765	0.074778
5	18241	1.166091730912	0.074442
5	18245	1.166231733326	0.074353
5	18249	1.167128221615	0.074456
5	18253	1.16725290523	0.074433
5	18272	1.168141265719	0.074621
5	18276	1.16827572078	0.074521
5	18280	1.16918987713	0.084722
5	18287	1.169234076336	0.075183
5	18303	1.170153936016	0.075361
5	18307	1.170227521229	0.074618
5	18311	1.171156525059	0.074491
5	18315	1.171181193201	0.074486
5	18334	1.172111195199	0.074552
5	18338	1.172156872891	0.074585
5	18342	1.17307760817	0.074471
5	18352	1.173189200213	0.079402
5	18362	1.174059309764	0.074665
5	18366	1.17414492352	0.07438
5	18373	1.175060130957	0.074587
5	18383	1.175153841433	0.07514
5	18393	1.176106948076	0.074385
5	18397	1.176108562358	0.075057
5	18407	1.17706912789	0.074971
5	18414	1.177126380385	0.074512
5	18424	1.178081048171	0.074268
5	18428	1.178135509685	0.074325
5	18435	1.179065815759	0.07424
5	18442	1.179171130929	0.08461
5	18455	1.180024457278	0.075398
5	18462	1.18012832886	0.074555
5	18469	1.181017326745	0.07442
5	18482	1.181151588708	0.075264
5	18489	1.182010203436	0.07444
5	18493	1.182137022582	0.075312
5	18506	1.183040941751	0.074388
5	18510	1.183157055433	0.074457
5	18520	1.184015821699	0.074516
5	18524	1.184186637995	0.07429
5	18537	1.18504655949	0.074778
5	18541	1.185165618238	0.074433
5	18551	1.186083683442	0.074598
5	18555	1.186187477934	0.080188
5	18568	1.18704409646	0.077252
5	18572	1.187146698483	0.074516
5	18582	1.187994263301	0.074442
5	18586	1.188169988551	0.074312
5	18593	1.189034316913	0.075211
5	18603	1.189128750443	0.074476
5	18613	1.190044021353	0.074494
5	18617	1.190111483561	0.074343
5	18627	1.191081556091	0.074459
5	18631	1.191086111301	0.086217
5	18644	1.192075033812	0.075528
5	18648	1.192077220755	0.074584
5	18658	1.19306195395	0.074559
5	18662	1.193063602434	0.074522
5	18678	1.194037962833	0.074382
5	18682	1.194062197627	0.074386
5	18689	1.195054220732	0.074425
5	18693	1.195065580426	0.075151
5	18709	1.196031680806	0.0744
5	18713	1.19608356973	0.074457
5	18720	1.197066099602	0.074369
5	18727	1.197110707053	0.079356
5	18740	1.198043479188	0.074435
5	18744	1.198138464073	0.074459
5	18751	1.199039871434	0.074366
5	18758	1.199160375414	0.074335
5	18771	1.20007561288	0.074532
5	18775	1.200137524048	0.074483
5	18782	1.201026714875	0.07429
5	18786	1.201157858512	0.074364
5	18805	1.202062860373	0.083576
5	18809	1.202144308936	0.07551
5	18816	1.203092077957	0.084249
5	18820	1.203166052724	0.07531
5	18836	1.204096908736	0.074733
5	18840	1.204195984476	0.074438
5	18847	1.205125227265	0.07438
5	18851	1.205189761445	0.074305
5	18867	1.206130141475	0.074316
5	18871	1.206163569636	0.074248
5	18875	1.207132865661	0.074314
5	18879	1.20720289582	0.074195
5	18898	1.208097237009	0.075397
5	18902	1.208224624669	0.074444
5	18906	1.20910620729	0.074479
5	18916	1.209219973264	0.074256
5	18929	1.210137699895	0.074386
5	18933	1.210228717699	0.074274
5	18940	1.211148278634	0.074445
5	18944	1.211261994515	0.074473
5	18960	1.212160423256	0.074358
5	18964	1.212268552075	0.074383
5	18971	1.213160401553	0.074349
5	18978	1.213223414153	0.074305
5	18988	1.21414853584	0.074403
5	18992	1.214191804315	0.074413
5	19002	1.215118986856	0.075784
5	19009	1.215185707933	0.080759
5	19019	1.216119443665	0.070955
5	19023	1.216171595251	0.070606
5	19033	1.217122251731	0.070743
5	19037	1.217166493768	0.072777
5	19050	1.218165121029	0.074557
5	19054	1.21817003014	0.072602
5	19061	1.219120892968	0.070428
5	19065	1.219138601049	0.07059
5	19081	1.220090247841	0.070666
5	19085	1.220166850756	0.070577
5	19092	1.221101122357	0.070491
5	19096	1.221207662435	0.074403
5	19115	1.222092472139	0.076154
5	19119	1.222170463331	0.07582
5	19126	1.223080946959	0.076674
5	19136	1.223206817538	0.076517
5	19146	1.224059018065	0.072894
5	19150	1.224178858918	0.074752
5	19160	1.225095288486	0.073731
5	19164	1.225147095581	0.070541
5	19177	1.22604724058	0.073564
5	19181	1.226166758285	0.070478
5	19194	1.227076834355	0.074411
5	19198	1.227195349031	0.074646
5	19208	1.228040162301	0.075985
5	19212	1.228179745318	0.075059
5	19219	1.229048509038	0.074808
5	19229	1.229198459548	0.074512
5	19239	1.230004421358	0.074503
5	19243	1.230175640518	0.074403
5	19253	1.231040693519	0.074238
5	19257	1.231159311749	0.074289
5	19270	1.232015825194	0.074628
5	19274	1.232138822755	0.074546
5	19284	1.233038930743	0.074542
5	19288	1.233166792013	0.075398
5	19301	1.234001241794	0.076125
5	19305	1.234118903888	0.075128
5	19315	1.234967420527	0.076522
5	19319	1.235148414423	0.076043
5	19329	1.236012004135	0.076785
5	19336	1.236101128114	0.076105
5	19346	1.236964144317	0.075974
5	19350	1.237142921485	0.075038
5	19360	1.237944546748	0.084459
5	19367	1.238101704197	0.075563
5	19374	1.238913942176	0.075158
5	19381	1.23907959319	0.075484
5	19391	1.239912559193	0.074684
5	19398	1.240120523596	0.074425
5	19405	1.240901263288	0.07444
5	19412	1.24107283431	0.075202
5	19425	1.241944069902	0.074872
5	19429	1.242062204668	0.074465
5	19442	1.242979422245	0.074529
5	19446	1.243032908658	0.074649
5	19456	1.243986670242	0.074392
5	19463	1.243990515099	0.074556
5	19470	1.244985494475	0.08167
5	19477	1.24500314209	0.075541
5	19487	1.245953156502	0.074591
5	19491	1.246022929681	0.074507
5	19504	1.246924487935	0.07473
5	19508	1.246999211468	0.087472
5	19515	1.247888013505	0.075557
5	19522	1.247984898495	0.074927
5	19535	1.248884184147	0.074632
5	19539	1.248965319469	0.087273
5	19549	1.249904278538	0.075522
5	19555	1.250001749681	0.105278
5	19568	1.250902679957	0.085065
5	19572	1.25101439295	0.079772
5	19582	1.251920283531	0.074819
5	19586	1.251971917302	0.074589
5	19599	1.252942380493	0.074464
5	19603	1.253011379754	0.074669
5	19613	1.253944119932	0.074564
5	19617	1.25402835716	0.074537
5	19630	1.254895454668	0.074471
5	19634	1.254978856675	0.07446
5	19644	1.255850469124	0.074576
5	19648	1.255984736693	0.074287
5	19661	1.25683576237	0.074386
5	19665	1.256959689793	0.074396
5	19675	1.257789844281	0.07573
5	19679	1.257911320419	0.075765
5	19689	1.258791829445	0.075866
5	19699	1.258959599678	0.075998
5	19706	1.259820616529	0.075694
5	19710	1.259918230448	0.086721
5	19723	1.260833690885	0.075625
5	19727	1.26091023864	0.07504
5	19740	1.261824447175	0.074789
5	19744	1.261919521697	0.074467
5	19757	1.262850248521	0.074534
5	19761	1.262907788026	0.074582
5	19771	1.263851176579	0.075278
5	19778	1.263934267846	0.074373
5	19788	1.264899344394	0.074552
5	19792	1.264960405022	0.085609
5	19805	1.265948949524	0.07448
5	19809	1.265964945851	0.074432
5	19819	1.266908111117	0.074342
5	19823	1.26693138237	0.074335
5	19836	1.267915467003	0.074399
5	19840	1.267929911232	0.074583
5	19850	1.26893127807	0.074648
5	19854	1.268957091329	0.091308
5	19867	1.269902539704	0.075532
5	19871	1.269931828584	0.086929
5	19881	1.270938915826	0.075837
5	19885	1.270946292945	0.075038
5	19901	1.271909628572	0.07478
5	19905	1.271915954751	0.074669
5	19912	1.272898957258	0.074786
5	19916	1.272924982603	0.074771
5	19932	1.273855349788	0.074706
5	19936	1.273943149062	0.074604
5	19943	1.274877714427	0.074707
5	19947	1.274903306683	0.074417
5	19963	1.275831862806	0.074386
5	19967	1.275943244905	0.074467
5	19974	1.276839846642	0.075275
5	19978	1.276968197706	0.074397
5	19991	1.277889822066	0.074424
5	19998	1.277994353982	0.074403
5	20005	1.27893501328	0.074263
5	20009	1.278999017278	0.074304
5	20022	1.279911013149	0.074432
5	20026	1.279965736509	0.074373
5	20036	1.280935292405	0.07445
5	20040	1.280941712541	0.074484
5	20056	1.281890093193	0.083559
5	20060	1.281913084417	0.075435
5	20070	1.282873393779	0.075402
5	20074	1.282885775857	0.074358
5	20087	1.283860519873	0.074392
5	20094	1.283918799356	0.074312
5	20101	1.284822925407	0.074304
5	20105	1.284929720604	0.074349
5	20118	1.285785004044	0.074321
5	20125	1.285918227534	0.074525
5	20129	1.286739280715	0.074389
5	20139	1.286948087778	0.074449
5	20149	1.287783875851	0.081742
5	20153	1.287901820332	0.07534
5	20163	1.288807021749	0.074712
5	20170	1.288906707229	0.080295
5	20180	1.289766795443	0.074597
5	20187	1.28993259023	0.07475
5	20194	1.2907322728	0.074541
5	20201	1.290959884892	0.074328
5	20211	1.291771286525	0.07449
5	20215	1.291935563239	0.074346
5	20225	1.292764533576	0.082561
5	20232	1.292935706807	0.075501
5	20242	1.29371790144	0.074875
5	20246	1.293925351446	0.074546
5	20256	1.294718370327	0.074395
5	20260	1.294889885572	0.074369
5	20273	1.295685706511	0.074465
5	20277	1.295849131602	0.075339
5	20287	1.29670160033	0.074341
5	20291	1.296869904226	0.074504
5	20301	1.297661289699	0.074297
5	20308	1.297900207692	0.074417
5	20315	1.298633180482	0.074249
5	20322	1.298877655434	0.074291
5	20332	1.299649026237	0.074303
5	20339	1.299836302403	0.074366
5	20346	1.300603165901	0.074375
5	20353	1.300850232018	0.074256
5	20369	1.301650146652	0.074654
5	20373	1.3018213039	0.075297
5	20383	1.302692949931	0.085558
5	20387	1.30287111736	0.075537
5	20400	1.303709046046	0.074926
5	20404	1.30384789793	0.07445
5	20414	1.304661727845	0.074412
5	20418	1.304811565797	0.074304
5	20428	1.305708281657	0.074312
5	20435	1.305785606077	0.07434
5	20445	1.306741090544	0.074295
5	20449	1.30682835995	0.074431
5	20462	1.307695551645	0.074382
5	20466	1.307862104371	0.074323
5	20476	1.308678574083	0.075227
5	20480	1.308873057973	0.074338
5	20490	1.309690185502	0.074207
5	20497	1.309857945027	0.074364
5	20507	1.310652665801	0.074308
5	20511	1.310862858221	0.074215
5	20521	1.311659937208	0.074159
5	20528	1.311896102836	0.074287
5	20538	1.312675533869	0.076045
5	20542	1.312863247401	0.082496
5	20552	1.313648555049	0.074788
5	20559	1.313829638433	0.074398
5	20569	1.314626590364	0.074441
5	20573	1.314849561661	0.094118
5	20583	1.315586707578	0.076053
5	20587	1.315884619697	0.082678
5	20600	1.316574444568	0.076902
5	20604	1.316904669628	0.074568
5	20614	1.317597703206	0.074392
5	20621	1.317871049947	0.074382
5	20631	1.318567412056	0.074412
5	20635	1.318919397611	0.074303
5	20645	1.319579926687	0.074345
5	20655	1.319886172419	0.07423
5	20662	1.320628771586	0.074395
5	20666	1.320924121486	0.074284
5	20679	1.321630831841	0.075607
5	20689	1.321907486834	0.074591
5	20696	1.322676149496	0.074533
5	20700	1.322876064675	0.074414
5	20713	1.323715213289	0.07448
5	20720	1.323901010078	0.074401
5	20727	1.324728442788	0.074416
5	20731	1.324869737569	0.074319
5	20747	1.325758984165	0.074393
5	20751	1.325853737668	0.0744
5	20758	1.326759133873	0.083633
5	20762	1.326849187772	0.075414
5	20775	1.327796168158	0.074622
5	20779	1.327859433731	0.075387
5	20789	1.328795452084	0.074239
5	20793	1.328827182713	0.074388
5	20809	1.329824535277	0.074212
5	20813	1.329870544556	0.07425
5	20820	1.330827340743	0.074256
5	20824	1.330889199745	0.074374
5	20840	1.331875372332	0.074263
5	20844	1.331922206291	0.074334
5	20851	1.33284379275	0.074322
5	20855	1.332949621684	0.074322
5	20871	1.333871603987	0.074421
5	20875	1.333984672488	0.07433
5	20882	1.334909260338	0.074379
5	20886	1.334957891211	0.074471
5	20902	1.33595372177	0.074615
5	20906	1.336005899484	0.074514
5	20913	1.336946345189	0.074309
5	20917	1.336960374319	0.078892
5	20930	1.337962935002	0.074676
5	20934	1.337969071428	0.074428
5	20944	1.338936009879	0.074319
5	20948	1.338938963448	0.084235
5	20958	1.339908018493	0.075021
5	20962	1.339961894403	0.074328
5	20975	1.340908327172	0.074407
5	20979	1.340937418771	0.074375
5	20995	1.341877539899	0.074517
5	20999	1.34191124684	0.074535
5	21009	1.342865112464	0.074253
5	21013	1.342882820338	0.074194
5	21023	1.343848087281	0.074237
5	21030	1.343870005797	0.084617
5	21040	1.344841306974	0.075319
5	21044	1.344879928231	0.074559
5	21057	1.345832149433	0.074499
5	21061	1.345884055882	0.074367
5	21071	1.346880393227	0.074288
5	21075	1.346896317132	0.074239
5	21085	1.347896059663	0.074538
5	21089	1.347900457184	0.074235
5	21102	1.34886622358	0.074411
5	21106	1.348911177849	0.074485
5	21116	1.34990672708	0.074609
5	21120	1.349911535075	0.074459
5	21133	1.350865099849	0.083094
5	21137	1.350879729059	0.075
5	21150	1.351823890349	0.074631
5	21154	1.35185859819	0.074376
5	21167	1.352779475741	0.074323
5	21171	1.352809422523	0.074707
5	21181	1.353753930686	0.074383
5	21185	1.353804272503	0.074517
5	21195	1.354753704795	0.075317
5	21199	1.35482962053	0.07987
5	21209	1.355737706175	0.07795
5	21216	1.355830605025	0.074941
5	21226	1.356722561651	0.074454
5	21230	1.356801522809	0.07444
5	21240	1.357675865167	0.074278
5	21244	1.357758494953	0.074496
5	21257	1.358669673473	0.074423
5	21261	1.358763753309	0.074335
5	21271	1.359696026153	0.074394
5	21275	1.359745284019	0.074447
5	21294	1.36070179258	0.081403
5	21298	1.360711005075	0.07562
5	21305	1.361654646275	0.074784
5	21309	1.361680922308	0.084574
5	21319	1.362607612881	0.07532
5	21329	1.36267915711	0.074676
5	21336	1.3636175074	0.074566
5	21343	1.36369585691	0.074335
5	21353	1.364586061725	0.07426
5	21357	1.36464790584	0.074381
5	21370	1.365551790013	0.074198
5	21374	1.365642386544	0.074345
5	21381	1.366531450823	0.074456
5	21388	1.366662718647	0.075275
5	21398	1.367482110046	0.074355
5	21405	1.367672525201	0.074293
5	21412	1.368454547333	0.074521
5	21416	1.368709404524	0.074426
5	21429	1.369498589143	0.074415
5	21436	1.36966238582	0.074266
5	21443	1.370459372589	0.074398
5	21447	1.370625070677	0.074286
5	21463	1.371489895179	0.074388
5	21467	1.371635366677	0.074278
5	21474	1.372467482683	0.074457
5	21478	1.372672166206	0.081397
5	21491	1.373462935669	0.075716
5	21498	1.373642273405	0.074557
5	21505	1.374439552043	0.083023
5	21509	1.374598385934	0.075335
5	21522	1.37543541276	0.074594
5	21529	1.375601256385	0.074649
5	21536	1.37642984546	0.074648
5	21540	1.376621407571	0.074381
5	21550	1.377404218012	0.074533
5	21560	1.377597687549	0.074379
5	21567	1.378448419031	0.07457
5	21571	1.378610549599	0.074314
5	21587	1.379403618917	0.074472
5	21591	1.379638636491	0.07453
5	21598	1.380381750863	0.075209
5	21602	1.380638830107	0.074409
5	21618	1.381350557962	0.074828
5	21625	1.381615063139	0.07461
5	21632	1.382346197265	0.074371
5	21636	1.382587011755	0.074417
5	21649	1.383319669674	0.074443
5	21656	1.383552965899	0.074373
5	21663	1.384366914098	0.090492
5	21667	1.38455445836	0.075328
5	21680	1.385414780584	0.074697
5	21687	1.385576671766	0.074532
5	21694	1.386436762813	0.075322
5	21698	1.386527064889	0.074175
5	21714	1.387434356064	0.07442
5	21718	1.387513360674	0.074355
5	21725	1.388428263115	0.07434
5	21729	1.388492416662	0.07432
5	21742	1.389457654026	0.074264
5	21746	1.389464459091	0.074279
5	21756	1.390460907951	0.074229
5	21760	1.390485694852	0.074319
5	21776	1.391484970813	0.074359
5	21780	1.39149600656	0.074544
5	21787	1.392483831093	0.074349
5	21791	1.39251194839	0.074285
5	21807	1.393452749174	0.075272
5	21811	1.393546347574	0.074328
5	21818	1.394422332036	0.074393
5	21822	1.394547300376	0.074386
5	21838	1.395437739724	0.074395
5	21842	1.395545423963	0.074216
5	21849	1.396443763718	0.07431
5	21853	1.396528784393	0.083123
5	21869	1.397424484523	0.07536
5	21873	1.397541330616	0.074741
5	21880	1.39840250607	0.074705
5	21884	1.398521433115	0.07445
5	21900	1.399402973574	0.074532
5	21904	1.399503434469	0.075107
5	21911	1.400431957877	0.070424
5	21915	1.400473335409	0.070449
5	21934	1.401471254614	0.071342
5	21938	1.401480561561	0.070471
5	21945	1.402477308265	0.07031
5	21949	1.402502354724	0.070475
5	21965	1.403493055605	0.07047
5	21969	1.403503399075	0.070597
5	21976	1.4044569582	0.070451
5	21980	1.404486742773	0.070428
5	21996	1.40546986843	0.070393
5	22000	1.405481738444	0.070449
5	22007	1.406448182855	0.071036
5	22011	1.406478655975	0.070576
5	22027	1.407457571112	0.070336
5	22031	1.407516951148	0.07036
5	22038	1.408421882873	0.07021
5	22042	1.408467485585	0.073699
5	22058	1.409419436485	0.078962
5	22062	1.409449522957	0.071186
5	22069	1.410407611062	0.070645
5	22076	1.410460016848	0.070567
5	22089	1.411448303012	0.070422
5	22093	1.411481860338	0.070321
5	22100	1.412453019342	0.070264
5	22104	1.41247605737	0.070272
5	22120	1.413409343305	0.376822
5	22124	1.413489295721	0.205255
5	22131	1.414439828102	0.183068
5	22138	1.414458765728	0.180791
5	22151	1.415404454197	0.179512
5	22155	1.41542153789	0.179651
5	22165	1.416437076509	0.179209
5	22169	1.41646677208	0.187248
5	22182	1.417407132932	0.260892
5	22186	1.417498911913	0.094907
5	22196	1.41844918306	0.076346
5	22200	1.418453894588	0.075787
5	22213	1.419406987222	0.075703
5	22217	1.419479318021	0.075836
5	22227	1.420401895518	0.075681
5	22231	1.420478333103	0.074833
5	22247	1.421352514907	0.075203
5	22251	1.421445080134	0.0743
5	22261	1.422349728942	0.074464
5	22265	1.422401790734	0.074637
5	22278	1.423345004164	0.074811
5	22282	1.423417526908	0.074245
5	22292	1.424355700143	0.095008
5	22296	1.424430049171	0.075633
5	22309	1.425385947331	0.074686
5	22313	1.425474539811	0.074419
5	22323	1.426338864338	0.084665
5	22327	1.426433185926	0.075106
5	22340	1.427340762939	0.074556
5	22344	1.427452963949	0.074252
5	22354	1.428378444055	0.074311
5	22361	1.428498839613	0.091332
5	22368	1.429336817384	0.075464
5	22375	1.429494351756	0.074637
5	22385	1.430288240746	0.074746
5	22392	1.430516181759	0.075101
5	22399	1.431258840023	0.074358
5	22406	1.431490531238	0.074425
5	22413	1.432275670713	0.074393
5	22423	1.43250654754	0.074329
5	22430	1.433311744552	0.074597
5	22437	1.433527041951	0.074282
5	22450	1.434345107007	0.074388
5	22454	1.434557974886	0.074227
5	22461	1.435380553553	0.074413
5	22468	1.435584284815	0.074407
5	22481	1.43642596036	0.074326
5	22488	1.436626500807	0.074306
5	22492	1.437401070034	0.074668
5	22499	1.437643637637	0.074374
5	22512	1.43842244826	0.081384
5	22516	1.43861278689	0.076634
5	22523	1.43941900821	0.074716
5	22530	1.439633754707	0.074548
5	22546	1.440454523246	0.074624
5	22550	1.440601809076	0.074428
5	22557	1.441408705857	0.07438
5	22564	1.441646096618	0.074259
5	22577	1.442427512158	0.074367
5	22581	1.442686014799	0.074321
5	22588	1.443412696096	0.075317
5	22595	1.443714173437	0.074448
5	22605	1.444378485262	0.074289
5	22615	1.444732299606	0.074432
5	22619	1.445405962447	0.07437
5	22626	1.445766464979	0.074381
5	22633	1.446363434724	0.074332
5	22646	1.446798747586	0.083695
5	22650	1.447381770631	0.075546
5	22657	1.447784233305	0.074885
5	22667	1.448420021657	0.074717
5	22677	1.448759959128	0.07453
5	22681	1.449448434378	0.074368
5	22685	1.449743669668	0.075214
5	22704	1.450493982329	0.08413
5	22708	1.45075976096	0.075253
5	22712	1.451491854907	0.074743
5	22716	1.451744249163	0.074477
5	22732	1.452519124573	0.074512
5	22739	1.452721441326	0.201569
5	22743	1.453518565497	0.219269
5	22747	1.453769774598	0.189028
5	22757	1.454486670607	0.182018
5	22770	1.454747240832	0.180477
5	22774	1.455496731075	0.179616
5	22778	1.455729507778	0.179412
5	22794	1.45648342084	0.182124
5	22798	1.456740559425	0.291618
5	22805	1.457436453895	0.096906
5	22809	1.457774526744	0.07473
5	22825	1.458463721139	0.074686
5	22829	1.458786326228	0.074679
5	22836	1.45948556712	0.074801
5	22840	1.459762406241	0.074432
5	22859	1.460491031908	0.074905
5	22863	1.460775306094	0.074609
5	22870	1.46145307114	0.0744
5	22874	1.461799776783	0.074645
5	22890	1.46242110693	0.074731
5	22897	1.462753939143	0.074603
5	22901	1.463433961943	0.075515
5	22905	1.463798900654	0.074536
5	22921	1.464426666279	0.236433
5	22928	1.464758463507	0.24491
5	22932	1.465420013367	0.183187
5	22936	1.465788779946	0.180177
5	22949	1.466399004148	0.179592
5	22959	1.466819136313	0.179706
5	22963	1.467434236108	0.179653
5	22970	1.467839552859	0.186438
5	22983	1.468474133146	0.227042
5	22990	1.468884773645	0.100832
5	22994	1.469500193742	0.075935
5	22998	1.469888787702	0.077219
5	23014	1.470549747591	0.07526
5	23021	1.470864047492	0.074816
5	23025	1.471547135295	0.074565
5	23029	1.471878139011	0.074351
5	23048	1.472589249737	0.074345
5	23052	1.472897386965	0.074491
5	23056	1.473559625113	0.074457
5	23063	1.473888488954	0.074266
5	23073	1.474549968137	0.074408
5	23083	1.474903461068	0.074343
5	23087	1.475518684747	0.07537
5	23091	1.475944118258	0.074638
5	23104	1.4764899066	0.074578
5	23114	1.476901852446	0.074437
5	23118	1.477454890868	0.07433
5	23125	1.477868683108	0.083982
5	23135	1.478499155336	0.075546
5	23145	1.478826904115	0.07466
5	23149	1.479461120107	0.074445
5	23159	1.479874921865	0.074509
5	23166	1.48049727777	0.074393
5	23179	1.480852102633	0.074447
5	23183	1.481525992474	0.074897
5	23187	1.481880565881	0.074378
5	23200	1.482483707186	0.074381
5	23210	1.482922163063	0.074418
5	23214	1.483528934089	0.074378
5	23218	1.483946837462	0.074557
5	23231	1.484522902939	0.074428
5	23241	1.484980129394	0.277492
5	23245	1.485554256698	0.235254
5	23252	1.486007820471	0.181653
5	23262	1.486509654349	0.180708
5	23272	1.487057011592	0.180489
5	23276	1.487522612909	0.179975
5	23280	1.488007784961	0.179964
5	23293	1.488553358276	0.179935
5	23303	1.489003864436	0.199534
5	23307	1.489542404621	0.078373
5	23314	1.489991113656	0.074712
5	23324	1.49054802974	0.074615
5	23334	1.490973536566	0.074563
5	23338	1.491548476369	0.074614
5	23342	1.491930426639	0.074706
5	23352	1.492504641775	0.074598
5	23365	1.492940042742	0.074546
5	23369	1.493529225742	0.07472
5	23373	1.49391752434	0.074392
5	23383	1.494497526041	0.074534
5	23396	1.494906767622	0.074347
5	23400	1.495488152994	0.075287
5	23404	1.495902238612	0.074382
5	23420	1.496512848237	0.07473
5	23427	1.496874428939	0.074625
5	23431	1.497539254924	0.080528
5	23435	1.497880655808	0.074601
5	23451	1.49854504433	0.081252
5	23455	1.498883262302	0.085877
5	23462	1.499556391078	0.075347
5	23469	1.499896381883	0.074729
5	23487	1.500548968536	0.076024
5	23494	1.500892309435	0.074752
5	23498	1.501574245408	0.074782
5	23505	1.501922569487	0.074744
5	23515	1.502534674164	0.074649
5	23525	1.502905688691	0.074554
5	23529	1.503546531572	0.074451
5	23536	1.503886122813	0.074351
5	23549	1.504528089236	0.074415
5	23556	1.50487932214	0.074496
5	23563	1.505525690669	0.074506
5	23567	1.50588555702	0.074332
5	23580	1.506527325014	0.075283
5	23584	1.506853690669	0.074278
5	23591	1.507538790692	0.074383
5	23601	1.507836290087	0.074604
5	23611	1.508495801288	0.074293
5	23615	1.508881108157	0.074374
5	23622	1.509523185526	0.074374
5	23629	1.509844491283	0.074245
5	23639	1.51047728039	0.084845
5	23646	1.510878503449	0.075226
5	23653	1.511511546629	0.074605
5	23660	1.511855910315	0.074524
5	23670	1.51249928032	0.074317
5	23677	1.512829608685	0.075
5	23684	1.513526105068	0.074419
5	23691	1.513781714577	0.074435
5	23701	1.514496394162	0.074521
5	23705	1.51473656095	0.074481
5	23715	1.515484756848	0.074588
5	23722	1.515713423074	0.074542
5	23732	1.516484280596	0.07435
5	23736	1.516754037026	0.074275
5	23746	1.517490099078	0.074529
5	23756	1.517723086637	0.074485
5	23763	1.518519655665	0.074438
5	23770	1.518741884315	0.074399
5	23777	1.519527141113	0.086322
5	23787	1.519759555594	0.076052
5	23794	1.520554531441	0.07578
5	23798	1.520721544499	0.075878
5	23811	1.521576477443	0.07446
5	23815	1.521729129468	0.084573
5	23828	1.522578452175	0.075439
5	23835	1.522755939247	0.074536
5	23842	1.523610127048	0.074565
5	23846	1.523758416873	0.084696
5	23859	1.524628835346	0.07552
5	23866	1.524720379102	0.074626
5	23873	1.525665067266	0.074543
5	23880	1.525721005461	0.0754
5	23890	1.52666001717	0.074339
5	23894	1.526674592951	0.074401
5	23904	1.527611718737	0.074358
5	23908	1.527656070522	0.074409
5	23921	1.528635417943	0.074333
5	23925	1.528695443629	0.074343
5	23935	1.529609765886	0.074385
5	23942	1.529715939528	0.074197
5	23952	1.530599107183	0.074556
5	23956	1.530702546234	0.07435
5	23969	1.53164517346	0.074397
5	23973	1.531740540581	0.074149
5	23983	1.532639961685	0.074148
5	23990	1.532783862869	0.075152
5	23997	1.533616308914	0.074332
5	24004	1.533804723386	0.074429
5	24014	1.534621520522	0.083378
5	24021	1.534786203269	0.075043
5	24028	1.535655785961	0.074407
5	24032	1.535776701443	0.074213
5	24045	1.536629677672	0.074275
5	24052	1.536801715017	0.074256
5	24059	1.53760000993	0.074388
5	24063	1.537780317004	0.074172
5	24076	1.538597354381	0.074253
5	24083	1.538766190969	0.074351
5	24090	1.539631343618	0.075267
5	24094	1.539721386065	0.074214
5	24107	1.540645011239	0.074303
5	24111	1.540734395425	0.074416
5	24124	1.541690824758	0.074622
5	24128	1.541696857277	0.074544
5	24144	1.542676975471	0.07442
5	24148	1.542680537561	0.078674
5	24155	1.543696506459	0.074484
5	24162	1.543712578347	0.074371
5	24172	1.544684877341	0.074371
5	24176	1.544724253161	0.074268
5	24186	1.545662243117	0.075236
5	24190	1.545679487585	0.086993
5	24200	1.546653872261	0.07562
5	24204	1.546700279088	0.074518
5	24217	1.547684360212	0.07458
5	24221	1.547720331973	0.074276
5	24231	1.548646826117	0.074334
5	24235	1.54868413983	0.074348
5	24248	1.549648859865	0.074271
5	24255	1.549699629435	0.074521
5	24262	1.550609027744	0.07435
5	24266	1.550728694632	0.081149
5	24279	1.551637950084	0.075572
5	24283	1.551716772691	0.075485
5	24293	1.55262209162	0.074486
5	24297	1.552712883336	0.074353
5	24310	1.553611823016	0.074476
5	24314	1.55373364508	0.074444
5	24324	1.554592323206	0.074343
5	24328	1.554686911765	0.074375
5	24341	1.555585067873	0.074399
5	24345	1.555637398826	0.07433
5	24355	1.556540168812	0.074281
5	24359	1.556608925554	0.083564
5	24372	1.557515255999	0.075183
5	24376	1.55765535195	0.07462
5	24386	1.558503483242	0.075176
5	24390	1.558663375842	0.074333
5	24403	1.559484050731	0.074605
5	24407	1.559666535283	0.074311
5	24417	1.56044241091	0.074433
5	24421	1.560625879381	0.074408
5	24437	1.561459332112	0.07458
5	24441	1.561623050776	0.074698
5	24451	1.562459710716	0.074518
5	24455	1.562606884387	0.074463
5	24468	1.563486962216	0.074346
5	24472	1.563647163546	0.07438
5	24482	1.564488764506	0.075131
5	24489	1.564603868879	0.074355
5	24499	1.565441716752	0.074366
5	24503	1.565598845464	0.074334
5	24513	1.566414153176	0.074337
5	24517	1.566589885244	0.081143
5	24530	1.567435089591	0.074351
5	24534	1.567564560961	0.074395
5	24544	1.568468228814	0.084601
5	24548	1.568595058776	0.075287
5	24561	1.569424667085	0.074454
5	24565	1.569612126833	0.10729
5	24575	1.570388469076	0.075644
5	24579	1.570575794779	0.076083
5	24592	1.571411917895	0.075909
5	24599	1.571611044424	0.075894
5	24606	1.572380215255	0.074894
5	24610	1.572611790565	0.074424
5	24623	1.573337509042	0.074415
5	24630	1.5735656327	0.074319
5	24637	1.574370588614	0.074407
5	24641	1.57458801089	0.074286
5	24654	1.575372932854	0.074375
5	24658	1.575560130143	0.074387
5	24668	1.576415714801	0.074323
5	24672	1.576518651293	0.074417
5	24688	1.577463949417	0.07435
5	24692	1.577493868828	0.082679
5	24699	1.578446834443	0.075078
5	24706	1.578521890533	0.083964
5	24716	1.579429062439	0.075374
5	24720	1.579506231268	0.074482
5	24730	1.580390939511	0.074269
5	24734	1.580503414779	0.074376
5	24750	1.581412765382	0.074748
5	24754	1.581478452756	0.074304
5	24764	1.582420190057	0.074356
5	24771	1.582482157934	0.074521
5	24781	1.583385842563	0.074333
5	24788	1.583523795881	0.075121
5	24795	1.5843698441	0.074269
5	24799	1.584517176094	0.074365
5	24812	1.585325273149	0.074397
5	24819	1.585561323472	0.074501
5	24826	1.586305648156	0.074426
5	24830	1.586525054364	0.074397
5	24846	1.58728973081	0.074484
5	24850	1.587525414909	0.07424
5	24857	1.588332150518	0.074339
5	24861	1.588475981669	0.07435
5	24877	1.589313153303	0.074218
5	24881	1.589469876526	0.074569
5	24888	1.590307015142	0.074363
5	24892	1.590432889462	0.087891
5	24908	1.591350844585	0.139048
5	24912	1.59142070215	0.075234
5	24919	1.592309814372	0.074499
5	24923	1.592398741705	0.074611
5	24939	1.59329824957	0.074458
5	24943	1.59336576206	0.074291
5	24950	1.594321888739	0.074265
5	24954	1.594354923515	0.074439
5	24970	1.595358143768	0.074251
5	24974	1.595401201897	0.074281
5	24981	1.596364626497	0.074505
5	24985	1.596413380506	0.07457
5	25001	1.597381184652	0.076191
5	25005	1.597429134659	0.075741
5	25012	1.598367593211	0.075728
5	25016	1.598406280847	0.075844
5	25032	1.599336323717	0.075876
5	25036	1.599379994492	0.075759
5	25040	1.60036257558	0.07572
5	25047	1.600408675673	0.075783
5	25066	1.601318944291	0.074463
5	25070	1.601455940754	0.084284
5	25077	1.602275590691	0.07554
5	25081	1.602413248923	0.074706
5	25097	1.603264225322	0.07457
5	25101	1.603421522858	0.081847
5	25108	1.604291150147	0.07553
5	25112	1.604389276042	0.074834
5	25128	1.605268886862	0.074539
5	25132	1.60543417565	0.074373
5	25139	1.60627334873	0.074405
5	25143	1.606449749679	0.074298
5	25156	1.607232984398	0.074257
5	25163	1.607417938017	0.074387
5	25170	1.60822458453	0.074295
5	25174	1.608402590347	0.074461
5	25184	1.609239388808	0.074257
5	25194	1.609446208905	0.074436
5	25201	1.610258426924	0.074411
5	25208	1.610428314121	0.075156
5	25218	1.611265830816	0.074392
5	25225	1.611409373827	0.074374
5	25232	1.612282133416	0.074334
5	25239	1.612431167634	0.074447
5	25252	1.613259327577	0.07455
5	25256	1.613439395128	0.074316
5	25266	1.614258693362	0.086585
5	25270	1.614478318671	0.075176
5	25283	1.615274742423	0.074763
5	25287	1.615468645841	0.074361
5	25297	1.616261629668	0.074359
5	25301	1.616487085268	0.074447
5	25314	1.617237867969	0.075249
5	25318	1.617528130414	0.074316
5	25328	1.618234780884	0.074444
5	25332	1.61850108456	0.07421
5	25345	1.619267801015	0.074415
5	25349	1.619452304371	0.074336
5	25359	1.620249226978	0.074608
5	25363	1.620452971856	0.074547
5	25379	1.621268991995	0.074843
5	25383	1.62141828867	0.074786
5	25393	1.62224592756	0.074506
5	25397	1.622461311849	0.074526
5	25410	1.623247103717	0.075004
5	25414	1.623413812299	0.074524
5	25424	1.624287474436	0.084215
5	25428	1.624368222561	0.075355
5	25438	1.625284662944	0.074439
5	25445	1.62538280344	0.074411
5	25455	1.626331601835	0.074501
5	25459	1.626344660566	0.074288
5	25469	1.627344586773	0.074464
5	25473	1.627350569433	0.074283
5	25483	1.628314333546	0.074401
5	25487	1.628371113474	0.074424
5	25500	1.629342973358	0.074408
5	25504	1.629362038092	0.079421
5	25514	1.630321292406	0.079315
5	25518	1.630349221298	0.089687
5	25531	1.631306116077	0.076755
5	25535	1.631379027601	0.07451
5	25545	1.632260041434	0.074406
5	25549	1.632354063751	0.074311
5	25562	1.633235093148	0.074553
5	25566	1.633330457405	0.074258
5	25576	1.634251242417	0.074549
5	25580	1.634334345706	0.074357
5	25590	1.635256552573	0.074378
5	25597	1.635373010764	0.07443
5	25607	1.636216806622	0.083007
5	25611	1.636378609013	0.076443
5	25621	1.637179863768	0.074802
5	25628	1.637405822674	0.078192
5	25638	1.638220285768	0.074506
5	25642	1.638364343388	0.074441
5	25652	1.639268244312	0.074514
5	25656	1.639343838358	0.07444
5	25669	1.640231737477	0.074477
5	25673	1.640338063359	0.07431
5	25686	1.641249767647	0.074747
5	25690	1.641355492819	0.07447
5	25703	1.642226116416	0.074432
5	25707	1.642362131154	0.075262
5	25717	1.643230445753	0.074421
5	25721	1.643341560714	0.074345
5	25734	1.644240607568	0.074382
5	25738	1.644325427916	0.074325
5	25748	1.645245649526	0.074253
5	25752	1.64529983684	0.074112
5	25765	1.646279396169	0.074371
5	25769	1.646295905136	0.074437
5	25779	1.64729681215	0.074214
5	25783	1.647321696664	0.074332
5	25796	1.648315805832	0.083038
5	25800	1.64831637921	0.075228
5	25810	1.64926772038	0.075295
5	25814	1.649357143577	0.07435
5	25827	1.650315578978	0.074444
5	25831	1.650348176926	0.074325
5	25841	1.651308684212	0.074378
5	25845	1.651397737858	0.074432
5	25858	1.652335341149	0.074252
5	25862	1.652443730452	0.074319
5	25872	1.653364162356	0.074227
5	25876	1.653432795752	0.074366
5	25889	1.654400509119	0.074317
5	25893	1.654428819781	0.074467
5	25903	1.655385012242	0.074399
5	25907	1.655423486368	0.074452
5	25920	1.656370944754	0.075239
5	25924	1.656374497423	0.074264
5	25934	1.657377161566	0.074296
5	25938	1.657406238008	0.080281
5	25951	1.658350650629	0.075422
5	25955	1.658410175162	0.074662
5	25965	1.659373662997	0.074547
5	25969	1.659392044751	0.074449
5	25982	1.660368384495	0.074415
5	25986	1.660402365761	0.082923
5	25999	1.661418092378	0.078272
5	26003	1.661434933332	0.074556
5	26016	1.662417668555	0.075259
5	26020	1.662437511564	0.074323
5	26030	1.663396164364	0.074537
5	26034	1.66344475282	0.223396
5	26047	1.664370348018	0.203474
5	26054	1.664420717564	0.187694
5	26061	1.665326748035	0.18057
5	26065	1.665374506073	0.179828
5	26078	1.666350954931	0.180275
5	26082	1.666359038427	0.182335
5	26092	1.667333469048	0.183067
5	26096	1.667386225877	0.232816
5	26109	1.668377325464	0.094046
5	26113	1.66838036686	0.07527
5	26123	1.669352093967	0.074347
5	26127	1.669426155367	0.07467
5	26143	1.670315274005	0.074621
5	26147	1.670426696481	0.074892
5	26154	1.671298140413	0.074457
5	26158	1.671457870298	0.074572
5	26171	1.672306199694	0.074311
5	26178	1.672480048809	0.07459
5	26185	1.673290184486	0.074571
5	26189	1.67347228141	0.07481
5	26205	1.674288271179	0.074589
5	26209	1.674452923666	0.074572
5	26216	1.675245838042	0.07456
5	26223	1.675468653165	0.075533
5	26236	1.676289304137	0.074317
5	26243	1.67651283561	0.074267
5	26247	1.67724873031	0.074278
5	26257	1.677522882652	0.082595
5	26267	1.67829387768	0.077021
5	26274	1.67851392171	0.082231
5	26281	1.679341217919	0.074684
5	26288	1.679550917657	0.074237
5	26298	1.680336419736	0.074345
5	26308	1.680553854849	0.074858
5	26315	1.681382987359	0.074494
5	26322	1.681572546391	0.075383
5	26332	1.68234006668	0.07432
5	26339	1.682586880174	0.074602
5	26346	1.683302913679	0.074418
5	26353	1.683598909685	0.074327
5	26363	1.684331650131	0.074424
5	26370	1.684643319858	0.074647
5	26377	1.685378600403	0.074587
5	26384	1.685657481805	0.074465
5	26397	1.68633535568	0.074803
5	26401	1.686609397688	0.074642
5	26408	1.68731258375	0.074607
5	26415	1.687612459694	0.074383
5	26428	1.688266179873	0.075017
5	26432	1.688658205608	0.07444
5	26439	1.6892928284	0.074398
5	26446	1.689677249983	0.085311
5	26456	1.690331364879	0.075433
5	26463	1.690715698632	0.074855
5	26470	1.691285766535	0.074502
5	26477	1.69170900081	0.074447
5	26487	1.692283205234	0.074328
5	26494	1.692701077346	0.074313
5	26501	1.693267514559	0.074166
5	26508	1.693676167264	0.074291
5	26518	1.694251907952	0.074283
5	26525	1.694635400889	0.07479
5	26532	1.695289891007	0.074292
5	26536	1.695626296304	0.074238
5	26552	1.696302160493	0.074242
5	26556	1.696642914055	0.074161
5	26563	1.697285380109	0.074268
5	26570	1.697611096928	0.074174
5	26580	1.698334818295	0.074239
5	26587	1.698567336728	0.074279
5	26594	1.699306332733	0.074263
5	26598	1.699555190839	0.074181
5	26611	1.700348239055	0.084276
5	26621	1.700566479118	0.076051
5	26628	1.701376999448	0.078426
5	26632	1.701539465924	0.081654
5	26648	1.702399413381	0.075041
5	26655	1.702549305889	0.074599
5	26659	1.703446225068	0.074502
5	26663	1.703501718882	0.079925
5	26676	1.704461214423	0.076624
5	26683	1.704511327497	0.074734
5	26690	1.705440438127	0.074638
5	26694	1.705526991282	0.074597
5	26707	1.70646758387	0.074667
5	26711	1.706485775475	0.0751
5	26721	1.707459748012	0.075517
5	26725	1.707481643726	0.074468
5	26738	1.708433378518	0.074422
5	26745	1.708462332184	0.076574
5	26752	1.709425206193	0.077118
5	26756	1.709436793307	0.074898
5	26769	1.710381774641	0.07616
5	26776	1.710426575616	0.075898
5	26783	1.711360488031	0.075252
5	26787	1.711398374565	0.085099
5	26800	1.712371444084	0.076776
5	26804	1.712389922664	0.077359
5	26814	1.713365913537	0.075455
5	26818	1.713414656674	0.075457
5	26828	1.714332515503	0.074419
5	26835	1.714417886395	0.074401
5	26845	1.715300648516	0.074405
5	26849	1.715392973725	0.074451
5	26859	1.716343448552	0.074347
5	26866	1.716392897146	0.074603
5	26876	1.717357050269	0.074257
5	26880	1.717389098495	0.074321
5	26893	1.71832354114	0.074436
5	26897	1.718400433925	0.074411
5	26907	1.719361669744	0.074441
5	26911	1.719383344005	0.074406
5	26921	1.720329293401	0.074389
5	26928	1.720341496783	0.07586
5	26941	1.721318714914	0.076097
5	26945	1.721345772476	0.075966
5	26955	1.722281244562	0.07593
5	26959	1.722315747309	0.075331
5	26975	1.723273391975	0.074588
5	26979	1.723277421637	0.085022
5	26986	1.724252468299	0.075786
5	26990	1.724265542829	0.074435
5	27009	1.725226899474	0.074552
5	27013	1.725267001753	0.079097
5	27017	1.726187162909	0.07468
5	27021	1.726230324039	0.07541
5	27034	1.727219109603	0.07582
5	27038	1.727225146945	0.075709
5	27048	1.728181697043	0.075614
5	27052	1.728217139149	0.075788
5	27065	1.72919370111	0.075469
5	27069	1.729196187904	0.074364
5	27079	1.730148041414	0.074287
5	27083	1.73015176455	0.085587
5	27096	1.731114863503	0.075288
5	27100	1.731117382121	0.074683
5	27110	1.732079964738	0.074282
5	27114	1.732130674212	0.074355
5	27127	1.733039766212	0.075171
5	27131	1.733129365828	0.07439
5	27141	1.734077884781	0.082199
5	27145	1.734145292087	0.075215
5	27158	1.735047556585	0.074511
5	27162	1.735097421125	0.074369
5	27172	1.736083188001	0.074302
5	27176	1.736133601858	0.074314
5	27189	1.737089680203	0.074412
5	27196	1.737169209532	0.074379
5	27203	1.738055333935	0.074455
5	27207	1.738149484819	0.074439
5	27223	1.739012373059	0.074292
5	27227	1.73911991475	0.075028
5	27234	1.740052371993	0.074445
5	27238	1.740127874056	0.0743
5	27257	1.741007414238	0.07478
5	27261	1.741130735663	0.074568
5	27268	1.741991699188	0.074312
5	27272	1.742096981375	0.074316
5	27288	1.742970211076	0.074694
5	27292	1.743134109601	0.074345
5	27299	1.743967239662	0.084169
5	27303	1.744107487576	0.075308
5	27319	1.74497080819	0.074883
5	27323	1.745069910111	0.075905
5	27330	1.745953451678	0.075889
5	27334	1.746094622984	0.075752
5	27350	1.746974082471	0.074451
5	27354	1.747120115463	0.074933
5	27361	1.747933214616	0.075617
5	27365	1.74810408797	0.07691
5	27381	1.748888473612	0.076708
5	27385	1.749090903003	0.080489
5	27392	1.749873513026	0.075555
5	27398	1.750094158268	0.443926
5	27414	1.750868056702	0.252552
5	27418	1.751101150867	0.239961
5	27425	1.751879839596	0.269841
5	27432	1.75206903804	0.249038
5	27445	1.752923181404	0.241843
5	27449	1.753024316509	0.23515
5	27456	1.753973068135	0.139219
5	27460	1.754047657385	0.07727
5	27476	1.754927169574	0.075951
5	27480	1.75500188949	0.075886
5	27487	1.75590618149	0.074785
5	27494	1.756005292508	0.074441
5	27507	1.7568688897	0.074384
5	27511	1.756997640607	0.07452
5	27518	1.757850412792	0.074379
5	27522	1.757984115325	0.074387
5	27538	1.758888267071	0.074441
5	27542	1.758935831366	0.074437
5	27549	1.759847358633	0.074786
5	27553	1.759928645506	0.07557
5	27572	1.760801047854	0.087472
5	27576	1.760937675409	0.074722
5	27583	1.76180858171	0.086456
5	27587	1.761914222074	0.075333
5	27603	1.762768646089	0.074555
5	27607	1.762935333396	0.074495
5	27614	1.763776203597	0.074505
5	27618	1.763932364407	0.07424
5	27634	1.764774665914	0.074517
5	27638	1.764891380175	0.074417
5	27645	1.765766852398	0.074446
5	27649	1.765912996937	0.075311
5	27665	1.766790041761	0.074178
5	27669	1.766906146616	0.074465
5	27676	1.767742558783	0.07436
5	27680	1.767925653905	0.074474
5	27696	1.768727252343	0.074344
5	27700	1.768949037215	0.07427
5	27707	1.76970959002	0.074412
5	27714	1.76997210498	0.074312
5	27727	1.770720342187	0.074481
5	27731	1.770978247175	0.074266
5	27738	1.771685301757	0.074324
5	27745	1.772011112615	0.074252
5	27758	1.772712325661	0.074443
5	27762	1.773053698799	0.075701
5	27769	1.773758405335	0.474585
5	27776	1.774043197611	0.194181
5	27789	1.774710908937	0.181265
5	27793	1.775063382569	0.179465
5	27800	1.775733747701	0.179642
5	27807	1.776065401973	0.179601
5	27820	1.776710769391	0.18016
5	27824	1.77703913947	0.204379
5	27831	1.777704504098	0.210056
5	27838	1.778026106345	0.182107
5	27851	1.778678736315	0.179795
5	27855	1.779004982332	0.179409
5	27862	1.779658584209	0.180988
5	27866	1.7799686075	0.149389
5	27885	1.780699097732	0.081322
5	27889	1.781008688363	0.080855
5	27896	1.781717989198	0.080786
5	27903	1.782040600225	0.080495
5	27913	1.782716211933	0.088898
5	27920	1.783028981232	0.081439
5	27927	1.783756087794	0.080976
5	27934	1.783997525667	0.081572
5	27944	1.784734618685	0.080488
5	27951	1.785006275017	0.080511
5	27958	1.785709666177	0.091019
5	27965	1.786041754801	0.081357
5	27978	1.786684415214	0.080779
5	27982	1.787053547479	0.080668
5	27989	1.787671075891	0.080386
5	27999	1.788091519611	0.080434
5	28006	1.788626187008	0.080561
5	28016	1.789056652199	0.080462
5	28020	1.789593657247	0.08038
5	28030	1.790024420171	0.08141
5	28037	1.790559863907	0.080397
5	28044	1.791063988925	0.080366
5	28051	1.791560137945	0.075582
5	28061	1.792087262099	0.074253
5	28068	1.792510475746	0.074447
5	28075	1.793048746897	0.074625
5	28082	1.793462006912	0.074638
5	28092	1.794061029498	0.074731
5	28099	1.794450891788	0.074615
5	28109	1.795075034863	0.074292
5	28113	1.795423482982	0.074421
5	28123	1.796084469031	0.079498
5	28127	1.796424206088	0.07449
5	28140	1.797099464295	0.085288
5	28144	1.797435253933	0.075373
5	28154	1.798062211681	0.074777
5	28158	1.798395243747	0.074418
5	28168	1.799053441437	0.07448
5	28175	1.799355707448	0.074328
5	28188	1.80008187522	0.074908
5	28192	1.800352665078	0.074343
5	28202	1.801115280932	0.07455
5	28209	1.801312328408	0.074457
5	28219	1.802089766846	0.074311
5	28223	1.802275445837	0.074392
5	28236	1.803060773234	0.075166
5	28240	1.80327937998	0.074238
5	28247	1.804076902012	0.074427
5	28254	1.804306128851	0.074317
5	28264	1.805062262048	0.07426
5	28271	1.805259137427	0.074315
5	28278	1.806086747816	0.074417
5	28285	1.806220220916	0.074451
5	28295	1.80704279819	0.074244
5	28302	1.807239386409	0.08547
5	28312	1.808053204214	0.074934
5	28316	1.808260790475	0.074644
5	28329	1.80909150033	0.07447
5	28333	1.80924342683	0.075124
5	28343	1.810130427398	0.074461
5	28347	1.810204044776	0.074283
5	28360	1.811161859552	0.07433
5	28364	1.811181028332	0.074255
5	28374	1.81212695339	0.074445
5	28378	1.812175448022	0.074279
5	28391	1.813150176499	0.074308
5	28395	1.813171408119	0.074375
5	28405	1.814140733175	0.074327
5	28409	1.8141479735	0.074458
5	28422	1.815105152373	0.074277
5	28426	1.815114195105	0.074413
5	28436	1.816108289224	0.074323
5	28440	1.816126914949	0.075761
5	28453	1.817089002868	0.075844
5	28457	1.817104607942	0.075714
5	28467	1.818073114947	0.07426
5	28471	1.818152090145	0.074493
5	28481	1.819033739235	0.079746
5	28488	1.819170344914	0.084466
5	28501	1.820073167653	0.075261
5	28505	1.820123859261	0.074837
5	28512	1.82108350936	0.074659
5	28519	1.821098281389	0.077355
5	28529	1.82211975361	0.075839
5	28533	1.8221231084	0.075388
5	28549	1.823130013852	0.074394
5	28553	1.823168774488	0.074433
5	28560	1.824111584468	0.074455
5	28564	1.824157571201	0.074429
5	28577	1.825109525949	0.074383
5	28581	1.825121021699	0.086708
5	28591	1.8261532134	0.075275
5	28595	1.82616051377	0.074311
5	28608	1.827115574015	0.074323
5	28612	1.827122476818	0.07432
5	28622	1.828121915949	0.074194
5	28629	1.828153336323	0.074336
5	28642	1.829147367683	0.075136
5	28646	1.829171360283	0.074342
5	28659	1.830151523192	0.07428
5	28663	1.830183053642	0.074288
5	28670	1.831158762484	0.082832
5	28680	1.831222309753	0.076087
5	28690	1.832175701341	0.074781
5	28694	1.832187483938	0.074689
5	28701	1.83321013957	0.074576
5	28708	1.833210979151	0.07441
5	28721	1.834236413098	0.074432
5	28725	1.834256759263	0.074406
5	28732	1.835270162448	0.074172
5	28739	1.835282746465	0.075181
5	28749	1.836238205131	0.074524
5	28753	1.836252103299	0.074378
5	28763	1.837215377156	0.074417
5	28767	1.837248043146	0.074417
5	28780	1.83820259405	0.074487
5	28784	1.838249603924	0.074368
5	28794	1.839227668596	0.074225
5	28798	1.839236372604	0.074278
5	28814	1.840183008088	0.074828
5	28818	1.840262163998	0.074477
5	28828	1.841200003113	0.07458
5	28832	1.841262041817	0.075221
5	28845	1.842189729248	0.074586
5	28849	1.842282806272	0.074552
5	28862	1.843214276924	0.087263
5	28866	1.843259059765	0.075243
5	28873	1.844218638049	0.074691
5	28880	1.84425530876	0.074353
5	28893	1.845227321384	0.074365
5	28897	1.845255301611	0.074793
5	28907	1.846189825679	0.074655
5	28911	1.846268268906	0.074689
5	28924	1.84719164333	0.074695
5	28928	1.847246280302	0.074435
5	28938	1.848201978458	0.074795
5	28942	1.848220309599	0.075449
5	28952	1.849231559336	0.074662
5	28956	1.849244195755	0.074438
5	28966	1.850203639626	0.074461
5	28976	1.850265158038	0.074342
5	28986	1.851226658323	0.0743
5	28990	1.851258321338	0.074101
5	28997	1.852266397918	0.074496
5	29004	1.852288639367	0.074329
5	29014	1.853265023779	0.074312
5	29018	1.853276549083	0.074452
5	29031	1.854221000488	0.074569
5	29038	1.854300096566	0.074614
5	29045	1.855207758736	0.074616
5	29049	1.855271895309	0.08465
5	29062	1.856185013603	0.075663
5	29066	1.856276689242	0.074773
5	29076	1.85717317157	0.074779
5	29080	1.857282002571	0.074525
5	29090	1.858167476121	0.074857
5	29097	1.858302673394	0.07435
5	29104	1.859124617705	0.074348
5	29111	1.859325417072	0.074372
5	29127	1.860123039196	0.077934
5	29131	1.860278791021	0.074624
5	29141	1.861083838291	0.075394
5	29145	1.861307932029	0.075418
5	29158	1.862112369535	0.075734
5	29162	1.862309741428	0.075276
5	29169	1.86307170919	0.074365
5	29176	1.863334179787	0.074364
5	29186	1.864114433961	0.074366
5	29193	1.864284916928	0.074371
5	29203	1.86513500403	0.077426
5	29207	1.865325933055	0.077032
5	29217	1.866167220204	0.074677
5	29224	1.866349198741	0.082723
5	29234	1.867192610036	0.075307
5	29238	1.867375862968	0.075339
5	29251	1.868198588531	0.076084
5	29255	1.868371885093	0.08416
5	29265	1.869214720338	0.075852
5	29269	1.869329687998	0.085793
5	29282	1.870238902126	0.075491
5	29286	1.870293795866	0.074943
5	29296	1.871255440335	0.074824
5	29300	1.87132747224	0.074775
5	29313	1.872216055908	0.074673
5	29317	1.872307611828	0.074569
5	29327	1.873173327942	0.074587
5	29331	1.873332759719	0.074656
5	29344	1.874167240121	0.075619
5	29348	1.874358801314	0.074626
5	29358	1.875146848435	0.074571
5	29362	1.875395966333	0.074609
5	29375	1.876158706204	0.074694
5	29379	1.876374071246	0.074303
5	29389	1.877175452995	0.074382
5	29396	1.877405404522	0.074419
5	29406	1.878168255989	0.074419
5	29410	1.878380009744	0.074465
5	29420	1.879119354977	0.07464
5	29424	1.87937746037	0.074251
5	29440	1.880166250578	0.075485
5	29447	1.880357266768	0.074635
5	29454	1.881120697826	0.074227
5	29458	1.881335018254	0.077091
5	29474	1.88215096391	0.07503
5	29478	1.882327065285	0.074613
5	29485	1.883187843622	0.07438
5	29489	1.883348426127	0.074423
5	29505	1.884161992018	0.074505
5	29509	1.884374668013	0.074342
5	29516	1.8851341258	0.074454
5	29520	1.885341002056	0.074298
5	29533	1.886144866674	0.07454
5	29540	1.886300291125	0.075236
5	29547	1.887136122924	0.07428
5	29551	1.887268080392	0.07443
5	29567	1.88815063235	0.074389
5	29571	1.888233057087	0.07434
5	29578	1.889196264359	0.074423
5	29582	1.889273105865	0.074408
5	29598	1.890234863024	0.074254
5	29602	1.890257492252	0.093503
5	29609	1.891246539753	0.075518
5	29613	1.891259100451	0.074608
5	29629	1.892198698585	0.074404
5	29633	1.892214619082	0.074271
5	29640	1.893234208764	0.075216
5	29644	1.893261490491	0.084492
5	29660	1.894190048426	0.075532
5	29664	1.894255561683	0.074698
5	29671	1.895204570527	0.074551
5	29675	1.895263076546	0.074375
5	29691	1.896235806347	0.074478
5	29695	1.896246497668	0.074417
5	29702	1.897196596063	0.074487
5	29706	1.897287566314	0.074352
5	29722	1.898168227339	0.074441
5	29726	1.898282756885	0.074333
5	29730	1.899130318086	0.074368
5	29740	1.899281322569	0.075157
5	29753	1.900087357991	0.074621
5	29760	1.900311299087	0.074352
5	29767	1.901088594315	0.0745
5	29774	1.901332606862	0.074506
5	29784	1.902057958935	0.074477
5	29788	1.902381082476	0.07436
5	29801	1.903067575279	0.074286
5	29805	1.903427267063	0.083607
5	29815	1.904075788272	0.075648
5	29819	1.904381066861	0.074527
5	29829	1.905123755543	0.081374
5	29836	1.905389293827	0.076648
5	29846	1.906073937268	0.075892
5	29850	1.906411882138	0.07574
5	29863	1.90708746007	0.074377
5	29867	1.90742212268	0.074458
5	29877	1.908103042726	0.07465
5	29881	1.908438436764	0.074832
5	29894	1.90909715461	0.074645
5	29901	1.909449595825	0.074586
5	29908	1.910141543083	0.074603
5	29912	1.910407251705	0.074536
5	29925	1.911185824229	0.074696
5	29929	1.911367627675	0.077977
5	29939	1.912223629237	0.077026
5	29943	1.912344309639	0.074423
5	29956	1.913176124271	0.074796
5	29960	1.913324781909	0.074736
5	29970	1.914179764857	0.074469
5	29974	1.914333115543	0.075897
5	29984	1.915179698039	0.074733
5	29991	1.915336546494	0.074354
5	30001	1.916144735644	0.083662
5	30005	1.916324690303	0.09017
5	30018	1.91718270535	0.07513
5	30022	1.91733978507	0.074572
5	30032	1.918205673849	0.082902
5	30036	1.91833318208	0.076018
5	30049	1.919251863437	0.075506
5	30053	1.919355710101	0.076523
5	30066	1.920278385963	0.074642
5	30070	1.920343200404	0.074649
5	30083	1.921326258037	0.07479
5	30087	1.921337630063	0.074693
5	30097	1.922312528683	0.089253
5	30101	1.922378001862	0.076484
5	30114	1.923304969683	0.075704
5	30118	1.923376967565	0.07526
5	30128	1.924263840254	0.07574
5	30132	1.924403071737	0.076312
5	30145	1.925301349636	0.075768
5	30149	1.925361643397	0.07585
5	30159	1.92628578165	0.075438
5	30163	1.926407627328	0.076055
5	30176	1.92726961728	0.087123
5	30180	1.927428174739	0.076507
5	30190	1.928317189459	0.07597
5	30194	1.928379614757	0.074514
5	30207	1.929316619542	0.0743
5	30211	1.929361076109	0.08339
5	30221	1.930349365012	0.075857
5	30225	1.930361885234	0.074702
5	30238	1.931299666478	0.077769
5	30242	1.931314180861	0.075506
5	30252	1.932261066396	0.075323
5	30256	1.932304533245	0.07505
5	30269	1.933221605439	0.075499
5	30273	1.933317460966	0.075313
5	30283	1.934261486491	0.075877
5	30287	1.934279851986	0.075796
5	30300	1.935287745759	0.075902
5	30304	1.935302019895	0.075352
5	30314	1.936306291908	0.076339
5	30318	1.93632100957	0.075322
5	30331	1.937349775398	0.0749
5	30335	1.937355960757	0.080983
5	30351	1.938308461603	0.075311
5	30355	1.938329030219	0.07523
5	30362	1.939294284826	0.075079
5	30366	1.939374791158	0.077515
5	30382	1.940278554329	0.075644
5	30386	1.940326124616	0.086257
5	30396	1.941271556594	0.076032
5	30400	1.941313988166	0.075116
5	30416	1.942225928839	0.074919
5	30420	1.942270212128	0.075258
5	30427	1.943227430556	0.075867
5	30431	1.943275426996	0.074915
5	30441	1.944245995224	0.074975
5	30451	1.944298060742	0.075069
5	30458	1.945277283141	0.075488
5	30462	1.945341644376	0.075373
5	30475	1.946233049147	0.075561
5	30479	1.946317500269	0.075273
5	30489	1.947267923778	0.075307
5	30493	1.947278191859	0.074998
5	30509	1.948275044296	0.074618
5	30513	1.948305902808	0.074735
5	30520	1.949274416893	0.083904
5	30524	1.94931613407	0.076484
5	30540	1.950242885172	0.077017
5	30544	1.950365212516	0.076057
5	30551	1.951244285179	0.075263
5	30555	1.951375646394	0.076375
5	30571	1.952234135922	0.075909
5	30575	1.952358282199	0.074903
5	30582	1.953227066017	0.074654
5	30586	1.953377506789	0.074879
5	30599	1.954234341022	0.074987
5	30606	1.954372008596	0.074644
5	30613	1.95521235274	0.074626
5	30617	1.955384226493	0.074749
5	30627	1.956189014642	0.074896
5	30634	1.956347141087	0.074661
5	30644	1.957212088254	0.076083
5	30648	1.957330664337	0.151157
5	30658	1.958231419715	0.079363
5	30668	1.958363891839	0.077872
5	30675	1.959255096011	0.089173
5	30679	1.959321323307	0.080183
5	30695	1.960212364641	0.086384
5	30705	1.960356709348	0.076337
5	30709	1.961240942604	0.263453
5	30713	1.961377510047	0.211274
5	30729	1.962286527109	0.180221
5	30733	1.962394431589	0.179279
5	30740	1.963299803483	0.179163
5	30744	1.963349896803	0.180616
5	30760	1.964276041681	0.181876
5	30764	1.964358546272	0.179506
5	30771	1.9652477212	0.161293
5	30775	1.965386482465	0.090982
5	30788	1.966274275127	0.07662
5	30795	1.966414390184	0.076112
5	30802	1.967308954242	0.089834
5	30806	1.96738240282	0.09362
5	30822	1.968292294192	0.09913
5	30826	1.968415160256	0.098627
5	30833	1.969250135861	0.098605
5	30837	1.969401231174	0.084435
5	30853	1.970210211094	0.084509
5	30857	1.970441822277	0.07519
5	30864	1.97116967004	0.075027
5	30868	1.971410840683	0.07442
5	30881	1.972198500133	0.074361
5	30888	1.97240407701	0.074287
5	30895	1.973224469309	0.074579
5	30899	1.973378269352	0.083876
5	30915	1.974252153147	0.084385
5	30919	1.97438880427	0.075218
5	30926	1.975245537985	0.074685
5	30930	1.975389257612	0.074356
5	30946	1.976200992399	0.082958
5	30950	1.976355034448	0.074377
5	30957	1.977167973192	0.074286
5	30961	1.977386040219	0.07529
5	30974	1.978118796619	0.074676
5	30981	1.978412025326	0.074674
5	30988	1.979148024413	0.074471
5	30992	1.979436473859	0.074656
5	31011	1.980158676671	0.074946
5	31015	1.9804504042	0.074446
5	31022	1.981153387547	0.074415
5	31026	1.981448093344	0.074221
5	31042	1.982126412581	0.074334
5	31046	1.982421342634	0.07441
5	31053	1.983101438173	0.07486
5	31057	1.983396153678	0.07465
5	31073	1.984131988948	0.086091
5	31077	1.984400062818	0.075239
5	31084	1.985111343036	0.074342
5	31088	1.985437781693	0.074567
5	31104	1.986144586732	0.074472
5	31108	1.986453069104	0.074417
5	31115	1.98709978655	0.0743
5	31122	1.987467849675	0.074287
5	31132	1.988119447408	0.074218
5	31142	1.988497391285	0.074368
5	31146	1.989102306708	0.074292
5	31153	1.989497169987	0.075031
5	31163	1.990064744339	0.074273
5	31170	1.990519502903	0.074495
5	31177	1.991020553866	0.074459
5	31184	1.991524267216	0.074143
5	31194	1.992036583359	0.074281
5	31204	1.992513111394	0.074338
5	31208	1.993047271736	0.074319
5	31215	1.993514929804	0.074269
5	31225	1.994026305939	0.074451
5	31229	1.994479961969	0.074476
5	31239	1.995009566037	0.074266
5	31246	1.995512236673	0.074149
5	31256	1.996041509722	0.074651
5	31263	1.996522320877	0.077415
5	31270	1.997082972162	0.074471
5	31280	1.997485229289	0.074457
5	31287	1.998068756191	0.074422
5	31294	1.998508587378	0.074441
5	31301	1.999076265735	0.084355
5	31317	1.999536487958	0.076217
5	31323	2.000068931824	0.085994
5	31330	2.000519262792	0.075663
5	31340	2.001074416382	0.074792
5	31350	2.001537836643	0.074555
5	31354	2.002107154589	0.074365
5	31361	2.002539350369	0.074294
5	31371	2.003118293845	0.074509
5	31381	2.003554530961	0.074701
5	31385	2.004147583392	0.074668
5	31392	2.004541585553	0.074662
5	31399	2.005132474176	0.074564
5	31409	2.005553567901	0.074676
5	31416	2.00608333834	0.074698
5	31426	2.006566053313	0.074621
5	31430	2.007093648576	0.075378
5	31440	2.007592756584	0.074295
5	31447	2.008085216346	0.074402
5	31457	2.00860426907	0.074264
5	31464	2.00909078515	0.074169
5	31471	2.009624486484	0.074394
5	31478	2.010103322858	0.074341
5	31488	2.010625762377	0.086284
5	31495	2.011069055936	0.075609
5	31502	2.01164329316	0.074699
5	31509	2.012046249306	0.074429
5	31519	2.012638547283	0.074453
5	31526	2.013056178654	0.074575
5	31533	2.01358995602	0.075263
5	31540	2.014080967047	0.074314
5	31547	2.014551214991	0.074348
5	31557	2.015115507725	0.074356
5	31564	2.015600448983	0.07445
5	31574	2.016163232688	0.074321
5	31581	2.016595301915	0.074327
5	31588	2.0171226098	0.074467
5	31592	2.017604278072	0.074441
5	31602	2.018089365787	0.074384
5	31612	2.018652793576	0.074695
5	31619	2.019092011448	0.074387
5	31629	2.019630465839	0.086925
5	31636	2.020078179584	0.07481
5	31646	2.020659592595	0.074579
5	31653	2.021059308143	0.074529
5	31660	2.021620693245	0.074522
5	31670	2.022073213793	0.085094
5	31677	2.022628785152	0.07559
5	31681	2.023084040943	0.074581
5	31691	2.023585844381	0.074556
5	31701	2.024081707968	0.074456
5	31708	2.024601188172	0.074508
5	31715	2.025110625072	0.074331
5	31722	2.025573583237	0.074326
5	31732	2.026121998251	0.075198
5	31736	2.026603234467	0.074283
5	31746	2.027081413664	0.074284
5	31750	2.02755670359	0.074255
5	31763	2.028070182645	0.074314
5	31770	2.028579812248	0.074402
5	31777	2.029076272358	0.074425
5	31784	2.029546271305	0.074674
5	31794	2.030067932643	0.074578
5	31801	2.030541614122	0.074513
5	31808	2.031087115795	0.074528
5	31815	2.031553770168	0.074473
5	31825	2.032075943178	0.074294
5	31832	2.032595168165	0.074409
5	31839	2.033113608904	0.075258
5	31849	2.03359794817	0.085255
5	31859	2.034150273106	0.075092
5	31863	2.034571142854	0.083286
5	31870	2.035107660994	0.075229
5	31880	2.035595831478	0.074718
5	31890	2.036124859941	0.074339
5	31894	2.036552130771	0.074275
5	31901	2.037089734053	0.074202
5	31911	2.037593204097	0.074392
5	31921	2.038139224529	0.074252
5	31925	2.038624259063	0.074406
5	31932	2.039099475866	0.074412
5	31945	2.03966750434	0.076036
5	31952	2.04008390145	0.075771
5	31959	2.040634227492	0.075879
5	31969	2.041101076215	0.075774
5	31976	2.041661719104	0.075154
5	31986	2.042108142681	0.078296
5	31990	2.042678998296	0.077269
5	31997	2.043096735154	0.074619
5	32007	2.043724876753	0.080998
5	32017	2.044133038583	0.076078
5	32021	2.04469457116	0.190517
5	32028	2.045162932277	0.203128
5	32038	2.045700442365	0.185902
5	32048	2.046153841195	0.181107
5	32052	2.046729877548	0.180046
5	32062	2.047144584153	0.18029
5	32069	2.047704942257	0.181611
5	32079	2.048133842582	0.179474
5	32083	2.048667140983	0.14774
5	32093	2.049166985402	0.209724
5	32103	2.049656884378	0.083016
5	32110	2.050171765352	0.076192
5	32114	2.05067348596	0.075583
5	32124	2.051182036401	0.074593
5	32131	2.051658620398	0.074544
5	32141	2.052178717019	0.074545
5	32145	2.052652199633	0.074605
5	32155	2.053131318316	0.074722
5	32162	2.05362984234	0.074661
5	32172	2.054088452958	0.074737
5	32176	2.054601874685	0.074329
5	32186	2.055063856153	0.074513
5	32193	2.05556628925	0.075442
5	32203	2.056052311767	0.074361
5	32207	2.056592364635	0.074291
5	32211	2.057038310036	0.074223
5	32224	2.057547880715	0.07432
5	32234	2.058052880739	0.074286
5	32238	2.058522932519	0.074131
5	32245	2.059049596692	0.08795
5	32261	2.059544887081	0.07496
5	32268	2.060095853617	0.074797
5	32272	2.060562921199	0.074439
5	32282	2.061065118654	0.0833
5	32292	2.061581234924	0.076371
5	32299	2.062039558442	0.07613
5	32303	2.062629862118	0.075996
5	32310	2.06302026959	0.074885
5	32326	2.063650109926	0.074441
5	32330	2.064009628658	0.074572
5	32334	2.064618330399	0.074426
5	32341	2.065057024021	0.074312
5	32354	2.065576936663	0.074415
5	32361	2.066016194458	0.074326
5	32365	2.066541783194	0.074321
5	32372	2.067011937544	0.074228
5	32385	2.067576538316	0.07443
5	32392	2.068027110064	0.074595
5	32396	2.068550069434	0.075141
5	32403	2.069033279441	0.074299
5	32419	2.069551069068	0.074308
5	32423	2.070045735905	0.083804
5	32427	2.070542450853	0.075696
5	32434	2.07101340304	0.074659
5	32450	2.071582460944	0.074288
5	32454	2.072038777863	0.074426
5	32458	2.072532948707	0.074363
5	32465	2.073026404924	0.074387
5	32481	2.07348721418	0.074431
5	32485	2.073994431266	0.074314
5	32489	2.074533233717	0.074328
5	32496	2.075034124281	0.091316
5	32512	2.07556426286	0.075368
5	32516	2.076005303051	0.074562
5	32520	2.07652902891	0.074389
5	32527	2.07700237923	0.074176
5	32543	2.077527928819	0.074438
5	32547	2.078043291169	0.074229
5	32551	2.078531767432	0.074217
5	32558	2.079047544226	0.074421
5	32577	2.079543349362	0.07457
5	32581	2.080038487645	0.074408
5	32585	2.080573598495	0.074346
5	32592	2.081086364318	0.075287
5	32608	2.081604540314	0.074396
5	32612	2.082044194834	0.086753
5	32619	2.082619156959	0.078253
5	32623	2.08305228166	0.075168
5	32639	2.083640704585	0.195039
5	32643	2.084079963121	0.143603
5	32650	2.084604379116	0.113178
5	32657	2.085043654884	0.11317
5	32670	2.085618331103	0.113035
5	32674	2.086078900216	0.112718
5	32681	2.086596360324	0.112937
5	32688	2.087099195718	0.112616
5	32701	2.087616548113	0.112747
5	32705	2.088057943723	0.112539
5	32712	2.088640488014	0.113962
5	32716	2.089028225313	0.112807
5	32732	2.089674399088	0.124733
5	32736	2.09000758235	0.2266
5	32743	2.090712112348	0.098649
5	32747	2.090986284673	0.075319
5	32763	2.091695588819	0.07475
5	32767	2.091999997425	0.074531
5	32774	2.092652091743	0.074386
5	32778	2.092960192225	0.074455
5	32794	2.09363322213	0.074691
5	32798	2.093914324145	0.074685
5	32805	2.094661951926	0.074751
5	32809	2.094955099629	0.074555
5	32822	2.095626158797	0.074309
5	32829	2.095914280502	0.074478
5	32836	2.096650336596	0.075348
5	32840	2.096883928413	0.074392
5	32853	2.097603383796	0.074464
5	32860	2.097878367734	0.074684
5	32867	2.098637210176	0.074479
5	32871	2.098862193362	0.074473
5	32887	2.099675894255	0.087535
5	32894	2.099908293914	0.075309
5	32901	2.100671922195	0.074642
5	32908	2.100930823726	0.074559
5	32921	2.101712146671	0.074609
5	32925	2.101952545206	0.084214
5	32932	2.102689789039	0.075227
5	32939	2.102963941246	0.07444
5	32952	2.103690362883	0.074444
5	32956	2.103920608364	0.074331
5	32963	2.104711790143	0.074219
5	32970	2.104960910854	0.074364
5	32983	2.105735383599	0.07446
5	32987	2.105996915285	0.074285
5	32997	2.106769827407	0.074246
5	33001	2.107040919185	0.07416
5	33014	2.107771038253	0.074381
5	33018	2.10800142816	0.074202
5	33028	2.108767102371	0.074198
5	33032	2.109023651062	0.074316
5	33042	2.109741646839	0.075106
5	33049	2.10998482415	0.074465
5	33059	2.110747739821	0.074358
5	33063	2.110982534301	0.074427
5	33076	2.111794864938	0.074381
5	33080	2.111985435305	0.076521
5	33090	2.112765763135	0.074817
5	33094	2.113007385892	0.074319
5	33107	2.113722499479	0.074276
5	33111	2.114045169922	0.074519
5	33121	2.114769098657	0.07445
5	33125	2.115060431494	0.074231
5	33138	2.115809970276	0.074383
5	33145	2.116091355313	0.075194
5	33152	2.116762381683	0.074459
5	33156	2.117133793133	0.07439
5	33166	2.117740248019	0.074479
5	33176	2.118131846725	0.074415
5	33186	2.118738041896	0.074498
5	33190	2.119109091952	0.074457
5	33200	2.119756554746	0.074429
5	33210	2.120094281608	0.074377
5	33217	2.120801189584	0.074304
5	33221	2.121108611511	0.074342
5	33231	2.121846790199	0.074304
5	33241	2.122154646283	0.085181
5	33248	2.122832076171	0.075306
5	33252	2.123120340637	0.074542
5	33262	2.123837790158	0.074517
5	33269	2.124077291	0.07433
5	33279	2.124802223757	0.074294
5	33283	2.125032573882	0.074242
5	33296	2.125812214443	0.080294
5	33300	2.126032505961	0.075173
5	33310	2.126836588562	0.076315
5	33314	2.127064508517	0.075024
5	33327	2.127851019076	0.074508
5	33331	2.128017601027	0.074417
5	33341	2.128803019789	0.075488
5	33345	2.128972840392	0.074534
5	33355	2.129783102279	0.074516
5	33359	2.12994589228	0.07475
5	33372	2.130812235932	0.074628
5	33376	2.130907328825	0.075327
5	33386	2.131766963863	0.075203
5	33393	2.131927297198	0.075728
5	33403	2.132753534054	0.076585
5	33407	2.132890706947	0.076874
5	33417	2.133781298647	0.078308
5	33421	2.133858234458	0.153888
5	33434	2.134752844215	0.084787
5	33438	2.134902321694	0.076494
5	33445	2.135738423185	0.146488
5	33455	2.135918366279	0.203839
5	33465	2.136787682207	0.188058
5	33469	2.136949008328	0.180852
5	33479	2.137742284965	0.180337
5	33483	2.137920467656	0.179793
5	33499	2.138740296494	0.182052
5	33503	2.138968160893	0.185912
5	33510	2.1397237638	0.083091
5	33517	2.139989158273	0.076511
5	33530	2.140771387544	0.076051
5	33534	2.140987850588	0.075905
5	33541	2.141738000004	0.075855
5	33551	2.142035730731	0.075973
5	33561	2.142778037381	0.088199
5	33565	2.142998171215	0.074624
5	33572	2.143769268021	0.074392
5	33585	2.144016233595	0.074446
5	33592	2.14473221241	0.074434
5	33596	2.145002719598	0.074481
5	33606	2.14576565521	0.074652
5	33613	2.146034394497	0.074483
5	33623	2.146718455198	0.07523
5	33627	2.147056355992	0.074423
5	33631	2.147692782918	0.074393
5	33644	2.148025725181	0.074336
5	33654	2.148683637165	0.074292
5	33658	2.149027681368	0.074342
5	33662	2.149678063046	0.088383
5	33675	2.150001037068	0.075201
5	33685	2.15067403455	0.074722
5	33689	2.150997645532	0.074288
5	33693	2.151693276866	0.074396
5	33703	2.151992440768	0.074433
5	33716	2.152726938937	0.074489
5	33720	2.153027552809	0.074636
5	33724	2.153684503924	0.074424
5	33740	2.154003616023	0.074388
5	33747	2.154709314148	0.074401
5	33751	2.155007901758	0.074312
5	33758	2.155754787498	0.074382
5	33768	2.155988237674	0.074318
5	33778	2.156711031681	0.074279
5	33782	2.156960928123	0.074347
5	33789	2.157729736235	0.074334
5	33799	2.157997019183	0.074454
5	33812	2.158776636999	0.076201
5	33816	2.158999072986	0.074921
5	33823	2.159796418415	0.0747
5	33830	2.15996012423	0.074472
5	33843	2.160813406538	0.084924
5	33847	2.160923850318	0.075357
5	33857	2.161793760995	0.074661
5	33861	2.161874973694	0.074395
5	33874	2.162829055908	0.074641
5	33878	2.162846813779	0.074524
5	33888	2.163831249733	0.074335
5	33892	2.163874577361	0.07447
5	33905	2.164793682582	0.074522
5	33909	2.164907871327	0.080077
5	33919	2.16578714346	0.077845
5	33923	2.165890626553	0.080545
5	33936	2.16678680383	0.0752
5	33940	2.16688802819	0.074559
5	33950	2.167772723763	0.074838
5	33954	2.167909613958	0.074699
5	33967	2.168758531177	0.074624
5	33971	2.168932436299	0.110803
5	33981	2.169783923008	0.075916
5	33985	2.169980536622	0.074589
5	33998	2.170795031404	0.074974
5	34002	2.171000364137	0.074871
5	34009	2.171799097719	0.075817
5	34016	2.171960891706	0.075018
5	34029	2.172827505365	0.087443
5	34033	2.172948082604	0.076073
5	34043	2.173849490479	0.075185
5	34047	2.173907304864	0.074504
5	34060	2.174828665874	0.075178
5	34064	2.174932636437	0.074428
5	34071	2.175851357745	0.07453
5	34075	2.175895542387	0.07477
5	34088	2.176808631266	0.074286
5	34092	2.17687077201	0.074609
5	34102	2.177811836156	0.074921
5	34106	2.177844606041	0.075617
5	34119	2.178794093737	0.07435
5	34123	2.178824985932	0.07478
5	34136	2.17981970788	0.075934
5	34140	2.179829920048	0.074578
5	34156	2.180843206619	0.07484
5	34160	2.180859246081	0.074913
5	34167	2.181800642264	0.074951
5	34171	2.181835654938	0.07539
5	34184	2.182819866027	0.074677
5	34188	2.182850353542	0.074633
5	34198	2.183791097085	0.074516
5	34202	2.183805936517	0.076972
5	34215	2.184765575282	0.078422
5	34219	2.184818918225	0.076226
5	34229	2.185734207982	0.076637
5	34233	2.185785958233	0.07516
5	34246	2.186698767813	0.075287
5	34250	2.186750657942	0.075274
5	34260	2.187719322636	0.075688
5	34264	2.187747126352	0.076222
5	34277	2.188713333078	0.076988
5	34281	2.188733178403	0.07556
5	34291	2.189687641429	0.080907
5	34295	2.189744415129	0.075276
5	34308	2.190719016537	0.076676
5	34312	2.190744034301	0.075296
5	34322	2.191746420542	0.076138
5	34326	2.191758918156	0.075773
5	34339	2.192741664887	0.075271
5	34343	2.192763793728	0.0762
5	34353	2.193711974721	0.076328
5	34357	2.193786338296	0.075744
5	34370	2.194702389365	0.084764
5	34374	2.194755351464	0.077292
5	34384	2.195716882451	0.077079
5	34388	2.19576121096	0.086149
5	34401	2.196712707137	0.076851
5	34405	2.19675156509	0.076433
5	34415	2.197761015114	0.077004
5	34419	2.197777967181	0.077836
5	34429	2.198736306403	0.077824
5	34433	2.198763899441	0.077153
5	34449	2.199722948958	0.080029
5	34453	2.199736590613	0.077159
5	34463	2.200740970996	0.078224
5	34467	2.200741165795	0.077656
5	34480	2.201713819579	0.077015
5	34484	2.201785291924	0.076596
5	34494	2.202741543693	0.077248
5	34498	2.202742916561	0.076522
5	34511	2.203701263921	0.075393
5	34515	2.203755847096	0.076435
5	34525	2.204689283161	0.076328
5	34529	2.204706411168	0.075585
5	34542	2.205670069881	0.075661
5	34546	2.205755733988	0.076552
5	34556	2.206673980199	0.07815
5	34560	2.206786318226	0.076809
5	34576	2.20770711394	0.089153
5	34580	2.207794742692	0.077593
5	34590	2.208666953346	0.076606
5	34594	2.208759653433	0.075451
5	34604	2.209699718283	0.076342
5	34611	2.209754072569	0.075451
5	34621	2.210703003877	0.076833
5	34625	2.210739672836	0.076167
5	34635	2.211701505785	0.07786
5	34639	2.211768030372	0.077767
5	34652	2.212657816561	0.089484
5	34656	2.212787932643	0.076419
5	34666	2.21362432594	0.077682
5	34673	2.213834917508	0.076457
5	34683	2.214625500114	0.075811
5	34687	2.214856021544	0.075256
5	34694	2.215635999801	0.074711
5	34701	2.215853534053	0.076423
5	34714	2.216638954506	0.075071
5	34718	2.216816566442	0.074642
5	34728	2.217615001642	0.075432
5	34735	2.217832024628	0.075645
5	34745	2.218634221265	0.076707
5	34749	2.218844413948	0.074912
5	34762	2.2196746752	0.077887
5	34772	2.21986970484	0.078512
5	34779	2.220635456182	0.078475
5	34783	2.220837128877	0.078543
5	34796	2.221627251628	0.079524
5	34803	2.221831762475	0.077053
5	34810	2.222655728633	0.076083
5	34814	2.222809762962	0.076731
5	34827	2.223701952206	0.077648
5	34834	2.223843841515	0.076959
5	34841	2.224736147302	0.076514
5	34845	2.224877703548	0.077946
5	34861	2.22573744754	0.078827
5	34865	2.22591024311	0.079661
5	34872	2.226749808969	0.076793
5	34876	2.226916325074	0.07566
5	34889	2.227710208874	0.076686
5	34896	2.227891499494	0.076491
5	34903	2.228682624589	0.076876
5	34907	2.228848482556	0.088797
5	34920	2.229718321559	0.0767
5	34930	2.229848588859	0.07715
5	34934	2.230716567591	0.088154
5	34938	2.230869076734	0.076411
5	34954	2.231740496191	0.075786
5	34961	2.231907418508	0.074962
5	34965	2.232772137519	0.075757
5	34969	2.232914749372	0.075352
5	34982	2.233759714223	0.074938
5	34989	2.233929503492	0.074539
5	34996	2.234717664335	0.075532
5	35000	2.234879886147	0.076189
5	35013	2.235705211963	0.083044
5	35020	2.23584352518	0.075258
5	35027	2.236673044665	0.07435
5	35031	2.236857542349	0.0743
5	35044	2.237661736613	0.074463
5	35048	2.23783743141	0.138492
5	35058	2.238691812349	0.076855
5	35062	2.238841392411	0.075354
5	35075	2.239642591366	0.08564
5	35082	2.239816148906	0.077541
5	35092	2.240641072833	0.076674
5	35096	2.240841310486	0.076071
5	35103	2.241650429761	0.076061
5	35113	2.24181697169	0.075702
5	35123	2.242606809111	0.075825
5	35127	2.242859074634	0.074923
5	35134	2.24360352155	0.074466
5	35147	2.243893441269	0.074631
5	35154	2.244650518212	0.074262
5	35161	2.244862910559	0.07453
5	35168	2.245658369158	0.074342
5	35178	2.245855153933	0.074466
5	35185	2.24669996472	0.075229
5	35192	2.246811402666	0.074885
5	35202	2.247717068027	0.074667
5	35206	2.247829876618	0.074985
5	35213	2.248690556069	0.074884
5	35220	2.248794407059	0.07433
5	35233	2.249650378859	0.074655
5	35237	2.249795277252	0.074337
5	35249	2.250699500963	0.122174
5	35253	2.250752781713	0.079052
5	35263	2.251697078959	0.07688
5	35267	2.251705000099	0.075775
5	35277	2.252649258474	0.127245
5	35284	2.252753211589	0.084608
5	35294	2.253670390084	0.077445
5	35298	2.253769741857	0.076472
5	35308	2.254630692631	0.074854
5	35315	2.254762801306	0.092169
5	35325	2.255655143712	0.07519
5	35332	2.255798820902	0.088959
5	35342	2.256659266649	0.074672
5	35346	2.256788352432	0.074635
5	35356	2.257672162516	0.074577
5	35360	2.257776901097	0.074474
5	35373	2.258709539881	0.07437
5	35377	2.258773915203	0.074709
5	35390	2.259727011627	0.075367
5	35394	2.259758632135	0.074645
5	35407	2.260687237216	0.074479
5	35411	2.260715713565	0.074478
5	35421	2.261661597031	0.074383
5	35428	2.261719909709	0.074462
5	35438	2.262626334843	0.074469
5	35442	2.262676100383	0.07446
5	35452	2.263610350113	0.074634
5	35456	2.263631019273	0.074603
5	35469	2.264634414641	0.074625
5	35473	2.264678637751	0.074233
5	35483	2.265625472257	0.07435
5	35487	2.265655148099	0.075085
5	35500	2.266577196886	0.085752
5	35504	2.266622823765	0.075455
5	35514	2.267559552827	0.074583
5	35518	2.267598407116	0.074423
5	35531	2.268552023701	0.074229
5	35535	2.268595727536	0.074355
5	35545	2.269510886429	0.074286
5	35549	2.269556698586	0.074354
5	35559	2.270538365293	0.074477
5	35566	2.270587832192	0.074453
5	35576	2.271552669211	0.074402
5	35580	2.271597510965	0.074866
5	35590	2.2725074396	0.075503
5	35594	2.272569187627	0.074496
5	35607	2.273528863867	0.074614
5	35611	2.273576885478	0.074507
5	35624	2.274533802216	0.074808
5	35628	2.274594467105	0.074388
5	35638	2.275542192707	0.074322
5	35642	2.275587653123	0.074973
5	35655	2.276584380154	0.074479
5	35659	2.276586305657	0.074494
5	35669	2.277547644244	0.07445
5	35673	2.277582266124	0.074622
5	35686	2.278575216895	0.074352
5	35690	2.278614810398	0.083203
5	35703	2.279572537712	0.076719
5	35707	2.279576942996	0.07603
5	35720	2.280548460779	0.075028
5	35724	2.280574713568	0.074941
5	35734	2.281556436464	0.074591
5	35738	2.281613993589	0.074631
5	35751	2.282596744142	0.074343
5	35755	2.282663812008	0.07471
5	35765	2.28358186266	0.074779
5	35769	2.283686285769	0.07457
5	35782	2.284625582711	0.074458
5	35786	2.284638959634	0.074568
5	35796	2.285581257898	0.075179
5	35800	2.285611368488	0.074553
5	35813	2.286535899076	0.07429
5	35817	2.286636407697	0.074449
5	35824	2.28754545619	0.074614
5	35834	2.287615877128	0.074513
5	35844	2.288513317513	0.074452
5	35848	2.288633970175	0.074261
5	35861	2.289542729328	0.074447
5	35865	2.289637842385	0.074627
5	35872	2.290559507434	0.084821
5	35879	2.290654282145	0.075479
5	35892	2.291512211583	0.075251
5	35896	2.291670034285	0.075748
5	35903	2.292498617641	0.074577
5	35907	2.292630502731	0.0744
5	35920	2.293543107896	0.074415
5	35924	2.293604494041	0.074305
5	35934	2.29455678156	0.074589
5	35941	2.294627791635	0.074664
5	35951	2.295518563763	0.074264
5	35955	2.295589921577	0.074643
5	35965	2.29649710466	0.081276
5	35972	2.296592043176	0.075319
5	35985	2.297491731898	0.075197
5	35989	2.297591381449	0.07515
5	35996	2.298528579918	0.075649
5	36000	2.29861240066	0.074589
5	36019	2.299573285379	0.074912
5	36023	2.29957776544	0.07469
5	36033	2.300527108862	0.074652
5	36037	2.300549926049	0.074907
5	36050	2.301527816934	0.074785
5	36054	2.301573833093	0.084996
5	36064	2.302541524688	0.07512
5	36068	2.302545865897	0.081147
5	36081	2.303500849728	0.074496
5	36085	2.303510597454	0.07442
5	36095	2.304507442013	0.075201
5	36099	2.304549689792	0.074215
5	36112	2.305477825046	0.074334
5	36116	2.305568578604	0.074923
5	36126	2.306443745885	0.07423
5	36130	2.306581795686	0.074263
5	36146	2.307488579115	0.07469
5	36150	2.307540993703	0.074893
5	36157	2.308495421237	0.075008
5	36161	2.308580530079	0.074573
5	36177	2.309490010429	0.074766
5	36181	2.309567075681	0.074866
5	36188	2.310526693272	0.074817
5	36192	2.310532168343	0.074528
5	36208	2.311514191669	0.074474
5	36212	2.311574531407	0.075244
5	36219	2.312466339382	0.075812
5	36223	2.31253486652	0.085845
5	36239	2.313487596792	0.076323
5	36243	2.313538592746	0.077265
5	36250	2.314476905577	0.078489
5	36254	2.314548389798	0.07488
5	36270	2.315477952091	0.079333
5	36274	2.315511344868	0.077419
5	36281	2.316515725786	0.078244
5	36285	2.316527687274	0.078173
5	36301	2.317553419447	0.078849
5	36305	2.317573029892	0.078487
5	36312	2.318536843062	0.076833
5	36316	2.318575724495	0.076377
5	36332	2.319515846408	0.078884
5	36336	2.319564857897	0.075965
5	36346	2.320553211083	0.076591
5	36350	2.32060421714	0.075608
5	36363	2.321534808956	0.07576
5	36367	2.321570347943	0.075994
5	36377	2.322518551545	0.076433
5	36381	2.32255327096	0.076984
5	36394	2.323519115001	0.076766
5	36401	2.3235521223	0.088029
5	36408	2.324512197944	0.078198
5	36412	2.324529784841	0.08821
5	36425	2.325515469859	0.079469
5	36429	2.325560831701	0.076525
5	36439	2.326496010999	0.081389
5	36443	2.326560697148	0.078993
5	36456	2.327511670773	0.075693
5	36460	2.327541925511	0.07485
5	36467	2.328515022315	0.075118
5	36474	2.328580461151	0.075011
5	36487	2.32952538392	0.076206
5	36491	2.329532371474	0.075467
5	36501	2.330492169255	0.075245
5	36505	2.330572291885	0.074644
5	36518	2.33148058417	0.075027
5	36525	2.331620778173	0.074617
5	36532	2.33250463684	0.07468
5	36539	2.332640556329	0.074724
5	36552	2.333548758952	0.07479
5	36556	2.333646480227	0.074307
5	36563	2.334581495592	0.0749
5	36570	2.334664725796	0.074604
5	36583	2.33561399669	0.074642
5	36587	2.335626325941	0.085592
5	36597	2.336591840078	0.078228
5	36601	2.336653138418	0.076366
5	36614	2.337549930525	0.075859
5	36618	2.337661503349	0.074512
5	36631	2.338535297337	0.07609
5	36635	2.338698575127	0.075172
5	36648	2.339550722202	0.07488
5	36652	2.339719881318	0.07471
5	36659	2.340545955551	0.075293
5	36666	2.340740529343	0.074776
5	36679	2.341510268246	0.075396
5	36683	2.341756342722	0.075044
5	36690	2.342470063007	0.079039
5	36700	2.342745667971	0.078187
5	36710	2.343461766107	0.077187
5	36714	2.343736203101	0.076736
5	36718	2.344413572984	0.075303
5	36731	2.344730395735	0.075799
5	36741	2.345415841743	0.075312
5	36745	2.345750246927	0.086517
5	36755	2.346413162501	0.076315
5	36762	2.346778847535	0.075866
5	36772	2.347445897667	0.075967
5	36776	2.347742102779	0.074416
5	36786	2.348440442353	0.075557
5	36793	2.348740677184	0.076029
5	36803	2.349455846841	0.074589
5	36807	2.349728194803	0.079599
5	36820	2.350497706473	0.07463
5	36824	2.350730206373	0.074703
5	36834	2.351493098534	0.074771
5	36838	2.351763228405	0.074756
5	36851	2.352488593223	0.074885
5	36855	2.352728655843	0.074618
5	36865	2.353479439918	0.075655
5	36869	2.35377138424	0.074843
5	36876	2.354441474919	0.075318
5	36886	2.354757762143	0.082522
5	36896	2.355436125433	0.076477
5	36900	2.35578885825	0.074788
5	36913	2.356448982626	0.075136
5	36917	2.356749957755	0.075139
5	36927	2.357453568612	0.074932
5	36931	2.357741259876	0.084036
5	36938	2.358457459051	0.075755
5	36951	2.358743821983	0.075567
5	36961	2.359431044726	0.074615
5	36965	2.359785262237	0.075087
5	36972	2.360440336809	0.075023
5	36982	2.360770706898	0.074468
5	36992	2.361444679302	0.076228
5	36996	2.36178958705	0.075193
5	37003	2.362437881985	0.074641
5	37010	2.362740805225	0.074332
5	37023	2.363412524982	0.074492
5	37027	2.363757645819	0.074662
5	37031	2.364382595907	0.075649
5	37041	2.364718544283	0.07593
5	37054	2.365391355608	0.075087
5	37058	2.365762875	0.074828
5	37062	2.366393188633	0.074488
5	37072	2.366801992928	0.074376
5	37085	2.367436890498	0.075003
5	37089	2.367838179725	0.075834
5	37096	2.368461854117	0.074837
5	37103	2.36880364993	0.074856
5	37116	2.369480693428	0.083506
5	37120	2.369776734706	0.0757
5	37127	2.370479310642	0.074709
5	37134	2.37078905338	0.074585
5	37147	2.371484503749	0.07458
5	37151	2.371823926563	0.07479
5	37155	2.372494671249	0.074596
5	37165	2.372798412665	0.074881
5	37178	2.373480770057	0.079993
5	37182	2.373765050808	0.076042
5	37186	2.374435323701	0.076199
5	37199	2.374768240328	0.075941
5	37209	2.375422318765	0.075293
5	37213	2.375797489777	0.075007
5	37217	2.376386724056	0.07562
5	37230	2.376832911368	0.075071
5	37237	2.377428054545	0.075795
5	37244	2.377874792059	0.075369
5	37251	2.378454286465	0.07529
5	37264	2.378886766146	0.07723
5	37274	2.379501265666	0.076444
5	37278	2.379922743774	0.07504
5	37288	2.380537022523	0.075832
5	37295	2.380950238039	0.084826
5	37305	2.38150589045	0.075638
5	37309	2.381957253658	0.075994
5	37319	2.382520735984	0.078194
5	37326	2.382960103158	0.075786
5	37336	2.383552653968	0.074907
5	37340	2.383992353488	0.075188
5	37350	2.384573102589	0.076225
5	37357	2.385031537128	0.075657
5	37367	2.385534743633	0.075082
5	37371	2.386073600271	0.075089
5	37378	2.386529378878	0.075769
5	37391	2.38709844463	0.076346
5	37398	2.387493988397	0.077525
5	37402	2.388102726946	0.076786
5	37409	2.388483073747	0.077803
5	37425	2.389127800964	0.077891
5	37429	2.389468525001	0.07986
5	37433	2.390087396345	0.077296
5	37443	2.390504047692	0.076458
5	37456	2.391089798403	0.074893
5	37460	2.391522268962	0.075327
5	37464	2.392101466736	0.074447
5	37471	2.392525251819	0.074585
5	37487	2.393099297246	0.085155
5	37491	2.393536474452	0.076145
5	37495	2.394060327626	0.075961
5	37508	2.39452560562	0.076039
5	37515	2.395058805647	0.076585
5	37522	2.395512268412	0.077394
5	37526	2.396091393136	0.079733
5	37539	2.396546141835	0.077046
5	37549	2.397139110191	0.083779
5	37553	2.397582287828	0.076617
5	37557	2.398128389083	0.077041
5	37576	2.398618982775	0.077509
5	37583	2.399096908784	0.076245
5	37587	2.399636891967	0.077161
5	37591	2.400104216324	0.075243
5	37607	2.400660411242	0.077903
5	37614	2.401153714137	0.079714
5	37618	2.401638361624	0.077271
5	37622	2.402177164389	0.078425
5	37638	2.402627354402	0.076083
5	37645	2.403204438924	0.092699
5	37649	2.403587197021	0.079163
5	37656	2.404189787613	0.078423
5	37669	2.404543434585	0.075555
5	37676	2.40517713044	0.07476
5	37680	2.40551336183	0.074189
5	37687	2.406220756923	0.075441
5	37700	2.406554366521	0.074242
5	37707	2.407209747838	0.074364
5	37711	2.407594136811	0.074291
5	37718	2.408225845311	0.074706
5	37731	2.408613539232	0.074325
5	37738	2.40918246832	0.07427
5	37742	2.409576432692	0.075057
5	37749	2.410137645041	0.081958
5	37756	2.410603664138	0.144664
5	37766	2.41109937509	0.078109
5	37773	2.411629300755	0.075827
5	37780	2.412145045074	0.080052
5	37790	2.412650537495	0.077238
5	37797	2.413101216095	0.076018
5	37804	2.413622238844	0.075462
5	37811	2.41413840524	0.075556
5	37821	2.414664203257	0.086204
5	37831	2.415157772796	0.075081
5	37835	2.415702086467	0.074502
5	37842	2.416165982784	0.074716
5	37852	2.416672841961	0.074417
5	37862	2.4171396728	0.074744
5	37866	2.417628597714	0.074758
5	37873	2.418162104535	0.075197
5	37886	2.418600643642	0.076331
5	37896	2.419174194597	0.084996
5	37900	2.419634973665	0.075731
5	37907	2.420149094601	0.075358
5	37917	2.420593830261	0.074368
5	37927	2.42110259383	0.074953
5	37931	2.421600181624	0.074882
5	37935	2.422131383528	0.075701
5	37945	2.422613782661	0.075341
5	37958	2.423173124978	0.07492
5	37962	2.423620328221	0.074766
5	37966	2.424170900549	0.074705
5	37979	2.424640914713	0.075765
5	37989	2.425213904617	0.075371
5	37993	2.425688394288	0.075038
5	37997	2.426221007204	0.084679
5	38010	2.426657300279	0.075747
5	38020	2.427187292396	0.074845
5	38024	2.427652721394	0.074864
5	38031	2.428223900252	0.074468
5	38041	2.428625429016	0.074928
5	38051	2.429234108436	0.075201
5	38055	2.429598137174	0.07454
5	38059	2.430263726998	0.074252
5	38075	2.430594440144	0.074269
5	38082	2.431276428358	0.075179
5	38086	2.431558824489	0.074624
5	38090	2.432226476581	0.075494
5	38103	2.432554933929	0.074996
5	38113	2.433197717979	0.074717
5	38117	2.43357173181	0.074867
5	38121	2.434195476597	0.074184
5	38134	2.434551548238	0.074315
5	38144	2.435156625468	0.074901
5	38148	2.435531846457	0.074766
5	38155	2.436139131153	0.074915
5	38165	2.436517398819	0.075169
5	38175	2.437111277434	0.074714
5	38179	2.437555903136	0.085142
5	38183	2.438137523578	0.083907
5	38199	2.438522443104	0.0756
5	38209	2.439173261991	0.074704
5	38213	2.43951815372	0.074603
5	38217	2.440131205623	0.074821
5	38230	2.440550273103	0.075186
5	38240	2.441146369473	0.074854
5	38244	2.441508686992	0.075278
5	38248	2.442113682511	0.074711
5	38261	2.442528365766	0.074592
5	38271	2.44307285537	0.079201
5	38275	2.443528468785	0.076
5	38279	2.444095889366	0.074515
5	38292	2.444523088248	0.074931
5	38299	2.445056995349	0.074832
5	38306	2.44547722603	0.074428
5	38310	2.446060941154	0.074832
5	38317	2.446443444723	0.076003
5	38330	2.447053656605	0.074633
5	38337	2.44748530804	0.075008
5	38344	2.44805669701	0.085358
5	38351	2.448460707859	0.075556
5	38361	2.449094944399	0.074765
5	38368	2.449510348633	0.075038
5	38372	2.450088947976	0.076081
5	38385	2.450494252168	0.078132
5	38392	2.451129428795	0.076718
5	38399	2.451530632312	0.07577
5	38403	2.452161595735	0.075464
5	38413	2.452535908118	0.075353
5	38423	2.453112450054	0.074885
5	38430	2.453512098217	0.075226
5	38434	2.454149762227	0.075078
5	38444	2.454509498955	0.074564
5	38454	2.455117863753	0.074671
5	38461	2.455507876104	0.075526
5	38465	2.456140639525	0.074336
5	38478	2.456553054645	0.075454
5	38485	2.457104079895	0.074787
5	38492	2.457523633125	0.074891
5	38496	2.458114330048	0.074673
5	38512	2.458561703475	0.075551
5	38519	2.45909597554	0.074568
5	38526	2.459564478623	0.074495
5	38530	2.460114658517	0.086289
5	38543	2.460519200664	0.075821
5	38550	2.461076963109	0.07462
5	38557	2.461483739013	0.074531
5	38561	2.462032609824	0.074391
5	38571	2.462468921545	0.076125
5	38581	2.463023950258	0.076192
5	38585	2.463463341171	0.075809
5	38592	2.464073927083	0.083278
5	38602	2.46446065585	0.077135
5	38612	2.465089823358	0.076026
5	38619	2.465509379169	0.077002
5	38626	2.466098055608	0.075938
5	38633	2.466520476498	0.079744
5	38643	2.467123790882	0.074673
5	38650	2.467503304215	0.074388
5	38660	2.468146895178	0.074847
5	38664	2.468495219286	0.074288
5	38674	2.46911047819	0.074409
5	38678	2.469523422307	0.075571
5	38688	2.470060486251	0.076045
5	38695	2.470479990848	0.075816
5	38705	2.471054941754	0.075075
5	38709	2.471481537641	0.074661
5	38716	2.472061830825	0.083636
5	38729	2.47246546244	0.075255
5	38736	2.473068908142	0.074306
5	38740	2.473443742392	0.074505
5	38747	2.474112495435	0.074565
5	38760	2.474479439943	0.074483
5	38767	2.475067981308	0.074329
5	38771	2.4755178596	0.074444
5	38781	2.476084529143	0.074603
5	38791	2.476501045069	0.075293
5	38795	2.477075653656	0.074403
5	38802	2.47747891496	0.074347
5	38812	2.47810483268	0.074422
5	38825	2.47844438641	0.074747
5	38829	2.479114708911	0.075005
5	38836	2.4794482521	0.074878
5	38846	2.480157061151	0.074878
5	38853	2.48042453705	0.074392
5	38863	2.4811612586	0.074593
5	38867	2.481437946718	0.074632
5	38877	2.482184161191	0.07442
5	38884	2.482469470731	0.075114
5	38894	2.483165637453	0.074321
5	38898	2.483510320261	0.083558
5	38911	2.484178688534	0.075285
5	38918	2.484546824147	0.074663
5	38922	2.485194770251	0.074366
5	38929	2.485576649516	0.074303
5	38942	2.486179163628	0.074232
5	38946	2.486601393353	0.074257
5	38953	2.48714764052	0.074304
5	38960	2.487591663108	0.074335
5	38973	2.488171275452	0.074223
5	38980	2.488612881869	0.074184
5	38984	2.489140840788	0.075333
5	38991	2.489571770623	0.076455
5	39004	2.490161131874	0.075911
5	39011	2.490599952595	0.079159
5	39015	2.491194528054	0.075058
5	39022	2.491617405687	0.082052
5	39035	2.492168122894	0.075619
5	39039	2.492584569305	0.157877
5	39046	2.493166804599	0.135973
5	39053	2.49357310959	0.133438
5	39066	2.494199472619	0.093462
5	39070	2.494581742925	0.074948
5	39077	2.495236890439	0.074602
5	39084	2.495616296655	0.074607
5	39097	2.496273617313	0.074479
5	39101	2.496577397537	0.074336
5	39108	2.497309713695	0.074417
5	39115	2.497547325274	0.074448
5	39131	2.498328737884	0.075005
5	39135	2.498544171344	0.07439
5	39145	2.49931123	0.074443
5	39149	2.499562299076	0.074251
5	39164	2.500266314281	0.08202
5	39168	2.500570133492	0.076369
5	39175	2.501271726911	0.075769
5	39182	2.501562881877	0.075815
5	39195	2.502284741567	0.075908
5	39199	2.502566142534	0.075605
5	39206	2.503294414679	0.074868
5	39213	2.503528826215	0.074633
5	39226	2.504255856286	0.074825
5	39230	2.504527177489	0.074851
5	39237	2.505222919017	0.074416
5	39244	2.505552141976	0.07431
5	39254	2.506193194764	0.074408
5	39261	2.506579632653	0.075136
5	39268	2.507192671496	0.074518
5	39275	2.507585141459	0.074865
5	39285	2.50822347795	0.074995
5	39292	2.508552051895	0.074574
5	39299	2.5091756021	0.074935
5	39306	2.509516461371	0.075047
5	39313	2.510218289634	0.075334
5	39323	2.510557605374	0.089374
5	39330	2.5111867704	0.089349
5	39334	2.511551906346	0.075348
5	39341	2.512198763137	0.074578
5	39354	2.512509896263	0.07442
5	39361	2.513234539629	0.075211
5	39368	2.513529909081	0.074202
5	39378	2.514200945954	0.07437
5	39385	2.514514839321	0.074365
5	39392	2.515181407086	0.074273
5	39399	2.515470972878	0.0743
5	39412	2.516171714149	0.074163
5	39416	2.516481432397	0.082099
5	39423	2.517174610976	0.075507
5	39430	2.517499826532	0.074639
5	39446	2.518222897723	0.074672
5	39450	2.5185272577	0.074348
5	39454	2.519241436935	0.075373
5	39464	2.51950432543	0.07436
5	39477	2.520219276617	0.074417
5	39481	2.520545262551	0.074281
5	39488	2.521266527327	0.074353
5	39495	2.521518514767	0.07426
5	39508	2.522237215443	0.0847
5	39512	2.52252747459	0.075255
5	39519	2.523188068562	0.074618
5	39523	2.523567686677	0.074379
5	39539	2.524189128835	0.074352
5	39543	2.524551548326	0.074307
5	39550	2.525206149462	0.074186
5	39554	2.525515296822	0.075195
5	39567	2.526188860119	0.074454
5	39574	2.526546533655	0.074209
5	39581	2.527213789301	0.074245
5	39585	2.527570858998	0.074249
5	39598	2.528171616408	0.074335
5	39605	2.528538707853	0.074343
5	39612	2.529172544507	0.07424
5	39619	2.529573036159	0.074187
5	39626	2.530149354214	0.074216
5	39636	2.530588542088	0.074202
5	39643	2.531177244907	0.074238
5	39647	2.531556411867	0.074484
5	39660	2.532162093057	0.074492
5	39667	2.532594707753	0.075423
5	39674	2.533162373586	0.074452
5	39681	2.533549782221	0.079089
5	39691	2.534133208731	0.087284
5	39698	2.534530045551	0.076159
5	39705	2.535172146459	0.076943
5	39712	2.535494561941	0.07532
5	39725	2.536169291869	0.075835
5	39729	2.536531249283	0.075255
5	39739	2.537169254627	0.076147
5	39743	2.537564305378	0.075939
5	39753	2.538122810192	0.077016
5	39763	2.538596253909	0.076574
5	39770	2.53914264472	0.0748
5	39777	2.539569845158	0.074547
5	39787	2.540164958245	0.074756
5	39794	2.540555506041	0.074591
5	39801	2.54112566434	0.074546
5	39808	2.541511309598	0.07472
5	39818	2.542114591709	0.074792
5	39825	2.542517753438	0.074671
5	39832	2.543114810414	0.087034
5	39839	2.543488693457	0.075837
5	39849	2.544153090159	0.075144
5	39856	2.544450699184	0.074761
5	39863	2.545135681154	0.075489
5	39867	2.545465813043	0.084247
5	39880	2.546101148149	0.075445
5	39884	2.546456947692	0.074748
5	39894	2.547147591891	0.07455
5	39898	2.547449107635	0.074443
5	39911	2.548134536746	0.074795
5	39918	2.548448129837	0.074716
5	39925	2.54917864001	0.07787
5	39932	2.549479175592	0.076298
5	39942	2.550174441509	0.074909
5	39949	2.550464726139	0.074827
5	39956	2.551199322692	0.074778
5	39960	2.551474011684	0.075618
5	39973	2.552151561794	0.074695
5	39980	2.552453376506	0.074602
5	39987	2.553150315804	0.07475
5	39991	2.553471766008	0.074642
5	40004	2.554189157048	0.074798
5	40011	2.554468534782	0.074524
5	40018	2.555154878438	0.074387
5	40022	2.555420577354	0.074725
5	40035	2.55617697527	0.074661
5	40039	2.556392405855	0.074658
5	40049	2.557221878717	0.074806
5	40053	2.557426388677	0.074703
5	40066	2.558177079663	0.084649
5	40070	2.558446018785	0.081494
5	40083	2.559136720268	0.07583
5	40087	2.559468239404	0.074935
5	40100	2.560145829894	0.074837
5	40104	2.560484294906	0.07439
5	40114	2.56117034563	0.074358
5	40118	2.561493080506	0.074426
5	40131	2.562134918694	0.074224
5	40138	2.562515376654	0.074472
5	40145	2.563180889307	0.074545
5	40149	2.563478086309	0.074394
5	40162	2.564183774435	0.07465
5	40169	2.564483969436	0.075204
5	40176	2.565228324304	0.074376
5	40180	2.565484826302	0.074247
5	40193	2.566179522564	0.074379
5	40200	2.566498080421	0.074428
5	40207	2.567211557537	0.074249
5	40214	2.56746614936	0.074262
5	40224	2.568229578502	0.083274
5	40234	2.568500992002	0.075175
5	40238	2.569182638487	0.074549
5	40245	2.569481508499	0.074373
5	40252	2.570155870659	0.074467
5	40265	2.570437692381	0.074227
5	40269	2.571152792566	0.081576
5	40276	2.57142113473	0.075006
5	40289	2.572142981256	0.074568
5	40296	2.572420351892	0.074478
5	40300	2.57316702555	0.074457
5	40307	2.573425801517	0.074331
5	40317	2.574178131174	0.074461
5	40327	2.574422896923	0.074576
5	40334	2.575226566565	0.074524
5	40338	2.575411140713	0.074569
5	40354	2.576237342274	0.074487
5	40358	2.576369088355	0.074684
5	40362	2.577283367884	0.074726
5	40369	2.577329320972	0.074706
5	40385	2.578277447723	0.084339
5	40392	2.578324058116	0.075361
5	40396	2.579235590296	0.07452
5	40400	2.57927870219	0.074446
5	40413	2.580236917722	0.075097
5	40423	2.580305845457	0.077191
5	40427	2.581203170167	0.076652
5	40431	2.58128033432	0.07651
5	40450	2.582238069598	0.07777
5	40454	2.582316437798	0.075894
5	40458	2.583208440148	0.075572
5	40462	2.583281246313	0.322695
5	40478	2.584246939283	0.200881
5	40482	2.58424718299	0.180485
5	40489	2.585201157739	0.180244
5	40493	2.585215393175	0.179674
5	40509	2.586238935044	0.179332
5	40513	2.58625042863	0.179383
5	40520	2.587223711154	0.179577
5	40524	2.587270272215	0.239914
5	40540	2.588210483417	0.088032
5	40544	2.588312010716	0.077071
5	40551	2.589201265039	0.076676
5	40555	2.589357904852	0.076431
5	40571	2.590175448678	0.076186
5	40578	2.590378533075	0.075808
5	40582	2.591138597295	0.075825
5	40586	2.591346503733	0.084872
5	40602	2.592097212021	0.075661
5	40609	2.592336460669	0.074646
5	40613	2.593101843149	0.074796
5	40617	2.593382738197	0.074494
5	40633	2.594117917287	0.074437
5	40640	2.594429739472	0.074315
5	40644	2.595081480081	0.075308
5	40648	2.59543546502	0.074515
5	40664	2.596123915565	0.074367
5	40671	2.596470169559	0.074332
5	40675	2.597092105666	0.086227
5	40679	2.597503336413	0.075492
5	40692	2.598061419102	0.082837
5	40705	2.598468168962	0.076258
5	40709	2.599022441159	0.074746
5	40716	2.599484623501	0.074777
5	40726	2.599982049337	0.074591
5	40736	2.600459589761	0.213617
5	40740	2.601027510645	0.128248
5	40744	2.601502931467	0.125156
5	40757	2.60200430333	0.146936
5	40764	2.602528769496	0.101514
5	40771	2.603032378011	0.099345
5	40775	2.603572198795	0.098784
5	40788	2.603995659018	0.098686
5	40795	2.604585610011	0.119644
5	40802	2.60497385071	0.100264
5	40806	2.605579982511	0.100221
5	40819	2.605991402261	0.101771
5	40826	2.606611431159	0.100005
5	40833	2.607016113818	0.133595
5	40843	2.607651772293	0.08269
5	40850	2.608007382213	0.076037
5	40857	2.608616082839	0.075492
5	40864	2.60897305196	0.074685
5	40874	2.609642547328	0.074782
5	40878	2.610005243985	0.074809
5	40888	2.610637128471	0.074463
5	40895	2.610972744036	0.074556
5	40902	2.611677979306	0.074485
5	40912	2.611925480235	0.074497
5	40919	2.61266471881	0.074826
5	40926	2.612938341257	0.074485
5	40933	2.61365378876	0.074601
5	40943	2.613956169761	0.074685
5	40950	2.614631639221	0.075525
5	40957	2.614994033392	0.074606
5	40964	2.615621630195	0.074729
5	40974	2.616006552491	0.078665
5	40978	2.616670381937	0.077906
5	40988	2.616995541198	0.074778
5	40995	2.61764799288	0.096219
5	41005	2.618033013599	0.076249
5	41015	2.618680143175	0.074998
5	41022	2.619050259723	0.074642
5	41029	2.619655107361	0.074737
5	41039	2.620038277957	0.074916
5	41043	2.620671482198	0.074394
5	41053	2.621009494934	0.07452
5	41060	2.621627081451	0.074274
5	41070	2.622057638703	0.074669
5	41077	2.622625326801	0.074331
5	41084	2.623073253738	0.07427
5	41094	2.623648720214	0.074388
5	41101	2.624029779485	0.074392
5	41105	2.624657186037	0.074461
5	41115	2.625035323937	0.074356
5	41125	2.625651673487	0.074444
5	41132	2.626065949239	0.074329
5	41139	2.626695680548	0.074375
5	41146	2.627074324263	0.083719
5	41156	2.627676294708	0.075527
5	41163	2.628052959667	0.074585
5	41170	2.628724642671	0.074291
5	41177	2.629034531908	0.083921
5	41187	2.629761400322	0.075274
5	41194	2.630046456396	0.07447
5	41204	2.630796990425	0.074366
5	41208	2.631067287835	0.074377
5	41218	2.631750986424	0.074326
5	41222	2.632105439173	0.074272
5	41232	2.63275415733	0.07425
5	41239	2.63314736788	0.074404
5	41246	2.63372448329	0.075175
5	41253	2.634169816926	0.074354
5	41260	2.634724455144	0.074316
5	41270	2.635182036822	0.074272
5	41280	2.635705402375	0.074322
5	41284	2.636187191483	0.074395
5	41291	2.63669160239	0.074356
5	41301	2.637202728819	0.074239
5	41311	2.637739286974	0.074494
5	41315	2.638171319988	0.074231
5	41322	2.638709865566	0.074375
5	41335	2.63919335062	0.074576
5	41342	2.639705765424	0.075277
5	41349	2.64023787504	0.074393
5	41356	2.640679893057	0.078682
5	41366	2.641203080266	0.084519
5	41373	2.641651308811	0.075254
5	41380	2.642192079061	0.074525
5	41387	2.642689124682	0.0744
5	41397	2.643197087398	0.074319
5	41404	2.643682029908	0.074538
5	41411	2.64419759533	0.074297
5	41421	2.644715614555	0.074563
5	41428	2.645230015035	0.074291
5	41432	2.645736895261	0.074314
5	41442	2.646249666016	0.074614
5	41455	2.646748649487	0.074298
5	41459	2.647239063286	0.074371
5	41463	2.647767800283	0.074497
5	41473	2.648261354865	0.074351
5	41486	2.648731928013	0.074297
5	41490	2.649233039866	0.07448
5	41494	2.649735671723	0.07436
5	41501	2.650210734698	0.074536
5	41517	2.65071726653	0.074567
5	41521	2.651248079945	0.074369
5	41525	2.651704087179	0.074408
5	41532	2.652253720781	0.083267
5	41548	2.652738120052	0.075294
5	41552	2.653274220058	0.07616
5	41556	2.653772153682	0.075899
5	41563	2.654248458331	0.075509
5	41579	2.654797405766	0.074477
5	41583	2.655273303468	0.074338
5	41587	2.655802679781	0.074301
5	41600	2.656293861778	0.074338
5	41607	2.656835361713	0.085211
5	41614	2.657339035341	0.075602
5	41618	2.657856861501	0.074683
5	41628	2.65831271291	0.074436
5	41644	2.658893190772	0.074527
5	41648	2.659338522232	0.075378
5	41652	2.659939413575	0.074278
5	41662	2.660360244342	0.07427
5	41675	2.660928886505	0.074328
5	41679	2.661399381093	0.074298
5	41686	2.661933783393	0.074401
5	41696	2.662398635805	0.074309
5	41706	2.662949052045	0.077759
5	41710	2.663371781246	0.076427
5	41717	2.663903461057	0.084514
5	41727	2.664383626268	0.075465
5	41737	2.664948883845	0.080241
5	41741	2.665384337303	0.075386
5	41748	2.66599523245	0.075444
5	41758	2.666351084962	0.074367
5	41768	2.66696869785	0.074344
5	41772	2.667350824213	0.074297
5	41776	2.667926596869	0.074282
5	41789	2.668302929977	0.074313
5	41799	2.66892978882	0.074298
5	41803	2.669255219036	0.074282
5	41810	2.669940107772	0.074417
5	41823	2.670281705111	0.074198
5	41830	2.670939859469	0.074325
5	41834	2.671247927046	0.074439
5	41844	2.671974543744	0.074327
5	41851	2.672248023249	0.074279
5	41861	2.672948056616	0.075197
5	41865	2.673289798139	0.074264
5	41875	2.673970393417	0.074422
5	41879	2.674311590054	0.074204
5	41892	2.6749660971	0.07425
5	41896	2.675294776664	0.07421
5	41906	2.67600787699	0.074373
5	41913	2.676332222269	0.076593
5	41923	2.677050112558	0.074843
5	41927	2.677290507767	0.074709
5	41937	2.678029156803	0.074577
5	41941	2.678267538896	0.074385
5	41957	2.679069611232	0.075532
5	41961	2.679267831179	0.074535
5	41971	2.680068005539	0.074297
5	41975	2.680247544753	0.074366
5	41988	2.681048344354	0.074367
5	41992	2.681236342279	0.074106
5	42002	2.682033669018	0.074075
5	42006	2.682234073195	0.074483
5	42019	2.683055453634	0.074242
5	42023	2.683193201372	0.074091
5	42033	2.684077265138	0.074309
5	42037	2.684160746113	0.074348
5	42050	2.68511593587	0.074302
5	42054	2.685199323671	0.074216
5	42064	2.686101084626	0.07577
5	42074	2.686241338247	0.085355
5	42081	2.687146321706	0.076087
5	42085	2.687279572554	0.074407
5	42098	2.688177438195	0.074446
5	42108	2.688279835485	0.173083
5	42112	2.689172603082	0.089719
5	42116	2.689275177165	0.077942
5	42129	2.690149764694	0.075917
5	42136	2.690226206381	0.075841
5	42143	2.691178856097	0.076119
5	42147	2.691234894182	0.075678
5	42160	2.692145022095	0.074689
5	42167	2.692211716123	0.13933
5	42174	2.693130766759	0.085888
5	42178	2.693190207791	0.07603
5	42197	2.694136070628	0.075928
5	42201	2.694191691882	0.075866
5	42205	2.695173724865	0.075881
5	42209	2.695191519517	0.075332
5	42225	2.696149456691	0.074534
5	42229	2.696188454142	0.074422
5	42236	2.697164098984	0.074297
5	42240	2.697198086283	0.074211
5	42253	2.698129674282	0.074409
5	42263	2.698231957766	0.075157
5	42270	2.699136269161	0.074408
5	42274	2.699279835688	0.075211
5	42287	2.700174626989	0.07434
5	42291	2.700253676319	0.074276
5	42301	2.701188997537	0.074297
5	42305	2.70124022362	0.074371
5	42318	2.702224993573	0.086916
5	42322	2.70226300761	0.075601
5	42332	2.703265741725	0.074605
5	42336	2.703273237923	0.074769
5	42349	2.70426006957	0.074338
5	42353	2.704282949825	0.074517
5	42363	2.705253968351	0.074291
5	42367	2.705263776115	0.074335
5	42380	2.706220283613	0.075285
5	42384	2.706248806477	0.074235
5	42394	2.707266074686	0.074323
5	42398	2.70728788395	0.074289
5	42411	2.708247243927	0.074335
5	42415	2.70829939314	0.074302
5	42425	2.709203755247	0.07437
5	42429	2.709250545902	0.074176
5	42442	2.710162137797	0.074036
5	42446	2.71026319899	0.074253
5	42456	2.711149855873	0.079009
5	42460	2.711299605779	0.076613
5	42473	2.712121336669	0.076076
5	42477	2.712309897026	0.075486
5	42487	2.713075156757	0.074376
5	42491	2.713354411486	0.074416
5	42504	2.71405890492	0.074321
5	42511	2.714354643041	0.085244
5	42518	2.715050568513	0.075252
5	42528	2.715375176602	0.074655
5	42535	2.716071435624	0.074397
5	42542	2.716397999996	0.074134
5	42549	2.717091628971	0.074288
5	42556	2.717380012052	0.074362
5	42566	2.718077078846	0.074327
5	42576	2.718388944053	0.075442
5	42583	2.719100786786	0.074339
5	42590	2.719341459778	0.074657
5	42600	2.720115803743	0.074622
5	42610	2.720336961294	0.074572
5	42614	2.721125787806	0.074515
5	42621	2.721350706794	0.074308
5	42631	2.722168162363	0.074547
5	42638	2.72230869649	0.074525
5	42645	2.723185533396	0.07433
5	42649	2.723314565048	0.07458
5	42662	2.724155974897	0.074617
5	42669	2.724358588922	0.074153
5	42676	2.725183238947	0.074266
5	42683	2.725341279078	0.075178
5	42693	2.72619862851	0.084205
5	42700	2.726383908981	0.075263
5	42707	2.727151324996	0.074318
5	42714	2.72734388256	0.074366
5	42724	2.728110017673	0.074411
5	42728	2.728357022714	0.074472
5	42738	2.729088263203	0.074223
5	42742	2.729392097309	0.074336
5	42755	2.730038582178	0.074185
5	42765	2.730410102898	0.074277
5	42769	2.731057725401	0.074441
5	42773	2.731425478025	0.074324
5	42786	2.732103131586	0.075253
5	42796	2.732458317806	0.074357
5	42800	2.733093015533	0.07425
5	42807	2.733503844465	0.074217
5	42817	2.734060004988	0.07421
5	42827	2.734499435557	0.07464
5	42831	2.735010577621	0.074346
5	42838	2.735487255424	0.074488
5	42848	2.73598775624	0.078041
5	42858	2.73650276188	0.074412
5	42862	2.736962640478	0.074338
5	42869	2.737503280796	0.07427
5	42879	2.737943227018	0.074194
5	42892	2.738485848814	0.075006
5	42896	2.738906632569	0.074532
5	42903	2.739460049706	0.074203
5	42910	2.739886160857	0.074356
5	42923	2.74042159681	0.074243
5	42927	2.740919943793	0.074225
5	42934	2.741429921296	0.081072
5	42941	2.741891835374	0.075256
5	42954	2.742397378539	0.07475
5	42958	2.742903232796	0.074499
5	42965	2.743443319871	0.074476
5	42972	2.743869980931	0.074352
5	42985	2.744462290864	0.075068
5	42989	2.744861913845	0.074319
5	42996	2.745483131759	0.074295
5	43003	2.745860748609	0.074253
5	43016	2.746440232186	0.074319
5	43020	2.746860280893	0.074327
5	43027	2.747391055712	0.074389
5	43037	2.747882783748	0.074385
5	43047	2.748419990066	0.074773
5	43051	2.748858744402	0.074849
5	43061	2.749393179053	0.077022
5	43068	2.749822991348	0.074871
5	43077	2.750379245301	0.082301
5	43087	2.750810185652	0.075136
5	43094	2.751404417029	0.074415
5	43101	2.751851334282	0.074432
5	43108	2.752431525572	0.07452
5	43118	2.752870180371	0.074738
5	43125	2.753394727636	0.07457
5	43132	2.753888286281	0.074328
5	43142	2.75443897476	0.074349
5	43149	2.754921729357	0.074467
5	43156	2.755471173909	0.074256
5	43163	2.75587768187	0.07425
5	43173	2.75650070261	0.145762
5	43180	2.756904115217	0.090422
5	43187	2.757450738825	0.075478
5	43191	2.75785779892	0.074794
5	43207	2.758462114454	0.075812
5	43211	2.758848098164	0.075008
5	43221	2.759428893474	0.087382
5	43228	2.759871934556	0.076975
5	43238	2.760478597462	0.074609
5	43245	2.760902268466	0.074414
5	43252	2.761432653676	0.074367
5	43262	2.761867818436	0.074372
5	43269	2.762475467433	0.074334
5	43276	2.762887392153	0.075172
5	43283	2.763484589264	0.074233
5	43293	2.763921218029	0.074483
5	43300	2.764460588378	0.074221
5	43307	2.764950985723	0.074413
5	43314	2.765467364984	0.074588
5	43321	2.765948027544	0.074509
5	43331	2.76646813353	0.074302
5	43335	2.76695481266	0.074525
5	43345	2.767486991902	0.07446
5	43352	2.76790913353	0.074361
5	43362	2.768473047724	0.074443
5	43366	2.768873521563	0.076449
5	43373	2.769427477041	0.075952
5	43383	2.76986994417	0.074763
5	43393	2.770438022146	0.074488
5	43397	2.770848767436	0.074379
5	43407	2.771485705152	0.074346
5	43414	2.771888403197	0.083744
5	43424	2.77243611501	0.075235
5	43428	2.772933637331	0.07451
5	43438	2.773459270908	0.074342
5	43445	2.773983205138	0.074343
5	43455	2.774446971978	0.074355
5	43459	2.774971041024	0.074256
5	43469	2.775451751392	0.074335
5	43479	2.77602062404	0.075232
5	43486	2.776429119152	0.074474
5	43493	2.777008192737	0.074372
5	43500	2.777422867273	0.074394
5	43513	2.778014322343	0.074857
5	43520	2.778469873482	0.074571
5	43527	2.77899114235	0.074262
5	43537	2.779465622762	0.074484
5	43544	2.780029989771	0.081915
5	43551	2.780432165338	0.074558
5	43558	2.781062213517	0.074481
5	43568	2.781430402679	0.074405
5	43572	2.782013325586	0.083564
5	43582	2.782404767275	0.075159
5	43589	2.783005794678	0.074627
5	43599	2.783417276303	0.074247
5	43603	2.783965506295	0.074295
5	43613	2.78444705251	0.074387
5	43620	2.785014207106	0.074279
5	43630	2.7854458602	0.074328
5	43637	2.786011031964	0.074193
5	43644	2.786479483	0.074347
5	43654	2.786997382368	0.0743
5	43661	2.787480654442	0.074348
5	43668	2.787977451936	0.074346
5	43678	2.788468047909	0.213971
5	43685	2.788975157933	0.214203
5	43692	2.789466291329	0.249903
5	43696	2.789925535796	0.201919
5	43709	2.790503774893	0.180946
5	43716	2.790966763657	0.18016
5	43723	2.791526268969	0.186205
5	43730	2.791951818602	0.182504
5	43740	2.792559336815	0.180092
5	43747	2.792937273481	0.142633
5	43754	2.793604029937	0.081282
5	43761	2.793976634796	0.076213
5	43768	2.794581975895	0.0759
5	43778	2.794980041855	0.081633
5	43785	2.795578070668	0.078485
5	43792	2.795950129656	0.087899
5	43799	2.796565931636	0.075953
5	43809	2.796927705172	0.074382
5	43822	2.797552529998	0.074897
5	43826	2.797878860239	0.074586
5	43836	2.798535242379	0.074607
5	43843	2.798850055033	0.074579
5	43853	2.799582530212	0.075748
5	43857	2.799834027197	0.075826
5	43867	2.800632204968	0.075839
5	43874	2.800799551903	0.074986
5	43884	2.801606808411	0.074534
5	43888	2.801771985834	0.074381
5	43898	2.80265391462	0.089833
5	43902	2.802725607035	0.075556
5	43912	2.803606158686	0.07478
5	43916	2.803709494059	0.074643
5	43926	2.804565092479	0.074443
5	43933	2.804696178537	0.074456
5	43943	2.805577599402	0.074481
5	43947	2.805665170899	0.075665
5	43957	2.806533333225	0.075929
5	43967	2.806673614056	0.075755
5	43974	2.807529616177	0.074813
5	43978	2.807652414517	0.074374
5	43991	2.808510065259	0.074205
5	44001	2.808645535121	0.07431
5	44005	2.809558451671	0.074395
5	44012	2.809674882068	0.074482
5	44028	2.810598204973	0.074299
5	44032	2.810678737854	0.074432
5	44036	2.811624413383	0.074555
5	44040	2.811648102617	0.074269
5	44059	2.812575002747	0.074557
5	44063	2.81268714628	0.076078
5	44067	2.813616511328	0.075786
5	44071	2.813658193591	0.075877
5	44090	2.814620898573	0.085297
5	44094	2.814659842744	0.076706
5	44101	2.815635407656	0.074658
5	44105	2.815641268488	0.074432
5	44121	2.816594011804	0.074485
5	44125	2.816649509949	0.074391
5	44135	2.81756616427	0.074571
5	44139	2.817670184779	0.07436
5	44155	2.81858840295	0.07433
5	44159	2.818700626383	0.075355
5	44166	2.819594794205	0.080699
5	44170	2.819703804719	0.07428
5	44186	2.82059719005	0.074344
5	44190	2.820724054594	0.074416
5	44197	2.821643146095	0.074544
5	44201	2.821698303291	0.074238
5	44217	2.822686549725	0.07447
5	44221	2.822688709709	0.074289
5	44228	2.823640469842	0.074399
5	44232	2.823647070481	0.07436
5	44245	2.824615228663	0.074368
5	44249	2.824632092021	0.074293
5	44259	2.82557697883	0.075053
5	44263	2.825680468332	0.074248
5	44276	2.826571093481	0.085519
5	44283	2.826713842368	0.075101
5	44290	2.827590323234	0.074507
5	44294	2.827763545223	0.074505
5	44304	2.82860418063	0.074322
5	44314	2.828766227816	0.074269
5	44321	2.829619998891	0.074436
5	44325	2.829794946763	0.074461
5	44335	2.830578707953	0.074278
5	44342	2.830784057254	0.074535
5	44352	2.831579775492	0.074474
5	44356	2.831822367587	0.075168
5	44369	2.832554946239	0.074524
5	44373	2.832822925543	0.074367
5	44383	2.833594088605	0.074421
5	44387	2.83386794269	0.074323
5	44400	2.83459782131	0.074353
5	44404	2.834891994848	0.081892
5	44414	2.835630385983	0.075162
5	44418	2.835902488924	0.074591
5	44431	2.836656614528	0.074507
5	44435	2.836949104156	0.074457
5	44448	2.837661914388	0.074511
5	44455	2.837962197338	0.085201
5	44465	2.838650636272	0.075274
5	44469	2.838969366866	0.074542
5	44479	2.839698519172	0.074482
5	44486	2.839938993932	0.074433
5	44496	2.840682235299	0.074224
5	44503	2.84094115417	0.074377
5	44510	2.841710219117	0.074373
5	44514	2.841912030726	0.077348
5	44527	2.842748705241	0.076421
5	44531	2.842937657475	0.074787
5	44541	2.843720877145	0.075709
5	44545	2.843972423021	0.07442
5	44558	2.844752468056	0.075422
5	44562	2.844932325281	0.074445
5	44572	2.845739043065	0.074324
5	44576	2.845939067293	0.074315
5	44589	2.846746871954	0.074513
5	44593	2.846905059457	0.074236
5	44603	2.847777201558	0.074409
5	44607	2.847865778299	0.074256
5	44620	2.848730311084	0.074265
5	44624	2.848829069065	0.084325
5	44634	2.849765077076	0.075314
5	44638	2.849838908268	0.074412
5	44651	2.850796272314	0.074331
5	44655	2.850796317981	0.074574
5	44665	2.851764684945	0.074391
5	44669	2.851777853776	0.074341
5	44682	2.852739959251	0.074441
5	44686	2.852753893091	0.074513
5	44696	2.853713153689	0.074611
5	44700	2.853722701791	0.074499
5	44713	2.854742229929	0.074493
5	44717	2.854744679083	0.074484
5	44727	2.855715764035	0.074573
5	44731	2.855740303186	0.074516
5	44741	2.856720518785	0.074425
5	44748	2.856752587711	0.074634
5	44761	2.85770739278	0.075606
5	44765	2.857716310319	0.074682
5	44775	2.858661911292	0.074548
5	44779	2.858751817058	0.085341
5	44792	2.859631977491	0.075767
5	44796	2.859759771335	0.086282
5	44806	2.860619505838	0.07524
5	44810	2.860716601684	0.074578
5	44823	2.861654752308	0.074399
5	44827	2.86173962499	0.074287
5	44837	2.862604971941	0.074426
5	44841	2.862699195059	0.074322
5	44854	2.863609678032	0.074358
5	44858	2.86365009633	0.075347
5	44868	2.864641849792	0.074411
5	44872	2.864696741733	0.074429
5	44885	2.8656665743	0.074326
5	44889	2.865692555892	0.074368
5	44902	2.866635923649	0.074322
5	44906	2.86671548991	0.074346
5	44913	2.867626625335	0.078256
5	44920	2.867762474475	0.074612
5	44930	2.868581821316	0.074681
5	44934	2.86874117196	0.074607
5	44947	2.869591468152	0.074677
5	44951	2.869747406491	0.0746
5	44961	2.87056067783	0.07456
5	44965	2.870738558623	0.07622
5	44978	2.871556377084	0.078095
5	44982	2.871764867602	0.07564
5	44992	2.872593434261	0.074545
5	44996	2.87281364819	0.074576
5	45006	2.873576612481	0.074557
5	45013	2.873836774376	0.074301
5	45023	2.874588483997	0.074399
5	45027	2.874858262315	0.074446
5	45040	2.875605727446	0.074509
5	45044	2.875842243869	0.074509
5	45051	2.876608103346	0.074516
5	45058	2.876861104627	0.074389
5	45074	2.877639969367	0.074728
5	45078	2.877841117619	0.074542
5	45085	2.878614957257	0.074343
5	45092	2.878802334805	0.074395
5	45102	2.879601505554	0.249016
5	45109	2.879837125372	0.29178
5	45116	2.880636460034	0.184866
5	45123	2.880802006649	0.180722
5	45136	2.881676342391	0.198808
5	45140	2.881773583088	0.181903
5	45147	2.882674913903	0.184889
5	45154	2.882799435025	0.195243
5	45164	2.883631293116	0.209332
5	45171	2.883773917183	0.208855
5	45178	2.884588333802	0.181656
5	45185	2.884793086338	0.187228
5	45195	2.885595871907	0.183423
5	45199	2.885749485487	0.180002
5	45212	2.886629488047	0.098704
5	45219	2.886715568191	0.098876
5	45226	2.887666008226	0.098877
5	45230	2.887676460885	0.098759
5	45246	2.888684319151	0.098637
5	45250	2.888708084202	0.09981
5	45257	2.889683969462	0.0985
5	45261	2.889709784567	0.098676
5	45277	2.890668318368	0.098565
5	45284	2.890737727823	0.098692
5	45288	2.891688565757	0.164718
5	45292	2.891701820172	0.084418
5	45311	2.892707390172	0.082395
5	45315	2.892730146601	0.076144
5	45319	2.89369119543	0.075964
5	45323	2.893706750014	0.076034
5	45339	2.894710173632	0.074519
5	45346	2.894729196094	0.074631
5	45350	2.895732410031	0.074749
5	45354	2.895771601858	0.074616
5	45373	2.896684550303	0.074598
5	45377	2.896794154402	0.074492
5	45381	2.897720618363	0.074571
5	45391	2.897756604628	0.074728
5	45404	2.898718926826	0.074456
5	45411	2.898735602509	0.07445
5	45415	2.899760491441	0.074377
5	45419	2.899765913204	0.074458
5	45438	2.900732255981	0.096513
5	45442	2.900745461496	0.075658
5	45446	2.901754167472	0.07465
5	45450	2.901776870021	0.074374
5	45469	2.902762791395	0.074365
5	45473	2.902775205959	0.129871
5	45477	2.903725630993	0.07617
5	45481	2.903790200152	0.074472
5	45500	2.904718565617	0.074436
5	45504	2.904818651172	0.074302
5	45508	2.905689661064	0.074456
5	45515	2.905862060963	0.074243
5	45531	2.906667683441	0.0746
5	45535	2.906882179478	0.074597
5	45539	2.907673904673	0.074612
5	45549	2.90793145501	0.074464
5	45559	2.908688418049	0.074651
5	45566	2.908922852774	0.074585
5	45573	2.909712460657	0.074499
5	45577	2.90990090426	0.074208
5	45593	2.91074764462	0.07539
5	45597	2.910860674618	0.075185
5	45604	2.91174141024	0.075864
5	45608	2.911818542026	0.074292
5	45624	2.912761456061	0.084065
5	45628	2.912865149886	0.07492
5	45632	2.913735561126	0.07455
5	45636	2.91384515041	0.074496
5	45655	2.914718813259	0.074409
5	45659	2.914828038269	0.074412
5	45663	2.9156956793	0.074378
5	45667	2.915779211218	0.074308
5	45686	2.916687318267	0.074445
5	45690	2.91675768808	0.075302
5	45694	2.917704434873	0.074457
5	45698	2.917777666674	0.074303
5	45720	2.918694316854	0.075573
5	45724	2.918761982444	0.074757
5	45728	2.919717243352	0.074656
5	45735	2.919778765656	0.07462
5	45748	2.920703260502	0.074435
5	45755	2.920763435305	0.074332
5	45762	2.921708606447	0.074554
5	45766	2.921806703464	0.074303
5	45779	2.92270384382	0.074356
5	45786	2.922854768333	0.079952
5	45790	2.923710329733	0.077787
5	45797	2.923828076543	0.090222
5	45810	2.92472666083	0.075632
5	45814	2.924818083059	0.074391
5	45824	2.925730086711	0.074222
5	45828	2.925836272078	0.074218
5	45841	2.926707903468	0.074401
5	45845	2.926824724142	0.074485
5	45855	2.927716890248	0.074362
5	45859	2.927861073389	0.074296
5	45872	2.92868335026	0.074479
5	45876	2.928823791497	0.074391
5	45886	2.929719908497	0.075542
5	45893	2.929792613727	0.074776
5	45903	2.930688325415	0.07538
5	45907	2.930766437994	0.074136
5	45917	2.931655721953	0.074688
5	45924	2.931814949245	0.074667
5	45934	2.932615078839	0.075065
5	45938	2.932831392064	0.074682
5	45945	2.933644031219	0.074929
5	45955	2.93384860134	0.076149
5	45965	2.934691478434	0.077424
5	45969	2.934865778456	0.076451
5	45982	2.935695485937	0.075588
5	45986	2.93586377982	0.07597
5	45996	2.936733154528	0.07744
5	46000	2.93686513431	0.075828
5	46016	2.937740887739	0.077453
5	46020	2.93782261537	0.075731
5	46030	2.938781336195	0.075108
5	46034	2.93880795015	0.074657
5	46047	2.939754782767	0.074654
5	46051	2.93980909251	0.074933
5	46061	2.940776120512	0.074934
5	46065	2.940799084956	0.074542
5	46078	2.94175183157	0.074916
5	46082	2.941818820719	0.075411
5	46092	2.942781902622	0.086283
5	46096	2.942809600248	0.076533
5	46109	2.943810964804	0.075081
5	46113	2.943821888269	0.074974
5	46123	2.944764295845	0.07514
5	46127	2.944870711784	0.075198
5	46140	2.945801137945	0.075175
5	46144	2.945842820567	0.074809
5	46154	2.946797466953	0.074949
5	46158	2.946830261939	0.074565
5	46171	2.94781247983	0.074904
5	46175	2.947835211712	0.082406
5	46185	2.948819980099	0.076434
5	46189	2.948846160345	0.074702
5	46205	2.949833569153	0.074769
5	46209	2.949860052693	0.074672
5	46216	2.950801214258	0.074436
5	46220	2.950855230927	0.074432
5	46233	2.951756262324	0.074586
5	46237	2.951854281208	0.074241
5	46247	2.952763126736	0.07465
5	46251	2.952816473681	0.074684
5	46258	2.953729125201	0.074643
5	46265	2.953862828273	0.074431
5	46278	2.954700210208	0.074324
5	46282	2.954847737316	0.074929
5	46289	2.955738734401	0.074539
5	46296	2.955887117566	0.074536
5	46309	2.956770893174	0.075053
5	46313	2.956918090934	0.074688
5	46320	2.957728375199	0.074335
5	46330	2.95790412237	0.075814
5	46343	2.958686730778	0.075031
5	46347	2.958911703325	0.074767
5	46354	2.959688049782	0.084115
5	46364	2.959898141271	0.075618
5	46374	2.960670882034	0.074663
5	46378	2.960880814106	0.075481
5	46388	2.961647449264	0.074446
5	46392	2.961842197268	0.074356
5	46405	2.962663191975	0.07518
5	46409	2.962865408821	0.075596
5	46416	2.963701557358	0.184709
5	46423	2.963859102604	0.081872
5	46436	2.964701884876	0.077434
5	46440	2.964839152453	0.075373
5	46447	2.965731642249	0.074667
5	46451	2.96580512548	0.298507
5	46467	2.966703250114	0.080271
5	46471	2.966799286957	0.074635
5	46478	2.967680729204	0.075237
5	46482	2.967753414347	0.076003
5	46498	2.968684970665	0.079598
5	46502	2.968733246011	0.078602
5	46509	2.969712681831	0.087374
5	46513	2.969738843188	0.075512
5	46529	2.970670587198	0.074861
5	46533	2.970706394206	0.076003
5	46543	2.971645117278	0.075351
5	46547	2.971744251476	0.074812
5	46560	2.972646715236	0.074547
5	46564	2.972707393851	0.075344
5	46571	2.973692296928	0.074237
5	46578	2.97373170375	0.074413
5	46591	2.974737174417	0.074261
5	46595	2.974761126168	0.07452
5	46605	2.975729638614	0.075223
5	46609	2.975745295956	0.074445
5	46625	2.9767118368	0.086297
5	46629	2.976721542871	0.075257
5	46639	2.977688781209	0.075412
5	46646	2.977756162633	0.074618
5	46656	2.978690582258	0.074393
5	46663	2.978723491495	0.075988
5	46670	2.979682985355	0.075916
5	46674	2.97968810315	0.075801
5	46687	2.980645277872	0.07471
5	46694	2.980669856029	0.074478
5	46698	2.981611217922	0.07442
5	46705	2.981696500704	0.074408
5	46718	2.98262192379	0.074332
5	46725	2.982734382084	0.074345
5	46729	2.983652692498	0.074313
5	46736	2.983755088028	0.074333
5	46752	2.984630290829	0.074534
5	46756	2.984766250173	0.074427
5	46760	2.985616684367	0.07449
5	46764	2.985773207063	0.0752
5	46783	2.986610593207	0.074409
5	46787	2.986792765506	0.074413
5	46791	2.987596434328	0.07435
5	46798	2.987760027086	0.084284
5	46811	2.988573978471	0.075388
5	46818	2.988734115356	0.074799
5	46822	2.989526744995	0.074444
5	46829	2.989766306177	0.074313
5	46842	2.99048832218	0.074263
5	46849	2.990815464414	0.081448
5	46853	2.991489554822	0.074958
5	46860	2.991836696892	0.074517
5	46873	2.99243974798	0.07541
5	46880	2.99282700884	0.079214
5	46884	2.993407768343	0.074676
5	46891	2.993799086408	0.074729
5	46904	2.994388547474	0.074573
5	46911	2.994785738796	0.074705
5	46915	2.995407896455	0.074353
5	46922	2.995787997537	0.074208
5	46935	2.996403132078	0.07445
5	46939	2.996755942169	0.074336
5	46946	2.997452594984	0.07434
5	46956	2.997763573573	0.074566
5	46969	2.998454237607	0.075426
5	46976	2.998768431326	0.074395
5	46980	2.99949364525	0.074435
5	46987	2.999805227893	0.077052
5	47002	3.000457631548	0.082815
5	47009	3.000822624361	0.075121
5	47013	3.001429186192	0.074903
5	47020	3.001816408392	0.074522
5	47027	3.002390920182	0.074352
5	47040	3.002862153137	0.074395
5	47044	3.00343799315	0.075212
5	47051	3.003840061029	0.074481
5	47058	3.004459333202	0.074373
5	47071	3.004813218698	0.074442
5	47075	3.005500149105	0.074441
5	47079	3.005770898379	0.074371
5	47092	3.006487158483	0.074277
5	47102	3.0068169776	0.074424
5	47106	3.007508397652	0.074375
5	47110	3.007789699944	0.074318
5	47120	3.008497078248	0.07441
5	47133	3.008822265956	0.074307
5	47137	3.009509647149	0.074348
5	47141	3.009804300782	0.07461
5	47154	3.010555484637	0.074409
5	47164	3.010798245864	0.086555
5	47168	3.011556451058	0.075488
5	47172	3.011843829373	0.074553
5	47188	3.012559872773	0.07457
5	47192	3.01281327117	0.074341
5	47199	3.013561761835	0.074905
5	47203	3.013829022006	0.078859
5	47219	3.014593520373	0.077202
5	47223	3.014844849752	0.087548
5	47230	3.015554781938	0.07659
5	47234	3.015865310133	0.075288
5	47250	3.016571277599	0.075307
5	47254	3.016836176175	0.082132
5	47261	3.017534469505	0.076733
5	47265	3.017883249703	0.074827
5	47281	3.018520999347	0.075229
5	47291	3.01892478788	0.07461
5	47295	3.019488323834	0.074439
5	47302	3.019893753819	0.074481
5	47309	3.020513425612	0.074472
5	47322	3.020896297649	0.074392
5	47326	3.021546968017	0.074288
5	47333	3.02192952774	0.074403
5	47343	3.022561754176	0.085657
5	47353	3.02294927302	0.075828
5	47357	3.023573698526	0.074875
5	47364	3.023956964321	0.074777
5	47377	3.024609933762	0.074779
5	47384	3.024980602664	0.074699
5	47388	3.025583388934	0.074643
5	47395	3.02599815093	0.074625
5	47405	3.026535802836	0.07456
5	47415	3.027021722922	0.074318
5	47419	3.027529749844	0.074399
5	47423	3.028046317044	0.074344
5	47436	3.028541666052	0.074396
5	47446	3.029071319409	0.075356
5	47450	3.029544667832	0.074468
5	47457	3.030101533223	0.074307
5	47467	3.030536978265	0.074371
5	47477	3.031140470141	0.074536
5	47481	3.031496859695	0.074616
5	47485	3.032123321332	0.074622
5	47498	3.032507032351	0.074653
5	47508	3.033150885424	0.074605
5	47512	3.033516401605	0.074499
5	47519	3.034156755981	0.074657
5	47526	3.034496608711	0.083919
5	47539	3.035152567686	0.075594
5	47543	3.035520455727	0.075822
5	47547	3.036147135948	0.074436
5	47560	3.036564706416	0.074415
5	47570	3.037116154697	0.074355
5	47574	3.037533449295	0.074474
5	47578	3.038165050155	0.07431
5	47591	3.038536276523	0.079536
5	47604	3.039214966306	0.074812
5	47608	3.039520334576	0.074503
5	47615	3.040205894061	0.07431
5	47625	3.040514587539	0.074284
5	47635	3.041245322981	0.074358
5	47639	3.041538390408	0.075143
5	47643	3.042200822585	0.074377
5	47656	3.042554957284	0.074273
5	47666	3.043243793317	0.088495
5	47670	3.043552365328	0.075585
5	47674	3.044252659091	0.074587
5	47684	3.044579581738	0.074665
5	47697	3.045233357459	0.074584
5	47701	3.045553345344	0.074557
5	47705	3.046206527078	0.074666
5	47715	3.046547871038	0.086529
5	47728	3.047248345532	0.076631
5	47732	3.04753667647	0.074834
5	47736	3.048285465018	0.074886
5	47746	3.04851939747	0.075343
5	47759	3.049323606392	0.074482
5	47763	3.049470101845	0.074483
5	47770	3.050306849151	0.074507
5	47774	3.05047913686	0.074491
5	47790	3.05132670831	0.07447
5	47794	3.051520389793	0.074664
5	47798	3.052310259677	0.074502
5	47805	3.052518725527	0.074342
5	47821	3.053288593397	0.07449
5	47825	3.053507916401	0.074349
5	47829	3.054266296882	0.074267
5	47839	3.054554885904	0.074463
5	47852	3.055266197265	0.074441
5	47856	3.055556430704	0.075293
5	47860	3.05624735489	0.074363
5	47870	3.056588452909	0.074322
5	47883	3.057256703951	0.07423
5	47887	3.057603734263	0.074339
5	47897	3.058304290614	0.086379
5	47904	3.058591762625	0.093189
5	47914	3.059278996651	0.076744
5	47921	3.059570594417	0.076671
5	47928	3.060289126092	0.076259
5	47932	3.060580588359	0.077
5	47945	3.061257757847	0.07541
5	47952	3.061577681427	0.075796
5	47959	3.062284212333	0.080366
5	47966	3.062625987341	0.075936
5	47976	3.063242349267	0.075143
5	47983	3.06360859842	0.07717
5	47990	3.064254166265	0.07751
5	47997	3.064599968058	0.076299
5	48007	3.065293740832	0.077855
5	48014	3.065625538261	0.076064
5	48021	3.066302230608	0.0751
5	48028	3.066654129153	0.074983
5	48038	3.067297218156	0.074514
5	48045	3.067626393379	0.074714
5	48052	3.068275434345	0.074649
5	48059	3.068612260261	0.085426
5	48072	3.069281750741	0.075663
5	48076	3.069595583056	0.081793
5	48086	3.07031809245	0.075808
5	48090	3.07061075148	0.074723
5	48100	3.071273543461	0.074723
5	48107	3.071619443708	0.074553
5	48117	3.072312709009	0.074658
5	48121	3.07265754084	0.074584
5	48131	3.073288746463	0.074714
5	48138	3.073701214141	0.074514
5	48148	3.074275185373	0.074614
5	48155	3.074717566249	0.07549
5	48162	3.075304495585	0.074646
5	48169	3.075736029846	0.074483
5	48179	3.076281295131	0.07468
5	48186	3.076692922115	0.074594
5	48190	3.077264666801	0.074624
5	48200	3.077685249944	0.124682
5	48213	3.078216933133	0.076037
5	48220	3.078678024773	0.0749
5	48227	3.079209912692	0.07469
5	48234	3.079725977909	0.083691
5	48244	3.0802393643	0.076397
5	48251	3.080727067215	0.075007
5	48255	3.081243779373	0.074311
5	48265	3.081753827637	0.074503
5	48275	3.082283374055	0.074359
5	48282	3.082798101498	0.074283
5	48286	3.083264891264	0.074299
5	48296	3.083812872029	0.07451
5	48306	3.084237116087	0.074644
5	48313	3.084797164979	0.07461
5	48317	3.085234101859	0.074529
5	48327	3.085776654446	0.080335
5	48337	3.086184133434	0.074303
5	48344	3.08680848481	0.074456
5	48348	3.087137431478	0.075333
5	48361	3.087759893863	0.074598
5	48365	3.088133244507	0.074432
5	48375	3.088718455397	0.074422
5	48379	3.089127016254	0.074417
5	48389	3.089715637457	0.074475
5	48399	3.090123925378	0.074447
5	48406	3.09073067656	0.074444
5	48410	3.091123351897	0.074401
5	48420	3.091724371537	0.074532
5	48427	3.092078319164	0.083626
5	48437	3.092759735936	0.075184
5	48441	3.093106017259	0.074576
5	48451	3.093717557507	0.075326
5	48458	3.094129182899	0.074538
5	48468	3.094687317648	0.074684
5	48472	3.095080268583	0.074551
5	48479	3.09569952525	0.074625
5	48489	3.096129760896	0.081642
5	48499	3.096731471722	0.075451
5	48503	3.097109313672	0.074743
5	48513	3.097779287334	0.074577
5	48523	3.098146579457	0.074605
5	48533	3.098779185443	0.074435
5	48537	3.099163489632	0.074359
5	48547	3.099741204266	0.075785
5	48554	3.100162241148	0.075872
5	48564	3.100765164431	0.075862
5	48568	3.101126189045	0.075249
5	48578	3.10178013972	0.074461
5	48585	3.102138084973	0.074391
5	48595	3.102777465224	0.074433
5	48599	3.103187047636	0.074347
5	48609	3.103791739175	0.083788
5	48613	3.104211500677	0.075423
5	48626	3.104752442333	0.074823
5	48630	3.105182867623	0.074488
5	48640	3.105753825852	0.074325
5	48644	3.106200588106	0.075246
5	48657	3.106787673084	0.07442
5	48664	3.107184037359	0.074235
5	48671	3.107836245933	0.074369
5	48675	3.108168628582	0.074702
5	48688	3.108792990405	0.077337
5	48695	3.109190938499	0.076195
5	48702	3.109792515978	0.080053
5	48706	3.110143367225	0.075259
5	48719	3.11080205619	0.074706
5	48726	3.11116076459	0.074623
5	48733	3.111770423734	0.074442
5	48737	3.112198775748	0.074324
5	48753	3.112804920383	0.075229
5	48757	3.113170606147	0.07444
5	48761	3.113760552848	0.074378
5	48768	3.114152722153	0.074454
5	48781	3.114807402174	0.085498
5	48788	3.11515645363	0.075206
5	48792	3.115772564417	0.074582
5	48799	3.116196370264	0.074471
5	48812	3.116737090805	0.074302
5	48819	3.117192486465	0.074499
5	48823	3.117698659414	0.074273
5	48830	3.118154339213	0.074275
5	48846	3.11865933032	0.076915
5	48853	3.119166858403	0.076035
5	48857	3.119671630653	0.07578
5	48864	3.120183246361	0.074732
5	48877	3.120692253213	0.074381
5	48884	3.121158330845	0.075117
5	48888	3.121733848777	0.074728
5	48895	3.122159149446	0.082101
5	48908	3.122767102937	0.075213
5	48912	3.123185249177	0.074618
5	48919	3.123757914262	0.074603
5	48932	3.124230616259	0.07464
5	48939	3.124802948417	0.074612
5	48943	3.125227463204	0.074556
5	48950	3.125838730079	0.075619
5	48960	3.126207611823	0.084172
5	48970	3.126828607371	0.075739
5	48974	3.127220641869	0.074794
5	48981	3.127869218871	0.074612
5	48988	3.128173770689	0.074357
5	49001	3.128899379395	0.074415
5	49005	3.129159616862	0.07455
5	49012	3.129910580758	0.074658
5	49022	3.130153611936	0.074641
5	49029	3.130908142163	0.074606
5	49036	3.13116017825	0.074538
5	49043	3.13191869164	0.074675
5	49050	3.13216748639	0.07464
5	49060	3.132898550932	0.075435
5	49067	3.133152357868	0.074673
5	49074	3.133868430954	0.078095
5	49084	3.134199940129	0.074643
5	49091	3.134848172871	0.074609
5	49098	3.135187968595	0.074678
5	49105	3.135829934027	0.07457
5	49115	3.13615121962	0.07461
5	49122	3.136874371758	0.074524
5	49126	3.137160272432	0.07429
5	49136	3.137886722418	0.074455
5	49143	3.138125352444	0.074379
5	49156	3.138858839056	0.076203
5	49163	3.139132824856	0.074388
5	49170	3.139838261224	0.074388
5	49180	3.140095307688	0.074351
5	49187	3.140813135726	0.074491
5	49194	3.141144068831	0.074363
5	49201	3.141782907823	0.074301
5	49208	3.142107969314	0.074443
5	49218	3.142766695257	0.074298
5	49222	3.143072656119	0.07437
5	49232	3.143807048963	0.074424
5	49242	3.144121297942	0.074407
5	49249	3.144790057038	0.074446
5	49256	3.145136700585	0.074666
5	49263	3.145820847324	0.075593
5	49273	3.146161394178	0.074585
5	49280	3.146845494508	0.074589
5	49287	3.147155519501	0.07457
5	49294	3.147889059114	0.074721
5	49304	3.148174173987	0.074776
5	49311	3.148841671983	0.085273
5	49318	3.149138428972	0.075601
5	49328	3.14980495609	0.075025
5	49332	3.150146741641	0.083515
5	49342	3.150787654847	0.075828
5	49349	3.151162911448	0.074963
5	49356	3.151816387338	0.077926
5	49363	3.152179900208	0.075871
5	49376	3.152817143737	0.0746
5	49380	3.153170010475	0.074458
5	49390	3.153863880147	0.074594
5	49397	3.154121431329	0.074562
5	49407	3.154829072432	0.074501
5	49411	3.155104414563	0.074492
5	49418	3.155787680102	0.074568
5	49425	3.156124099905	0.074975
5	49435	3.156802048497	0.075354
5	49442	3.157134395934	0.184537
5	49452	3.157760418735	0.318771
5	49462	3.15818272137	0.267456
5	49469	3.158739465652	0.192447
5	49476	3.15913746235	0.182325
5	49486	3.159779653064	0.180979
5	49493	3.160101639548	0.18323
5	49500	3.16081422719	0.309198
5	49507	3.161056988634	0.187363
5	49514	3.161771313496	0.22422
5	49524	3.162050953834	0.096288
5	49531	3.162757725122	0.079933
5	49538	3.163097263208	0.074819
5	49545	3.163748666325	0.083411
5	49558	3.164136558065	0.075634
5	49565	3.164706156443	0.075122
5	49569	3.165117972287	0.074706
5	49576	3.165733947384	0.074659
5	49586	3.166152977694	0.074518
5	49593	3.166708061065	0.074465
5	49603	3.167171009675	0.074728
5	49607	3.167694261508	0.074561
5	49617	3.168192692802	0.07464
5	49624	3.168739421454	0.075526
5	49634	3.169164726796	0.075025
5	49638	3.169713003842	0.085096
5	49645	3.170164726831	0.074514
5	49655	3.170721956574	0.074281
5	49665	3.171210291671	0.074296
5	49669	3.171725336347	0.08343
5	49679	3.172215846133	0.076462
5	49686	3.172722304231	0.074785
5	49696	3.173218392253	0.074362
5	49700	3.173712330289	0.074416
5	49707	3.174261617514	0.074382
5	49720	3.174676467677	0.074356
5	49727	3.175246786889	0.075404
5	49731	3.175672066431	0.07442
5	49738	3.176296494953	0.074498
5	49751	3.17662913321	0.074691
5	49758	3.177331531303	0.074311
5	49762	3.177670190982	0.074341
5	49775	3.178369011024	0.074981
5	49785	3.178674245211	0.074387
5	49792	3.179368407102	0.158008
5	49796	3.179705302132	0.146896
5	49806	3.180348978711	0.124475
5	49816	3.180724654536	0.145726
5	49823	3.181337626727	0.114298
5	49827	3.18172167644	0.112696
5	49837	3.182305601036	0.080693
5	49844	3.182680463017	0.101945
5	49854	3.183332307151	0.081853
5	49858	3.183652923762	0.080865
5	49868	3.184360823886	0.081589
5	49875	3.184649828059	0.080602
5	49885	3.185333082326	0.080495
5	49889	3.185657557491	0.080425
5	49902	3.186335223617	0.08046
5	49906	3.186681077632	0.088494
5	49916	3.187305204325	0.081315
5	49920	3.187688618381	0.080596
5	49933	3.188348213247	0.14759
5	49937	3.188640086158	0.190688
5	49947	3.189324243217	0.162673
5	49951	3.189636265687	0.129136
5	49958	3.190298681075	0.127769
5	49968	3.190679195022	0.127799
5	49978	3.191284207288	0.127613
5	49982	3.19167230121	0.128117
5	49992	3.192278753768	0.130129
5	49999	3.192630174005	0.129356
5	50009	3.193325126877	0.129109
5	50013	3.193638211413	0.130284
5	50026	3.194345377584	0.191618
5	50030	3.194598839227	0.086367
5	50040	3.19539243538	0.076942
5	50044	3.195616638709	0.0765
5	50057	3.196411845207	0.076304
5	50061	3.196651948268	0.075995
5	50071	3.197370713304	0.075981
5	50075	3.197678336923	0.075035
5	50088	3.198354046495	0.075166
5	50095	3.198707270808	0.074604
5	50105	3.199362059385	0.074463
5	50109	3.199686472778	0.074659
5	50119	3.200407307826	0.074479
5	50126	3.20070745709	0.075506
5	50136	3.201372962762	0.075734
5	50140	3.201668083495	0.075908
5	50147	3.202336576661	0.075901
5	50157	3.202672906765	0.075928
5	50164	3.203295547484	0.09108
5	50171	3.203642560436	0.075241
5	50178	3.204275865762	0.074992
5	50185	3.204683892594	0.074656
5	50192	3.205323257561	0.074418
5	50205	3.20568534919	0.074616
5	50212	3.206299536532	0.074452
5	50216	3.206691486489	0.07434
5	50223	3.207292062965	0.075304
5	50236	3.207691641847	0.083575
5	50243	3.208292734421	0.074429
5	50247	3.20873206305	0.074355
5	50254	3.20925752264	0.074253
5	50267	3.209740400815	0.074317
5	50274	3.210215859271	0.074308
5	50278	3.210713418092	0.074292
5	50285	3.211223336437	0.074246
5	50298	3.211740109312	0.074304
5	50305	3.212269915581	0.074278
5	50309	3.21278174938	0.074232
5	50316	3.213238921961	0.074317
5	50329	3.213766657714	0.075201
5	50333	3.214230194361	0.0744
5	50340	3.214808744208	0.074476
5	50347	3.215189359313	0.084843
5	50360	3.215822163694	0.075485
5	50364	3.216184726232	0.074496
5	50374	3.216853625186	0.074585
5	50381	3.217207009343	0.074273
5	50391	3.217869579594	0.074307
5	50395	3.218195951642	0.074516
5	50408	3.218905127738	0.074927
5	50415	3.219181516758	0.074454
5	50425	3.219939181812	0.076037
5	50429	3.220194422736	0.075825
5	50439	3.220968415817	0.075676
5	50443	3.221157430689	0.074362
5	50456	3.222014754754	0.074288
5	50460	3.222162004401	0.074089
5	50470	3.223021623009	0.074325
5	50477	3.223190891657	0.07435
5	50487	3.223993452766	0.074336
5	50494	3.224213293369	0.074304
5	50501	3.224985102487	0.074245
5	50511	3.225233240532	0.074321
5	50518	3.225963017977	0.08223
5	50525	3.226199500226	0.076211
5	50532	3.226969768975	0.074572
5	50542	3.227183645102	0.076704
5	50549	3.227938957092	0.074638
5	50556	3.228144110985	0.074372
5	50563	3.228961361833	0.074375
5	50570	3.229151553259	0.074354
5	50583	3.229977391088	0.074363
5	50587	3.230127202779	0.079347
5	50594	3.230969107565	0.0782
5	50598	3.231078727141	0.074696
5	50614	3.232016086424	0.075881
5	50618	3.232063952133	0.074917
5	50625	3.233020397056	0.0754
5	50632	3.233056846609	0.07474
5	50645	3.234015060419	0.074578
5	50649	3.234016602448	0.07437
5	50656	3.234994135923	0.07444
5	50660	3.235063464727	0.07442
5	50673	3.23595062972	0.074666
5	50680	3.236074821112	0.091448
5	50687	3.23696556551	0.076494
5	50697	3.237068263495	0.076207
5	50704	3.237923789597	0.075562
5	50714	3.238102584823	0.088024
5	50721	3.238964533294	0.079489
5	50725	3.239093489961	0.080886
5	50738	3.239988984486	0.079799
5	50745	3.240078067038	0.075504
5	50752	3.240991601229	0.075624
5	50756	3.241032043475	0.075289
5	50769	3.241944478589	0.077161
5	50773	3.242034164642	0.078034
5	50783	3.242924290016	0.076701
5	50790	3.243053177686	0.075965
5	50800	3.243891498574	0.076136
5	50804	3.244006871937	0.076448
5	50814	3.244923954222	0.075369
5	50818	3.244989981905	0.076376
5	50831	3.24591616119	0.074995
5	50835	3.245944860127	0.074621
5	50848	3.24695655948	0.074762
5	50852	3.246980017878	0.074977
5	50862	3.247940940548	0.075934
5	50866	3.248022237799	0.077935
5	50876	3.248914278108	0.079607
5	50880	3.248999737449	0.075903
5	50893	3.249958192112	0.076606
5	50899	3.250046910462	0.102085
5	50912	3.250979313579	0.077327
5	50916	3.251077082405	0.074936
5	50926	3.252025963029	0.075197
5	50930	3.252079021548	0.086342
5	50946	3.252990961011	0.077344
5	50950	3.253122899488	0.075868
5	50957	3.253964289331	0.075288
5	50961	3.254139650933	0.075848
5	50974	3.255006071334	0.078004
5	50981	3.25517455831	0.077546
5	50988	3.25599121258	0.078526
5	50992	3.256163078332	0.077575
5	51005	3.256964779689	0.076686
5	51012	3.257165178437	0.075323
5	51019	3.25792848601	0.075334
5	51023	3.258157275835	0.076873
5	51036	3.258892288362	0.078985
5	51046	3.259139960993	0.088118
5	51050	3.259895958395	0.077138
5	51060	3.2601226953	0.075222
5	51067	3.260940025376	0.074653
5	51077	3.261101562798	0.077924
5	51081	3.261922330214	0.078194
5	51091	3.262093375524	0.0804
5	51098	3.262963882371	0.077696
5	51105	3.263069576069	0.076321
5	51112	3.263930278738	0.078193
5	51119	3.264036977684	0.078633
5	51132	3.264909099112	0.077673
5	51136	3.265002634919	0.077805
5	51143	3.265922004365	0.078426
5	51150	3.265992648185	0.076799
5	51160	3.266889063245	0.076637
5	51167	3.266945204813	0.077865
5	51177	3.267937552613	0.076935
5	51184	3.267970968252	0.076512
5	51191	3.26895466641	0.076247
5	51195	3.268977293005	0.076489
5	51211	3.269945728671	0.076161
5	51215	3.270003343665	0.076084
5	51222	3.270953067003	0.076585
5	51229	3.271033391987	0.091815
5	51239	3.271985733213	0.077015
5	51243	3.272002824103	0.076042
5	51256	3.272938770542	0.075359
5	51260	3.2729794842	0.075726
5	51267	3.273932249269	0.076888
5	51271	3.273956820223	0.076712
5	51287	3.274910910947	0.083754
5	51291	3.274942292163	0.08976
5	51298	3.275876293399	0.078177
5	51305	3.275978713434	0.077905
5	51318	3.276839861382	0.076051
5	51325	3.276999427432	0.07538
5	51329	3.277868051333	0.075013
5	51333	3.277953419518	0.075634
5	51355	3.278897966116	0.075672
5	51359	3.278911218763	0.07521
5	51363	3.279868333529	0.074537
5	51367	3.279928506626	0.074345
5	51383	3.280856963948	0.084738
5	51387	3.280964969263	0.075703
5	51394	3.281828145549	0.07471
5	51398	3.281975277614	0.074534
5	51414	3.282846540234	0.074427
5	51421	3.282952330459	0.07436
5	51425	3.283835699941	0.07431
5	51429	3.284001826731	0.074412
5	51445	3.284806105395	0.07421
5	51452	3.284993208498	0.074406
5	51456	3.285848368476	0.074358
5	51460	3.286009938172	0.074601
5	51476	3.286890982167	0.074879
5	51483	3.287035687841	0.074579
5	51487	3.287878613431	0.075321
5	51491	3.288035734363	0.074189
5	51510	3.288845121508	0.074266
5	51514	3.28901800686	0.074277
5	51518	3.289804903813	0.074247
5	51522	3.290009512322	0.074193
5	51541	3.290812506526	0.074257
5	51545	3.29097811497	0.074371
5	51549	3.291826719984	0.077113
5	51553	3.29201506816	0.075009
5	51569	3.292839499205	0.074738
5	51576	3.293060264612	0.074596
5	51580	3.293862345123	0.074589
5	51584	3.294104203522	0.074549
5	51600	3.294861713172	0.075381
5	51607	3.295113857945	0.074487
5	51611	3.295819766597	0.074522
5	51615	3.296099003059	0.074508
5	51631	3.296844210827	0.074896
5	51638	3.297077418822	0.092425
5	51642	3.297854375989	0.078606
5	51646	3.298068601026	0.076321
5	51665	3.298860190812	0.084476
5	51669	3.29910472722	0.075708
5	51676	3.29981633243	0.074926
5	51680	3.300071069885	0.075349
5	51696	3.300859634306	0.074598
5	51700	3.30103430256	0.083218
5	51707	3.301855520137	0.07571
5	51711	3.30202657253	0.074681
5	51727	3.302896385856	0.074833
5	51731	3.30305874887	0.074699
5	51738	3.303875754878	0.07469
5	51742	3.304063052968	0.074583
5	51758	3.30486690497	0.074582
5	51762	3.305043310478	0.074437
5	51769	3.305896184584	0.074405
5	51773	3.306053707278	0.074455
5	51789	3.306878018219	0.074324
5	51796	3.307036643022	0.075178
5	51800	3.307869170678	0.074499
5	51804	3.308025808669	0.074292
5	51820	3.308857000686	0.074371
5	51827	3.309028929912	0.074431
5	51831	3.309887762717	0.074113
5	51835	3.310056326039	0.074244
5	51854	3.310850137408	0.074274
5	51858	3.311011736346	0.074347
5	51862	3.311885544854	0.074383
5	51869	3.312038011362	0.076743
5	51885	3.3129122122	0.074761
5	51889	3.313005502655	0.074312
5	51896	3.313873535666	0.075256
5	51900	3.313997894751	0.074331
5	51913	3.314832904816	0.074369
5	51920	3.314976682143	0.074335
5	51924	3.315853458256	0.074426
5	51931	3.315955003103	0.074259
5	51947	3.316858914656	0.074509
5	51951	3.316918677577	0.074452
5	51955	3.317819676938	0.074213
5	51959	3.317941818531	0.074311
5	51978	3.318784257684	0.074562
5	51985	3.318968701747	0.074634
5	51989	3.319811700326	0.075248
5	51993	3.320009813279	0.074743
5	52012	3.32081161933	0.078175
5	52016	3.320988595323	0.076139
5	52020	3.32178310272	0.075172
5	52024	3.321994680591	0.095409
5	52043	3.322749428382	0.076424
5	52047	3.32298433488	0.074499
5	52051	3.323732743726	0.081494
5	52055	3.324029335745	0.075734
5	52074	3.324740833007	0.074938
5	52078	3.325026783973	0.074492
5	52082	3.325729566566	0.074441
5	52092	3.326044610283	0.075416
5	52102	3.326722495576	0.07462
5	52109	3.327088773063	0.07461
5	52113	3.327704400914	0.074667
5	52123	3.3281130859	0.074653
5	52133	3.328732211765	0.074678
5	52140	3.32914356247	0.074646
5	52147	3.329777479775	0.074827
5	52151	3.330190714128	0.07725
5	52167	3.330801388704	0.078051
5	52171	3.331193695632	0.077253
5	52178	3.331756932449	0.07654
5	52185	3.332214697593	0.076666
5	52195	3.332770660433	0.076036
5	52202	3.333223574628	0.077555
5	52209	3.333777693029	0.077276
5	52216	3.334245686492	0.088989
5	52226	3.334754828625	0.078578
5	52233	3.335260269988	0.07597
5	52240	3.33573781545	0.076503
5	52247	3.336295410624	0.075943
5	52257	3.336742771608	0.076827
5	52267	3.337319519858	0.075359
5	52271	3.337725673588	0.074894
5	52281	3.338270531626	0.075177
5	52288	3.338689167745	0.074556
5	52301	3.339222336722	0.075319
5	52305	3.339686437758	0.074655
5	52312	3.340208157709	0.07461
5	52319	3.34070243256	0.074834
5	52332	3.34120553993	0.075591
5	52336	3.341722042471	0.075169
5	52343	3.342179824246	0.074723
5	52353	3.342692501924	0.07496
5	52360	3.343174194685	0.07489
5	52367	3.343730356058	0.075102
5	52374	3.344135036714	0.075234
5	52384	3.344684997509	0.074726
5	52391	3.345091362183	0.075076
5	52398	3.345691647281	0.092317
5	52405	3.346104036603	0.077602
5	52415	3.34671941965	0.090078
5	52422	3.347103450473	0.104318
5	52429	3.347727478335	0.077789
5	52439	3.348138462782	0.076509
5	52446	3.348704588272	0.085576
5	52453	3.349163089295	0.076
5	52460	3.349659866174	0.074721
5	52470	3.350137345379	0.074514
5	52477	3.350617614033	0.074377
5	52484	3.35109854117	0.074686
5	52488	3.351586455882	0.075065
5	52501	3.352135326597	0.074461
5	52508	3.352592335853	0.074483
5	52515	3.35313901197	0.074304
5	52519	3.35362040874	0.074341
5	52532	3.354142667818	0.074384
5	52539	3.354624336599	0.074225
5	52546	3.355146477407	0.074287
5	52550	3.355665287503	0.074538
5	52563	3.356183623034	0.074499
5	52570	3.356620134318	0.074478
5	52577	3.357164681445	0.083296
5	52581	3.357655024411	0.075338
5	52597	3.358138620305	0.074849
5	52604	3.358606026403	0.074546
5	52611	3.359094098957	0.074301
5	52615	3.359634935143	0.07424
5	52628	3.360118935732	0.074287
5	52638	3.360653283541	0.074289
5	52642	3.361166303764	0.074152
5	52646	3.361610929887	0.074312
5	52659	3.36217924749	0.074194
5	52669	3.36265934092	0.074512
5	52673	3.363148551113	0.074409
5	52677	3.363667890415	0.074276
5	52687	3.364197262195	0.075089
5	52700	3.364710950766	0.074192
5	52704	3.36517792167	0.074223
5	52708	3.365680401969	0.0742
5	52718	3.366133330582	0.074379
5	52731	3.366648735386	0.074184
5	52735	3.367098927512	0.074533
5	52739	3.367634587916	0.076883
5	52749	3.36807964552	0.076376
5	52762	3.368635384209	0.075124
5	52766	3.369059641297	0.090994
5	52770	3.369624665197	0.075824
5	52780	3.370051144058	0.075314
5	52793	3.370637401352	0.075758
5	52797	3.371045640372	0.074582
5	52801	3.371677034826	0.07451
5	52811	3.372013380408	0.07436
5	52824	3.372667465584	0.074353
5	52828	3.372980895612	0.07428
5	52835	3.373686732579	0.074306
5	52842	3.37399414277	0.074301
5	52855	3.374702120245	0.08119
5	52859	3.375030002087	0.075285
5	52866	3.375682565979	0.074676
5	52870	3.37601937579	0.074601
5	52886	3.37664567417	0.07461
5	52890	3.376989309848	0.074562
5	52897	3.377671906676	0.075543
5	52901	3.3779457246	0.07456
5	52920	3.37870465881	0.07492
5	52924	3.378902815718	0.08427
5	52931	3.379691250781	0.075563
5	52935	3.379927174596	0.074714
5	52948	3.380688375792	0.074816
5	52955	3.380932492303	0.074859
5	52962	3.381663850234	0.074746
5	52966	3.381895385394	0.074747
5	52979	3.382625355823	0.074592
5	52983	3.382857421226	0.074609
5	52990	3.383649282733	0.074587
5	52997	3.38385644221	0.075939
5	53010	3.384682518545	0.075768
5	53014	3.384874627913	0.075643
5	53024	3.385632919785	0.07569
5	53031	3.385843822436	0.075657
5	53041	3.386676710168	0.075689
5	53045	3.386840714644	0.074611
5	53055	3.387692490003	0.074541
5	53059	3.387867771857	0.074551
5	53069	3.388694944605	0.074699
5	53076	3.388845576203	0.07445
5	53086	3.389733712761	0.074604
5	53090	3.389820901488	0.074573
5	53100	3.39073578652	0.074535
5	53107	3.390823272996	0.075485
5	53117	3.391766071202	0.077084
5	53121	3.391839254779	0.075237
5	53134	3.392779915653	0.078488
5	53138	3.392827372215	0.074422
5	53148	3.393737405467	0.074497
5	53152	3.393784230831	0.074305
5	53162	3.394710871753	0.074384
5	53169	3.394784824926	0.074331
5	53176	3.395697867918	0.074401
5	53180	3.395747226616	0.074302
5	53193	3.396664407901	0.074401
5	53200	3.396765010275	0.074381
5	53210	3.397636389942	0.07533
5	53214	3.397767676248	0.074669
5	53227	3.398616589479	0.076359
5	53231	3.398801794484	0.074827
5	53244	3.399605374547	0.074759
5	53248	3.399773804017	0.0747
5	53258	3.400569983586	0.082035
5	53265	3.400745349323	0.075244
5	53275	3.401581967794	0.074455
5	53279	3.401747729344	0.074615
5	53289	3.402618261639	0.074479
5	53293	3.402725881895	0.083646
5	53306	3.403574679113	0.076017
5	53310	3.403742889676	0.074829
5	53320	3.404554254942	0.074564
5	53324	3.404772291705	0.074646
5	53337	3.405539125224	0.074405
5	53341	3.405760601368	0.074586
5	53351	3.406500923707	0.074433
5	53355	3.406740723108	0.074663
5	53368	3.407529816551	0.075046
5	53372	3.407781358592	0.075998
5	53382	3.408512803298	0.074568
5	53386	3.40882787961	0.074468
5	53399	3.409463926133	0.074587
5	53403	3.409829722175	0.074452
5	53413	3.410465804777	0.075408
5	53417	3.410854227069	0.074492
5	53430	3.411513048158	0.074633
5	53434	3.411824978256	0.074548
5	53444	3.412557764171	0.074719
5	53448	3.412836662455	0.074466
5	53461	3.413561237948	0.074555
5	53468	3.41384010404	0.07442
5	53475	3.414584672429	0.074598
5	53479	3.4148039146	0.083461
5	53492	3.415604787717	0.077135
5	53496	3.41576155213	0.075292
5	53506	3.416555826806	0.079811
5	53513	3.416797395688	0.076635
5	53523	3.417516733274	0.074693
5	53527	3.417806534208	0.074893
5	53540	3.418485260253	0.075923
5	53547	3.418847688775	0.074646
5	53554	3.419454812057	0.074322
5	53564	3.419885751005	0.074512
5	53571	3.420441420458	0.074882
5	53578	3.42089090614	0.074457
5	53585	3.421458613389	0.07431
5	53595	3.421889321383	0.074336
5	53602	3.422449700672	0.07424
5	53609	3.422877763957	0.075255
5	53616	3.423499530092	0.074309
5	53626	3.423904520261	0.074315
5	53633	3.42454336437	0.07428
5	53640	3.424909585326	0.084289
5	53647	3.425524153193	0.075271
5	53657	3.425868408205	0.074697
5	53664	3.426539882453	0.081496
5	53671	3.426881854758	0.075545
5	53678	3.427510489923	0.074935
5	53688	3.42789302132	0.074596
5	53695	3.428508520611	0.07562
5	53702	3.428936143086	0.075404
5	53706	3.429477107326	0.075692
5	53719	3.429981395155	0.075355
5	53726	3.430467039308	0.075076
5	53733	3.430974246228	0.074881
5	53740	3.431486888719	0.075449
5	53750	3.43199606039	0.07544
5	53757	3.43248548416	0.07519
5	53764	3.432950711733	0.074803
5	53771	3.433455291115	0.074768
5	53781	3.433943703606	0.074608
5	53788	3.434502126274	0.074834
5	53795	3.434903217548	0.074658
5	53805	3.43550677391	0.07439
5	53812	3.435878818918	0.07495
5	53819	3.436497827253	0.07536
5	53823	3.436925166466	0.075299
5	53836	3.437478415888	0.086297
5	53846	3.43795701103	0.075941
5	53853	3.438473809597	0.074613
5	53857	3.438990475916	0.074647
5	53870	3.439476773406	0.083576
5	53877	3.440014993603	0.074943
5	53881	3.440443534959	0.074613
5	53888	3.440988139337	0.074456
5	53901	3.441437231178	0.074583
5	53905	3.441951979773	0.074336
5	53912	3.442467338796	0.075282
5	53919	3.442908905433	0.074591
5	53929	3.443422522536	0.07461
5	53936	3.443939789786	0.074905
5	53943	3.444466500611	0.074539
5	53950	3.444922585834	0.074699
5	53963	3.445426447876	0.074537
5	53967	3.445893299474	0.074675
5	53974	3.44640486773	0.074443
5	53981	3.44692032972	0.074583
5	53994	3.447441989655	0.074491
5	53998	3.447889618673	0.074297
5	54005	3.448465086715	0.074261
5	54015	3.448931493736	0.083493
5	54022	3.449484579001	0.076329
5	54029	3.449883248275	0.074545
5	54036	3.450436173521	0.074334
5	54043	3.450850283898	0.074458
5	54053	3.451388487405	0.074507
5	54060	3.451893586886	0.074545
5	54067	3.452387410169	0.074688
5	54074	3.452939058346	0.077614
5	54087	3.453357280216	0.075211
5	54091	3.453979281009	0.074608
5	54098	3.454360852776	0.07481
5	54108	3.455018345885	0.074785
5	54115	3.455372562573	0.07465
5	54122	3.455991843082	0.075534
5	54129	3.456380158532	0.074443
5	54139	3.456975264118	0.074376
5	54146	3.457335933805	0.074525
5	54153	3.457937637462	0.074398
5	54166	3.458296737974	0.077563
5	54173	3.458921232151	0.075973
5	54180	3.459269122858	0.074542
5	54187	3.459913561385	0.074581
5	54197	3.460295729546	0.083874
5	54204	3.460889034918	0.075716
5	54211	3.461278548141	0.074793
5	54218	3.461858915586	0.075938
5	54225	3.462238920242	0.076144
5	54235	3.462858136133	0.075268
5	54242	3.463237313281	0.079895
5	54249	3.463851039894	0.075062
5	54253	3.464225829832	0.074766
5	54266	3.464885658906	0.074752
5	54273	3.465196198402	0.074883
5	54280	3.465872505162	0.074787
5	54290	3.466174590156	0.07461
5	54297	3.466856414277	0.074611
5	54304	3.467154694611	0.074755
5	54311	3.467884533193	0.07466
5	54318	3.468202489242	0.074913
5	54328	3.468835237961	0.075528
5	54332	3.469213510815	0.074688
5	54342	3.469878792199	0.07451
5	54349	3.47021342725	0.074601
5	54359	3.470900440937	0.074833
5	54363	3.471226198221	0.074596
5	54373	3.47194993515	0.074679
5	54383	3.472180555062	0.074735
5	54390	3.472916589061	0.08391
5	54394	3.473203964566	0.075771
5	54404	3.473955278418	0.07483
5	54414	3.47418493285	0.074637
5	54421	3.47499573727	0.07465
5	54428	3.475171152982	0.074654
5	54435	3.475947092951	0.075897
5	54442	3.476131399567	0.075692
5	54452	3.476971385732	0.075859
5	54459	3.477124207938	0.075678
5	54472	3.477924556013	0.076208
5	54476	3.478139175436	0.07574
5	54486	3.478902404947	0.078176
5	54493	3.479102448395	0.076139
5	54500	3.47989986059	0.074972
5	54507	3.480056741911	0.07464
5	54517	3.480878486339	0.074774
5	54521	3.481084748939	0.074642
5	54534	3.481927292527	0.074578
5	54538	3.482109428377	0.075507
5	54548	3.482926275444	0.074599
5	54555	3.483090997996	0.074445
5	54565	3.483932620129	0.074481
5	54569	3.484094140658	0.082886
5	54579	3.484972520871	0.07552
5	54586	3.485064141946	0.074773
5	54593	3.485978150073	0.074407
5	54597	3.486042184689	0.074412
5	54613	3.486930510551	0.074463
5	54617	3.487014281575	0.078367
5	54624	3.487910959359	0.074325
5	54631	3.48799949488	0.074497
5	54641	3.488870464581	0.075127
5	54648	3.48899319345	0.074521
5	54655	3.489861641893	0.074405
5	54659	3.490042197309	0.075361
5	54672	3.490895332567	0.077928
5	54679	3.490994975236	0.074519
5	54686	3.491943235395	0.074565
5	54690	3.491967347706	0.074602
5	54706	3.492954201862	0.074443
5	54710	3.492954532662	0.074533
5	54717	3.493974541374	0.074508
5	54721	3.494002088374	0.07424
5	54737	3.494998699261	0.081305
5	54741	3.495047698754	0.077022
5	54748	3.496039279893	0.074829
5	54752	3.496055989387	0.074464
5	54768	3.497002750984	0.074265
5	54772	3.497059443997	0.074335
5	54779	3.498047157119	0.074318
5	54783	3.498052262472	0.074282
5	54802	3.499019315001	0.074676
5	54806	3.499077730527	0.074429
5	54815	3.500048212721	0.08354
5	54819	3.500067711189	0.075198
5	54835	3.501063803614	0.074441
5	54839	3.501106058653	0.074326
5	54846	3.502111320304	0.074357
5	54850	3.502143901868	0.074178
5	54866	3.50310102986	0.074651
5	54870	3.503143757758	0.074274
5	54880	3.504120312194	0.074382
5	54884	3.504149818862	0.074267
5	54897	3.505134490808	0.082589
5	54901	3.505191676098	0.075403
5	54911	3.506142441932	0.074629
5	54918	3.506227292443	0.075218
5	54928	3.507186527051	0.074443
5	54932	3.507225772092	0.077534
5	54942	3.508137477916	0.077415
5	54949	3.50825271266	0.075032
5	54959	3.509154321962	0.08567
5	54963	3.509301446447	0.075576
5	54976	3.51010544813	0.08562
5	54980	3.510262120645	0.075819
5	54990	3.511076481678	0.074946
5	54994	3.511276198439	0.07447
5	55004	3.512102218222	0.074408
5	55011	3.512274490421	0.074234
5	55021	3.513110694634	0.075435
5	55025	3.513298576753	0.074592
5	55032	3.514107268863	0.07457
5	55042	3.514296671628	0.074522
5	55052	3.515139918228	0.074395
5	55056	3.515290452356	0.07463
5	55066	3.516160667516	0.074638
5	55070	3.516311106298	0.074481
5	55083	3.517185117301	0.074302
5	55087	3.517308370724	0.074384
5	55100	3.518171823387	0.07499
5	55104	3.518348121964	0.0744
5	55117	3.519186006107	0.074519
5	55121	3.519331982435	0.167608
5	55131	3.520139243998	0.205787
5	55135	3.520329897792	0.181605
5	55148	3.521146636508	0.18011
5	55152	3.521304586432	0.179952
5	55162	3.522132855601	0.180106
5	55166	3.522266897724	0.180305
5	55179	3.523106511504	0.183816
5	55183	3.52323987354	0.183539
5	55193	3.524137453954	0.152823
5	55197	3.524282169253	0.086236
5	55210	3.525113567178	0.077011
5	55214	3.525253607383	0.075825
5	55224	3.526136379751	0.07436
5	55228	3.526232653881	0.074456
5	55241	3.52716522918	0.074429
5	55245	3.527242774123	0.074637
5	55255	3.528145032091	0.074574
5	55259	3.528238428844	0.074442
5	55272	3.529130719578	0.07449
5	55276	3.529272760792	0.07436
5	55283	3.530121276512	0.074861
5	55290	3.530247777563	0.075737
5	55300	3.531123370638	0.07469
5	55307	3.531225705766	0.074569
5	55314	3.532145294969	0.07456
5	55321	3.532270426067	0.074602
5	55331	3.53312439526	0.074432
5	55338	3.533290980224	0.085287
5	55345	3.534098472167	0.075727
5	55352	3.534309303926	0.074764
5	55362	3.535112707167	0.074504
5	55366	3.535301191211	0.074397
5	55379	3.536119930966	0.074252
5	55383	3.536297728129	0.074354
5	55393	3.537102171351	0.075102
5	55400	3.537260074361	0.074285
5	55413	3.538072934374	0.07482
5	55417	3.538216666908	0.074508
5	55427	3.539096439839	0.074274
5	55431	3.539196118268	0.074385
5	55444	3.54011279438	0.074336
5	55448	3.540192862965	0.074438
5	55458	3.541116373951	0.074308
5	55462	3.541239032749	0.074354
5	55475	3.542109614796	0.074448
5	55479	3.542282041863	0.074319
5	55489	3.543086533574	0.075468
5	55496	3.543325764037	0.07423
5	55506	3.544092490711	0.074226
5	55510	3.544319540683	0.07433
5	55520	3.545067503944	0.074223
5	55524	3.545352630592	0.076799
5	55534	3.546024347885	0.074944
5	55541	3.546377712529	0.074619
5	55551	3.547043039349	0.074568
5	55555	3.547379935243	0.079083
5	55565	3.548050966727	0.077467
5	55572	3.548415625894	0.074619
5	55579	3.549051804294	0.081013
5	55586	3.549425949461	0.076233
5	55596	3.550038004343	0.074419
5	55603	3.550466734872	0.074304
5	55610	3.550997852679	0.07696
5	55620	3.551513275674	0.075333
5	55624	3.552009453275	0.074757
5	55637	3.552498716321	0.074684
5	55644	3.553050813698	0.074261
5	55651	3.553486701018	0.074439
5	55655	3.554004122324	0.074458
5	55668	3.554468849363	0.074963
5	55675	3.555021643719	0.074359
5	55682	3.555497242361	0.074349
5	55686	3.555978648235	0.075087
5	55696	3.556478933455	0.074312
5	55706	3.556994581375	0.074411
5	55713	3.557495345494	0.083598
5	55717	3.557976909024	0.074951
5	55733	3.558540092637	0.075245
5	55740	3.55897380953	0.0745
5	55747	3.559588736413	0.074412
5	55751	3.559992607484	0.074444
5	55764	3.560600496789	0.074454
5	55771	3.560983800992	0.07415
5	55778	3.561648452156	0.074235
5	55782	3.561936025413	0.075114
5	55795	3.56261734717	0.074241
5	55802	3.562978084075	0.074267
5	55809	3.56362701069	0.074152
5	55813	3.563952455228	0.074166
5	55826	3.564586518078	0.074163
5	55833	3.564972529336	0.074164
5	55840	3.565567378275	0.074192
5	55844	3.566004340151	0.074157
5	55857	3.566610075409	0.074206
5	55864	3.567003189663	0.074239
5	55871	3.567629764168	0.074114
5	55875	3.567955137211	0.074163
5	55888	3.568671328777	0.074378
5	55895	3.568924191557	0.084561
5	55902	3.569646847771	0.075337
5	55906	3.56989198844	0.074757
5	55922	3.570645029369	0.074423
5	55926	3.57084781618	0.074464
5	55933	3.571645780353	0.074506
5	55937	3.57183088271	0.074386
5	55950	3.572688492316	0.074514
5	55957	3.572818534207	0.079876
5	55964	3.573649314466	0.074354
5	55968	3.573864884126	0.074249
5	55984	3.574671851016	0.074267
5	55988	3.574853915675	0.074153
5	55995	3.575633497419	0.074421
5	55999	3.575871260415	0.07745
5	56009	3.576625631746	0.075709
5	56019	3.57686497502	0.074528
5	56026	3.577650118255	0.07442
5	56030	3.577879415356	0.0743
5	56046	3.578606476955	0.082267
5	56053	3.578880169163	0.083782
5	56060	3.579642122039	0.075121
5	56064	3.579871406422	0.074384
5	56074	3.580662351507	0.07439
5	56084	3.580843602425	0.074397
5	56091	3.581628795944	0.075145
5	56095	3.58183162083	0.074264
5	56105	3.582666044724	0.074405
5	56115	3.582803688541	0.07434
5	56122	3.583678237126	0.074313
5	56126	3.583753953018	0.074378
5	56136	3.584656138554	0.074388
5	56140	3.584721657925	0.074344
5	56153	3.585665003041	0.074316
5	56157	3.585703384234	0.074237
5	56170	3.586683838069	0.074298
5	56174	3.586701113659	0.074229
5	56184	3.587666087154	0.074346
5	56188	3.58768777083	0.074407
5	56204	3.588697921108	0.074357
5	56208	3.588716860753	0.074497
5	56215	3.589669639525	0.074336
5	56219	3.589706430477	0.083283
5	56232	3.590678459135	0.075226
5	56236	3.590683253578	0.07445
5	56246	3.591676522392	0.074214
5	56250	3.591700748312	0.074116
5	56263	3.592659892559	0.074291
5	56267	3.592664249554	0.074269
5	56277	3.593700459747	0.075394
5	56281	3.593705313466	0.074268
5	56294	3.594680735306	0.074367
5	56298	3.594711614955	0.074188
5	56308	3.595671096237	0.07625
5	56312	3.595720974293	0.075613
5	56325	3.596692544955	0.074496
5	56329	3.596710649114	0.079312
5	56339	3.597643616575	0.075302
5	56343	3.597731672875	0.074668
5	56356	3.598609471927	0.075151
5	56366	3.598748451119	0.074424
5	56373	3.599613085749	0.074314
5	56377	3.599703230007	0.074403
5	56390	3.600643894028	0.075213
5	56394	3.600737203682	0.074351
5	56404	3.601641913754	0.08403
5	56408	3.601739527103	0.075223
5	56421	3.602630964851	0.074707
5	56425	3.602740956998	0.074594
5	56435	3.603673475193	0.074292
5	56439	3.603739739246	0.074448
5	56455	3.604714840652	0.074283
5	56459	3.604719487084	0.074134
5	56466	3.605675282354	0.074279
5	56470	3.605707952451	0.074237
5	56480	3.606627605078	0.074263
5	56484	3.606721964854	0.082199
5	56497	3.607581975322	0.075221
5	56501	3.607729097435	0.074594
5	56511	3.608572598584	0.07438
5	56518	3.608733981546	0.074201
5	56528	3.609577416724	0.074172
5	56532	3.609776175713	0.074218
5	56539	3.61061910842	0.074154
5	56552	3.610802730081	0.074275
5	56559	3.611619229958	0.074216
5	56563	3.611787343755	0.074248
5	56573	3.61260367407	0.074334
5	56580	3.612777400379	0.074263
5	56590	3.613642217044	0.075112
5	56594	3.613732121867	0.082724
5	56601	3.614618947914	0.075128
5	56605	3.614682442636	0.074612
5	56621	3.615667696818	0.074401
5	56625	3.615703095292	0.074224
5	56632	3.616653148014	0.074461
5	56639	3.616695730856	0.074161
5	56652	3.617610939355	0.07425
5	56656	3.617670020336	0.189956
5	56663	3.618624514515	0.078234
5	56667	3.618650704699	0.076749
5	56686	3.619601601708	0.085944
5	56690	3.61963753157	0.077323
5	56697	3.620574037853	0.07724
5	56701	3.620663470582	0.076114
5	56717	3.621600318175	0.075233
5	56721	3.621637995768	0.074476
5	56728	3.622570304953	0.074292
5	56732	3.622666358005	0.074624
5	56748	3.623526197945	0.075125
5	56752	3.623693865103	0.075861
5	56759	3.624540242581	0.075257
5	56763	3.624706595232	0.074939
5	56779	3.625495763975	0.075742
5	56783	3.625707761601	0.075536
5	56790	3.626491361578	0.076691
5	56797	3.626690103598	0.076574
5	56810	3.627474311243	0.087155
5	56814	3.627678661543	0.078619
5	56821	3.628441718957	0.076524
5	56828	3.628681130342	0.075546
5	56841	3.629463312317	0.076795
5	56845	3.629660180333	0.075936
5	56855	3.630507957441	0.074976
5	56859	3.630688860949	0.075315
5	56872	3.631527265708	0.074828
5	56876	3.631652863991	0.076393
5	56886	3.632568685947	0.075063
5	56890	3.632658751677	0.074572
5	56903	3.63353138919	0.074289
5	56907	3.63369534006	0.074245
5	56917	3.634507091805	0.081736
5	56921	3.634656560958	0.075756
5	56934	3.635478246686	0.074976
5	56938	3.635638966569	0.07453
5	56948	3.636452196913	0.074435
5	56952	3.63659496384	0.074273
5	56965	3.637482806386	0.074496
5	56969	3.637635713133	0.074411
5	56982	3.638482950653	0.074752
5	56986	3.638628962627	0.083452
5	56999	3.639463278877	0.075384
5	57003	3.639608084529	0.074298
5	57013	3.640483540051	0.074177
5	57017	3.640605049044	0.074331
5	57030	3.641525328028	0.078944
5	57034	3.641594841708	0.077341
5	57044	3.64255211295	0.074843
5	57048	3.642637989259	0.086311
5	57061	3.643515913523	0.077156
5	57065	3.64360872986	0.074723
5	57075	3.644504507588	0.075041
5	57079	3.644655653204	0.075246
5	57092	3.645548566085	0.074304
5	57096	3.645664335126	0.074218
5	57106	3.646584239245	0.074441
5	57110	3.646630408409	0.074316
5	57123	3.647583628104	0.074338
5	57127	3.647648446819	0.074371
5	57140	3.64862185855	0.074353
5	57144	3.648684367105	0.074397
5	57154	3.649610230563	0.074293
5	57158	3.649646378849	0.074221
5	57171	3.650649233619	0.074246
5	57175	3.650684957564	0.084327
5	57185	3.651680905546	0.076105
5	57189	3.65171775803	0.074531
5	57202	3.652673181438	0.074432
5	57206	3.652731099248	0.074229
5	57216	3.653651213188	0.074287
5	57220	3.653761756868	0.074272
5	57233	3.654693635053	0.074397
5	57237	3.65475656664	0.074214
5	57247	3.655668886451	0.074379
5	57251	3.655777381868	0.07425
5	57264	3.656691747421	0.074303
5	57268	3.656820056397	0.0742
5	57275	3.657676085577	0.074329
5	57282	3.657785215433	0.074247
5	57298	3.658644497495	0.076235
5	57302	3.658753602029	0.076032
5	57309	3.659617564444	0.074708
5	57316	3.659766674777	0.074392
5	57329	3.660571590186	0.074348
5	57333	3.660811095462	0.074269
5	57340	3.66161966148	0.07438
5	57347	3.661817744562	0.074296
5	57360	3.662652977747	0.074332
5	57364	3.6628531932	0.083203
5	57371	3.663671365435	0.085091
5	57378	3.66386259092	0.075014
5	57388	3.664663640535	0.075382
5	57395	3.66484261778	0.07431
5	57402	3.665709649005	0.074337
5	57406	3.665805970053	0.074363
5	57422	3.666732631604	0.077378
5	57426	3.666820520358	0.080027
5	57433	3.667688577793	0.074654
5	57440	3.667809938757	0.074525
5	57450	3.668662934763	0.074251
5	57457	3.668840154353	0.074268
5	57464	3.669627216205	0.074209
5	57474	3.669852928613	0.074252
5	57481	3.670606199474	0.074314
5	57485	3.670817922005	0.074754
5	57495	3.671640232615	0.074357
5	57502	3.671855038226	0.074251
5	57512	3.672613151603	0.074387
5	57519	3.672863731962	0.074429
5	57526	3.673661994131	0.074245
5	57530	3.673853617368	0.074333
5	57546	3.674672692377	0.07434
5	57550	3.674854524974	0.083121
5	57557	3.675697839214	0.075132
5	57564	3.675870854459	0.074592
5	57577	3.676710253337	0.074244
5	57581	3.676892186843	0.074338
5	57588	3.677679243902	0.074325
5	57595	3.677933544978	0.077994
5	57611	3.678665156207	0.075416
5	57615	3.678955083469	0.074447
5	57622	3.679685828198	0.07421
5	57629	3.679999163785	0.074243
5	57642	3.680698554606	0.074427
5	57646	3.680972266741	0.074455
5	57653	3.681673876168	0.0744
5	57660	3.681930560573	0.074209
5	57673	3.682701029244	0.074204
5	57677	3.682926117856	0.074226
5	57684	3.683691767698	0.074298
5	57691	3.683895169749	0.075045
5	57704	3.684699769034	0.074312
5	57708	3.684845614397	0.074146
5	57715	3.685742001767	0.074202
5	57719	3.685839959699	0.074132
5	57735	3.686746396348	0.074268
5	57739	3.686878628601	0.08389
5	57746	3.687781202726	0.075317
5	57750	3.687890666675	0.074533
5	57766	3.688745591566	0.074305
5	57770	3.688844494373	0.074461
5	57777	3.689764943046	0.076577
5	57781	3.689892274401	0.076021
5	57797	3.69079888787	0.075603
5	57801	3.69084578349	0.079383
5	57808	3.691762113801	0.075137
5	57812	3.691830633025	0.074669
5	57828	3.692784880389	0.074253
5	57832	3.692789450217	0.074491
5	57836	3.693752600301	0.081271
5	57840	3.693781386693	0.075164
5	57859	3.694739918811	0.074778
5	57863	3.694796444248	0.074622
5	57867	3.69577031028	0.07435
5	57871	3.695824873353	0.074223
5	57890	3.696741309554	0.074299
5	57894	3.696824060697	0.075107
5	57898	3.697755862335	0.083303
5	57905	3.697868278991	0.075443
5	57924	3.698724498622	0.07481
5	57928	3.698905132223	0.074419
5	57935	3.699708517181	0.074524
5	57939	3.699865221654	0.074518
5	57955	3.70070527572	0.074387
5	57959	3.700847644568	0.074279
5	57963	3.701712883011	0.074381
5	57970	3.701815688058	0.07434
5	57986	3.702734392956	0.074236
5	57990	3.702791509038	0.075176
5	57997	3.703751735165	0.074287
5	58001	3.703754312919	0.074348
5	58014	3.704707602901	0.074233
5	58021	3.704768475727	0.074208
5	58028	3.705718356321	0.074286
5	58032	3.705774649866	0.074301
5	58045	3.706669758227	0.074334
5	58049	3.706818508425	0.074965
5	58059	3.707621694052	0.074336
5	58063	3.707805465305	0.074247
5	58076	3.708594022821	0.074354
5	58080	3.708830790536	0.074549
5	58090	3.70958358458	0.083562
5	58094	3.709789888543	0.075349
5	58107	3.710549902877	0.074563
5	58111	3.710796470234	0.074352
5	58121	3.711545697489	0.074306
5	58125	3.711796631881	0.074317
5	58135	3.712520365697	0.074359
5	58142	3.712833064133	0.074251
5	58152	3.713517984786	0.074265
5	58156	3.713871595852	0.074329
5	58166	3.714492304398	0.074378
5	58173	3.714865951226	0.07846
5	58183	3.715498905204	0.227663
5	58187	3.715828155657	0.185758
5	58194	3.716540947561	0.241833
5	58204	3.716791624887	0.086475
5	58214	3.717491159273	0.076781
5	58218	3.71778572333	0.075088
5	58225	3.718478751223	0.093166
5	58238	3.718772301298	0.114723
5	58248	3.719455046321	0.082471
5	58252	3.719782536794	0.075587
5	58259	3.720471597511	0.074906
5	58269	3.720824657059	0.074645
5	58279	3.721466768137	0.075715
5	58283	3.721826395269	0.074594
5	58290	3.722472786285	0.074552
5	58303	3.722796987163	0.074398
5	58307	3.723432778211	0.074369
5	58314	3.72384386289	0.074383
5	58321	3.724466870274	0.074319
5	58328	3.724798575869	0.074425
5	58338	3.725496678965	0.074372
5	58345	3.725773175214	0.074337
5	58352	3.726480873418	0.074183
5	58359	3.726803342421	0.074545
5	58369	3.727523545597	0.074327
5	58376	3.72780159306	0.075155
5	58383	3.728521432845	0.074369
5	58390	3.728791557737	0.074186
5	58400	3.729538493255	0.0884
5	58407	3.729763746345	0.075375
5	58414	3.730501787934	0.074708
5	58421	3.730789847695	0.07457
5	58434	3.731537987875	0.074454
5	58438	3.731801081825	0.074293
5	58445	3.732563395772	0.07447
5	58449	3.732785411154	0.074657
5	58465	3.733603950155	0.074609
5	58469	3.733800829743	0.074403
5	58476	3.734624378619	0.083627
5	58480	3.734768394171	0.074629
5	58496	3.735593706838	0.074248
5	58500	3.735740901434	0.074414
5	58507	3.736578556191	0.074542
5	58511	3.736717950487	0.074298
5	58527	3.737583856605	0.074397
5	58531	3.737766596336	0.074484
5	58538	3.738540280901	0.074339
5	58542	3.738788989001	0.074341
5	58561	3.739505127652	0.07576
5	58565	3.739837640376	0.074558
5	58572	3.740497805156	0.075429
5	58576	3.740798972497	0.074315
5	58592	3.741524712135	0.085576
5	58596	3.741817111371	0.075433
5	58603	3.742490862867	0.07482
5	58607	3.742767969859	0.074673
5	58623	3.743503922173	0.074379
5	58627	3.743759265782	0.074385
5	58634	3.744463776166	0.074314
5	58641	3.744800357061	0.074246
5	58654	3.745426703643	0.074459
5	58658	3.745806489386	0.074317
5	58665	3.746474215874	0.074311
5	58672	3.746805009613	0.074524
5	58685	3.74745305628	0.075077
5	58689	3.747806436618	0.148352
5	58696	3.748433848662	0.075261
5	58706	3.748844998709	0.074655
5	58716	3.749418912531	0.074469
5	58720	3.749807971452	0.074311
5	58729	3.750443316694	0.079918
5	58739	3.750764356718	0.075055
5	58749	3.751424099645	0.074567
5	58753	3.751762219212	0.076075
5	58760	3.752422088933	0.075797
5	58764	3.752770719138	0.075701
5	58780	3.753389607649	0.074242
5	58784	3.75380075584	0.074354
5	58788	3.754342328108	0.074244
5	58795	3.754793481521	0.074265
5	58808	3.755318144022	0.074354
5	58815	3.755749840321	0.074306
5	58819	3.756328230096	0.08782
5	58829	3.75677964092	0.07453
5	58842	3.757345986998	0.074443
5	58846	3.757794181515	0.074288
5	58853	3.758339926142	0.075132
5	58860	3.758793340216	0.074293
5	58876	3.759359939878	0.074815
5	58880	3.75982860128	0.08502
5	58887	3.760335255999	0.075694
5	58894	3.760818678407	0.074766
5	58907	3.761319820833	0.074451
5	58911	3.761777743143	0.074319
5	58915	3.762364329188	0.0746
5	58925	3.762740370832	0.074456
5	58938	3.763372951282	0.074297
5	58942	3.763763966953	0.081785
5	58946	3.764393262193	0.076305
5	58956	3.764716778973	0.074651
5	58969	3.765401338817	0.074351
5	58973	3.765699900101	0.074302
5	58977	3.766376991641	0.074286
5	58984	3.766661627563	0.074475
5	59000	3.767374401798	0.074303
5	59004	3.767672442914	0.074395
5	59008	3.768405596337	0.074226
5	59015	3.768670125819	0.074346
5	59031	3.769410517056	0.074388
5	59035	3.769642103363	0.074337
5	59042	3.770425925504	0.074392
5	59049	3.770686852992	0.082596
5	59062	3.771420032294	0.075149
5	59066	3.771708573604	0.074647
5	59073	3.77244500729	0.074384
5	59080	3.772691052414	0.07431
5	59093	3.773399241728	0.074364
5	59097	3.773676930394	0.074185
5	59107	3.774418871881	0.074182
5	59111	3.774677403208	0.074312
5	59124	3.775414829418	0.074274
5	59128	3.775698003398	0.074303
5	59132	3.776377446974	0.074248
5	59142	3.776737223462	0.074246
5	59152	3.777419247559	0.074667
5	59159	3.777705495054	0.07442
5	59166	3.778405130321	0.074459
5	59173	3.778696875538	0.079529
5	59189	3.779405867538	0.082653
5	59193	3.779738503229	0.076722
5	59197	3.780409533646	0.074916
5	59207	3.780755318101	0.077691
5	59220	3.781372582257	0.07512
5	59224	3.781714260902	0.074713
5	59234	3.782397312028	0.074372
5	59238	3.782708266476	0.074539
5	59251	3.783421571934	0.075141
5	59255	3.783706520518	0.074353
5	59262	3.784376824189	0.074515
5	59269	3.784731778135	0.074176
5	59279	3.785421769435	0.074384
5	59286	3.785758748965	0.074346
5	59296	3.786463238624	0.074215
5	59300	3.786742701219	0.074265
5	59310	3.787439859958	0.07432
5	59317	3.787744175659	0.074282
5	59324	3.788454010793	0.074384
5	59334	3.788769567925	0.07421
5	59341	3.789492179887	0.074521
5	59348	3.789739365758	0.074913
5	59355	3.790504626398	0.074174
5	59362	3.790760451086	0.074599
5	59375	3.791489041171	0.074325
5	59379	3.791715537903	0.074437
5	59386	3.792475824019	0.076751
5	59393	3.792683546458	0.083839
5	59403	3.793429283561	0.075359
5	59410	3.793658073783	0.074413
5	59417	3.794403259483	0.074252
5	59424	3.794695605557	0.07428
5	59437	3.795415496647	0.07431
5	59441	3.795647762175	0.074257
5	59448	3.796446823452	0.075131
5	59452	3.796680031963	0.074202
5	59468	3.797438033458	0.074322
5	59472	3.797630510933	0.074388
5	59479	3.798418188368	0.074315
5	59486	3.798617326465	0.077249
5	59499	3.799447201762	0.075271
5	59506	3.799573547274	0.074749
5	59516	3.800405417563	0.074491
5	59520	3.800559364149	0.07465
5	59533	3.801358509499	0.074469
5	59537	3.80155570314	0.074662
5	59544	3.802380055148	0.074667
5	59551	3.802532841364	0.084862
5	59564	3.803419009465	0.082319
5	59568	3.803546864634	0.076324
5	59575	3.804409043452	0.074519
5	59582	3.804564941511	0.074435
5	59592	3.805379651565	0.074427
5	59599	3.80553664218	0.074414
5	59606	3.806379238152	0.074414
5	59613	3.806489470398	0.074448
5	59620	3.80739006565	0.125748
5	59630	3.807504047496	0.088307
5	59637	3.808375850829	0.079141
5	59641	3.808484599611	0.07664
5	59651	3.809411804691	0.077642
5	59655	3.809436471125	0.076898
5	59668	3.810432444693	0.089175
5	59672	3.810477830313	0.078589
5	59682	3.811390881833	0.076431
5	59692	3.811523019922	0.075707
5	59699	3.812411376369	0.074976
5	59703	3.812546133785	0.075333
5	59716	3.813405290606	0.076233
5	59720	3.813530280836	0.076394
5	59730	3.814450070705	0.076965
5	59734	3.814550370785	0.077452
5	59747	3.815400964623	0.079026
5	59751	3.815590530349	0.077518
5	59761	3.816408699204	0.075968
5	59765	3.816623848923	0.189712
5	59775	3.817368711056	0.080252
5	59785	3.817583299735	0.07653
5	59792	3.818363788239	0.084793
5	59796	3.818572298078	0.078559
5	59809	3.819319273658	0.0877
5	59816	3.819529508696	0.078077
5	59826	3.82033405779	0.076534
5	59830	3.820551410594	0.076201
5	59840	3.821300034195	0.075743
5	59844	3.821534294379	0.075705
5	59857	3.822281039928	0.074981
5	59861	3.822501133916	0.075282
5	59871	3.823298705875	0.075637
5	59875	3.823459442665	0.074562
5	59888	3.824327146339	0.074802
5	59892	3.824454056191	0.083909
5	59902	3.825290757614	0.074541
5	59906	3.825439880365	0.074333
5	59919	3.826333322943	0.075361
5	59923	3.826473305705	0.074338
5	59930	3.827285358077	0.074407
5	59937	3.827453510614	0.074467
5	59950	3.828254758664	0.074423
5	59954	3.828481784999	0.074349
5	59961	3.829215786713	0.07428
5	59968	3.829477817507	0.074279
5	59981	3.830167742468	0.074524
5	59985	3.830474160598	0.075005
5	59992	3.831194895573	0.084138
5	60002	3.831455110034	0.075221
5	60009	3.832228942571	0.074635
5	60016	3.83249354657	0.075375
5	60023	3.833245202781	0.074576
5	60033	3.833455133109	0.074487
5	60040	3.834235499553	0.074602
5	60047	3.834443442509	0.074335
5	60054	3.835229078848	0.074322
5	60061	3.83546378446	0.074456
5	60071	3.836208649682	0.075342
5	60078	3.836426460627	0.074461
5	60085	3.837191358583	0.074226
5	60092	3.837409880104	0.074187
5	60099	3.838161180729	0.07434
5	60109	3.838425136913	0.07438
5	60116	3.839122066248	0.074359
5	60126	3.839410143679	0.074404
5	60133	3.840095651092	0.074313
5	60140	3.840381417812	0.08146
5	60150	3.841122245609	0.082299
5	60157	3.8414215122	0.07527
5	60167	3.842122483386	0.074539
5	60171	3.842448260811	0.074283
5	60181	3.843095950502	0.074356
5	60185	3.843455619567	0.074374
5	60198	3.844143632035	0.074223
5	60205	3.844471641381	0.074293
5	60212	3.845135554161	0.074349
5	60219	3.84549609716	0.074708
5	60229	3.846172675373	0.074268
5	60236	3.846490038098	0.074314
5	60243	3.847153652322	0.074201
5	60247	3.847522711665	0.074463
5	60263	3.848165784276	0.074372
5	60267	3.848493217631	0.081047
5	60271	3.849117415974	0.074637
5	60281	3.849503621253	0.074502
5	60294	3.850067761479	0.074301
5	60298	3.850547486287	0.077037
5	60305	3.851114502403	0.076418
5	60312	3.851542470624	0.074461
5	60325	3.852112318117	0.08459
5	60329	3.852519015594	0.076753
5	60336	3.853148885556	0.074564
5	60346	3.85350665478	0.074775
5	60356	3.854116090146	0.074732
5	60360	3.854472750291	0.074979
5	60364	3.855143128438	0.074603
5	60374	3.85547287464	0.074508
5	60387	3.856156509938	0.074543
5	60391	3.856463670163	0.074656
5	60395	3.857181426782	0.074608
5	60405	3.857484746822	0.07478
5	60418	3.858211354161	0.074391
5	60422	3.858517276468	0.074303
5	60429	3.85920301042	0.074422
5	60433	3.859526236805	0.075882
5	60452	3.860191119109	0.076129
5	60456	3.860573379585	0.074426
5	60460	3.861160576584	0.074514
5	60467	3.861546174413	0.074408
5	60483	3.862181838206	0.0745
5	60487	3.862581395778	0.074419
5	60491	3.863210954457	0.07443
5	60501	3.863605388341	0.086182
5	60514	3.864200450027	0.07545
5	60518	3.86462354545	0.074549
5	60525	3.865247780685	0.074498
5	60535	3.865587449337	0.075181
5	60545	3.866285101952	0.074237
5	60549	3.866554062368	0.076038
5	60556	3.86732323497	0.07481
5	60563	3.86751186788	0.074353
5	60576	3.868276340768	0.074387
5	60580	3.868526450791	0.074214
5	60587	3.869239543188	0.074486
5	60597	3.869508625752	0.07445
5	60607	3.870197403363	0.07411
5	60611	3.870460751307	0.074423
5	60615	3.871222185276	0.074593
5	60628	3.87141510144	0.074477
5	60638	3.872235189473	0.074402
5	60642	3.872380719827	0.079173
5	60646	3.87319171143	0.0744
5	60659	3.873407333909	0.074279
5	60669	3.874157833288	0.074409
5	60673	3.874436954194	0.074286
5	60677	3.875115188973	0.074234
5	60690	3.875391436683	0.074336
5	60700	3.876146589824	0.083445
5	60704	3.876364868437	0.07504
5	60711	3.877167664586	0.074586
5	60718	3.877414339264	0.074233
5	60731	3.878164645499	0.074451
5	60735	3.8783792967	0.074256
5	60742	3.879147462523	0.075083
5	60755	3.879343939761	0.074707
5	60765	3.880168779636	0.077079
5	60769	3.880366414402	0.074682
5	60779	3.881134866385	0.074328
5	60789	3.881350141662	0.074372
5	60796	3.882128333883	0.074323
5	60800	3.882378480624	0.074375
5	60807	3.883084175777	0.074282
5	60820	3.883361099101	0.074247
5	60827	3.884120448766	0.07708
5	60831	3.884379896622	0.074613
5	60838	3.8851369089	0.07507
5	60848	3.885347403491	0.074377
5	60858	3.886146516316	0.074304
5	60862	3.886348897038	0.074407
5	60869	3.887190699863	0.074349
5	60879	3.887337941575	0.085778
5	60889	3.88814784844	0.075553
5	60893	3.888293531479	0.074545
5	60903	3.889133321078	0.078238
5	60907	3.889270641501	0.074954
5	60920	3.890179051892	0.074372
5	60924	3.890261333169	0.074602
5	60934	3.891185880599	0.074337
5	60941	3.89128445748	0.075268
5	60951	3.892197077066	0.074276
5	60955	3.89228955421	0.074351
5	60965	3.89315818807	0.074413
5	60975	3.893265082149	0.074378
5	60982	3.894144619954	0.074413
5	60986	3.894239237647	0.074381
5	60993	3.895129738306	0.074431
5	61000	3.895193011844	0.074409
5	61013	3.896120558602	0.074391
5	61017	3.896150771543	0.080747
5	61030	3.897140209488	0.074382
5	61034	3.897163486659	0.074208
5	61044	3.898092942464	0.075273
5	61048	3.898205936447	0.07452
5	61064	3.89906950252	0.07496
5	61068	3.899170079448	0.083351
5	61078	3.90007289492	0.075141
5	61082	3.900188410311	0.074549
5	61095	3.901074530524	0.074493
5	61102	3.901235032243	0.074214
5	61109	3.902026853782	0.07421
5	61113	3.902196749728	0.0743
5	61126	3.903026945278	0.074342
5	61130	3.903153991236	0.074587
5	61140	3.904009217371	0.075426
5	61147	3.904137750307	0.074273
5	61157	3.905029420774	0.239314
5	61161	3.905178049701	0.081607
5	61171	3.905987671358	0.077002
5	61175	3.906203082777	0.075564
5	61188	3.907032652719	0.206062
5	61192	3.907154102848	0.200334
5	61202	3.908021662706	0.202601
5	61206	3.908175901252	0.180961
5	61219	3.908974864233	0.179583
5	61223	3.909164770137	0.179336
5	61233	3.909937789147	0.179478
5	61237	3.910145545518	0.18079
5	61247	3.91093609759	0.214968
5	61254	3.911180943872	0.206614
5	61264	3.911948139589	0.183738
5	61268	3.912162586868	0.172875
5	61281	3.91292647082	0.137511
5	61285	3.913207414993	0.135939
5	61295	3.913888892676	0.135961
5	61302	3.914242265413	0.135795
5	61312	3.914851414715	0.135915
5	61316	3.915229989636	0.135946
5	61326	3.915820700967	0.136002
5	61333	3.916211307966	0.135869
5	61343	3.916841622217	0.189264
5	61347	3.917242312906	0.110077
5	61357	3.917827111816	0.083428
5	61361	3.918232435561	0.075765
5	61377	3.918807776916	0.075198
5	61381	3.919186644876	0.074455
5	61391	3.919784291677	0.074372
5	61395	3.920191022663	0.074765
5	61408	3.920734833019	0.074629
5	61412	3.921186807557	0.074533
5	61422	3.921767408696	0.074251
5	61426	3.92217891617	0.074466
5	61439	3.922811849503	0.074415
5	61443	3.923214859099	0.075219
5	61453	3.923781453312	0.074228
5	61457	3.92425153858	0.074325
5	61470	3.924803761331	0.074344
5	61474	3.925292171531	0.074338
5	61484	3.925827189016	0.088748
5	61488	3.926281520025	0.075475
5	61501	3.926789319615	0.075282
5	61505	3.927263384502	0.074675
5	61515	3.92783684183	0.074378
5	61522	3.928295489635	0.074301
5	61532	3.928804358769	0.081291
5	61536	3.929251658239	0.074284
5	61546	3.929830723183	0.075177
5	61553	3.930274494543	0.074438
5	61563	3.930811620444	0.074457
5	61570	3.931258693624	0.074635
5	61577	3.931843079993	0.074621
5	61584	3.932288055946	0.074526
5	61594	3.932828378047	0.074368
5	61598	3.933239470609	0.074415
5	61608	3.933860620381	0.074292
5	61615	3.934279987842	0.074393
5	61625	3.934816596922	0.074317
5	61629	3.935244573717	0.074416
5	61639	3.935796648399	0.07415
5	61646	3.936270877559	0.074442
5	61656	3.936818755871	0.075208
5	61663	3.937303442349	0.074258
5	61673	3.937830353797	0.074289
5	61677	3.938280348891	0.083767
5	61690	3.938860547827	0.074921
5	61697	3.939295765567	0.074588
5	61704	3.93982351908	0.074344
5	61711	3.940306996264	0.07442
5	61721	3.940810041024	0.074391
5	61728	3.94128004968	0.074328
5	61732	3.941831455203	0.081804
5	61742	3.942261313928	0.075345
5	61755	3.942804427507	0.12689
5	61759	3.94328021501	0.077048
5	61763	3.943824193458	0.076012
5	61773	3.94427040388	0.075636
5	61783	3.944805478964	0.075716
5	61790	3.945318420124	0.075388
5	61794	3.945756876966	0.074274
5	61804	3.946314590375	0.074248
5	61817	3.946783053685	0.074589
5	61821	3.947281300525	0.074268
5	61828	3.947790728029	0.074287
5	61835	3.948274965359	0.074227
5	61848	3.948820550823	0.074175
5	61852	3.949282312124	0.075177
5	61859	3.949832066386	0.083359
5	61869	3.950324272251	0.075109
5	61879	3.950807672638	0.07436
5	61883	3.951290003664	0.074341
5	61890	3.951849360522	0.074371
5	61897	3.952256070981	0.074373
5	61910	3.952894831705	0.078531
5	61914	3.953230375989	0.074439
5	61921	3.953847974267	0.074243
5	61928	3.954199285184	0.074442
5	61941	3.954809144892	0.074333
5	61945	3.955173072371	0.074271
5	61949	3.955796520719	0.075274
5	61959	3.956158516677	0.075802
5	61972	3.956816197293	0.076011
5	61976	3.957117892618	0.075686
5	61980	3.957782501484	0.075772
5	61987	3.958089360986	0.076468
5	62006	3.958793516744	0.074577
5	62010	3.959112521026	0.074409
5	62014	3.959744210232	0.07454
5	62021	3.960076893408	0.070763
5	62037	3.960762207073	0.070372
5	62041	3.96109271694	0.07933
5	62045	3.961749376053	0.072188
5	62058	3.962094838226	0.070672
5	62068	3.962717818913	0.070649
5	62072	3.963138090395	0.070525
5	62076	3.963726917717	0.070568
5	62089	3.964111687062	0.070347
5	62099	3.964773459245	0.070391
5	62103	3.96516077251	0.070324
5	62107	3.965733741228	0.070259
5	62120	3.966115335097	0.070445
5	62130	3.966719556289	0.077376
5	62134	3.967086219113	0.071374
5	62138	3.967704018138	0.070509
5	62148	3.968056332961	0.076263
5	62161	3.968722487109	0.073769
5	62165	3.96901920787	0.070457
5	62169	3.969766364009	0.070376
5	62179	3.970025190013	0.070485
5	62192	3.970749715043	0.070237
5	62196	3.971034964038	0.070449
5	62200	3.971772730281	0.070407
5	62207	3.97205177711	0.070363
5	62223	3.972788629137	0.070459
5	62227	3.973068637573	0.070344
5	62231	3.973792834137	0.0704
5	62241	3.974107169698	0.079417
5	62254	3.974808320836	0.071636
5	62258	3.975094392068	0.070482
5	62265	3.975822355633	0.071218
5	62272	3.976138568455	0.070312
5	62285	3.976844459129	0.070492
5	62289	3.977127187742	0.074024
5	62299	3.977822523605	0.070539
5	62303	3.978169864309	0.070369
5	62319	3.978840753783	0.070555
5	62323	3.979217903801	0.0703
5	62333	3.979813193905	0.070229
5	62340	3.980239240767	0.070314
5	62350	3.980846988658	0.070321
5	62354	3.981222676181	0.070332
5	62361	3.981870949975	0.070379
5	62371	3.982267143827	0.071845
5	62381	3.982850223752	0.071922
5	62385	3.983290665464	0.073881
5	62392	3.983894067254	0.075786
5	62402	3.984264108623	0.076652
5	62412	3.984920775426	0.076453
5	62416	3.985290131337	0.075321
5	62426	3.98595217106	0.074417
5	62433	3.9862708044	0.082211
5	62443	3.986995740817	0.076825
5	62447	3.987314590336	0.076888
5	62460	3.98800868745	0.075093
5	62464	3.98829129773	0.074421
5	62474	3.989039673634	0.074551
5	62478	3.989299923855	0.075211
5	62491	3.990068220106	0.074324
5	62498	3.990296176073	0.074802
5	62505	3.991040033503	0.0757
5	62509	3.991256159259	0.07528
5	62522	3.992069173291	0.075321
5	62529	3.992206868421	0.075864
5	62536	3.993116638764	0.087634
5	62540	3.993253011438	0.077654
5	62556	3.994140318359	0.07833
5	62560	3.994257513593	0.079104
5	62567	3.995184695415	0.078531
5	62571	3.995220482009	0.078747
5	62587	3.996172103519	0.079667
5	62591	3.996218408875	0.082089
5	62598	3.997177901562	0.085877
5	62602	3.997259327697	0.076747
5	62621	3.998213529464	0.076615
5	62625	3.998219946749	0.076768
5	62629	3.999186890157	0.077014
5	62633	3.999226055322	0.07628
5	62654	4.00017340986	0.090549
5	62658	4.000273457752	0.077559
5	62665	4.001204987763	0.077165
5	62669	4.001271532576	0.077793
5	62685	4.002171150324	0.078184
5	62689	4.002304557519	0.078315
5	62693	4.003205659741	0.077128
5	62703	4.003343460913	0.07782
5	62716	4.004212538301	0.078891
5	62720	4.004338241797	0.078736
5	62724	4.005179556082	0.078483
5	62734	4.005361551169	0.079579
5	62747	4.006208829658	0.079007
5	62751	4.006371955965	0.079536
5	62758	4.007236286762	0.079371
5	62765	4.007396851141	0.082002
5	62778	4.008204008872	0.079633
5	62782	4.008435587632	0.07728
5	62786	4.009183505443	0.077353
5	62796	4.009401457099	0.091384
5	62806	4.010152580521	0.075684
5	62813	4.010410135818	0.074445
5	62817	4.01116160307	0.075763
5	62827	4.011374265685	0.07626
5	62840	4.012159384578	0.074733
5	62844	4.012364763248	0.074341
5	62854	4.013205517775	0.075418
5	62858	4.013320384177	0.074604
5	62871	4.014224244266	0.074686
5	62875	4.014331149807	0.074915
5	62879	4.015209329845	0.074612
5	62889	4.015327444679	0.074633
5	62902	4.016209744341	0.074627
5	62906	4.016341603945	0.074614
5	62913	4.017186485769	0.074533
5	62917	4.017329259946	0.074492
5	62933	4.01815242328	0.077795
5	62940	4.018366900802	0.074584
5	62944	4.019116257349	0.075528
5	62954	4.019319730893	0.074608
5	62964	4.020144371462	0.074863
5	62971	4.020344815089	0.074947
5	62978	4.021168176942	0.08448
5	62982	4.021352796924	0.075921
5	62998	4.022120165841	0.092004
5	63002	4.022331267408	0.075311
5	63006	4.023084566311	0.074933
5	63013	4.023293947459	0.074535
5	63026	4.024034928108	0.074577
5	63030	4.024248838643	0.074564
5	63037	4.025068076456	0.07447
5	63041	4.025212974934	0.075362
5	63057	4.026021808659	0.074523
5	63061	4.026172551394	0.074918
5	63068	4.027068889503	0.074326
5	63072	4.027135074312	0.07424
5	63088	4.028033634341	0.07415
5	63092	4.028090257244	0.074399
5	63099	4.028987543986	0.074265
5	63103	4.02908800886	0.074158
5	63119	4.030017625175	0.074232
5	63123	4.030123641353	0.074235
5	63133	4.031036582164	0.07421
5	63137	4.031077974879	0.074619
5	63150	4.032032364459	0.074691
5	63154	4.032050422132	0.07552
5	63161	4.033012757201	0.074458
5	63165	4.033080536538	0.084299
5	63181	4.03403525929	0.075666
5	63185	4.034038154708	0.074863
5	63192	4.035005493517	0.074515
5	63196	4.035014023448	0.074532
5	63212	4.035970380684	0.074573
5	63216	4.035986439526	0.074509
5	63223	4.036979670383	0.074535
5	63227	4.037016622072	0.074555
5	63246	4.037987109788	0.074946
5	63250	4.037992434363	0.07556
5	63257	4.039031794621	0.074518
5	63261	4.039037551212	0.074813
5	63277	4.040009356943	0.074644
5	63281	4.040058010948	0.074496
5	63288	4.040978813614	0.074608
5	63295	4.041073303232	0.074582
5	63308	4.041942064557	0.074694
5	63312	4.042097901743	0.074282
5	63319	4.042919943187	0.074382
5	63323	4.043138239241	0.082036
5	63336	4.043892170291	0.075215
5	63343	4.044093025817	0.075117
5	63350	4.04485581243	0.087846
5	63354	4.04512415151	0.078932
5	63367	4.045903556646	0.082765
5	63371	4.046106215436	0.077756
5	63381	4.046920616831	0.075702
5	63385	4.047103066227	0.076856
5	63398	4.047924586999	0.078611
5	63405	4.048087767886	0.077889
5	63412	4.048947526554	0.075896
5	63416	4.049068392393	0.076031
5	63429	4.049932214827	0.074478
5	63436	4.050086408085	0.074344
5	63443	4.050939936833	0.076188
5	63447	4.051060418618	0.075008
5	63463	4.051965236893	0.075253
5	63467	4.052098932679	0.075531
5	63474	4.052952079352	0.075673
5	63478	4.053069000163	0.075636
5	63491	4.0539987774	0.075663
5	63498	4.054073637581	0.075767
5	63505	4.055018120075	0.07513
5	63509	4.055051861603	0.074086
5	63522	4.056021563069	0.074341
5	63526	4.05608734561	0.074423
5	63536	4.056984537615	0.084042
5	63540	4.057133173108	0.075437
5	63553	4.058007106553	0.074621
5	63557	4.058169840113	0.074605
5	63570	4.058976201094	0.074832
5	63574	4.059212358968	0.074598
5	63587	4.059982934091	0.074462
5	63591	4.060208971881	0.074316
5	63601	4.061005931688	0.07415
5	63605	4.061245042612	0.074333
5	63618	4.061992020545	0.074276
5	63622	4.062280905599	0.074282
5	63629	4.063041563581	0.074256
5	63636	4.063284134463	0.07426
5	63649	4.06399797238	0.074225
5	63653	4.064274591554	0.074961
5	63660	4.064958202022	0.074481
5	63667	4.065250289617	0.074134
5	63680	4.06595690026	0.07427
5	63684	4.06627383109	0.074295
5	63694	4.066976335688	0.074335
5	63698	4.067229696837	0.084694
5	63711	4.067971811279	0.075116
5	63715	4.06827402002	0.074561
5	63725	4.068947911577	0.07426
5	63729	4.069262835037	0.086156
5	63742	4.069917447045	0.075947
5	63746	4.070291671951	0.074776
5	63753	4.070906676983	0.075216
5	63760	4.071327051337	0.077627
5	63770	4.071908268205	0.080987
5	63777	4.072330397273	0.07849
5	63784	4.072910503737	0.079173
5	63791	4.073346950949	0.096569
5	63801	4.073903037315	0.080176
5	63808	4.074379795099	0.07746
5	63818	4.074875262213	0.075838
5	63822	4.075387673108	0.074464
5	63832	4.075850045276	0.07538
5	63839	4.076411931246	0.07468
5	63849	4.076869666308	0.074707
5	63856	4.077430908174	0.086589
5	63866	4.077908086435	0.077011
5	63870	4.07845989299	0.076758
5	63880	4.078869134267	0.077354
5	63890	4.079453223936	0.074636
5	63897	4.079859070192	0.075405
5	63904	4.080433809594	0.074616
5	63911	4.080820396509	0.074419
5	63921	4.081412521289	0.074449
5	63925	4.081800468346	0.074254
5	63935	4.082390419172	0.074558
5	63942	4.082799119937	0.074624
5	63952	4.083422673729	0.075811
5	63959	4.083823391748	0.075481
5	63966	4.08437818949	0.074593
5	63970	4.084777982839	0.074889
5	63983	4.085402493421	0.077885
5	63990	4.085811952151	0.09183
5	63997	4.086366791342	0.077951
5	64001	4.08684959715	0.076802
5	64014	4.087409639862	0.076448
5	64021	4.087854158655	0.076242
5	64028	4.088429149995	0.076847
5	64032	4.088889328586	0.087242
5	64048	4.089435493587	0.076241
5	64052	4.089866095235	0.075965
5	64059	4.090392076997	0.075944
5	64063	4.09085794542	0.07606
5	64076	4.09134860236	0.075291
5	64083	4.091880490378	0.075168
5	64087	4.09230570927	0.074644
5	64094	4.09292633497	0.082266
5	64107	4.093341808456	0.074828
5	64114	4.093942571674	0.075183
5	64121	4.094349675012	0.074853
5	64125	4.094974371468	0.086145
5	64141	4.095385747621	0.076994
5	64145	4.095984565412	0.075024
5	64152	4.096407690885	0.075586
5	64156	4.097014107111	0.074507
5	64169	4.097374621633	0.075649
5	64176	4.098003902324	0.075405
5	64183	4.098374602113	0.074365
5	64187	4.099052383821	0.074277
5	64203	4.099384709407	0.075148
5	64210	4.100017322382	0.074739
5	64214	4.100352920307	0.084708
5	64221	4.10098573119	0.07551
5	64228	4.101385432152	0.074585
5	64241	4.102013653906	0.074921
5	64248	4.102362408358	0.075725
5	64252	4.10300694934	0.074714
5	64259	4.103388522443	0.075281
5	64272	4.104048309562	0.075389
5	64279	4.104389815477	0.074585
5	64286	4.105025806918	0.074682
5	64290	4.105369037679	0.075068
5	64303	4.106010858836	0.076534
5	64307	4.106338040905	0.074925
5	64317	4.106985404558	0.076282
5	64321	4.10734390327	0.076065
5	64334	4.108011051649	0.075778
5	64341	4.108310486206	0.075988
5	64348	4.109036642603	0.075542
5	64352	4.109349523113	0.074638
5	64365	4.109992456583	0.07569
5	64372	4.110334901876	0.075631
5	64376	4.110968328439	0.075213
5	64383	4.111380928462	0.074478
5	64396	4.111992064348	0.074318
5	64403	4.112414242304	0.085786
5	64407	4.112989693305	0.075527
5	64414	4.113440539536	0.074958
5	64427	4.113960323084	0.074345
5	64434	4.114469384995	0.074427
5	64438	4.114983818989	0.074417
5	64448	4.115508592253	0.075152
5	64458	4.115989707569	0.074366
5	64465	4.11655540454	0.081214
5	64472	4.116980853516	0.074286
5	64479	4.117604278162	0.074284
5	64489	4.118008924929	0.07416
5	64496	4.118596480573	0.07418
5	64506	4.119001308015	0.074781
5	64516	4.119642134383	0.074481
5	64520	4.119991029281	0.074317
5	64530	4.120684254355	0.07462
5	64534	4.12099213044	0.074404
5	64547	4.121637317462	0.083198
5	64551	4.121950643486	0.075042
5	64561	4.122655523673	0.074492
5	64565	4.122981342196	0.074549
5	64578	4.123651551037	0.07433
5	64585	4.12397489523	0.082542
5	64592	4.124629229147	0.075178
5	64596	4.125006504518	0.074579
5	64609	4.125675326664	0.07441
5	64619	4.125990224924	0.074211
5	64623	4.126666602924	0.074255
5	64627	4.12695225665	0.074359
5	64640	4.127713345747	0.074248
5	64647	4.127908931026	0.075014
5	64654	4.128676909898	0.07419
5	64658	4.128926706112	0.074216
5	64671	4.129631752318	0.074227
5	64678	4.129903813647	0.074275
5	64685	4.130619886312	0.07423
5	64689	4.130945092851	0.074216
5	64702	4.13166597487	0.074403
5	64709	4.131992306011	0.074241
5	64716	4.13261773743	0.074211
5	64720	4.132999752802	0.074112
5	64733	4.13364539643	0.074125
5	64737	4.13399755186	0.074139
5	64747	4.134620373162	0.074284
5	64751	4.135042929971	0.075025
5	64764	4.135645490688	0.075422
5	64768	4.136018471787	0.075608
5	64778	4.136668937811	0.084149
5	64782	4.136999615636	0.075311
5	64795	4.137661788728	0.07453
5	64799	4.137988837313	0.074175
5	64809	4.138660201081	0.076129
5	64813	4.138971744545	0.074513
5	64829	4.139664019094	0.074667
5	64836	4.13995566472	0.078435
5	64843	4.140694138628	0.074484
5	64847	4.140943168915	0.075233
5	64860	4.14171171264	0.074384
5	64867	4.141915398255	0.074289
5	64874	4.142733026267	0.074317
5	64878	4.14291985669	0.074393
5	64891	4.143735112928	0.07431
5	64898	4.143932334955	0.074509
5	64905	4.14476221374	0.074216
5	64909	4.144975756805	0.074251
5	64925	4.145745112592	0.074435
5	64929	4.145938769067	0.074265
5	64936	4.146778033527	0.074241
5	64940	4.146936981576	0.074252
5	64956	4.147748072225	0.074376
5	64960	4.147929264086	0.075204
5	64967	4.148794959558	0.083408
5	64971	4.14897686824	0.082015
5	64987	4.149824781681	0.075019
5	64991	4.14992920864	0.074409
5	64998	4.150871970116	0.07422
5	65002	4.150920843044	0.074244
5	65018	4.151866001257	0.074148
5	65022	4.151889858608	0.074074
5	65029	4.15287186691	0.074244
5	65033	4.152915001455	0.0743
5	65049	4.153893133464	0.074149
5	65053	4.153955355184	0.07432
5	65060	4.154862572108	0.075246
5	65067	4.154995135334	0.074447
5	65077	4.155897876638	0.074217
5	65084	4.155965470153	0.074214
5	65091	4.156872497554	0.074193
5	65098	4.157007229056	0.074239
5	65108	4.157845516521	0.074176
5	65112	4.158008445152	0.074271
5	65128	4.158865563005	0.074581
5	65132	4.15900147575	0.074414
5	65142	4.159863481204	0.074386
5	65146	4.159955258764	0.082739
5	65159	4.160875365087	0.076741
5	65163	4.160907238694	0.0751
5	65173	4.161895571675	0.074382
5	65177	4.161896704561	0.07442
5	65190	4.162863891618	0.074392
5	65194	4.16290172623	0.074211
5	65204	4.163853332753	0.075182
5	65208	4.163858004218	0.083989
5	65218	4.164828265435	0.238615
5	65222	4.164852632449	0.189471
5	65235	4.165785683567	0.181238
5	65239	4.165872793748	0.179937
5	65249	4.166755921829	0.179483
5	65253	4.166854070778	0.178973
5	65266	4.167794755046	0.180922
5	65270	4.16789593322	0.179636
5	65280	4.168761441599	0.200372
5	65284	4.168940164576	0.116612
5	65297	4.169741268669	0.075468
5	65301	4.169911183477	0.0747
5	65311	4.170700980199	0.074334
5	65315	4.170870109469	0.074553
5	65328	4.171658769541	0.074345
5	65332	4.171872875102	0.074392
5	65342	4.172665690527	0.074301
5	65346	4.172872205369	0.074289
5	65359	4.173662209766	0.074172
5	65363	4.173868552224	0.074364
5	65373	4.174703237965	0.074395
5	65377	4.17486467001	0.074197
5	65390	4.175673444021	0.075076
5	65394	4.175870330419	0.074245
5	65404	4.176651768468	0.074299
5	65408	4.176827859223	0.074186
5	65421	4.177648933376	0.074257
5	65425	4.177851598635	0.084672
5	65435	4.178674098082	0.075712
5	65439	4.178853983148	0.074826
5	65455	4.179642821036	0.075385
5	65459	4.179808057913	0.084329
5	65469	4.180656430072	0.074512
5	65473	4.18076060609	0.074378
5	65486	4.181662511639	0.075996
5	65493	4.181803474065	0.075811
5	65500	4.182644943699	0.075762
5	65504	4.182759081474	0.075752
5	65517	4.183660942605	0.076017
5	65524	4.183795503611	0.076031
5	65531	4.184683240947	0.075037
5	65535	4.184750782304	0.074335
5	65548	4.185703179086	0.074347
5	65552	4.185751746007	0.074369
5	65562	4.186748911009	0.074375
5	65566	4.186782850612	0.074183
5	65579	4.187758933578	0.074447
5	65583	4.187822282044	0.07422
5	65593	4.188750392576	0.07455
5	65597	4.188818133653	0.074187
5	65607	4.189789858155	0.074397
5	65611	4.189795367999	0.084912
5	65624	4.190760218635	0.075142
5	65628	4.190779793826	0.074693
5	65638	4.191755386203	0.074384
5	65642	4.191791411036	0.07433
5	65655	4.192756402363	0.074288
5	65659	4.192764664068	0.074173
5	65669	4.193745018695	0.074214
5	65676	4.193794642155	0.074345
5	65686	4.194750747793	0.074356
5	65690	4.194763718261	0.074222
5	65700	4.195769052379	0.075145
5	65707	4.195784812445	0.074134
5	65717	4.196743339252	0.074331
5	65721	4.196814791587	0.074197
5	65734	4.197780394443	0.07426
5	65738	4.197792302488	0.087081
5	65748	4.198742845841	0.075305
5	65752	4.198771408715	0.074672
5	65768	4.199783410933	0.074768
5	65775	4.199811790447	0.074263
5	65782	4.200812160269	0.074449
5	65786	4.200851745008	0.074475
5	65799	4.201767285911	0.084469
5	65803	4.201847893597	0.075477
5	65813	4.202815627078	0.074899
5	65817	4.202868365838	0.074842
5	65830	4.203827433525	0.07468
5	65834	4.203879867446	0.079611
5	65844	4.204853643385	0.074969
5	65848	4.204888831623	0.079175
5	65861	4.20585084668	0.077878
5	65865	4.205894160481	0.074702
5	65875	4.206824322007	0.074789
5	65879	4.206845899398	0.075051
5	65892	4.207805564122	0.075028
5	65896	4.207827970967	0.075333
5	65906	4.208822184772	0.074382
5	65910	4.208823300573	0.074995
5	65923	4.209777837198	0.074489
5	65927	4.209814996178	0.074166
5	65937	4.21077843156	0.074299
5	65941	4.210860023953	0.074232
5	65957	4.211814037504	0.074282
5	65961	4.211883993038	0.074364
5	65968	4.212791961305	0.074302
5	65972	4.212890890137	0.074464
5	65985	4.213767422948	0.085813
5	65989	4.213843001103	0.076011
5	65999	4.21476637967	0.074821
5	66003	4.214802911586	0.075569
5	66016	4.215799968257	0.075572
5	66020	4.215804701768	0.075932
5	66030	4.216771600273	0.075879
5	66034	4.216789517696	0.075824
5	66047	4.217723521412	0.07812
5	66051	4.217823020255	0.076575
5	66061	4.218746435473	0.074726
5	66065	4.21883575204	0.074245
5	66081	4.219756053806	0.074611
5	66085	4.219852491089	0.07447
5	66095	4.220714001227	0.074381
5	66099	4.220877633472	0.074297
5	66109	4.22171009822	0.075216
5	66116	4.221849986943	0.074445
5	66126	4.222664212181	0.074259
5	66130	4.22288127988	0.074304
5	66140	4.223634759463	0.074379
5	66150	4.22386994522	0.07432
5	66157	4.22464321049	0.074228
5	66161	4.224851183358	0.074188
5	66171	4.225597109325	0.085008
5	66178	4.225824296476	0.075487
5	66188	4.226605054447	0.080992
5	66192	4.226779324328	0.075287
5	66202	4.227569146733	0.074706
5	66209	4.227777478143	0.085011
5	66219	4.22859084253	0.074584
5	66226	4.228786151491	0.074405
5	66233	4.229575960526	0.074344
5	66243	4.229800760176	0.074387
5	66250	4.230616689476	0.074444
5	66257	4.230756696698	0.07443
5	66267	4.231662284969	0.075571
5	66274	4.231788500628	0.074968
5	66284	4.232647003457	0.074359
5	66288	4.232834043804	0.074475
5	66298	4.233663872288	0.074384
5	66302	4.233848361486	0.074646
5	66315	4.234660926961	0.074661
5	66319	4.234897230983	0.075463
5	66329	4.235689792304	0.074749
5	66336	4.235913747731	0.074551
5	66346	4.236642216942	0.074523
5	66350	4.236890125043	0.074647
5	66363	4.237658812045	0.085086
5	66367	4.23785506028	0.075841
5	66380	4.238637620217	0.07541
5	66387	4.23887262039	0.074817
5	66397	4.239662697791	0.07458
5	66401	4.239823918837	0.0745
5	66408	4.240692197517	0.074569
5	66418	4.240841920917	0.07547
5	66425	4.241684937176	0.074596
5	66432	4.241821047688	0.074276
5	66442	4.242685289689	0.074376
5	66446	4.242795694108	0.074328
5	66459	4.243716700848	0.074244
5	66463	4.243785647131	0.07426
5	66470	4.244724619115	0.074277
5	66477	4.244765005224	0.074365
5	66487	4.245747913941	0.074363
5	66491	4.245748892455	0.074389
5	66507	4.246733475543	0.074662
5	66511	4.2467672551	0.074695
5	66518	4.247691641489	0.074519
5	66522	4.24775564285	0.075437
5	66538	4.248715041829	0.074537
5	66542	4.248785783564	0.074414
5	66549	4.249729350106	0.084612
5	66553	4.249765466147	0.075669
5	66568	4.250729023948	0.083108
5	66575	4.250798641522	0.076437
5	66582	4.251690107565	0.076776
5	66586	4.251760820431	0.074573
5	66599	4.252674606009	0.074463
5	66603	4.252802795397	0.074531
5	66613	4.253703382492	0.074455
5	66617	4.253818364278	0.074349
5	66630	4.254693009303	0.133376
5	66637	4.254835673295	0.075292
5	66644	4.255693993649	0.081857
5	66648	4.25586818657	0.078429
5	66661	4.256727070458	0.075702
5	66665	4.256839352544	0.075167
5	66675	4.257714970781	0.074438
5	66679	4.257825539052	0.074375
5	66689	4.25869983849	0.074275
5	66699	4.258779188654	0.074719
5	66709	4.259743185632	0.085831
5	66713	4.259808532626	0.075211
5	66726	4.260755934752	0.074564
5	66730	4.260806757338	0.074351
5	66740	4.261771142922	0.074228
5	66744	4.261845955437	0.074933
5	66757	4.262736825948	0.075059
5	66761	4.262821657635	0.075284
5	66768	4.263770455503	0.074306
5	66775	4.26384783383	0.074271
5	66788	4.264799072217	0.074379
5	66792	4.264800161751	0.074221
5	66799	4.2657710786	0.074284
5	66803	4.265772317193	0.074245
5	66819	4.266767402548	0.0743
5	66823	4.266791892908	0.074307
5	66833	4.267762887849	0.074215
5	66837	4.267782661874	0.074313
5	66850	4.268783585953	0.074259
5	66854	4.268794378165	0.074212
5	66864	4.269760122311	0.074289
5	66868	4.269806658992	0.075916
5	66881	4.270756729985	0.075841
5	66885	4.270780797315	0.076005
5	66892	4.271712060456	0.089129
5	66899	4.271806485835	0.084828
5	66909	4.272708368366	0.076834
5	66916	4.272760686604	0.075305
5	66923	4.27371573953	0.075488
5	66927	4.273741441515	0.075166
5	66943	4.274700320746	0.076144
5	66947	4.274761196908	0.076023
5	66954	4.275704086737	0.076256
5	66958	4.275717880533	0.075277
5	66974	4.276726557638	0.07935
5	66978	4.27676190789	0.077138
5	66985	4.277730596549	0.074577
5	66989	4.27777905915	0.074514
5	67008	4.278737460406	0.074601
5	67012	4.278806344048	0.074276
5	67022	4.279768613567	0.07465
5	67026	4.279823208752	0.074397
5	67039	4.280736652066	0.074261
5	67043	4.280815348205	0.074288
5	67053	4.281777584674	0.074259
5	67057	4.281803236436	0.074226
5	67067	4.282772760778	0.075264
5	67074	4.282829705109	0.074775
5	67084	4.283744776239	0.085342
5	67088	4.283800421897	0.083307
5	67101	4.284763498864	0.075564
5	67105	4.284791162073	0.075065
5	67115	4.285813322769	0.075456
5	67119	4.285840440701	0.075431
5	67132	4.286790819453	0.077325
5	67136	4.286821681879	0.076866
5	67146	4.287822136176	0.076943
5	67150	4.287852149801	0.075936
5	67160	4.28881313315	0.076199
5	67164	4.28884372267	0.07658
5	67177	4.289827147801	0.076214
5	67181	4.289860888298	0.077155
5	67194	4.290843511261	0.078212
5	67198	4.29084746465	0.076813
5	67208	4.291794444665	0.079127
5	67212	4.291816632183	0.080089
5	67225	4.292813693202	0.080902
5	67229	4.292851491162	0.081314
5	67239	4.293808979892	0.083001
5	67243	4.293857990436	0.081572
5	67253	4.294763600677	0.080945
5	67260	4.294904322102	0.102354
5	67270	4.295763022101	0.082536
5	67274	4.295869740129	0.08244
5	67284	4.296800479198	0.082917
5	67288	4.296855665559	0.086103
5	67301	4.297830184151	0.083196
5	67305	4.297878502831	0.082026
5	67315	4.298799785929	0.083157
5	67319	4.298849466501	0.08407
5	67335	4.299772174031	0.083954
5	67339	4.299840936199	0.080437
5	67349	4.300793872719	0.081115
5	67353	4.300800793227	0.078873
5	67366	4.301755074448	0.078672
5	67370	4.301782260192	0.077612
5	67383	4.302740221609	0.077134
5	67387	4.302771417778	0.075908
5	67397	4.303732471673	0.075823
5	67401	4.303794402258	0.09264
5	67414	4.304710945025	0.077318
5	67418	4.30481392689	0.075585
5	67428	4.305713933338	0.077282
5	67432	4.305824648085	0.077325
5	67445	4.306702124442	0.074599
5	67449	4.306792492392	0.075417
5	67459	4.307661192427	0.074785
5	67463	4.307835691192	0.075292
5	67476	4.308654967847	0.075205
5	67480	4.308848830421	0.075158
5	67490	4.309621513966	0.075139
5	67494	4.309844169841	0.074944
5	67507	4.310651347442	0.075262
5	67514	4.310847720451	0.123182
5	67521	4.311659319016	0.076658
5	67525	4.311822411719	0.076011
5	67538	4.312680269886	0.076323
5	67545	4.312804205541	0.074718
5	67552	4.313648092065	0.075046
5	67559	4.313797621564	0.074728
5	67569	4.314607181933	0.085129
5	67576	4.314844737051	0.075497
5	67583	4.315603912586	0.075037
5	67596	4.315885067368	0.074566
5	67603	4.31662856258	0.074887
5	67607	4.316881416092	0.285102
5	67617	4.317675568338	0.076867
5	67621	4.317909301247	0.075585
5	67637	4.318684300547	0.075447
5	67641	4.318945505643	0.164811
5	67648	4.319634380233	0.259599
5	67658	4.319942079318	0.241809
5	67668	4.320672019691	0.239382
5	67672	4.320941760237	0.240247
5	67679	4.32169047618	0.242355
5	67686	4.321931954213	0.292245
5	67699	4.322728938807	0.245162
5	67703	4.322957095894	0.24273
5	67713	4.323773316693	0.200114
5	67717	4.32396441128	0.193465
5	67730	4.324727300038	0.19267
5	67734	4.324942727842	0.192117
5	67744	4.32571821496	0.261374
5	67748	4.32592106307	0.232659
5	67761	4.326718931753	0.140165
5	67765	4.326896423336	0.494103
5	67775	4.327753223808	0.194153
5	67779	4.327889725378	0.241177
5	67792	4.328770678842	0.238984
5	67796	4.328840663035	0.123993
5	67806	4.329751253198	0.240713
5	67810	4.329869423873	0.242588
5	67823	4.330770597812	0.292441
5	67827	4.330858932038	0.257646
5	67837	4.331721064023	0.253403
5	67841	4.331891248135	0.249977
5	67854	4.332730020019	0.252367
5	67858	4.33286396706	0.183834
5	67868	4.333729529831	0.142342
5	67872	4.333869741444	0.140856
5	67885	4.334735646676	0.139444
5	67892	4.334853713225	0.486375
5	67896	4.335708010578	0.348534
5	67903	4.335849738264	0.228022
5	67919	4.336673593546	0.240321
5	67923	4.33685200029	0.107547
5	67930	4.337673991291	0.084197
5	67934	4.337817575811	0.082491
5	67947	4.338638323867	0.093571
5	67957	4.338805782475	0.076399
5	67964	4.339620091526	0.075267
5	67968	4.33981789579	0.075434
5	67978	4.340623600661	0.076069
5	67985	4.340784909323	0.07647
5	67995	4.341619770411	0.09307
5	67999	4.341773479163	0.090191
5	68012	4.342590734651	0.080604
5	68016	4.34279494687	0.079816
5	68023	4.343542483145	0.080475
5	68030	4.343840672334	0.078693
5	68043	4.34452156644	0.080979
5	68047	4.344795291134	0.104103
5	68057	4.345512021107	0.084468
5	68061	4.34579134774	0.113004
5	68074	4.346523235789	0.082075
5	68078	4.346825654311	0.081566
5	68088	4.347562232159	0.103102
5	68092	4.347806037833	0.094161
5	68105	4.348578416336	0.083614
5	68109	4.34879249761	0.080831
5	68119	4.349575349181	0.079041
5	68123	4.349749102597	0.079769
5	68136	4.350590516397	0.079171
5	68140	4.350780722454	0.07862
5	68147	4.351606039267	0.078494
5	68154	4.351761654266	0.079715
5	68167	4.35263366757	0.079615
5	68171	4.352778042921	0.101342
5	68181	4.353652803345	0.082907
5	68185	4.353826326362	0.080162
5	68198	4.354633260764	0.080481
5	68202	4.354858573099	0.078476
5	68212	4.355680177789	0.092973
5	68216	4.355893358565	0.080097
5	68229	4.356685681941	0.079117
5	68233	4.356910665434	0.078501
5	68243	4.357655210535	0.076457
5	68250	4.357908442422	0.077565
5	68263	4.358633866021	0.080074
5	68267	4.358919951608	0.078164
5	68274	4.359597986149	0.077826
5	68281	4.359928854011	0.077999
5	68294	4.360555339183	0.090136
5	68298	4.360940052525	0.081294
5	68305	4.361601780222	0.078104
5	68315	4.361984036535	0.077209
5	68325	4.362555952067	0.078501
5	68332	4.363003489451	0.076996
5	68336	4.363558087593	0.075827
5	68346	4.363988678559	0.07607
5	68356	4.364563707644	0.076084
5	68360	4.365025698811	0.075652
5	68373	4.365567121802	0.075377
5	68377	4.36607369035	0.075566
5	68387	4.366569842487	0.080104
5	68391	4.367118275528	0.083744
5	68404	4.367587738768	0.07612
5	68408	4.368071602711	0.075066
5	68418	4.368561379572	0.075135
5	68422	4.369060810864	0.085735
5	68435	4.369585533522	0.076762
5	68442	4.370066813476	0.07515
5	68449	4.370572007212	0.07624
5	68453	4.371075056297	0.074839
5	68463	4.371539269966	0.075059
5	68473	4.372069656408	0.075024
5	68480	4.372492601547	0.074609
5	68487	4.373116167189	0.074493
5	68497	4.373442778696	0.074612
5	68504	4.374107860827	0.074919
5	68511	4.374433303864	0.074989
5	68518	4.375092969446	0.083582
5	68522	4.375433453354	0.076342
5	68535	4.3761266404	0.075226
5	68542	4.376442913797	0.074704
5	68549	4.377108354913	0.075447
5	68556	4.377409329846	0.074564
5	68572	4.378124138719	0.075239
5	68576	4.378387272477	0.074594
5	68583	4.379086495133	0.074607
5	68593	4.379406207709	0.074604
5	68600	4.380064484416	0.074668
5	68607	4.380409276058	0.134908
5	68611	4.381016452951	0.076993
5	68624	4.381409688509	0.075337
5	68631	4.381986819587	0.075051
5	68638	4.382452826221	0.075527
5	68642	4.383000686711	0.074496
5	68655	4.383490738923	0.074694
5	68662	4.384022928288	0.074725
5	68669	4.384478688811	0.074574
5	68673	4.384974316741	0.074424
5	68686	4.385440389252	0.074432
5	68696	4.385927320041	0.07458
5	68700	4.386465758345	0.08984
5	68710	4.386974474792	0.075467
5	68717	4.387445170642	0.074548
5	68727	4.38799655849	0.074419
5	68731	4.388435703072	0.074442
5	68741	4.38901518981	0.075169
5	68748	4.389424707633	0.085086
5	68758	4.390009224782	0.090146
5	68762	4.390451019739	0.074843
5	68772	4.391044067576	0.074651
5	68779	4.391411824436	0.07465
5	68789	4.392014624653	0.074734
5	68793	4.392387064126	0.33683
5	68803	4.393017438818	0.16177
5	68810	4.393362182319	0.208481
5	68820	4.394044855922	0.239998
5	68824	4.394401178675	0.240363
5	68834	4.395019624711	0.242182
5	68838	4.395355819626	0.242455
5	68851	4.39604149091	0.294764
5	68855	4.396358616973	0.252441
5	68862	4.397054119357	0.220141
5	68869	4.397332667327	0.087375
5	68885	4.398024101317	0.078918
5	68889	4.39834198727	0.075041
5	68899	4.399035175351	0.074537
5	68903	4.399329652873	0.074739
5	68916	4.400083394915	0.074434
5	68920	4.400322353573	0.074823
5	68927	4.401105461994	0.07439
5	68934	4.401337503352	0.074457
5	68947	4.402094128711	0.101352
5	68951	4.402317412175	0.074574
5	68955	4.403133061982	0.075495
5	68965	4.403353740584	0.07525
5	68978	4.404164787289	0.075691
5	68982	4.404324825676	0.075637
5	68992	4.40520026934	0.07417
5	68999	4.405333253891	0.074352
5	69009	4.406243131585	0.074193
5	69013	4.406350026193	0.088629
5	69023	4.407248515291	0.075244
5	69027	4.407302143864	0.074779
5	69040	4.40826231322	0.074342
5	69044	4.40827491649	0.07442
5	69054	4.409303952361	0.074621
5	69058	4.409304075212	0.075351
5	69071	4.410290299932	0.075939
5	69075	4.410339642384	0.076214
5	69082	4.411311797721	0.076189
5	69092	4.411377519705	0.075819
5	69102	4.412330513008	0.076284
5	69106	4.412373282464	0.074785
5	69113	4.413310174198	0.074746
5	69123	4.413395904035	0.074369
5	69133	4.41433661556	0.074954
5	69137	4.414443024645	0.076455
5	69150	4.415362725866	0.075012
5	69154	4.415422643851	0.074706
5	69164	4.416345460418	0.075451
5	69168	4.416429187601	0.075243
5	69175	4.417305664072	0.075883
5	69179	4.417390505981	0.076276
5	69198	4.41826650444	0.087701
5	69202	4.418389210832	0.075933
5	69212	4.41930754662	0.074833
5	69216	4.419368965163	0.074596
5	69229	4.420271837224	0.074605
5	69233	4.420387027117	0.07517
5	69240	4.421260034127	0.075042
5	69247	4.421403103422	0.07546
5	69260	4.422269710896	0.078776
5	69264	4.422386339107	0.077871
5	69274	4.423257262582	0.076933
5	69278	4.423392397981	0.07699
5	69291	4.424293007911	0.075937
5	69295	4.42443342311	0.076735
5	69305	4.425336584896	0.076005
5	69309	4.425462918328	0.080007
5	69322	4.426298700558	0.076124
5	69326	4.426473171423	0.075289
5	69333	4.427326673308	0.075965
5	69337	4.427446275602	0.083739
5	69353	4.428304516787	0.076034
5	69357	4.42843844448	0.076352
5	69367	4.429314655097	0.07469
5	69371	4.429442073619	0.074731
5	69384	4.430343222502	0.085126
5	69388	4.430448475702	0.076117
5	69398	4.431359634414	0.07499
5	69402	4.431434471057	0.074583
5	69415	4.432347833226	0.075223
5	69419	4.432428785264	0.075136
5	69429	4.4333033991	0.074773
5	69436	4.433416670951	0.075105
5	69446	4.434352931987	0.074993
5	69450	4.434415948801	0.075913
5	69463	4.435345174893	0.077764
5	69467	4.435420537837	0.078567
5	69477	4.436321750783	0.076698
5	69481	4.436420760799	0.076792
5	69491	4.437302954697	0.076616
5	69495	4.437452766778	0.076587
5	69511	4.438297726144	0.076843
5	69515	4.438480675724	0.076015
5	69525	4.439255482844	0.075994
5	69529	4.439467208404	0.075596
5	69542	4.440253704972	0.076836
5	69546	4.440448009688	0.077296
5	69556	4.441214408892	0.076726
5	69560	4.441428262535	0.088453
5	69573	4.442172623639	0.076997
5	69577	4.442378922796	0.075424
5	69587	4.443158383327	0.075577
5	69591	4.443357681231	0.075596
5	69604	4.444195398995	0.075618
5	69608	4.444317017839	0.076567
5	69618	4.44514911594	0.075889
5	69622	4.445345067684	0.0766
5	69635	4.446101993684	0.075231
5	69639	4.446333190223	0.075311
5	69649	4.44713743474	0.081232
5	69653	4.447351624435	0.081348
5	69666	4.44811395221	0.076163
5	69670	4.448398126308	0.081913
5	69677	4.449151115079	0.075996
5	69684	4.449349071286	0.076717
5	69697	4.450177214034	0.078171
5	69701	4.450322855286	0.076965
5	69708	4.451177203907	0.076428
5	69712	4.45132136093	0.077427
5	69725	4.452219879843	0.077355
5	69729	4.452311724183	0.087925
5	69739	4.453246151196	0.088507
5	69743	4.453352167523	0.078497
5	69756	4.454255973702	0.077176
5	69763	4.454357955838	0.076766
5	69770	4.455252671228	0.078203
5	69777	4.455365197359	0.077722
5	69790	4.456206365236	0.078614
5	69794	4.456334376459	0.076898
5	69801	4.457197364155	0.077875
5	69805	4.457353279362	0.077431
5	69821	4.458241077398	0.078502
5	69828	4.458393553976	0.077417
5	69835	4.459270585337	0.07779
5	69839	4.459408569041	0.07881
5	69852	4.460253920586	0.078159
5	69859	4.460453306331	0.082487
5	69866	4.461209654973	0.078923
5	69876	4.461500376315	0.077616
5	69883	4.462251019559	0.076925
5	69890	4.462480925841	0.07615
5	69894	4.463242232376	0.076017
5	69904	4.463458239427	0.077093
5	69917	4.464288517343	0.077299
5	69921	4.464495767133	0.092374
5	69928	4.465247887704	0.077686
5	69938	4.465509846448	0.076352
5	69945	4.466206556212	0.076017
5	69952	4.466470249175	0.075067
5	69959	4.467224921538	0.074924
5	69969	4.467456345192	0.076352
5	69976	4.468196933689	0.075338
5	69983	4.468484060929	0.075872
5	69990	4.469221265785	0.07556
5	70000	4.469480339876	0.075883
5	70007	4.470227652018	0.076616
5	70014	4.47050023429	0.076162
5	70024	4.471210079356	0.075806
5	70031	4.471537684152	0.083156
5	70041	4.47225544992	0.076887
5	70045	4.472495051336	0.076297
5	70055	4.473214818513	0.076051
5	70059	4.473542548725	0.076715
5	70069	4.474192747007	0.076783
5	70076	4.474555489754	0.076746
5	70086	4.475231018995	0.079385
5	70090	4.475562128147	0.076199
5	70100	4.476185335875	0.085017
5	70107	4.476599939392	0.07725
5	70114	4.477144363073	0.08765
5	70124	4.477629068511	0.079035
5	70134	4.478144324471	0.076722
5	70141	4.478594451469	0.076193
5	70151	4.479161429805	0.075168
5	70158	4.479616814606	0.075461
5	70165	4.480151301597	0.076419
5	70172	4.480636013313	0.076296
5	70179	4.481129398922	0.076173
5	70189	4.481676999518	0.074899
5	70196	4.482112674137	0.075494
5	70203	4.482658142827	0.075268
5	70210	4.483143451244	0.07634
5	70217	4.483619905063	0.075917
5	70227	4.484149024272	0.074917
5	70234	4.484638827868	0.075894
5	70241	4.485178841009	0.074569
5	70248	4.485591685672	0.22521
5	70258	4.486221693125	0.257439
5	70265	4.486558747832	0.241192
5	70272	4.487253241943	0.238594
5	70279	4.487605398017	0.280691
5	70289	4.488222387376	0.268756
5	70296	4.48859118659	0.281129
5	70303	4.489229618916	0.250788
5	70310	4.489549861604	0.242936
5	70320	4.490199608698	0.247552
5	70327	4.490510348603	0.271621
5	70334	4.491211579965	0.252665
5	70341	4.491503868454	0.244963
5	70351	4.49216788303	0.439311
5	70358	4.492481195797	0.415601
5	70368	4.493217059542	0.160905
5	70372	4.493509925461	0.151511
5	70382	4.494170637503	0.153345
5	70389	4.494513650688	0.153686
5	70399	4.495146495755	0.184303
5	70403	4.495465925323	0.216265
5	70413	4.49615958405	0.195892
5	70420	4.496503828419	0.195718
5	70427	4.49717761935	0.146788
5	70434	4.497519670527	0.083697
5	70447	4.498198825145	0.078299
5	70454	4.498550003821	0.076448
5	70464	4.499241803608	0.07496
5	70468	4.49951196131	0.075332
5	70483	4.500218907218	0.097916
5	70487	4.500470892193	0.078601
5	70494	4.501211419545	0.076307
5	70501	4.501441907899	0.075073
5	70511	4.502216240862	0.074624
5	70518	4.502472915207	0.074601
5	70525	4.503167733911	0.074596
5	70532	4.503480503843	0.074592
5	70542	4.504169164603	0.07465
5	70549	4.504479145349	0.074445
5	70556	4.505186907788	0.074494
5	70563	4.5054368086	0.074618
5	70573	4.506167071566	0.074552
5	70577	4.506392004943	0.074359
5	70587	4.507195747459	0.075363
5	70594	4.507352473649	0.074395
5	70604	4.50824172947	0.074452
5	70608	4.508397078726	0.074598
5	70618	4.509244980871	0.074576
5	70622	4.509356380142	0.074272
5	70635	4.510248280117	0.178984
5	70639	4.510311715861	0.09836
5	70649	4.511225826628	0.075198
5	70653	4.511276332544	0.090866
5	70666	4.512237707817	0.074593
5	70670	4.512309066676	0.074306
5	70680	4.513228909578	0.074368
5	70684	4.513327169213	0.07439
5	70697	4.51424848953	0.074353
5	70701	4.514345048206	0.074402
5	70711	4.515249659823	0.075374
5	70715	4.515306034892	0.188714
5	70728	4.516210053774	0.077039
5	70732	4.516273265887	0.075947
5	70742	4.517195386247	0.075783
5	70746	4.517252459503	0.074398
5	70762	4.518155536406	0.087751
5	70766	4.51824314203	0.075341
5	70776	4.519113477095	0.074594
5	70780	4.519233063254	0.074326
5	70793	4.520095178151	0.075936
5	70797	4.520211869193	0.07568
5	70807	4.521085195182	0.075677
5	70814	4.521256865982	0.083019
5	70824	4.522071771929	0.076675
5	70828	4.522271863214	0.075064
5	70838	4.52303978139	0.074318
5	70845	4.523232709856	0.074392
5	70855	4.524060195063	0.074381
5	70859	4.524278334757	0.074185
5	70869	4.525041405829	0.074356
5	70876	4.525289732805	0.074405
5	70886	4.526022663126	0.074331
5	70890	4.526253177683	0.075232
5	70900	4.527008075137	0.074393
5	70907	4.527268678635	0.07418
5	70917	4.528030773033	0.074282
5	70921	4.528305988655	0.07428
5	70931	4.529031037771	0.074453
5	70941	4.529327575404	0.074343
5	70948	4.529996464842	0.074219
5	70952	4.530310860607	0.083632
5	70962	4.531031503722	0.075124
5	70969	4.531303205761	0.074476
5	70979	4.532081179578	0.074515
5	70983	4.532282877919	0.074367
5	70993	4.533085784551	0.075096
5	70997	4.533285134671	0.074319
5	71010	4.534125017897	0.074345
5	71014	4.534312191683	0.080229
5	71024	4.535099596614	0.074387
5	71028	4.535349700202	0.074504
5	71041	4.536096437665	0.074289
5	71045	4.536308466985	0.074186
5	71055	4.537071204951	0.074374
5	71059	4.537337464429	0.074104
5	71075	4.538101610307	0.074529
5	71079	4.538322003361	0.074609
5	71089	4.539111054399	0.075222
5	71093	4.539352801941	0.07433
5	71106	4.540127883768	0.074285
5	71110	4.540305078953	0.074507
5	71120	4.541166425211	0.074466
5	71124	4.541341917615	0.074609
5	71137	4.542151404337	0.083745
5	71141	4.542370995103	0.07546
5	71148	4.543122108205	0.074692
5	71158	4.543409933641	0.074353
5	71168	4.544072192245	0.074295
5	71172	4.544409344238	0.074262
5	71179	4.545062415642	0.074105
5	71192	4.545401729391	0.07529
5	71199	4.546073830762	0.074257
5	71203	4.546426838009	0.086502
5	71210	4.547109459241	0.074928
5	71217	4.547410134629	0.074311
5	71230	4.54812153898	0.074349
5	71234	4.548423710763	0.074439
5	71241	4.549073094372	0.074871
5	71248	4.549402898306	0.074334
5	71261	4.550048600832	0.074271
5	71268	4.55040615492	0.074417
5	71272	4.550998710648	0.074336
5	71282	4.551442986007	0.074555
5	71292	4.552013000341	0.074885
5	71299	4.552404114935	0.074365
5	71303	4.553011412195	0.074266
5	71313	4.553432426982	0.074371
5	71323	4.553984946622	0.074378
5	71330	4.554386611186	0.083679
5	71334	4.554943993186	0.075117
5	71344	4.555426574814	0.074477
5	71354	4.555958353544	0.074368
5	71361	4.55643975256	0.074383
5	71365	4.55699844387	0.074645
5	71384	4.557487070621	0.074769
5	71388	4.557973828405	0.081613
5	71395	4.558525559233	0.075658
5	71399	4.558995283677	0.074547
5	71415	4.559537779899	0.074547
5	71419	4.559959007338	0.074503
5	71426	4.5604932659	0.074607
5	71430	4.56095407742	0.074469
5	71446	4.561489867726	0.074542
5	71450	4.561920607381	0.074711
5	71457	4.562475448289	0.074589
5	71461	4.562966132047	0.074853
5	71477	4.563500713173	0.074664
5	71481	4.563956105366	0.074515
5	71488	4.564451247024	0.07469
5	71492	4.56498222064	0.074599
5	71499	4.565433318203	0.075214
5	71512	4.565978233849	0.083965
5	71519	4.56647643762	0.075543
5	71523	4.567006774987	0.074679
5	71536	4.567442760859	0.074789
5	71543	4.568040234355	0.074563
5	71550	4.568486193628	0.07459
5	71554	4.569005657229	0.074424
5	71564	4.569461262422	0.074277
5	71574	4.570042771843	0.079496
5	71581	4.57042375958	0.078033
5	71585	4.571025655005	0.082665
5	71592	4.571425778635	0.075616
5	71605	4.572074966185	0.075696
5	71612	4.572447150688	0.074514
5	71616	4.573096683334	0.074556
5	71623	4.573449036994	0.074638
5	71639	4.57413296365	0.074187
5	71643	4.574427030927	0.074244
5	71647	4.575175810754	0.074254
5	71651	4.575415550176	0.074208
5	71667	4.576127857564	0.074825
5	71674	4.576373069388	0.07457
5	71678	4.577085586851	0.074226
5	71685	4.577335570745	0.0745
5	71695	4.578105694535	0.07436
5	71705	4.578303767113	0.075296
5	71712	4.579147573248	0.074575
5	71719	4.579340730028	0.074331
5	71732	4.580192121543	0.074342
5	71739	4.5803309217	0.07466
5	71743	4.581179916011	0.074458
5	71750	4.581358129886	0.078805
5	71760	4.582156692753	0.074434
5	71770	4.582408101976	0.074512
5	71774	4.583135164666	0.07442
5	71784	4.58338445434	0.074466
5	71794	4.584177172205	0.07427
5	71801	4.584361154681	0.07512
5	71805	4.585184475857	0.074185
5	71815	4.585387185129	0.074278
5	71825	4.586232842596	0.074188
5	71832	4.586423614293	0.074342
5	71842	4.587274891686	0.074373
5	71846	4.587431812864	0.074338
5	71856	4.588281761689	0.074228
5	71860	4.588389365454	0.07432
5	71870	4.589279834643	0.074284
5	71874	4.589352423454	0.074395
5	71887	4.590289865328	0.083564
5	71891	4.590364471358	0.075307
5	71901	4.591315313703	0.075188
5	71908	4.591365676916	0.074357
5	71918	4.592319178333	0.074363
5	71922	4.592337949797	0.074228
5	71932	4.593284009505	0.074291
5	71936	4.59334034208	0.07438
5	71949	4.594245838062	0.074256
5	71953	4.59433731886	0.074238
5	71963	4.595222880645	0.074282
5	71970	4.5953130637	0.081535
5	71980	4.596235245987	0.075477
5	71984	4.596329483478	0.074993
5	71994	4.597271968827	0.074625
5	71998	4.597355506783	0.074526
5	72014	4.598301616756	0.074874
5	72018	4.598307601389	0.074471
5	72028	4.599291408319	0.074349
5	72035	4.599332636241	0.074314
5	72045	4.600271397631	0.074366
5	72049	4.600320410824	0.083626
5	72059	4.601271272484	0.07498
5	72063	4.601354055793	0.074293
5	72076	4.602229931333	0.074331
5	72080	4.602400708829	0.074321
5	72090	4.603264208583	0.07433
5	72097	4.603366416381	0.074247
5	72107	4.604254683123	0.075254
5	72111	4.604318987356	0.074557
5	72121	4.605238033978	0.074412
5	72125	4.605277304874	0.077508
5	72138	4.606199752715	0.074326
5	72142	4.606255385027	0.074297
5	72152	4.607224800416	0.074227
5	72156	4.60726612329	0.074311
5	72169	4.608258089435	0.074337
5	72173	4.60826035234	0.074234
5	72186	4.609220275703	0.074167
5	72190	4.609305341498	0.074268
5	72200	4.610175100375	0.074244
5	72204	4.61029208993	0.074159
5	72214	4.611220307395	0.075123
5	72221	4.611341812617	0.074253
5	72231	4.612227923706	0.074271
5	72235	4.612315208812	0.083519
5	72245	4.613210561308	0.075045
5	72252	4.613361797166	0.0745
5	72262	4.614257495656	0.074365
5	72266	4.614346224189	0.074345
5	72276	4.615282380343	0.074216
5	72280	4.615335723187	0.074247
5	72293	4.616311937012	0.07423
5	72297	4.616324517966	0.074294
5	72307	4.61734135539	0.07423
5	72311	4.617349116136	0.075138
5	72327	4.618332592943	0.074566
5	72331	4.6183890935	0.074403
5	72341	4.619320893495	0.074576
5	72345	4.619384794781	0.082254
5	72358	4.620325729584	0.075767
5	72362	4.620403852054	0.074498
5	72375	4.621324738139	0.074463
5	72379	4.621413450337	0.074476
5	72389	4.622291343123	0.074468
5	72393	4.622415203145	0.074412
5	72406	4.62331215338	0.074311
5	72413	4.62345061171	0.075478
5	72420	4.624329576583	0.075656
5	72424	4.62442224051	0.084998
5	72440	4.625364561775	0.076773
5	72444	4.625412871604	0.07611
5	72451	4.626381174861	0.075669
5	72455	4.626452441005	0.074356
5	72471	4.627387375299	0.074406
5	72475	4.62750007393	0.074391
5	72482	4.628347294362	0.074272
5	72486	4.628545775934	0.074238
5	72499	4.629342462131	0.074257
5	72506	4.629547031718	0.079579
5	72513	4.630326486182	0.074697
5	72517	4.63053410371	0.074299
5	72530	4.63134023282	0.074349
5	72537	4.631484844025	0.07427
5	72541	4.632295858379	0.074335
5	72548	4.632499027796	0.074251
5	72558	4.63331119225	0.074332
5	72568	4.633520799476	0.074212
5	72572	4.634268905011	0.0743
5	72579	4.634515829108	0.074329
5	72589	4.635311498851	0.083893
5	72599	4.635519370828	0.075171
5	72603	4.63632617364	0.074542
5	72607	4.63649740138	0.075121
5	72620	4.637361941376	0.074333
5	72627	4.637544620479	0.074512
5	72634	4.638391581615	0.074428
5	72644	4.638575590387	0.074553
5	72657	4.639352116898	0.074576
5	72664	4.639600155297	0.074331
5	72671	4.640349071112	0.077107
5	72675	4.640593085648	0.076149
5	72685	4.641307718872	0.074595
5	72695	4.641622851587	0.074566
5	72699	4.642269959896	0.074388
5	72706	4.642604835881	0.075336
5	72716	4.643308307857	0.074456
5	72726	4.643605890281	0.074371
5	72730	4.644315952121	0.075507
5	72737	4.644605333009	0.074702
5	72747	4.64534541111	0.086765
5	72757	4.645599236181	0.075807
5	72764	4.646355071256	0.074555
5	72768	4.646626378597	0.075114
5	72778	4.647366793607	0.077546
5	72788	4.647578887024	0.075329
5	72792	4.648330378436	0.074236
5	72799	4.648601803294	0.074258
5	72809	4.649292863541	0.075652
5	72816	4.649553015971	0.075947
5	72823	4.650279469162	0.075952
5	72827	4.650513843278	0.080341
5	72840	4.651251728774	0.074502
5	72847	4.651559528025	0.07541
5	72854	4.652240347545	0.081096
5	72858	4.652536766124	0.079148
5	72871	4.65325289374	0.077861
5	72878	4.653519603076	0.079956
5	72885	4.654225469692	0.074739
5	72889	4.654525233709	0.075129
5	72902	4.655227532902	0.074464
5	72909	4.655497562814	0.076167
5	72916	4.656236346946	0.076199
5	72920	4.656496295057	0.075643
5	72933	4.657205078231	0.076958
5	72940	4.657537057369	0.07702
5	72947	4.658219196026	0.075955
5	72951	4.658519455394	0.074541
5	72967	4.659221271832	0.076587
5	72977	4.659507387461	0.074799
5	72981	4.660263517543	0.075014
5	72985	4.660480984573	0.074353
5	73001	4.661291546556	0.074427
5	73005	4.6614420843	0.075389
5	73012	4.662323123503	0.074262
5	73016	4.662424275189	0.074294
5	73032	4.663320077934	0.074405
5	73036	4.663468371738	0.074256
5	73043	4.664305716022	0.074311
5	73047	4.66448425302	0.074259
5	73060	4.665313063086	0.07464
5	73070	4.665493375397	0.074397
5	73074	4.666269343067	0.074607
5	73078	4.666493498489	0.074433
5	73094	4.667273649568	0.074339
5	73101	4.667445383625	0.074301
5	73105	4.668234671379	0.075147
5	73112	4.668445922465	0.074918
5	73125	4.669186472378	0.074644
5	73132	4.669488611611	0.075446
5	73136	4.670147029563	0.074535
5	73143	4.670511304347	0.089738
5	73156	4.671168623294	0.077526
5	73163	4.671491899785	0.075996
5	73167	4.672185375672	0.075392
5	73174	4.672498688852	0.080513
5	73190	4.673168165362	0.075544
5	73194	4.673469132797	0.075222
5	73198	4.674165563373	0.079077
5	73205	4.674511412749	0.078355
5	73221	4.675133275051	0.076652
5	73225	4.675495367403	0.07421
5	73229	4.676176013227	0.074296
5	73236	4.676467944617	0.074378
5	73249	4.67714453881	0.074666
5	73256	4.677482526317	0.077024
5	73260	4.678161870418	0.075284
5	73270	4.678531776064	0.074947
5	73283	4.679193458609	0.074563
5	73290	4.679507864356	0.074589
5	73294	4.680154230653	0.074674
5	73301	4.680499334636	0.075277
5	73314	4.681180872581	0.074451
5	73321	4.681481361587	0.074498
5	73325	4.682228872428	0.085288
5	73332	4.682441269912	0.075381
5	73345	4.683185142219	0.074806
5	73352	4.683436525837	0.074375
5	73356	4.684136722136	0.074415
5	73366	4.684479906309	0.074333
5	73376	4.685183735757	0.074518
5	73383	4.685491170679	0.074232
5	73387	4.686208478316	0.074408
5	73394	4.686451284156	0.074381
5	73407	4.687166725182	0.074976
5	73411	4.687415755556	0.07433
5	73418	4.688138836681	0.074315
5	73425	4.688449271277	0.074362
5	73435	4.689105762355	0.074345
5	73442	4.689440903852	0.074338
5	73449	4.690110469823	0.074556
5	73456	4.690400997812	0.078677
5	73466	4.691124828874	0.077794
5	73470	4.691362330978	0.077069
5	73480	4.692139498565	0.07684
5	73484	4.692384296956	0.076072
5	73497	4.693110761739	0.076518
5	73507	4.693415238116	0.077097
5	73511	4.694134502132	0.084741
5	73515	4.694411335358	0.078852
5	73528	4.695137143238	0.075367
5	73538	4.695454269344	0.082398
5	73542	4.696101977093	0.077787
5	73546	4.696454726467	0.076673
5	73559	4.697055863415	0.075458
5	73563	4.697423383012	0.07772
5	73573	4.69803733321	0.085436
5	73577	4.698406117144	0.07669
5	73593	4.699035845713	0.075983
5	73600	4.699382385839	0.075038
5	73607	4.700001554251	0.080377
5	73611	4.700350219665	0.075435
5	73624	4.70097760449	0.074527
5	73631	4.701361337744	0.074474
5	73638	4.702026390028	0.074363
5	73642	4.702367293157	0.074328
5	73655	4.703060086002	0.074466
5	73662	4.703376356477	0.074322
5	73669	4.704057107541	0.074312
5	73673	4.70440597382	0.074478
5	73686	4.705100716648	0.074322
5	73693	4.705397686791	0.084636
5	73700	4.706108073844	0.075057
5	73707	4.706373576211	0.074762
5	73717	4.707153473945	0.074523
5	73721	4.707326889685	0.074221
5	73731	4.708141620127	0.074586
5	73735	4.708318699155	0.074344
5	73748	4.709117409069	0.07424
5	73752	4.709284337684	0.074287
5	73762	4.710134858415	0.074309
5	73766	4.710331003214	0.074298
5	73779	4.711175333885	0.074338
5	73783	4.711283894005	0.074498
5	73793	4.712143062342	0.075278
5	73800	4.712308124512	0.074364
5	73807	4.713126873615	0.075343
5	73814	4.713290969069	0.074649
5	73824	4.714086050546	0.074238
5	73828	4.71431901558	0.074359
5	73838	4.715046226904	0.074272
5	73845	4.715291809223	0.074164
5	73855	4.716045382398	0.131907
5	73859	4.71630926502	0.076137
5	73866	4.717072464251	0.074656
5	73876	4.717349014273	0.083534
5	73886	4.718074169185	0.075582
5	73896	4.718354821863	0.074774
5	73903	4.71910000341	0.074494
5	73910	4.719331566016	0.079784
5	73920	4.720091176387	0.084618
5	73927	4.720332709583	0.07576
5	73937	4.721052418486	0.074967
5	73941	4.721288051886	0.0731
5	73951	4.722022395721	0.070282
5	73958	4.72225443382	0.070286
5	73962	4.723035273527	0.070329
5	73972	4.723231766857	0.074317
5	73982	4.724038722109	0.071246
5	73989	4.724189313058	0.070509
5	73996	4.725085574285	0.070327
5	74003	4.725162614606	0.070339
5	74010	4.726100378256	0.07035
5	74017	4.726153016277	0.070253
5	74027	4.727069008954	0.070298
5	74034	4.727139589694	0.070201
5	74047	4.728116430508	0.070274
5	74051	4.728173849558	0.070334
5	74061	4.729142790035	0.070435
5	74065	4.729155779675	0.078443
5	74075	4.730112941832	0.071367
5	74079	4.730135190054	0.070576
5	74092	4.731109798769	0.071227
5	74096	4.731110127148	0.070229
5	74109	4.732140130415	0.070404
5	74113	4.732156754993	0.070258
5	74123	4.733125083809	0.070389
5	74127	4.733195291554	0.070502
5	74140	4.734114322104	0.070597
5	74144	4.734169120681	0.070402
5	74154	4.735154813459	0.070576
5	74158	4.735160440781	0.07047
5	74171	4.736150362743	0.070627
5	74175	4.736176145541	0.070503
5	74182	4.737119410978	0.070543
5	74189	4.737178096571	0.070748
5	74205	4.738163506603	0.070776
5	74209	4.738181537138	0.070622
5	74216	4.739171574011	0.07059
5	74220	4.739230419665	0.070713
5	74236	4.740175376953	0.070685
5	74240	4.740185297916	0.079542
5	74247	4.74113223284	0.07124
5	74251	4.741216874177	0.07048
5	74267	4.742151358609	0.070382
5	74271	4.742252865419	0.075488
5	74278	4.743117215595	0.071875
5	74282	4.743233386039	0.070512
5	74298	4.744102291765	0.070459
5	74302	4.744229635585	0.070162
5	74309	4.74506146936	0.071914
5	74313	4.745274214049	0.071685
5	74329	4.746023345927	0.071533
5	74333	4.746322288701	0.071433
5	74340	4.746997889993	0.071504
5	74347	4.747334869065	0.071537
5	74360	4.748000180494	0.08073
5	74364	4.748330107171	0.071198
5	74368	4.749024998005	0.074185
5	74381	4.749339657789	0.070422
5	74393	4.750074047323	0.085884
5	74397	4.750384535639	0.07097
5	74404	4.751030415382	0.070796
5	74414	4.751365073751	0.070423
5	74424	4.752046153729	0.070439
5	74428	4.752372921917	0.070691
5	74435	4.75302727159	0.070533
5	74445	4.753375622682	0.070588
5	74455	4.754076397556	0.070531
5	74459	4.75433816712	0.070434
5	74466	4.75503736182	0.070499
5	74476	4.755309270219	0.070653
5	74486	4.756004355863	0.070567
5	74490	4.756271513005	0.070548
5	74497	4.7569744604	0.070584
5	74504	4.757257144463	0.071172
5	74520	4.757951371503	0.071154
5	74524	4.758209261581	0.070305
5	74531	4.758971208327	0.070442
5	74535	4.759165888829	0.070195
5	74551	4.759944495794	0.080686
5	74555	4.760157623167	0.193207
5	74562	4.760933818255	0.081534
5	74569	4.761176844683	0.075301
5	74582	4.761972551194	0.074713
5	74586	4.762157387765	0.074579
5	74593	4.762985212484	0.074352
5	74600	4.76311430181	0.074454
5	74613	4.764005571862	0.074482
5	74617	4.764080350613	0.074298
5	74627	4.764978458739	0.074439
5	74631	4.765064769428	0.074135
5	74644	4.765946513266	0.074232
5	74648	4.766054477141	0.075387
5	74655	4.766958615868	0.074459
5	74662	4.767081987918	0.088147
5	74675	4.767986466629	0.074538
5	74679	4.768083093805	0.074437
5	74689	4.768942493259	0.074448
5	74693	4.769045283409	0.074322
5	74706	4.769960485403	0.074276
5	74710	4.770091271447	0.074323
5	74720	4.770988458276	0.074483
5	74724	4.771120408379	0.074567
5	74737	4.771995137317	0.174971
5	74744	4.77212150934	0.105382
5	74751	4.772972677076	0.076061
5	74755	4.773150050813	0.083516
5	74768	4.77392598528	0.075446
5	74775	4.774159560292	0.074542
5	74782	4.774968518615	0.074646
5	74789	4.775191406206	0.074307
5	74799	4.775922229787	0.074406
5	74806	4.776155463956	0.074217
5	74813	4.776896894311	0.074488
5	74820	4.77713932503	0.074388
5	74833	4.777932393591	0.074775
5	74840	4.778091949916	0.07527
5	74847	4.77895552625	0.07441
5	74854	4.779114139971	0.074485
5	74864	4.779933169969	0.074192
5	74871	4.780124785001	0.074397
5	74881	4.78092774028	0.074347
5	74885	4.781119378747	0.076734
5	74895	4.781967533666	0.074783
5	74902	4.782146664381	0.07438
5	74909	4.78293923095	0.07438
5	74916	4.783144074269	0.074479
5	74923	4.783900850144	0.074523
5	74933	4.784188516212	0.074415
5	74940	4.784904641426	0.075387
5	74947	4.785190069309	0.074222
5	74951	4.78591803256	0.074285
5	74964	4.786199829823	0.074191
5	74968	4.786874492478	0.074242
5	74978	4.787174398764	0.074204
5	74985	4.787879148047	0.074307
5	74995	4.78821485707	0.074167
5	75002	4.78887976164	0.074292
5	75009	4.789229957272	0.074283
5	75019	4.789857863073	0.074315
5	75026	4.790211588104	0.081691
5	75036	4.790855079544	0.074498
5	75040	4.791173316473	0.074566
5	75050	4.791896833546	0.074376
5	75057	4.79219302415	0.074478
5	75061	4.792853509528	0.074254
5	75071	4.793216890996	0.08379
5	75078	4.793870799062	0.075197
5	75088	4.794255227119	0.07452
5	75092	4.794822408808	0.074282
5	75102	4.795298427115	0.074508
5	75109	4.795861266926	0.074222
5	75119	4.796316875092	0.074226
5	75126	4.796905464254	0.074363
5	75133	4.797331482742	0.07429
5	75140	4.79788944976	0.074328
5	75153	4.798296714964	0.074441
5	75160	4.798900581641	0.074331
5	75167	4.799303701589	0.081105
5	75174	4.799879417484	0.075243
5	75184	4.800256967913	0.074516
5	75191	4.800889455838	0.074293
5	75198	4.801280935714	0.074471
5	75205	4.80191302074	0.07441
5	75215	4.802303851243	0.074191
5	75222	4.802938805531	0.074143
5	75229	4.803254805772	0.074247
5	75242	4.803983023325	0.07454
5	75246	4.804298413929	0.075087
5	75253	4.805006681572	0.074554
5	75260	4.805331964174	0.083895
5	75270	4.805970885629	0.07548
5	75277	4.80633697219	0.074802
5	75284	4.806953839521	0.074536
5	75291	4.807356022814	0.074693
5	75298	4.807956410642	0.074595
5	75308	4.808334108707	0.074426
5	75315	4.808978714278	0.074663
5	75322	4.80934309084	0.074543
5	75332	4.809971889863	0.074515
5	75339	4.810382401578	0.07443
5	75346	4.810936974818	0.074542
5	75353	4.811369089533	0.075435
5	75360	4.811912228037	0.074475
5	75370	4.812394146092	0.074292
5	75380	4.812911578713	0.074146
5	75384	4.813377084132	0.074108
5	75388	4.813874221191	0.074188
5	75401	4.814413629841	0.093657
5	75408	4.814841131172	0.075619
5	75415	4.815393138727	0.074498
5	75419	4.815795315184	0.084562
5	75432	4.816423918664	0.075393
5	75439	4.816770282389	0.07467
5	75446	4.8174410702	0.074368
5	75450	4.817809938373	0.074966
5	75466	4.818431664624	0.074538
5	75473	4.81882075758	0.074301
5	75480	4.819390220259	0.074512
5	75484	4.819844731301	0.074442
5	75497	4.820416873957	0.07437
5	75504	4.820809403324	0.07422
5	75511	4.82145152466	0.074264
5	75515	4.821793886917	0.074235
5	75531	4.822492127507	0.074216
5	75538	4.822785797625	0.074415
5	75542	4.823503559673	0.074281
5	75546	4.823757900018	0.075194
5	75562	4.824527066923	0.074397
5	75569	4.824745740808	0.074337
5	75573	4.825522974799	0.07428
5	75580	4.825772743196	0.074235
5	75593	4.826521299212	0.08129
5	75600	4.826739553495	0.075118
5	75604	4.827501282742	0.083201
5	75611	4.827784674392	0.075546
5	75624	4.828490420532	0.074642
5	75631	4.828819607213	0.074436
5	75635	4.829481805123	0.074562
5	75639	4.829790169643	0.074564
5	75655	4.830479280683	0.075262
5	75662	4.83075466377	0.074545
5	75666	4.831457928631	0.074402
5	75670	4.831725735807	0.074457
5	75680	4.832437641653	0.074554
5	75693	4.832739492032	0.074715
5	75697	4.83343504236	0.074368
5	75701	4.833779273962	0.074388
5	75711	4.83445240187	0.074425
5	75721	4.834757697289	0.074338
5	75728	4.835481829417	0.074275
5	75732	4.835764436124	0.080082
5	75739	4.836525925251	0.077117
5	75752	4.836769099033	0.074637
5	75759	4.837515989094	0.075344
5	75763	4.837724944546	0.074362
5	75779	4.838559205321	0.075556
5	75786	4.83874852909	0.074577
5	75793	4.839584648978	0.08542
5	75797	4.839757993918	0.075224
5	75810	4.840577335349	0.074719
5	75817	4.840807788512	0.074345
5	75824	4.841601446526	0.074364
5	75831	4.841848299455	0.074352
5	75841	4.84264274459	0.074219
5	75848	4.842816820264	0.074362
5	75855	4.843598623687	0.075162
5	75862	4.843866324613	0.074406
5	75875	4.844643625307	0.074377
5	75882	4.84484773847	0.074286
5	75889	4.845673771057	0.074315
5	75893	4.845841012654	0.074677
5	75903	4.846714883178	0.074857
5	75910	4.846824235164	0.074706
5	75920	4.84774969604	0.074629
5	75924	4.847826144722	0.074565
5	75934	4.848782754574	0.074471
5	75938	4.848802068751	0.07445
5	75951	4.849798019292	0.074667
5	75955	4.849805626374	0.074548
5	75968	4.850768232763	0.075125
5	75972	4.850798502911	0.074359
5	75982	4.851770129318	0.074357
5	75986	4.851806677371	0.076622
5	75999	4.85276111235	0.074943
5	76003	4.85281633209	0.084659
5	76013	4.853799019925	0.075189
5	76017	4.853838535502	0.074416
5	76030	4.854751363201	0.074367
5	76034	4.854791365218	0.074221
5	76044	4.855786721164	0.074427
5	76048	4.855806728052	0.074224
5	76061	4.856817361573	0.074241
5	76065	4.856826316126	0.075197
5	76075	4.857781259835	0.074324
5	76079	4.857783336975	0.074139
5	76095	4.858735838199	0.074667
5	76099	4.858751062013	0.074888
5	76109	4.85969422021	0.074516
5	76113	4.859758268426	0.074363
5	76126	4.860703057358	0.074547
5	76130	4.860783432922	0.074824
5	76140	4.86167678324	0.074338
5	76144	4.861830373262	0.087822
5	76154	4.862639953071	0.075538
5	76161	4.862868462787	0.075452
5	76168	4.863683641948	0.074326
5	76175	4.863838654954	0.074225
5	76188	4.8646754253	0.074452
5	76192	4.864824697644	0.074455
5	76199	4.865682679077	0.074379
5	76206	4.865823087694	0.074409
5	76219	4.866700429124	0.074334
5	76223	4.866864115516	0.07423
5	76233	4.867745648937	0.074504
5	76237	4.867862868291	0.074454
5	76250	4.868746973845	0.074512
5	76254	4.868865945389	0.074419
5	76264	4.869792308349	0.07472
5	76268	4.869816375946	0.075538
5	76281	4.870825242144	0.074485
5	76285	4.87083888805	0.074723
5	76295	4.871793289251	0.074449
5	76299	4.871817687777	0.0744
5	76309	4.872749069073	0.088048
5	76316	4.872801225605	0.075825
5	76323	4.873706648838	0.074922
5	76327	4.873751946047	0.084229
5	76340	4.874664605555	0.075662
5	76347	4.874775151334	0.074776
5	76354	4.875675343881	0.074587
5	76358	4.875801233517	0.074224
5	76371	4.876676481456	0.075111
5	76378	4.876757359334	0.074255
5	76388	4.877662369775	0.074282
5	76392	4.877742290487	0.074296
5	76408	4.878683462338	0.074644
5	76412	4.878748954276	0.081324
5	76419	4.87963831488	0.075196
5	76426	4.879749047395	0.074504
5	76439	4.880639659635	0.07446
5	76443	4.880719790113	0.074271
5	76447	4.881639309394	0.074627
5	76451	4.88172514928	0.074522
5	76470	4.882651117968	0.075642
5	76474	4.882705152357	0.074435
5	76478	4.883668214275	0.074607
5	76482	4.883695513005	0.07424
5	76501	4.884670873972	0.074251
5	76505	4.884726657168	0.074355
5	76509	4.88569873226	0.074185
5	76516	4.885753688268	0.076612
5	76532	4.886651411833	0.074787
5	76536	4.886772524071	0.074355
5	76540	4.887659850349	0.074366
5	76547	4.887791656194	0.074229
5	76563	4.888619034115	0.074193
5	76567	4.888789724324	0.074219
5	76571	4.889624465104	0.074419
5	76575	4.88977036541	0.074374
5	76591	4.890663770689	0.074339
5	76598	4.890793385347	0.074318
5	76602	4.891616895679	0.074327
5	76609	4.891796126076	0.074379
5	76622	4.892577468268	0.074363
5	76629	4.892829586271	0.074557
5	76633	4.893618899482	0.074492
5	76640	4.893797402794	0.074521
5	76656	4.89461123547	0.074584
5	76660	4.894771173407	0.074603
5	76664	4.895615762405	0.07464
5	76671	4.895810411701	0.075337
5	76684	4.896625681193	0.07471
5	76691	4.896770730065	0.074526
5	76695	4.897594533943	0.074528
5	76699	4.897731989187	0.083641
5	76718	4.898562050659	0.075503
5	76725	4.898773334311	0.074909
5	76729	4.899546542217	0.074722
5	76736	4.899724448696	0.074441
5	76749	4.90056797688	0.074409
5	76756	4.900702804064	0.074336
5	76760	4.901534778343	0.074575
5	76770	4.901703806239	0.075399
5	76780	4.902497936657	0.074574
5	76784	4.902671838591	0.074396
5	76794	4.903453684642	0.074529
5	76801	4.903698384969	0.074491
5	76811	4.904418895236	0.074462
5	76815	4.904732140149	0.074458
5	76825	4.905427508253	0.081358
5	76832	4.905694409235	0.0754
5	76842	4.90647416318	0.074805
5	76846	4.906698907876	0.074717
5	76856	4.907467201732	0.074479
5	76863	4.90771805963	0.074511
5	76873	4.908490159813	0.074792
5	76880	4.908707574218	0.07601
5	76887	4.90946615391	0.075694
5	76894	4.909749896211	0.087718
5	76904	4.91042899915	0.076318
5	76911	4.910757000206	0.075887
5	76915	4.911437978812	0.075266
5	76925	4.911742189053	0.07462
5	76935	4.912439067751	0.074661
5	76942	4.912789838052	0.074091
5	76946	4.913482302375	0.074219
5	76953	4.913744556029	0.07411
5	76966	4.914434198944	0.077526
5	76970	4.91476549286	0.076202
5	76977	4.915420498308	0.074358
5	76984	4.915775243618	0.075262
5	76997	4.91638193589	0.074368
5	77001	4.916782392982	0.074443
5	77008	4.917413757316	0.074222
5	77015	4.917792270489	0.074334
5	77031	4.91841246232	0.074977
5	77038	4.91881883789	0.074368
5	77042	4.919372493236	0.074186
5	77049	4.919862425546	0.074467
5	77062	4.920400305218	0.074275
5	77069	4.920858242725	0.07437
5	77073	4.921392410739	0.084634
5	77080	4.921836990844	0.076647
5	77093	4.922417822524	0.074722
5	77100	4.922882948849	0.074705
5	77107	4.923414667945	0.074606
5	77111	4.923841814187	0.074512
5	77121	4.924409163856	0.074567
5	77131	4.924792074282	0.074578
5	77138	4.925410668416	0.07434
5	77142	4.925813245782	0.07451
5	77149	4.926422546394	0.074651
5	77162	4.926843846909	0.07449
5	77169	4.927452216289	0.074626
5	77173	4.92783511515	0.074619
5	77183	4.928453632032	0.074708
5	77193	4.92883608778	0.075507
5	77200	4.92941289544	0.074546
5	77204	4.929786168182	0.074545
5	77214	4.930369994516	0.074409
5	77224	4.930788099454	0.074562
5	77231	4.931327943578	0.082329
5	77235	4.931772534818	0.075426
5	77245	4.932330846885	0.075076
5	77252	4.932797339191	0.074966
5	77262	4.933355411045	0.074732
5	77266	4.933760255991	0.082949
5	77276	4.93438086442	0.075281
5	77283	4.934770803284	0.074627
5	77293	4.935349609162	0.07551
5	77297	4.935789645436	0.074561
5	77310	4.936322248472	0.074634
5	77317	4.936777015979	0.074577
5	77324	4.937291623776	0.074586
5	77328	4.937749178331	0.074505
5	77341	4.938279809824	0.074748
5	77351	4.938728981834	0.074302
5	77358	4.93923229884	0.074455
5	77362	4.939721996288	0.074299
5	77372	4.940203490183	0.07436
5	77379	4.940712240441	0.0743
5	77389	4.941235829009	0.074376
5	77393	4.941716950444	0.075127
5	77403	4.942211679284	0.074423
5	77410	4.942681016032	0.074351
5	77420	4.943197790959	0.074417
5	77427	4.943722770833	0.07434
5	77431	4.944170701915	0.074363
5	77441	4.944682899037	0.074176
5	77451	4.945185818935	0.082653
5	77458	4.945679526654	0.075338
5	77462	4.946182179919	0.074467
5	77475	4.946702566775	0.074511
5	77482	4.947228283387	0.074477
5	77489	4.947735242118	0.074323
5	77496	4.948226261572	0.075323
5	77506	4.948714523877	0.074311
5	77513	4.949176555607	0.07438
5	77520	4.949758829169	0.074397
5	77527	4.950158795188	0.074381
5	77537	4.950713548835	0.074375
5	77541	4.951135956153	0.074198
5	77551	4.951669786969	0.074447
5	77558	4.952155338282	0.074411
5	77565	4.95266278445	0.074256
5	77575	4.953178227728	0.074231
5	77579	4.953634162425	0.074276
5	77589	4.954210010063	0.074302
5	77599	4.95467511872	0.074452
5	77606	4.955256037805	0.075068
5	77613	4.955703705947	0.07422
5	77620	4.956269258869	0.074301
5	77630	4.956662685613	0.086295
5	77634	4.957250128004	0.075228
5	77644	4.957645903034	0.092151
5	77654	4.95823163637	0.075015
5	77664	4.958680956504	0.074499
5	77668	4.959201722131	0.074347
5	77678	4.959704447713	0.074403
5	77685	4.960202714721	0.074213
5	77695	4.960700401994	0.074335
5	77699	4.961160871729	0.075332
5	77709	4.961718179152	0.074515
5	77716	4.962124130483	0.074359
5	77726	4.962689658308	0.0743
5	77730	4.963157705951	0.074388
5	77740	4.963717985056	0.07451
5	77747	4.964142156628	0.074267
5	77757	4.964753126762	0.074484
5	77761	4.965185100554	0.074365
5	77771	4.965706761893	0.074408
5	77778	4.966171641349	0.074342
5	77788	4.966698032445	0.07439
5	77792	4.967166967512	0.074243
5	77802	4.967722026678	0.074376
5	77809	4.968190069186	0.075666
5	77819	4.968766848505	0.075899
5	77823	4.969176970645	0.085407
5	77830	4.969719458709	0.075891
5	77843	4.970136252495	0.07459
5	77850	4.970680300133	0.07447
5	77854	4.971103041028	0.074189
5	77861	4.971715962303	0.074334
5	77871	4.972116745616	0.074255
5	77878	4.972675651387	0.074341
5	77885	4.973117117407	0.074366
5	77892	4.973675335075	0.074306
5	77902	4.974086083482	0.074192
5	77912	4.974698215828	0.075056
5	77916	4.97504516312	0.074325
5	77923	4.975659849465	0.074412
5	77933	4.976089192178	0.074362
5	77943	4.976668630663	0.074269
5	77947	4.977072584995	0.074391
5	77954	4.977648665585	0.074307
5	77967	4.978086099378	0.074593
5	77977	4.978653153049	0.074589
5	77981	4.979133343613	0.074221
5	77988	4.97965521251	0.08338
5	78001	4.980147541883	0.075257
5	78008	4.980606080123	0.07913
5	78012	4.981136352356	0.074597
5	78022	4.981612222697	0.080412
5	78032	4.982113120084	0.075469
5	78039	4.982572136431	0.074569
5	78046	4.983082987212	0.074358
5	78050	4.983569723374	0.074234
5	78060	4.98408227576	0.074374
5	78070	4.984581170646	0.074309
5	78077	4.98505311511	0.074245
5	78081	4.985556714995	0.074293
5	78094	4.986091829689	0.074323
5	78101	4.986552429819	0.074162
5	78108	4.987115573397	0.075318
5	78112	4.987506141381	0.074318
5	78128	4.988120359345	0.074409
5	78132	4.988503131791	0.074278
5	78139	4.989116427384	0.074213
5	78146	4.989503288389	0.074169
5	78159	4.990082982691	0.07419
5	78163	4.990542559379	0.074201
5	78170	4.991094722231	0.074093
5	78177	4.991521811945	0.082443
5	78190	4.992123404429	0.07538
5	78194	4.992536723611	0.07442
5	78201	4.993155014307	0.074339
5	78211	4.993522361081	0.074514
5	78221	4.994112826789	0.074266
5	78225	4.994552608816	0.074217
5	78232	4.995152238362	0.074165
5	78239	4.995509918841	0.074268
5	78252	4.996116650494	0.074281
5	78256	4.996547145323	0.07424
5	78260	4.997074197762	0.07436
5	78276	4.997497850734	0.074533
5	78286	4.998123556146	0.07435
5	78290	4.998478953565	0.074216
5	78294	4.999097099385	0.074343
5	78304	4.999441729456	0.074916
6	15653	1.001023704975	7.1900596618652
6	15970	1.021107383093	7.4331302642822
6	16287	1.041179520344	12.80137348175
6	16600	1.061269674992	3.323178768158
6	16913	1.081281472152	7.18781042099
6	17218	1.101073235391	8.4724626541138
6	17539	1.121501246443	5.8059244155884
6	17848	1.141248637486	13.689324378967
6	18165	1.161362724718	11.08961391449
6	18474	1.181089154126	10.934211730957
6	18791	1.201189024862	10.127820968628
6	19104	1.22133659922	8.2249956130981
6	19417	1.241389003576	10.504019737244
6	19732	1.261085206864	10.336233139038
6	20045	1.281198016541	12.171484947205
6	20358	1.301091859938	11.486207962036
6	20671	1.321132340884	3.1181645393372
6	20984	1.341053346012	8.8935480117798
6	21289	1.360661038285	8.804386138916
6	21610	1.38120970767	11.352301597595
6	21923	1.400894390821	8.7112054824829
6	22236	1.420711168625	8.3299245834351
6	22541	1.440374143327	5.1447477340698
6	22854	1.46032138158	11.672869682312
6	23171	1.480543315966	11.497127532959
6	23482	1.50046193133	8.5445384979248
6	23803	1.520861700064	14.062605857849
6	24116	1.540785974074	12.044393539429
6	24429	1.560782079157	3.4246935844421
6	24742	1.580613862567	6.556788444519
6	25055	1.600875709928	9.6403255462646
6	25368	1.620890016665	12.681485176086
6	25681	1.640787706895	4.5773673057556
6	25994	1.660666101437	8.0735015869141
6	26303	1.680417877513	7.1956305503845
6	26616	1.700423507739	4.9838032722473
6	26933	1.72055053899	10.521184921265
6	27246	1.74076841611	7.8505368232727
6	27561	1.760252355454	4.3976273536682
6	27874	1.780122832554	9.6770210266113
6	28183	1.799871265293	10.681378364563
6	28496	1.819989968629	10.319780349731
6	28809	1.839933786406	4.3888607025146
6	29122	1.860113817538	4.9778051376343
6	29435	1.87984172147	11.499805450439
6	29748	1.899846732888	10.062837600708
6	30061	1.920196656781	11.079209327698
6	30374	1.939963011333	9.108190536499
6	30687	1.96002034337	4.8605184555054
6	31000	1.979791191482	6.8535656929016
6	31309	1.999400500689	7.3881931304932
6	31624	2.019537595698	10.090182304382
6	31937	2.039238299706	11.163781166077
6	32250	2.059100075031	5.7146821022034
6	32563	2.079151305883	3.7228031158447
6	32876	2.098981409895	5.2877216339111
6	33181	2.118191704737	3.3128988742828
6	33494	2.138181817125	9.6524667739868
6	33807	2.158154469347	4.4027428627014
6	34128	2.178860596525	14.887008666992
6	34441	2.199295384049	8.462423324585
6	34754	2.219501054928	6.8091478347778
6	35067	2.238949118816	12.788504600525
6	35382	2.258982355637	13.871486663818
6	35695	2.279400837844	9.5902252197266
6	36008	2.299102348441	7.0815229415894
6	36321	2.31899461867	11.030946731567
6	36626	2.338404192536	5.1240129470825
6	36943	2.358479450669	9.392728805542
6	37256	2.378502055314	9.6011524200439
6	37565	2.398341318251	10.667807579041
6	37878	2.418284043434	8.5071105957031
6	38191	2.438376304587	3.495466709137
6	38504	2.458351849488	11.301675796509
6	38817	2.478170251209	4.5197253227234
6	39126	2.497971726648	9.2591772079468
6	39441	2.518072956389	3.0540659427643
6	39758	2.538177126258	6.0758256912231
6	40075	2.558590105393	12.745464324951
6	40380	2.57810202664	7.6011414527893
6	40697	2.5981649711	2.5955510139465
6	41010	2.618678652698	10.908301353455
6	41327	2.638747751774	3.6315467357635
6	41636	2.658692308326	13.092502593994
6	41949	2.678293420514	8.331431388855
6	42258	2.698223804864	8.6629199981689
6	42571	2.718183151124	10.967659950256
6	42884	2.738018698109	7.8204097747803
6	43199	2.75798999646	14.692840576172
6	43508	2.777842822688	8.8469867706299
6	43817	2.797506785962	11.904772758484
6	44130	2.817460846725	9.4638957977295
6	44443	2.837337893494	3.9719154834747
6	44756	2.857282369902	8.180811882019
6	45069	2.877607742837	9.0440797805786
6	45386	2.897736985758	8.9595279693604
6	45703	2.917779326813	5.658459186554
6	46008	2.937533897598	3.3403067588806
6	46325	2.957899383021	6.9176292419434
6	46634	2.977531618505	6.8437528610229
6	46951	2.997538556737	9.5475149154663
6	47270	3.017903456206	11.579991340637
6	47583	3.038235970561	7.38720703125
6	47892	3.058256640378	13.789892196655
6	48205	3.077769537328	6.5955882072449
6	48518	3.097918435044	6.4730973243713
6	48835	3.118488772903	3.158921957016
6	49148	3.138149874722	9.9889726638794
6	49457	3.158026574454	5.2020192146301
6	49770	3.178298572748	8.5905494689941
6	50083	3.198088579555	5.5918650627136
6	50400	3.218381578203	9.9474573135376
6	50709	3.238000110581	6.2789597511292
6	51028	3.258185460951	9.7381019592285
6	51341	3.278267419278	9.1408805847168
6	51654	3.298216545698	10.699554443359
6	51967	3.318143028571	11.050945281982
6	52276	3.3379971009	3.4863240718842
6	52589	3.357918123389	6.3813729286194
6	52906	3.378010605884	13.053147315979
6	53219	3.398111783888	7.1849646568298
6	53532	3.417984904958	12.03626537323
6	53841	3.437926817001	10.74626159668
6	54158	3.458204482399	11.294931411743
6	54467	3.477905118652	5.5857601165771
6	54788	3.498406856085	7.5207228660583
6	55095	3.518127066241	14.540103912354
6	55408	3.537920699128	3.8618531227112
6	55725	3.55825785239	8.3254384994507
6	56038	3.578567636419	3.1638205051422
6	56351	3.598437763599	9.8542098999023
6	56672	3.61879263256	3.1118052005768
6	56977	3.638287301807	2.6161999702454
6	57290	3.658295341773	3.3212752342224
6	57603	3.678331876474	13.87028503418
6	57916	3.69848464064	8.2040643692017
6	58233	3.718653874962	2.3092646598816
6	58550	3.739071366556	5.7396106719971
6	58865	3.759037313705	6.8946113586426
6	59178	3.779030505226	7.9823660850525
6	59491	3.799248127681	5.4572606086731
6	59804	3.818961316153	12.779647827148
6	60121	3.839390364387	9.2198534011841
6	60438	3.859578287295	5.2473855018616
6	60747	3.879289255546	1.5510308742523
6	61056	3.898927973146	10.333771705627
6	61369	3.918794433136	7.8067440986633
6	61682	3.938529394834	9.9112558364868
6	61995	3.958317129859	10.826987266541
6	62308	3.978321817318	9.69007396698
6	62613	3.99804374873	4.8725442886353
6	62928	4.018008613697	10.385076522827
6	63241	4.037592189704	3.2798478603363
6	63562	4.058388246716	11.796328544617
6	63875	4.078827670433	8.6523008346558
6	64192	4.099290636659	11.776478767395
6	64501	4.118850780586	11.363331794739
6	64818	4.139285504279	0.055360734462738
6	65123	4.158849661143	13.404498100281
6	65444	4.179047785705	10.460389137268
6	65757	4.199205923998	10.304581642151
6	66070	4.219019081211	10.572274208069
6	66375	4.238549600558	3.369368314743
6	66694	4.258743258407	8.279953956604
6	67003	4.278608025983	9.7452402114868
6	67324	4.299015267507	3.0463373661041
6	67629	4.317972325027	12.703985214233
6	67942	4.338273065634	14.138343811035
6	68255	4.358239550713	10.237573623657
6	68564	4.377891307221	4.5511193275452
6	68877	4.397795877701	6.421648979187
6	69190	4.417546720615	10.392519950867
6	69503	4.437745819992	5.4913530349731
6	69816	4.457858080169	1.7396401166916
6	70129	4.477650946049	14.343696594238
6	70442	4.497770609057	7.401759147644
6	70757	4.517536324558	-0.89967894554138
6	71070	4.537669964415	5.3817553520203
6	71379	4.557433666763	3.3116562366486
6	71700	4.578111228917	9.8721513748169
6	72009	4.597750872605	9.7313804626465
6	72322	4.617967299515	10.857355117798
6	72639	4.638392019387	10.474084854126
6	72956	4.658715720988	3.3357968330383
6	73265	4.678359226032	10.368498802185
6	73582	4.698532112056	11.564701080322
6	73891	4.718340679923	11.249646186829
6	74200	4.737908011855	5.5748958587646
6	74515	4.757863116042	3.6152102947235
6	74828	4.777547340922	5.6397833824158
6	75145	4.798145203569	4.2562828063965
6	75458	4.818092113604	10.899434089661
6	75771	4.838450231825	14.781318664551
6	76084	4.858286375027	12.348689079285
6	76397	4.878167330458	9.6225805282593
6	76710	4.898199654447	3.5274758338928
6	77023	4.91820191676	5.6741662025452
6	77336	4.938242892397	15.636709213257
6	77649	4.957934417149	4.5294823646545
6	77962	4.977941806979	13.166308403015
6	78271	4.997458844215	8.5984325408936
7	15653	1.001023704975	0.99855242639024
7	15970	1.021107383093	0.99883909189597
7	16287	1.041179520344	0.99999117234441
7	16600	1.061269674992	0.95351704466956
7	16913	1.081281472152	0.99854946771284
7	17218	1.101073235391	0.99954838950617
7	17539	1.121501246443	0.99492385001897
7	17848	1.141248637486	0.9999960620264
7	18165	1.161362724718	0.99995815377809
7	18474	1.181089154126	0.99995180429648
7	18791	1.201189024862	0.99989968650142
7	19104	1.22133659922	0.99943451929307
7	19417	1.241389003576	0.99992874033609
7	19732	1.261085206864	0.99991699905671
7	20045	1.281198016541	0.99998434941038
7	20358	1.301091859938	0.99997082027439
7	20671	1.321132340884	0.94452213635109
7	20984	1.341053346012	0.99969198180828
7	21289	1.360661038285	0.99966598393618
7	21610	1.38120970767	0.99996704300859
7	21923	1.400894390821	0.9996364673014
7	22236	1.420711168625	0.99948594120053
7	22541	1.440374143327	0.99077932325955
7	22854	1.46032138158	0.99997537440816
7	23171	1.480543315966	0.99997110849679
7	23482	1.50046193133	0.99957701986426
7	23803	1.520861700064	0.99999719523261
7	24116	1.540785974074	0.99998243261043
7	24429	1.560782079157	0.9574403909068
7	24742	1.580613862567	0.99742856588337
7	25055	1.600875709928	0.99984375551586
7	25368	1.620890016665	0.99999015584551
7	25681	1.640787706895	0.98465109169122
7	25994	1.660666101437	0.9993510767007
7	26303	1.680417877513	0.9985597284809
7	26616	1.700423507739	0.98934201007711
7	26933	1.72055053899	0.99992984361411
7	27246	1.74076841611	0.99920538003842
7	27561	1.760252355454	0.98197565280662
7	27874	1.780122832554	0.99984888100313
7	28183	1.799871265293	0.99993935083067
7	28496	1.819989968629	0.99991574837954
7	28809	1.839933786406	0.98183405047058
7	29122	1.860113817538	0.98928435937769
7	29435	1.87984172147	0.99997117874473
7	29748	1.899846732888	0.99989358250902
7	30061	1.920196656781	0.99995775610554
7	30374	1.939963011333	0.99974657095517
7	30687	1.96002034337	0.98809303271863
7	31000	1.979791191482	0.99803542780684
7	31309	1.999400500689	0.99879074304917
7	31624	2.019537595698	0.99989619504105
7	31937	2.039238299706	0.99996088212709
7	32250	2.059100075031	0.99448726020254
7	32563	2.079151305883	0.96721236018007
7	32876	2.098981409895	0.99189406390931
7	33181	2.118191704737	0.95310107703773
7	33494	2.138181817125	0.99984547031376
7	33807	2.158154469347	0.982057779306
7	34128	2.178860596525	0.99999867440026
7	34441	2.199295384049	0.99954425083033
7	34754	2.219501054928	0.99795464078381
7	35067	2.238949118816	0.99999106846428
7	35382	2.258982355637	0.9999966630247
7	35695	2.279400837844	0.99983647588741
7	36008	2.299102348441	0.99840255029489
7	36321	2.31899461867	0.99995586147313
7	36626	2.338404192536	0.99060551514663
7	36943	2.358479450669	0.99980432199197
7	37256	2.378502055314	0.99983809200286
7	37565	2.398341318251	0.99993859800883
7	37878	2.418284043434	0.99956238656877
7	38191	2.438376304587	0.95998629578436
7	38504	2.458351849488	0.99996549082178
7	38817	2.478170251209	0.98383867991857
7	39126	2.497971726648	0.99977906782014
7	39441	2.518072956389	0.94138842244157
7	39758	2.538177126258	0.99602393202759
7	40075	2.558590105393	0.99999071207174
7	40380	2.57810202664	0.99900336477308
7	40697	2.5981649711	0.91369362370575
7	41010	2.618678652698	0.99995065563286
7	41327	2.638747751774	0.96447701753927
7	41636	2.658692308326	0.99999322507228
7	41949	2.678293420514	0.99948664452683
7	42258	2.698223804864	0.99962016048682
7	42571	2.718183151124	0.99995324768142
7	42884	2.738018698109	0.99918333405863
7	43199	2.75798999646	0.99999841848827
7	43508	2.777842822688	0.99967866829818
7	43817	2.797506785962	0.99998005517077
7	44130	2.817460846725	0.99981657873798
7	44443	2.837337893494	0.97368201567772
7	44756	2.857282369902	0.99941135691594
7	45069	2.877607742837	0.99973136564552
7	45386	2.897736985758	0.99970990890391
7	45703	2.917779326813	0.99419984620829
7	46008	2.937533897598	0.95420232954647
7	46325	2.957899383021	0.99814636964135
7	46634	2.977531618505	0.99801785882734
7	46951	2.997538556737	0.99983000287378
7	47270	3.017903456206	0.99997320490342
7	47583	3.038235970561	0.99878965983272
7	47892	3.058256640378	0.9999964060879
7	48205	3.077769537328	0.99751746459749
7	48518	3.097918435044	0.99722585290843
7	48835	3.118488772903	0.94643199919308
7	49148	3.138149874722	0.99988619203578
7	49457	3.158026574454	0.99124301776288
7	49770	3.178298572748	0.9995943403978
7	50083	3.198088579555	0.99384008719591
7	50400	3.218381578203	0.9998818152174
7	50709	3.238000110581	0.99669215565044
7	51028	3.258185460951	0.99985704246512
7	51341	3.278267419278	0.99975398978073
7	51654	3.298216545698	0.99994034468635
7	51967	3.318143028571	0.99995665664861
7	52276	3.3379971009	0.95966580640001
7	52589	3.357918123389	0.99698533731157
7	52906	3.378010605884	0.99999297829563
7	53219	3.398111783888	0.99854571570733
7	53532	3.417984904958	0.99998230232226
7	53841	3.437926817001	0.99994282454736
7	54158	3.458204482399	0.99996527859447
7	54467	3.477905118652	0.99380601728076
7	54788	3.498406856085	0.99892785451077
7	55095	3.518127066241	0.99999818291702
7	55408	3.537920699128	0.97099281655884
7	55725	3.55825785239	0.99948384153957
7	56038	3.578567636419	0.9466573225871
7	56351	3.598437763599	0.99987136109741
7	56672	3.61879263256	0.94421842050397
7	56977	3.638287301807	0.91516247097876
7	57290	3.658295341773	0.95344028537176
7	57603	3.678331876474	0.99999665937744
7	57916	3.69848464064	0.99942366233176
7	58233	3.718653874962	0.89083818803669
7	58550	3.739071366556	0.99461012098469
7	58865	3.759037313705	0.99810724729923
7	59178	3.779030505226	0.99929506265179
7	59491	3.799248127681	0.99304383166731
7	59804	3.818961316153	0.99999099626138
7	60121	3.839390364387	0.9997710287041
7	60438	3.859578287295	0.9915938536594
7	60747	3.879289255546	0.80377037057837
7	61056	3.898927973146	0.99991681313578
7	61369	3.918794433136	0.99917313349622
7	61682	3.938529394834	0.99987786147721
7	61995	3.958317129859	0.99994687000057
7	62308	3.978321817318	0.99985066336418
7	62613	3.99804374873	0.98822097258685
7	62928	4.018008613697	0.99992060364175
7	63241	4.037592189704	0.95173958868571
7	63562	4.058388246716	0.99997798875397
7	63875	4.078827670433	0.99961647725419
7	64192	4.099290636659	0.99997758795904
7	64501	4.118850780586	0.99996737182113
7	64818	4.139285504279	0.5125793300335
7	65123	4.158849661143	0.99999489817616
7	65444	4.179047785705	0.99992585729054
7	65757	4.199205923998	0.99991457629505
7	66070	4.219019081211	0.99993302729073
7	66375	4.238549600558	0.9553431167235
7	66694	4.258743258407	0.99946206291739
7	67003	4.278608025983	0.99985796702745
7	67324	4.299015267507	0.94099955084244
7	67629	4.317972325027	0.99999035515625
7	67942	4.338273065634	0.99999738184961
7	68255	4.358239550713	0.99990921131596
7	68564	4.377891307221	0.98428625886074
7	68877	4.397795877701	0.99709340659313
7	69190	4.417546720615	0.99992113904141
7	69503	4.437745819992	0.99325468634673
7	69816	4.457858080169	0.8294155784473
7	70129	4.477650946049	0.99999782770501
7	70442	4.497770609057	0.99880554721516
7	70757	4.517536324558	0.30621174831836
7	71070	4.537669964415	0.9925532640254
7	71379	4.557433666763	0.95305055557067
7	71700	4.578111228917	0.9998734419718
7	72009	4.597750872605	0.99985616638178
7	72322	4.617967299515	0.99994831663142
7	72639	4.638392019387	0.99992677462543
7	72956	4.658715720988	0.95402282747573
7	73265	4.678359226032	0.99991939812189
7	73582	4.698532112056	0.99997282985476
7	73891	4.718340679923	0.99996381939153
7	74200	4.737908011855	0.99374492325673
7	74515	4.757863116042	0.96396467051832
7	74828	4.777547340922	0.99410111632154
7	75145	4.798145203569	0.97955475912837
7	75458	4.818092113604	0.99995025627287
7	75771	4.838450231825	0.99999854071487
7	76084	4.858286375027	0.99998667800732
7	76397	4.878167330458	0.99984121496917
7	76710	4.898199654447	0.96108923122778
7	77023	4.91820191676	0.99428160847768
7	77336	4.938242892397	0.99999932946562
7	77649	4.957934417149	0.98397911108924
7	77962	4.977941806979	0.99999366472674
7	78271	4.997458844215	0.9995972359698
8	15653	1.001023704975	0.005359
8	15970	1.021107383093	0.004732
8	16287	1.041179520344	0.006112
8	16600	1.061269674992	0.006944
8	16913	1.081281472152	0.004204
8	17218	1.101073235391	0.004688
8	17539	1.121501246443	0.005515
8	17848	1.141248637486	0.004218
8	18165	1.161362724718	0.008797
8	18474	1.181089154126	0.005082
8	18791	1.201189024862	0.004801
8	19104	1.22133659922	0.004488
8	19417	1.241389003576	0.006031
8	19732	1.261085206864	0.006499
8	20045	1.281198016541	0.00445
8	20358	1.301091859938	0.004128
8	20671	1.321132340884	0.00433
8	20984	1.341053346012	0.004222
8	21289	1.360661038285	0.004812
8	21610	1.38120970767	0.004298
8	21923	1.400894390821	0.004018
8	22236	1.420711168625	0.005867
8	22541	1.440374143327	0.00456
8	22854	1.46032138158	0.004815
8	23171	1.480543315966	0.004802
8	23482	1.50046193133	0.005645
8	23803	1.520861700064	0.004516
8	24116	1.540785974074	0.003925
8	24429	1.560782079157	0.004179
8	24742	1.580613862567	0.004412
8	25055	1.600875709928	0.004499
8	25368	1.620890016665	0.00396
8	25681	1.640787706895	0.004331
8	25994	1.660666101437	0.003963
8	26303	1.680417877513	0.006015
8	26616	1.700423507739	0.004405
8	26933	1.72055053899	0.005861
8	27246	1.74076841611	0.004309
8	27561	1.760252355454	0.006075
8	27874	1.780122832554	0.008526
8	28183	1.799871265293	0.004995
8	28496	1.819989968629	0.005183
8	28809	1.839933786406	0.00503
8	29122	1.860113817538	0.007054
8	29435	1.87984172147	0.005006
8	29748	1.899846732888	0.004772
8	30061	1.920196656781	0.004952
8	30374	1.939963011333	0.006842
8	30687	1.96002034337	0.007169
8	31000	1.979791191482	0.013185
8	31309	1.999400500689	0.00543
8	31624	2.019537595698	0.005651
8	31937	2.039238299706	0.004358
8	32250	2.059100075031	0.007287
8	32563	2.079151305883	0.004491
8	32876	2.098981409895	0.006178
8	33181	2.118191704737	0.004304
8	33494	2.138181817125	0.018858
8	33807	2.158154469347	0.013519
8	34128	2.178860596525	0.005934
8	34441	2.199295384049	0.006976
8	34754	2.219501054928	0.008256
8	35067	2.238949118816	0.008538
8	35382	2.258982355637	0.011585
8	35695	2.279400837844	0.005481
8	36008	2.299102348441	0.005268
8	36321	2.31899461867	0.006989
8	36626	2.338404192536	0.006252
8	36943	2.358479450669	0.006101
8	37256	2.378502055314	0.005742
8	37565	2.398341318251	0.006844
8	37878	2.418284043434	0.006716
8	38191	2.438376304587	0.005472
8	38504	2.458351849488	0.006169
8	38817	2.478170251209	0.005135
8	39126	2.497971726648	0.007415
8	39441	2.518072956389	0.006026
8	39758	2.538177126258	0.004913
8	40075	2.558590105393	0.004543
8	40380	2.57810202664	0.004135
8	40697	2.5981649711	0.00949
8	41010	2.618678652698	0.006568
8	41327	2.638747751774	0.004189
8	41636	2.658692308326	0.004282
8	41949	2.678293420514	0.004177
8	42258	2.698223804864	0.00565
8	42571	2.718183151124	0.004816
8	42884	2.738018698109	0.004476
8	43199	2.75798999646	0.005994
8	43508	2.777842822688	0.004855
8	43817	2.797506785962	0.007912
8	44130	2.817460846725	0.004176
8	44443	2.837337893494	0.004165
8	44756	2.857282369902	0.004899
8	45069	2.877607742837	0.004541
8	45386	2.897736985758	0.007598
8	45703	2.917779326813	0.004742
8	46008	2.937533897598	0.005217
8	46325	2.957899383021	0.004705
8	46634	2.977531618505	0.008182
8	46951	2.997538556737	0.00414
8	47270	3.017903456206	0.005441
8	47583	3.038235970561	0.004225
8	47892	3.058256640378	0.004728
8	48205	3.077769537328	0.005739
8	48518	3.097918435044	0.004236
8	48835	3.118488772903	0.005363
8	49148	3.138149874722	0.004446
8	49457	3.158026574454	0.018878
8	49770	3.178298572748	0.010174
8	50083	3.198088579555	0.009393
8	50400	3.218381578203	0.005162
8	50709	3.238000110581	0.005381
8	51028	3.258185460951	0.009216
8	51341	3.278267419278	0.008424
8	51654	3.298216545698	0.005874
8	51967	3.318143028571	0.00448
8	52276	3.3379971009	0.006411
8	52589	3.357918123389	0.006295
8	52906	3.378010605884	0.00492
8	53219	3.398111783888	0.007153
8	53532	3.417984904958	0.004659
8	53841	3.437926817001	0.005496
8	54158	3.458204482399	0.004428
8	54467	3.477905118652	0.004528
8	54788	3.498406856085	0.004412
8	55095	3.518127066241	0.004965
8	55408	3.537920699128	0.010589
8	55725	3.55825785239	0.004376
8	56038	3.578567636419	0.004783
8	56351	3.598437763599	0.004166
8	56672	3.61879263256	0.005649
8	56977	3.638287301807	0.004419
8	57290	3.658295341773	0.004321
8	57603	3.678331876474	0.004134
8	57916	3.69848464064	0.00422
8	58233	3.718653874962	0.009052
8	58550	3.739071366556	0.007775
8	58865	3.759037313705	0.006123
8	59178	3.779030505226	0.005825
8	59491	3.799248127681	0.005069
8	59804	3.818961316153	0.008135
8	60121	3.839390364387	0.004746
8	60438	3.859578287295	0.004765
8	60747	3.879289255546	0.00475
8	61056	3.898927973146	0.004542
8	61369	3.918794433136	0.007339
8	61682	3.938529394834	0.004518
8	61995	3.958317129859	0.0045
8	62308	3.978321817318	0.00412
8	62613	3.99804374873	0.004453
8	62928	4.018008613697	0.007428
8	63241	4.037592189704	0.004294
8	63562	4.058388246716	0.00526
8	63875	4.078827670433	0.005623
8	64192	4.099290636659	0.005309
8	64501	4.118850780586	0.005541
8	64818	4.139285504279	0.004281
8	65123	4.158849661143	0.003946
8	65444	4.179047785705	0.007945
8	65757	4.199205923998	0.004415
8	66070	4.219019081211	0.005097
8	66375	4.238549600558	0.005015
8	66694	4.258743258407	0.004936
8	67003	4.278608025983	0.004996
8	67324	4.299015267507	0.006831
8	67629	4.317972325027	0.006348
8	67942	4.338273065634	0.01929
8	68255	4.358239550713	0.012455
8	68564	4.377891307221	0.006376
8	68877	4.397795877701	0.015624
8	69190	4.417546720615	0.005629
8	69503	4.437745819992	0.005305
8	69816	4.457858080169	0.006868
8	70129	4.477650946049	0.00532
8	70442	4.497770609057	0.018006
8	70757	4.517536324558	0.013102
8	71070	4.537669964415	0.004607
8	71379	4.557433666763	0.004422
8	71700	4.578111228917	0.005233
8	72009	4.597750872605	0.004276
8	72322	4.617967299515	0.004317
8	72639	4.638392019387	0.004434
8	72956	4.658715720988	0.005426
8	73265	4.678359226032	0.005453
8	73582	4.698532112056	0.006835
8	73891	4.718340679923	0.005173
8	74200	4.737908011855	0.004228
8	74515	4.757863116042	0.006281
8	74828	4.777547340922	0.006263
8	75145	4.798145203569	0.004346
8	75458	4.818092113604	0.004182
8	75771	4.838450231825	0.005168
8	76084	4.858286375027	0.004214
8	76397	4.878167330458	0.004562
8	76710	4.898199654447	0.004099
8	77023	4.91820191676	0.004892
8	77336	4.938242892397	0.004129
8	77649	4.957934417149	0.004279
8	77962	4.977941806979	0.003931
8	78271	4.997458844215	0.003859
9	15654	1.001023704975	1
9	15971	1.021107383093	1
9	16288	1.041179520344	1
9	16601	1.061269674992	1
9	16914	1.081281472152	1
9	17219	1.101073235391	1
9	17540	1.121501246443	1
9	17849	1.141248637486	1
9	18166	1.161362724718	1
9	18475	1.181089154126	1
9	18792	1.201189024862	1
9	19105	1.22133659922	1
9	19418	1.241389003576	1
9	19733	1.261085206864	1
9	20046	1.281198016541	1
9	20359	1.301091859938	1
9	20672	1.321132340884	1
9	20985	1.341053346012	1
9	21290	1.360661038285	1
9	21611	1.38120970767	1
9	21924	1.400894390821	1
9	22237	1.420711168625	1
9	22542	1.440374143327	1
9	22855	1.46032138158	1
9	23172	1.480543315966	1
9	23483	1.50046193133	1
9	23804	1.520861700064	1
9	24117	1.540785974074	1
9	24430	1.560782079157	1
9	24743	1.580613862567	1
9	25056	1.600875709928	1
9	25369	1.620890016665	1
9	25682	1.640787706895	1
9	25995	1.660666101437	1
9	26304	1.680417877513	1
9	26617	1.700423507739	1
9	26934	1.72055053899	1
9	27247	1.74076841611	1
9	27562	1.760252355454	1
9	27875	1.780122832554	1
9	28184	1.799871265293	1
9	28497	1.819989968629	1
9	28810	1.839933786406	1
9	29123	1.860113817538	1
9	29436	1.87984172147	1
9	29749	1.899846732888	1
9	30062	1.920196656781	1
9	30375	1.939963011333	1
9	30688	1.96002034337	1
9	31001	1.979791191482	1
9	31310	1.999400500689	1
9	31625	2.019537595698	1
9	31938	2.039238299706	1
9	32251	2.059100075031	1
9	32564	2.079151305883	1
9	32877	2.098981409895	1
9	33182	2.118191704737	1
9	33495	2.138181817125	1
9	33808	2.158154469347	1
9	34129	2.178860596525	1
9	34442	2.199295384049	1
9	34755	2.219501054928	1
9	35068	2.238949118816	1
9	35383	2.258982355637	1
9	35696	2.279400837844	1
9	36009	2.299102348441	1
9	36322	2.31899461867	1
9	36627	2.338404192536	1
9	36944	2.358479450669	1
9	37257	2.378502055314	1
9	37566	2.398341318251	1
9	37879	2.418284043434	1
9	38192	2.438376304587	1
9	38505	2.458351849488	1
9	38818	2.478170251209	1
9	39127	2.497971726648	1
9	39442	2.518072956389	1
9	39759	2.538177126258	1
9	40076	2.558590105393	1
9	40381	2.57810202664	1
9	40698	2.5981649711	1
9	41011	2.618678652698	1
9	41328	2.638747751774	1
9	41637	2.658692308326	1
9	41950	2.678293420514	1
9	42259	2.698223804864	1
9	42572	2.718183151124	1
9	42885	2.738018698109	1
9	43200	2.75798999646	1
9	43509	2.777842822688	1
9	43818	2.797506785962	1
9	44131	2.817460846725	1
9	44444	2.837337893494	1
9	44757	2.857282369902	1
9	45070	2.877607742837	1
9	45387	2.897736985758	1
9	45704	2.917779326813	1
9	46009	2.937533897598	1
9	46326	2.957899383021	1
9	46635	2.977531618505	1
9	46952	2.997538556737	1
9	47271	3.017903456206	1
9	47584	3.038235970561	1
9	47893	3.058256640378	1
9	48206	3.077769537328	1
9	48519	3.097918435044	1
9	48836	3.118488772903	1
9	49149	3.138149874722	1
9	49458	3.158026574454	1
9	49771	3.178298572748	1
9	50084	3.198088579555	1
9	50401	3.218381578203	1
9	50710	3.238000110581	1
9	51029	3.258185460951	1
9	51342	3.278267419278	1
9	51655	3.298216545698	1
9	51968	3.318143028571	1
9	52277	3.3379971009	1
9	52590	3.357918123389	1
9	52907	3.378010605884	1
9	53220	3.398111783888	1
9	53533	3.417984904958	1
9	53842	3.437926817001	1
9	54159	3.458204482399	1
9	54468	3.477905118652	1
9	54789	3.498406856085	1
9	55096	3.518127066241	1
9	55409	3.537920699128	1
9	55726	3.55825785239	1
9	56039	3.578567636419	1
9	56352	3.598437763599	1
9	56673	3.61879263256	1
9	56978	3.638287301807	1
9	57291	3.658295341773	1
9	57604	3.678331876474	1
9	57917	3.69848464064	1
9	58234	3.718653874962	1
9	58551	3.739071366556	1
9	58866	3.759037313705	1
9	59179	3.779030505226	1
9	59492	3.799248127681	1
9	59805	3.818961316153	1
9	60122	3.839390364387	1
9	60439	3.859578287295	1
9	60748	3.879289255546	1
9	61057	3.898927973146	1
9	61370	3.918794433136	1
9	61683	3.938529394834	1
9	61996	3.958317129859	1
9	62309	3.978321817318	1
9	62614	3.99804374873	1
9	62929	4.018008613697	1
9	63242	4.037592189704	1
9	63563	4.058388246716	1
9	63876	4.078827670433	1
9	64193	4.099290636659	1
9	64502	4.118850780586	1
9	64819	4.139285504279	2
9	65124	4.158849661143	1
9	65445	4.179047785705	1
9	65758	4.199205923998	1
9	66071	4.219019081211	1
9	66376	4.238549600558	1
9	66695	4.258743258407	1
9	67004	4.278608025983	1
9	67325	4.299015267507	1
9	67630	4.317972325027	1
9	67943	4.338273065634	1
9	68256	4.358239550713	1
9	68565	4.377891307221	1
9	68878	4.397795877701	1
9	69191	4.417546720615	1
9	69504	4.437745819992	1
9	69817	4.457858080169	1
9	70130	4.477650946049	1
9	70443	4.497770609057	1
9	70758	4.517536324558	2
9	71071	4.537669964415	1
9	71380	4.557433666763	1
9	71701	4.578111228917	1
9	72010	4.597750872605	1
9	72323	4.617967299515	1
9	72640	4.638392019387	1
9	72957	4.658715720988	1
9	73266	4.678359226032	1
9	73583	4.698532112056	1
9	73892	4.718340679923	1
9	74201	4.737908011855	1
9	74516	4.757863116042	1
9	74829	4.777547340922	1
9	75146	4.798145203569	1
9	75459	4.818092113604	1
9	75772	4.838450231825	1
9	76085	4.858286375027	1
9	76398	4.878167330458	1
9	76711	4.898199654447	1
9	77024	4.91820191676	1
9	77337	4.938242892397	1
9	77650	4.957934417149	1
9	77963	4.977941806979	1
9	78272	4.997458844215	1
10	15654	1.001023704975	0
10	15971	1.021107383093	0
10	16288	1.041179520344	0
10	16601	1.061269674992	0
10	16914	1.081281472152	0
10	17219	1.101073235391	0
10	17540	1.121501246443	0
10	17849	1.141248637486	0
10	18166	1.161362724718	0
10	18475	1.181089154126	0
10	18792	1.201189024862	0
10	19105	1.22133659922	0
10	19418	1.241389003576	0
10	19733	1.261085206864	0
10	20046	1.281198016541	0
10	20359	1.301091859938	0
10	20672	1.321132340884	0
10	20985	1.341053346012	0
10	21290	1.360661038285	0
10	21611	1.38120970767	0
10	21924	1.400894390821	0
10	22237	1.420711168625	0
10	22542	1.440374143327	0
10	22855	1.46032138158	0
10	23172	1.480543315966	0
10	23483	1.50046193133	0
10	23804	1.520861700064	0
10	24117	1.540785974074	0
10	24430	1.560782079157	0
10	24743	1.580613862567	0
10	25056	1.600875709928	0
10	25369	1.620890016665	0
10	25682	1.640787706895	0
10	25995	1.660666101437	0
10	26304	1.680417877513	0
10	26617	1.700423507739	0
10	26934	1.72055053899	0
10	27247	1.74076841611	0
10	27562	1.760252355454	0
10	27875	1.780122832554	0
10	28184	1.799871265293	0
10	28497	1.819989968629	0
10	28810	1.839933786406	0
10	29123	1.860113817538	0
10	29436	1.87984172147	0
10	29749	1.899846732888	0
10	30062	1.920196656781	0
10	30375	1.939963011333	0
10	30688	1.96002034337	0
10	31001	1.979791191482	0
10	31310	1.999400500689	0
10	31625	2.019537595698	0
10	31938	2.039238299706	0
10	32251	2.059100075031	0
10	32564	2.079151305883	0
10	32877	2.098981409895	0
10	33182	2.118191704737	0
10	33495	2.138181817125	0
10	33808	2.158154469347	0
10	34129	2.178860596525	0
10	34442	2.199295384049	0
10	34755	2.219501054928	0
10	35068	2.238949118816	0
10	35383	2.258982355637	0
10	35696	2.279400837844	0
10	36009	2.299102348441	0
10	36322	2.31899461867	0
10	36627	2.338404192536	0
10	36944	2.358479450669	0
10	37257	2.378502055314	0
10	37566	2.398341318251	0
10	37879	2.418284043434	0
10	38192	2.438376304587	0
10	38505	2.458351849488	0
10	38818	2.478170251209	0
10	39127	2.497971726648	0
10	39442	2.518072956389	0
10	39759	2.538177126258	0
10	40076	2.558590105393	0
10	40381	2.57810202664	0
10	40698	2.5981649711	0
10	41011	2.618678652698	0
10	41328	2.638747751774	0
10	41637	2.658692308326	0
10	41950	2.678293420514	0
10	42259	2.698223804864	0
10	42572	2.718183151124	0
10	42885	2.738018698109	0
10	43200	2.75798999646	0
10	43509	2.777842822688	0
10	43818	2.797506785962	0
10	44131	2.817460846725	0
10	44444	2.837337893494	0
10	44757	2.857282369902	0
10	45070	2.877607742837	0
10	45387	2.897736985758	0
10	45704	2.917779326813	0
10	46009	2.937533897598	0
10	46326	2.957899383021	0
10	46635	2.977531618505	0
10	46952	2.997538556737	0
10	47271	3.017903456206	0
10	47584	3.038235970561	0
10	47893	3.058256640378	0
10	48206	3.077769537328	0
10	48519	3.097918435044	0
10	48836	3.118488772903	0
10	49149	3.138149874722	0
10	49458	3.158026574454	0
10	49771	3.178298572748	0
10	50084	3.198088579555	0
10	50401	3.218381578203	0
10	50710	3.238000110581	0
10	51029	3.258185460951	0
10	51342	3.278267419278	0
10	51655	3.298216545698	0
10	51968	3.318143028571	0
10	52277	3.3379971009	0
10	52590	3.357918123389	0
10	52907	3.378010605884	0
10	53220	3.398111783888	0
10	53533	3.417984904958	0
10	53842	3.437926817001	0
10	54159	3.458204482399	0
10	54468	3.477905118652	0
10	54789	3.498406856085	0
10	55096	3.518127066241	0
10	55409	3.537920699128	0
10	55726	3.55825785239	0
10	56039	3.578567636419	0
10	56352	3.598437763599	0
10	56673	3.61879263256	0
10	56978	3.638287301807	0
10	57291	3.658295341773	0
10	57604	3.678331876474	0
10	57917	3.69848464064	0
10	58234	3.718653874962	0
10	58551	3.739071366556	0
10	58866	3.759037313705	0
10	59179	3.779030505226	0
10	59492	3.799248127681	0
10	59805	3.818961316153	0
10	60122	3.839390364387	0
10	60439	3.859578287295	0
10	60748	3.879289255546	1
10	61057	3.898927973146	0
10	61370	3.918794433136	0
10	61683	3.938529394834	0
10	61996	3.958317129859	0
10	62309	3.978321817318	0
10	62614	3.99804374873	0
10	62929	4.018008613697	0
10	63242	4.037592189704	0
10	63563	4.058388246716	0
10	63876	4.078827670433	0
10	64193	4.099290636659	0
10	64502	4.118850780586	0
10	64819	4.139285504279	1
10	65124	4.158849661143	0
10	65445	4.179047785705	0
10	65758	4.199205923998	0
10	66071	4.219019081211	0
10	66376	4.238549600558	0
10	66695	4.258743258407	0
10	67004	4.278608025983	0
10	67325	4.299015267507	0
10	67630	4.317972325027	0
10	67943	4.338273065634	0
10	68256	4.358239550713	0
10	68565	4.377891307221	0
10	68878	4.397795877701	0
10	69191	4.417546720615	0
10	69504	4.437745819992	0
10	69817	4.457858080169	1
10	70130	4.477650946049	0
10	70443	4.497770609057	0
10	70758	4.517536324558	1
10	71071	4.537669964415	0
10	71380	4.557433666763	0
10	71701	4.578111228917	0
10	72010	4.597750872605	0
10	72323	4.617967299515	0
10	72640	4.638392019387	0
10	72957	4.658715720988	0
10	73266	4.678359226032	0
10	73583	4.698532112056	0
10	73892	4.718340679923	0
10	74201	4.737908011855	0
10	74516	4.757863116042	0
10	74829	4.777547340922	0
10	75146	4.798145203569	0
10	75459	4.818092113604	0
10	75772	4.838450231825	0
10	76085	4.858286375027	0
10	76398	4.878167330458	0
10	76711	4.898199654447	0
10	77024	4.91820191676	0
10	77337	4.938242892397	0
10	77650	4.957934417149	0
10	77963	4.977941806979	0
10	78272	4.997458844215	0
11	15654	1.001023704975	0.000116
11	15971	1.021107383093	0.000112
11	16288	1.041179520344	0.00012
11	16601	1.061269674992	0.000228
11	16914	1.081281472152	9.5e-05
11	17219	1.101073235391	0.000116
11	17540	1.121501246443	0.000105
11	17849	1.141248637486	9e-05
11	18166	1.161362724718	0.000199
11	18475	1.181089154126	0.000127
11	18792	1.201189024862	0.000121
11	19105	1.22133659922	0.000104
11	19418	1.241389003576	0.00012
11	19733	1.261085206864	0.000148
11	20046	1.281198016541	0.000124
11	20359	1.301091859938	0.000127
11	20672	1.321132340884	8.7e-05
11	20985	1.341053346012	0.000101
11	21290	1.360661038285	0.000133
11	21611	1.38120970767	0.000121
11	21924	1.400894390821	0.000127
11	22237	1.420711168625	0.000176
11	22542	1.440374143327	0.000148
11	22855	1.46032138158	0.000169
11	23172	1.480543315966	0.000128
11	23483	1.50046193133	0.000109
11	23804	1.520861700064	0.000153
11	24117	1.540785974074	9.3e-05
11	24430	1.560782079157	0.00013
11	24743	1.580613862567	0.000108
11	25056	1.600875709928	9.4e-05
11	25369	1.620890016665	0.0001
11	25682	1.640787706895	0.000103
11	25995	1.660666101437	9.6e-05
11	26304	1.680417877513	0.00015
11	26617	1.700423507739	9.4e-05
11	26934	1.72055053899	0.000252
11	27247	1.74076841611	9.5e-05
11	27562	1.760252355454	0.000113
11	27875	1.780122832554	0.000205
11	28184	1.799871265293	0.0001
11	28497	1.819989968629	0.000106
11	28810	1.839933786406	9.6e-05
11	29123	1.860113817538	0.000147
11	29436	1.87984172147	0.000111
11	29749	1.899846732888	0.00011
11	30062	1.920196656781	9e-05
11	30375	1.939963011333	0.00011
11	30688	1.96002034337	0.000204
11	31001	1.979791191482	0.000123
11	31310	1.999400500689	0.000117
11	31625	2.019537595698	0.000116
11	31938	2.039238299706	8.6e-05
11	32251	2.059100075031	0.000121
11	32564	2.079151305883	9.4e-05
11	32877	2.098981409895	0.00013
11	33182	2.118191704737	0.00013
11	33495	2.138181817125	0.000349
11	33808	2.158154469347	0.000185
11	34129	2.178860596525	0.00011
11	34442	2.199295384049	0.00011
11	34755	2.219501054928	9.8e-05
11	35068	2.238949118816	0.000102
11	35383	2.258982355637	0.000186
11	35696	2.279400837844	0.000101
11	36009	2.299102348441	0.000101
11	36322	2.31899461867	9.6e-05
11	36627	2.338404192536	0.000339
11	36944	2.358479450669	0.000123
11	37257	2.378502055314	0.000212
11	37566	2.398341318251	0.000217
11	37879	2.418284043434	9.4e-05
11	38192	2.438376304587	0.00022
11	38505	2.458351849488	0.000172
11	38818	2.478170251209	0.000103
11	39127	2.497971726648	0.000161
11	39442	2.518072956389	0.000144
11	39759	2.538177126258	0.000111
11	40076	2.558590105393	0.000104
11	40381	2.57810202664	0.000105
11	40698	2.5981649711	0.000152
11	41011	2.618678652698	0.00016
11	41328	2.638747751774	0.0001
11	41637	2.658692308326	9.5e-05
11	41950	2.678293420514	8.8e-05
11	42259	2.698223804864	0.000127
11	42572	2.718183151124	0.000114
11	42885	2.738018698109	0.000109
11	43200	2.75798999646	0.000145
11	43509	2.777842822688	0.000117
11	43818	2.797506785962	0.000261
11	44131	2.817460846725	9.4e-05
11	44444	2.837337893494	8.9e-05
11	44757	2.857282369902	0.000128
11	45070	2.877607742837	0.0001
11	45387	2.897736985758	0.000169
11	45704	2.917779326813	0.000106
11	46009	2.937533897598	9.9e-05
11	46326	2.957899383021	9.7e-05
11	46635	2.977531618505	0.000112
11	46952	2.997538556737	0.0001
11	47271	3.017903456206	0.00017
11	47584	3.038235970561	9.6e-05
11	47893	3.058256640378	0.000132
11	48206	3.077769537328	0.000112
11	48519	3.097918435044	0.000101
11	48836	3.118488772903	9.5e-05
11	49149	3.138149874722	9.5e-05
11	49458	3.158026574454	0.000365
11	49771	3.178298572748	0.000132
11	50084	3.198088579555	0.000257
11	50401	3.218381578203	0.000145
11	50710	3.238000110581	9.8e-05
11	51029	3.258185460951	0.000135
11	51342	3.278267419278	0.000104
11	51655	3.298216545698	0.000104
11	51968	3.318143028571	0.000108
11	52277	3.3379971009	0.000209
11	52590	3.357918123389	0.000224
11	52907	3.378010605884	0.000114
11	53220	3.398111783888	0.000113
11	53533	3.417984904958	0.000103
11	53842	3.437926817001	0.000346
11	54159	3.458204482399	9.3e-05
11	54468	3.477905118652	9.2e-05
11	54789	3.498406856085	0.0001
11	55096	3.518127066241	9.5e-05
11	55409	3.537920699128	0.000116
11	55726	3.55825785239	9.6e-05
11	56039	3.578567636419	0.000129
11	56352	3.598437763599	9e-05
11	56673	3.61879263256	0.000107
11	56978	3.638287301807	0.000116
11	57291	3.658295341773	9.8e-05
11	57604	3.678331876474	9.8e-05
11	57917	3.69848464064	9.4e-05
11	58234	3.718653874962	0.000164
11	58551	3.739071366556	0.000168
11	58866	3.759037313705	0.000142
11	59179	3.779030505226	0.000135
11	59492	3.799248127681	9.2e-05
11	59805	3.818961316153	0.000262
11	60122	3.839390364387	0.000101
11	60439	3.859578287295	0.000103
11	60748	3.879289255546	0.000144
11	61057	3.898927973146	0.000145
11	61370	3.918794433136	0.000178
11	61683	3.938529394834	0.000114
11	61996	3.958317129859	9.4e-05
11	62309	3.978321817318	9.1e-05
11	62614	3.99804374873	0.0001
11	62929	4.018008613697	0.0002
11	63242	4.037592189704	9.4e-05
11	63563	4.058388246716	0.000101
11	63876	4.078827670433	0.000228
11	64193	4.099290636659	0.000101
11	64502	4.118850780586	9.2e-05
11	64819	4.139285504279	0.000122
11	65124	4.158849661143	0.000106
11	65445	4.179047785705	0.000135
11	65758	4.199205923998	9.8e-05
11	66071	4.219019081211	0.000124
11	66376	4.238549600558	0.000108
11	66695	4.258743258407	0.00012
11	67004	4.278608025983	0.000112
11	67325	4.299015267507	0.000137
11	67630	4.317972325027	0.000135
11	67943	4.338273065634	0.000225
11	68256	4.358239550713	0.000183
11	68565	4.377891307221	0.000108
11	68878	4.397795877701	0.000134
11	69191	4.417546720615	0.000156
11	69504	4.437745819992	0.000119
11	69817	4.457858080169	0.000124
11	70130	4.477650946049	0.000252
11	70443	4.497770609057	0.000205
11	70758	4.517536324558	0.000284
11	71071	4.537669964415	0.000109
11	71380	4.557433666763	0.0001
11	71701	4.578111228917	0.000112
11	72010	4.597750872605	9.6e-05
11	72323	4.617967299515	9.7e-05
11	72640	4.638392019387	0.000136
11	72957	4.658715720988	8.6e-05
11	73266	4.678359226032	0.000129
11	73583	4.698532112056	0.000212
11	73892	4.718340679923	0.000105
11	74201	4.737908011855	9.1e-05
11	74516	4.757863116042	0.000235
11	74829	4.777547340922	0.000139
11	75146	4.798145203569	0.000211
11	75459	4.818092113604	0.000149
11	75772	4.838450231825	0.000124
11	76085	4.858286375027	0.000131
11	76398	4.878167330458	0.000112
11	76711	4.898199654447	0.000112
11	77024	4.91820191676	0.000151
11	77337	4.938242892397	0.000117
11	77650	4.957934417149	0.000115
11	77963	4.977941806979	0.000102
11	78272	4.997458844215	9.4e-05
12	15631	1	1
12	19551	1.25	1
12	23471	1.5	1
12	27394	1.75	1
12	31319	2	1
12	35242	2.25	1
12	39157	2.5	1
12	43073	2.75	1
12	46992	3	1
12	50895	3.25	1
12	54808	3.5	1
12	58722	3.75	1
12	62647	4	1
12	66558	4.25	2
12	70476	4.5	1
12	74389	4.75	2
12	78315	5	1
13	15631	1	12
13	19551	1.25	13
13	23471	1.5	12
13	27394	1.75	13
13	31319	2	13
13	35242	2.25	12
13	39157	2.5	13
13	43073	2.75	12
13	46992	3	13
13	50895	3.25	12
13	54808	3.5	13
13	58722	3.75	12
13	62647	4	13
13	66558	4.25	12
13	70476	4.5	13
13	74389	4.75	12
13	78315	5	13
14	15631	1	199.019751427
14	19551	1.25	108.751452514
14	23471	1.5	218.802107459
14	27394	1.75	229.138452936
14	31319	2	120.15838953
14	35242	2.25	71.139513475
14	39157	2.5	241.017830363
14	43073	2.75	91.307786674
14	46992	3	242.01014854
14	50895	3.25	191.743491622
14	54808	3.5	121.989508116
14	58722	3.75	231.873028759
14	62647	4	181.038945847
14	66558	4.25	110.714617721
14	70476	4.5	22.349305951
14	74389	4.75	232.463959442
14	78315	5	61.757224603
15	15632	1	1
15	19552	1.25	1
15	23472	1.5	1
15	27395	1.75	1
15	31320	2	1
15	35243	2.25	1
15	39158	2.5	1
15	43074	2.75	1
15	46993	3	1
15	50896	3.25	1
15	54809	3.5	1
15	58723	3.75	1
15	62648	4	1
15	66559	4.25	2
15	70477	4.5	1
15	74390	4.75	2
15	78316	5	1
16	15632	1	199.019751427
16	19552	1.25	108.751452514
16	23472	1.5	218.802107459
16	27395	1.75	229.138452936
16	31320	2	120.15838953
16	35243	2.25	71.139513475
16	39158	2.5	241.017830363
16	43074	2.75	91.307786674
16	46993	3	242.01014854
16	50896	3.25	191.743491622
16	54809	3.5	121.989508116
16	58723	3.75	231.873028759
16	62648	4	181.038945847
16	66559	4.25	110.714617721
16	70477	4.5	22.349305951
16	74390	4.75	232.463959442
16	78316	5	61.757224603

