version 3
run General-2-20260506-09:46:31-1681
attr configname General
attr datetime 20260506-09:46:31
attr datetimef 20260506-094631
attr experiment General
attr inifile omnetpp.ini
attr iterationvars ""
attr iterationvarsd ""
attr iterationvarsf ""
attr measurement ""
attr network dpcrids.AutomotiveNetwork
attr processid 1681
attr repetition 2
attr replication #2
attr resultdir results
attr runnumber 2
attr seedset 2
config sim-time-limit 5s
config network dpcrids.AutomotiveNetwork
config sim-time-limit 30s
config warmup-period 1s
config repeat 5
config seed-set 2
config *.numSensorECUs 5
config *.numAdasECUs 2
config *.enableDos false
config *.enableFuzzy false
config *.enableSpoof false
config *.sensor[*].sendInterval 2ms
config *.sensor[*].numCanIds 10
config *.sensor[*].payloadLength 8
config *.adas[*].sendInterval 1ms
config *.adas[*].payloadLength 512
config *.gateway.canExpert.onnxModelPath "\"models/can_student.onnx\""
config *.gateway.canExpert.normalizationPath "\"models/can_normalization.json\""
config *.gateway.canExpert.temperature 0.95
config *.gateway.canExpert.windowSize 100
config *.gateway.canExpert.stride 50
config *.gateway.ethExpert.onnxModelPath "\"models/eth_student.onnx\""
config *.gateway.ethExpert.temperature 0.5
config *.gateway.fusion.onnxModelPath "\"models/fusion_student.onnx\""
config *.gateway.fusion.temperature 1.1
config *.gateway.fusion.bucketMs 250
config *.gateway.router.tauLow 0.15
config *.gateway.router.tauHigh 0.85
config *.gateway.router.fallbackUncertaintyLow 0.3
config *.gateway.router.fallbackUncertaintyHigh 0.7
config *.gateway.aggregator.bucketMs 250
config *.gateway.aggregator.failOpen true
config *.alertSink.logFile "\"results/ids_alerts_general.csv\""
config output-vector-file results/General-2.vec
config output-scalar-file results/General-2.sca
config eventlog-file results/General-2.elog

vector 0 AutomotiveNetwork.gateway.canExpert canLogit:vector ETV
attr recordingmode vector
vector 1 AutomotiveNetwork.gateway.canExpert canCalProb:vector ETV
attr recordingmode vector
vector 2 AutomotiveNetwork.gateway.canExpert canInferenceMs:vector ETV
attr recordingmode vector
vector 3 AutomotiveNetwork.gateway.ethExpert ethLogit:vector ETV
attr recordingmode vector
vector 4 AutomotiveNetwork.gateway.ethExpert ethCalProb:vector ETV
attr recordingmode vector
vector 5 AutomotiveNetwork.gateway.ethExpert ethInferenceMs:vector ETV
attr recordingmode vector
vector 6 AutomotiveNetwork.gateway.fusion fusionLogit:vector ETV
attr recordingmode vector
vector 7 AutomotiveNetwork.gateway.fusion fusionCalProb:vector ETV
attr recordingmode vector
vector 8 AutomotiveNetwork.gateway.fusion fusionInferenceMs:vector ETV
attr recordingmode vector
vector 9 AutomotiveNetwork.gateway.router routeDecision:vector ETV
attr recordingmode vector
vector 10 AutomotiveNetwork.gateway.router routePath:vector ETV
attr recordingmode vector
vector 11 AutomotiveNetwork.gateway.router routingLatencyMs:vector ETV
attr recordingmode vector
vector 12 AutomotiveNetwork.gateway.aggregator aggregatedDecision:vector ETV
attr recordingmode vector
vector 13 AutomotiveNetwork.gateway.aggregator bucketSize:vector ETV
attr recordingmode vector
vector 14 AutomotiveNetwork.gateway.aggregator endToEndLatencyMs:vector ETV
attr recordingmode vector
vector 15 AutomotiveNetwork.alertSink alertDecision:vector ETV
attr recordingmode vector
vector 16 AutomotiveNetwork.alertSink alertLatencyMs:vector ETV
attr recordingmode vector
0	15656	1.000838092813	10.696118354797
0	15969	1.020998676282	10.421785354614
0	16290	1.041345650993	10.218968391418
0	16603	1.061424770115	10.283465385437
0	16912	1.081287278202	10.018482208252
0	17225	1.101281899992	10.270174980164
0	17538	1.121229661554	9.9464588165283
0	17855	1.141758167419	9.6613140106201
0	18164	1.16144487366	10.110553741455
0	18473	1.181160027135	10.279026985168
0	18790	1.201286922284	10.077437400818
0	19095	1.220648331943	10.33055305481
0	19412	1.240944613097	10.129384040833
0	19723	1.260812533607	10.285826683044
0	20044	1.281197469442	9.7253131866455
0	20357	1.30135433452	9.5317859649658
0	20670	1.321088971547	9.8517932891846
0	20983	1.341359952914	9.9272470474243
0	21296	1.361321527329	10.104289054871
0	21605	1.380834680308	10.429319381714
0	21918	1.400781100872	10.620156288147
0	22231	1.421029796652	10.351573944092
0	22544	1.441089461494	10.209716796875
0	22857	1.460978913904	10.203490257263
0	23174	1.481479037257	9.6565780639648
0	23489	1.501815785933	9.8166923522949
0	23802	1.522025695556	9.7741022109985
0	24115	1.54160376233	10.071657180786
0	24432	1.561920195601	9.9762830734253
0	24741	1.581845458234	9.8996915817261
0	25054	1.601649232032	9.9180870056152
0	25367	1.621575667779	10.175760269165
0	25688	1.642022657764	9.4612627029419
0	25993	1.661627208495	9.8017501831055
0	26306	1.681303627252	10.203239440918
0	26619	1.701226995991	9.8219738006592
0	26932	1.721172548723	9.4015159606934
0	27245	1.740996371236	10.371724128723
0	27552	1.760904573352	10.309452056885
0	27873	1.781048536528	9.932804107666
0	28186	1.800952321681	9.8118867874146
0	28499	1.820976944858	10.000882148743
0	28816	1.84131842091	9.4232940673828
0	29129	1.861368627006	9.1741046905518
0	29434	1.880448208647	9.9470806121826
0	29743	1.900480069943	10.270841598511
0	30064	1.920889750512	9.6418628692627
0	30377	1.94088975481	9.7593088150024
0	30690	1.96086573921	9.4549570083618
0	31003	1.980834268065	9.1763534545898
0	31318	2.001235147212	9.4328594207764
0	31631	2.021447846793	9.0819997787476
0	31944	2.041048103387	9.8300447463989
0	32257	2.061587657316	9.1901798248291
0	32570	2.081654771687	8.9305248260498
0	32883	2.101471436243	9.6359424591064
0	33200	2.121708171744	9.0283975601196
0	33509	2.141375837887	9.6979570388794
0	33822	2.161405923886	9.6035051345825
0	34135	2.181448879921	9.3035335540771
0	34448	2.201424115259	9.220874786377
0	34765	2.221577796824	9.2367095947266
0	35078	2.241882729973	9.0199270248413
0	35393	2.261815791499	9.1011686325073
0	35706	2.281688047515	9.572642326355
0	36023	2.302192989242	8.8710079193115
0	36340	2.322428074034	8.9665603637695
0	36653	2.342568296284	9.2373523712158
0	36966	2.362511502512	9.1142101287842
0	37275	2.382021349625	9.716775894165
0	37588	2.401730817504	9.8917875289917
0	37905	2.422451325477	9.2513370513916
0	38218	2.442141445981	9.1743850708008
0	38527	2.46197179297	9.5362462997437
0	38844	2.482292725798	9.5977582931519
0	39159	2.502399075319	9.3356990814209
0	39472	2.522276878106	8.9967164993286
0	39781	2.542058759254	9.5967321395874
0	40098	2.562565731461	9.706485748291
0	40407	2.582563449795	9.3820371627808
0	40720	2.60271015374	9.5430202484131
0	41033	2.622376499024	9.4951114654541
0	41346	2.642293195446	8.9608373641968
0	41659	2.662434295365	9.1974248886108
0	41972	2.681967143283	9.8713436126709
0	42285	2.702298024037	9.4716806411743
0	42598	2.722429591398	9.1801700592041
0	42911	2.742512467603	9.4144630432129
0	43226	2.76231873051	9.273829460144
0	43539	2.782278572937	9.4620819091797
0	43852	2.802114558098	9.3837594985962
0	44165	2.821933947457	9.8608655929565
0	44478	2.842249958081	9.3276681900024
0	44791	2.861996273378	9.5369205474854
0	45104	2.881915271502	9.476393699646
0	45417	2.902379783601	9.5941762924194
0	45730	2.921696945816	9.9597311019897
0	46039	2.941440924106	10.119601249695
0	46356	2.961456122126	9.8190937042236
0	46669	2.981699360116	9.1960887908936
0	46984	3.001906154458	8.8733444213867
0	47297	3.02170813911	9.1611700057983
0	47610	3.041871825875	9.246787071228
0	47923	3.062215664524	9.2441158294678
0	48244	3.082530013626	8.7143220901489
0	48557	3.102573754303	8.8721504211426
0	48870	3.122496067919	9.1322460174561
0	49183	3.142494638496	9.3969354629517
0	49496	3.162897721843	9.8861865997314
0	49809	3.182649778764	9.9097089767456
0	50122	3.202904508267	10.007713317871
0	50435	3.222968422103	10.077224731445
0	50748	3.24283881918	9.6572294235229
0	51063	3.262865547576	9.476842880249
0	51380	3.283367754804	9.2450199127197
0	51693	3.303222404489	9.2503633499146
0	52010	3.323547776674	8.9673109054565
0	52323	3.343579147022	9.5082969665527
0	52628	3.36334860259	9.3991003036499
0	52941	3.383197512603	9.9077796936035
0	53258	3.403638309397	9.4230489730835
0	53567	3.42311039896	9.4410858154297
0	53880	3.44327254388	9.2191858291626
0	54193	3.462981395942	9.3701829910278
0	54506	3.482987420846	9.911413192749
0	54821	3.502952598793	9.5964164733887
0	55134	3.522695764455	9.2331914901733
0	55447	3.542797014657	9.0577640533447
0	55760	3.562725789458	8.9831895828247
0	56073	3.582847083243	9.0425796508789
0	56386	3.602521912309	9.5103979110718
0	56699	3.62267823217	9.5432834625244
0	57012	3.642571397008	9.9607343673706
0	57317	3.662341005131	9.7524633407593
0	57638	3.682840244095	9.2115955352783
0	57951	3.702935930225	8.9518394470215
0	58264	3.723092978721	8.4700117111206
0	58577	3.742604104094	9.2822885513306
0	58892	3.763303173471	8.6431102752686
0	59205	3.783079672022	8.9927749633789
0	59518	3.803227166859	9.203236579895
0	59831	3.823411271274	9.3381462097168
0	60144	3.843480472709	9.1076068878174
0	60461	3.863629928323	9.2911567687988
0	60770	3.883436726262	9.1760110855103
0	61083	3.903326024141	9.5536117553711
0	61392	3.923179728213	9.9780950546265
0	61705	3.943020160233	9.8654985427856
0	62022	3.963265767148	9.5040845870972
0	62331	3.982973362793	9.3352355957031
0	62654	4.003530714881	9.3490171432495
0	62963	4.023358823417	9.3029127120972
0	63280	4.043572273241	9.2017021179199
0	63589	4.063309450425	9.173680305481
0	63898	4.083188711519	9.2128610610962
0	64211	4.103174580557	9.0722246170044
0	64524	4.123261059486	9.0352468490601
0	64837	4.143295975992	8.9398174285889
0	65150	4.162890794746	9.4008836746216
0	65463	4.183006337655	9.2517852783203
0	65780	4.203538827587	9.164647102356
0	66089	4.223150944626	9.3912916183472
0	66402	4.243034980882	8.8254737854004
0	66717	4.263008226685	8.6915044784546
0	67026	4.282808050495	9.0098857879639
0	67343	4.302872345361	8.5307273864746
0	67656	4.32291558219	8.323169708252
0	67973	4.343333546943	8.5644073486328
0	68286	4.363300649699	8.8264904022217
0	68599	4.383037165077	9.2242288589478
0	68908	4.402685008859	9.5050468444824
0	69225	4.422968309396	9.1771221160889
0	69534	4.442547186996	9.1528081893921
0	69847	4.462460276767	9.7434577941895
0	70160	4.482871502851	9.1368570327759
0	70475	4.502810538711	9.2666139602661
0	70796	4.523649322506	9.0021295547485
0	71109	4.543609489654	8.413688659668
0	71426	4.563764862471	8.5691366195679
0	71739	4.583906060802	8.3708868026733
0	72052	4.603776384549	8.9230241775513
0	72365	4.62413761819	9.0533475875854
0	72678	4.643883305577	8.7296705245972
0	72991	4.663921662659	9.1747064590454
0	73304	4.683909871837	8.9987335205078
0	73617	4.704168637194	8.7588624954224
0	73930	4.72448818743	8.6844959259033
0	74243	4.744292300701	8.9525957107544
0	74558	4.764495251895	8.6117706298828
0	74875	4.784683504071	8.4873542785645
0	75188	4.80470783406	8.7523155212402
0	75501	4.824821153663	8.3186368942261
0	75818	4.845186254074	8.4039001464844
0	76131	4.865026815025	8.4534282684326
0	76440	4.884912165282	8.4066972732544
0	76749	4.904744643689	8.5802755355835
0	77062	4.924529371683	9.0813035964966
0	77375	4.944327689677	9.3871011734009
0	77696	4.965176093388	8.5971670150757
0	78009	4.984999721592	8.7998676300049
1	15656	1.000838092813	0.99998711033644
1	15969	1.020998676282	0.99998279512146
1	16290	1.041345650993	0.99997870056758
1	16603	1.061424770115	0.99998009859662
1	16912	1.081287278202	0.99997369619756
1	17225	1.101281899992	0.999979818227
1	17538	1.121229661554	0.99997162451599
1	17855	1.141758167419	0.99996169164467
1	18164	1.16144487366	0.99997612579626
1	18473	1.181160027135	0.99998000540159
1	18790	1.201286922284	0.99997527890337
1	19095	1.220648331943	0.99998106096293
1	19412	1.240944613097	0.99997659434557
1	19723	1.260812533607	0.99998014800068
1	20044	1.281197469442	0.99996418728603
1	20357	1.30135433452	0.99995609589857
1	20670	1.321088971547	0.99996865137259
1	20983	1.341359952914	0.99997104485616
1	21296	1.361321527329	0.9999759678436
1	21605	1.380834680308	0.99998293102376
1	21918	1.400781100872	0.99998603736668
1	22231	1.421029796652	0.99998147542169
1	22544	1.441089461494	0.99997849213381
1	22857	1.460978913904	0.99997835070591
1	23174	1.481479037257	0.99996150020014
1	23489	1.501815785933	0.9999674714665
1	23802	1.522025695556	0.99996598002357
1	24115	1.54160376233	0.99997512803452
1	24432	1.561920195601	0.99997250147256
1	24741	1.581845458234	0.99997019271671
1	25054	1.601649232032	0.99997076432421
1	25367	1.621575667779	0.99997770947572
1	25688	1.642022657764	0.99995271281295
1	25993	1.661627208495	0.9999669558105
1	26306	1.681303627252	0.9999783449895
1	26619	1.701226995991	0.99996765179867
1	26932	1.721172548723	0.99994964350489
1	27245	1.740996371236	0.99998186419654
1	27552	1.760904573352	0.99998063559868
1	27873	1.781048536528	0.99997121373107
1	28186	1.800952321681	0.99996730650977
1	28499	1.820976944858	0.99997320435445
1	28816	1.84131842091	0.99995078470602
1	29129	1.861368627006	0.9999360248789
1	29434	1.880448208647	0.99997164308176
1	29743	1.900480069943	0.99997983238336
1	30064	1.920889750512	0.99996089923155
1	30377	1.94088975481	0.99996544613689
1	30690	1.96086573921	0.99995239791179
1	31003	1.980834268065	0.99993617612695
1	31318	2.001235147212	0.99995127773422
1	31631	2.021447846793	0.99992951215381
1	31944	2.041048103387	0.99996792544745
1	32257	2.061587657316	0.99993709823936
1	32570	2.081654771687	0.99991732845775
1	32883	2.101471436243	0.99996065480388
1	33200	2.121708171744	0.99992542095295
1	33509	2.141375837887	0.99996314107203
1	33822	2.161405923886	0.99995928823683
1	34135	2.181448879921	0.99994417278277
1	34448	2.201424115259	0.9999390980211
1	34765	2.221577796824	0.99994010467497
1	35078	2.241882729973	0.99992475305671
1	35393	2.261815791499	0.9999309200888
1	35706	2.281688047515	0.99995794396506
1	36023	2.302192989242	0.99991198392528
1	36340	2.322428074034	0.99992040539082
1	36653	2.342568296284	0.99994014518442
1	36966	2.362511502512	0.99993186186656
1	37275	2.382021349625	0.99996386401188
1	37588	2.401730817504	0.99996994369139
1	37905	2.422451325477	0.99994101978503
1	38218	2.442141445981	0.99993604375634
1	38527	2.46197179297	0.9999563015401
1	38844	2.482292725798	0.99995904122259
1	39159	2.502399075319	0.99994603126361
1	39472	2.522276878106	0.99992289211439
1	39781	2.542058759254	0.9999589969584
1	40098	2.562565731461	0.99996347048337
1	40407	2.582563449795	0.99994860039104
1	40720	2.60271015374	0.99995661200903
1	41033	2.622376499024	0.99995436793037
1	41346	2.642293195446	0.99991992448749
1	41659	2.662434295365	0.99993757609785
1	41972	2.681967143283	0.99996928989253
1	42285	2.702298024037	0.999953228519
1	42598	2.722429591398	0.99993643200735
1	42911	2.742512467603	0.99995032509958
1	43226	2.76231873051	0.99994239973269
1	43539	2.782278572937	0.99995275357025
1	43852	2.802114558098	0.99994869348857
1	44165	2.821933947457	0.99996894931132
1	44478	2.842249958081	0.99994557312624
1	44791	2.861996273378	0.99995633254205
1	45104	2.881915271502	0.99995345997225
1	45417	2.902379783601	0.99995888650125
1	45730	2.921696945816	0.99997201817758
1	46039	2.941440924106	0.99997635208222
1	46356	2.961456122126	0.99996755358364
1	46669	2.981699360116	0.99993748824743
1	46984	3.001906154458	0.99991220011372
1	47297	3.02170813911	0.99993514792835
1	47610	3.041871825875	0.9999407366413
1	47923	3.062215664524	0.99994056977803
1	48244	3.082530013626	0.99989620309696
1	48557	3.102573754303	0.99991208970344
1	48870	3.122496067919	0.99993314319094
1	49183	3.142494638496	0.99994940013323
1	49496	3.162897721843	0.99996976596994
1	49809	3.182649778764	0.99997050536284
1	50122	3.202904508267	0.99997339633781
1	50435	3.222968422103	0.99997527336876
1	50748	3.24283881918	0.99996152658715
1	51063	3.262865547576	0.99995348197116
1	51380	3.283367754804	0.99994062630552
1	51693	3.303222404489	0.9999409593059
1	52010	3.323547776674	0.99992046824422
1	52323	3.343579147022	0.99995499687621
1	52628	3.36334860259	0.99994951530209
1	52941	3.383197512603	0.99997044540532
1	53258	3.403638309397	0.99995077200776
1	53567	3.42311039896	0.99995169779626
1	53880	3.44327254388	0.99993898965684
1	54193	3.462981395942	0.99994795503821
1	54506	3.482987420846	0.99997055822462
1	54821	3.502952598793	0.9999589833322
1	55134	3.522695764455	0.99993988246867
1	55447	3.542797014657	0.99992769091567
1	55760	3.562725789458	0.99992178641867
1	56073	3.582847083243	0.99992652595713
1	56386	3.602521912309	0.99995509628711
1	56699	3.62267823217	0.99995662402825
1	57012	3.642571397008	0.99997204771189
1	57317	3.662341005131	0.99996519625943
1	57638	3.682840244095	0.99993850027499
1	57951	3.702935930225	0.99991916251141
1	58264	3.723092978721	0.99986576734643
1	58577	3.742604104094	0.99994291031727
1	58892	3.763303173471	0.99988812436417
1	59205	3.783079672022	0.99992257155514
1	59518	3.803227166859	0.99993795679108
1	59831	3.823411271274	0.99994617009663
1	60144	3.843480472709	0.99993138663619
1	60461	3.863629928323	0.99994344073778
1	60770	3.883436726262	0.99993615312288
1	61083	3.903326024141	0.99995709303258
1	61392	3.923179728213	0.99997255387042
1	61705	3.943020160233	0.99996910036568
1	62022	3.963265767148	0.99995479689458
1	62331	3.982973362793	0.99994600492836
1	62654	4.003530714881	0.9999467825334
1	62963	4.023358823417	0.9999441362888
1	63280	4.043572273241	0.99993785650271
1	63589	4.063309450425	0.99993599629531
1	63898	4.083188711519	0.9999385821412
1	64211	4.103174580557	0.99992878316654
1	64524	4.123261059486	0.99992595667795
1	64837	4.143295975992	0.99991813311681
1	65150	4.162890794746	0.99994960997994
1	65463	4.183006337655	0.99994104760474
1	65780	4.203538827587	0.99993538484435
1	66089	4.223150944626	0.99994909864568
1	66402	4.243034980882	0.99990766291847
1	66717	4.263008226685	0.99989368013445
1	67026	4.282808050495	0.99992395356006
1	67343	4.302872345361	0.99987407687666
1	67656	4.32291558219	0.99984333298854
1	67973	4.343333546943	0.9998784624361
1	68286	4.363300649699	0.99990776166854
1	68599	4.383037165077	0.99993931264963
1	68908	4.402685008859	0.99995484265567
1	69225	4.422968309396	0.99993622774377
1	69534	4.442547186996	0.99993457462408
1	69847	4.462460276767	0.99996486477952
1	70160	4.482871502851	0.99993346688607
1	70475	4.502810538711	0.99994196060336
1	70796	4.523649322506	0.99992333018857
1	71109	4.543609489654	0.9998575695602
1	71426	4.563764862471	0.99987906589548
1	71739	4.583906060802	0.99985100663702
1	72052	4.603776384549	0.99991667320229
1	72365	4.62413761819	0.99992735399902
1	72678	4.643883305577	0.99989786642134
1	72991	4.663921662659	0.99993606538791
1	73304	4.683909871837	0.99992305564206
1	73617	4.704168637194	0.99990095678684
1	73930	4.72448818743	0.99989289295164
1	74243	4.744292300701	0.99991922683267
1	74558	4.764495251895	0.99988437257042
1	74875	4.784683504071	0.99986819525681
1	75188	4.80470783406	0.99990027193634
1	75501	4.824821153663	0.99984258380196
1	75818	4.845186254074	0.99985609462555
1	76131	4.865026815025	0.99986340389855
1	76440	4.884912165282	0.99985651764861
1	76749	4.904744643689	0.9998804754199
1	77062	4.924529371683	0.99992946048338
1	77375	4.944327689677	0.99994887363566
1	77696	4.965176093388	0.99988258159778
1	78009	4.984999721592	0.99990514047282
2	15656	1.000838092813	0.096802
2	15969	1.020998676282	0.088579
2	16290	1.041345650993	0.093448
2	16603	1.061424770115	0.117988
2	16912	1.081287278202	0.106051
2	17225	1.101281899992	0.090789
2	17538	1.121229661554	0.09054
2	17855	1.141758167419	0.290943
2	18164	1.16144487366	0.127765
2	18473	1.181160027135	0.091296
2	18790	1.201286922284	0.087921
2	19095	1.220648331943	0.286835
2	19412	1.240944613097	0.104931
2	19723	1.260812533607	0.091157
2	20044	1.281197469442	0.090285
2	20357	1.30135433452	0.09598
2	20670	1.321088971547	0.098558
2	20983	1.341359952914	0.093104
2	21296	1.361321527329	0.086776
2	21605	1.380834680308	0.089333
2	21918	1.400781100872	0.096934
2	22231	1.421029796652	0.093047
2	22544	1.441089461494	0.086765
2	22857	1.460978913904	0.098559
2	23174	1.481479037257	0.087516
2	23489	1.501815785933	0.14635
2	23802	1.522025695556	0.14963
2	24115	1.54160376233	0.088911
2	24432	1.561920195601	0.088119
2	24741	1.581845458234	0.0945
2	25054	1.601649232032	0.115504
2	25367	1.621575667779	0.088086
2	25688	1.642022657764	0.09006
2	25993	1.661627208495	0.088356
2	26306	1.681303627252	0.096741
2	26619	1.701226995991	0.086505
2	26932	1.721172548723	0.086996
2	27245	1.740996371236	0.087774
2	27552	1.760904573352	0.095833
2	27873	1.781048536528	0.088405
2	28186	1.800952321681	0.088099
2	28499	1.820976944858	0.087151
2	28816	1.84131842091	0.308586
2	29129	1.861368627006	0.125738
2	29434	1.880448208647	0.091083
2	29743	1.900480069943	0.088116
2	30064	1.920889750512	0.101962
2	30377	1.94088975481	0.104793
2	30690	1.96086573921	0.090663
2	31003	1.980834268065	0.088114
2	31318	2.001235147212	0.095852
2	31631	2.021447846793	0.10506
2	31944	2.041048103387	0.090075
2	32257	2.061587657316	0.089515
2	32570	2.081654771687	0.089278
2	32883	2.101471436243	0.094703
2	33200	2.121708171744	0.098362
2	33509	2.141375837887	0.106536
2	33822	2.161405923886	0.089856
2	34135	2.181448879921	0.092504
2	34448	2.201424115259	0.119075
2	34765	2.221577796824	0.086848
2	35078	2.241882729973	0.08639
2	35393	2.261815791499	0.09664
2	35706	2.281688047515	0.099968
2	36023	2.302192989242	0.089856
2	36340	2.322428074034	0.159793
2	36653	2.342568296284	0.089426
2	36966	2.362511502512	0.093845
2	37275	2.382021349625	0.090567
2	37588	2.401730817504	0.090464
2	37905	2.422451325477	0.087412
2	38218	2.442141445981	0.09466
2	38527	2.46197179297	0.119925
2	38844	2.482292725798	0.092316
2	39159	2.502399075319	0.090938
2	39472	2.522276878106	0.092037
2	39781	2.542058759254	0.090005
2	40098	2.562565731461	0.129207
2	40407	2.582563449795	0.150605
2	40720	2.60271015374	0.089436
2	41033	2.622376499024	0.087419
2	41346	2.642293195446	0.093035
2	41659	2.662434295365	0.088156
2	41972	2.681967143283	0.089337
2	42285	2.702298024037	0.089411
2	42598	2.722429591398	0.103315
2	42911	2.742512467603	0.090657
2	43226	2.76231873051	0.091373
2	43539	2.782278572937	0.098836
2	43852	2.802114558098	0.08686
2	44165	2.821933947457	0.10227
2	44478	2.842249958081	0.089773
2	44791	2.861996273378	0.094832
2	45104	2.881915271502	0.097694
2	45417	2.902379783601	0.117023
2	45730	2.921696945816	0.140707
2	46039	2.941440924106	0.181743
2	46356	2.961456122126	0.104373
2	46669	2.981699360116	0.092942
2	46984	3.001906154458	0.096533
2	47297	3.02170813911	0.094277
2	47610	3.041871825875	0.094716
2	47923	3.062215664524	0.091068
2	48244	3.082530013626	0.115118
2	48557	3.102573754303	0.147513
2	48870	3.122496067919	0.090164
2	49183	3.142494638496	0.088584
2	49496	3.162897721843	0.093039
2	49809	3.182649778764	0.092904
2	50122	3.202904508267	0.105079
2	50435	3.222968422103	0.140948
2	50748	3.24283881918	0.089756
2	51063	3.262865547576	0.107116
2	51380	3.283367754804	0.092263
2	51693	3.303222404489	0.097227
2	52010	3.323547776674	0.092736
2	52323	3.343579147022	0.102011
2	52628	3.36334860259	0.103056
2	52941	3.383197512603	0.098679
2	53258	3.403638309397	0.098484
2	53567	3.42311039896	0.0949
2	53880	3.44327254388	0.095476
2	54193	3.462981395942	0.089154
2	54506	3.482987420846	0.088373
2	54821	3.502952598793	0.095653
2	55134	3.522695764455	0.165437
2	55447	3.542797014657	0.101663
2	55760	3.562725789458	0.091455
2	56073	3.582847083243	0.092434
2	56386	3.602521912309	0.093546
2	56699	3.62267823217	0.105294
2	57012	3.642571397008	0.089602
2	57317	3.662341005131	0.088797
2	57638	3.682840244095	0.088423
2	57951	3.702935930225	0.239247
2	58264	3.723092978721	0.160498
2	58577	3.742604104094	0.090705
2	58892	3.763303173471	0.091394
2	59205	3.783079672022	0.243492
2	59518	3.803227166859	0.136745
2	59831	3.823411271274	0.089387
2	60144	3.843480472709	0.089046
2	60461	3.863629928323	0.087806
2	60770	3.883436726262	0.098853
2	61083	3.903326024141	0.088594
2	61392	3.923179728213	0.088176
2	61705	3.943020160233	0.094004
2	62022	3.963265767148	0.244671
2	62331	3.982973362793	0.089093
2	62654	4.003530714881	0.090547
2	62963	4.023358823417	0.088041
2	63280	4.043572273241	0.093306
2	63589	4.063309450425	0.088173
2	63898	4.083188711519	0.08763
2	64211	4.103174580557	0.091045
2	64524	4.123261059486	0.088992
2	64837	4.143295975992	0.093046
2	65150	4.162890794746	0.087265
2	65463	4.183006337655	0.093828
2	65780	4.203538827587	0.087935
2	66089	4.223150944626	0.089833
2	66402	4.243034980882	0.216869
2	66717	4.263008226685	0.091973
2	67026	4.282808050495	0.089238
2	67343	4.302872345361	0.098916
2	67656	4.32291558219	0.089651
2	67973	4.343333546943	0.087272
2	68286	4.363300649699	0.087812
2	68599	4.383037165077	0.090377
2	68908	4.402685008859	0.086727
2	69225	4.422968309396	0.096091
2	69534	4.442547186996	0.094908
2	69847	4.462460276767	0.104408
2	70160	4.482871502851	0.096963
2	70475	4.502810538711	0.09914
2	70796	4.523649322506	0.090228
2	71109	4.543609489654	0.088092
2	71426	4.563764862471	0.091838
2	71739	4.583906060802	0.24703
2	72052	4.603776384549	0.099856
2	72365	4.62413761819	0.087634
2	72678	4.643883305577	0.087254
2	72991	4.663921662659	0.088166
2	73304	4.683909871837	0.108606
2	73617	4.704168637194	0.094774
2	73930	4.72448818743	0.088363
2	74243	4.744292300701	0.088768
2	74558	4.764495251895	0.104296
2	74875	4.784683504071	0.091141
2	75188	4.80470783406	0.099555
2	75501	4.824821153663	0.090282
2	75818	4.845186254074	0.1032
2	76131	4.865026815025	0.093194
2	76440	4.884912165282	0.089391
2	76749	4.904744643689	0.090438
2	77062	4.924529371683	0.08733
2	77375	4.944327689677	0.098579
2	77696	4.965176093388	0.088903
2	78009	4.984999721592	0.099994
3	15645	1.000144484653	-5.6364817619324
3	15649	1.000380361732	-4.6972894668579
3	15662	1.001101490845	-3.4501144886017
3	15666	1.001426030097	-4.480845451355
3	15679	1.002127024527	-5.5005874633789
3	15683	1.002411482522	-6.5629358291626
3	15693	1.003173067553	-5.7193608283997
3	15697	1.003423544356	-10.477604866028
3	15710	1.004189293283	-6.794102191925
3	15714	1.004441904784	-6.2326550483704
3	15724	1.005163353207	-6.759753704071
3	15728	1.005424268385	-4.2549085617065
3	15741	1.006160026416	-5.8612580299377
3	15745	1.006412121355	-6.2500510215759
3	15752	1.007154783737	-5.7658715248108
3	15759	1.007405992916	-6.2552599906921
3	15772	1.008174947291	-4.413001537323
3	15776	1.008433321335	-7.1021814346313
3	15783	1.009194183232	-3.6588842868805
3	15790	1.009428200048	-4.3380193710327
3	15803	1.010196050045	-4.9507393836975
3	15807	1.010464626488	-3.6341681480408
3	15817	1.01115745128	-3.9706349372864
3	15821	1.011503698232	-3.9477293491364
3	15834	1.012183972742	-4.5422878265381
3	15838	1.012528825667	-6.7253279685974
3	15848	1.013177856119	-4.8109760284424
3	15855	1.0135300477	-3.5267932415009
3	15865	1.01413497618	-3.9878389835358
3	15869	1.014492216672	-5.0749135017395
3	15879	1.015121756703	-5.3202352523804
3	15886	1.015510312803	-4.3945798873901
3	15896	1.016074080289	-5.4642610549927
3	15900	1.016543973203	-5.8566308021545
3	15907	1.017068927344	-5.8821797370911
3	15914	1.017537140373	-3.4309413433075
3	15927	1.018089243521	-6.2229633331299
3	15931	1.018492443556	-5.2414817810059
3	15941	1.019109815279	-6.0544128417969
3	15945	1.019453777209	-6.8799929618835
3	15958	1.02011137839	-6.2689785957336
3	15962	1.020465375688	-4.9905271530151
3	15975	1.021154507683	-5.269992351532
3	15979	1.021425526077	-5.4285516738892
3	15992	1.022183156038	-5.2855105400085
3	15996	1.02246371465	-6.9404759407043
3	16006	1.023156731342	-4.5847587585449
3	16010	1.023429573083	-5.7245965003967
3	16023	1.024139709297	-6.5592851638794
3	16027	1.024455530619	-4.4649496078491
3	16034	1.025115856311	-4.8856678009033
3	16041	1.025417541066	-5.0664649009705
3	16054	1.026132529747	-8.0963821411133
3	16058	1.026374636174	-6.3546333312988
3	16068	1.027158555835	-5.525586605072
3	16072	1.027417569187	-5.8726835250854
3	16085	1.028157866481	-4.9552230834961
3	16089	1.028415271139	-6.3208980560303
3	16099	1.029139693527	-5.0594878196716
3	16106	1.029427985942	-4.0671119689941
3	16116	1.030106149588	-4.8548583984375
3	16120	1.030420979945	-6.890353679657
3	16130	1.031130191603	-5.7865962982178
3	16134	1.031391042517	-5.142557144165
3	16147	1.032159076487	-10.11351776123
3	16151	1.032377371533	-4.569739818573
3	16161	1.033115375798	-5.4048118591309
3	16165	1.033341647836	-4.4335579872131
3	16178	1.034132496861	-5.7480888366699
3	16182	1.034378900453	-5.2063736915588
3	16189	1.035163764524	-4.0003232955933
3	16196	1.035392093504	-4.3047313690186
3	16209	1.036124803645	-4.3558893203735
3	16213	1.036365415012	-2.8655240535736
3	16220	1.037097405397	-4.7594680786133
3	16230	1.037355996579	-5.5733017921448
3	16240	1.038072960885	-7.0977234840393
3	16244	1.038331610493	-5.5764861106873
3	16248	1.039055920503	-4.2024931907654
3	16255	1.039320237681	-7.4089951515198
3	16271	1.040007866946	-4.2894201278687
3	16275	1.040328316823	-3.7464091777802
3	16279	1.041021244027	-5.892201423645
3	16286	1.041330403331	-3.8615789413452
3	16305	1.042007009288	-6.0316472053528
3	16309	1.042360136943	-7.1952018737793
3	16313	1.043007959422	-6.5366635322571
3	16326	1.043340892341	-4.7958650588989
3	16336	1.044014513058	-3.1490702629089
3	16340	1.044294726347	-7.2921676635742
3	16344	1.045023502984	-6.19895362854
3	16354	1.045334392813	-5.6905512809753
3	16367	1.046050762493	-4.3375940322876
3	16371	1.046292733785	-4.9388399124146
3	16375	1.047074447344	-5.714183807373
3	16379	1.047283129578	-6.5068855285645
3	16398	1.048078559981	-4.8284673690796
3	16402	1.048237296592	-3.9657032489777
3	16406	1.049125339235	-7.7816166877747
3	16410	1.049192411791	-8.5539808273315
3	16429	1.05014414605	-5.3665637969971
3	16433	1.050190831683	-4.9663119316101
3	16437	1.051128461522	-4.4311203956604
3	16441	1.051170763027	-4.3153738975525
3	16460	1.052136826991	-3.2773571014404
3	16464	1.052203585461	-4.6004180908203
3	16468	1.053091094319	-3.6330533027649
3	16472	1.053160487379	-7.1595711708069
3	16491	1.054080714823	-4.894654750824
3	16495	1.05414396109	-8.658766746521
3	16499	1.055067937955	-3.5845277309418
3	16503	1.055187588544	-4.5583572387695
3	16522	1.056088519513	-5.0638780593872
3	16526	1.056193147971	-4.7524709701538
3	16530	1.05707555435	-3.9840884208679
3	16534	1.057200974214	-6.9012446403503
3	16553	1.058059237399	-5.6479897499084
3	16557	1.058193551694	-7.0742831230164
3	16561	1.059083507677	-6.4220876693726
3	16565	1.059145280454	-6.1427440643311
3	16584	1.060094752707	-6.8745718002319
3	16588	1.060162076868	-5.0227365493774
3	16592	1.061108434982	-7.7169828414917
3	16596	1.061133309937	-3.8683321475983
3	16618	1.06215404968	-3.8458616733551
3	16622	1.062168208224	-4.2634506225586
3	16626	1.063188214283	-5.2178335189819
3	16630	1.063196204378	-7.040843963623
3	16649	1.064167074383	-6.0327272415161
3	16653	1.064207329422	-7.5160264968872
3	16657	1.065165971506	-5.1406235694885
3	16661	1.065203059167	-7.3639187812805
3	16680	1.066156918604	-4.6884703636169
3	16684	1.066209576812	-6.0165829658508
3	16688	1.067160774147	-3.8956606388092
3	16695	1.067249565819	-5.0433855056763
3	16711	1.068150377422	-10.166913032532
3	16715	1.068222512728	-6.384349822998
3	16722	1.069171349943	-4.1212162971497
3	16729	1.069252938716	-5.1136927604675
3	16742	1.070204883883	-4.7237815856934
3	16746	1.070208228708	-6.6446270942688
3	16753	1.071180601512	-6.0303311347961
3	16757	1.071216046196	-4.8292555809021
3	16773	1.072205571113	-3.5743474960327
3	16777	1.072219636325	-5.034029006958
3	16784	1.073219269208	-7.3195242881775
3	16788	1.073255216715	-3.5334386825562
3	16804	1.074266683684	-5.6274333000183
3	16808	1.074273322729	-5.5181403160095
3	16815	1.075234194928	-9.9108695983887
3	16825	1.075287899313	-6.1118321418762
3	16835	1.076218015064	-5.6956467628479
3	16839	1.076240492567	-9.8425903320312
3	16852	1.077226905869	-6.6784844398499
3	16856	1.077257089587	-10.89897441864
3	16866	1.078223657097	-6.4236721992493
3	16870	1.078276207209	-5.8462891578674
3	16877	1.079181469648	-6.2492876052856
3	16884	1.07928316419	-4.9854717254639
3	16897	1.08014299853	-5.4999041557312
3	16901	1.080311635393	-3.4643740653992
3	16908	1.081131313542	-7.0979909896851
3	16918	1.081352866215	-4.6502432823181
3	16931	1.082121876917	-4.2426137924194
3	16935	1.082306451198	-7.0491065979004
3	16942	1.083099814344	-5.5065007209778
3	16949	1.083326312113	-7.926486492157
3	16962	1.084145323301	-7.0612258911133
3	16966	1.084373302022	-7.7867746353149
3	16973	1.085128912489	-5.3983345031738
3	16980	1.085348297838	-2.8364725112915
3	16993	1.086171504268	-4.7813401222229
3	16997	1.086380852718	-6.4249715805054
3	17004	1.087204583854	-5.2572093009949
3	17011	1.08738686215	-3.7699294090271
3	17024	1.088163472979	-4.6009449958801
3	17028	1.088355821153	-6.1891498565674
3	17035	1.089162787505	-6.1814632415771
3	17039	1.089316705695	-4.001699924469
3	17052	1.090210533789	-10.448073387146
3	17056	1.090329446631	-5.7526326179504
3	17069	1.091233978602	-7.523193359375
3	17073	1.091377300342	-6.9462161064148
3	17083	1.092230295912	-5.7641568183899
3	17087	1.092358287928	-7.1195826530457
3	17097	1.093198164475	-5.9999237060547
3	17104	1.093370828406	-4.4673633575439
3	17114	1.094245878344	-6.0450658798218
3	17118	1.094340485284	-4.9967851638794
3	17128	1.095231877475	-4.9753813743591
3	17135	1.095357899995	-10.419149398804
3	17145	1.096218738019	-5.8662648200989
3	17149	1.096309561705	-6.0875797271729
3	17159	1.097228237328	-4.5464305877686
3	17166	1.097283011594	-7.9268040657043
3	17176	1.098269054511	-5.8592076301575
3	17180	1.098332384007	-5.8640341758728
3	17187	1.099229026338	-5.2106533050537
3	17197	1.099367168537	-5.2759771347046
3	17207	1.100244095267	-6.4571499824524
3	17214	1.100367376887	-5.1810646057129
3	17221	1.101254634779	-4.717764377594
3	17231	1.101335990489	-8.1988706588745
3	17241	1.102295642964	-8.5435924530029
3	17245	1.102371166612	-5.9253253936768
3	17255	1.103340867429	-5.453510761261
3	17259	1.103403124896	-6.7574691772461
3	17275	1.104354989676	-6.5458369255066
3	17279	1.104417983025	-4.5224027633667
3	17292	1.105371081271	-4.6979780197144
3	17296	1.105420941267	-3.6172020435333
3	17306	1.106384357157	-4.7147355079651
3	17310	1.106387132733	-4.9177103042603
3	17323	1.107368524578	-4.8911452293396
3	17327	1.107387891923	-5.1272325515747
3	17337	1.108377692275	-5.5731301307678
3	17341	1.108399211597	-5.3342742919922
3	17351	1.109351468637	-5.7941207885742
3	17355	1.109373718072	-6.1620855331421
3	17368	1.110303874994	-3.8130559921265
3	17372	1.110327721138	-8.0375108718872
3	17382	1.111307334661	-6.3682813644409
3	17386	1.111318923322	-5.4700508117676
3	17399	1.112273487045	-3.2135136127472
3	17403	1.112347729556	-7.6443519592285
3	17413	1.113321936921	-3.0391643047333
3	17417	1.113386566933	-4.5063633918762
3	17430	1.114292292328	-3.7997815608978
3	17434	1.114420397343	-4.6901664733887
3	17444	1.115257505609	-7.4491519927979
3	17448	1.115436801597	-3.3648221492767
3	17461	1.11621661226	-4.9209432601929
3	17465	1.116386926411	-4.1767444610596
3	17475	1.117177692305	-4.0186109542847
3	17482	1.117434500249	-4.0315399169922
3	17492	1.118172366972	-6.2094583511353
3	17496	1.11847367311	-6.8689050674438
3	17503	1.119213528831	-6.3849477767944
3	17510	1.119462146047	-5.7159733772278
3	17523	1.120178408816	-7.3540468215942
3	17527	1.120499917012	-5.3164024353027
3	17534	1.121190930847	-4.9001712799072
3	17544	1.121541971769	-5.7400031089783
3	17554	1.122156545183	-7.8729720115662
3	17564	1.122569013534	-5.333212852478
3	17568	1.123181650674	-6.8619680404663
3	17575	1.123568606531	-5.923276424408
3	17585	1.124186244317	-6.0911154747009
3	17595	1.124568205435	-6.129515171051
3	17602	1.125147849148	-8.9040441513062
3	17606	1.125562027521	-4.3172035217285
3	17616	1.126159425621	-5.6876287460327
3	17626	1.126596634472	-7.0332064628601
3	17633	1.127159074812	-3.0260739326477
3	17637	1.12763621017	-5.8468585014343
3	17647	1.128126946715	-5.8451027870178
3	17657	1.128670405942	-4.8018579483032
3	17664	1.129126773808	-5.6888828277588
3	17668	1.129646768316	-7.19056224823
3	17675	1.130154516491	-5.5681700706482
3	17688	1.130601450201	-7.417742729187
3	17695	1.131169108687	-5.8352947235107
3	17699	1.131598435718	-6.3881335258484
3	17712	1.132202886222	-3.7275331020355
3	17719	1.132558980491	-4.071108341217
3	17726	1.13324233761	-6.4631819725037
3	17730	1.133512772846	-7.2921495437622
3	17737	1.134203522496	-4.6271142959595
3	17747	1.134514477889	-5.4038443565369
3	17754	1.135193123275	-5.1648473739624
3	17761	1.13554421791	-4.0895390510559
3	17768	1.136189987853	-5.8563780784607
3	17778	1.136555426376	-3.7822642326355
3	17785	1.137159987353	-8.3346042633057
3	17792	1.13750969023	-8.0129833221436
3	17802	1.138179132027	-5.3166618347168
3	17806	1.13846994717	-5.2725872993469
3	17816	1.139226874467	-8.2599868774414
3	17820	1.139516785434	-4.8976740837097
3	17830	1.140242587555	-5.137433052063
3	17840	1.140516287041	-6.6323070526123
3	17847	1.141223850449	-8.1555919647217
3	17851	1.14153154364	-5.3713135719299
3	17867	1.142253785981	-4.382351398468
3	17877	1.142576044387	-4.6355805397034
3	17881	1.143294508225	-5.3941435813904
3	17885	1.143530070269	-4.9849848747253
3	17901	1.144259036014	-5.7592000961304
3	17908	1.144499469963	-5.4379453659058
3	17912	1.145240288405	-2.0093142986298
3	17916	1.1454499462	-6.7658443450928
3	17926	1.146287900242	-4.9021277427673
3	17936	1.146409362151	-5.5994563102722
3	17943	1.147333131021	-5.7405395507812
3	17947	1.147451134478	-5.1014657020569
3	17963	1.148350910379	-5.0188565254211
3	17967	1.148475349264	-9.2421054840088
3	17974	1.149327112908	-5.7149782180786
3	17978	1.149441940508	-5.6323933601379
3	17994	1.150299238728	-5.9032464027405
3	17998	1.150467584358	-3.9958794116974
3	18005	1.151333989182	-6.9445304870605
3	18009	1.151472658268	-4.3194346427917
3	18025	1.152332598845	-4.8018450737
3	18029	1.152468914663	-7.3117837905884
3	18036	1.153289391076	-4.2607388496399
3	18040	1.153482303664	-5.6122179031372
3	18056	1.154249500188	-3.8451383113861
3	18063	1.154496200788	-8.1519470214844
3	18067	1.155286979408	-4.6615686416626
3	18071	1.155469694406	-4.7261276245117
3	18084	1.156295571187	-4.6985368728638
3	18094	1.156514058023	-3.2940225601196
3	18098	1.157298691829	-5.5904479026794
3	18105	1.157466867207	-4.3639869689941
3	18118	1.158273566445	-3.4674315452576
3	18125	1.158507797376	-8.5388565063477
3	18132	1.159280791279	-6.6430745124817
3	18136	1.159548103293	-3.706627368927
3	18146	1.160328772205	-3.2527358531952
3	18156	1.16058583052	-5.5309553146362
3	18160	1.161308062353	-5.9074006080627
3	18170	1.16159135921	-6.240047454834
3	18180	1.162354374184	-5.2569470405579
3	18187	1.162567656572	-5.7011065483093
3	18194	1.163313914626	-7.3799638748169
3	18201	1.16357291256	-5.6740779876709
3	18211	1.164337760688	-5.8040661811829
3	18221	1.164571855809	-4.0572991371155
3	18225	1.165340554102	-6.3828911781311
3	18232	1.165541087592	-5.2210564613342
3	18242	1.166350823272	-6.2626028060913
3	18252	1.16658456673	-5.4672913551331
3	18259	1.167399797524	-7.6754426956177
3	18266	1.167583775539	-4.4180207252502
3	18276	1.1683907042	-3.9390804767609
3	18283	1.168604819676	-5.5007019042969
3	18290	1.169398158331	-6.1394519805908
3	18297	1.169575630921	-6.1853628158569
3	18310	1.170360269975	-3.8681843280792
3	18314	1.170572812184	-6.3935499191284
3	18318	1.171346551331	-4.7854652404785
3	18328	1.171530675479	-5.2246732711792
3	18338	1.172373498302	-5.9706568717957
3	18345	1.172490878725	-6.1187438964844
3	18352	1.173391578548	-4.6902575492859
3	18356	1.173488612667	-7.7256851196289
3	18369	1.174398152692	-7.4667000770569
3	18373	1.174491477649	-5.0147776603699
3	18383	1.175424132208	-3.1333351135254
3	18387	1.175460541229	-4.1948537826538
3	18400	1.176438827402	-10.270358085632
3	18404	1.176487403594	-8.7881956100464
3	18414	1.177454642821	-5.314875125885
3	18418	1.177458162328	-6.5822801589966
3	18431	1.178474562329	-5.0616593360901
3	18435	1.178500782137	-5.9945363998413
3	18448	1.179504752537	-4.2740030288696
3	18452	1.179513162843	-4.9453544616699
3	18459	1.180461167515	-6.6995339393616
3	18466	1.180464223847	-3.9491605758667
3	18482	1.181438640167	-5.5527901649475
3	18486	1.181463207278	-6.7903037071228
3	18493	1.182393498512	-3.3149862289429
3	18500	1.182487751372	-6.396089553833
3	18513	1.183363413712	-7.2831921577454
3	18517	1.183508898351	-3.98650598526
3	18527	1.184392913517	-3.8603620529175
3	18534	1.18453994664	-5.8586015701294
3	18544	1.185412196214	-4.3555431365967
3	18548	1.185538101683	-7.7994751930237
3	18558	1.186385576762	-6.7342190742493
3	18565	1.186558015286	-6.0823965072632
3	18575	1.187379674724	-4.6879234313965
3	18579	1.187601273548	-7.6264657974243
3	18592	1.188363685138	-4.2259955406189
3	18596	1.188627683092	-4.7902674674988
3	18603	1.189374816201	-4.1028327941895
3	18610	1.189585544164	-4.9658517837524
3	18620	1.19037244154	-3.2836339473724
3	18627	1.190620290169	-6.6980113983154
3	18631	1.191343273996	-8.7382688522339
3	18641	1.191617730449	-3.7421824932098
3	18651	1.192306141032	-5.0969309806824
3	18658	1.192571313979	-7.639543056488
3	18665	1.193303364439	-5.7970795631409
3	18672	1.193572054111	-8.2117147445679
3	18685	1.194312534555	-4.5605201721191
3	18689	1.194523612221	-5.5077519416809
3	18693	1.195267071278	-8.111159324646
3	18703	1.195550677456	-4.0645666122437
3	18713	1.196255577811	-3.5303220748901
3	18720	1.196532894832	-4.9178967475891
3	18724	1.197232364344	-6.1538543701172
3	18734	1.197501548993	-6.3862738609314
3	18744	1.198265290367	-6.1720366477966
3	18751	1.198536074267	-2.8385763168335
3	18758	1.199215417991	-7.0482096672058
3	18765	1.199512088729	-4.5900559425354
3	18775	1.200166767017	-6.2251443862915
3	18782	1.200559028479	-5.5598478317261
3	18786	1.201136829975	-6.9090738296509
3	18799	1.20155290874	-2.7019591331482
3	18809	1.202107637724	-3.9475491046906
3	18816	1.2025967179	-7.6359686851501
3	18820	1.203082041584	-9.0026998519897
3	18830	1.203642812809	-5.5587906837463
3	18840	1.204065657104	-5.6659502983093
3	18847	1.204612464715	-5.4722270965576
3	18851	1.205092383255	-7.7328505516052
3	18864	1.205649601578	-9.7844076156616
3	18874	1.206105672736	-6.8761296272278
3	18878	1.206668041822	-4.41832447052
3	18882	1.207059942329	-6.825119972229
3	18889	1.207686046807	-5.4930076599121
3	18902	1.208025693639	-3.7133746147156
3	18909	1.208700214684	-6.1790781021118
3	18913	1.209032285838	-4.2739839553833
3	18920	1.209676638836	-6.5673322677612
3	18936	1.210053733011	-7.2350897789001
3	18940	1.210661361882	-5.1005129814148
3	18944	1.211069571735	-6.142701625824
3	18951	1.211701613146	-6.6015563011169
3	18964	1.212064040387	-3.671154499054
3	18971	1.212723369911	-4.6520304679871
3	18978	1.21309252928	-5.0715012550354
3	18982	1.213756950833	-5.9499988555908
3	18995	1.214087931531	-5.738552570343
3	19002	1.214781513834	-7.5470967292786
3	19009	1.215090612583	-5.9632329940796
3	19013	1.215812718747	-5.1281366348267
3	19020	1.216053431929	-5.9220180511475
3	19033	1.216800758861	-4.4868803024292
3	19040	1.217051064462	-4.436342716217
3	19044	1.217850372404	-3.9390451908112
3	19057	1.218078284221	-3.9355704784393
3	19067	1.218812573508	-4.6431112289429
3	19071	1.219110716194	-5.6250901222229
3	19075	1.219778622679	-5.7003793716431
3	19091	1.220140595018	-7.0090746879578
3	19101	1.220749051661	-3.4591381549835
3	19105	1.221138382841	-6.0913801193237
3	19109	1.221747592245	-2.9559388160706
3	19122	1.222166410085	-6.3579573631287
3	19132	1.222772847383	-7.0896158218384
3	19136	1.223191718823	-5.42986536026
3	19143	1.22375862109	-5.6674718856812
3	19153	1.224235002581	-5.8222155570984
3	19163	1.224714022245	-4.8913164138794
3	19167	1.225220749465	-5.1303844451904
3	19174	1.225686128136	-4.7797932624817
3	19184	1.226219573083	-3.2628128528595
3	19194	1.22664523262	-4.5184383392334
3	19198	1.227247798066	-5.7954597473145
3	19205	1.227638004223	-5.6467747688293
3	19215	1.228279890791	-6.1590476036072
3	19222	1.228620132313	-5.2526087760925
3	19229	1.229300970021	-4.7713212966919
3	19236	1.229648126722	-6.0608305931091
3	19246	1.230313125758	-3.9706628322601
3	19253	1.230653745397	-7.2607517242432
3	19260	1.23129967227	-4.1184940338135
3	19267	1.23164136208	-6.2569403648376
3	19277	1.232342799913	-5.797420501709
3	19284	1.232617909742	-6.9427218437195
3	19291	1.233309624333	-7.259458065033
3	19298	1.233594504903	-3.870276927948
3	19311	1.234326332702	-6.8422074317932
3	19315	1.234616991029	-8.3661880493164
3	19325	1.235347661433	-8.6513147354126
3	19329	1.23564905613	-6.9283633232117
3	19339	1.236352174872	-6.7115888595581
3	19346	1.236663803188	-6.6881885528564
3	19356	1.23738529646	-4.1053009033203
3	19360	1.237702081437	-5.6713705062866
3	19373	1.238351445267	-9.1674013137817
3	19377	1.238691398388	-4.7172002792358
3	19387	1.239312749193	-9.4767370223999
3	19391	1.239724999392	-4.1429891586304
3	19404	1.240264106247	-5.4302401542664
3	19408	1.240765592759	-6.2058916091919
3	19421	1.241293582466	-5.7853145599365
3	19428	1.241809853526	-6.854953289032
3	19438	1.242245066021	-8.2960186004639
3	19445	1.242816920789	-4.786388874054
3	19452	1.243228871782	-6.6780967712402
3	19459	1.243824506984	-5.451376914978
3	19469	1.244211641878	-4.7456016540527
3	19473	1.244847039102	-5.4218721389771
3	19483	1.245192256116	-7.5511374473572
3	19490	1.245859976195	-3.4782037734985
3	19500	1.246208465834	-4.7962698936462
3	19504	1.246828268771	-8.8163795471191
3	19514	1.247230854784	-5.9239687919617
3	19521	1.24785122227	-8.2268781661987
3	19528	1.24819534448	-5.4937019348145
3	19538	1.248875416694	-5.6723322868347
3	19545	1.2492180762	-6.8734359741211
3	19555	1.249917679433	-4.3424844741821
3	19561	1.250188846355	-5.3711152076721
3	19568	1.250884486276	-4.5802736282349
3	19578	1.25115264058	-5.4530544281006
3	19585	1.25192025109	-4.0522022247314
3	19592	1.252171964583	-5.9776048660278
3	19602	1.252925304342	-5.490975856781
3	19609	1.253166976986	-5.4159994125366
3	19616	1.25390171013	-4.4283404350281
3	19626	1.254187118043	-5.4964265823364
3	19630	1.254905667471	-7.8803267478943
3	19640	1.255220486341	-7.8260378837585
3	19647	1.255948907136	-8.4460172653198
3	19657	1.256249122084	-5.1890726089478
3	19661	1.256931861688	-6.9280529022217
3	19671	1.257280546148	-5.2778444290161
3	19678	1.257933868459	-5.8342723846436
3	19688	1.258284175173	-7.1399817466736
3	19695	1.258925073033	-6.0384407043457
3	19702	1.259270901797	-7.2982950210571
3	19709	1.259918035198	-5.8667130470276
3	19716	1.260313963115	-6.0223259925842
3	19732	1.260905901119	-6.6767234802246
3	19736	1.261265824802	-6.1917705535889
3	19743	1.261945170816	-7.3607196807861
3	19750	1.262295375814	-4.8442139625549
3	19763	1.262984881134	-4.7683968544006
3	19767	1.26329099668	-7.7802567481995
3	19777	1.264003973829	-4.260760307312
3	19781	1.264306030381	-5.2197546958923
3	19794	1.265037647997	-4.4215388298035
3	19798	1.265289979737	-6.9699921607971
3	19808	1.266012107846	-9.338508605957
3	19812	1.266241590854	-8.4782361984253
3	19822	1.266984406139	-8.0284643173218
3	19829	1.267249355364	-3.7484822273254
3	19836	1.267982925362	-7.0471239089966
3	19843	1.26820473943	-6.452353477478
3	19850	1.269006217969	-4.4452757835388
3	19857	1.269231638909	-4.8351950645447
3	19870	1.269968462428	-6.4282841682434
3	19874	1.270238000356	-4.4439463615417
3	19881	1.270999125029	-4.8354406356812
3	19885	1.27121721007	-6.4484601020813
3	19898	1.271955902192	-6.0687069892883
3	19905	1.272178463406	-5.6484546661377
3	19912	1.272949251845	-9.4190120697021
3	19916	1.273184855237	-6.5326337814331
3	19929	1.273954435597	-8.1956224441528
3	19936	1.274164680042	-10.14611530304
3	19940	1.275000772861	-7.241819858551
3	19947	1.275134590104	-6.4533424377441
3	19963	1.276022646904	-5.7804017066956
3	19967	1.276091154989	-4.7863187789917
3	19974	1.277037230757	-6.7134776115417
3	19978	1.277043901353	-4.6536993980408
3	19994	1.278019961339	-6.1960620880127
3	19998	1.278068857386	-5.9009613990784
3	20005	1.278996719385	-5.4398736953735
3	20012	1.279079114668	-4.8284592628479
3	20025	1.279946791165	-5.2717971801758
3	20029	1.280103472325	-7.181272983551
3	20033	1.280938008152	-3.92018699646
3	20040	1.281116202997	-4.7524762153625
3	20059	1.281904088994	-6.2888293266296
3	20063	1.282121595176	-4.010817527771
3	20067	1.282887900431	-8.9637126922607
3	20074	1.283113558034	-6.2284774780273
3	20087	1.283853786458	-5.9985885620117
3	20094	1.284117223973	-5.0499153137207
3	20098	1.2848911767	-5.9883985519409
3	20105	1.285091292647	-4.4558486938477
3	20115	1.285928024787	-3.9457783699036
3	20125	1.286115250681	-5.8078422546387
3	20129	1.286915459908	-6.2312021255493
3	20136	1.287118005862	-4.78959608078
3	20146	1.287943945777	-5.1283121109009
3	20153	1.288100927746	-6.632851600647
3	20160	1.288941552126	-4.4038414955139
3	20164	1.289069122677	-5.1126046180725
3	20180	1.289904105406	-5.5444722175598
3	20187	1.290019438359	-4.1186671257019
3	20191	1.290941040019	-3.062835931778
3	20195	1.291050585609	-3.2970442771912
3	20214	1.291970156704	-3.9697501659393
3	20218	1.292013029147	-2.7358224391937
3	20222	1.292995831923	-4.8168091773987
3	20226	1.293039419954	-7.5600070953369
3	20242	1.293982934597	-4.4428997039795
3	20246	1.294000362297	-7.1338729858398
3	20253	1.294950157169	-5.2612228393555
3	20257	1.294972950243	-4.89635181427
3	20273	1.295963112271	-5.7248120307922
3	20277	1.295971511722	-5.5985870361328
3	20284	1.296954744	-3.4514842033386
3	20288	1.296976846743	-5.2213473320007
3	20304	1.297935717686	-6.2790932655334
3	20308	1.297960326924	-5.1652646064758
3	20315	1.298910105738	-6.9415926933289
3	20319	1.298957838857	-7.5506453514099
3	20335	1.299863835594	-5.4032783508301
3	20339	1.299910239552	-10.323253631592
3	20346	1.300824467203	-3.1734843254089
3	20350	1.300950658684	-4.3925499916077
3	20369	1.301863184047	-5.6396398544312
3	20376	1.301928615461	-5.8397445678711
3	20380	1.302851639539	-6.6905417442322
3	20384	1.302967101584	-6.3774147033691
3	20400	1.303811801435	-3.3462326526642
3	20404	1.303949390428	-5.0019936561584
3	20411	1.304777648922	-4.3623929023743
3	20415	1.304910716933	-6.8862619400024
3	20428	1.30579947808	-5.2927117347717
3	20435	1.305872989938	-5.6376662254333
3	20442	1.306791967749	-5.2456011772156
3	20446	1.306911610712	-6.0628356933594
3	20459	1.30777052798	-6.6802229881287
3	20466	1.30792105074	-5.5657377243042
3	20473	1.308804632358	-5.495632648468
3	20477	1.308962877281	-4.6495308876038
3	20487	1.309759690222	-4.9107828140259
3	20494	1.309931996112	-7.5157480239868
3	20504	1.310741385973	-6.3275437355042
3	20508	1.310943391046	-8.033935546875
3	20521	1.311755487602	-5.3136224746704
3	20525	1.311898790194	-9.4070777893066
3	20535	1.312804979117	-6.692497253418
3	20539	1.312920305	-5.8558917045593
3	20552	1.313777300131	-3.4330816268921
3	20556	1.3139429703	-4.6600642204285
3	20566	1.314814041975	-5.8577237129211
3	20570	1.314964071653	-6.2416625022888
3	20583	1.315806872626	-5.2170491218567
3	20587	1.3159430558	-4.5340175628662
3	20597	1.316840522193	-3.9366693496704
3	20601	1.316951444716	-4.870677947998
3	20614	1.317822486643	-4.3943657875061
3	20618	1.317986453991	-6.8468527793884
3	20628	1.318868565921	-6.1704168319702
3	20635	1.319022347517	-5.3743715286255
3	20645	1.319860831055	-4.0450763702393
3	20649	1.319996951716	-4.4641289710999
3	20659	1.320864151175	-6.3640513420105
3	20666	1.320998674396	-8.1770305633545
3	20679	1.3218958322	-6.7897086143494
3	20686	1.321981164349	-6.3383674621582
3	20696	1.322925394561	-7.1525459289551
3	20700	1.32295347714	-5.325243473053
3	20713	1.323929432726	-3.8726234436035
3	20717	1.32393508316	-5.2848825454712
3	20727	1.324961892034	-4.0823049545288
3	20731	1.32496860359	-3.8003792762756
3	20744	1.325948519453	-4.1297459602356
3	20748	1.325987522255	-6.9915366172791
3	20758	1.326928589158	-9.1121873855591
3	20762	1.327018997473	-8.5745725631714
3	20772	1.327943528071	-4.8019204139709
3	20779	1.328037334072	-8.3043117523193
3	20789	1.328955260917	-6.8076143264771
3	20793	1.329067656971	-5.1475749015808
3	20803	1.329942572666	-6.5342078208923
3	20810	1.330086551668	-5.0270867347717
3	20820	1.330919422118	-4.41264295578
3	20824	1.331074917833	-5.0844664573669
3	20834	1.331896513571	-7.3732748031616
3	20838	1.332051065426	-9.3046293258667
3	20851	1.332853136905	-4.1977639198303
3	20855	1.333084737916	-7.8708744049072
3	20865	1.333880224098	-6.5617079734802
3	20869	1.334117794263	-6.4309549331665
3	20882	1.334857421572	-4.9954872131348
3	20886	1.335125054985	-7.091169834137
3	20896	1.335855934282	-6.1464147567749
3	20900	1.336166705995	-4.722589969635
3	20913	1.336901755856	-10.178615570068
3	20920	1.337157640874	-5.3010225296021
3	20927	1.337891280835	-6.2977681159973
3	20931	1.338179158372	-4.2914757728577
3	20944	1.338884610205	-9.5033664703369
3	20948	1.339166390281	-6.436110496521
3	20958	1.339873327415	-5.3177051544189
3	20962	1.340206455865	-5.4607419967651
3	20975	1.340884560395	-9.7480783462524
3	20979	1.341206810239	-5.14164686203
3	20992	1.341853992403	-4.3128085136414
3	20996	1.342178470089	-5.5119752883911
3	21009	1.342860758637	-7.5824112892151
3	21013	1.343187656182	-7.0414795875549
3	21023	1.343901420135	-4.7991151809692
3	21027	1.344151937721	-7.9813446998596
3	21040	1.344872502904	-4.3445734977722
3	21044	1.345144212905	-6.0946888923645
3	21054	1.345896448544	-4.5903606414795
3	21058	1.346114223344	-4.5008931159973
3	21071	1.346910885742	-7.9087595939636
3	21075	1.347093152341	-7.7211742401123
3	21085	1.34794368066	-5.8204197883606
3	21089	1.348086317688	-5.1934189796448
3	21102	1.348971386106	-4.3894605636597
3	21106	1.349071046687	-4.7295293807983
3	21116	1.349928618562	-5.124988079071
3	21120	1.350114718547	-7.2883086204529
3	21133	1.350920720328	-4.6875348091125
3	21137	1.351124180594	-6.8925261497498
3	21147	1.351925988472	-5.9965391159058
3	21151	1.352143401145	-4.835205078125
3	21164	1.352929441613	-10.159809112549
3	21168	1.35309794165	-6.3716683387756
3	21178	1.353910209319	-4.8070855140686
3	21182	1.354113982447	-9.1370182037354
3	21195	1.354862844684	-4.3260035514832
3	21199	1.355065511543	-5.4057855606079
3	21209	1.355860556283	-4.7189965248108
3	21213	1.356078200839	-4.2386517524719
3	21226	1.35682412571	-6.0241394042969
3	21230	1.35707776713	-4.8636436462402
3	21240	1.357849699593	-6.3687558174133
3	21244	1.358103999889	-5.789867401123
3	21257	1.358820925802	-4.7564854621887
3	21261	1.359109162444	-6.1147389411926
3	21271	1.359854238174	-7.0999398231506
3	21275	1.360106292131	-8.2161312103271
3	21288	1.360886197651	-4.8783321380615
3	21292	1.3610916732	-6.5470476150513
3	21305	1.361873150253	-5.0458202362061
3	21309	1.362109268874	-3.8250696659088
3	21322	1.362918490646	-4.4469394683838
3	21326	1.363133307271	-5.218120098114
3	21336	1.363903657735	-5.0845093727112
3	21343	1.364171703992	-6.3439755439758
3	21353	1.364915399867	-9.7659969329834
3	21357	1.36514956503	-3.5187089443207
3	21370	1.365867231414	-4.7216815948486
3	21374	1.366146866947	-6.1688823699951
3	21384	1.366837535501	-8.6776170730591
3	21388	1.367178870257	-7.4096131324768
3	21395	1.367796198011	-7.6634449958801
3	21405	1.368222227023	-5.9784889221191
3	21415	1.36877053857	-5.1410818099976
3	21422	1.369231743418	-8.5352516174316
3	21429	1.369726015217	-4.0189504623413
3	21436	1.370188222195	-5.8277792930603
3	21446	1.370769947628	-4.381863117218
3	21450	1.371189810602	-4.0158424377441
3	21460	1.371739610148	-5.2490801811218
3	21467	1.372171040607	-7.2324504852295
3	21477	1.372730915065	-6.3120822906494
3	21484	1.373124337469	-6.9522371292114
3	21488	1.373681830232	-3.459883928299
3	21501	1.374102995842	-5.7952599525452
3	21508	1.374702983958	-6.8289589881897
3	21515	1.375136539753	-3.864373922348
3	21519	1.375659158597	-8.5565433502197
3	21532	1.376159562656	-3.7784144878387
3	21539	1.376705601027	-5.6135492324829
3	21546	1.377175202526	-8.1435136795044
3	21550	1.377658414745	-4.8765125274658
3	21563	1.37816090556	-4.0301861763
3	21567	1.378690344503	-5.7472281455994
3	21577	1.379136920947	-4.3119859695435
3	21584	1.379724103896	-5.1341443061829
3	21594	1.380089745725	-5.7232708930969
3	21598	1.380735345737	-5.4420599937439
3	21611	1.381122717529	-4.9159245491028
3	21615	1.381687299886	-5.3452305793762
3	21628	1.382170042684	-4.6300463676453
3	21635	1.382685461091	-3.2864077091217
3	21642	1.383156557739	-5.9574570655823
3	21646	1.38363608426	-5.6467347145081
3	21659	1.384168386246	-4.5093336105347
3	21666	1.38466640169	-4.2057251930237
3	21673	1.385192752365	-5.9981770515442
3	21680	1.385688575138	-7.0033082962036
3	21690	1.386145702812	-4.6126165390015
3	21697	1.38668596878	-5.3420958518982
3	21704	1.387138228174	-6.02374792099
3	21711	1.387685225643	-5.3700847625732
3	21718	1.388183721051	-4.2189478874207
3	21728	1.388688987957	-6.4056673049927
3	21735	1.38922717983	-6.4203252792358
3	21742	1.389691667172	-7.3657231330872
3	21752	1.390220979056	-5.283953666687
3	21759	1.390736698098	-5.3382906913757
3	21766	1.391184569924	-4.2982153892517
3	21773	1.391760014168	-4.4293813705444
3	21780	1.392140825465	-5.2513999938965
3	21790	1.392717027998	-5.7663288116455
3	21797	1.393173423833	-4.8104872703552
3	21804	1.393682471724	-6.3495888710022
3	21811	1.394133504597	-5.7974882125854
3	21821	1.39467282235	-4.9838500022888
3	21828	1.395125776718	-6.0318574905396
3	21835	1.395669258024	-6.7152128219604
3	21842	1.396114208161	-7.1978139877319
3	21849	1.396637899898	-4.120644569397
3	21859	1.397114809629	-8.5939035415649
3	21866	1.397623374983	-4.0268211364746
3	21873	1.398123640038	-8.5139780044556
3	21880	1.398597251525	-9.6618700027466
3	21890	1.399078864085	-4.8553905487061
3	21897	1.399566132781	-7.004693031311
3	21904	1.400125546771	-5.0019245147705
3	21911	1.400571396483	-6.3677449226379
3	21924	1.401101623185	-7.1695733070374
3	21931	1.401554748628	-5.362895488739
3	21938	1.402090788088	-6.9143915176392
3	21945	1.40256079117	-3.3441047668457
3	21955	1.403063133001	-3.6496601104736
3	21962	1.403572401363	-4.346996307373
3	21969	1.40410562525	-4.6430130004883
3	21976	1.404603801653	-8.6224794387817
3	21986	1.405123099735	-5.6288733482361
3	21993	1.40556011069	-7.6678285598755
3	22000	1.406110112538	-5.139506816864
3	22010	1.406608425981	-5.286102771759
3	22017	1.407102990548	-5.3709049224854
3	22024	1.407651748016	-2.8878161907196
3	22031	1.408134835978	-6.6299033164978
3	22041	1.40869152748	-5.5371222496033
3	22048	1.4091830509	-4.3868036270142
3	22058	1.4097275521	-5.4253621101379
3	22062	1.410197001212	-4.2433276176453
3	22072	1.410730472258	-4.140615940094
3	22079	1.4111814109	-4.3012733459473
3	22083	1.411686628619	-6.7021536827087
3	22093	1.412213016349	-4.6460905075073
3	22103	1.412697912496	-6.4079418182373
3	22110	1.413243555825	-10.119100570679
3	22114	1.413691032405	-6.5162830352783
3	22124	1.414268198082	-3.5533022880554
3	22134	1.414706563345	-3.1840870380402
3	22141	1.415300810349	-4.7907538414001
3	22151	1.415735726919	-6.3997402191162
3	22155	1.416347168887	-4.9532413482666
3	22165	1.416754593283	-4.2856073379517
3	22172	1.41734590985	-4.9878153800964
3	22179	1.417759051526	-5.1109204292297
3	22186	1.418317757775	-7.2608647346497
3	22196	1.418758186623	-5.2979097366333
3	22203	1.419286665103	-6.0010304450989
3	22210	1.419776815442	-5.4376621246338
3	22217	1.420318407217	-5.5284042358398
3	22227	1.420806018869	-3.9681086540222
3	22237	1.421308428059	-4.3574023246765
3	22247	1.421843062741	-6.4574694633484
3	22251	1.422280730693	-7.1789374351501
3	22261	1.422816089802	-6.037055015564
3	22268	1.42331704774	-5.248019695282
3	22278	1.423844800646	-3.8370072841644
3	22285	1.424344637898	-3.9122643470764
3	22292	1.424857939557	-6.6606206893921
3	22299	1.425313682259	-4.3906311988831
3	22309	1.425865716672	-6.099151134491
3	22316	1.426361012026	-6.5542860031128
3	22323	1.426829661936	-4.3750133514404
3	22330	1.427359412014	-4.0459308624268
3	22337	1.427823100797	-5.1325688362122
3	22350	1.428357033755	-4.1454229354858
3	22354	1.428860485443	-4.0422282218933
3	22361	1.429400090192	-6.3102416992188
3	22368	1.429891281598	-9.2768144607544
3	22378	1.430428883423	-5.5726461410522
3	22385	1.430852441755	-4.6445035934448
3	22392	1.431456206745	-6.0291118621826
3	22399	1.431823803319	-5.6154136657715
3	22412	1.432490351459	-5.0707845687866
3	22416	1.432826997237	-6.7445130348206
3	22423	1.433504895531	-5.721670627594
3	22433	1.43384492795	-8.3590936660767
3	22443	1.434481220717	-4.3296203613281
3	22447	1.434827975481	-4.4772310256958
3	22457	1.435490001146	-6.8809642791748
3	22464	1.435850069806	-6.7787342071533
3	22474	1.436512311242	-4.9589447975159
3	22478	1.436817003267	-4.0843496322632
3	22488	1.437464580754	-3.5929579734802
3	22495	1.437819438075	-4.3317012786865
3	22505	1.438447598532	-9.983585357666
3	22509	1.438770567205	-5.8495650291443
3	22519	1.439427185226	-5.4733815193176
3	22526	1.439790446515	-5.120418548584
3	22536	1.440420783636	-5.4194116592407
3	22540	1.440795156784	-4.90580701828
3	22553	1.441386365955	-8.8989629745483
3	22560	1.441766720615	-6.3993163108826
3	22570	1.442363797361	-4.7920393943787
3	22574	1.442803115199	-5.5500855445862
3	22584	1.443336144024	-5.6327323913574
3	22588	1.443812550625	-5.7522692680359
3	22601	1.44429977104	-5.6300721168518
3	22605	1.444840186944	-9.803318977356
3	22615	1.445314194445	-5.464467048645
3	22619	1.445834118987	-6.0893425941467
3	22632	1.446343884947	-4.7152533531189
3	22636	1.446843898451	-5.6019721031189
3	22646	1.447346738623	-5.3803658485413
3	22650	1.447867394747	-2.0153918266296
3	22660	1.448395159491	-6.650399684906
3	22667	1.448819046011	-8.1538095474243
3	22677	1.449359390535	-5.3979086875916
3	22681	1.449818290569	-5.5983724594116
3	22694	1.450328004995	-5.3798928260803
3	22698	1.450781465695	-5.8416085243225
3	22708	1.451318205004	-8.3425197601318
3	22712	1.451773060896	-3.2515203952789
3	22725	1.45235640084	-4.6401057243347
3	22732	1.452737865049	-9.332389831543
3	22739	1.453342346519	-6.7416977882385
3	22743	1.453717676928	-5.2534184455872
3	22756	1.45437969803	-4.5618801116943
3	22760	1.454731406047	-4.8721122741699
3	22770	1.45535167947	-6.1420183181763
3	22774	1.455705187481	-5.2738656997681
3	22787	1.456379298721	-5.8378877639771
3	22791	1.456656309393	-5.3790678977966
3	22798	1.457348368526	-6.196343421936
3	22805	1.457698893201	-5.3002552986145
3	22815	1.458311972463	-6.2549033164978
3	22822	1.458732547257	-4.6125473976135
3	22829	1.459335375617	-4.3410034179688
3	22836	1.459747165358	-4.515528678894
3	22846	1.460340051195	-4.7810940742493
3	22853	1.460772253005	-5.0575814247131
3	22863	1.461325821335	-5.061182975769
3	22870	1.461727206031	-7.775728225708
3	22883	1.462341736704	-7.8127374649048
3	22887	1.462759470888	-5.185161113739
3	22894	1.463331077152	-3.9373862743378
3	22901	1.463727634904	-5.7985773086548
3	22914	1.464374261584	-6.3262634277344
3	22918	1.464742199492	-6.933051109314
3	22928	1.465419426944	-5.5711550712585
3	22932	1.465787591471	-5.9213852882385
3	22942	1.466373061751	-6.5522656440735
3	22949	1.466820702226	-3.2050197124481
3	22956	1.467350647461	-7.0080494880676
3	22963	1.467777644186	-7.6437382698059
3	22973	1.468318698803	-5.3546113967896
3	22980	1.468814055594	-5.7904453277588
3	22987	1.469346610085	-7.1896486282349
3	22994	1.469776229717	-3.8405561447144
3	23004	1.47031390485	-7.7986092567444
3	23011	1.470820210075	-5.4967608451843
3	23018	1.471336876804	-5.1333417892456
3	23025	1.471784166773	-9.3322010040283
3	23035	1.472382407483	-7.1794013977051
3	23042	1.472777992677	-6.4955372810364
3	23049	1.473337137056	-4.5675373077393
3	23056	1.473798458711	-8.9501543045044
3	23066	1.47432606602	-6.2393431663513
3	23073	1.474753884131	-3.9184148311615
3	23077	1.475277599952	-4.0997495651245
3	23087	1.475716832366	-9.3416900634766
3	23097	1.476260415623	-5.177294254303
3	23104	1.476693793715	-4.0831203460693
3	23108	1.477278715595	-3.676495552063
3	23115	1.477734796367	-5.1282596588135
3	23128	1.478271220753	-5.0658001899719
3	23135	1.478724773786	-4.5879621505737
3	23139	1.47930192778	-7.4500761032104
3	23146	1.479748189577	-5.2992134094238
3	23159	1.480342857148	-5.6247620582581
3	23166	1.480739165273	-3.8478167057037
3	23170	1.481307533043	-6.2813062667847
3	23180	1.481711535999	-6.5812339782715
3	23193	1.482304301569	-3.8105001449585
3	23200	1.482724253185	-5.7848191261292
3	23204	1.48331356403	-6.4451565742493
3	23211	1.483773832038	-5.1302518844604
3	23224	1.484350876727	-2.7761960029602
3	23231	1.484800927945	-4.6488800048828
3	23235	1.485395778013	-4.7256345748901
3	23245	1.485842068748	-4.4060101509094
3	23255	1.486386820182	-4.8943176269531
3	23262	1.486859970352	-4.6687288284302
3	23266	1.487400193923	-7.1070652008057
3	23276	1.487863001778	-6.708610534668
3	23286	1.488402948623	-7.2205619812012
3	23293	1.488882797628	-8.6170616149902
3	23300	1.489451483627	-3.5345752239227
3	23307	1.489857547718	-6.9329862594604
3	23317	1.490418467421	-5.5429086685181
3	23324	1.490835081008	-4.7349519729614
3	23328	1.491460203024	-5.0295815467834
3	23335	1.491874584227	-6.7695922851562
3	23348	1.492433174377	-4.353150844574
3	23355	1.492917440235	-4.9317126274109
3	23359	1.493399660502	-6.9332485198975
3	23366	1.493913563618	-6.0954542160034
3	23379	1.494415866272	-10.457218170166
3	23386	1.494930401186	-4.2934651374817
3	23390	1.495439076364	-6.1666855812073
3	23397	1.495954953737	-4.1803102493286
3	23410	1.496442708669	-7.2350869178772
3	23417	1.496996873657	-5.9146957397461
3	23421	1.497457294459	-7.6395325660706
3	23428	1.4980187352	-7.6879186630249
3	23441	1.498486175351	-6.2431683540344
3	23445	1.499022418226	-5.1952705383301
3	23452	1.499441383894	-7.574275970459
3	23464	1.500054253895	-5.2472305297852
3	23474	1.50048125778	-4.9496202468872
3	23481	1.501094174208	-5.0250835418701
3	23485	1.501514298953	-5.254741191864
3	23501	1.502097061187	-4.0004329681396
3	23508	1.502539142834	-7.1268997192383
3	23512	1.503064272791	-4.6405482292175
3	23519	1.503502995379	-4.0742516517639
3	23529	1.504093733756	-6.2553815841675
3	23539	1.504491689596	-8.3355703353882
3	23543	1.505084493153	-4.652153968811
3	23550	1.505536254976	-6.3273372650146
3	23560	1.506098880525	-8.0511436462402
3	23570	1.506508621561	-6.7058258056641
3	23574	1.507069476656	-6.7804355621338
3	23581	1.507528852869	-8.1893377304077
3	23591	1.508039986112	-7.2553577423096
3	23601	1.508531550056	-6.1022391319275
3	23605	1.508999958674	-9.2800960540771
3	23612	1.509514108401	-4.7209625244141
3	23619	1.510001797887	-8.5759811401367
3	23632	1.510557559573	-7.976710319519
3	23636	1.510974014515	-5.9850921630859
3	23643	1.511532270397	-6.807963848114
3	23653	1.511966765669	-5.1082582473755
3	23663	1.51249561552	-5.6268510818481
3	23667	1.512982543306	-9.0270595550537
3	23674	1.513501921818	-5.3780031204224
3	23687	1.513983845597	-9.7309703826904
3	23691	1.514463928395	-5.8300251960754
3	23698	1.514975932838	-4.3415403366089
3	23705	1.515448183947	-7.0556769371033
3	23712	1.516025179647	-4.4580483436584
3	23722	1.516469057848	-4.7667288780212
3	23729	1.517066801819	-6.2208166122437
3	23736	1.517491929949	-8.3612585067749
3	23743	1.518039077743	-6.098940372467
3	23753	1.518531421668	-7.0260529518127
3	23760	1.519086717574	-5.9061799049377
3	23767	1.519545704023	-5.4176955223083
3	23774	1.520094024811	-4.5385541915894
3	23784	1.520506061282	-6.5269522666931
3	23791	1.521059940014	-6.8130407333374
3	23798	1.521488250028	-7.806676864624
3	23808	1.522094497509	-3.5927426815033
3	23818	1.522452427927	-5.0056276321411
3	23825	1.523140194635	-5.2332882881165
3	23832	1.523428138953	-7.1534938812256
3	23836	1.524108571308	-6.6831998825073
3	23849	1.524462058138	-5.7742547988892
3	23856	1.525131054104	-4.7523069381714
3	23863	1.525419496632	-2.5244131088257
3	23870	1.526151331475	-5.8153505325317
3	23880	1.526372330568	-3.8828125
3	23887	1.527166408565	-5.7381615638733
3	23894	1.52739029166	-3.4134101867676
3	23898	1.528176256089	-2.9172630310059
3	23911	1.528431329527	-5.2648434638977
3	23921	1.529207642988	-3.1922523975372
3	23925	1.52940974138	-7.1819109916687
3	23932	1.530171370211	-4.4712133407593
3	23942	1.53040516022	-9.2339458465576
3	23952	1.531214508674	-4.4861345291138
3	23956	1.531376092017	-6.8231568336487
3	23966	1.532233307083	-5.0263738632202
3	23973	1.532412116435	-8.5711622238159
3	23983	1.533188496744	-6.9339027404785
3	23987	1.533408683227	-4.0563268661499
3	23994	1.534174216356	-3.4739360809326
3	24004	1.534409603143	-4.9240779876709
3	24014	1.535162190679	-3.6554276943207
3	24018	1.535420838079	-6.3181018829346
3	24028	1.536195483367	-6.5255799293518
3	24035	1.536398090428	-5.5195960998535
3	24045	1.537183105307	-3.9476292133331
3	24049	1.537367313647	-6.0562386512756
3	24056	1.538140855469	-6.5111131668091
3	24063	1.538327143911	-5.6651849746704
3	24076	1.539159215972	-5.270721912384
3	24080	1.539362411548	-6.6144351959229
3	24087	1.540131418922	-3.2321572303772
3	24094	1.540330100803	-7.0440497398376
3	24101	1.541090357378	-7.2067914009094
3	24111	1.541284857043	-6.126175403595
3	24121	1.542072646137	-8.0043277740479
3	24128	1.542261999274	-4.7255005836487
3	24138	1.543032541874	-5.8563470840454
3	24145	1.543266020171	-5.6551489830017
3	24152	1.544013900056	-5.3797340393066
3	24159	1.544313740006	-4.9439091682434
3	24166	1.544998472163	-4.0632252693176
3	24176	1.545331159875	-5.8556885719299
3	24183	1.546005524273	-8.1533060073853
3	24193	1.546344097003	-6.8147220611572
3	24200	1.54698036078	-6.7864842414856
3	24207	1.547392522938	-7.0022392272949
3	24217	1.547988658278	-5.8569736480713
3	24224	1.548377970833	-7.790186882019
3	24228	1.548945608662	-7.2361979484558
3	24235	1.549338188803	-5.6733980178833
3	24245	1.549927226463	-3.383917093277
3	24252	1.550296044941	-4.4232869148254
3	24259	1.550957084339	-7.1718912124634
3	24263	1.55127182478	-4.7676448822021
3	24276	1.55197029208	-5.5258593559265
3	24286	1.552309083114	-4.9777407646179
3	24290	1.552945085988	-5.467538356781
3	24297	1.553304057863	-6.8917121887207
3	24307	1.553931126128	-5.725022315979
3	24317	1.554294894787	-6.1982936859131
3	24321	1.554884485887	-5.1807103157043
3	24325	1.555254808292	-5.0016350746155
3	24335	1.555915398967	-4.3786964416504
3	24348	1.556290009596	-4.3397960662842
3	24352	1.556919170765	-6.5956287384033
3	24356	1.55730269681	-4.2977895736694
3	24366	1.557930412468	-5.4922742843628
3	24376	1.558271407567	-3.8347961902618
3	24383	1.558904553881	-6.8309054374695
3	24387	1.559294436114	-4.9423565864563
3	24397	1.559909107397	-7.492495059967
3	24407	1.560250171775	-4.5424337387085
3	24414	1.560870713912	-6.4416708946228
3	24418	1.561233007169	-5.1068654060364
3	24428	1.561913121296	-4.067361831665
3	24441	1.562189075639	-3.132435798645
3	24448	1.562925785469	-5.0202260017395
3	24452	1.563173748198	-5.0259556770325
3	24465	1.563924308317	-3.2242739200592
3	24472	1.564199959116	-4.793646812439
3	24479	1.564929369194	-5.7577857971191
3	24486	1.565151295207	-5.3125553131104
3	24499	1.565944171362	-5.2610330581665
3	24503	1.566122931286	-6.8763751983643
3	24510	1.56692301465	-4.0668511390686
3	24514	1.567139516418	-5.9880795478821
3	24530	1.567901374033	-6.8849945068359
3	24534	1.568113876583	-2.513733625412
3	24541	1.568867313219	-6.3643131256104
3	24548	1.569090635576	-5.0301356315613
3	24555	1.56987778035	-4.4208226203918
3	24568	1.570121002035	-4.49534034729
3	24572	1.570919676059	-5.4725794792175
3	24579	1.571156853957	-6.1371507644653
3	24589	1.571967568125	-6.3845448493958
3	24596	1.572190710677	-5.329195022583
3	24603	1.572998454258	-6.7850036621094
3	24610	1.573165587651	-5.6248850822449
3	24620	1.574032933226	-3.6673109531403
3	24627	1.574172120382	-6.5934147834778
3	24634	1.575033471433	-6.3787627220154
3	24641	1.575217697457	-4.1777377128601
3	24651	1.576001086718	-7.24565076828
3	24661	1.576175787001	-6.6502408981323
3	24665	1.57696161733	-9.1798334121704
3	24669	1.577192089764	-7.9893727302551
3	24682	1.577977810739	-4.9401392936707
3	24689	1.578164782395	-4.1964464187622
3	24696	1.578931440309	-8.0312471389771
3	24700	1.579132468889	-5.2138042449951
3	24710	1.579912074652	-5.1737761497498
3	24720	1.580083174161	-6.5591549873352
3	24727	1.580889041478	-8.2039413452148
3	24731	1.581051031757	-5.2501559257507
3	24747	1.581934487491	-4.3872199058533
3	24751	1.582064426968	-3.633677482605
3	24761	1.582932510592	-7.6313915252686
3	24765	1.583028147202	-3.8016123771667
3	24781	1.583942724354	-8.5333566665649
3	24785	1.584013048801	-6.5737981796265
3	24792	1.584917337929	-7.9763655662537
3	24796	1.584989265387	-7.2573900222778
3	24812	1.58591450684	-6.1097073554993
3	24816	1.585979476097	-7.4481101036072
3	24823	1.58695410782	-6.3283553123474
3	24827	1.586957383471	-4.7601747512817
3	24843	1.587952678047	-5.0106310844421
3	24847	1.588004103783	-4.6522402763367
3	24854	1.588938432884	-5.7428689002991
3	24858	1.589017150114	-5.3549304008484
3	24874	1.589909196043	-6.6587204933167
3	24878	1.589989619216	-3.4420363903046
3	24885	1.590921156152	-5.6595120429993
3	24892	1.59100980296	-5.7974109649658
3	24905	1.591913821688	-4.657986164093
3	24909	1.592053623505	-6.7179780006409
3	24916	1.592946052666	-6.1707901954651
3	24920	1.593074656092	-7.5061507225037
3	24936	1.593975270381	-4.1048216819763
3	24940	1.594096328094	-5.4585251808167
3	24950	1.595003996027	-5.3649492263794
3	24954	1.595069722814	-6.7670350074768
3	24967	1.596020532847	-4.1104378700256
3	24971	1.596027168762	-5.4664402008057
3	24978	1.597029700382	-5.1318488121033
3	24982	1.597035398836	-5.0432667732239
3	24998	1.598000531988	-4.6363596916199
3	25002	1.598058539584	-6.2982597351074
3	25012	1.599035316548	-5.8807668685913
3	25016	1.599043477824	-4.4967198371887
3	25029	1.600047488419	-3.4488155841827
3	25033	1.600058672348	-7.2350168228149
3	25040	1.601001147535	-5.0100526809692
3	25044	1.601050773617	-3.5526809692383
3	25063	1.60195797192	-3.7356631755829
3	25067	1.602008510399	-6.0628509521484
3	25074	1.602986385175	-6.4205250740051
3	25078	1.603030185753	-5.3936681747437
3	25094	1.604027006876	-4.9622712135315
3	25098	1.604028899744	-7.5028734207153
3	25108	1.605004833949	-3.8378331661224
3	25112	1.605054579713	-5.4663925170898
3	25122	1.605958208946	-4.5437750816345
3	25129	1.606101182154	-3.9835014343262
3	25136	1.606960750501	-3.7763862609863
3	25143	1.607078910669	-4.2921681404114
3	25156	1.607939071493	-5.8365411758423
3	25160	1.608053970575	-4.2401885986328
3	25167	1.60889605183	-4.1791014671326
3	25171	1.609029925832	-7.3637957572937
3	25187	1.609860214681	-4.7677292823792
3	25191	1.61001101581	-4.3260831832886
3	25198	1.610875055564	-4.65008020401
3	25202	1.611026811955	-3.9328379631042
3	25218	1.611865894588	-9.6173810958862
3	25222	1.612073642881	-6.6402816772461
3	25226	1.612843379365	-3.9950428009033
3	25236	1.613072741673	-7.7381954193115
3	25249	1.613849023103	-3.3970527648926
3	25253	1.614115099042	-5.2123365402222
3	25260	1.614869257079	-7.4013953208923
3	25267	1.615116579028	-5.9022245407104
3	25280	1.615882741941	-4.5908184051514
3	25284	1.616079725354	-5.4700708389282
3	25294	1.616848653915	-7.1721887588501
3	25298	1.617032832868	-4.3864903450012
3	25311	1.617827221298	-4.2693510055542
3	25315	1.617999169014	-5.921986579895
3	25322	1.61881642784	-5.6190662384033
3	25329	1.618986610079	-7.2900619506836
3	25342	1.619816403815	-4.7708411216736
3	25346	1.620027002942	-2.5343682765961
3	25356	1.620847698506	-3.9245467185974
3	25360	1.621034079148	-4.2473363876343
3	25376	1.621864358962	-6.1391496658325
3	25380	1.622003865744	-5.4623017311096
3	25387	1.622823160401	-4.3923754692078
3	25394	1.62300956244	-6.9946179389954
3	25407	1.623829600438	-5.453742980957
3	25411	1.623966023062	-4.5166716575623
3	25418	1.624796835285	-5.9588146209717
3	25422	1.624954128388	-4.8395934104919
3	25435	1.625833803866	-7.7794532775879
3	25442	1.625999454303	-6.752673625946
3	25449	1.626863713322	-2.0956931114197
3	25456	1.626981899425	-5.12424659729
3	25466	1.627834638276	-7.0307860374451
3	25470	1.627997993297	-7.5463428497314
3	25480	1.628821867092	-4.9419507980347
3	25487	1.629007198888	-5.9628582000732
3	25494	1.629787551536	-3.1175231933594
3	25501	1.629988186657	-8.0397253036499
3	25511	1.630828407889	-7.1834225654602
3	25518	1.630951275923	-4.6036429405212
3	25525	1.631792806256	-7.3439059257507
3	25532	1.631904532607	-4.1182398796082
3	25545	1.632792342402	-8.0840997695923
3	25549	1.632942432612	-4.0699157714844
3	25556	1.633803866065	-5.028781414032
3	25563	1.633989790518	-3.5981392860413
3	25573	1.634831957947	-6.9988050460815
3	25580	1.634966766864	-7.5242381095886
3	25587	1.635837524481	-4.9050245285034
3	25591	1.635988305801	-4.6505694389343
3	25607	1.636810740689	-10.953258514404
3	25611	1.636980413765	-6.5924696922302
3	25618	1.637805048191	-4.44407081604
3	25622	1.637982919126	-8.0250635147095
3	25635	1.638801195786	-5.2781019210815
3	25642	1.638999336618	-5.2711291313171
3	25649	1.63978912082	-7.2349300384521
3	25653	1.639987588015	-5.0053462982178
3	25666	1.640757545886	-5.9611296653748
3	25673	1.640952380428	-5.5500202178955
3	25680	1.641757267583	-5.6962594985962
3	25684	1.641929461134	-4.5932993888855
3	25700	1.642802011923	-6.4052624702454
3	25707	1.642887610647	-5.043200969696
3	25714	1.64376324057	-3.5784754753113
3	25718	1.643917723589	-6.8042802810669
3	25731	1.644801859853	-3.0729193687439
3	25735	1.644908574604	-4.5655274391174
3	25745	1.645823493351	-3.7443091869354
3	25752	1.645911431752	-4.0038423538208
3	25762	1.646831813189	-4.824113368988
3	25766	1.646906758827	-6.3215928077698
3	25779	1.647872233987	-3.2470834255219
3	25783	1.647923010421	-5.0178747177124
3	25793	1.648861465461	-3.868887424469
3	25797	1.64895871942	-5.5905499458313
3	25810	1.649832404287	-4.2775049209595
3	25814	1.649977508711	-3.4287598133087
3	25824	1.650796366264	-4.604546546936
3	25828	1.650933690418	-7.0121359825134
3	25841	1.651770152751	-5.882821559906
3	25845	1.651947709916	-5.0067186355591
3	25855	1.652744104559	-6.3545136451721
3	25859	1.652933228922	-6.6463804244995
3	25872	1.65374075684	-5.6264743804932
3	25876	1.653934064707	-5.7637867927551
3	25886	1.654785779385	-7.9995427131653
3	25890	1.654976590285	-5.9341220855713
3	25903	1.655803964406	-6.8990325927734
3	25907	1.655951931755	-4.7070989608765
3	25917	1.656789860554	-3.8069622516632
3	25921	1.656914904897	-2.6393778324127
3	25934	1.657799560144	-4.7835559844971
3	25938	1.657885324335	-7.8113484382629
3	25948	1.658786419054	-3.286105632782
3	25952	1.658934801509	-4.5424146652222
3	25965	1.659782457045	-4.7859301567078
3	25972	1.659888776379	-8.0992059707642
3	25979	1.660786290355	-3.3418345451355
3	25983	1.660922795012	-5.2609066963196
3	25999	1.661764349042	-6.6095957756042
3	26003	1.661936113205	-5.7767233848572
3	26013	1.662749528785	-2.9830148220062
3	26017	1.662956209547	-5.5710124969482
3	26030	1.663777597376	-7.6777400970459
3	26040	1.663996939869	-6.0021691322327
3	26044	1.664827544667	-9.0825729370117
3	26048	1.665011314485	-4.7187914848328
3	26061	1.665811338246	-3.9598886966705
3	26071	1.66596885919	-8.2484617233276
3	26075	1.666815303955	-4.0288944244385
3	26079	1.66700462697	-4.8694109916687
3	26098	1.667802344591	-3.8999290466309
3	26102	1.667997608012	-9.0091686248779
3	26106	1.668764252551	-3.9019341468811
3	26110	1.669047271479	-5.98091173172
3	26129	1.669806584418	-5.4423532485962
3	26133	1.670068261614	-3.8655099868774
3	26137	1.670760338344	-6.1972923278809
3	26141	1.671054951434	-4.3096280097961
3	26157	1.671799651314	-5.56298828125
3	26164	1.672098856815	-4.3302183151245
3	26168	1.672841190309	-5.5740990638733
3	26175	1.673123114504	-7.956627368927
3	26191	1.673874127145	-6.7475872039795
3	26195	1.674157455675	-5.9605212211609
3	26199	1.674847712542	-12.028726577759
3	26206	1.675132218852	-7.3748054504395
3	26222	1.675828471868	-3.8250553607941
3	26226	1.676117739259	-7.6353907585144
3	26230	1.676866423459	-6.9534621238708
3	26234	1.677092107446	-5.1907515525818
3	26253	1.677901590644	-3.782623052597
3	26257	1.678117222564	-6.9534950256348
3	26261	1.678946628811	-5.4646625518799
3	26265	1.679072475709	-7.0391521453857
3	26284	1.679963495936	-6.8435225486755
3	26288	1.680023517573	-6.7369794845581
3	26292	1.680997490166	-4.1112036705017
3	26296	1.681036623441	-6.927508354187
3	26318	1.681995635721	-5.7889475822449
3	26322	1.682011782367	-3.2152700424194
3	26326	1.682968320702	-3.4931192398071
3	26330	1.682991826747	-6.2400979995728
3	26349	1.683929408441	-5.3264389038086
3	26353	1.683977833903	-6.9002065658569
3	26357	1.684931439482	-4.9138436317444
3	26361	1.684975994162	-6.2096118927002
3	26380	1.685917969036	-9.3004684448242
3	26384	1.686003002174	-5.649395942688
3	26388	1.686910898141	-4.1824288368225
3	26392	1.687052292271	-7.4347448348999
3	26411	1.687930382092	-3.9488003253937
3	26415	1.688064538158	-6.03475522995
3	26419	1.688934457418	-5.3767561912537
3	26423	1.689014951088	-6.2282285690308
3	26442	1.689935500115	-5.6324257850647
3	26446	1.690062746857	-5.5310039520264
3	26450	1.690909553105	-6.9108729362488
3	26454	1.691038428988	-6.2140393257141
3	26473	1.691934528547	-5.6915674209595
3	26477	1.692056496028	-6.6417956352234
3	26481	1.692975946238	-7.4292979240417
3	26488	1.693080913595	-11.025957107544
3	26504	1.693991830863	-3.6087892055511
3	26508	1.694034946369	-4.7666020393372
3	26515	1.694988518133	-4.9381637573242
3	26519	1.695029031151	-5.2642698287964
3	26535	1.695945552532	-5.3311471939087
3	26539	1.696063237105	-4.1217856407166
3	26546	1.696951585045	-6.5291709899902
3	26550	1.697038885666	-7.4434199333191
3	26566	1.697960943187	-5.226625919342
3	26570	1.69803204667	-5.2949900627136
3	26577	1.698916945701	-3.5669586658478
3	26581	1.699024298638	-7.2575449943542
3	26597	1.699891153189	-7.7371592521667
3	26601	1.700002088201	-5.2332825660706
3	26608	1.70093151842	-10.471483230591
3	26612	1.700976418882	-6.0240640640259
3	26631	1.7019683832	-8.1978340148926
3	26635	1.701971495742	-5.9940557479858
3	26642	1.702997446097	-4.5012011528015
3	26646	1.703005924295	-6.1135101318359
3	26662	1.703968792923	-5.2711505889893
3	26666	1.703995483676	-6.382164478302
3	26673	1.704943091109	-5.2372159957886
3	26677	1.705042806193	-4.3647680282593
3	26690	1.705916300702	-5.246328830719
3	26697	1.706069517271	-6.154088973999
3	26704	1.706896345164	-8.9146432876587
3	26708	1.707075713925	-7.2385630607605
3	26721	1.707868837197	-6.1986856460571
3	26728	1.708078205586	-7.6687774658203
3	26735	1.708911863812	-6.2903690338135
3	26739	1.709054568057	-6.7765002250671
3	26752	1.709891317833	-5.4970259666443
3	26759	1.71004959223	-4.223895072937
3	26766	1.710864746873	-3.794017791748
3	26770	1.711047744402	-6.2412629127502
3	26783	1.711889548745	-4.5926413536072
3	26790	1.712082011907	-7.750789642334
3	26797	1.71293187055	-5.9806895256042
3	26801	1.713043852818	-5.3456807136536
3	26814	1.713913998205	-5.0079245567322
3	26818	1.714002673402	-5.0216326713562
3	26828	1.714937342107	-6.0016832351685
3	26832	1.714981515943	-4.6146059036255
3	26845	1.715932214313	-5.6291913986206
3	26849	1.715963217457	-7.5321002006531
3	26859	1.716904071893	-4.9236559867859
3	26863	1.716931450093	-7.4151844978333
3	26876	1.717904324991	-6.5780582427979
3	26880	1.717955123905	-7.3324160575867
3	26890	1.718915112703	-4.7980842590332
3	26894	1.718990461927	-4.8898010253906
3	26904	1.719881366475	-6.6913709640503
3	26911	1.720013336516	-3.7345020771027
3	26921	1.720887051794	-3.9416942596436
3	26928	1.720984961582	-4.4279074668884
3	26938	1.721865913782	-5.5376319885254
3	26945	1.721988051495	-7.8058881759644
3	26958	1.722871975141	-5.453221321106
3	26962	1.722998164574	-5.1760621070862
3	26969	1.723846292146	-11.172359466553
3	26976	1.724024163753	-4.6590352058411
3	26989	1.72488586262	-3.8654193878174
3	26996	1.725044334299	-3.9967806339264
3	27003	1.725865574284	-4.7491364479065
3	27007	1.726006391992	-5.8777866363525
3	27020	1.726847119975	-3.2350294589996
3	27027	1.726986614193	-7.4022145271301
3	27034	1.727892628908	-4.5764927864075
3	27038	1.727958667033	-6.8238644599915
3	27051	1.728882805427	-4.3127436637878
3	27058	1.728915353621	-5.1937885284424
3	27065	1.729847536172	-3.8172838687897
3	27069	1.729905070028	-5.0615377426147
3	27082	1.730832222593	-5.4205708503723
3	27086	1.730935674641	-4.4155735969543
3	27096	1.731813178895	-6.8804965019226
3	27100	1.731980046923	-3.6102814674377
3	27110	1.732797431303	-5.4799752235413
3	27120	1.73295758572	-7.7287230491638
3	27127	1.733764514223	-4.4795513153076
3	27131	1.73394322	-6.2687306404114
3	27141	1.734796993708	-3.779806137085
3	27148	1.73491762814	-7.5096650123596
3	27158	1.735843733763	-4.3942375183105
3	27162	1.735931092163	-4.1321897506714
3	27172	1.736846967598	-5.5855832099915
3	27179	1.73695082253	-5.2726345062256
3	27189	1.737815442495	-4.0335178375244
3	27193	1.737948666976	-5.8976492881775
3	27206	1.738782695036	-5.257462978363
3	27210	1.738908413346	-3.2829561233521
3	27220	1.739735373895	-4.7501006126404
3	27224	1.739944669817	-4.9048442840576
3	27231	1.740762402879	-4.2040429115295
3	27241	1.740952649023	-2.6170766353607
3	27254	1.741810328796	-7.0265870094299
3	27258	1.741906372372	-6.2382664680481
3	27271	1.742853744338	-5.9240126609802
3	27275	1.742874838143	-8.1183586120605
3	27285	1.743834281558	-5.6891603469849
3	27289	1.743862036881	-5.171266078949
3	27299	1.744815209189	-6.3498592376709
3	27303	1.744853307083	-6.9988441467285
3	27316	1.7458465861	-4.6451306343079
3	27320	1.745853701836	-5.5943746566772
3	27333	1.746869035529	-3.7454783916473
3	27337	1.74689538371	-7.1901783943176
3	27347	1.747852783576	-4.6486082077026
3	27351	1.747879080912	-5.4177460670471
3	27364	1.748882750748	-6.8894872665405
3	27368	1.748894365286	-5.6878099441528
3	27378	1.749907623778	-5.8589773178101
3	27382	1.749916091206	-8.0691337585449
3	27397	1.750898546106	-4.4276371002197
3	27404	1.750955320146	-4.5408539772034
3	27411	1.751940798488	-4.1008234024048
3	27415	1.751975589818	-3.5633387565613
3	27428	1.752941600133	-5.3980932235718
3	27435	1.752980921392	-4.3772492408752
3	27442	1.753929365006	-3.9650237560272
3	27446	1.754013193898	-4.136203289032
3	27459	1.754938333382	-5.6183199882507
3	27463	1.75499597733	-6.7402334213257
3	27473	1.755892069144	-5.3568348884583
3	27477	1.756023746797	-5.3332085609436
3	27490	1.756934554251	-7.476167678833
3	27497	1.757057925972	-4.4603109359741
3	27504	1.757981844176	-4.0594763755798
3	27508	1.758058313399	-4.8871965408325
3	27524	1.758961969439	-4.3151316642761
3	27528	1.759072740428	-8.1947546005249
3	27535	1.759914073539	-5.067042350769
3	27539	1.760051636307	-5.3509798049927
3	27558	1.760915704864	-7.4031023979187
3	27562	1.761082943595	-5.6804585456848
3	27569	1.761921110127	-4.2235331535339
3	27573	1.762120332338	-5.1273093223572
3	27589	1.762898704476	-4.7799210548401
3	27593	1.763080983327	-5.3249387741089
3	27600	1.763918606591	-6.2901172637939
3	27604	1.764048622377	-4.0127177238464
3	27620	1.764894674725	-7.1094241142273
3	27624	1.765035175994	-6.7567796707153
3	27631	1.765940866329	-6.9158296585083
3	27635	1.766083420631	-5.1808648109436
3	27651	1.766906985129	-6.3849053382874
3	27655	1.767095241011	-6.8650674819946
3	27662	1.767925624871	-9.4923934936523
3	27666	1.76804939869	-5.2312622070312
3	27679	1.768926531168	-5.1682109832764
3	27686	1.769009227483	-5.2610268592834
3	27693	1.769916832911	-5.4082493782043
3	27697	1.769986361669	-4.8506193161011
3	27710	1.770945562651	-5.7956590652466
3	27714	1.770954645314	-5.1114845275879
3	27724	1.771962005541	-3.7617480754852
3	27728	1.771973441832	-4.9851922988892
3	27744	1.772924060434	-5.9755749702454
3	27748	1.772963557276	-5.8324012756348
3	27755	1.77394816671	-6.290988445282
3	27759	1.773950257714	-5.773277759552
3	27775	1.774924399849	-7.3375835418701
3	27779	1.774934418361	-10.45858669281
3	27786	1.775942298269	-10.086721420288
3	27790	1.7759469521	-4.6847424507141
3	27806	1.776925062755	-5.0789613723755
3	27810	1.776937325437	-7.7987656593323
3	27817	1.77789413078	-6.9134774208069
3	27821	1.777914381999	-6.4210929870605
3	27834	1.778863548647	-4.8972654342651
3	27838	1.778885719874	-3.9999139308929
3	27851	1.779860220454	-6.3360543251038
3	27855	1.779867761432	-4.4628281593323
3	27865	1.780828667341	-5.6744666099548
3	27869	1.780875575992	-7.0785760879517
3	27879	1.781834369162	-3.9115030765533
3	27883	1.781900787024	-5.4537053108215
3	27899	1.782837917327	-3.4650840759277
3	27903	1.782854001796	-3.2363197803497
3	27913	1.783814529589	-3.8338108062744
3	27917	1.783838021118	-8.1783485412598
3	27927	1.784796233105	-3.4669942855835
3	27934	1.784829715607	-5.1908173561096
3	27944	1.785759487434	-4.0830097198486
3	27948	1.785793555147	-5.4060368537903
3	27961	1.786726334006	-4.5856504440308
3	27965	1.786789483553	-5.5463042259216
3	27975	1.787720788628	-6.1447296142578
3	27979	1.787777684533	-8.1022462844849
3	27992	1.788766913733	-4.754894733429
3	27996	1.788813538732	-4.3189544677734
3	28009	1.789774881824	-7.0603723526001
3	28013	1.78978213801	-5.7703428268433
3	28023	1.790751796398	-3.4244403839111
3	28027	1.790779747287	-3.5626735687256
3	28037	1.791735308823	-6.9733800888062
3	28041	1.791736778533	-4.0652546882629
3	28054	1.792716047012	-4.7627449035645
3	28058	1.792721945551	-6.0626554489136
3	28071	1.793682915529	-4.2686452865601
3	28075	1.793761435877	-8.9396190643311
3	28082	1.794683541607	-4.8459005355835
3	28089	1.794763240335	-5.7815036773682
3	28099	1.79570653136	-6.1646523475647
3	28103	1.795754229336	-5.9034690856934
3	28116	1.79667030904	-6.0528268814087
3	28120	1.796743107273	-5.5025844573975
3	28133	1.79766968336	-9.3680171966553
3	28137	1.797742065032	-5.4079523086548
3	28144	1.798700478338	-3.2118813991547
3	28148	1.798704586558	-6.1716685295105
3	28164	1.799719788517	-12.108763694763
3	28168	1.799720644806	-5.4799337387085
3	28175	1.800689159225	-3.7409996986389
3	28179	1.800735620423	-5.5224137306213
3	28195	1.801647918691	-4.563467502594
3	28199	1.801716048366	-6.444516658783
3	28209	1.802687477386	-6.2847990989685
3	28213	1.802693391355	-6.7657694816589
3	28226	1.803673452874	-5.5273509025574
3	28230	1.803675047442	-5.3151688575745
3	28240	1.80468766132	-5.0826869010925
3	28244	1.804706670184	-6.3032855987549
3	28257	1.805646789953	-5.2717981338501
3	28261	1.805754036416	-7.5097303390503
3	28271	1.806669860427	-5.6750564575195
3	28278	1.806761221399	-4.0096426010132
3	28288	1.807668825734	-6.1152815818787
3	28292	1.80779575607	-6.993757724762
3	28302	1.808624170995	-3.8320400714874
3	28309	1.808821054052	-6.3855152130127
3	28319	1.80962411154	-3.4314208030701
3	28326	1.809849268713	-5.7181911468506
3	28333	1.8105993911	-4.8787531852722
3	28340	1.810809595604	-6.0652356147766
3	28350	1.811626845365	-4.4549059867859
3	28357	1.811784690038	-4.7408094406128
3	28364	1.812594962015	-5.5270500183105
3	28371	1.812756750061	-6.6790175437927
3	28384	1.813592109198	-6.1141476631165
3	28388	1.813738266104	-3.6410324573517
3	28395	1.814563185796	-4.3268985748291
3	28402	1.814696495091	-8.9959125518799
3	28412	1.815527698328	-5.2839660644531
3	28416	1.81567612228	-5.4465627670288
3	28426	1.816507465289	-5.8745064735413
3	28430	1.816633582897	-6.8708553314209
3	28443	1.81747449682	-3.758549451828
3	28447	1.81760832241	-6.5586996078491
3	28457	1.818458718602	-6.3477001190186
3	28461	1.818578126535	-5.6234164237976
3	28474	1.819459486869	-8.4567804336548
3	28478	1.819576314961	-5.628457069397
3	28488	1.820506164734	-7.728244304657
3	28492	1.820537946144	-6.9442729949951
3	28508	1.821491893278	-6.2557454109192
3	28512	1.821533262289	-4.4337487220764
3	28522	1.822480039865	-5.427077293396
3	28526	1.822562642074	-7.5584778785706
3	28539	1.823461059001	-5.0846529006958
3	28543	1.823610302062	-6.4890809059143
3	28553	1.824454512949	-3.0011329650879
3	28557	1.82460477182	-5.802586555481
3	28570	1.825486682668	-5.1198663711548
3	28574	1.825643119272	-6.9023804664612
3	28584	1.826474683546	-6.1530299186707
3	28588	1.826681982901	-5.6660299301147
3	28598	1.827447514757	-9.5557565689087
3	28605	1.827701977333	-4.3331069946289
3	28615	1.828413195144	-2.9232263565063
3	28619	1.828658456794	-6.1483769416809
3	28629	1.829408810099	-4.9372382164001
3	28633	1.829643522246	-5.8473420143127
3	28646	1.830416578996	-8.7804660797119
3	28650	1.830684828497	-8.3244848251343
3	28660	1.831432443058	-8.7537508010864
3	28667	1.831668023721	-4.5650248527527
3	28677	1.832465753564	-5.7477688789368
3	28681	1.832658316906	-5.5607867240906
3	28688	1.833464800292	-6.4895915985107
3	28698	1.833693244131	-6.0110216140747
3	28708	1.834421746064	-2.4752974510193
3	28712	1.834660814693	-2.4450664520264
3	28722	1.835404099812	-6.8002681732178
3	28729	1.835697008902	-3.4153914451599
3	28739	1.836401551657	-3.6746995449066
3	28743	1.836667395261	-7.1143116950989
3	28753	1.837391106749	-7.8867273330688
3	28763	1.837641545469	-7.4814648628235
3	28770	1.838353144843	-5.8428840637207
3	28774	1.83865838435	-4.144543170929
3	28781	1.839303586407	-4.7770667076111
3	28794	1.839673924987	-7.007905960083
3	28798	1.840275163961	-4.0966429710388
3	28805	1.840673028776	-5.8896074295044
3	28812	1.841276515694	-5.9499826431274
3	28828	1.841625238165	-5.2530374526978
3	28832	1.842302263794	-5.4617929458618
3	28839	1.842609629608	-6.5685377120972
3	28852	1.843350402584	-7.9891104698181
3	28856	1.843582065523	-4.5701861381531
3	28863	1.844359141241	-5.7132391929626
3	28870	1.844581402663	-8.3615007400513
3	28880	1.84540441686	-6.7808022499084
3	28887	1.845541109201	-5.5883049964905
3	28897	1.846436182587	-8.8534297943115
3	28901	1.846530504462	-6.2796516418457
3	28911	1.847480545451	-3.8037765026093
3	28915	1.84750810088	-4.6498918533325
3	28928	1.848495028466	-5.6933007240295
3	28932	1.84850767811	-8.269434928894
3	28942	1.849478733674	-5.8826861381531
3	28946	1.849500712676	-6.6450448036194
3	28959	1.850442449833	-4.2905311584473
3	28963	1.850506301218	-8.7831172943115
3	28973	1.851420345934	-6.2793483734131
3	28977	1.851544187903	-6.4771914482117
3	28990	1.852453795698	-4.4590930938721
3	28994	1.852552609269	-5.6861863136292
3	29004	1.853415319117	-3.8232009410858
3	29008	1.85357354927	-5.5703139305115
3	29018	1.85437540692	-4.2499270439148
3	29025	1.854597368482	-4.7897915840149
3	29032	1.855330765073	-4.6041417121887
3	29039	1.855599434305	-5.353452205658
3	29049	1.856335590676	-5.1306900978088
3	29056	1.856635751574	-7.511293888092
3	29063	1.857291552889	-6.034975528717
3	29073	1.857643946864	-5.5080995559692
3	29080	1.85831376498	-5.9873127937317
3	29090	1.858645406217	-6.3025674819946
3	29094	1.859297057256	-3.8548450469971
3	29104	1.859672929876	-5.1857986450195
3	29114	1.860303093344	-6.6785225868225
3	29121	1.860651430572	-5.6175479888916
3	29125	1.861316182387	-5.5992403030396
3	29138	1.861663431707	-5.199761390686
3	29145	1.862297515666	-9.416069984436
3	29155	1.86269228377	-6.022385597229
3	29162	1.863283441736	-5.7621169090271
3	29169	1.863707435282	-5.0233998298645
3	29182	1.86430127822	-5.3463177680969
3	29186	1.86468774814	-5.8183927536011
3	29196	1.865278602542	-4.993362903595
3	29200	1.865674947273	-6.8675785064697
3	29213	1.866326101793	-5.0849232673645
3	29217	1.866722266459	-3.8192458152771
3	29227	1.867287762356	-5.8281693458557
3	29231	1.867693203019	-8.0820798873901
3	29244	1.868278516486	-4.9687566757202
3	29248	1.868729747965	-9.3270530700684
3	29255	1.869320167693	-4.4029035568237
3	29262	1.869751051814	-4.3531012535095
3	29272	1.8702932853	-5.5079054832458
3	29279	1.870702155833	-6.5379090309143
3	29286	1.871298006468	-5.3727741241455
3	29293	1.871667302447	-7.3002820014954
3	29300	1.872263628693	-4.6597638130188
3	29313	1.872654874353	-3.9413936138153
3	29317	1.873232778041	-4.3464560508728
3	29324	1.873641857211	-4.4664607048035
3	29331	1.874262907528	-6.289571762085
3	29344	1.874644177052	-5.7347655296326
3	29351	1.875264246158	-5.4663233757019
3	29355	1.875619369384	-5.8830552101135
3	29365	1.876283401342	-4.1926436424255
3	29375	1.876582152458	-7.445216178894
3	29382	1.877234674712	-4.8134765625
3	29386	1.877552595636	-6.8589296340942
3	29399	1.878260964008	-7.431752204895
3	29406	1.878509603858	-4.2169418334961
3	29413	1.879294034059	-7.3608117103577
3	29417	1.879558142278	-2.4819695949554
3	29430	1.88033703719	-6.4635944366455
3	29440	1.880571060913	-4.3364858627319
3	29447	1.881375381017	-7.8616480827332
3	29451	1.881581030059	-6.2935943603516
3	29464	1.882396705461	-4.2445287704468
3	29471	1.882547181712	-6.3688364028931
3	29478	1.883396433687	-5.9542045593262
3	29482	1.883541070079	-4.849534034729
3	29498	1.884378890121	-5.878671169281
3	29502	1.88452141467	-4.8237075805664
3	29506	1.885355922941	-3.473296880722
3	29513	1.885544290869	-3.3742756843567
3	29529	1.886400879316	-4.5976767539978
3	29533	1.886542922443	-7.8994574546814
3	29537	1.887447964211	-5.9441905021667
3	29544	1.887505341169	-6.2932567596436
3	29560	1.888456544142	-4.9705424308777
3	29564	1.888533597097	-7.3879141807556
3	29571	1.889488374304	-4.9105243682861
3	29575	1.88949749469	-7.6983594894409
3	29591	1.890453743234	-3.6759250164032
3	29595	1.89050586479	-9.2763023376465
3	29602	1.89149051238	-9.8452215194702
3	29606	1.891553208901	-9.961784362793
3	29622	1.892470052308	-6.4900007247925
3	29626	1.892542288381	-4.308723449707
3	29633	1.893507701262	-5.3659286499023
3	29637	1.8935248033	-5.7931480407715
3	29653	1.894508658705	-5.3919310569763
3	29657	1.89455476641	-5.641704082489
3	29664	1.895488799088	-5.0186896324158
3	29668	1.895534590771	-4.2848873138428
3	29684	1.896510951248	-4.4374527931213
3	29688	1.896566160027	-4.4343237876892
3	29695	1.897479786167	-5.4438862800598
3	29699	1.89752640101	-9.6444292068481
3	29715	1.898505484459	-4.5032553672791
3	29719	1.89853378742	-5.3477177619934
3	29726	1.899523058763	-7.1604218482971
3	29730	1.899533083277	-6.7737073898315
3	29749	1.90049550605	-5.5186095237732
3	29753	1.900560720634	-6.4768280982971
3	29760	1.901485218434	-3.3760359287262
3	29764	1.901544420273	-4.6240854263306
3	29774	1.902488019539	-5.8985872268677
3	29778	1.902548541345	-6.5504069328308
3	29791	1.903490158397	-5.971941947937
3	29795	1.903546673312	-6.0157284736633
3	29811	1.904515822763	-7.1362252235413
3	29815	1.904594941517	-5.9281063079834
3	29822	1.905545278762	-9.3039350509644
3	29826	1.905586118778	-5.1135320663452
3	29842	1.906585794635	-5.5789957046509
3	29846	1.906608611426	-7.8437385559082
3	29856	1.907580213654	-5.293957233429
3	29860	1.907594119549	-5.9556307792664
3	29870	1.908531067898	-7.2845058441162
3	29874	1.908613517343	-5.9199957847595
3	29884	1.909550223916	-5.6650986671448
3	29891	1.909636766798	-7.2519068717957
3	29904	1.910584059325	-5.6562561988831
3	29908	1.910654277607	-4.4742865562439
3	29912	1.911555690194	-4.0424013137817
3	29919	1.911673374532	-6.3817625045776
3	29932	1.912598006312	-5.5329370498657
3	29939	1.91266052565	-5.9485416412354
3	29946	1.913592470924	-6.6564030647278
3	29950	1.913690520939	-5.2351264953613
3	29966	1.91462295478	-6.5219821929932
3	29970	1.914665565642	-4.963285446167
3	29980	1.915645558425	-4.5327739715576
3	29984	1.91566734384	-4.438994884491
3	29994	1.91663208017	-5.181734085083
3	29998	1.916651956328	-7.427885055542
3	30008	1.917608245086	-6.5732669830322
3	30012	1.917619542976	-3.4024775028229
3	30025	1.918610743207	-11.66695022583
3	30029	1.918611504436	-5.0722637176514
3	30039	1.919593335187	-3.9344758987427
3	30043	1.919625973206	-8.6072330474854
3	30056	1.920588651567	-7.1433019638062
3	30060	1.920642449433	-7.2681398391724
3	30073	1.921574225319	-6.8247570991516
3	30077	1.921653317812	-7.1814098358154
3	30090	1.922588252195	-5.7324728965759
3	30094	1.922684978991	-8.8345069885254
3	30104	1.923635681472	-6.552460193634
3	30108	1.923669954994	-5.6888465881348
3	30121	1.924588344976	-4.8487782478333
3	30125	1.924632881486	-5.08633852005
3	30135	1.925601224158	-7.0684657096863
3	30139	1.925615339235	-4.9265418052673
3	30152	1.926607675203	-5.3869128227234
3	30156	1.926607682408	-6.5560731887817
3	30172	1.927606302908	-7.0919528007507
3	30176	1.927640949297	-7.1054844856262
3	30183	1.928602135591	-5.3118743896484
3	30187	1.928640113259	-6.0525388717651
3	30203	1.929625686937	-5.251175403595
3	30207	1.929630154055	-5.604434967041
3	30214	1.930601393828	-9.7461271286011
3	30218	1.930612149759	-5.3937454223633
3	30234	1.931601628223	-6.1950507164001
3	30238	1.931612161124	-8.4940395355225
3	30245	1.932576078319	-4.1668086051941
3	30249	1.932633929181	-6.3874597549438
3	30265	1.933600264602	-5.3820118904114
3	30269	1.93364968218	-5.6823792457581
3	30276	1.934593678086	-4.7379517555237
3	30280	1.934662657835	-6.397168636322
3	30296	1.93557189315	-4.148280620575
3	30300	1.935682315227	-4.1055469512939
3	30307	1.936584575824	-5.6789593696594
3	30311	1.9366799607	-4.6491932868958
3	30321	1.937553076057	-2.6177277565002
3	30334	1.937699581949	-5.019006729126
3	30338	1.938519349265	-3.1549386978149
3	30342	1.938705007636	-5.457866191864
3	30355	1.939514810676	-7.2868576049805
3	30365	1.939711363142	-4.6952309608459
3	30369	1.940476672362	-4.8025403022766
3	30373	1.940736373698	-4.3212890625
3	30392	1.941516504508	-9.7263059616089
3	30396	1.941690455436	-4.5320229530334
3	30403	1.942531062965	-4.5192642211914
3	30407	1.942671834814	-5.5789594650269
3	30426	1.943560089302	-6.0861411094666
3	30430	1.943657459466	-4.1530928611755
3	30434	1.944546980583	-8.2855310440063
3	30438	1.94461095158	-8.1894025802612
3	30451	1.945566037998	-4.7670969963074
3	30461	1.945610175584	-4.1199479103088
3	30465	1.946542277469	-5.7125225067139
3	30469	1.946655480412	-8.1395740509033
3	30488	1.94758577322	-4.6853160858154
3	30492	1.947617774453	-7.2874765396118
3	30496	1.948569570496	-6.6569972038269
3	30500	1.948577229141	-5.0050344467163
3	30519	1.949547274285	-6.3070759773254
3	30523	1.949613860743	-6.2834239006042
3	30527	1.95050135823	-6.3486280441284
3	30531	1.950577481648	-7.7240614891052
3	30547	1.951483057272	-6.3947172164917
3	30554	1.951591736941	-2.9750583171844
3	30558	1.952525974488	-7.7726578712463
3	30562	1.952638389108	-5.0939202308655
3	30578	1.953499639543	-6.9437260627747
3	30585	1.95361003632	-7.2885141372681
3	30589	1.9544903104	-3.8730192184448
3	30593	1.954658735895	-3.8181428909302
3	30609	1.955516401175	-5.4007344245911
3	30613	1.955623633272	-5.3346848487854
3	30620	1.956525242317	-6.442723274231
3	30624	1.956662902607	-6.204888343811
3	30640	1.957544325456	-7.1322073936462
3	30644	1.957681497662	-6.94455909729
3	30651	1.958519938052	-5.9200978279114
3	30655	1.958658222997	-4.4627132415771
3	30668	1.959507364849	-5.1183295249939
3	30675	1.959644331375	-4.455596446991
3	30682	1.960552291003	-5.3578219413757
3	30686	1.960659549029	-3.6676318645477
3	30702	1.961527569049	-3.4104478359222
3	30709	1.961694303549	-4.3480396270752
3	30716	1.962532925904	-3.9619131088257
3	30720	1.962724242576	-5.0002775192261
3	30730	1.96349896401	-3.4321310520172
3	30740	1.963758767208	-6.2132368087769
3	30747	1.964494284579	-6.6195149421692
3	30754	1.964781018641	-4.0004405975342
3	30764	1.965517296061	-3.680445432663
3	30774	1.965759533507	-4.4669280052185
3	30778	1.966548160819	-5.2226366996765
3	30785	1.966785051564	-8.0847387313843
3	30795	1.967556608322	-3.2746074199677
3	30805	1.967790440404	-6.430525302887
3	30809	1.96859775076	-5.019519329071
3	30819	1.96877889617	-5.1194109916687
3	30829	1.969615408351	-6.6420993804932
3	30836	1.969807513421	-9.1101112365723
3	30840	1.970593309134	-5.2630367279053
3	30850	1.970821752259	-6.0031676292419
3	30857	1.971621001306	-5.494854927063
3	30864	1.971802338533	-5.5515975952148
3	30871	1.97259459264	-6.6303267478943
3	30878	1.972757416664	-5.1584701538086
3	30888	1.973553255523	-7.6518731117249
3	30898	1.973780082737	-8.9375419616699
3	30902	1.974506698156	-4.5860795974731
3	30912	1.974809313054	-3.5502724647522
3	30919	1.975547298661	-7.9419541358948
3	30926	1.975787775692	-5.3722796440125
3	30933	1.976535860252	-6.5860023498535
3	30937	1.97677337775	-7.2536969184875
3	30950	1.977546499318	-5.0657362937927
3	30957	1.977778253859	-5.59330701828
3	30964	1.978511514479	-3.7581310272217
3	30968	1.978732130353	-6.0051579475403
3	30978	1.979466399767	-4.6109309196472
3	30988	1.979764619248	-6.2834343910217
3	30995	1.980514167639	-6.0185694694519
3	30999	1.980797027126	-7.0907254219055
3	31015	1.981475229905	-8.5606136322021
3	31022	1.981766788191	-5.2630386352539
3	31029	1.982520014228	-4.9691371917725
3	31033	1.982747182564	-6.3524322509766
3	31046	1.983487029698	-6.3575196266174
3	31053	1.983724903709	-7.9597601890564
3	31060	1.984494792104	-3.1817018985748
3	31064	1.984746242112	-5.787627696991
3	31077	1.985448194616	-5.2723574638367
3	31084	1.985701855836	-2.0927875041962
3	31091	1.986450090154	-5.6787619590759
3	31095	1.986660046684	-4.3635787963867
3	31108	1.98746173185	-5.5451598167419
3	31112	1.987653268362	-5.8832883834839
3	31122	1.988498075202	-3.3671653270721
3	31126	1.988699775358	-4.7248425483704
3	31139	1.989537557647	-6.2641124725342
3	31146	1.989658336501	-8.8988361358643
3	31153	1.990502419971	-5.4930181503296
3	31157	1.990696659761	-9.1175918579102
3	31170	1.991524387079	-4.8422703742981
3	31177	1.991689822346	-6.9561638832092
3	31184	1.992497606909	-4.4020328521729
3	31188	1.992733596753	-4.9626245498657
3	31201	1.993453527067	-2.1230497360229
3	31208	1.993710537621	-7.0055947303772
3	31215	1.994488383347	-2.2072904109955
3	31219	1.99468297615	-4.5097527503967
3	31232	1.995523778308	-3.9948422908783
3	31239	1.995636919555	-9.207612991333
3	31246	1.996551608834	-4.1858601570129
3	31250	1.996631878086	-4.0686144828796
3	31263	1.997586148344	-8.4953842163086
3	31267	1.997651199331	-6.897554397583
3	31277	1.998616411946	-5.9209027290344
3	31281	1.998622699128	-6.0852422714233
3	31294	1.999626431766	-5.1866173744202
3	31298	1.999647572585	-9.0441579818726
3	31310	2.000621431716	-3.4848930835724
3	31314	2.000657706043	-6.1427583694458
3	31330	2.001614527491	-5.744074344635
3	31334	2.00167829357	-4.2340497970581
3	31344	2.002596868332	-7.1988139152527
3	31348	2.002696521565	-3.1938524246216
3	31355	2.003585289231	-3.3570656776428
3	31359	2.003697849643	-6.3012461662292
3	31375	2.004596695487	-7.3159832954407
3	31379	2.004668247639	-7.9242706298828
3	31386	2.00556077996	-8.0452127456665
3	31396	2.005701039461	-4.5748529434204
3	31406	2.006568415019	-4.228138923645
3	31410	2.006660626391	-4.5139527320862
3	31423	2.007583959659	-7.1777172088623
3	31427	2.007677445846	-4.8789501190186
3	31437	2.008582083355	-4.7905511856079
3	31441	2.008723869593	-5.6446003913879
3	31451	2.009584935787	-6.4252920150757
3	31458	2.009717652204	-8.4941568374634
3	31468	2.010572899118	-5.017231464386
3	31472	2.010717762825	-5.3885827064514
3	31485	2.011581937301	-2.9773755073547
3	31489	2.011722115645	-5.2822728157043
3	31499	2.012587061626	-7.4255504608154
3	31503	2.012725645204	-8.6376371383667
3	31510	2.013539714939	-3.9277012348175
3	31520	2.013737566741	-6.3669610023499
3	31527	2.014570624171	-5.1362738609314
3	31534	2.014762915459	-5.1002678871155
3	31544	2.015546737293	-5.1899352073669
3	31548	2.015719938587	-8.058219909668
3	31558	2.016557721577	-2.7564473152161
3	31565	2.016676520397	-5.552996635437
3	31575	2.017582051574	-6.3387718200684
3	31579	2.017669410906	-10.27366065979
3	31589	2.01856826623	-3.5941109657288
3	31596	2.018655878892	-5.160035610199
3	31603	2.019610668176	-2.4293258190155
3	31610	2.019654089256	-10.84629535675
3	31620	2.020589521956	-4.0666275024414
3	31627	2.020687599885	-5.5593667030334
3	31640	2.021618571793	-5.9873514175415
3	31644	2.021708177823	-5.5081381797791
3	31657	2.022667983568	-6.5876727104187
3	31661	2.022741013556	-8.1021614074707
3	31671	2.023641044014	-5.9618091583252
3	31675	2.023698447265	-5.0465836524963
3	31685	2.024676009399	-5.8132634162903
3	31689	2.024706995124	-6.3229551315308
3	31702	2.025687251516	-4.7641339302063
3	31706	2.025720396683	-5.1074643135071
3	31719	2.026695321258	-6.9220681190491
3	31723	2.026763373927	-5.2800455093384
3	31733	2.027685664577	-6.0367255210876
3	31737	2.027805489059	-5.2517609596252
3	31747	2.028729651479	-5.2400674819946
3	31754	2.028844318869	-8.1616706848145
3	31764	2.029682414676	-8.587441444397
3	31768	2.029798041927	-3.6794421672821
3	31778	2.030716362001	-5.6081628799438
3	31782	2.030757110955	-5.1949791908264
3	31795	2.031688724986	-3.366119146347
3	31799	2.031795994929	-6.0984001159668
3	31809	2.032680974102	-4.6934032440186
3	31813	2.032826998494	-5.1866550445557
3	31826	2.03369714826	-6.7773604393005
3	31830	2.033849440285	-6.192352771759
3	31840	2.034722595015	-7.4441199302673
3	31844	2.034872780442	-6.0866150856018
3	31857	2.035706798707	-3.6881017684937
3	31861	2.035918740042	-5.630708694458
3	31871	2.036711390094	-6.7500686645508
3	31881	2.03691836749	-6.0162906646729
3	31888	2.037669677266	-4.7975144386292
3	31892	2.037953640932	-4.6200337409973
3	31902	2.038714479199	-6.6098985671997
3	31912	2.038963501976	-4.8823919296265
3	31919	2.039749557284	-4.8395290374756
3	31923	2.039989063462	-6.8498291969299
3	31933	2.040774066557	-6.0829381942749
3	31940	2.041013218319	-3.4337596893311
3	31953	2.041736785916	-3.0067086219788
3	31957	2.0420609914	-6.5717239379883
3	31967	2.042706215144	-4.0035519599915
3	31977	2.043067499771	-5.7076444625854
3	31984	2.043698102128	-4.6720242500305
3	31988	2.044079657356	-5.6977200508118
3	31998	2.044662240542	-6.0982036590576
3	32008	2.045064933463	-5.0533113479614
3	32015	2.045668423176	-5.4101529121399
3	32019	2.04611222913	-4.9079170227051
3	32029	2.046708511942	-4.68674659729
3	32039	2.047074445568	-4.6060013771057
3	32046	2.04771883092	-4.1402206420898
3	32050	2.048062043413	-6.9509129524231
3	32063	2.048728530005	-3.8906180858612
3	32067	2.049031310228	-7.375150680542
3	32077	2.049752378059	-4.0473003387451
3	32081	2.050048546272	-5.5473475456238
3	32094	2.050778709629	-4.4133944511414
3	32098	2.05105170063	-3.1084661483765
3	32108	2.051768641857	-4.7276287078857
3	32115	2.052077660667	-4.0086607933044
3	32125	2.052813449398	-4.0559520721436
3	32129	2.053098435777	-6.8452467918396
3	32139	2.053832880328	-8.0289001464844
3	32146	2.054059152828	-3.5222721099854
3	32156	2.054853215387	-6.8957142829895
3	32160	2.055080812349	-9.0660247802734
3	32170	2.055814312771	-4.9136571884155
3	32177	2.056036520648	-5.0152378082275
3	32184	2.056774489365	-4.4853367805481
3	32191	2.057070159845	-5.6069521903992
3	32201	2.057726672648	-5.255871295929
3	32205	2.058108969105	-4.1282739639282
3	32215	2.058699818234	-6.5751295089722
3	32222	2.059122613148	-4.2995910644531
3	32232	2.05968028889	-4.4690022468567
3	32239	2.060125003422	-4.919469833374
3	32243	2.060633438342	-6.5087218284607
3	32253	2.061075046245	-4.5607481002808
3	32263	2.06159702797	-4.8008532524109
3	32270	2.062068824889	-7.7713723182678
3	32277	2.062618669002	-3.8031721115112
3	32287	2.063037917717	-5.6789116859436
3	32294	2.063652420783	-3.8854322433472
3	32304	2.06401515697	-4.4951753616333
3	32308	2.06462904144	-2.8520739078522
3	32318	2.065038529129	-5.2513546943665
3	32322	2.065644894067	-7.0834774971008
3	32335	2.066000403375	-4.5207715034485
3	32342	2.066694074874	-3.6805105209351
3	32346	2.06695699874	-6.3564538955688
3	32356	2.067691544742	-5.5149803161621
3	32363	2.067965248511	-6.6918091773987
3	32370	2.068642645353	-4.8865914344788
3	32377	2.069013634685	-8.6818761825562
3	32387	2.069658895173	-5.539270401001
3	32397	2.070048377743	-3.3150141239166
3	32401	2.070694323731	-5.459424495697
3	32408	2.071034648216	-6.9069204330444
3	32418	2.071670675515	-5.7167901992798
3	32428	2.072058749983	-4.8703355789185
3	32432	2.072701736973	-4.5730528831482
3	32439	2.073092179594	-4.6243948936462
3	32449	2.073720993322	-7.3174667358398
3	32459	2.074088064426	-2.2902920246124
3	32463	2.07472315956	-5.2586793899536
3	32470	2.075080886884	-4.4073643684387
3	32480	2.075725713533	-7.3131265640259
3	32487	2.076046901456	-6.6327967643738
3	32494	2.076700045016	-5.2482128143311
3	32501	2.077041796183	-7.0998296737671
3	32511	2.077689264165	-5.0515165328979
3	32521	2.078053480975	-5.3980121612549
3	32525	2.078734109183	-2.8835234642029
3	32532	2.079066092903	-7.4647731781006
3	32542	2.079705915592	-4.1425280570984
3	32549	2.080062197985	-5.9882483482361
3	32556	2.080735347735	-5.2212677001953
3	32563	2.081100252896	-4.899019241333
3	32579	2.081770843103	-4.6216135025024
3	32583	2.082065260754	-8.3092813491821
3	32590	2.082754243793	-4.7047419548035
3	32594	2.083016359118	-7.6716890335083
3	32610	2.083756040219	-4.9649586677551
3	32617	2.083993346597	-6.2251386642456
3	32621	2.084774741679	-4.3466629981995
3	32625	2.084952252546	-6.4124155044556
3	32641	2.085770976825	-5.8117008209229
3	32645	2.085905227915	-9.3276634216309
3	32652	2.086729777048	-4.2053070068359
3	32656	2.086868208766	-6.6449213027954
3	32669	2.087706112379	-5.8705496788025
3	32676	2.087858279307	-5.3329524993896
3	32683	2.088674402988	-4.160542011261
3	32687	2.088814370364	-4.7913823127747
3	32700	2.089698798148	-5.0251617431641
3	32704	2.089813542191	-6.1903734207153
3	32714	2.090668869247	-4.6786994934082
3	32718	2.090803087245	-6.772289276123
3	32731	2.091696679154	-4.9052767753601
3	32735	2.091820193362	-5.8602719306946
3	32745	2.092697544899	-3.3321897983551
3	32749	2.092811992778	-7.6433253288269
3	32762	2.093744934104	-3.8014557361603
3	32766	2.093812658157	-6.8666043281555
3	32776	2.094791304313	-5.305233001709
3	32780	2.094816065439	-5.7207832336426
3	32793	2.095742403113	-5.4612021446228
3	32797	2.095768729636	-10.618538856506
3	32807	2.0967848773	-4.8465299606323
3	32811	2.096802031712	-7.4481744766235
3	32824	2.097763157526	-6.2812538146973
3	32828	2.097799588502	-2.8828408718109
3	32838	2.098759035223	-7.0217185020447
3	32842	2.098845363493	-4.6596293449402
3	32855	2.09972582656	-5.2995572090149
3	32859	2.099807473564	-6.3689298629761
3	32869	2.100730098805	-7.1045932769775
3	32873	2.100777320582	-8.7298765182495
3	32889	2.101695261998	-8.8072376251221
3	32893	2.101770951755	-8.1701335906982
3	32903	2.102728566639	-3.8243262767792
3	32907	2.102772796238	-4.7879571914673
3	32920	2.103683452233	-5.6170125007629
3	32924	2.103766123405	-7.7691292762756
3	32934	2.104711417418	-5.0377426147461
3	32938	2.104755598172	-6.5639548301697
3	32951	2.105661617361	-4.767204284668
3	32955	2.105724899989	-4.9011301994324
3	32965	2.106648046081	-4.7237415313721
3	32969	2.10676253015	-6.3276219367981
3	32979	2.107643902101	-5.7474780082703
3	32986	2.107797293677	-9.3516893386841
3	32996	2.108680675206	-4.733057975769
3	33000	2.108784123913	-4.8443403244019
3	33010	2.109729634301	-3.5864980220795
3	33017	2.109832758453	-6.8713207244873
3	33027	2.110759163095	-5.7534532546997
3	33034	2.110787457621	-6.8204345703125
3	33041	2.11171966586	-4.4982600212097
3	33048	2.111808263936	-6.5062518119812
3	33061	2.112731308754	-4.0228552818298
3	33065	2.112814883244	-6.7769947052002
3	33075	2.113720230276	-5.3485617637634
3	33079	2.113826511568	-6.9034094810486
3	33092	2.114670773632	-5.4290542602539
3	33096	2.114828867458	-4.3050589561462
3	33106	2.115639100759	-4.084671497345
3	33110	2.115839016625	-3.7132344245911
3	33120	2.116597547493	-3.8393633365631
3	33127	2.116857041872	-4.2505812644958
3	33137	2.117623317001	-6.4033622741699
3	33141	2.117906425976	-4.4347696304321
3	33151	2.118622251006	-3.1119005680084
3	33158	2.118932986311	-7.5631909370422
3	33168	2.119600487363	-5.8791117668152
3	33172	2.119980575304	-5.4599137306213
3	33185	2.120595766008	-6.9175620079041
3	33189	2.120995366348	-5.8693518638611
3	33196	2.121645575657	-4.8478903770447
3	33206	2.121980431114	-4.1526265144348
3	33219	2.122693876767	-5.9594306945801
3	33223	2.122959040465	-5.6697635650635
3	33233	2.123725632257	-6.3041749000549
3	33237	2.123997036923	-6.6869230270386
3	33250	2.124694788718	-8.664306640625
3	33254	2.124961406981	-4.7543458938599
3	33264	2.125665632991	-4.422767162323
3	33268	2.126006891483	-3.8869166374207
3	33281	2.126703727328	-5.3429489135742
3	33285	2.1269691536	-6.4049091339111
3	33295	2.127680959186	-2.8271763324738
3	33302	2.127950899168	-4.529993057251
3	33312	2.128631185008	-6.1247873306274
3	33316	2.128973874302	-5.6285715103149
3	33326	2.129609994857	-2.9101259708405
3	33333	2.12994947484	-9.143970489502
3	33343	2.130642078576	-7.0136566162109
3	33347	2.130915143628	-6.1763753890991
3	33360	2.131639779645	-6.0635185241699
3	33364	2.131885769275	-3.6469912528992
3	33374	2.132637995013	-6.7531208992004
3	33378	2.132916684451	-5.5376057624817
3	33388	2.13361939	-4.6228079795837
3	33395	2.133894672263	-3.5822205543518
3	33405	2.134637896486	-5.3908371925354
3	33409	2.134878964801	-8.0016078948975
3	33419	2.135592487842	-5.0121273994446
3	33426	2.135858802753	-5.649806022644
3	33436	2.136556226085	-3.3501546382904
3	33440	2.136888587904	-6.0033583641052
3	33450	2.137549038527	-6.0850009918213
3	33460	2.137907046801	-4.2230319976807
3	33467	2.138569889155	-6.1601786613464
3	33471	2.138910418632	-5.0319623947144
3	33481	2.139606103262	-4.7631258964539
3	33494	2.139934616916	-5.2590298652649
3	33498	2.14057343603	-4.1362524032593
3	33502	2.140917561763	-4.3231287002563
3	33515	2.141587770662	-6.8027000427246
3	33525	2.141873779523	-5.6298613548279
3	33532	2.142626523229	-5.1501393318176
3	33536	2.142841604653	-6.4427552223206
3	33546	2.143603674962	-7.0188870429993
3	33556	2.143861327268	-6.3769707679749
3	33563	2.144628931446	-6.1013011932373
3	33567	2.144854440805	-6.4959597587585
3	33580	2.145666590843	-4.7704195976257
3	33587	2.145869639077	-4.7596478462219
3	33594	2.146706623488	-3.5860846042633
3	33598	2.14686498814	-4.8099517822266
3	33611	2.147725834998	-2.9195959568024
3	33615	2.147841955021	-6.2884502410889
3	33625	2.148702364062	-4.1014647483826
3	33629	2.148804096564	-4.4422655105591
3	33639	2.149673020274	-6.5429277420044
3	33646	2.149851952885	-7.5614671707153
3	33656	2.15063083827	-6.5238924026489
3	33660	2.150878997566	-8.557788848877
3	33673	2.151601450673	-9.6428995132446
3	33677	2.151890211726	-9.2117300033569
3	33687	2.152573787925	-4.3159470558167
3	33691	2.15286617444	-5.2730693817139
3	33701	2.153574169923	-5.0882906913757
3	33708	2.153816787526	-3.802402973175
3	33718	2.15458860779	-4.1614012718201
3	33722	2.15478927073	-4.5797367095947
3	33732	2.155595573055	-5.2692503929138
3	33739	2.155797920335	-6.9317293167114
3	33749	2.156624893451	-4.7809109687805
3	33753	2.156781664737	-3.786848783493
3	33763	2.157611666557	-4.7270092964172
3	33767	2.15781635992	-5.0725665092468
3	33780	2.158593913517	-3.8160636425018
3	33784	2.158779161191	-5.4563341140747
3	33794	2.159592894334	-5.3632612228394
3	33798	2.159820087161	-5.5793981552124
3	33811	2.160615603923	-5.4481334686279
3	33815	2.160834018106	-6.0488924980164
3	33828	2.16158101007	-5.136212348938
3	33832	2.161815903981	-5.8090224266052
3	33845	2.162624143575	-6.3323092460632
3	33849	2.162812571934	-6.0534796714783
3	33859	2.16359321245	-4.9492220878601
3	33863	2.163847604585	-5.8497428894043
3	33876	2.16463203471	-4.8758697509766
3	33880	2.164860252816	-8.0764541625977
3	33890	2.165587343976	-5.924325466156
3	33894	2.165907548226	-5.8015961647034
3	33907	2.166551331879	-7.950234413147
3	33911	2.166924495031	-5.3503365516663
3	33921	2.167555798479	-8.037467956543
3	33931	2.167965337282	-3.5458996295929
3	33938	2.168589571367	-5.6403465270996
3	33942	2.168929967365	-7.1062960624695
3	33952	2.169544698708	-5.267195224762
3	33956	2.169896101367	-6.3785920143127
3	33969	2.170569172455	-8.3016958236694
3	33973	2.170934320758	-4.5946049690247
3	33983	2.171573789474	-4.0750312805176
3	33996	2.171890041914	-3.2921931743622
3	34000	2.172575695444	-4.5814280509949
3	34004	2.172860561481	-5.8492169380188
3	34014	2.173540459094	-4.8361449241638
3	34024	2.173908784865	-6.3001942634583
3	34031	2.174531861492	-8.4141826629639
3	34035	2.174877895818	-6.2582688331604
3	34045	2.175581356083	-5.5091743469238
3	34058	2.175890466394	-5.4977560043335
3	34062	2.17661762102	-4.7378082275391
3	34066	2.176880262383	-4.8228659629822
3	34079	2.177574519501	-6.5015497207642
3	34086	2.177840105559	-4.5108714103699
3	34093	2.178563792749	-5.5426836013794
3	34097	2.178867582815	-7.3787245750427
3	34107	2.179588231883	-5.9158315658569
3	34120	2.179882135346	-3.3153929710388
3	34124	2.180591092779	-4.6841998100281
3	34128	2.180850020168	-7.1105604171753
3	34141	2.18155635193	-3.7935683727264
3	34148	2.181843144558	-6.2601552009583
3	34158	2.182602049918	-5.550940990448
3	34162	2.182813418609	-3.2805309295654
3	34169	2.183584807996	-4.6535897254944
3	34182	2.183848417202	-8.4899873733521
3	34189	2.1845864459	-5.56618309021
3	34193	2.184868307945	-8.0578899383545
3	34203	2.185613078731	-6.3728704452515
3	34210	2.185831917124	-7.1357326507568
3	34220	2.18657077006	-4.7917671203613
3	34224	2.186806734658	-5.5857830047607
3	34237	2.187589867613	-4.191303730011
3	34241	2.18782374187	-3.7364649772644
3	34251	2.188626427863	-7.5928020477295
3	34255	2.188834296258	-4.5514321327209
3	34265	2.189599471078	-7.9813938140869
3	34272	2.189795872343	-6.1135325431824
3	34282	2.190570551906	-2.6818759441376
3	34286	2.1908226342	-6.1016845703125
3	34296	2.191563801355	-5.5277562141418
3	34306	2.191868615636	-6.9827332496643
3	34313	2.192526018016	-4.5139579772949
3	34317	2.19286067589	-7.0660614967346
3	34327	2.193536418824	-4.0586204528809
3	34337	2.193843705998	-5.9047350883484
3	34344	2.194511951567	-5.0967168807983
3	34348	2.194848384095	-4.6688232421875
3	34358	2.195492571281	-6.737277507782
3	34368	2.195806637802	-6.7511491775513
3	34372	2.196473024889	-6.8145346641541
3	34379	2.196764568273	-5.877739906311
3	34389	2.197452258532	-5.0332336425781
3	34399	2.197806905923	-5.3129019737244
3	34403	2.198439496222	-8.0561475753784
3	34410	2.198770128743	-6.006528377533
3	34420	2.199478851297	-4.2178993225098
3	34430	2.199763127283	-4.9628477096558
3	34434	2.20043200529	-5.1552033424377
3	34441	2.200796465372	-5.1460771560669
3	34457	2.201456006886	-10.801590919495
3	34464	2.201828531201	-5.7783460617065
3	34468	2.202473321792	-5.3912272453308
3	34475	2.202868899129	-4.8207545280457
3	34485	2.203457952302	-8.1073474884033
3	34495	2.203897986363	-4.1043300628662
3	34499	2.204468457467	-4.193097114563
3	34506	2.204888074592	-8.1762380599976
3	34516	2.205499347598	-6.3379411697388
3	34526	2.205875196169	-4.0231151580811
3	34530	2.20651178311	-10.334086418152
3	34537	2.206861251071	-5.0625338554382
3	34544	2.207469709862	-6.504744052887
3	34557	2.207823262169	-4.89692735672
3	34561	2.208489639792	-4.4221334457397
3	34568	2.208785530114	-6.293713092804
3	34578	2.209458134799	-5.1841788291931
3	34585	2.209750601201	-2.52494597435
3	34592	2.210415377535	-4.0271482467651
3	34596	2.210790466944	-4.3537535667419
3	34606	2.211389120878	-6.702712059021
3	34616	2.21181346457	-4.5136475563049
3	34623	2.212428865894	-5.760968208313
3	34627	2.212788403235	-3.796954870224
3	34640	2.21342188747	-5.6548891067505
3	34647	2.213826518643	-5.3955464363098
3	34654	2.214440462595	-5.762158870697
3	34658	2.214871392372	-8.3549184799194
3	34671	2.21541682098	-6.8618025779724
3	34681	2.215849449774	-4.6423268318176
3	34685	2.216410710013	-3.4392416477203
3	34689	2.216802893642	-3.2603988647461
3	34702	2.217405928114	-3.5917279720306
3	34709	2.217804496567	-5.5197229385376
3	34716	2.218366361569	-7.3718361854553
3	34723	2.218786721071	-8.70934009552
3	34730	2.21940267711	-4.4440321922302
3	34737	2.219746176169	-3.429122209549
3	34747	2.220371875922	-6.5792198181152
3	34754	2.22075334832	-4.6227216720581
3	34761	2.221418068555	-8.2749013900757
3	34777	2.221790799451	-6.7333664894104
3	34781	2.222394367557	-9.5624914169312
3	34788	2.222791799831	-5.9747977256775
3	34795	2.223370866205	-4.8416862487793
3	34805	2.223805617758	-5.8188524246216
3	34812	2.224382945836	-5.3139705657959
3	34819	2.22484185733	-5.7620735168457
3	34826	2.225347425378	-4.5744047164917
3	34836	2.225816718881	-4.7649831771851
3	34843	2.226316982879	-6.589720249176
3	34850	2.226794204515	-4.6494383811951
3	34857	2.227362819767	-4.9780302047729
3	34867	2.227834024078	-4.7366480827332
3	34874	2.228411307601	-6.773633480072
3	34881	2.228817644229	-3.6417641639709
3	34891	2.229384437958	-9.1453943252563
3	34898	2.229845381324	-5.7698283195496
3	34905	2.23037182512	-6.2692141532898
3	34912	2.230810836219	-5.6006636619568
3	34919	2.23135125339	-6.1111903190613
3	34929	2.231806101477	-2.5826983451843
3	34936	2.23233004959	-5.2041101455688
3	34943	2.232836421475	-6.7779397964478
3	34950	2.233322291719	-7.2249364852905
3	34960	2.23380457204	-6.1650314331055
3	34967	2.234277143437	-5.7798194885254
3	34974	2.234810629587	-4.695451259613
3	34978	2.235240344637	-8.2412700653076
3	34988	2.235834944294	-7.5200462341309
3	34998	2.236226146577	-6.3825788497925
3	35005	2.236870833747	-7.2543258666992
3	35012	2.237196350183	-5.3443059921265
3	35019	2.237875417318	-7.0476784706116
3	35029	2.238185680568	-6.9174180030823
3	35036	2.238909625042	-4.7259483337402
3	35043	2.23921084887	-8.3419094085693
3	35047	2.239903819854	-6.6179857254028
3	35057	2.240211755695	-5.2521982192993
3	35067	2.240911776067	-6.5375475883484
3	35071	2.241239443346	-7.0608835220337
3	35084	2.241925022376	-4.9278011322021
3	35094	2.242231515597	-6.9070711135864
3	35101	2.242955115748	-5.3322558403015
3	35105	2.243209231793	-5.214476108551
3	35115	2.243958455441	-3.7391784191132
3	35119	2.244199528114	-4.1010699272156
3	35132	2.244982849325	-5.2342071533203
3	35139	2.245178819625	-4.5468420982361
3	35146	2.246029721936	-5.6183352470398
3	35153	2.246186157408	-4.6650414466858
3	35163	2.247045639901	-5.5637693405151
3	35170	2.247230542683	-3.446487903595
3	35180	2.247999673867	-5.8524193763733
3	35184	2.248196437351	-3.1199023723602
3	35194	2.249019479633	-4.3466744422913
3	35201	2.249201541638	-6.1202673912048
3	35208	2.249970181828	-6.3102498054504
3	35217	2.250199552803	-4.3153185844421
3	35227	2.2509406669	-6.9411525726318
3	35231	2.251182670712	-7.4409804344177
3	35238	2.251944412479	-5.9673266410828
3	35248	2.252142745759	-5.1655602455139
3	35258	2.25296365977	-4.4762372970581
3	35262	2.253114978886	-4.8399338722229
3	35269	2.253927446436	-6.6547570228577
3	35279	2.254159048045	-6.1603946685791
3	35289	2.254935538937	-6.6838164329529
3	35293	2.255140325995	-5.3547806739807
3	35303	2.255972948185	-6.8220438957214
3	35310	2.256148236123	-5.1930565834045
3	35320	2.256935718648	-3.8817191123962
3	35324	2.257104009176	-9.3499269485474
3	35337	2.257915003537	-6.912971496582
3	35341	2.258111928989	-5.4652304649353
3	35351	2.258935455101	-4.5848670005798
3	35355	2.259156399778	-4.0069556236267
3	35368	2.259941021988	-4.9508123397827
3	35372	2.260184426427	-5.3786878585815
3	35379	2.260918644975	-4.8349075317383
3	35389	2.261145578405	-6.5639801025391
3	35399	2.261868686988	-6.7861523628235
3	35406	2.262178136093	-7.4101734161377
3	35413	2.262850706421	-7.2789430618286
3	35423	2.263173702063	-5.8507585525513
3	35427	2.263827311564	-6.7808179855347
3	35437	2.264156891244	-4.1048493385315
3	35444	2.264831732146	-6.2352995872498
3	35454	2.265150547254	-5.7856130599976
3	35458	2.265798118304	-7.9525895118713
3	35468	2.26615753255	-10.021669387817
3	35475	2.266813616526	-4.8349704742432
3	35482	2.267171465547	-5.4214029312134
3	35489	2.267835645581	-6.0093960762024
3	35499	2.268157692978	-5.9604797363281
3	35503	2.268830247841	-8.8573770523071
3	35510	2.26911758263	-6.8828444480896
3	35523	2.269807725017	-9.2734613418579
3	35530	2.270100838412	-6.5939526557922
3	35534	2.270780661114	-8.5630674362183
3	35544	2.271139640778	-7.1900420188904
3	35554	2.271783552518	-6.2296133041382
3	35561	2.272177491682	-3.6310102939606
3	35565	2.272783021765	-4.7484216690063
3	35575	2.273207565784	-5.7841868400574
3	35585	2.273764656716	-4.8973560333252
3	35592	2.274165867818	-5.4762916564941
3	35596	2.274757504425	-4.497362613678
3	35606	2.275200780443	-8.0022640228271
3	35613	2.27575264963	-4.9617004394531
3	35623	2.276184005509	-6.53657579422
3	35627	2.276771557739	-3.6768019199371
3	35631	2.27719216778	-6.0094194412231
3	35644	2.277734723172	-4.6082887649536
3	35654	2.278208389628	-5.0194516181946
3	35658	2.278754328666	-10.594965934753
3	35662	2.279209966385	-7.1170530319214
3	35672	2.279728831837	-7.8452520370483
3	35685	2.280243846629	-5.426703453064
3	35689	2.280718998957	-4.627251625061
3	35699	2.281260255687	-8.0134391784668
3	35712	2.281690775899	-6.2753553390503
3	35716	2.282216861575	-6.3137946128845
3	35723	2.282717457981	-4.5898108482361
3	35727	2.28317531845	-6.5323257446289
3	35737	2.283669412028	-4.8885445594788
3	35747	2.284186411259	-5.7802996635437
3	35754	2.284706885066	-9.0134239196777
3	35758	2.285145483648	-7.2120695114136
3	35768	2.285743951267	-6.0369067192078
3	35778	2.286191544172	-5.0779008865356
3	35785	2.286715253247	-4.5023903846741
3	35789	2.287210594364	-7.598801612854
3	35799	2.287716021768	-4.481457233429
3	35809	2.288238742973	-6.4478149414062
3	35816	2.288724127615	-3.731005191803
3	35823	2.289212338044	-7.0183548927307
3	35830	2.289686418331	-2.2294893264771
3	35840	2.290225129744	-7.5352997779846
3	35847	2.290730926993	-7.8260130882263
3	35854	2.291248011389	-6.6335186958313
3	35861	2.291779295231	-10.110088348389
3	35871	2.292281410187	-4.4614005088806
3	35878	2.292744338331	-4.4878935813904
3	35885	2.293296549822	-5.2467617988586
3	35892	2.293698743799	-4.2242879867554
3	35905	2.294327423703	-5.4958481788635
3	35909	2.294657101836	-6.7850747108459
3	35916	2.295339424204	-4.6033115386963
3	35920	2.295663316367	-6.9684481620789
3	35933	2.296317273008	-6.7775058746338
3	35940	2.296671524356	-5.4783205986023
3	35947	2.297339526083	-7.7755608558655
3	35954	2.297712010172	-5.939031124115
3	35964	2.298351951201	-5.8278970718384
3	35971	2.298673982235	-4.924644947052
3	35978	2.299347087909	-6.8679490089417
3	35985	2.299716710817	-5.3481287956238
3	35995	2.300334335751	-5.6264400482178
3	36002	2.300717813982	-8.891170501709
3	36009	2.30128603308	-7.7119913101196
3	36016	2.301764340601	-7.7664332389832
3	36029	2.302319853881	-9.7229404449463
3	36033	2.302775350883	-4.4516849517822
3	36043	2.303335095329	-5.5341129302979
3	36047	2.303773184756	-4.3788328170776
3	36060	2.304288382806	-4.3972692489624
3	36067	2.304760965077	-6.940719127655
3	36074	2.305271518867	-5.6016035079956
3	36081	2.30580624542	-4.3897571563721
3	36088	2.306243988484	-5.8835821151733
3	36101	2.306786827301	-7.2185440063477
3	36105	2.307249055533	-5.1894769668579
3	36109	2.307813632679	-7.9195079803467
3	36122	2.308282714777	-5.0531268119812
3	36132	2.308795315649	-4.938169002533
3	36136	2.309239246948	-5.7249774932861
3	36140	2.309750184549	-5.0469374656677
3	36150	2.310264927918	-4.6672606468201
3	36157	2.310727015131	-6.6735191345215
3	36167	2.311215564312	-7.3408675193787
3	36171	2.311770590988	-4.9292049407959
3	36181	2.312208853768	-5.8871493339539
3	36191	2.312795111853	-5.2503361701965
3	36198	2.313174901017	-5.106701374054
3	36205	2.313793449643	-4.8281221389771
3	36212	2.314171715993	-7.3339858055115
3	36222	2.314812895597	-5.8807244300842
3	36229	2.315133356155	-6.1107864379883
3	36236	2.315777616944	-7.1200299263
3	36243	2.316159670379	-4.3257126808167
3	36253	2.316793534849	-5.3178648948669
3	36260	2.317126285834	-6.2608089447021
3	36267	2.317751275151	-4.1928005218506
3	36271	2.318145414908	-6.5398459434509
3	36284	2.318748368743	-6.6999044418335
3	36291	2.319163788761	-4.7928318977356
3	36298	2.319742791685	-5.795871257782
3	36305	2.320171347711	-3.5440123081207
3	36315	2.320720540019	-6.1882476806641
3	36322	2.32117026118	-4.1738843917847
3	36329	2.321722333143	-4.4111905097961
3	36336	2.322211388857	-7.0716376304626
3	36349	2.32275053011	-5.1039266586304
3	36356	2.323177690616	-4.6812319755554
3	36363	2.323709306537	-5.5283045768738
3	36370	2.324135279162	-9.0220623016357
3	36380	2.324669958679	-2.8757908344269
3	36384	2.325112594711	-6.2366628646851
3	36394	2.325716738362	-6.5222415924072
3	36401	2.326088938181	-5.2391958236694
3	36411	2.326671209734	-4.5024108886719
3	36415	2.327122883461	-5.2161626815796
3	36425	2.327680126698	-8.5400810241699
3	36432	2.328146708418	-8.2165994644165
3	36442	2.328724446188	-4.7020668983459
3	36446	2.329146624677	-4.9252309799194
3	36456	2.329710562628	-5.4966197013855
3	36463	2.330107186031	-5.273998260498
3	36473	2.330712447026	-4.5314836502075
3	36477	2.331112322164	-2.6183652877808
3	36487	2.331729402424	-3.4619827270508
3	36494	2.332069473613	-5.4226779937744
3	36504	2.332726470948	-5.2563705444336
3	36508	2.333108419473	-9.504900932312
3	36518	2.333716978464	-5.9183583259583
3	36525	2.334146623989	-3.4350600242615
3	36532	2.334746391296	-4.7878751754761
3	36545	2.33517248006	-7.9950671195984
3	36549	2.335735343035	-6.1842555999756
3	36556	2.336182684116	-6.9421262741089
3	36563	2.336777473154	-6.7617831230164
3	36576	2.337221576124	-5.1728310585022
3	36580	2.337771009275	-6.3803110122681
3	36587	2.338211913109	-4.8601379394531
3	36591	2.338739103732	-5.2328205108643
3	36607	2.33919459265	-9.1624088287354
3	36611	2.339785230176	-4.4189786911011
3	36618	2.340175412011	-3.2924616336823
3	36628	2.340834428468	-7.7179436683655
3	36638	2.341192732948	-6.9406604766846
3	36645	2.341845397546	-6.1848602294922
3	36649	2.342145773697	-4.447913646698
3	36659	2.342839769882	-4.6151847839355
3	36672	2.343192852407	-7.7840361595154
3	36676	2.343877088616	-5.8689088821411
3	36683	2.344207134782	-5.0152277946472
3	36693	2.344918589584	-8.1300735473633
3	36700	2.345181047601	-3.0672616958618
3	36710	2.345917474976	-3.5307903289795
3	36714	2.34622453195	-4.7200360298157
3	36724	2.346921366906	-6.2777099609375
3	36731	2.347177234383	-8.0823640823364
3	36741	2.34795669112	-5.7767906188965
3	36745	2.348136763228	-5.8213863372803
3	36758	2.348998427491	-6.0364365577698
3	36762	2.34910802076	-5.4850134849548
3	36772	2.350005507067	-3.4379918575287
3	36776	2.350082903958	-8.3887605667114
3	36786	2.350958207821	-7.3997340202332
3	36793	2.351060892628	-6.5414505004883
3	36803	2.35194400744	-7.7342352867126
3	36807	2.352099063528	-5.732241153717
3	36820	2.352947139197	-6.8073539733887
3	36824	2.353074776651	-4.7286200523376
3	36834	2.353907831654	-6.8339867591858
3	36838	2.354029877273	-8.6103487014771
3	36848	2.354917099486	-4.4944200515747
3	36855	2.354987504354	-6.651439666748
3	36865	2.355896803518	-5.9482278823853
3	36869	2.355959562297	-4.0674877166748
3	36879	2.356871013844	-10.197694778442
3	36886	2.356934457455	-8.1500654220581
3	36896	2.357874541591	-5.6307954788208
3	36900	2.35790147005	-6.131932258606
3	36910	2.358914416473	-3.0339426994324
3	36914	2.358933574655	-4.0023550987244
3	36927	2.359929720677	-4.7625694274902
3	36931	2.359966888152	-3.579439163208
3	36941	2.360931459699	-6.8455891609192
3	36945	2.360981834678	-6.0819230079651
3	36958	2.361881512727	-3.6146054267883
3	36962	2.362008748738	-6.5244565010071
3	36978	2.362898542158	-4.3301205635071
3	36982	2.363019401095	-7.4094700813293
3	36989	2.363870478699	-5.2092080116272
3	36996	2.364046315395	-7.6048216819763
3	37009	2.364879609942	-5.5462799072266
3	37016	2.365077552834	-4.4503602981567
3	37023	2.365865498626	-8.4169893264771
3	37027	2.366094512319	-5.5359916687012
3	37037	2.366862966175	-6.3958015441895
3	37047	2.367128443487	-5.3011250495911
3	37054	2.367817534989	-6.2720017433167
3	37058	2.368094852354	-3.5009679794312
3	37068	2.36881346535	-3.3664855957031
3	37075	2.369072960163	-3.8666112422943
3	37085	2.369846438639	-6.2004671096802
3	37089	2.370050411479	-5.5010547637939
3	37099	2.37081057344	-5.8170981407166
3	37103	2.371036162262	-4.1265697479248
3	37116	2.371789551916	-5.3784265518188
3	37120	2.372030779852	-5.0745463371277
3	37130	2.372754323023	-7.9238739013672
3	37137	2.373021981313	-6.6903390884399
3	37147	2.373730348481	-3.4160354137421
3	37151	2.374037982346	-4.0315775871277
3	37161	2.374738427806	-6.1730308532715
3	37168	2.375079081743	-7.3294825553894
3	37178	2.375700511826	-3.8532271385193
3	37182	2.376089729986	-7.006031036377
3	37192	2.376739217781	-5.3349089622498
3	37199	2.377056527595	-5.1586480140686
3	37209	2.377744388758	-5.4637818336487
3	37213	2.378011998694	-6.1454825401306
3	37223	2.37873190097	-4.4480690956116
3	37227	2.37902688136	-2.7864077091217
3	37240	2.379689861874	-3.5770363807678
3	37244	2.38004319842	-6.7018008232117
3	37254	2.380686571396	-5.1812434196472
3	37258	2.381077626473	-4.2174797058105
3	37271	2.381679547091	-5.7359886169434
3	37281	2.382048844974	-5.5143756866455
3	37288	2.382662713429	-4.3396029472351
3	37292	2.383067504141	-6.4951462745667
3	37305	2.383649221252	-5.1789212226868
3	37309	2.384045521602	-5.884213924408
3	37319	2.384647995308	-3.8896224498749
3	37323	2.385017311026	-5.5024166107178
3	37336	2.385695098545	-8.4396629333496
3	37343	2.386065324347	-6.136953830719
3	37350	2.38672300123	-4.2354846000671
3	37354	2.387099433989	-4.7989115715027
3	37367	2.387686160172	-4.5362310409546
3	37371	2.388105484748	-6.4819006919861
3	37381	2.388648393157	-9.5270547866821
3	37385	2.389059666567	-3.1437718868256
3	37398	2.389625293411	-5.3142261505127
3	37405	2.390070429273	-3.693375825882
3	37412	2.39063648568	-5.1235337257385
3	37416	2.39102816848	-4.0822434425354
3	37429	2.391615544255	-6.0757241249084
3	37436	2.392064926206	-6.0605983734131
3	37443	2.392588347294	-4.6061272621155
3	37447	2.393088976549	-4.9232683181763
3	37460	2.393548310265	-4.6335816383362
3	37467	2.394089287248	-4.8875231742859
3	37474	2.394499350691	-8.8415355682373
3	37481	2.395078639444	-7.983775138855
3	37488	2.395484292942	-7.1745133399963
3	37498	2.396045296023	-6.1568040847778
3	37505	2.396438159412	-6.7873711585999
3	37509	2.397021199266	-3.0546979904175
3	37519	2.397484081588	-6.7587485313416
3	37529	2.397980708581	-5.7848949432373
3	37536	2.398478742966	-6.4490365982056
3	37540	2.398989320799	-7.8081121444702
3	37550	2.399501310581	-6.6497855186462
3	37560	2.400037967614	-6.147442817688
3	37567	2.400526988063	-6.2361164093018
3	37577	2.40104989549	-4.7194881439209
3	37581	2.401490814148	-2.9109072685242
3	37594	2.402006627099	-6.7702145576477
3	37598	2.402520481362	-4.8792786598206
3	37608	2.402967999523	-5.1969504356384
3	37615	2.403478267297	-5.7030429840088
3	37625	2.403948274524	-4.3505139350891
3	37629	2.404440936584	-3.6929340362549
3	37639	2.404925034596	-5.7709808349609
3	37646	2.405457270935	-4.6118130683899
3	37656	2.405922613129	-4.5424523353577
3	37660	2.406484501295	-9.592869758606
3	37667	2.406936094502	-4.8345141410828
3	37680	2.407514995813	-4.633632183075
3	37684	2.407906694096	-5.18994140625
3	37691	2.408562886081	-8.0171070098877
3	37698	2.40892447918	-7.3708319664001
3	37711	2.409524728019	-6.6281161308289
3	37715	2.40987496175	-8.8047227859497
3	37725	2.410558799011	-4.53670835495
3	37729	2.410892671528	-5.2657933235168
3	37742	2.411559391619	-3.9728555679321
3	37746	2.411902307344	-5.1993436813354
3	37756	2.412559605381	-6.4213271141052
3	37763	2.412862330621	-4.8431158065796
3	37773	2.413515128911	-4.4225091934204
3	37777	2.41388971758	-3.169451713562
3	37784	2.41447733373	-4.4597959518433
3	37797	2.414934563729	-4.9192061424255
3	37804	2.415519745125	-5.2497725486755
3	37808	2.415950772008	-6.7571420669556
3	37815	2.416541206951	-5.1450600624084
3	37828	2.416951196501	-4.3040475845337
3	37835	2.417500915284	-8.1688785552979
3	37839	2.417907581373	-8.1819276809692
3	37846	2.418528441511	-5.0379414558411
3	37859	2.418889551281	-5.7544946670532
3	37866	2.419535680956	-6.2297201156616
3	37870	2.419914706605	-4.7149114608765
3	37877	2.420550736146	-5.9590849876404
3	37884	2.420900667422	-9.6057462692261
3	37897	2.421522200161	-5.2374215126038
3	37901	2.42185631243	-4.1832385063171
3	37911	2.422481962875	-4.0413241386414
3	37921	2.422863634803	-7.482081413269
3	37931	2.423504480158	-6.4992070198059
3	37935	2.423821092644	-6.2548251152039
3	37942	2.424550564732	-3.7743451595306
3	37946	2.424825010655	-5.2405219078064
3	37962	2.425576638057	-5.7472705841064
3	37966	2.425779646584	-4.65411901474
3	37973	2.426591608586	-3.0643093585968
3	37977	2.42676719774	-6.8677506446838
3	37993	2.427592862636	-6.6571254730225
3	37997	2.427746545637	-5.9578728675842
3	38004	2.42862337496	-4.5045070648193
3	38008	2.428737759026	-5.6429643630981
3	38024	2.42959946577	-5.0994458198547
3	38028	2.429695476062	-5.9890713691711
3	38035	2.430565848111	-4.1639046669006
3	38039	2.430666706095	-4.8424706459045
3	38055	2.431530622574	-7.7040619850159
3	38059	2.431698037304	-6.8904385566711
3	38066	2.432576859211	-3.6411247253418
3	38076	2.432734980513	-4.5688920021057
3	38086	2.433569927848	-3.9233977794647
3	38090	2.4337755885	-4.6200656890869
3	38097	2.434521639979	-5.8078150749207
3	38107	2.434801147864	-4.9129281044006
3	38114	2.435552472398	-3.4042112827301
3	38121	2.435778785396	-4.3109021186829
3	38128	2.436558199933	-5.9864325523376
3	38138	2.436816001689	-4.7251043319702
3	38145	2.437598385939	-4.303430557251
3	38152	2.437854032706	-4.5966749191284
3	38159	2.438565636407	-3.1332371234894
3	38169	2.438817273812	-5.7204904556274
3	38179	2.439579184518	-5.2695240974426
3	38183	2.439865690614	-6.0274896621704
3	38193	2.440614853143	-5.8018908500671
3	38200	2.440878434794	-5.7774395942688
3	38210	2.441606461774	-3.080712556839
3	38214	2.441875796786	-4.8817925453186
3	38224	2.442559201437	-5.7847514152527
3	38234	2.442900310481	-4.9689817428589
3	38244	2.443607217203	-4.8700432777405
3	38248	2.443945018337	-6.5441751480103
3	38258	2.444644664379	-3.5053369998932
3	38265	2.444991310328	-5.1295857429504
3	38275	2.445685561647	-4.2639422416687
3	38279	2.445963927227	-7.4000768661499
3	38289	2.446721735474	-6.11168384552
3	38296	2.447010464989	-3.5340397357941
3	38306	2.447751171136	-5.6503071784973
3	38310	2.448047051584	-4.9471802711487
3	38317	2.448768659417	-5.2201476097107
3	38324	2.449060094966	-5.5398087501526
3	38337	2.449727563298	-5.0778670310974
3	38341	2.450033476009	-7.4924564361572
3	38348	2.450765536294	-5.843864440918
3	38355	2.451077336416	-7.4918742179871
3	38368	2.451807557703	-3.1791954040527
3	38372	2.452115458605	-6.1311240196228
3	38379	2.452770779249	-5.3062205314636
3	38386	2.453102396085	-4.8035731315613
3	38399	2.453761041265	-4.3883504867554
3	38403	2.454076231569	-6.115391254425
3	38410	2.454775114807	-4.4766244888306
3	38417	2.455067102806	-6.8826546669006
3	38430	2.455796478943	-4.96373462677
3	38434	2.4560176708	-3.9641454219818
3	38441	2.456834563372	-6.6958885192871
3	38448	2.457005132219	-6.2877087593079
3	38461	2.457815677177	-5.2633085250854
3	38465	2.45801335762	-3.8924052715302
3	38475	2.458847036293	-4.2823004722595
3	38479	2.459005540609	-6.4023756980896
3	38492	2.459853544305	-5.4403772354126
3	38499	2.460007770329	-4.8176231384277
3	38506	2.460814674389	-7.2516484260559
3	38510	2.461052441759	-3.0060992240906
3	38523	2.461816159936	-4.5659708976746
3	38533	2.462040402917	-5.4324479103088
3	38537	2.462828020835	-5.6408252716064
3	38544	2.463068521363	-7.0464839935303
3	38554	2.463829499488	-4.3817915916443
3	38564	2.464082211387	-6.2318301200867
3	38568	2.464842192165	-3.9315767288208
3	38575	2.465045151937	-5.4816374778748
3	38588	2.465821481058	-5.4435815811157
3	38595	2.466036955019	-6.988703250885
3	38599	2.466779336155	-4.756386756897
3	38603	2.467083223785	-9.2048978805542
3	38619	2.467795778522	-6.7000632286072
3	38626	2.468120517132	-6.702121257782
3	38630	2.468776085619	-5.8600115776062
3	38637	2.469115423052	-7.2920989990234
3	38650	2.469786941775	-5.6155099868774
3	38657	2.470114724355	-7.1018872261047
3	38661	2.470808395899	-4.6872868537903
3	38674	2.47115091846	-2.9413950443268
3	38681	2.471833242005	-4.9185891151428
3	38688	2.472200274685	-3.5215518474579
3	38692	2.472846743872	-6.9680933952332
3	38705	2.473247166896	-4.6377120018005
3	38712	2.473870386759	-4.6282978057861
3	38719	2.474294762464	-4.0284833908081
3	38723	2.474841387666	-7.2367258071899
3	38736	2.475338840364	-7.5328760147095
3	38740	2.475862855579	-3.9961340427399
3	38750	2.476316520876	-7.0932092666626
3	38754	2.476829294344	-4.3759603500366
3	38767	2.477358554341	-5.4838795661926
3	38774	2.477810692643	-5.492488861084
3	38781	2.478383528434	-5.4934210777283
3	38788	2.478849910981	-7.7100524902344
3	38798	2.479367137682	-8.3975591659546
3	38805	2.479897829592	-6.3041038513184
3	38809	2.480325701961	-8.2815084457397
3	38819	2.480947077649	-2.7648611068726
3	38826	2.481320900183	-8.1861734390259
3	38836	2.481981068436	-6.676842212677
3	38840	2.482283071485	-5.8345303535461
3	38853	2.482973242335	-4.5759172439575
3	38860	2.483303812742	-7.3273358345032
3	38870	2.483972007974	-4.6501994132996
3	38874	2.484263426428	-4.3778982162476
3	38884	2.484942944814	-5.0672225952148
3	38891	2.485288738934	-5.4885096549988
3	38901	2.48591894036	-6.7157926559448
3	38905	2.486254558911	-3.9605622291565
3	38918	2.486883054393	-3.9435081481934
3	38922	2.487243885032	-3.4893620014191
3	38932	2.487885439448	-6.062970161438
3	38936	2.488262069432	-7.41650390625
3	38949	2.488911316571	-8.1074695587158
3	38953	2.48928398397	-8.477876663208
3	38963	2.48995881227	-4.3496165275574
3	38970	2.490315051837	-5.3666005134583
3	38977	2.490951583556	-5.5382256507874
3	38984	2.491285219388	-4.8831143379211
3	38994	2.491952669096	-7.7062048912048
3	38998	2.492256628423	-6.8815240859985
3	39008	2.49295292544	-4.41774559021
3	39015	2.493224177186	-4.8746004104614
3	39025	2.493929046456	-5.8277163505554
3	39029	2.494214446279	-7.6146898269653
3	39039	2.494888372138	-3.8042798042297
3	39046	2.495198299823	-4.2392644882202
3	39056	2.495850998491	-4.6549501419067
3	39063	2.496188759046	-4.8855514526367
3	39070	2.496860795624	-5.0539979934692
3	39080	2.497222787154	-9.0398454666138
3	39087	2.497872902291	-5.0831828117371
3	39091	2.498222901604	-6.2990050315857
3	39101	2.498893193459	-5.8215074539185
3	39111	2.499223963233	-4.7676281929016
3	39118	2.499879361252	-4.9188771247864
3	39124	2.500267342924	-5.6917638778687
3	39134	2.500847619761	-5.5357413291931
3	39147	2.501285835376	-4.0674662590027
3	39151	2.501889187923	-3.9968860149384
3	39155	2.502316832205	-4.8702712059021
3	39165	2.502847352015	-7.2117447853088
3	39178	2.503356432732	-7.111466884613
3	39185	2.503809430959	-4.51216173172
3	39192	2.504361338866	-4.0822219848633
3	39196	2.504855959612	-7.8157134056091
3	39212	2.505316362506	-7.3386025428772
3	39216	2.505860910585	-6.5978603363037
3	39223	2.50636050537	-6.0845437049866
3	39227	2.506863249604	-4.1201782226562
3	39240	2.507339534031	-4.6558032035828
3	39247	2.507837380952	-8.1900806427002
3	39254	2.50831340356	-5.3089604377747
3	39258	2.508865850817	-5.6895933151245
3	39274	2.509363241731	-6.1075677871704
3	39278	2.509830187168	-9.4388027191162
3	39282	2.510359459213	-6.7863659858704
3	39289	2.510853194906	-6.294704914093
3	39302	2.511328093426	-2.6441829204559
3	39309	2.511853085114	-4.9305729866028
3	39316	2.512310251472	-5.9057340621948
3	39320	2.512866967408	-2.9830913543701
3	39333	2.513295062234	-6.30801820755
3	39340	2.5138643036	-6.187255859375
3	39344	2.514268010423	-4.5969910621643
3	39351	2.514894125663	-5.8451271057129
3	39361	2.51523051919	-5.1188035011292
3	39371	2.515922926574	-5.7510137557983
3	39375	2.516215980818	-7.6233730316162
3	39382	2.516944853826	-7.1099066734314
3	39389	2.51717631221	-5.793936252594
3	39402	2.517910467165	-4.3753590583801
3	39406	2.518208348081	-5.100414276123
3	39413	2.518868340548	-5.7879781723022
3	39423	2.51923969931	-6.8791189193726
3	39433	2.519844287396	-7.4348888397217
3	39437	2.520190654652	-5.1352777481079
3	39444	2.520856763178	-6.3453736305237
3	39451	2.521193496962	-7.0728216171265
3	39464	2.521894656955	-6.1610779762268
3	39468	2.522229395613	-5.3050427436829
3	39478	2.522875591486	-6.4721093177795
3	39485	2.523238648286	-7.0924520492554
3	39498	2.523891535483	-4.6574158668518
3	39502	2.524283419348	-5.5756764411926
3	39509	2.524852928081	-7.9578695297241
3	39516	2.525325989393	-7.7130351066589
3	39529	2.525838626674	-3.4518525600433
3	39533	2.526355180966	-4.0081505775452
3	39540	2.52687983793	-4.0088500976562
3	39547	2.527392147455	-6.5597515106201
3	39560	2.52786243611	-6.2691521644592
3	39564	2.528422716668	-4.7992691993713
3	39571	2.528910227696	-4.9738726615906
3	39578	2.529373334675	-7.4703750610352
3	39591	2.529938101414	-3.9355809688568
3	39598	2.530349869251	-6.8594145774841
3	39602	2.530955114187	-7.3673272132874
3	39609	2.531363478673	-6.5966143608093
3	39622	2.531928525497	-6.5956220626831
3	39629	2.532344036866	-6.7401700019836
3	39633	2.532893355572	-5.153956413269
3	39637	2.533386186691	-6.4714193344116
3	39653	2.533933573887	-4.7898240089417
3	39660	2.534369390035	-8.3105411529541
3	39664	2.534902230437	-5.8302083015442
3	39668	2.535378846894	-8.0237970352173
3	39684	2.535902505783	-6.6834011077881
3	39691	2.536349589211	-6.064845085144
3	39695	2.536915283073	-4.8338832855225
3	39699	2.537323694222	-4.3293895721436
3	39715	2.537910610168	-5.2109861373901
3	39722	2.538315794068	-4.193030834198
3	39726	2.538919475268	-5.1476860046387
3	39730	2.53928849483	-7.4674406051636
3	39743	2.539936441529	-5.8883595466614
3	39753	2.540311047759	-5.9537172317505
3	39757	2.540969049502	-4.8486862182617
3	39764	2.54133466745	-7.1504626274109
3	39777	2.542016909729	-11.896944999695
3	39787	2.542323166451	-5.5481615066528
3	39791	2.542975883882	-5.3896236419678
3	39798	2.543340915912	-7.1454467773438
3	39811	2.543926232937	-4.859607219696
3	39818	2.544330136422	-4.7419509887695
3	39822	2.544894265678	-4.4083957672119
3	39826	2.545298292017	-5.2161264419556
3	39839	2.54592524321	-2.5414938926697
3	39849	2.546281269756	-7.7547936439514
3	39853	2.546943676594	-4.6117873191833
3	39860	2.547301546623	-8.3475036621094
3	39873	2.547976323858	-5.8010716438293
3	39880	2.548338680043	-4.6786651611328
3	39884	2.548969012782	-3.6537194252014
3	39891	2.549349272943	-5.3796811103821
3	39901	2.549951504174	-8.1650543212891
3	39911	2.550351378764	-3.9973096847534
3	39915	2.550934516651	-5.9652123451233
3	39919	2.55136084361	-4.6164422035217
3	39929	2.551914867364	-8.5613079071045
3	39939	2.552370085169	-5.5091028213501
3	39946	2.552919195194	-7.5881657600403
3	39953	2.553361011126	-6.0055985450745
3	39963	2.553916086801	-5.2808494567871
3	39970	2.554368943558	-4.0522108078003
3	39977	2.554932001594	-6.1731977462769
3	39984	2.555377658342	-3.9600636959076
3	39994	2.555938098543	-4.5325555801392
3	40001	2.556350876792	-3.1313519477844
3	40008	2.556978804467	-4.8520803451538
3	40015	2.557339330366	-6.1273393630981
3	40025	2.557956770008	-5.4051327705383
3	40032	2.558317474343	-4.2606515884399
3	40039	2.558941832975	-5.1732692718506
3	40046	2.559366968038	-7.3473520278931
3	40056	2.559933739339	-3.6899981498718
3	40063	2.560333547288	-8.0719175338745
3	40070	2.560892999856	-3.444878578186
3	40077	2.56129456987	-4.265293598175
3	40087	2.561899907143	-5.9444212913513
3	40094	2.56234451088	-6.6975517272949
3	40104	2.562914240452	-1.8688888549805
3	40111	2.563387100744	-6.6879534721375
3	40121	2.563873239971	-3.0198299884796
3	40128	2.564431955347	-7.8845591545105
3	40135	2.564867329591	-5.6400556564331
3	40142	2.565403962199	-5.2049059867859
3	40152	2.565822343161	-7.5185298919678
3	40159	2.566387884646	-4.525194644928
3	40166	2.566821168782	-6.2199540138245
3	40173	2.567409779889	-4.1278686523438
3	40183	2.567776524072	-5.037585735321
3	40193	2.568423053573	-5.1700730323792
3	40197	2.568746565666	-4.3049364089966
3	40204	2.569431351404	-7.3799405097961
3	40214	2.569785756361	-9.4808692932129
3	40224	2.570475147051	-7.0556597709656
3	40228	2.57083321086	-3.9183666706085
3	40238	2.571497597728	-4.2728004455566
3	40245	2.571857414405	-8.4409341812134
3	40252	2.572501348688	-7.4216442108154
3	40259	2.572830988651	-3.9487581253052
3	40272	2.573494590507	-3.4089515209198
3	40276	2.573850609224	-2.9520258903503
3	40283	2.574510195138	-11.112752914429
3	40290	2.574831001081	-4.6862831115723
3	40300	2.575518432679	-4.948769569397
3	40307	2.575786438533	-4.7140460014343
3	40314	2.576552533692	-9.0320501327515
3	40321	2.576774212918	-3.9450891017914
3	40334	2.577563498166	-4.1239266395569
3	40338	2.577814990837	-4.6668248176575
3	40345	2.578521288613	-4.8036861419678
3	40352	2.578793065893	-4.7494540214539
3	40362	2.579554676807	-3.9606256484985
3	40369	2.579812728281	-4.8323731422424
3	40379	2.58058158109	-7.3028650283813
3	40383	2.580858065882	-5.6147050857544
3	40393	2.581602818067	-6.7631936073303
3	40400	2.58184792251	-5.7462601661682
3	40413	2.58257967155	-3.7385337352753
3	40417	2.582840625436	-4.6450700759888
3	40427	2.583551516564	-5.0908308029175
3	40434	2.583818908249	-5.4731454849243
3	40444	2.584535313154	-3.9221324920654
3	40448	2.584868146085	-5.7867383956909
3	40458	2.585572608084	-6.6649446487427
3	40465	2.585821240175	-9.5154829025269
3	40475	2.586543563844	-6.5891256332397
3	40479	2.586867973281	-6.9209380149841
3	40489	2.587579462888	-5.6993675231934
3	40496	2.587875953976	-4.8311171531677
3	40506	2.588584301462	-3.1519641876221
3	40510	2.588849397955	-7.1545557975769
3	40520	2.589584326387	-2.8893127441406
3	40524	2.589881147607	-3.1958701610565
3	40537	2.59063421305	-8.6145935058594
3	40541	2.590916641496	-8.2241306304932
3	40551	2.591596795896	-5.9843955039978
3	40555	2.59187392774	-5.3901300430298
3	40568	2.592585579749	-4.2525062561035
3	40572	2.592862231815	-5.3175249099731
3	40582	2.593612908115	-5.5048155784607
3	40586	2.593865030686	-5.1567649841309
3	40596	2.594593313872	-3.7625346183777
3	40603	2.594815940403	-6.6355605125427
3	40613	2.595636801332	-7.3967561721802
3	40617	2.595828060794	-6.0606346130371
3	40627	2.596672382137	-9.4321117401123
3	40634	2.596854935326	-4.7918148040771
3	40644	2.597686984698	-5.2383780479431
3	40648	2.597860085963	-6.1409611701965
3	40661	2.598735103547	-6.6990361213684
3	40665	2.598887212483	-7.420298576355
3	40675	2.599737730901	-4.1245741844177
3	40679	2.5999119421	-4.5359573364258
3	40692	2.600716989942	-5.1061525344849
3	40696	2.600932796075	-6.5347142219543
3	40706	2.601761437992	-3.6319308280945
3	40710	2.601982732702	-5.4288673400879
3	40726	2.602802685505	-5.8807744979858
3	40733	2.6030258917	-5.8604512214661
3	40740	2.603841824989	-6.1685557365417
3	40744	2.604057500706	-7.5483975410461
3	40754	2.60482051246	-7.1382327079773
3	40764	2.60510628582	-6.8929300308228
3	40771	2.605792960824	-3.7018365859985
3	40775	2.606110736943	-4.0921921730042
3	40788	2.606815109879	-7.9059748649597
3	40795	2.607116644216	-6.2485814094543
3	40802	2.607853919699	-8.7194223403931
3	40806	2.608129526788	-6.2244563102722
3	40819	2.608861828828	-5.010073184967
3	40826	2.609110833071	-6.118999004364
3	40833	2.609860628743	-3.9586572647095
3	40837	2.610091918378	-5.4697842597961
3	40850	2.610894640472	-4.4167194366455
3	40857	2.611113875262	-4.5103478431702
3	40864	2.611917382805	-6.0646228790283
3	40868	2.612085144724	-3.9947195053101
3	40884	2.61294214634	-5.0836625099182
3	40888	2.613079880814	-6.5655488967896
3	40895	2.613917259169	-6.756507396698
3	40899	2.614058519975	-6.2320847511292
3	40912	2.614926647234	-5.3857107162476
3	40916	2.615067385416	-4.9387593269348
3	40926	2.615906094272	-5.5484385490417
3	40930	2.616075367128	-6.8858795166016
3	40943	2.616948378009	-6.1840968132019
3	40950	2.617074035551	-10.362827301025
3	40957	2.617970167217	-6.744523525238
3	40964	2.618084334225	-4.4837808609009
3	40974	2.618977846308	-6.3539071083069
3	40981	2.619082416023	-7.6208114624023
3	40988	2.619943078105	-3.9357249736786
3	40995	2.620052191162	-5.0715041160583
3	41005	2.620949467851	-5.461268901825
3	41009	2.621027060502	-4.975152015686
3	41019	2.621972879543	-6.672266960144
3	41023	2.622012307479	-6.5287489891052
3	41042	2.622969294113	-4.6376047134399
3	41046	2.623061062839	-8.9096870422363
3	41056	2.623955306404	-5.6615738868713
3	41060	2.624039586628	-4.838987827301
3	41073	2.625000934323	-5.0267691612244
3	41077	2.625045390328	-8.1591329574585
3	41087	2.625996711923	-3.8312931060791
3	41091	2.626007970066	-8.9693384170532
3	41104	2.626968981873	-6.8517966270447
3	41108	2.627006495426	-5.4774098396301
3	41115	2.627935751828	-4.8431878089905
3	41122	2.627962225302	-6.1085758209229
3	41135	2.62888783903	-5.0607314109802
3	41139	2.628933046513	-3.8563084602356
3	41143	2.629857881992	-3.8748366832733
3	41150	2.629892281964	-5.9615659713745
3	41166	2.630812688915	-4.0900506973267
3	41170	2.630912248813	-4.3772792816162
3	41174	2.631811641362	-6.3872752189636
3	41181	2.631887805147	-5.5097055435181
3	41197	2.632783382239	-6.3207335472107
3	41201	2.632925128782	-4.4923710823059
3	41208	2.633826280338	-4.8027663230896
3	41212	2.63389965478	-5.6915411949158
3	41225	2.634817150058	-5.449716091156
3	41229	2.634925902664	-8.7347450256348
3	41239	2.635780455094	-4.8070487976074
3	41243	2.635876877292	-7.7542576789856
3	41256	2.636781111789	-5.2704086303711
3	41260	2.636852932068	-7.7631092071533
3	41270	2.637749883908	-8.1400747299194
3	41277	2.637869630026	-6.8481492996216
3	41287	2.638718337515	-4.879120349884
3	41291	2.638910915146	-4.4918961524963
3	41301	2.63975345714	-4.8877558708191
3	41305	2.639890349264	-5.6501121520996
3	41318	2.640798652797	-6.4516997337341
3	41325	2.640915722101	-5.823944568634
3	41332	2.641830937246	-6.6717219352722
3	41336	2.641907451989	-3.643143415451
3	41355	2.642835662169	-4.2239866256714
3	41359	2.642906687959	-4.5853304862976
3	41366	2.643819910027	-5.0504465103149
3	41370	2.643858022708	-9.3848657608032
3	41383	2.644772680538	-8.5170888900757
3	41390	2.644850440745	-5.4291839599609
3	41397	2.645790942764	-8.5532388687134
3	41401	2.645838887977	-5.3106913566589
3	41417	2.646818992788	-4.3776669502258
3	41421	2.64682119214	-8.6795072555542
3	41428	2.647806355619	-6.8372054100037
3	41432	2.647856986759	-5.0227742195129
3	41448	2.64877539928	-5.703932762146
3	41452	2.648813875452	-4.4248299598694
3	41459	2.649764128638	-5.4399638175964
3	41463	2.64982457911	-5.4651589393616
3	41479	2.65072421857	-6.0864996910095
3	41483	2.650818543159	-4.1293935775757
3	41490	2.651731889566	-7.9405765533447
3	41494	2.651798402122	-8.4383592605591
3	41510	2.65270672161	-5.9830884933472
3	41514	2.652812490491	-6.9511179924011
3	41521	2.653739896462	-3.4509830474854
3	41525	2.653811726188	-6.4807319641113
3	41541	2.654736175634	-4.9472661018372
3	41545	2.654856051984	-3.4569425582886
3	41552	2.655734862181	-3.0016944408417
3	41556	2.655835912281	-7.2402968406677
3	41572	2.65668777087	-6.6865339279175
3	41576	2.656844017382	-2.0653510093689
3	41583	2.657728740469	-6.7453675270081
3	41587	2.657800684682	-6.2320604324341
3	41603	2.658743994385	-4.8245935440063
3	41607	2.658797909143	-4.759786605835
3	41614	2.659762427387	-6.2087540626526
3	41618	2.659816188654	-6.1735920906067
3	41634	2.660785841446	-4.8042430877686
3	41638	2.660818843265	-6.0550975799561
3	41645	2.661776637431	-5.5937004089355
3	41649	2.661828507546	-7.4806604385376
3	41668	2.662808958436	-4.4186820983887
3	41672	2.662852358799	-8.1983003616333
3	41679	2.663825849206	-6.1508131027222
3	41683	2.663833823775	-6.2343878746033
3	41699	2.664796942967	-4.4635524749756
3	41703	2.66480000223	-6.2836890220642
3	41710	2.665776021484	-7.0729985237122
3	41714	2.665840140964	-9.7714538574219
3	41730	2.666816153867	-6.4442629814148
3	41734	2.666868265823	-3.8271708488464
3	41741	2.66777490968	-5.9604206085205
3	41745	2.667850558177	-5.0194802284241
3	41761	2.668746099283	-5.6296844482422
3	41765	2.668900144781	-7.9410843849182
3	41769	2.669719919901	-6.7857060432434
3	41776	2.669864430052	-6.9264430999756
3	41792	2.670687195624	-5.241473197937
3	41796	2.670851333849	-4.2986884117126
3	41800	2.671671962964	-3.0969908237457
3	41807	2.671883579655	-4.4348015785217
3	41823	2.672690510877	-6.226194858551
3	41827	2.672888534113	-7.0748567581177
3	41831	2.673714426097	-5.3813896179199
3	41838	2.673920611662	-8.0356760025024
3	41851	2.674692392154	-6.6918630599976
3	41858	2.674968839449	-3.7519068717957
3	41865	2.675713023722	-4.1325068473816
3	41872	2.67595982646	-7.2865991592407
3	41885	2.676700190174	-4.4802765846252
3	41889	2.676994923713	-5.5906925201416
3	41893	2.677748910328	-9.0847024917603
3	41903	2.67796158616	-4.9780898094177
3	41916	2.678732581503	-5.4113817214966
3	41920	2.678919260598	-6.3462252616882
3	41927	2.679686731985	-3.9007081985474
3	41931	2.67987020154	-6.0378956794739
3	41947	2.680723300077	-9.4359865188599
3	41951	2.680848477195	-4.294056892395
3	41955	2.681674260443	-5.2185525894165
3	41962	2.681859394566	-7.245189666748
3	41981	2.682720726924	-5.3048815727234
3	41985	2.682824832503	-6.893159866333
3	41992	2.683744824031	-7.0484175682068
3	42002	2.6838219228	-4.9691042900085
3	42012	2.684758454613	-4.782986164093
3	42016	2.684820553251	-5.8394870758057
3	42023	2.6857192027	-2.9315884113312
3	42030	2.685772571388	-4.6516833305359
3	42040	2.68669052202	-6.6674222946167
3	42047	2.686787189904	-3.4185397624969
3	42057	2.687722290283	-5.3513689041138
3	42061	2.687774665139	-10.62013053894
3	42071	2.688698795302	-6.03595495224
3	42078	2.688787618855	-6.2253651618958
3	42088	2.689745568135	-4.4270024299622
3	42092	2.689767596473	-7.1031765937805
3	42102	2.690743875124	-6.0802583694458
3	42106	2.690789439258	-7.3493957519531
3	42119	2.691753515101	-4.1906356811523
3	42123	2.691758840946	-3.8532724380493
3	42133	2.692782292206	-6.0400824546814
3	42137	2.6927858202	-4.1837849617004
3	42144	2.693746607332	-6.6459770202637
3	42154	2.693772435013	-4.5739240646362
3	42164	2.694747582205	-5.9673228263855
3	42168	2.694807521854	-6.7214703559875
3	42181	2.695794691561	-4.6739416122437
3	42185	2.695802328949	-5.8296298980713
3	42195	2.696779279952	-3.8319871425629
3	42199	2.696812497187	-3.6803188323975
3	42212	2.697736373998	-4.2862505912781
3	42216	2.697855139653	-5.4028677940369
3	42226	2.698747210034	-3.8520879745483
3	42230	2.69889428977	-3.2648448944092
3	42240	2.699732318153	-6.4323291778564
3	42247	2.699903423689	-4.2656469345093
3	42257	2.700688435317	-7.9768767356873
3	42261	2.700874031775	-6.9915699958801
3	42271	2.70171218027	-4.8087072372437
3	42278	2.701868378697	-5.170919418335
3	42294	2.702729663937	-5.1945033073425
3	42298	2.702856959374	-7.1393938064575
3	42311	2.703765819887	-5.6932740211487
3	42315	2.703892340194	-4.4589142799377
3	42325	2.704730776686	-10.109837532043
3	42329	2.704865988367	-7.1453876495361
3	42342	2.70574111952	-8.6439895629883
3	42346	2.705881239678	-6.469940662384
3	42356	2.706756775338	-5.5983843803406
3	42360	2.706860604102	-8.1905279159546
3	42373	2.707736227251	-5.0893754959106
3	42377	2.707869361852	-4.1193962097168
3	42384	2.708735077159	-9.9950799942017
3	42391	2.708882318748	-4.6797118186951
3	42404	2.709719891467	-4.6626987457275
3	42408	2.709872663258	-7.1848526000977
3	42418	2.710720457198	-4.5582141876221
3	42422	2.710889061382	-4.0988640785217
3	42435	2.71173275763	-6.1894783973694
3	42439	2.711882805029	-7.0752124786377
3	42446	2.712699401859	-7.0558853149414
3	42453	2.7128477557	-9.5557308197021
3	42466	2.713711328511	-5.0604796409607
3	42470	2.713873751634	-5.7934546470642
3	42477	2.714697304726	-3.5468096733093
3	42484	2.714844559563	-4.9264755249023
3	42497	2.715716380649	-5.0696396827698
3	42501	2.715796282275	-7.209463596344
3	42508	2.716687317916	-5.6957955360413
3	42512	2.716795843037	-7.444935798645
3	42525	2.717687657555	-4.2201027870178
3	42532	2.717784174139	-6.5237441062927
3	42539	2.718644654067	-5.3288178443909
3	42543	2.718793940132	-5.4224133491516
3	42556	2.719662461807	-3.4991390705109
3	42563	2.719834832708	-6.6154627799988
3	42570	2.720699521711	-5.1922283172607
3	42574	2.72079528666	-6.6034207344055
3	42590	2.721677230574	-7.415379524231
3	42594	2.721797855462	-4.8533878326416
3	42604	2.722697004048	-7.4957985877991
3	42608	2.722757186176	-12.094141960144
3	42624	2.723746204207	-7.116156578064
3	42628	2.723746523215	-5.7784938812256
3	42635	2.724708105107	-4.2806329727173
3	42639	2.724709847446	-3.8172044754028
3	42655	2.725743989098	-4.1948895454407
3	42659	2.725754455023	-4.455258846283
3	42669	2.726744862789	-5.2001390457153
3	42673	2.726785691117	-3.718682050705
3	42686	2.727726329503	-4.9401588439941
3	42690	2.727807539619	-5.0958132743835
3	42700	2.728686361582	-5.7686123847961
3	42704	2.72885745803	-4.9938955307007
3	42717	2.729706755588	-6.7891154289246
3	42721	2.729852625501	-4.2430090904236
3	42731	2.730695851163	-6.5301685333252
3	42735	2.730875208366	-4.5482058525085
3	42745	2.731710951576	-4.1355028152466
3	42752	2.731851151764	-3.0806941986084
3	42759	2.732699508287	-4.4360628128052
3	42766	2.732885904584	-4.0722117424011
3	42776	2.733650917914	-6.8176283836365
3	42780	2.733860890471	-7.2535181045532
3	42790	2.734700506026	-3.5244958400726
3	42797	2.734851817727	-6.9129276275635
3	42807	2.735711019104	-4.3963031768799
3	42811	2.73580411949	-4.3270754814148
3	42824	2.736760812748	-6.301420211792
3	42828	2.736836026706	-3.9732520580292
3	42838	2.737779066883	-3.1879465579987
3	42845	2.737818371887	-5.1822328567505
3	42855	2.738779854333	-4.7281589508057
3	42859	2.73881600786	-4.4679460525513
3	42869	2.739791082155	-4.804961681366
3	42873	2.739824360196	-6.0272159576416
3	42886	2.740741675854	-5.4059882164001
3	42890	2.740842273515	-6.2527327537537
3	42900	2.74177000749	-3.1657707691193
3	42907	2.74184305211	-7.5042133331299
3	42920	2.742740971231	-4.6959924697876
3	42924	2.742858299225	-5.4178309440613
3	42937	2.743789373384	-7.3454751968384
3	42941	2.743835221103	-7.2253384590149
3	42951	2.744773744447	-6.5525794029236
3	42955	2.744785444281	-5.1662564277649
3	42968	2.745747895148	-4.8749494552612
3	42972	2.745828554465	-5.3284955024719
3	42979	2.746766835597	-5.3323044776917
3	42986	2.746836420769	-7.7060117721558
3	42999	2.747757523551	-3.2944114208221
3	43003	2.747827410131	-4.4381632804871
3	43010	2.748791658965	-9.4919109344482
3	43017	2.748837118504	-6.1113719940186
3	43030	2.749758673005	-5.6455812454224
3	43034	2.749853876142	-3.8853168487549
3	43043	2.750775945641	-9.5036516189575
3	43047	2.750853887859	-8.9227046966553
3	43063	2.751776891692	-6.1911902427673
3	43067	2.751888019597	-5.7136597633362
3	43077	2.752759638519	-6.3115720748901
3	43081	2.752922326405	-6.6481246948242
3	43091	2.75374333127	-5.8984441757202
3	43098	2.753961323732	-7.1045241355896
3	43108	2.754787927238	-3.9488971233368
3	43112	2.754995772855	-8.9139966964722
3	43122	2.755805354127	-7.8982110023499
3	43129	2.756016536916	-5.3488931655884
3	43139	2.756832697125	-5.0979428291321
3	43143	2.757021862215	-10.120440483093
3	43153	2.757860615807	-1.858478307724
3	43160	2.758043770125	-4.8412461280823
3	43170	2.758845081414	-7.2125806808472
3	43177	2.759034717627	-5.7386879920959
3	43184	2.759855139989	-5.7719841003418
3	43188	2.760008027308	-6.2093033790588
3	43201	2.760806679706	-7.2657413482666
3	43208	2.761039755836	-5.2419924736023
3	43215	2.761826981698	-7.1732149124146
3	43219	2.762082284597	-5.8458313941956
3	43235	2.762816568931	-8.1637811660767
3	43242	2.763061737015	-7.8637175559998
3	43249	2.763794892978	-5.0877990722656
3	43253	2.764070166566	-3.9832186698914
3	43266	2.764752358057	-6.8423776626587
3	43273	2.76504739689	-7.3445229530334
3	43277	2.765726841092	-5.0137686729431
3	43284	2.766072996604	-6.7935509681702
3	43297	2.766743270974	-7.6625437736511
3	43304	2.767047385775	-5.3903093338013
3	43308	2.767714613888	-5.5192842483521
3	43315	2.768027659377	-7.72993516922
3	43331	2.76867810702	-4.538028717041
3	43335	2.769046071992	-5.2374877929688
3	43339	2.769725079736	-5.0595622062683
3	43346	2.770027710948	-5.3464612960815
3	43362	2.770725893901	-2.6939315795898
3	43366	2.771064303739	-6.1728119850159
3	43370	2.771684990526	-5.868643283844
3	43377	2.772028548787	-4.4386410713196
3	43390	2.772646320117	-6.5046439170837
3	43397	2.773013817084	-5.1977953910828
3	43401	2.773597880225	-3.561398267746
3	43408	2.77404519171	-3.4605345726013
3	43418	2.774582723111	-5.4320826530457
3	43428	2.775014789626	-8.0775947570801
3	43432	2.775574155258	-4.741626739502
3	43439	2.776029954512	-4.3203406333923
3	43449	2.776566178208	-7.7815532684326
3	43459	2.777071785194	-6.8235807418823
3	43466	2.77754304733	-3.0856068134308
3	43470	2.778120594612	-4.8667006492615
3	43480	2.77849338762	-6.9035034179688
3	43490	2.779114420048	-6.0978288650513
3	43494	2.779500137826	-6.3818173408508
3	43504	2.780104919927	-6.0702857971191
3	43511	2.780522900502	-5.7133340835571
3	43521	2.781130340245	-5.8863854408264
3	43525	2.781566530149	-3.6382899284363
3	43535	2.782178821025	-4.7628126144409
3	43545	2.782568547887	-4.3917984962463
3	43555	2.783189818526	-6.5869727134705
3	43559	2.783568676597	-5.0388708114624
3	43569	2.784167854899	-8.5072431564331
3	43576	2.784527250494	-8.8180780410767
3	43586	2.785169972149	-7.6482510566711
3	43593	2.785564116051	-6.1589050292969
3	43600	2.786208999787	-5.8347916603088
3	43610	2.786605382421	-4.1108965873718
3	43617	2.787241721981	-6.6777429580688
3	43624	2.787633625966	-6.9517841339111
3	43631	2.788213495468	-4.1306929588318
3	43641	2.788633285261	-6.0280313491821
3	43648	2.789251325577	-8.3100547790527
3	43652	2.789659443902	-5.8770704269409
3	43662	2.790285910992	-6.1051411628723
3	43672	2.790699452148	-4.0928754806519
3	43679	2.791264715981	-3.8132293224335
3	43683	2.791664653895	-4.4414849281311
3	43696	2.792233278377	-9.1270151138306
3	43703	2.792696669337	-5.17413854599
3	43710	2.793184797015	-4.1348547935486
3	43717	2.793671954902	-5.4642243385315
3	43724	2.794160256208	-7.6793575286865
3	43734	2.794717381883	-5.585072517395
3	43741	2.795190355869	-5.7003855705261
3	43748	2.795692417814	-7.5879468917847
3	43755	2.796171110283	-5.84681224823
3	43765	2.796675901782	-5.522029876709
3	43772	2.79715999643	-6.040759563446
3	43779	2.797632608412	-5.800302028656
3	43786	2.798130399843	-4.2542152404785
3	43796	2.798631111034	-7.7893724441528
3	43800	2.799114402749	-5.2871999740601
3	43810	2.799624310723	-5.9972829818726
3	43817	2.800132845165	-6.4019155502319
3	43827	2.800608066509	-7.6984906196594
3	43831	2.801085908394	-4.8280992507935
3	43838	2.801590704627	-3.6209869384766
3	43848	2.802070244274	-3.3603873252869
3	43861	2.802622955517	-4.1931395530701
3	43865	2.80305607009	-8.1454401016235
3	43872	2.803653879453	-7.6687002182007
3	43885	2.804076572367	-6.0129823684692
3	43892	2.80464495629	-5.9536991119385
3	43896	2.805106909522	-4.968777179718
3	43900	2.805626044253	-5.9417924880981
3	43916	2.806087710939	-7.2072234153748
3	43923	2.80660883912	-3.4744391441345
3	43927	2.807051223396	-4.6810536384583
3	43931	2.807596328513	-7.3633546829224
3	43947	2.808039421922	-9.1322536468506
3	43954	2.808621168023	-4.2535004615784
3	43958	2.809017813745	-5.4996237754822
3	43962	2.809617516985	-5.5341477394104
3	43978	2.809980861991	-7.754955291748
3	43985	2.810623618367	-6.2488794326782
3	43989	2.811010691033	-7.1121702194214
3	43993	2.811656851202	-5.9198908805847
3	44009	2.811998701409	-6.8018064498901
3	44016	2.81268481174	-6.2044582366943
3	44020	2.813015603616	-4.2321953773499
3	44024	2.81366237075	-5.5924677848816
3	44037	2.813973002687	-5.9397325515747
3	44047	2.814618203572	-7.4769387245178
3	44051	2.814925642916	-4.0945615768433
3	44055	2.815580434696	-3.833092212677
3	44065	2.815893376279	-4.2854204177856
3	44078	2.816551534444	-8.8589086532593
3	44082	2.816866966222	-6.6475696563721
3	44086	2.817579267583	-6.6982798576355
3	44099	2.817839682375	-5.8252058029175
3	44109	2.818540680612	-6.2265424728394
3	44113	2.818815674213	-6.2550263404846
3	44117	2.819534279294	-2.6369476318359
3	44124	2.819769866198	-9.6296138763428
3	44140	2.820518752447	-6.474799156189
3	44144	2.820771169717	-4.6533398628235
3	44148	2.821489294698	-2.9800064563751
3	44158	2.821777764079	-7.1479840278625
3	44174	2.822520400752	-3.972620010376
3	44178	2.822731976971	-4.9337201118469
3	44182	2.823508601844	-3.780693769455
3	44192	2.823772601997	-4.1596827507019
3	44205	2.824494584669	-5.653829574585
3	44209	2.824756870461	-4.5193858146667
3	44213	2.825524321273	-4.4882097244263
3	44220	2.82574209693	-7.4409637451172
3	44236	2.826528878713	-3.3710796833038
3	44240	2.826756906411	-3.8450493812561
3	44244	2.827527950362	-3.2859301567078
3	44254	2.827790847887	-5.1959342956543
3	44267	2.828545865313	-3.8257474899292
3	44271	2.828783143598	-3.9559984207153
3	44278	2.829580812775	-5.3503413200378
3	44282	2.829749701867	-4.3897352218628
3	44298	2.830545122381	-2.459219455719
3	44302	2.830707508006	-4.7314538955688
3	44309	2.831543624958	-7.9388217926025
3	44313	2.831716186521	-6.3983030319214
3	44329	2.832521299473	-4.7498831748962
3	44333	2.83269724865	-4.4390263557434
3	44340	2.833493261337	-2.6920118331909
3	44347	2.833718997905	-5.5948891639709
3	44357	2.834460348895	-3.665070772171
3	44364	2.834696534133	-6.9356718063354
3	44371	2.835473645004	-7.2048392295837
3	44375	2.835690681428	-4.6905217170715
3	44388	2.836481006676	-5.7358231544495
3	44395	2.836680818955	-5.0787649154663
3	44402	2.837512158795	-6.5571827888489
3	44409	2.837678705214	-7.2357883453369
3	44422	2.838483097695	-6.9790525436401
3	44426	2.83864011102	-4.6323575973511
3	44433	2.839500528603	-5.2189817428589
3	44437	2.839622676788	-6.6010136604309
3	44453	2.840527234122	-7.1907348632812
3	44457	2.840627445128	-6.5065231323242
3	44464	2.841477379677	-3.6738624572754
3	44471	2.841664419701	-6.5819997787476
3	44487	2.842508458204	-6.0355353355408
3	44491	2.842710945992	-4.2369527816772
3	44498	2.843487987199	-4.8169178962708
3	44502	2.84373436067	-8.2774858474731
3	44518	2.84450824101	-3.2290470600128
3	44522	2.84477442467	-5.7071800231934
3	44529	2.845540278237	-6.3450794219971
3	44533	2.845764274905	-4.9685325622559
3	44549	2.846498390579	-3.9803903102875
3	44553	2.84678330712	-5.7885766029358
3	44560	2.847484640217	-5.2146067619324
3	44564	2.847807160856	-5.6707248687744
3	44577	2.848461513547	-5.6067891120911
3	44584	2.848848397002	-5.2251291275024
3	44591	2.849431494255	-7.3013243675232
3	44595	2.849873330497	-7.6519932746887
3	44611	2.850476060893	-3.9984157085419
3	44615	2.850881372654	-5.2399792671204
3	44622	2.851458724531	-6.1696696281433
3	44632	2.851882759612	-4.3066573143005
3	44639	2.852500758301	-4.2485775947571
3	44649	2.852878965618	-7.8220357894897
3	44653	2.853513680696	-4.9350910186768
3	44660	2.853834039334	-7.0263776779175
3	44670	2.854559762508	-5.6652188301086
3	44677	2.854863683681	-5.9233407974243
3	44684	2.855510749531	-4.9297046661377
3	44694	2.855896949437	-7.251060962677
3	44704	2.85653473041	-7.3834857940674
3	44711	2.856861437587	-6.2858228683472
3	44718	2.857572251071	-7.138195514679
3	44725	2.857843937677	-5.4102468490601
3	44735	2.858556319122	-8.8757400512695
3	44739	2.85882522532	-4.7325553894043
3	44749	2.859606058211	-8.0714168548584
3	44756	2.859858301555	-4.4955167770386
3	44766	2.860616212333	-3.9454698562622
3	44770	2.860897425258	-8.70689868927
3	44780	2.861615874384	-6.4136681556702
3	44787	2.861894885594	-6.570942401886
3	44800	2.862640975642	-5.1522545814514
3	44804	2.862907830789	-6.4618730545044
3	44814	2.863603465565	-6.1315207481384
3	44821	2.863914100208	-5.3861613273621
3	44828	2.864563904799	-6.2971863746643
3	44835	2.86488350078	-11.144446372986
3	44845	2.86559631842	-6.4469861984253
3	44852	2.865920393451	-5.2415022850037
3	44859	2.866598139162	-5.2314348220825
3	44866	2.866879281385	-5.911910533905
3	44879	2.867606899903	-8.9043760299683
3	44883	2.867842234425	-5.7465667724609
3	44890	2.868644069357	-4.8842530250549
3	44900	2.868817996238	-4.9558796882629
3	44907	2.869604496223	-3.5695230960846
3	44914	2.869770413088	-6.0336699485779
3	44921	2.870607151784	-7.1686410903931
3	44925	2.870729234283	-6.5346221923828
3	44938	2.871624286032	-4.830687046051
3	44942	2.871754372045	-7.1364612579346
3	44952	2.872582562183	-7.6685147285461
3	44959	2.872760546795	-5.7557072639465
3	44969	2.873541671014	-3.9960401058197
3	44976	2.87373927849	-6.5283217430115
3	44983	2.874589203744	-6.300892829895
3	44987	2.874742352145	-7.2277245521545
3	45003	2.875544951294	-5.0399069786072
3	45007	2.875720792503	-5.7469682693481
3	45014	2.876517866974	-2.3805649280548
3	45021	2.876726018904	-7.6360006332397
3	45034	2.877565098829	-6.4267659187317
3	45038	2.877697305942	-6.37340259552
3	45045	2.878611402933	-4.6929039955139
3	45049	2.878661969944	-7.5855345726013
3	45065	2.879564756058	-4.4818410873413
3	45069	2.879657257528	-7.7924318313599
3	45076	2.880543443822	-7.3222532272339
3	45080	2.880636826993	-6.0577654838562
3	45093	2.881501593708	-4.5484337806702
3	45100	2.881677841558	-8.0602006912231
3	45110	2.882514688369	-3.6373813152313
3	45114	2.882635305051	-6.7102751731873
3	45127	2.883477911338	-3.537782907486
3	45131	2.883682962416	-7.2947421073914
3	45141	2.884469935437	-5.9466009140015
3	45145	2.884720485938	-6.6784973144531
3	45158	2.885515742848	-7.2526588439941
3	45165	2.885766080963	-6.3285598754883
3	45172	2.886561267321	-5.923300743103
3	45176	2.886729842103	-4.7677235603333
3	45189	2.887547823755	-4.7422251701355
3	45193	2.887744092763	-5.1881127357483
3	45203	2.888525260253	-7.5386633872986
3	45207	2.888773952386	-9.3488397598267
3	45220	2.889478835658	-6.9751071929932
3	45224	2.889784021689	-8.9983377456665
3	45234	2.890479579206	-8.589958190918
3	45238	2.890782610192	-7.667977809906
3	45251	2.891482191696	-3.4005196094513
3	45255	2.891768347659	-4.8026967048645
3	45265	2.892493493535	-2.2708270549774
3	45269	2.892761236383	-6.3059320449829
3	45282	2.893503000329	-5.527928352356
3	45286	2.893746772268	-5.1413898468018
3	45296	2.894518447743	-4.1023330688477
3	45300	2.89470697831	-5.5721116065979
3	45313	2.895493272475	-3.8596661090851
3	45317	2.8957467323	-5.7277464866638
3	45327	2.896540065323	-5.8644413948059
3	45334	2.896741785699	-5.966447353363
3	45344	2.89753725634	-5.6669955253601
3	45351	2.897718149593	-6.1974377632141
3	45358	2.898543332575	-4.7769536972046
3	45362	2.898692977632	-6.2249641418457
3	45378	2.899514374628	-4.2968692779541
3	45382	2.899659826891	-4.865535736084
3	45389	2.900481136452	-7.7166295051575
3	45393	2.900648446627	-4.7194819450378
3	45406	2.901488608734	-5.6623811721802
3	45413	2.901670160925	-5.0604190826416
3	45423	2.902488395688	-7.5063443183899
3	45427	2.902660489283	-7.3724675178528
3	45440	2.903504923924	-6.446430683136
3	45447	2.90370782684	-6.1364798545837
3	45454	2.904539785093	-8.4271516799927
3	45458	2.904725315014	-7.2976217269897
3	45471	2.905494098137	-5.7541155815125
3	45475	2.905684433789	-5.3807544708252
3	45485	2.906452722963	-6.5809965133667
3	45489	2.906654352036	-8.303581237793
3	45502	2.907409001679	-5.2356028556824
3	45506	2.907652769051	-4.3984436988831
3	45516	2.908386137073	-5.8154001235962
3	45520	2.908610471076	-2.9121954441071
3	45533	2.909408391543	-3.9010989665985
3	45537	2.90958519443	-5.839910030365
3	45547	2.910436772549	-4.6445660591125
3	45551	2.910611328635	-5.4348773956299
3	45564	2.911396284936	-4.8451972007751
3	45568	2.911627401464	-6.2683124542236
3	45578	2.912408322469	-4.9285349845886
3	45582	2.912584739559	-7.9551529884338
3	45595	2.913433685721	-6.0521965026855
3	45602	2.913561776264	-5.7140297889709
3	45609	2.914384878232	-3.2712433338165
3	45613	2.914541673188	-5.5166692733765
3	45626	2.915350607983	-3.5480556488037
3	45633	2.915506303575	-4.1851053237915
3	45640	2.91630341417	-5.1785616874695
3	45644	2.916457566262	-5.6050844192505
3	45660	2.9172697563	-3.4365882873535
3	45664	2.917466608135	-5.2292695045471
3	45671	2.918271675853	-5.5342688560486
3	45675	2.918467982232	-6.179271697998
3	45691	2.919285783306	-4.9749636650085
3	45695	2.91943622393	-6.2734260559082
3	45702	2.920283799728	-6.6713433265686
3	45706	2.920387353463	-6.0388193130493
3	45722	2.921234704182	-4.2775254249573
3	45726	2.921339192666	-6.9920687675476
3	45736	2.922239411801	-7.6394619941711
3	45740	2.922304810996	-6.8841300010681
3	45750	2.92323537131	-6.2486524581909
3	45760	2.923300536817	-6.5644679069519
3	45767	2.924271303038	-8.6858930587769
3	45771	2.924298864911	-4.1606545448303
3	45784	2.925256829616	-6.0578689575195
3	45788	2.925315252942	-9.1386861801147
3	45798	2.926295068503	-2.5045404434204
3	45802	2.926336932643	-4.6055927276611
3	45818	2.92729767827	-5.1669969558716
3	45822	2.927328237579	-4.4586338996887
3	45829	2.928264231864	-3.1629455089569
3	45833	2.92833939912	-4.0466728210449
3	45849	2.929257553369	-4.1281337738037
3	45853	2.929359531049	-5.065149307251
3	45860	2.930229933037	-3.9313364028931
3	45864	2.930360074865	-5.8094997406006
3	45880	2.931187627445	-7.8007016181946
3	45884	2.931390754984	-7.9046754837036
3	45891	2.932170195086	-6.3954167366028
3	45895	2.932426272487	-5.3027687072754
3	45911	2.933170157766	-6.7376384735107
3	45915	2.933385888756	-5.5991163253784
3	45922	2.934200949503	-8.4284009933472
3	45926	2.934393085215	-5.5037961006165
3	45942	2.93522584196	-2.9817926883698
3	45946	2.93537548011	-5.7436203956604
3	45953	2.936191754782	-7.0629963874817
3	45957	2.936408220163	-5.4304609298706
3	45970	2.937145854839	-4.0305533409119
3	45977	2.937395143017	-5.0970191955566
3	45984	2.938194305951	-4.112509727478
3	45988	2.938436659089	-4.4029631614685
3	46001	2.939202565688	-6.2182049751282
3	46008	2.939485953158	-5.2636799812317
3	46015	2.940234434442	-5.9081859588623
3	46019	2.940487779783	-3.8227529525757
3	46032	2.941213797402	-6.0461630821228
3	46045	2.941452667722	-5.4019351005554
3	46049	2.942192624872	-5.9595971107483
3	46053	2.942469373772	-5.3531880378723
3	46066	2.94318747311	-7.4384021759033
3	46076	2.943504543143	-6.5556349754333
3	46080	2.944150861164	-5.7292866706848
3	46084	2.944514896342	-4.7926006317139
3	46097	2.945195940227	-7.4452738761902
3	46107	2.945529075456	-5.0595054626465
3	46111	2.946211480335	-7.003399848938
3	46121	2.946484590557	-6.445050239563
3	46128	2.947205404981	-5.9715275764465
3	46138	2.947461095516	-5.2660050392151
3	46142	2.948233208601	-4.2073135375977
3	46149	2.94843058562	-5.7475819587708
3	46162	2.949241540574	-5.9022045135498
3	46169	2.949416105415	-5.2991900444031
3	46176	2.950281910173	-5.9222288131714
3	46180	2.950369863895	-6.6214470863342
3	46193	2.951293591349	-9.1779556274414
3	46200	2.951395072872	-6.3961758613586
3	46204	2.952280325322	-4.6553416252136
3	46211	2.952355975676	-4.1314768791199
3	46227	2.953302307411	-5.4330554008484
3	46231	2.953328815675	-4.2662372589111
3	46238	2.954261440015	-4.7747435569763
3	46242	2.954349247528	-7.0834150314331
3	46258	2.955281051721	-2.2319903373718
3	46262	2.95530042121	-4.9623136520386
3	46269	2.956291005092	-5.0432281494141
3	46273	2.956296804047	-6.0757827758789
3	46289	2.957268569898	-6.604160785675
3	46293	2.957333339625	-6.5193557739258
3	46300	2.958296199922	-4.205924987793
3	46304	2.958297843719	-7.5613403320312
3	46317	2.959285351071	-6.3115062713623
3	46321	2.95929680187	-4.7154264450073
3	46331	2.960314875049	-3.1542885303497
3	46335	2.960345605621	-5.8916110992432
3	46348	2.961283675587	-4.7722721099854
3	46352	2.961356746243	-3.7834868431091
3	46365	2.962265099475	-2.4296717643738
3	46369	2.962314258144	-7.1799492835999
3	46382	2.963231489959	-6.1454467773438
3	46386	2.963279045345	-6.7134809494019
3	46396	2.964230708718	-8.0596437454224
3	46400	2.964298633128	-5.9567127227783
3	46416	2.965244605051	-5.0286273956299
3	46420	2.965260210453	-4.349711894989
3	46427	2.966234690789	-6.2408356666565
3	46431	2.966253544254	-7.7600359916687
3	46444	2.967278545489	-4.4466414451599
3	46448	2.967288185508	-7.22705078125
3	46458	2.968258801695	-5.2210221290588
3	46462	2.968291788304	-7.4505348205566
3	46475	2.969240041356	-3.1392948627472
3	46479	2.969332657667	-7.3725090026855
3	46489	2.97026236983	-4.5533690452576
3	46493	2.970323326056	-9.5017805099487
3	46503	2.97123006093	-4.9794750213623
3	46507	2.971307025799	-4.8603911399841
3	46520	2.972251610001	-5.2747716903687
3	46524	2.972291982061	-8.0955400466919
3	46534	2.973228692125	-4.5637426376343
3	46538	2.973271643229	-5.7332572937012
3	46548	2.974202250866	-6.1464238166809
3	46552	2.974225069101	-4.2965550422668
3	46565	2.975177584375	-3.4210023880005
3	46569	2.975183788549	-5.5843834877014
3	46579	2.976135142606	-5.2234029769897
3	46583	2.976155428541	-4.9949612617493
3	46596	2.977103117144	-5.2075133323669
3	46600	2.97720271239	-4.0399174690247
3	46610	2.978139179056	-2.8168029785156
3	46614	2.9782488587	-6.3236169815063
3	46627	2.979132286172	-4.5945258140564
3	46631	2.979209329048	-7.8032655715942
3	46641	2.980133814073	-8.0415716171265
3	46648	2.980223876373	-5.4330773353577
3	46658	2.981171074513	-6.5596160888672
3	46662	2.98119367622	-5.8355836868286
3	46678	2.982178412717	-8.5315742492676
3	46682	2.982234746308	-5.2015633583069
3	46692	2.983216397854	-5.493679523468
3	46696	2.98325503868	-6.1226944923401
3	46709	2.984247627151	-5.4369792938232
3	46713	2.984265673595	-4.1836199760437
3	46723	2.985257247875	-5.2266244888306
3	46727	2.985266659772	-4.5648889541626
3	46740	2.986236156741	-6.0224514007568
3	46744	2.986293163253	-6.6184368133545
3	46754	2.987197006696	-7.6554446220398
3	46758	2.987298899498	-5.9155859947205
3	46768	2.988203476762	-4.2004270553589
3	46772	2.98826089949	-7.6244812011719
3	46785	2.989214813916	-4.4674863815308
3	46789	2.989257648008	-6.3078789710999
3	46799	2.990211799962	-4.0023288726807
3	46803	2.990225974889	-4.0430850982666
3	46816	2.991198420285	-6.2976813316345
3	46820	2.991209495772	-6.7641153335571
3	46830	2.992174272132	-9.1178073883057
3	46834	2.992230523556	-6.0080399513245
3	46847	2.993176291699	-5.0818562507629
3	46851	2.993185398046	-10.202746391296
3	46861	2.994141573194	-5.5229172706604
3	46865	2.994195630795	-4.1086926460266
3	46878	2.995136762912	-5.9364886283875
3	46882	2.995170493714	-8.0098648071289
3	46892	2.996132771858	-4.8608040809631
3	46896	2.996220329259	-3.2126839160919
3	46909	2.997126214264	-6.1828074455261
3	46913	2.997229167886	-5.5970153808594
3	46923	2.998130269568	-8.9562511444092
3	46930	2.998218758279	-8.0726280212402
3	46937	2.999105966189	-8.4716873168945
3	46944	2.999169852148	-4.6600675582886
3	46959	3.000136632035	-4.4889450073242
3	46963	3.000154677402	-4.6012272834778
3	46970	3.001123110332	-6.4230427742004
3	46974	3.001139326676	-4.9648456573486
3	46990	3.002075345108	-6.4991331100464
3	46997	3.002100518199	-2.7361376285553
3	47004	3.003035384785	-5.1989188194275
3	47008	3.003139165384	-6.5281391143799
3	47018	3.004077897695	-7.4805135726929
3	47028	3.004146113399	-8.8491153717041
3	47035	3.005028441645	-8.5120410919189
3	47039	3.005170906717	-4.9232211112976
3	47055	3.006061975809	-3.2257599830627
3	47059	3.006145546427	-5.7389545440674
3	47066	3.007032697397	-4.9202499389648
3	47070	3.007098510487	-9.2986927032471
3	47083	3.008070517422	-4.8949527740479
3	47087	3.008136806294	-6.6078224182129
3	47097	3.009094654001	-5.8235478401184
3	47101	3.009185518678	-9.0075902938843
3	47114	3.01006344229	-4.5790500640869
3	47118	3.010145160672	-7.3088431358337
3	47128	3.0111107057	-6.5651988983154
3	47132	3.011168211219	-6.0744557380676
3	47145	3.012147302937	-6.7369432449341
3	47149	3.012205047246	-5.5434684753418
3	47159	3.013140146863	-4.8563604354858
3	47163	3.013201625199	-6.8921446800232
3	47176	3.014158064614	-4.9910078048706
3	47180	3.014192053924	-7.8313374519348
3	47190	3.015137830689	-4.8131399154663
3	47194	3.015196058678	-4.7024178504944
3	47207	3.01614645207	-6.5387320518494
3	47211	3.016203012472	-5.4383459091187
3	47221	3.017147901784	-5.4283046722412
3	47225	3.017221865507	-6.9826197624207
3	47238	3.018183161687	-8.1354913711548
3	47242	3.018222272461	-7.5231971740723
3	47252	3.019167936415	-4.6263542175293
3	47256	3.019200151894	-6.6817741394043
3	47269	3.020136008123	-4.9820852279663
3	47273	3.020229276906	-7.6705956459045
3	47283	3.021172303376	-4.4921612739563
3	47287	3.0212129879	-4.1820349693298
3	47303	3.022142442916	-8.2770690917969
3	47307	3.022262037396	-3.3368017673492
3	47317	3.023144361917	-7.7444372177124
3	47321	3.02331108278	-7.2431721687317
3	47334	3.02417795732	-8.6243886947632
3	47338	3.02433099425	-5.7945775985718
3	47348	3.025128863892	-4.6776976585388
3	47352	3.025376268419	-7.3765497207642
3	47365	3.026116746241	-7.6432647705078
3	47369	3.026354469838	-3.78253698349
3	47379	3.027102569985	-5.183669090271
3	47383	3.027361767634	-5.309609413147
3	47396	3.02814080722	-6.7348265647888
3	47400	3.028334375044	-4.7939081192017
3	47407	3.029172877031	-8.1459970474243
3	47414	3.029355535583	-5.580738067627
3	47427	3.030176692307	-6.6635551452637
3	47431	3.030348709433	-5.9449400901794
3	47441	3.031136296323	-4.8715829849243
3	47445	3.031310107386	-8.1549549102783
3	47458	3.032129698544	-2.7218432426453
3	47462	3.032351067366	-5.0818109512329
3	47472	3.033168067293	-2.6790978908539
3	47479	3.033347712111	-9.8316383361816
3	47489	3.034161176122	-3.0775253772736
3	47493	3.034376291342	-7.3766489028931
3	47503	3.035156369412	-5.9393839836121
3	47507	3.03537639554	-6.4157161712646
3	47520	3.036179665096	-5.6613020896912
3	47524	3.036391377807	-8.3719892501831
3	47534	3.037156125941	-8.2189750671387
3	47538	3.037398916084	-7.5916309356689
3	47551	3.038112227938	-5.3645887374878
3	47555	3.038361283814	-3.0732297897339
3	47562	3.039151888789	-4.4426078796387
3	47569	3.039364506615	-7.6661267280579
3	47582	3.040189605349	-4.11585521698
3	47586	3.040374481235	-7.8312916755676
3	47596	3.041227591649	-4.8820629119873
3	47600	3.04134518471	-5.8033852577209
3	47616	3.042205370499	-6.8626799583435
3	47620	3.042304626843	-3.3662805557251
3	47630	3.043165141517	-8.0770816802979
3	47637	3.043346566206	-2.735479593277
3	47647	3.044180488919	-7.5124053955078
3	47654	3.044361532965	-8.1930055618286
3	47658	3.045168748067	-3.676771402359
3	47665	3.045323312832	-5.9812822341919
3	47678	3.046195853587	-7.2910103797913
3	47685	3.046344632868	-7.2108821868896
3	47692	3.047207727279	-3.5099973678589
3	47696	3.047323367359	-5.6233258247375
3	47709	3.048196615078	-8.5128898620605
3	47713	3.048319617614	-7.16268491745
3	47723	3.049219198016	-5.6630897521973
3	47727	3.04928678929	-5.7096343040466
3	47740	3.050242655885	-4.8412470817566
3	47744	3.05026052556	-4.5596508979797
3	47754	3.051242283718	-4.1071391105652
3	47758	3.05125926322	-5.2921848297119
3	47771	3.0522211859	-6.1659498214722
3	47775	3.052256364594	-7.0121183395386
3	47785	3.053196870668	-5.8403687477112
3	47789	3.053243596728	-6.8091683387756
3	47802	3.054233184129	-3.8251781463623
3	47806	3.05429020937	-6.678699016571
3	47816	3.055276733467	-9.0011615753174
3	47820	3.055283776824	-4.9856386184692
3	47833	3.056291320315	-6.0145139694214
3	47837	3.056305116913	-6.5528597831726
3	47847	3.057266992867	-6.381772518158
3	47851	3.057271944421	-5.1515126228333
3	47864	3.058271855833	-5.3547172546387
3	47868	3.058282784454	-5.9148321151733
3	47878	3.059255431207	-5.1397709846497
3	47882	3.059319590108	-6.6533350944519
3	47895	3.060218105372	-3.745091676712
3	47899	3.060289528964	-4.4097986221313
3	47909	3.061216730594	-7.1156878471375
3	47913	3.061316564467	-4.1373677253723
3	47929	3.062247750897	-6.9476833343506
3	47933	3.06230673286	-5.8916263580322
3	47943	3.063294719932	-9.248215675354
3	47947	3.063307495975	-6.2550210952759
3	47960	3.064264065375	-4.0570125579834
3	47964	3.064352564804	-5.9249324798584
3	47974	3.065247897485	-8.4419250488281
3	47978	3.065313391907	-5.4891986846924
3	47988	3.066235381338	-6.5230331420898
3	47992	3.066317308202	-6.6300559043884
3	48005	3.067279756692	-6.449773311615
3	48009	3.067338473209	-2.8101062774658
3	48019	3.068258930488	-4.0142583847046
3	48023	3.0683118586	-7.3289823532104
3	48036	3.069276991735	-5.7701811790466
3	48040	3.069282099096	-5.5680532455444
3	48050	3.070286811177	-3.9788255691528
3	48054	3.070305559198	-5.6641893386841
3	48067	3.071301682179	-8.295392036438
3	48071	3.071308617958	-5.8669514656067
3	48081	3.072297191367	-6.2587909698486
3	48085	3.072302929726	-4.1207265853882
3	48098	3.073260522655	-7.5157999992371
3	48102	3.073281817669	-3.3338077068329
3	48112	3.074244017707	-6.8566789627075
3	48116	3.074292283697	-9.5007762908936
3	48129	3.075289095477	-3.6989631652832
3	48133	3.07534104246	-5.858106136322
3	48143	3.076291630178	-6.8992419242859
3	48147	3.076365380643	-5.6291675567627
3	48160	3.077305097369	-4.2234563827515
3	48164	3.077402487288	-4.1408796310425
3	48171	3.078255305987	-4.8873782157898
3	48178	3.078361116954	-3.6610124111176
3	48191	3.079227611882	-4.8759188652039
3	48195	3.079353573621	-7.6878385543823
3	48205	3.080196453168	-4.1738967895508
3	48209	3.080351324343	-3.2490329742432
3	48222	3.081157142718	-4.9336290359497
3	48226	3.08135188456	-7.1698160171509
3	48233	3.082171422222	-5.727756023407
3	48240	3.082302411702	-5.2921342849731
3	48253	3.083177359762	-2.9950728416443
3	48257	3.083284901785	-5.5496945381165
3	48270	3.084192365696	-4.8656883239746
3	48274	3.084239675486	-5.2767839431763
3	48284	3.085144388006	-4.6708707809448
3	48288	3.085219266652	-10.029349327087
3	48298	3.086142046055	-5.7178950309753
3	48305	3.086177937414	-6.2725701332092
3	48315	3.08709649755	-6.9817900657654
3	48322	3.087186987469	-4.9129276275635
3	48329	3.088132640655	-4.5869908332825
3	48333	3.088206979615	-6.6319627761841
3	48346	3.089101886728	-4.6945905685425
3	48353	3.089221380147	-4.0004506111145
3	48360	3.090128866632	-5.8966612815857
3	48364	3.090178236353	-7.8631677627563
3	48377	3.091092231513	-6.5236716270447
3	48384	3.091218128704	-5.7555012702942
3	48391	3.092060041206	-3.2842783927917
3	48398	3.092233770469	-3.7925260066986
3	48411	3.093049039738	-5.6464695930481
3	48415	3.09322522359	-9.5895509719849
3	48422	3.094070073204	-6.1658596992493
3	48426	3.094217103355	-4.6230249404907
3	48442	3.095068348955	-3.803699016571
3	48446	3.095235348781	-6.7895874977112
3	48453	3.096083565548	-3.3181946277618
3	48457	3.096215416928	-7.1955437660217
3	48470	3.097090045395	-5.4115529060364
3	48477	3.097172241651	-8.4711275100708
3	48484	3.098096751986	-10.335519790649
3	48488	3.098196838271	-8.5033512115479
3	48501	3.099125050037	-6.4753746986389
3	48508	3.099181240451	-7.0795927047729
3	48515	3.10016364108	-4.637818813324
3	48519	3.100206337957	-6.1279540061951
3	48532	3.101186898247	-5.3525424003601
3	48536	3.101209413564	-5.3578553199768
3	48546	3.102165744178	-8.5340366363525
3	48550	3.102192484935	-7.0285487174988
3	48563	3.103140435496	-5.221935749054
3	48567	3.103193237435	-4.6931262016296
3	48577	3.104174882393	-6.1203932762146
3	48581	3.104179741036	-7.9995484352112
3	48594	3.105187142686	-4.6048321723938
3	48598	3.105190895647	-3.8693923950195
3	48608	3.106185009651	-4.5185494422913
3	48612	3.106234976776	-4.6837882995605
3	48625	3.107167397853	-2.6850984096527
3	48629	3.1071876689	-4.4824433326721
3	48639	3.108144007736	-4.6036334037781
3	48646	3.108192780212	-9.1147794723511
3	48656	3.109138864372	-6.159086227417
3	48660	3.109188805058	-2.4325637817383
3	48673	3.110158932435	-4.4328374862671
3	48677	3.110219212804	-6.0724902153015
3	48687	3.111177938203	-3.6508419513702
3	48691	3.111194615421	-6.616304397583
3	48701	3.112182790901	-4.4617395401001
3	48705	3.112227392866	-5.1549849510193
3	48718	3.113207270994	-4.2642707824707
3	48722	3.113222926537	-4.721134185791
3	48738	3.114176904604	-6.2720885276794
3	48742	3.114227142624	-5.7653098106384
3	48749	3.11515611964	-4.1962995529175
3	48753	3.115215759022	-8.2184057235718
3	48763	3.116154337635	-6.928277015686
3	48770	3.116255135328	-7.7186985015869
3	48780	3.117139721158	-8.2311983108521
3	48784	3.117283558918	-8.5694637298584
3	48794	3.11815833979	-4.9879865646362
3	48801	3.118279708591	-4.4865412712097
3	48811	3.119167398947	-6.3251972198486
3	48815	3.119308396915	-5.0115537643433
3	48825	3.120138899744	-6.3197770118713
3	48832	3.120263471623	-4.8787198066711
3	48842	3.121172639822	-6.9212980270386
3	48846	3.121218134661	-5.9418058395386
3	48856	3.122154715545	-5.0599946975708
3	48863	3.122230425522	-5.0962820053101
3	48876	3.123198314549	-5.3951072692871
3	48880	3.123263458725	-6.0028352737427
3	48890	3.124224108037	-9.2320003509521
3	48897	3.124254453707	-4.9852771759033
3	48907	3.125251230028	-5.0320196151733
3	48911	3.125297034834	-6.3827533721924
3	48927	3.12626539202	-6.3989887237549
3	48931	3.126290250828	-5.2046194076538
3	48938	3.127299069826	-8.1039409637451
3	48942	3.127307835997	-5.4369468688965
3	48955	3.128274384899	-4.9709730148315
3	48959	3.128338236254	-7.963210105896
3	48969	3.129269595099	-4.1272301673889
3	48973	3.129344614856	-5.3614802360535
3	48986	3.130243848285	-4.1602997779846
3	48990	3.130375846362	-6.1410999298096
3	49000	3.131239529554	-8.2677631378174
3	49004	3.131334061982	-4.9542946815491
3	49014	3.132260757362	-5.6353821754456
3	49024	3.1322901382	-6.3641357421875
3	49031	3.133232167595	-8.7092580795288
3	49035	3.133267944882	-7.9126710891724
3	49048	3.1342188737	-6.6260123252869
3	49052	3.13422433316	-5.0882744789124
3	49062	3.135210621578	-4.4013748168945
3	49066	3.13526426806	-9.7168321609497
3	49076	3.136172937344	-7.6011843681335
3	49080	3.136246446431	-8.3988180160522
3	49093	3.137207887674	-3.7147996425629
3	49097	3.137216409523	-4.1187415122986
3	49107	3.138172613258	-6.1072607040405
3	49114	3.138252117207	-5.5319566726685
3	49124	3.139153908676	-5.4919147491455
3	49128	3.139279716426	-9.0874252319336
3	49138	3.140189324951	-7.9914622306824
3	49142	3.140272006909	-8.6342611312866
3	49155	3.141231627999	-5.3673362731934
3	49159	3.141234205841	-4.38924741745
3	49169	3.142237315389	-4.7244606018066
3	49173	3.14227701478	-5.2075772285461
3	49189	3.143279629599	-6.5646405220032
3	49193	3.14332238719	-3.370546579361
3	49203	3.144280772917	-1.9943821430206
3	49207	3.144284024338	-6.0666704177856
3	49220	3.145245490353	-4.8698768615723
3	49224	3.145323376224	-6.1852326393127
3	49237	3.146286393838	-3.1195614337921
3	49241	3.146288408565	-6.3309602737427
3	49251	3.147256030355	-3.3592772483826
3	49255	3.147303205071	-6.3662023544312
3	49265	3.148266490449	-4.4312801361084
3	49269	3.148272374066	-4.5202541351318
3	49282	3.149273914386	-7.6530199050903
3	49286	3.149289236841	-4.6510276794434
3	49296	3.15028769052	-7.5959005355835
3	49300	3.150323795152	-6.5809111595154
3	49313	3.151281731385	-4.9107747077942
3	49317	3.151348063541	-4.966194152832
3	49330	3.152297314068	-2.30100440979
3	49334	3.152395744301	-5.8922319412231
3	49344	3.153325482324	-4.9639520645142
3	49348	3.153362228964	-7.7979755401611
3	49358	3.154373510083	-4.6460118293762
3	49365	3.154402746021	-6.8670706748962
3	49375	3.155336164508	-4.9561619758606
3	49379	3.155379367857	-7.3320550918579
3	49389	3.156311186612	-6.04225730896
3	49393	3.15642509389	-5.4741978645325
3	49406	3.157295466318	-3.8874487876892
3	49410	3.157388805883	-8.3578062057495
3	49420	3.158284657258	-5.0889043807983
3	49424	3.158371687338	-6.7463755607605
3	49437	3.159261163108	-4.1132459640503
3	49441	3.159409303463	-6.0281429290771
3	49451	3.160225907916	-7.0395984649658
3	49458	3.160375332346	-7.0852856636047
3	49468	3.161239076111	-3.3472392559052
3	49472	3.161368980274	-7.4913787841797
3	49482	3.162246570832	-8.3427715301514
3	49486	3.162347936824	-9.0653438568115
3	49502	3.163228871579	-8.6534109115601
3	49506	3.163304960795	-5.0926866531372
3	49513	3.164241105741	-4.51926612854
3	49523	3.164294625366	-7.9264359474182
3	49533	3.165254881144	-7.087751865387
3	49537	3.165310970472	-4.5378513336182
3	49547	3.166281780367	-4.5540614128113
3	49551	3.166293144949	-6.9675912857056
3	49564	3.167269712521	-4.6284236907959
3	49568	3.167274841019	-3.4600813388824
3	49575	3.168226229906	-8.6910448074341
3	49582	3.168324233611	-9.0890378952026
3	49595	3.169256475356	-7.6867890357971
3	49599	3.169297685509	-5.0273747444153
3	49606	3.170212810049	-7.8418598175049
3	49613	3.170292093022	-5.2232351303101
3	49626	3.171195670971	-4.6079893112183
3	49630	3.171333486705	-6.7299180030823
3	49637	3.1721547497	-3.2832314968109
3	49641	3.172285305866	-5.9855732917786
3	49657	3.173113567358	-1.2381086349487
3	49661	3.173303405559	-6.227324962616
3	49665	3.174069034552	-7.6250967979431
3	49672	3.174254562396	-6.0507369041443
3	49688	3.17506749609	-5.6076364517212
3	49692	3.175281806989	-6.9253239631653
3	49696	3.176077393113	-7.6497988700867
3	49706	3.176287843386	-6.0637626647949
3	49719	3.177028667333	-3.0643908977509
3	49723	3.177279813801	-7.1145453453064
3	49727	3.178008818151	-5.4503946304321
3	49737	3.178294420744	-7.5091891288757
3	49750	3.179044304472	-5.9683909416199
3	49754	3.179273159645	-6.1563663482666
3	49761	3.18004135247	-3.8586928844452
3	49765	3.180243386503	-7.1583385467529
3	49781	3.18101810054	-3.7211332321167
3	49785	3.181261184976	-7.6460189819336
3	49789	3.182038678136	-8.2441701889038
3	49799	3.182308025896	-5.4799308776855
3	49815	3.18308365886	-4.9049382209778
3	49819	3.183273820324	-6.2339162826538
3	49826	3.184131957398	-6.5328369140625
3	49833	3.184239519851	-6.8096170425415
3	49846	3.185149494021	-4.8741540908813
3	49850	3.185210323667	-6.619291305542
3	49857	3.186115125128	-5.3685169219971
3	49861	3.186161129396	-3.5532104969025
3	49877	3.18708740055	-5.028648853302
3	49881	3.187154595776	-6.118597984314
3	49888	3.188088198941	-4.5479216575623
3	49892	3.188108780218	-6.2161693572998
3	49908	3.189059537696	-3.7445921897888
3	49912	3.189107519592	-7.7092967033386
3	49919	3.190082339463	-5.6588521003723
3	49923	3.190086109483	-8.26686668396
3	49939	3.191078169487	-5.8310379981995
3	49943	3.191092582522	-3.8511989116669
3	49947	3.192040009263	-6.4066209793091
3	49957	3.192129012969	-5.6422696113586
3	49970	3.19306268335	-5.4172492027283
3	49974	3.19310865814	-7.4668350219727
3	49981	3.194020536386	-3.5822429656982
3	49985	3.194072156254	-4.1596150398254
3	50001	3.195029130489	-7.3057055473328
3	50005	3.195056693188	-5.1600980758667
3	50012	3.196043247746	-6.1311345100403
3	50019	3.196075735232	-5.6351799964905
3	50032	3.197049907068	-5.3996753692627
3	50036	3.197120565528	-4.4406266212463
3	50046	3.19807819292	-5.6718964576721
3	50050	3.198090623261	-5.5620551109314
3	50063	3.199061929212	-3.7200915813446
3	50067	3.199099910398	-5.4383754730225
3	50077	3.20009697833	-4.1932854652405
3	50081	3.200136026104	-4.7504944801331
3	50094	3.201101036756	-4.1558003425598
3	50098	3.201149034402	-7.580705165863
3	50105	3.202101580648	-5.1867218017578
3	50109	3.202167299089	-7.0537686347961
3	50128	3.203129583243	-5.1485323905945
3	50132	3.203140610934	-5.116042137146
3	50139	3.204102739458	-6.9170217514038
3	50143	3.20413542431	-6.8490748405457
3	50159	3.205080131872	-3.992583990097
3	50163	3.205158551885	-6.1057510375977
3	50170	3.206052030046	-5.1382308006287
3	50174	3.206115466633	-4.9123210906982
3	50187	3.207060709589	-3.1437773704529
3	50194	3.207130447798	-5.7668619155884
3	50201	3.208087379452	-5.7529134750366
3	50205	3.20815067717	-5.5546641349792
3	50218	3.209038833291	-5.7362356185913
3	50225	3.209162028791	-7.6565661430359
3	50232	3.210011236889	-11.142586708069
3	50236	3.210179967928	-6.3790431022644
3	50252	3.211036741023	-3.9178130626678
3	50256	3.211209089828	-3.9877638816833
3	50263	3.212081804435	-5.6775941848755
3	50273	3.212190552331	-8.1987781524658
3	50283	3.213090230301	-6.0719413757324
3	50287	3.213174372137	-4.4735283851624
3	50297	3.214055959664	-6.4172835350037
3	50304	3.214194184839	-6.2912864685059
3	50314	3.215031185999	-9.7515964508057
3	50318	3.21518697185	-4.2199320793152
3	50328	3.216057784833	-6.3140058517456
3	50335	3.216188941479	-5.5410494804382
3	50342	3.217031394053	-7.7156620025635
3	50349	3.217209237661	-4.7276349067688
3	50362	3.218054718382	-5.4025921821594
3	50366	3.218214285483	-5.2943806648254
3	50376	3.219055106823	-6.4440083503723
3	50380	3.219214373881	-4.3459782600403
3	50393	3.220055515552	-8.6371517181396
3	50397	3.220234191466	-6.8258996009827
3	50407	3.221080199463	-4.6436204910278
3	50411	3.221198674056	-4.2528433799744
3	50424	3.22208087789	-5.1926221847534
3	50428	3.222151736596	-5.7398929595947
3	50441	3.223057445469	-4.9217300415039
3	50445	3.223186943807	-4.6132283210754
3	50455	3.224019345447	-5.5534334182739
3	50462	3.224161066136	-6.4373707771301
3	50472	3.225002105735	-4.5964274406433
3	50476	3.225172682863	-2.6657016277313
3	50489	3.226039488534	-4.8336110115051
3	50493	3.226191910901	-7.3709316253662
3	50503	3.227018806799	-3.7019839286804
3	50507	3.227235847453	-5.8602690696716
3	50520	3.228044292851	-5.0394649505615
3	50524	3.228279592551	-5.3727169036865
3	50534	3.229030690606	-1.5965702533722
3	50538	3.229266673107	-6.8641052246094
3	50551	3.23000038638	-4.2366895675659
3	50555	3.230222109539	-5.1924495697021
3	50565	3.231038535234	-7.3942036628723
3	50569	3.231208153522	-5.3441638946533
3	50582	3.232061142161	-5.1686635017395
3	50586	3.232211970465	-9.5586128234863
3	50596	3.233088325108	-3.9942188262939
3	50600	3.233250161834	-5.8813052177429
3	50613	3.234117104063	-8.5417184829712
3	50617	3.234267207583	-4.6860089302063
3	50627	3.235082153414	-5.2468504905701
3	50631	3.235263272119	-5.8933606147766
3	50644	3.236125915386	-6.898455619812
3	50648	3.23629339726	-5.0569024085999
3	50658	3.237108893216	-5.5534944534302
3	50662	3.237320702759	-6.34326171875
3	50675	3.238125837259	-5.2443747520447
3	50679	3.238272595489	-5.3943037986755
3	50689	3.239150990831	-5.4828939437866
3	50693	3.239306657425	-5.3172268867493
3	50706	3.240194198867	-6.3400197029114
3	50710	3.240293883382	-6.409086227417
3	50720	3.241214364881	-4.9846081733704
3	50724	3.241321159533	-5.2484078407288
3	50737	3.242176065874	-3.907755613327
3	50741	3.242313201311	-6.7347650527954
3	50754	3.243225007949	-5.6177134513855
3	50758	3.243272548562	-7.7974696159363
3	50771	3.244179643951	-3.9537954330444
3	50775	3.244258661399	-7.5732951164246
3	50785	3.245187100937	-4.3867859840393
3	50792	3.245276709553	-4.4578924179077
3	50802	3.246204532272	-3.156720161438
3	50806	3.246264754716	-2.4339413642883
3	50816	3.247220599721	-6.1812953948975
3	50820	3.247241664466	-6.0130486488342
3	50833	3.248205782365	-7.2191896438599
3	50837	3.24825721846	-6.6121807098389
3	50847	3.249209196915	-4.1431736946106
3	50851	3.249244435612	-6.934413433075
3	50866	3.250176506182	-10.310545921326
3	50870	3.25029218255	-4.9831318855286
3	50880	3.251207204387	-3.5297367572784
3	50884	3.25129931852	-10.709718704224
3	50897	3.25225520271	-4.5215487480164
3	50901	3.252305811657	-4.9417443275452
3	50911	3.253210994234	-4.3273072242737
3	50915	3.253333792105	-10.640348434448
3	50928	3.254214918145	-4.284884929657
3	50932	3.254301261931	-8.9413728713989
3	50942	3.25516794037	-5.3580570220947
3	50946	3.25527597617	-5.3429417610168
3	50959	3.256125049962	-4.8326358795166
3	50963	3.256230952106	-4.8611602783203
3	50973	3.257125051434	-6.5034017562866
3	50977	3.257265676539	-7.5130958557129
3	50987	3.258132504361	-5.8531603813171
3	50991	3.258216083146	-6.547779083252
3	51004	3.259168706436	-5.0303530693054
3	51008	3.259235703896	-5.8047313690186
3	51018	3.260149495662	-5.2135710716248
3	51022	3.260236817364	-8.1234569549561
3	51035	3.26115849746	-5.9791498184204
3	51039	3.261245008833	-3.7393853664398
3	51049	3.262157761894	-4.3832759857178
3	51053	3.262220866753	-7.811619758606
3	51069	3.263135712642	-4.757474899292
3	51073	3.263223139342	-4.5312170982361
3	51083	3.264153221568	-4.2519659996033
3	51087	3.264201964376	-6.4429612159729
3	51100	3.265173733462	-4.3342814445496
3	51104	3.265237616803	-5.6680707931519
3	51114	3.266158005496	-6.6648397445679
3	51118	3.266228985787	-9.1272773742676
3	51131	3.267197773697	-6.3743510246277
3	51135	3.267247079167	-5.4364905357361
3	51145	3.268207263409	-3.5030989646912
3	51149	3.268227637258	-8.9335556030273
3	51162	3.269227526399	-4.9163913726807
3	51166	3.269249953337	-4.2059516906738
3	51176	3.270227666197	-5.7326016426086
3	51180	3.270268086056	-4.7928590774536
3	51196	3.27126980155	-4.7780523300171
3	51200	3.271271100029	-3.7076976299286
3	51207	3.272252641629	-10.205986976624
3	51211	3.272281634514	-9.0213642120361
3	51227	3.273208910665	-7.237108707428
3	51231	3.273309010867	-6.6681709289551
3	51238	3.274208576468	-4.2795820236206
3	51242	3.274267390093	-3.5932002067566
3	51258	3.275173727198	-6.113344669342
3	51262	3.275286508038	-4.5933666229248
3	51269	3.276150618	-5.1837620735168
3	51273	3.276328557624	-6.1295499801636
3	51286	3.277141214769	-3.6362655162811
3	51293	3.277347395773	-4.2333564758301
3	51300	3.278105410392	-7.9898281097412
3	51307	3.278388415576	-3.4325087070465
3	51317	3.279133984293	-7.8630948066711
3	51324	3.279429626122	-5.8905897140503
3	51331	3.280114374611	-6.3674654960632
3	51338	3.280415513426	-7.8500928878784
3	51345	3.281159823204	-4.6421155929565
3	51355	3.281455922095	-5.7663931846619
3	51362	3.282151236677	-6.3736009597778
3	51369	3.282432572336	-5.3643083572388
3	51376	3.283175515438	-6.9747176170349
3	51389	3.283473109083	-4.6086850166321
3	51399	3.284148245567	-5.9801554679871
3	51403	3.284501332721	-4.7272863388062
3	51410	3.285150756244	-3.3442325592041
3	51423	3.285511805857	-6.2790184020996
3	51427	3.286145263263	-9.7497911453247
3	51434	3.286483270194	-7.7099361419678
3	51441	3.287190329697	-3.9510607719421
3	51451	3.287479422081	-6.6858258247375
3	51458	3.288234094469	-8.3614444732666
3	51465	3.28844789704	-4.3714070320129
3	51475	3.289214452865	-4.268711566925
3	51482	3.289432662972	-5.006504535675
3	51489	3.290258760223	-5.8228158950806
3	51496	3.290470932885	-3.6046624183655
3	51506	3.291223889858	-4.8210587501526
3	51513	3.291454618064	-7.1186103820801
3	51520	3.292203329931	-4.6997723579407
3	51527	3.292487684638	-4.8612084388733
3	51534	3.29317167033	-4.6525087356567
3	51541	3.293460235449	-6.3775277137756
3	51551	3.294201636928	-6.5615754127502
3	51558	3.29442901886	-3.706535577774
3	51565	3.295206579944	-6.8317346572876
3	51569	3.295458442316	-7.2209968566895
3	51582	3.29622004457	-7.2919225692749
3	51586	3.296448991782	-6.2202610969543
3	51596	3.297174660791	-7.607367515564
3	51603	3.297449496335	-3.1290452480316
3	51613	3.29822047643	-7.6465797424316
3	51617	3.2984222648	-5.0833258628845
3	51627	3.299241669711	-3.7786252498627
3	51634	3.299428092433	-5.3275384902954
3	51644	3.300194270072	-3.5794324874878
3	51651	3.300475412362	-5.2161746025085
3	51658	3.301209340855	-3.8023183345795
3	51665	3.301464364913	-5.0861096382141
3	51675	3.302254202015	-6.255154132843
3	51682	3.302442651622	-6.8191146850586
3	51689	3.303210288398	-5.0112028121948
3	51699	3.303416156629	-7.2332968711853
3	51709	3.304223962113	-6.4588422775269
3	51713	3.304392905514	-8.6660966873169
3	51723	3.305216475404	-5.7175049781799
3	51730	3.305439816272	-2.8456475734711
3	51740	3.306228676425	-4.508650302887
3	51747	3.306415568934	-6.2151746749878
3	51754	3.307260553615	-6.6529331207275
3	51761	3.307434283288	-9.9994449615479
3	51774	3.30822972968	-4.2894968986511
3	51778	3.308435096119	-4.1701340675354
3	51785	3.309249438638	-6.2085309028625
3	51789	3.309461678934	-6.4671182632446
3	51802	3.310296590316	-4.2554502487183
3	51809	3.310510681532	-4.5037965774536
3	51816	3.3112564023	-5.1733875274658
3	51823	3.3115304113	-6.0507140159607
3	51833	3.312302553847	-5.1875896453857
3	51840	3.31256065239	-4.5717277526855
3	51847	3.313328815213	-5.1063809394836
3	51851	3.31351694661	-4.7230272293091
3	51864	3.314311928277	-5.1227283477783
3	51871	3.31450361273	-7.2020554542542
3	51878	3.315317756272	-5.0735750198364
3	51882	3.315533068343	-7.2287058830261
3	51898	3.316330374619	-3.9170002937317
3	51902	3.316503264551	-3.1771857738495
3	51909	3.317296002406	-5.5111742019653
3	51913	3.317523265353	-6.4503355026245
3	51929	3.318295950788	-5.2745423316956
3	51933	3.318547893255	-3.4086999893188
3	51940	3.319302048543	-3.7009084224701
3	51944	3.319533881765	-7.2533917427063
3	51960	3.320278365794	-6.2232055664062
3	51964	3.320492724155	-6.5612235069275
3	51971	3.321275356993	-4.6332025527954
3	51975	3.321462281697	-4.7983026504517
3	51991	3.322226436618	-3.3990252017975
3	51995	3.322431832561	-4.8987255096436
3	52002	3.323232359984	-6.2332773208618
3	52006	3.323395420594	-4.8850994110107
3	52025	3.324253850823	-6.7780518531799
3	52029	3.324440164438	-6.3625001907349
3	52036	3.325299084049	-8.0801734924316
3	52040	3.325405905421	-5.2005591392517
3	52056	3.326347407721	-5.6176614761353
3	52060	3.326376866933	-4.0667052268982
3	52067	3.327383731492	-2.9536621570587
3	52071	3.327417926537	-4.9867548942566
3	52087	3.328346709719	-4.5442824363708
3	52091	3.328435141991	-7.3004302978516
3	52098	3.329384902237	-7.8597450256348
3	52102	3.329437636338	-4.6830048561096
3	52118	3.330393785283	-3.0514097213745
3	52122	3.330436802274	-5.7596807479858
3	52129	3.33137738353	-6.4857912063599
3	52133	3.331480822629	-7.1940970420837
3	52149	3.332401385024	-3.4052946567535
3	52156	3.332477240103	-5.0856819152832
3	52160	3.333388862395	-6.0423135757446
3	52164	3.333464048269	-5.8485455513
3	52183	3.334372989775	-7.5870985984802
3	52187	3.334433225299	-8.6145486831665
3	52191	3.335324263061	-6.6431736946106
3	52195	3.335410359171	-4.5947623252869
3	52211	3.336328814243	-3.6799614429474
3	52218	3.336456632633	-5.3917379379272
3	52222	3.337365377089	-3.3260269165039
3	52226	3.337435034684	-4.4741725921631
3	52242	3.338409635034	-4.0851140022278
3	52246	3.338459827212	-2.8863739967346
3	52253	3.339437664078	-6.4191527366638
3	52257	3.33945862735	-5.1926784515381
3	52273	3.340439942668	-6.3648023605347
3	52277	3.340473726946	-8.1890211105347
3	52284	3.341398917189	-6.5388898849487
3	52288	3.341505551675	-7.2030334472656
3	52301	3.342416588567	-6.2579097747803
3	52305	3.342509207285	-5.7233281135559
3	52315	3.343430737659	-5.176682472229
3	52319	3.343522079036	-6.6813654899597
3	52335	3.34446353974	-4.3808860778809
3	52339	3.344569994328	-6.9205269813538
3	52349	3.345490367292	-6.8884701728821
3	52353	3.345556649179	-6.9075436592102
3	52366	3.346526770838	-6.6515064239502
3	52370	3.346604797567	-4.0093607902527
3	52380	3.34751064097	-3.7155809402466
3	52387	3.347584717847	-5.1328635215759
3	52397	3.348539689468	-9.2627124786377
3	52401	3.348547257724	-8.5503959655762
3	52414	3.349500439708	-5.770311832428
3	52418	3.349535977316	-7.0734462738037
3	52428	3.350510564083	-7.0945897102356
3	52432	3.350515307842	-6.6462478637695
3	52445	3.351517035119	-9.3525657653809
3	52452	3.351562945231	-3.9636540412903
3	52459	3.352536233327	-6.7854766845703
3	52463	3.352547764247	-4.5900015830994
3	52473	3.353526851017	-4.9360117912292
3	52477	3.35358347438	-5.8176488876343
3	52490	3.354547044247	-6.7009315490723
3	52494	3.354607950689	-7.8842430114746
3	52504	3.355583304342	-6.1779026985168
3	52508	3.355584462817	-5.8282985687256
3	52521	3.356575679478	-2.8579692840576
3	52525	3.356628054199	-5.233699798584
3	52535	3.357530676218	-6.2531938552856
3	52545	3.357633831917	-4.7942810058594
3	52552	3.358528298897	-3.5040111541748
3	52559	3.358678395519	-5.7633023262024
3	52569	3.359547372757	-5.4789509773254
3	52576	3.359724580652	-8.7888784408569
3	52583	3.360528182647	-7.368362903595
3	52590	3.360734744816	-7.0028514862061
3	52600	3.361486461707	-4.6906590461731
3	52607	3.36175640433	-7.269109249115
3	52614	3.362532692432	-7.5885782241821
3	52621	3.362723884807	-3.8423628807068
3	52637	3.363507079503	-5.8907909393311
3	52644	3.36374704713	-5.2681474685669
3	52648	3.364472047529	-4.5494060516357
3	52655	3.364697489806	-8.1718864440918
3	52662	3.365426874722	-7.1907858848572
3	52675	3.36566930481	-7.7760820388794
3	52679	3.366457275848	-13.453575134277
3	52683	3.366657513689	-6.6199817657471
3	52693	3.367437477739	-4.5818567276001
3	52703	3.367686166225	-7.6514234542847
3	52710	3.368403737066	-6.9940137863159
3	52714	3.368637431276	-6.2534670829773
3	52724	3.369440279385	-5.5830836296082
3	52734	3.369643843356	-5.1905360221863
3	52741	3.370436516631	-4.9935235977173
3	52745	3.370637989287	-4.5905227661133
3	52755	3.37143769363	-5.9217929840088
3	52765	3.37168208593	-4.9235067367554
3	52772	3.372485284088	-6.0660996437073
3	52776	3.372702735129	-8.8927736282349
3	52786	3.373491150697	-3.9550132751465
3	52796	3.373747395054	-8.1483116149902
3	52803	3.374483994696	-4.8713421821594
3	52807	3.374710609657	-7.3891639709473
3	52820	3.375492842586	-4.4860987663269
3	52827	3.375661686369	-4.8199982643127
3	52834	3.376536633366	-6.1539463996887
3	52838	3.376637267401	-7.9052262306213
3	52851	3.377496505564	-6.2527470588684
3	52858	3.37759446239	-5.8378052711487
3	52865	3.378541726402	-7.6738028526306
3	52869	3.378639611902	-5.7566909790039
3	52885	3.379520540283	-6.7013483047485
3	52889	3.379592671803	-7.2332549095154
3	52896	3.380520361848	-5.8405075073242
3	52900	3.380554156153	-6.1148729324341
3	52916	3.381529641034	-5.9397382736206
3	52920	3.381564537217	-5.644145488739
3	52927	3.382498699086	-5.4078369140625
3	52931	3.38261087218	-10.729738235474
3	52950	3.383469617319	-6.1866874694824
3	52954	3.383639507645	-3.1907720565796
3	52961	3.384476379227	-5.0420475006104
3	52965	3.384610531544	-5.5183663368225
3	52978	3.385438702671	-7.0311059951782
3	52988	3.385646408543	-3.8668487071991
3	52992	3.386459515985	-5.8711862564087
3	52996	3.386606846562	-7.7585105895996
3	53009	3.387442624159	-7.6798720359802
3	53013	3.38757656577	-5.0310935974121
3	53023	3.388451064668	-5.8032031059265
3	53027	3.388614022551	-5.6100935935974
3	53040	3.389405099704	-3.2768371105194
3	53047	3.389587831714	-5.3032369613647
3	53054	3.390417550947	-7.7021408081055
3	53058	3.390569890085	-7.0311141014099
3	53071	3.391413688386	-7.8597931861877
3	53075	3.391538720514	-3.5818130970001
3	53085	3.392409450875	-7.7507343292236
3	53089	3.392548502662	-6.8759388923645
3	53102	3.393434447306	-6.283203125
3	53106	3.393595363795	-8.8872013092041
3	53116	3.394473134293	-4.7117872238159
3	53120	3.394575253846	-4.5094623565674
3	53133	3.395445061474	-4.220244884491
3	53137	3.395571758337	-4.8181481361389
3	53147	3.396400068158	-4.5856895446777
3	53151	3.39659423518	-4.0257954597473
3	53164	3.397444588487	-4.5746150016785
3	53168	3.39755518044	-8.3594913482666
3	53178	3.398481760893	-5.8927893638611
3	53182	3.398601923182	-4.2456936836243
3	53195	3.399451572771	-2.6190457344055
3	53199	3.399621907648	-5.0627436637878
3	53209	3.400459763975	-4.0197257995605
3	53213	3.400573845845	-4.9542679786682
3	53223	3.401477303968	-6.6181964874268
3	53230	3.401597440326	-4.0640349388123
3	53240	3.402467103096	-6.2783370018005
3	53244	3.402642807902	-5.4883584976196
3	53254	3.403470341123	-5.9137830734253
3	53264	3.4036435338	-6.4570517539978
3	53274	3.404446436846	-6.7188096046448
3	53278	3.404621172489	-5.1163673400879
3	53288	3.405485269817	-6.6084985733032
3	53295	3.405608511676	-6.0587058067322
3	53305	3.406452507733	-6.8588366508484
3	53309	3.406609500894	-4.5277833938599
3	53322	3.407490517479	-4.7795524597168
3	53329	3.407655476614	-7.361517906189
3	53336	3.408511553195	-5.2673745155334
3	53340	3.408626457411	-3.0970320701599
3	53356	3.409521827035	-6.6310167312622
3	53360	3.409592974211	-6.559103012085
3	53367	3.41054562361	-3.9315121173859
3	53371	3.410588438906	-8.7943506240845
3	53387	3.411543897433	-5.7639741897583
3	53391	3.411547309794	-5.3412833213806
3	53398	3.412498941739	-4.7774176597595
3	53402	3.412553609344	-6.020170211792
3	53418	3.413528043521	-9.5375356674194
3	53422	3.413559347051	-7.752902507782
3	53429	3.414521902255	-4.9387245178223
3	53436	3.414572736679	-4.3275051116943
3	53449	3.415477351069	-7.0783619880676
3	53453	3.415538701043	-7.4356923103333
3	53460	3.416526360665	-7.3025803565979
3	53464	3.416535103721	-3.7345623970032
3	53480	3.417484721463	-4.0197563171387
3	53484	3.417584214364	-4.7458519935608
3	53491	3.418516768693	-3.9875237941742
3	53495	3.418575466233	-6.4583072662354
3	53511	3.419507639861	-5.1855716705322
3	53515	3.419529133954	-4.0062298774719
3	53522	3.420526550042	-5.2861018180847
3	53526	3.420577426371	-6.8604855537415
3	53542	3.421548854825	-8.0200395584106
3	53546	3.421553429571	-2.5039434432983
3	53556	3.422578924555	-6.751335144043
3	53560	3.422598784429	-4.2067213058472
3	53576	3.423577534153	-5.9938893318176
3	53580	3.423599030987	-6.4666619300842
3	53587	3.424608638741	-6.8687281608582
3	53591	3.42461975988	-4.2132029533386
3	53607	3.425579558197	-5.4560041427612
3	53611	3.425600291248	-6.7766513824463
3	53618	3.426531388259	-4.8247313499451
3	53622	3.42663184928	-5.2528877258301
3	53638	3.427507111403	-7.7169070243835
3	53642	3.427633006137	-3.346440076828
3	53649	3.428537299857	-4.9623537063599
3	53656	3.428680597699	-6.2752404212952
3	53669	3.429510136518	-4.5820116996765
3	53673	3.429656796339	-5.3739991188049
3	53683	3.430469185824	-3.4324872493744
3	53687	3.430627064827	-4.2918376922607
3	53697	3.4314439661	-5.3869829177856
3	53704	3.431638057357	-6.2236061096191
3	53711	3.432449227178	-5.5663232803345
3	53718	3.432666099728	-3.8907463550568
3	53728	3.433471299484	-5.1432509422302
3	53735	3.433693461009	-7.5781321525574
3	53745	3.434502370967	-4.2681317329407
3	53749	3.434659688198	-6.8944449424744
3	53759	3.435512333178	-3.1648049354553
3	53763	3.435677422257	-4.7734441757202
3	53773	3.436505473906	-4.1973066329956
3	53780	3.436703700961	-7.2485556602478
3	53790	3.437541716873	-4.815417766571
3	53794	3.437691687861	-3.7731885910034
3	53804	3.438552688924	-7.5367698669434
3	53811	3.438649021479	-4.987913608551
3	53821	3.439558708514	-6.3849549293518
3	53825	3.439652717269	-4.7377309799194
3	53835	3.440554722072	-5.8504447937012
3	53839	3.440654358531	-7.2172722816467
3	53852	3.441548425381	-3.5641946792603
3	53856	3.441662669909	-5.5794267654419
3	53866	3.44250976773	-4.6227498054504
3	53873	3.442641282625	-3.3796668052673
3	53886	3.44349280899	-4.6949019432068
3	53893	3.443639794867	-5.9579677581787
3	53900	3.444520569891	-5.1883654594421
3	53907	3.444653875604	-4.4704985618591
3	53917	3.445473030333	-9.0514583587646
3	53924	3.445618385459	-4.92027759552
3	53934	3.446461113504	-5.1825547218323
3	53938	3.446576442295	-6.4166216850281
3	53945	3.447440070021	-5.9011287689209
3	53955	3.447562590343	-5.7967066764832
3	53962	3.448419217609	-4.3649258613586
3	53966	3.448550157276	-4.1033964157104
3	53976	3.449445392546	-5.3981237411499
3	53983	3.44956193855	-6.0663390159607
3	53993	3.45042564865	-6.3730044364929
3	54000	3.450560054519	-5.9371361732483
3	54013	3.451448691868	-5.2113342285156
3	54017	3.451582916919	-4.2086939811707
3	54024	3.452459018849	-3.7264492511749
3	54031	3.452584612194	-6.1094965934753
3	54041	3.453447307729	-7.4312014579773
3	54048	3.45355728587	-6.1667876243591
3	54055	3.454411642921	-4.6258702278137
3	54062	3.454561406753	-5.4597964286804
3	54072	3.455365160016	-5.7686066627502
3	54079	3.455549134504	-2.3909142017365
3	54086	3.456407385135	-7.2581038475037
3	54093	3.456502281413	-5.5237975120544
3	54103	3.45737664005	-5.7370157241821
3	54107	3.457514819355	-5.0679020881653
3	54117	3.458416308824	-5.9435224533081
3	54121	3.458480663602	-8.4463338851929
3	54134	3.459449674175	-6.6340351104736
3	54138	3.459485138718	-7.0990543365479
3	54148	3.46040072271	-4.7997450828552
3	54152	3.460465849622	-2.8489925861359
3	54168	3.461362721628	-5.9149646759033
3	54172	3.461494113016	-8.3252038955688
3	54179	3.462376006267	-2.4604260921478
3	54183	3.462454635133	-9.1904268264771
3	54199	3.463378333008	-6.0829181671143
3	54206	3.463456267601	-4.9029068946838
3	54213	3.464407762897	-6.2448840141296
3	54217	3.464499990497	-7.3334903717041
3	54230	3.465381864554	-4.9190807342529
3	54234	3.46548922857	-7.9651517868042
3	54244	3.466356319367	-5.8824076652527
3	54248	3.466454787375	-5.6017317771912
3	54261	3.467401501739	-4.9210920333862
3	54268	3.467414223168	-6.1251783370972
3	54275	3.468421229374	-8.6782522201538
3	54279	3.468459334172	-8.1461200714111
3	54295	3.469392208871	-4.5000176429749
3	54299	3.46942730993	-4.0719380378723
3	54306	3.470349549749	-6.6971654891968
3	54310	3.470436912772	-6.2690491676331
3	54326	3.471334914361	-6.0601177215576
3	54330	3.471393213204	-5.2028760910034
3	54337	3.472343724272	-5.3201222419739
3	54341	3.472407399339	-6.4549703598022
3	54354	3.473343422986	-4.2817711830139
3	54358	3.473358023923	-4.3541994094849
3	54368	3.474310767742	-3.0461320877075
3	54372	3.474363288616	-8.4079866409302
3	54382	3.47533480972	-3.9459738731384
3	54389	3.475399185049	-5.1211838722229
3	54399	3.476380732471	-7.8987383842468
3	54403	3.476407891649	-6.4197630882263
3	54419	3.477380600709	-6.870313167572
3	54423	3.477407435793	-5.4200882911682
3	54430	3.478418929564	-3.9031541347504
3	54434	3.47844472236	-4.1247987747192
3	54450	3.479423155895	-6.0912661552429
3	54454	3.47946492661	-5.3606142997742
3	54461	3.480466590123	-3.8440504074097
3	54465	3.48047228257	-6.6786551475525
3	54481	3.481451999483	-6.306893825531
3	54485	3.481492676327	-5.9401693344116
3	54492	3.482415154213	-5.7304739952087
3	54496	3.482522597608	-5.2021446228027
3	54515	3.4834104214	-3.7257895469666
3	54519	3.483494282718	-5.8813600540161
3	54526	3.48445230923	-5.1166391372681
3	54530	3.484452679095	-5.9366779327393
3	54546	3.485402855805	-4.2113032341003
3	54550	3.485481675105	-3.6940040588379
3	54557	3.486356402233	-8.4006185531616
3	54561	3.486485763017	-2.5239880084991
3	54577	3.487372851743	-5.4374032020569
3	54581	3.487460013627	-3.6741125583649
3	54588	3.488408695024	-5.9830613136292
3	54592	3.488508134547	-3.8779938220978
3	54608	3.489398459311	-6.4927749633789
3	54612	3.489474211139	-8.5813522338867
3	54619	3.49037263404	-4.3520216941833
3	54623	3.490431062248	-5.9829139709473
3	54639	3.491326181355	-7.8119521141052
3	54643	3.491421599091	-3.2525193691254
3	54650	3.492347170455	-3.4897563457489
3	54654	3.492385197853	-7.7352814674377
3	54670	3.493334788602	-3.8640990257263
3	54674	3.493399545902	-6.5024056434631
3	54681	3.494373201535	-4.3759365081787
3	54685	3.494409294203	-6.1029114723206
3	54701	3.495358428198	-6.7179880142212
3	54705	3.495374478006	-4.8615889549255
3	54712	3.496329025252	-5.9337811470032
3	54716	3.496353226701	-4.5480408668518
3	54732	3.49731378602	-4.2924056053162
3	54736	3.497390850688	-5.8891768455505
3	54743	3.498358826512	-4.9536757469177
3	54747	3.498359899346	-7.7628045082092
3	54763	3.499312929106	-5.0904450416565
3	54767	3.4993550042	-4.5019226074219
3	54776	3.500299541187	-5.9678020477295
3	54780	3.500306681542	-5.1226348876953
3	54796	3.501317139955	-6.4773635864258
3	54800	3.501322585016	-7.4521269798279
3	54807	3.502311050564	-7.5324726104736
3	54811	3.502320745456	-9.164496421814
3	54830	3.503297826629	-9.0129156112671
3	54834	3.50333331019	-6.5435700416565
3	54841	3.504251020039	-5.1340126991272
3	54845	3.504290816343	-4.5200214385986
3	54861	3.505286914198	-5.7487416267395
3	54865	3.505312147074	-9.0369234085083
3	54872	3.50629913847	-2.8307869434357
3	54876	3.506306158958	-5.966212272644
3	54892	3.507289410603	-10.380291938782
3	54896	3.507307533254	-7.8647422790527
3	54903	3.508297259111	-5.0530123710632
3	54907	3.508319871935	-4.8040628433228
3	54923	3.509295480429	-5.1459455490112
3	54927	3.50933189725	-7.8920679092407
3	54934	3.510264999385	-1.9238721132278
3	54938	3.510297341589	-6.1195945739746
3	54954	3.511297070413	-4.1886034011841
3	54958	3.511343580954	-3.4658370018005
3	54965	3.512274142392	-4.5702128410339
3	54969	3.512334324704	-7.6029953956604
3	54985	3.513255241473	-6.4159913063049
3	54989	3.513378599541	-7.7232327461243
3	54996	3.514210850251	-5.5100002288818
3	55003	3.514330661827	-5.5280814170837
3	55016	3.515183737883	-3.3190088272095
3	55020	3.515303082546	-6.7822494506836
3	55027	3.516181804899	-4.5816411972046
3	55034	3.516297723873	-4.6533007621765
3	55047	3.517165092917	-4.2740478515625
3	55051	3.517295360025	-4.8692779541016
3	55055	3.518133823946	-4.2162275314331
3	55065	3.518270666621	-6.4021334648132
3	55078	3.519104403499	-4.3420219421387
3	55082	3.519251520579	-3.9519226551056
3	55086	3.520139901144	-5.8825430870056
3	55093	3.520264772023	-5.7108778953552
3	55109	3.521117560458	-4.6857137680054
3	55113	3.52126854851	-5.3993306159973
3	55120	3.522165397884	-7.4667992591858
3	55124	3.522228942365	-6.7839827537537
3	55143	3.523199876376	-3.3770942687988
3	55147	3.52321329116	-5.6751351356506
3	55154	3.524152609668	-7.4724698066711
3	55158	3.524188583137	-5.0418071746826
3	55174	3.525159913968	-4.5420265197754
3	55178	3.525160386765	-5.2069611549377
3	55182	3.526134214919	-6.4342651367188
3	55186	3.526181099775	-7.010308265686
3	55202	3.527113405756	-5.3949809074402
3	55209	3.52718927759	-5.6325273513794
3	55216	3.528150897979	-5.7648515701294
3	55220	3.528202386741	-4.9997119903564
3	55236	3.529169532087	-5.1692605018616
3	55240	3.529222580392	-4.0187697410583
3	55244	3.530197829346	-2.732987165451
3	55248	3.530215321571	-6.2394733428955
3	55264	3.531171541318	-3.5898330211639
3	55271	3.531199116417	-6.3764209747314
3	55278	3.532181312494	-1.9763011932373
3	55282	3.532247501912	-4.8142905235291
3	55295	3.533144212046	-4.8345971107483
3	55302	3.533271834587	-5.0973381996155
3	55306	3.534192407647	-7.0594696998596
3	55310	3.534262813551	-6.3414187431335
3	55326	3.535192879354	-8.1535139083862
3	55330	3.535248741199	-6.6720576286316
3	55337	3.536209538627	-4.7771201133728
3	55344	3.53628811668	-5.7108812332153
3	55360	3.537258424162	-3.1884942054749
3	55364	3.537284500431	-5.3751091957092
3	55368	3.538246620836	-2.2836678028107
3	55372	3.538272485377	-6.4732937812805
3	55391	3.539281112818	-7.6611256599426
3	55395	3.539282485068	-5.4762740135193
3	55399	3.540256035843	-3.8799166679382
3	55403	3.540298467216	-8.9242153167725
3	55419	3.541221203145	-6.4750719070435
3	55426	3.54134247449	-6.9689955711365
3	55430	3.542263093656	-4.6896305084229
3	55437	3.542359437463	-5.7180285453796
3	55456	3.543247052332	-8.972092628479
3	55460	3.543398008417	-5.6134400367737
3	55464	3.544264967556	-8.0930309295654
3	55468	3.544398871032	-7.3261017799377
3	55487	3.545285347071	-8.8429746627808
3	55491	3.545417331561	-4.9852318763733
3	55495	3.546278638134	-6.5671925544739
3	55499	3.546374754073	-6.5548186302185
3	55518	3.547260613641	-9.2063426971436
3	55522	3.547363058529	-6.9092869758606
3	55526	3.548310609853	-5.0660462379456
3	55530	3.548334534288	-3.959397315979
3	55549	3.549275932864	-3.842310667038
3	55553	3.54935987954	-4.5217237472534
3	55557	3.550276437812	-6.0654029846191
3	55561	3.55031550815	-4.1310715675354
3	55580	3.551278305111	-6.9289555549622
3	55584	3.551281455598	-7.5473284721375
3	55591	3.552264448029	-5.9387502670288
3	55595	3.552264897402	-6.7666692733765
3	55608	3.553224729427	-6.3636879920959
3	55612	3.553293098978	-7.6915531158447
3	55622	3.554243918032	-4.7290587425232
3	55629	3.55431946151	-7.8547959327698
3	55639	3.555228778668	-6.3978662490845
3	55646	3.555308336974	-4.6505489349365
3	55656	3.556245436433	-4.5643734931946
3	55660	3.556292638325	-8.7716054916382
3	55673	3.557243423489	-4.3646478652954
3	55677	3.557286143055	-5.7750005722046
3	55687	3.558269991779	-5.2835459709167
3	55691	3.558319465044	-8.1053161621094
3	55704	3.559312545815	-5.8625931739807
3	55708	3.559364355438	-7.6962833404541
3	55718	3.560277066355	-3.8205361366272
3	55725	3.560384858451	-6.1823825836182
3	55735	3.561238362702	-6.3526973724365
3	55739	3.561401751725	-6.0891513824463
3	55749	3.562285831804	-7.4988970756531
3	55753	3.562367646607	-11.537133216858
3	55769	3.563313695235	-4.4063816070557
3	55773	3.56338884932	-7.8164191246033
3	55786	3.564312686916	-6.8767437934875
3	55790	3.564396779498	-9.2857437133789
3	55800	3.565277155222	-5.7042875289917
3	55804	3.565368842474	-8.186897277832
3	55814	3.566286084998	-5.294499874115
3	55818	3.566318848026	-6.1281337738037
3	55831	3.567313404898	-5.7750205993652
3	55835	3.567329288985	-2.6681504249573
3	55845	3.568292390714	-4.8708472251892
3	55849	3.568337829434	-5.8503012657166
3	55862	3.569282226562	-4.650043964386
3	55866	3.569310218085	-4.8577971458435
3	55876	3.57024532014	-5.4280152320862
3	55883	3.570321815265	-8.0295495986938
3	55890	3.571282652462	-6.01868724823
3	55894	3.571287881649	-5.6795287132263
3	55910	3.572261897699	-6.0526223182678
3	55914	3.572267849981	-4.0934557914734
3	55921	3.573215006351	-6.2975478172302
3	55925	3.573218129596	-5.8027682304382
3	55938	3.574165912429	-6.3026580810547
3	55942	3.574249458007	-5.9080166816711
3	55952	3.57519780132	-5.6737399101257
3	55956	3.575243188756	-10.384474754333
3	55969	3.576188096629	-4.3170428276062
3	55973	3.576211543556	-5.023663520813
3	55983	3.577178263026	-3.5454123020172
3	55987	3.577182691924	-4.2971892356873
3	56000	3.578129302232	-5.9510598182678
3	56004	3.578175509169	-5.6233263015747
3	56014	3.579101986149	-4.7214622497559
3	56018	3.579191111146	-3.3262348175049
3	56031	3.580058818044	-4.3853435516357
3	56038	3.580203691918	-5.070894241333
3	56045	3.581055917949	-5.4717879295349
3	56049	3.581196399693	-3.8648679256439
3	56059	3.582081239604	-5.2312593460083
3	56066	3.58221948575	-4.9847364425659
3	56079	3.583041650366	-4.0348310470581
3	56083	3.583187534851	-4.8912053108215
3	56093	3.584077906375	-5.3556537628174
3	56100	3.584179992017	-5.6425104141235
3	56110	3.585056669286	-5.4579377174377
3	56114	3.585221709805	-6.4934940338135
3	56124	3.586034046235	-5.2527952194214
3	56131	3.586240203612	-5.5472197532654
3	56141	3.587074691735	-3.8825485706329
3	56145	3.587262449588	-6.4880924224854
3	56152	3.588086544434	-4.8789601325989
3	56162	3.588292241288	-5.2706971168518
3	56172	3.589109467113	-3.2497093677521
3	56179	3.589304651317	-3.5694954395294
3	56186	3.590068128206	-6.4232182502747
3	56193	3.590326989413	-5.7760677337646
3	56203	3.591022939707	-4.3815479278564
3	56210	3.591361260368	-8.2476463317871
3	56214	3.591998480615	-3.4408304691315
3	56221	3.59237264209	-8.4720840454102
3	56234	3.592959988404	-2.4711256027222
3	56241	3.593367411524	-5.9992570877075
3	56245	3.594004960556	-5.9907994270325
3	56252	3.594379011038	-5.2861995697021
3	56265	3.594967149166	-6.9966721534729
3	56272	3.595401778887	-7.5092477798462
3	56276	3.595995522806	-5.4443006515503
3	56283	3.596418273562	-3.9045281410217
3	56296	3.596974706232	-4.6669206619263
3	56303	3.597375116616	-4.1220965385437
3	56307	3.59799798314	-5.929229259491
3	56320	3.598402354201	-5.780378818512
3	56327	3.599018683478	-6.9556350708008
3	56334	3.599446327554	-4.9957528114319
3	56341	3.600052690364	-6.6147012710571
3	56348	3.600461387085	-4.6315317153931
3	56358	3.601092655892	-3.480489730835
3	56365	3.601462304558	-6.0923132896423
3	56372	3.602125653263	-7.0618143081665
3	56382	3.602475580711	-6.6033205986023
3	56392	3.603140456079	-5.6523108482361
3	56399	3.603478116467	-4.899435043335
3	56406	3.6041605409	-8.5800609588623
3	56413	3.604471762196	-5.4800186157227
3	56423	3.605197808138	-4.4414753913879
3	56430	3.605436664778	-5.2494497299194
3	56437	3.606245705349	-7.9469456672668
3	56444	3.606403049274	-6.0556793212891
3	56454	3.60725816637	-5.5446352958679
3	56458	3.607423768159	-7.9443092346191
3	56468	3.608208490945	-5.0813894271851
3	56475	3.608416623252	-5.8559951782227
3	56485	3.60920945755	-4.8396739959717
3	56492	3.609391176803	-5.4111371040344
3	56499	3.610203436544	-6.1026902198792
3	56506	3.610386019593	-5.2936716079712
3	56516	3.611207156179	-8.1286878585815
3	56523	3.611343179609	-3.6578893661499
3	56530	3.61225075889	-5.3999934196472
3	56534	3.612349560154	-4.4824805259705
3	56547	3.613206152618	-5.3213315010071
3	56554	3.613374698151	-8.2641544342041
3	56561	3.614212298579	-5.9803152084351
3	56568	3.614363517383	-5.4617857933044
3	56578	3.61525819577	-4.2456846237183
3	56585	3.615314723851	-6.0440335273743
3	56595	3.6162418319	-5.2236356735229
3	56599	3.616284704747	-5.3577032089233
3	56612	3.617224032796	-4.4811820983887
3	56616	3.617326941724	-8.7545480728149
3	56626	3.618273153059	-5.8547830581665
3	56630	3.618306483949	-4.3983497619629
3	56643	3.619233139776	-3.7335956096649
3	56647	3.619330203549	-6.8920617103577
3	56657	3.620257815932	-3.797821521759
3	56661	3.620356986473	-9.4114608764648
3	56674	3.621286411063	-6.9550914764404
3	56678	3.621329613843	-7.2009701728821
3	56688	3.622322512357	-6.7214970588684
3	56695	3.622364069909	-6.6865744590759
3	56708	3.623319775615	-5.3060398101807
3	56712	3.623393406966	-6.5386681556702
3	56722	3.624324603143	-6.1054921150208
3	56729	3.62443100879	-4.313316822052
3	56739	3.625346358435	-4.6067323684692
3	56743	3.625438977142	-5.3900451660156
3	56756	3.626335662703	-6.7645406723022
3	56760	3.626449504091	-5.2807521820068
3	56770	3.627363370902	-2.858763217926
3	56774	3.627439134865	-4.9255781173706
3	56787	3.628368414138	-6.957576751709
3	56791	3.628450899055	-6.4963521957397
3	56801	3.629409650473	-4.3677701950073
3	56805	3.629417118037	-9.9256324768066
3	56818	3.630412022636	-6.0825085639954
3	56822	3.630451110165	-6.2616848945618
3	56832	3.63143418324	-3.93208527565
3	56836	3.631465923169	-7.595892906189
3	56846	3.632399639495	-7.7298097610474
3	56853	3.632447955013	-6.6994910240173
3	56863	3.633409298198	-7.8046102523804
3	56867	3.633484571158	-5.6150121688843
3	56877	3.634416013763	-5.5648822784424
3	56881	3.634520675853	-5.5465621948242
3	56894	3.635441379808	-10.082783699036
3	56898	3.635522531175	-3.1291751861572
3	56908	3.636486930625	-6.0180158615112
3	56912	3.636502489569	-4.6176404953003
3	56925	3.637461343123	-4.7400784492493
3	56929	3.637479599587	-5.9273657798767
3	56939	3.638485814387	-3.5981981754303
3	56943	3.638528786469	-7.8487873077393
3	56956	3.639439938069	-5.3087959289551
3	56960	3.63950299585	-4.3741722106934
3	56970	3.64048818273	-7.6244134902954
3	56974	3.640488598348	-7.289402961731
3	56987	3.641499103291	-6.384340763092
3	56991	3.641538040841	-3.9847230911255
3	57001	3.642492293959	-3.9292550086975
3	57005	3.642561080752	-6.0463843345642
3	57021	3.643500869275	-4.4978575706482
3	57025	3.643584981589	-5.7829837799072
3	57038	3.644531869448	-5.0256910324097
3	57042	3.644574765271	-4.6173210144043
3	57052	3.645529233309	-4.3737292289734
3	57056	3.64553899896	-5.3878064155579
3	57069	3.646516820566	-5.5290341377258
3	57073	3.646538065853	-7.848566532135
3	57083	3.647506180024	-5.2157144546509
3	57090	3.647571528579	-4.8121600151062
3	57100	3.648550781333	-8.5715131759644
3	57107	3.648605931094	-4.8805003166199
3	57117	3.649565789585	-4.5020051002502
3	57121	3.649574098161	-7.2925982475281
3	57134	3.650591805699	-6.6541213989258
3	57138	3.650612750935	-5.7828617095947
3	57148	3.651589874803	-8.3905267715454
3	57152	3.651593230918	-5.8978056907654
3	57162	3.652578857022	-4.2051968574524
3	57166	3.652585847019	-5.5777888298035
3	57179	3.653540049162	-6.1407656669617
3	57183	3.65360915911	-9.4216985702515
3	57193	3.654582618993	-8.5846395492554
3	57197	3.654655901475	-5.0455617904663
3	57207	3.655571278167	-3.6247100830078
3	57211	3.655632340438	-5.3653593063354
3	57224	3.656529235504	-6.3285083770752
3	57228	3.656616232565	-4.9331655502319
3	57238	3.657506987833	-8.8434925079346
3	57245	3.657608249429	-4.3258700370789
3	57255	3.65853210354	-3.7712528705597
3	57259	3.658567505553	-3.975928068161
3	57269	3.659519841434	-4.7052454948425
3	57276	3.659613404235	-5.673454284668
3	57286	3.660486598614	-5.0545897483826
3	57293	3.660607869546	-5.3675060272217
3	57300	3.661449844567	-4.2332510948181
3	57304	3.661571098148	-4.8167734146118
3	57323	3.662415221747	-4.610734462738
3	57327	3.662591933724	-4.7883896827698
3	57331	3.663425041334	-5.7129917144775
3	57338	3.663563616364	-7.408905506134
3	57351	3.664457874951	-5.2270631790161
3	57358	3.664544270781	-4.7369656562805
3	57365	3.665489723185	-7.3048210144043
3	57369	3.66557860811	-7.4850363731384
3	57382	3.666478849002	-6.99724817276
3	57389	3.666626864251	-8.0431318283081
3	57396	3.667465411722	-3.9099254608154
3	57400	3.667614833706	-6.3359332084656
3	57410	3.668444318385	-7.1549515724182
3	57420	3.668659435541	-5.7631144523621
3	57424	3.669491054153	-5.2604064941406
3	57431	3.669680576006	-4.0070691108704
3	57444	3.670529767319	-8.2322187423706
3	57448	3.67064834724	-7.8328084945679
3	57458	3.671561260601	-6.6054134368896
3	57462	3.671683984907	-2.8754785060883
3	57475	3.672555407079	-5.0819382667542
3	57479	3.672648189203	-4.6989102363586
3	57489	3.673598373335	-4.3215847015381
3	57493	3.673663080273	-4.4679660797119
3	57506	3.67455434902	-3.6265437602997
3	57510	3.67468244325	-5.5425696372986
3	57520	3.675530569293	-5.2106294631958
3	57524	3.675670618809	-6.0965533256531
3	57537	3.676573181259	-5.4217548370361
3	57541	3.676665030537	-7.9480557441711
3	57551	3.677582352447	-10.104858398438
3	57555	3.677620641349	-5.8657994270325
3	57565	3.678557111904	-5.5707244873047
3	57569	3.678632585048	-7.2603764533997
3	57585	3.679591081242	-6.1783452033997
3	57589	3.679658581634	-7.0253643989563
3	57599	3.680579644126	-6.6065921783447
3	57603	3.680642675421	-6.6959633827209
3	57616	3.681619610525	-4.9764037132263
3	57620	3.681632261019	-5.3413443565369
3	57630	3.682601034663	-4.4113302230835
3	57634	3.682624375361	-9.845965385437
3	57647	3.683613391416	-5.4630665779114
3	57654	3.683641141499	-4.2088470458984
3	57661	3.68457398439	-4.2696080207825
3	57665	3.684622921851	-4.5293507575989
3	57678	3.685586953124	-3.0821452140808
3	57682	3.685589539025	-5.7997107505798
3	57692	3.686552915968	-4.2704839706421
3	57696	3.686585628538	-4.7356886863708
3	57712	3.687564479059	-5.2990102767944
3	57716	3.687594581302	-6.4544835090637
3	57723	3.688558659769	-7.0409436225891
3	57727	3.68860513436	-8.6341276168823
3	57740	3.689556343574	-5.6146855354309
3	57744	3.689626715406	-4.5135388374329
3	57754	3.690577547754	-5.9732327461243
3	57761	3.690655051627	-5.008291721344
3	57771	3.691563105071	-7.266242980957
3	57775	3.691618847874	-7.5288400650024
3	57788	3.692572598676	-8.3624143600464
3	57792	3.692601295983	-4.9120512008667
3	57802	3.69357697502	-6.2241187095642
3	57806	3.693603754593	-6.7397112846375
3	57816	3.694575339816	-5.0531716346741
3	57820	3.694615252971	-8.2621164321899
3	57833	3.695571943374	-7.8042168617249
3	57837	3.695642420635	-6.3861975669861
3	57847	3.696566554892	-4.2314810752869
3	57851	3.696664704193	-4.1045732498169
3	57864	3.697566149666	-5.7813968658447
3	57868	3.697622121877	-5.6218376159668
3	57878	3.698585793064	-5.1214127540588
3	57885	3.698610026788	-8.266134262085
3	57895	3.699569145994	-7.0381937026978
3	57899	3.699591466229	-7.1527109146118
3	57912	3.700537619473	-6.9208083152771
3	57916	3.700628187802	-5.3776521682739
3	57926	3.701496432912	-6.1001400947571
3	57930	3.701656514999	-4.9311723709106
3	57940	3.702510126923	-5.5487027168274
3	57947	3.702690677136	-3.3753683567047
3	57960	3.70350774703	-5.5585703849792
3	57964	3.70371373165	-6.0259108543396
3	57974	3.704496109305	-6.0281510353088
3	57981	3.704716158323	-8.1769495010376
3	57991	3.705465926796	-4.0766215324402
3	57995	3.70568948865	-9.443977355957
3	58002	3.70646917501	-3.6219923496246
3	58012	3.706690671769	-5.2719769477844
3	58022	3.707481234952	-3.942387342453
3	58026	3.707674479915	-4.7163605690002
3	58033	3.708453297712	-5.5498642921448
3	58043	3.708681346684	-6.4209971427917
3	58053	3.709439222064	-5.0564079284668
3	58057	3.709730355368	-6.137225151062
3	58064	3.710477429826	-10.383326530457
3	58074	3.710749399067	-5.8646116256714
3	58084	3.71146220616	-5.6230940818787
3	58088	3.711776707095	-7.8900651931763
3	58098	3.7125117278	-3.5241651535034
3	58105	3.7127648339	-6.3393335342407
3	58115	3.71347617837	-3.8072209358215
3	58122	3.713788568137	-4.5892972946167
3	58126	3.71448556095	-5.6516885757446
3	58133	3.714766656302	-6.6223134994507
3	58146	3.715467060986	-7.736053943634
3	58153	3.715736288374	-5.8311967849731
3	58160	3.716491775916	-4.7653856277466
3	58164	3.716705375453	-6.3034334182739
3	58180	3.717516067074	-4.8179469108582
3	58184	3.717730523408	-3.93110871315
3	58188	3.71855969242	-6.8267107009888
3	58195	3.718704370365	-8.5512371063232
3	58211	3.719522738355	-6.1547417640686
3	58215	3.719657379411	-5.0391821861267
3	58219	3.720519970356	-8.5662508010864
3	58226	3.720704301282	-12.437823295593
3	58242	3.721494328544	-7.0501527786255
3	58246	3.721710445297	-7.7167534828186
3	58250	3.722470796157	-6.3090906143188
3	58254	3.722672113956	-5.7623229026794
3	58276	3.723509001784	-4.219654083252
3	58280	3.72365341558	-4.3846335411072
3	58284	3.724529915221	-5.0258417129517
3	58288	3.724657556745	-5.9255533218384
3	58307	3.725534331886	-6.6538586616516
3	58311	3.725614768269	-5.5004653930664
3	58315	3.726552656986	-5.7553563117981
3	58319	3.726641505086	-5.4885687828064
3	58338	3.727570425534	-5.4236168861389
3	58342	3.727670583696	-5.5666251182556
3	58346	3.728523345175	-4.3615741729736
3	58350	3.728647004332	-5.2173795700073
3	58369	3.72950127573	-5.5162477493286
3	58373	3.729615484865	-3.3298170566559
3	58377	3.730470047787	-5.7263646125793
3	58384	3.730659765157	-3.9616932868958
3	58400	3.731490122823	-3.9791483879089
3	58404	3.731671672776	-8.4202718734741
3	58411	3.732523202536	-7.9963307380676
3	58415	3.732702125004	-8.1820583343506
3	58431	3.733560939994	-4.3111815452576
3	58435	3.733677161436	-6.5492997169495
3	58442	3.734551947279	-5.5661902427673
3	58446	3.734669944107	-5.5541343688965
3	58462	3.735563556555	-8.6154861450195
3	58466	3.735656524105	-4.3740272521973
3	58473	3.73659201856	-8.1001853942871
3	58477	3.736625244532	-7.4667320251465
3	58493	3.737582441707	-6.0780463218689
3	58497	3.737606745872	-7.3533883094788
3	58504	3.738550377774	-5.7231464385986
3	58508	3.738565780396	-5.1957130432129
3	58521	3.739557974962	-5.4043126106262
3	58525	3.739592555451	-6.0756340026855
3	58535	3.740528193361	-4.2630887031555
3	58539	3.740544052688	-6.0983123779297
3	58552	3.741526505752	-4.8083939552307
3	58556	3.74155732268	-5.5129613876343
3	58566	3.742496421405	-5.334493637085
3	58573	3.742547286387	-6.7718124389648
3	58586	3.743451315514	-3.5184316635132
3	58590	3.743589677862	-3.0923023223877
3	58600	3.744453995592	-5.1364192962646
3	58604	3.744547892379	-5.8567090034485
3	58617	3.745503733494	-3.643609046936
3	58621	3.745505580062	-7.2791695594788
3	58631	3.746518450272	-7.2471303939819
3	58635	3.74653383604	-6.8817262649536
3	58648	3.747491972695	-4.1455044746399
3	58652	3.747570987182	-8.297872543335
3	58665	3.748515603937	-6.0945401191711
3	58669	3.748587569092	-4.5718560218811
3	58679	3.749495587491	-2.9227700233459
3	58683	3.749573971844	-5.2413902282715
3	58698	3.750454384721	-4.4750528335571
3	58702	3.750571873866	-6.9846615791321
3	58712	3.751467873746	-6.8791041374207
3	58716	3.751615940307	-4.5435190200806
3	58726	3.752483594792	-5.1258244514465
3	58733	3.752633024875	-6.1733784675598
3	58743	3.75350712563	-4.8334493637085
3	58747	3.753655229998	-6.043258190155
3	58757	3.754482057199	-4.9573583602905
3	58761	3.754614914844	-6.4954566955566
3	58774	3.755506234822	-4.8122401237488
3	58778	3.755603420301	-6.3591985702515
3	58788	3.75651619107	-8.8289155960083
3	58792	3.756604398641	-5.1920094490051
3	58802	3.757497293572	-6.5947895050049
3	58806	3.757602505032	-10.551730155945
3	58819	3.758502107752	-5.5006122589111
3	58823	3.7586020639	-4.4979057312012
3	58833	3.75948804886	-4.0042366981506
3	58840	3.759607465106	-5.3621878623962
3	58850	3.760492261096	-6.1986660957336
3	58854	3.760656430987	-4.0561695098877
3	58864	3.761526991688	-3.8630666732788
3	58871	3.761689435293	-9.4804582595825
3	58881	3.762518971404	-6.478461265564
3	58888	3.762680307744	-8.1935997009277
3	58898	3.763476928511	-4.3542256355286
3	58905	3.763688777498	-5.8129544258118
3	58915	3.764479055697	-4.5577788352966
3	58922	3.764649643319	-7.8018298149109
3	58929	3.765452117389	-5.902322769165
3	58936	3.765601966042	-8.2980928421021
3	58943	3.766498049139	-5.2484016418457
3	58950	3.766589541476	-6.8011026382446
3	58963	3.7675416581	-6.2892589569092
3	58967	3.767576542154	-3.9058132171631
3	58977	3.768536110513	-5.5935587882996
3	58981	3.768537934839	-5.8752665519714
3	58994	3.769492088647	-4.8769292831421
3	58998	3.769548477574	-8.8981151580811
3	59008	3.770453370967	-7.0608072280884
3	59012	3.770504203505	-6.4294538497925
3	59025	3.771432214688	-3.820502281189
3	59029	3.77154189347	-4.5332560539246
3	59036	3.772406094768	-6.9050750732422
3	59040	3.772509910166	-6.905987739563
3	59053	3.773398125543	-6.1307559013367
3	59060	3.773524653683	-5.4375495910645
3	59067	3.774411135681	-8.0060949325562
3	59071	3.774519332409	-3.7932162284851
3	59084	3.77544968757	-6.9231114387512
3	59091	3.775493402302	-5.5882015228271
3	59098	3.776491662226	-4.7633981704712
3	59102	3.776520435237	-3.2824063301086
3	59115	3.777498012694	-6.5575680732727
3	59119	3.777521419104	-6.2696228027344
3	59129	3.778484492071	-8.2818222045898
3	59133	3.778522451802	-6.4543552398682
3	59146	3.779452195502	-4.0875148773193
3	59150	3.779516208417	-6.0649456977844
3	59160	3.780430958041	-5.8253087997437
3	59164	3.780508135157	-6.2203364372253
3	59177	3.781456444112	-5.0169138908386
3	59181	3.781538818141	-9.9573230743408
3	59191	3.782451920676	-4.4720010757446
3	59195	3.782552954872	-4.7286319732666
3	59211	3.783442728807	-2.7966940402985
3	59215	3.783513945419	-3.8162045478821
3	59225	3.784411949697	-5.0239934921265
3	59229	3.784500991275	-5.4358892440796
3	59242	3.785423134844	-4.9789271354675
3	59246	3.785474716256	-5.0028190612793
3	59256	3.78642916909	-6.4840669631958
3	59260	3.786469071776	-6.4595937728882
3	59273	3.787452200862	-4.4979877471924
3	59277	3.787493580574	-4.2370924949646
3	59287	3.788453298423	-5.1826763153076
3	59291	3.788481271122	-7.7355794906616
3	59304	3.78945215278	-6.0371813774109
3	59308	3.789487351021	-6.6448454856873
3	59318	3.790472196059	-5.3814601898193
3	59322	3.790484102255	-4.2722053527832
3	59335	3.79142639682	-4.2755117416382
3	59339	3.79150261019	-4.245147228241
3	59349	3.792465695754	-10.065696716309
3	59353	3.792551170393	-6.7793102264404
3	59366	3.793488374428	-8.0385665893555
3	59370	3.793575787277	-7.7856178283691
3	59383	3.794530107631	-4.9124979972839
3	59387	3.794623608057	-3.963470697403
3	59397	3.795541740867	-7.9551653862
3	59401	3.795661892765	-9.6660032272339
3	59414	3.79650820513	-4.9535398483276
3	59418	3.796707341212	-4.291109085083
3	59428	3.797539688788	-6.0843844413757
3	59432	3.797732954734	-7.3053913116455
3	59445	3.798568067225	-6.1703152656555
3	59449	3.798692229228	-4.2859287261963
3	59459	3.799587166498	-5.3494262695312
3	59463	3.79970364003	-5.1649203300476
3	59476	3.800597664491	-5.2373924255371
3	59480	3.800749710578	-4.7563524246216
3	59490	3.801609409855	-5.3315367698669
3	59494	3.80172556776	-7.8122763633728
3	59507	3.802612567148	-5.2296004295349
3	59511	3.802763891027	-5.4713978767395
3	59524	3.803564466352	-8.4582605361938
3	59528	3.803755851667	-7.3072118759155
3	59541	3.804528816841	-4.4450879096985
3	59545	3.804790097683	-5.8971424102783
3	59555	3.805562461099	-5.7567758560181
3	59559	3.805796993247	-7.9312677383423
3	59572	3.806547648363	-6.3102383613586
3	59576	3.806798955054	-5.1840400695801
3	59586	3.807499264383	-7.9692497253418
3	59590	3.807762723559	-5.9274086952209
3	59600	3.808484634149	-6.0378441810608
3	59607	3.808787071892	-4.6984624862671
3	59617	3.809492161206	-4.4018201828003
3	59621	3.809774236885	-8.8803520202637
3	59631	3.810492596733	-3.8764054775238
3	59638	3.810798705418	-5.9300136566162
3	59648	3.811522345248	-5.901948928833
3	59652	3.811798893224	-4.2560820579529
3	59659	3.812550093026	-7.5686850547791
3	59669	3.812847508881	-8.2727327346802
3	59676	3.813586893374	-5.9727201461792
3	59683	3.813863248713	-5.8456044197083
3	59693	3.814620042673	-5.9473295211792
3	59697	3.814822234654	-7.1981558799744
3	59710	3.815615371779	-7.6460785865784
3	59714	3.815786285691	-6.559157371521
3	59724	3.816664623626	-4.4507727622986
3	59731	3.816787276607	-4.4940915107727
3	59741	3.81763229866	-5.2054309844971
3	59745	3.817786896559	-6.3512868881226
3	59755	3.818647472711	-4.2662000656128
3	59762	3.81880241771	-8.0651245117188
3	59772	3.819626857795	-4.5326437950134
3	59776	3.819830493864	-5.7647280693054
3	59786	3.82060362565	-5.7608561515808
3	59793	3.820871077944	-4.6795496940613
3	59803	3.821630550501	-6.7261896133423
3	59807	3.821905361807	-5.3847804069519
3	59817	3.822632826571	-5.4985094070435
3	59824	3.822918315756	-5.0529947280884
3	59837	3.823664851287	-4.5111103057861
3	59841	3.823944307929	-9.0122022628784
3	59854	3.824698374907	-3.7458357810974
3	59858	3.824906615363	-7.1480436325073
3	59868	3.825663316613	-3.3944985866547
3	59872	3.825952594369	-3.1916615962982
3	59885	3.826655215162	-6.3458075523376
3	59889	3.826979473706	-7.5473165512085
3	59899	3.827619240098	-6.113208770752
3	59903	3.82802496879	-6.2309923171997
3	59913	3.828572497477	-5.1601710319519
3	59920	3.829039726166	-2.6659381389618
3	59930	3.829539840607	-6.1850457191467
3	59934	3.82999558142	-5.7765970230103
3	59944	3.830567231166	-3.7555527687073
3	59951	3.831030722931	-5.4868636131287
3	59961	3.831575712278	-5.6108622550964
3	59968	3.832073759848	-6.0510339736938
3	59975	3.832537563061	-7.3659234046936
3	59982	3.833032092184	-7.3646793365479
3	59989	3.833538913395	-5.8473081588745
3	59999	3.834075471063	-4.5691366195679
3	60006	3.834504176273	-5.0356187820435
3	60013	3.835107460798	-5.6648831367493
3	60020	3.835504057276	-10.362895011902
3	60027	3.836074575142	-8.1731624603271
3	60037	3.836537308536	-4.1848359107971
3	60044	3.837109638026	-4.5715866088867
3	60051	3.837561367811	-4.9311180114746
3	60058	3.838140225252	-4.5469665527344
3	60068	3.838546549933	-3.3367528915405
3	60075	3.839175084471	-3.2317259311676
3	60085	3.839557369062	-4.2974863052368
3	60089	3.840196316276	-6.5834465026855
3	60099	3.84057926893	-8.7884426116943
3	60109	3.841166335714	-9.3016710281372
3	60113	3.841605519757	-3.3297607898712
3	60120	3.842145452817	-6.0604600906372
3	60130	3.84259522686	-4.9935250282288
3	60140	3.843180122911	-6.8033385276794
3	60150	3.84362657479	-4.5388317108154
3	60154	3.844229444964	-4.0825290679932
3	60164	3.844625317246	-5.0849862098694
3	60174	3.845259275775	-4.8133463859558
3	60181	3.845665458409	-5.8158745765686
3	60185	3.846283311251	-5.9085130691528
3	60195	3.846704063878	-5.9311165809631
3	60205	3.84731115518	-5.3082704544067
3	60212	3.847749838449	-2.1055700778961
3	60216	3.848268881242	-6.0119590759277
3	60223	3.84877578897	-4.9158277511597
3	60236	3.849303605585	-3.8354194164276
3	60243	3.849736747759	-5.8286123275757
3	60247	3.850308658842	-7.5778231620789
3	60254	3.850706780082	-7.4949321746826
3	60267	3.851277998177	-7.7946667671204
3	60274	3.851746507575	-8.3752727508545
3	60278	3.852312991532	-11.630785942078
3	60288	3.852749059899	-5.5990853309631
3	60295	3.853272088312	-4.5275917053223
3	60305	3.853720508241	-7.2697081565857
3	60309	3.854247260031	-3.0492355823517
3	60316	3.854679654646	-4.6575932502747
3	60329	3.855245485892	-5.3772048950195
3	60336	3.855636274775	-3.3623337745667
3	60340	3.856294568222	-3.1740458011627
3	60347	3.856634258794	-5.2398538589478
3	60360	3.857296537992	-5.3352375030518
3	60367	3.857645366774	-4.3133382797241
3	60371	3.858332167191	-5.3552985191345
3	60378	3.858687370023	-7.7942209243774
3	60391	3.859336556169	-8.1686906814575
3	60398	3.859648211877	-7.3906269073486
3	60402	3.860318378229	-5.0325765609741
3	60409	3.860616881607	-6.373176574707
3	60422	3.86131221615	-3.0440592765808
3	60426	3.861606616591	-7.3020577430725
3	60433	3.862294862737	-6.863853931427
3	60440	3.862573119396	-3.1921949386597
3	60453	3.863314831289	-5.7390213012695
3	60457	3.863604321778	-8.4137306213379
3	60467	3.864279269738	-4.1624698638916
3	60474	3.864579217091	-5.492723941803
3	60487	3.865312706275	-4.190336227417
3	60494	3.86560100466	-7.1933875083923
3	60498	3.866310638341	-6.5257511138916
3	60505	3.866593071724	-5.2421269416809
3	60518	3.867345780447	-11.747883796692
3	60525	3.867617226215	-8.2886047363281
3	60529	3.868375801032	-4.7508111000061
3	60536	3.868661664285	-3.6460888385773
3	60549	3.869420005645	-6.4789695739746
3	60556	3.869675250831	-4.9566326141357
3	60560	3.870394352205	-4.2704281806946
3	60567	3.870640144383	-3.3311710357666
3	60580	3.87134667454	-6.2063164710999
3	60587	3.871590168406	-5.6283159255981
3	60591	3.872331684912	-3.5189480781555
3	60598	3.872634903388	-4.2823624610901
3	60614	3.873369698152	-6.4576411247253
3	60618	3.873587713332	-6.2747702598572
3	60622	3.874342771941	-4.4649844169617
3	60626	3.874543758229	-7.0714411735535
3	60642	3.8753449124	-6.0457239151001
3	60649	3.875522321294	-4.7822966575623
3	60653	3.876358765495	-3.6030077934265
3	60657	3.876482781614	-7.6632742881775
3	60673	3.877342930603	-7.1898064613342
3	60677	3.877481006073	-10.196768760681
3	60684	3.878323943867	-6.3324222564697
3	60688	3.878452102258	-6.3397002220154
3	60701	3.879308883755	-5.7938103675842
3	60708	3.879476232797	-5.7709627151489
3	60715	3.880327733921	-5.0337553024292
3	60722	3.880498385881	-8.7273988723755
3	60732	3.881288602602	-6.7562284469604
3	60736	3.881465034258	-4.9976782798767
3	60746	3.88229976698	-4.5368909835815
3	60750	3.882511606828	-4.4719033241272
3	60760	3.883286702912	-7.6597580909729
3	60776	3.883542772597	-7.7709031105042
3	60780	3.884331944177	-5.2558860778809
3	60784	3.884561055545	-5.1295313835144
3	60797	3.885320405607	-4.9170632362366
3	60804	3.885511226823	-3.2477221488953
3	60811	3.886322483603	-2.25044298172
3	60815	3.886537943936	-7.9695138931274
3	60825	3.887311710239	-6.5718307495117
3	60835	3.887495592606	-5.4573101997375
3	60842	3.888329410203	-3.6870806217194
3	60846	3.88848723238	-5.1547684669495
3	60859	3.889316246699	-3.6613399982452
3	60863	3.889510171196	-3.6185190677643
3	60873	3.890350967565	-5.4194445610046
3	60877	3.89050893752	-5.8242993354797
3	60890	3.891305994406	-6.0360512733459
3	60897	3.891537052773	-3.9081592559814
3	60904	3.892327903299	-4.7125959396362
3	60908	3.892541425232	-3.5699570178986
3	60921	3.893316189036	-4.1542592048645
3	60931	3.893530097715	-8.1755123138428
3	60935	3.894320371209	-7.4310050010681
3	60939	3.894494898743	-7.4507975578308
3	60955	3.895358504486	-5.7895913124084
3	60962	3.895494228948	-10.185879707336
3	60966	3.896392323534	-6.9551663398743
3	60970	3.896445001266	-6.1107196807861
3	60986	3.897422802061	-10.158128738403
3	60993	3.89747807402	-6.1548447608948
3	60997	3.8984095582	-8.1643629074097
3	61001	3.898455643319	-3.9901714324951
3	61017	3.899413073812	-8.1054410934448
3	61021	3.899413907433	-8.9760694503784
3	61028	3.900387504245	-6.6776385307312
3	61032	3.900391707582	-6.3890013694763
3	61051	3.901342808409	-7.5598964691162
3	61055	3.90136571888	-5.0585513114929
3	61059	3.902306256677	-5.3689866065979
3	61063	3.902408410542	-4.6860256195068
3	61079	3.903273024038	-4.3076767921448
3	61089	3.903419845842	-6.4203948974609
3	61093	3.904303512839	-8.1821193695068
3	61100	3.904465243189	-4.8791842460632
3	61116	3.905268645475	-2.8892800807953
3	61120	3.905434230112	-4.6887488365173
3	61124	3.906248116136	-6.6406998634338
3	61131	3.906425274634	-9.1608085632324
3	61147	3.907263673968	-6.1369047164917
3	61151	3.907406560502	-6.9237265586853
3	61158	3.908303858264	-7.4169573783875
3	61162	3.908408193267	-4.6221370697021
3	61178	3.909262391942	-3.0014262199402
3	61182	3.909426369614	-4.7516493797302
3	61189	3.910266607981	-3.8636465072632
3	61193	3.910461755683	-4.7587766647339
3	61209	3.91129801015	-6.353355884552
3	61213	3.911495274284	-8.9416942596436
3	61220	3.912317661692	-5.2337646484375
3	61224	3.912458857436	-8.5846843719482
3	61240	3.913276054188	-5.3933672904968
3	61244	3.913484599125	-3.4756925106049
3	61248	3.914297586507	-3.3771662712097
3	61255	3.914517890717	-4.5860390663147
3	61271	3.9153135348	-2.7978301048279
3	61275	3.915525108617	-5.6006126403809
3	61279	3.91627072143	-3.9275741577148
3	61289	3.916543890146	-5.5557618141174
3	61302	3.917302511062	-5.4041509628296
3	61306	3.917573771162	-5.9827179908752
3	61310	3.918258491394	-4.5258784294128
3	61317	3.918553759578	-5.6832656860352
3	61333	3.919306496631	-5.4580273628235
3	61337	3.919542781146	-6.9327058792114
3	61341	3.920344729905	-3.9314846992493
3	61348	3.920584442749	-8.7772150039673
3	61364	3.921331474825	-6.0991921424866
3	61368	3.92157634339	-5.1558742523193
3	61375	3.92230661897	-6.9026918411255
3	61385	3.922584137276	-7.1226725578308
3	61398	3.923266383768	-4.6648335456848
3	61402	3.923621831756	-3.891369342804
3	61406	3.92424237239	-4.4568028450012
3	61422	3.924637479183	-4.7577152252197
3	61426	3.92520265789	-4.2108287811279
3	61433	3.925599285364	-6.5511183738708
3	61440	3.926174854547	-5.5239686965942
3	61447	3.926567505286	-7.4992442131042
3	61457	3.92719056254	-8.911904335022
3	61464	3.927591722955	-5.7445764541626
3	61471	3.928177373675	-4.3546891212463
3	61478	3.928575685127	-3.3925747871399
3	61488	3.929133501249	-9.0549049377441
3	61495	3.929551078215	-6.6070132255554
3	61502	3.930163691836	-5.1216025352478
3	61506	3.930586427995	-3.2050809860229
3	61519	3.93116534881	-4.1368579864502
3	61526	3.931633122565	-4.6722226142883
3	61533	3.932213095958	-5.9764151573181
3	61540	3.932594238457	-7.7829823493958
3	61550	3.933173359477	-3.6697330474854
3	61557	3.933636251628	-4.2693653106689
3	61561	3.93416970889	-4.9676609039307
3	61571	3.934639750309	-4.7449579238892
3	61584	3.93513164759	-7.5290460586548
3	61588	3.935590701662	-4.7752590179443
3	61595	3.936122886647	-7.4552955627441
3	61602	3.936600823392	-4.5273022651672
3	61615	3.937106808868	-3.1461274623871
3	61619	3.937569640281	-6.772852897644
3	61623	3.93810727984	-5.8448257446289
3	61633	3.938558531137	-3.317015171051
3	61646	3.939144785596	-7.332202911377
3	61650	3.939510066145	-7.3935146331787
3	61657	3.940190377789	-8.5392150878906
3	61667	3.940548846525	-5.5529446601868
3	61677	3.941160540098	-5.2051434516907
3	61681	3.941577035356	-4.4247274398804
3	61688	3.942122944682	-6.7265310287476
3	61695	3.942606182814	-5.7250208854675
3	61711	3.943077049771	-5.7839350700378
3	61715	3.943608258227	-6.3228368759155
3	61722	3.944124339786	-4.0890617370605
3	61729	3.944601766148	-3.5533576011658
3	61742	3.945157570456	-4.3833107948303
3	61746	3.945596730035	-3.8384838104248
3	61753	3.946176286654	-5.8284640312195
3	61763	3.946552022636	-4.7200407981873
3	61773	3.947223111445	-7.354546546936
3	61777	3.947532913273	-5.377875328064
3	61784	3.948198368014	-5.1267671585083
3	61791	3.948518447934	-6.5285630226135
3	61804	3.949210889001	-4.0865840911865
3	61808	3.949509548504	-4.4728617668152
3	61815	3.950169119661	-3.7305266857147
3	61822	3.950470572105	-6.128221988678
3	61832	3.951120445056	-5.5979585647583
3	61839	3.95151739805	-4.228985786438
3	61846	3.952137002784	-5.0227274894714
3	61853	3.952547141619	-8.2869358062744
3	61863	3.953133994677	-4.6741361618042
3	61870	3.953521926244	-3.3982131481171
3	61877	3.954094605263	-5.3307375907898
3	61884	3.954559692225	-5.5935072898865
3	61894	3.955132161143	-3.4608902931213
3	61901	3.955575963797	-5.5020112991333
3	61908	3.956127676438	-5.3185434341431
3	61915	3.956547073028	-4.0797410011292
3	61928	3.957176176476	-4.0986752510071
3	61932	3.957511023602	-6.6458745002747
3	61939	3.95816208635	-6.6940803527832
3	61946	3.958488251916	-4.887583732605
3	61956	3.959187675553	-6.5246105194092
3	61963	3.959471579813	-4.999858379364
3	61970	3.960175868461	-4.8271508216858
3	61977	3.960500150449	-5.5231800079346
3	61987	3.961151243872	-7.101065158844
3	61994	3.961496727852	-4.7881383895874
3	62001	3.962130131539	-4.2495856285095
3	62008	3.962472855447	-6.3546829223633
3	62015	3.963130944813	-8.4828014373779
3	62028	3.96351134031	-3.1081669330597
3	62032	3.964086260265	-6.8115992546082
3	62042	3.964498764745	-4.8957710266113
3	62049	3.965131162911	-4.2966527938843
3	62059	3.965512794244	-5.2108473777771
3	62069	3.966100180512	-7.245285987854
3	62073	3.966539948003	-7.4783625602722
3	62083	3.967092692812	-7.0134124755859
3	62090	3.967549631413	-6.4412755966187
3	62100	3.968099875872	-3.910587310791
3	62107	3.968589711378	-3.9222939014435
3	62114	3.969067036186	-4.5152325630188
3	62121	3.969612269753	-6.4591703414917
3	62131	3.970082838377	-5.953088760376
3	62138	3.970655082785	-7.8896389007568
3	62142	3.971043747276	-6.1787657737732
3	62152	3.971704258937	-4.2988610267639
3	62159	3.97201413763	-5.7650966644287
3	62169	3.972752376183	-5.3986535072327
3	62176	3.973026106265	-7.7006545066833
3	62186	3.973706083051	-4.2499961853027
3	62190	3.973996624955	-3.9275712966919
3	62200	3.974725514408	-5.1354231834412
3	62207	3.974969149773	-3.7588217258453
3	62214	3.975745723491	-9.78688621521
3	62224	3.975994435722	-7.402259349823
3	62231	3.976706240564	-3.8658611774445
3	62241	3.977012475705	-3.8691806793213
3	62248	3.97768175632	-5.1593136787415
3	62252	3.977974187651	-6.0128130912781
3	62265	3.978659413226	-5.5643730163574
3	62272	3.979003631654	-4.3487329483032
3	62276	3.979643128485	-5.9593448638916
3	62286	3.98004813418	-5.5052437782288
3	62293	3.980610447282	-4.6910104751587
3	62303	3.981078686389	-6.2408299446106
3	62307	3.981629875707	-6.8383560180664
3	62317	3.982063629552	-4.6812510490417
3	62324	3.982582982934	-6.9434194564819
3	62337	3.983031658373	-6.9136328697205
3	62341	3.983565065728	-5.9135847091675
3	62351	3.984070026352	-5.2396998405457
3	62358	3.984610084383	-3.9775960445404
3	62368	3.985051516605	-5.5781188011169
3	62372	3.985620345275	-6.8035230636597
3	62382	3.986077958042	-6.2263832092285
3	62389	3.986661152156	-6.2032480239868
3	62396	3.987048376686	-4.8910050392151
3	62406	3.987612705677	-5.6685671806335
3	62413	3.988083413312	-4.7813282012939
3	62420	3.988639232554	-5.1152496337891
3	62427	3.989036134095	-4.1909337043762
3	62437	3.989653909496	-4.4391326904297
3	62444	3.990060697864	-3.2986657619476
3	62451	3.990627616251	-7.5101065635681
3	62458	3.991099251849	-5.5340609550476
3	62465	3.991607108905	-7.1479473114014
3	62475	3.992060043541	-7.0481119155884
3	62485	3.992618707828	-5.1927165985107
3	62489	3.993084016999	-5.4631042480469
3	62496	3.993582371085	-8.0403327941895
3	62506	3.994039073671	-8.4854402542114
3	62516	3.99455936677	-7.7298097610474
3	62520	3.9949895147	-5.6539030075073
3	62527	3.995514179453	-5.1713428497314
3	62537	3.99596617614	-5.8828601837158
3	62547	3.99655916748	-6.1483559608459
3	62551	3.997015670644	-7.6125874519348
3	62558	3.99755006435	-6.7158527374268
3	62568	3.998052222064	-6.7243027687073
3	62575	3.998500173108	-5.9723610877991
3	62582	3.99901755077	-5.0305023193359
3	62589	3.999488212939	-5.0127305984497
3	62601	4.00005289515	-4.5749139785767
3	62608	4.000492145495	-3.372786283493
3	62615	4.001062285011	-4.5601382255554
3	62619	4.001502314858	-3.5641934871674
3	62635	4.002093384062	-4.9583530426025
3	62639	4.002460164332	-8.6798191070557
3	62646	4.003087193427	-5.8268909454346
3	62650	4.003449218213	-5.4058389663696
3	62669	4.004068306322	-9.2409515380859
3	62673	4.00447638093	-6.2275824546814
3	62680	4.0050843949	-5.1768770217896
3	62687	4.005479109163	-6.1184053421021
3	62700	4.006040577053	-5.4278926849365
3	62704	4.006485251438	-9.3930168151855
3	62711	4.007044173725	-5.7668714523315
3	62718	4.007480367267	-7.5429401397705
3	62728	4.008027622617	-6.5446462631226
3	62735	4.008482920588	-6.2443008422852
3	62742	4.008990486796	-7.0656695365906
3	62746	4.009527805198	-6.0843257904053
3	62762	4.01000672444	-8.7414712905884
3	62766	4.010494132096	-6.2614798545837
3	62773	4.011037353615	-6.0624847412109
3	62780	4.011534874891	-8.541898727417
3	62793	4.012045472617	-5.1953468322754
3	62797	4.012517079559	-4.2827563285828
3	62804	4.013091127229	-8.3016986846924
3	62811	4.013470390846	-8.4555921554565
3	62824	4.014101630802	-9.1774883270264
3	62828	4.014479486913	-5.7618846893311
3	62835	4.01515138727	-5.7576079368591
3	62842	4.015500643655	-6.5257134437561
3	62855	4.016124567734	-4.5928902626038
3	62859	4.016533391927	-4.1498107910156
3	62863	4.017080404633	-6.3369770050049
3	62873	4.017491965127	-7.9980592727661
3	62886	4.018044423001	-6.0948596000671
3	62890	4.018476445878	-3.7604651451111
3	62897	4.01907665026	-6.0675702095032
3	62904	4.01950788187	-5.6199460029602
3	62914	4.02008602425	-4.2878098487854
3	62921	4.020472201868	-5.2334365844727
3	62925	4.021109644714	-4.555223941803
3	62935	4.021439848158	-7.7619714736938
3	62945	4.022107763098	-4.4761724472046
3	62952	4.022458036473	-6.6064839363098
3	62956	4.023097032223	-5.5471138954163
3	62969	4.023481966217	-4.6541352272034
3	62979	4.024071227685	-5.9597110748291
3	62986	4.024502106393	-5.5086965560913
3	62990	4.025046112893	-4.1701507568359
3	63000	4.025545416759	-6.300938129425
3	63010	4.026021757042	-5.3486852645874
3	63017	4.026564971117	-5.8360800743103
3	63021	4.02705758349	-7.6157627105713
3	63031	4.027538584828	-5.9848670959473
3	63044	4.028074205907	-5.5091791152954
3	63048	4.028502360819	-3.774729013443
3	63052	4.029096112585	-7.1298894882202
3	63059	4.029532200126	-5.0849695205688
3	63075	4.030134377517	-4.0702433586121
3	63079	4.030488120343	-8.094313621521
3	63086	4.031171907332	-3.9166676998138
3	63093	4.031517771373	-7.1631078720093
3	63106	4.032191227703	-4.8697247505188
3	63110	4.032515131672	-5.1984028816223
3	63114	4.033182993976	-5.9431948661804
3	63124	4.033558245852	-4.7396807670593
3	63137	4.034227585175	-6.1192421913147
3	63141	4.034571455767	-4.7917475700378
3	63145	4.035275889504	-9.0593070983887
3	63155	4.035540146441	-4.9717693328857
3	63168	4.036283796949	-5.958758354187
3	63172	4.036506069868	-6.917534828186
3	63176	4.037260766223	-8.4305438995361
3	63189	4.037483875651	-6.8939447402954
3	63199	4.038217953412	-4.139172077179
3	63203	4.038465754346	-3.7122581005096
3	63207	4.039210957291	-4.8170428276062
3	63214	4.039493112921	-8.2181739807129
3	63230	4.040163936449	-5.4339451789856
3	63234	4.040536041089	-8.9036264419556
3	63238	4.041176558132	-4.6965885162354
3	63248	4.041511993263	-4.6061215400696
3	63261	4.042205348989	-4.8067593574524
3	63265	4.042559888623	-5.0922269821167
3	63269	4.043156001683	-9.7574834823608
3	63276	4.043546084199	-4.1194858551025
3	63295	4.044162880833	-8.5445880889893
3	63299	4.044576887942	-8.1110420227051
3	63303	4.045165283604	-5.3249697685242
3	63310	4.045533274306	-8.3071184158325
3	63326	4.04619094839	-5.5073714256287
3	63330	4.046525248592	-4.9500689506531
3	63337	4.047239823592	-5.2761507034302
3	63341	4.047523738196	-8.1753873825073
3	63357	4.048231617368	-7.2953329086304
3	63361	4.048482972613	-8.1120882034302
3	63368	4.049276178199	-6.3569221496582
3	63372	4.049501629411	-8.7394847869873
3	63388	4.050315482686	-7.4009027481079
3	63392	4.050508777415	-8.5316247940063
3	63399	4.051358268663	-6.1240735054016
3	63409	4.051524663326	-7.6598024368286
3	63419	4.052334060726	-5.4292430877686
3	63423	4.05248785016	-3.3529767990112
3	63433	4.053348297577	-5.4698581695557
3	63437	4.053518872852	-6.2763133049011
3	63450	4.05433626306	-4.501401424408
3	63454	4.054565684373	-8.1107769012451
3	63464	4.055356879993	-7.6710863113403
3	63468	4.055530274415	-6.0779790878296
3	63481	4.056383854388	-6.3994846343994
3	63485	4.056566149936	-6.8373827934265
3	63495	4.0573879559	-7.7731976509094
3	63499	4.057551738433	-7.1159253120422
3	63512	4.058412965621	-8.850212097168
3	63516	4.058592147212	-9.1715745925903
3	63523	4.0594021886	-8.6928577423096
3	63533	4.059588887003	-4.3887448310852
3	63543	4.060353982161	-8.1857004165649
3	63547	4.060579832003	-6.4326348304749
3	63554	4.061343824112	-3.7491257190704
3	63561	4.061629695307	-6.449809551239
3	63574	4.062297267413	-6.8733739852905
3	63578	4.062609714053	-6.221483707428
3	63585	4.063249067705	-7.4905390739441
3	63595	4.06359721155	-4.9793839454651
3	63608	4.064258391802	-9.9307107925415
3	63612	4.064631569434	-9.1035575866699
3	63619	4.065289622875	-5.211012840271
3	63629	4.065642162477	-7.8813133239746
3	63639	4.066300505468	-3.242684841156
3	63643	4.066644471808	-6.7019038200378
3	63650	4.06728855221	-4.0389151573181
3	63657	4.067595514857	-2.7859072685242
3	63670	4.068327826447	-6.7188682556152
3	63674	4.068639948247	-7.3899741172791
3	63681	4.069370478565	-4.809693813324
3	63688	4.069659171821	-6.1497783660889
3	63701	4.070348416698	-6.5739278793335
3	63705	4.070652016195	-7.9896235466003
3	63712	4.071329818106	-7.5878772735596
3	63722	4.071663083314	-3.8959307670593
3	63732	4.07235469805	-3.3722269535065
3	63736	4.072681300733	-4.309045791626
3	63743	4.073324685714	-7.0219068527222
3	63753	4.073699928617	-4.5765872001648
3	63763	4.074294176042	-5.6621356010437
3	63767	4.074696233431	-6.2892408370972
3	63774	4.075257961558	-5.1707706451416
3	63781	4.075690140829	-8.4678544998169
3	63794	4.076217350687	-5.0492691993713
3	63798	4.076690760338	-5.7946639060974
3	63805	4.077247778752	-5.5879149436951
3	63815	4.077702239929	-4.7647666931152
3	63825	4.078254393799	-6.2664608955383
3	63829	4.07866156576	-5.2583351135254
3	63836	4.079296045731	-5.9760942459106
3	63846	4.079695966185	-5.6977214813232
3	63856	4.080261733522	-7.7240118980408
3	63860	4.080659227334	-9.0573759078979
3	63867	4.081298318506	-5.7437424659729
3	63877	4.081629406264	-4.0439424514771
3	63887	4.082270145127	-3.4950637817383
3	63891	4.082590988666	-7.3387999534607
3	63904	4.08325997074	-5.6663632392883
3	63914	4.083610144713	-4.671971321106
3	63921	4.084308255475	-8.8672685623169
3	63925	4.084657931086	-5.2537264823914
3	63935	4.08534106867	-7.5968704223633
3	63945	4.08568569484	-6.6417231559753
3	63952	4.086341233891	-3.2809557914734
3	63956	4.086655725927	-4.5393767356873
3	63966	4.087362758027	-2.7442262172699
3	63976	4.087642350401	-4.6320729255676
3	63983	4.088352043276	-5.571722984314
3	63987	4.088645647817	-6.3545007705688
3	63997	4.089364616203	-6.4042854309082
3	64007	4.089657113962	-7.0276589393616
3	64014	4.090353576666	-8.206919670105
3	64018	4.090645208871	-6.5824275016785
3	64025	4.091319717514	-4.7176055908203
3	64038	4.091666428169	-4.2490320205688
3	64045	4.092319768434	-5.9896903038025
3	64049	4.092663295852	-5.4067311286926
3	64059	4.09336071093	-5.8134427070618
3	64066	4.093628208961	-3.7055451869965
3	64076	4.094408384157	-4.6981267929077
3	64080	4.094641938791	-5.8555235862732
3	64090	4.095449405739	-7.3356466293335
3	64100	4.095609343041	-5.1372094154358
3	64107	4.096496313114	-7.1296234130859
3	64111	4.096631264572	-6.8594937324524
3	64121	4.097478943073	-3.5946669578552
3	64125	4.09767262323	-4.9210758209229
3	64138	4.098511583637	-4.1162528991699
3	64142	4.09865151023	-2.7921736240387
3	64152	4.099480359096	-5.6825361251831
3	64159	4.099675586472	-3.9668719768524
3	64169	4.100452974581	-7.1405329704285
3	64173	4.100627489919	-5.6590919494629
3	64183	4.101431063047	-4.5234866142273
3	64187	4.101612067059	-6.6773390769958
3	64200	4.102473133917	-3.8026278018951
3	64204	4.102661954309	-3.3121039867401
3	64220	4.10351491636	-7.3562984466553
3	64224	4.103654655422	-5.2656712532043
3	64234	4.104557180721	-5.8791451454163
3	64238	4.104628344886	-3.7432334423065
3	64248	4.105570960363	-7.1195559501648
3	64255	4.105618837415	-5.8212876319885
3	64265	4.10656764407	-4.3029861450195
3	64269	4.106616293291	-4.9456014633179
3	64279	4.107617233982	-4.6527247428894
3	64283	4.107655525072	-7.8279027938843
3	64296	4.108608669987	-7.487669467926
3	64300	4.108631915889	-4.7634224891663
3	64310	4.109600505261	-7.669979095459
3	64314	4.109644472989	-4.7353920936584
3	64327	4.110624629318	-3.8589768409729
3	64331	4.110676473502	-6.3752002716064
3	64341	4.111588533344	-6.6169962882996
3	64345	4.111724192768	-8.3605470657349
3	64358	4.112580597013	-4.4159340858459
3	64362	4.11272778399	-4.8948583602905
3	64372	4.113563497734	-4.7221727371216
3	64376	4.113774043686	-5.3447027206421
3	64389	4.114606177805	-8.116982460022
3	64393	4.114785361693	-6.6811385154724
3	64403	4.115567335426	-4.0711917877197
3	64407	4.115783970933	-4.9830722808838
3	64420	4.116561106568	-6.609806060791
3	64424	4.116814788898	-5.6304588317871
3	64434	4.117580917882	-9.5279350280762
3	64438	4.117785676683	-4.091872215271
3	64448	4.118558066909	-3.7913358211517
3	64455	4.118804384253	-7.9602756500244
3	64465	4.119549067975	-6.1506848335266
3	64469	4.11982749226	-4.9869122505188
3	64479	4.1205578311	-6.2704620361328
3	64486	4.120870970912	-7.2067985534668
3	64496	4.12160654131	-6.557053565979
3	64500	4.121861770255	-9.4092998504639
3	64513	4.122609369735	-6.7880821228027
3	64517	4.122842216996	-5.8570256233215
3	64530	4.123637269123	-4.7064933776855
3	64534	4.123816587331	-4.5618920326233
3	64544	4.124588606457	-8.155782699585
3	64551	4.124865271034	-4.560914516449
3	64561	4.125637050412	-8.6586322784424
3	64565	4.125856918288	-8.1857652664185
3	64578	4.126662790361	-5.9248127937317
3	64582	4.126906358062	-7.5265684127808
3	64592	4.127656314422	-5.7968406677246
3	64599	4.12792880236	-6.6000189781189
3	64609	4.128657042224	-4.9779028892517
3	64613	4.128896273812	-7.2341856956482
3	64623	4.129697117696	-6.6613402366638
3	64633	4.129919073151	-5.8212389945984
3	64640	4.130711483782	-5.161687374115
3	64644	4.13092688476	-6.7144093513489
3	64654	4.131677282551	-3.6760792732239
3	64661	4.131976518884	-6.5202102661133
3	64671	4.132639234687	-3.5765383243561
3	64678	4.133017889951	-5.0622367858887
3	64685	4.133615528122	-5.6230568885803
3	64692	4.133984388157	-3.0639214515686
3	64702	4.134665347037	-6.5290422439575
3	64706	4.134936373021	-6.9754657745361
3	64716	4.135615766519	-6.3407859802246
3	64723	4.135917551913	-5.6382827758789
3	64733	4.136611181262	-5.4284114837646
3	64737	4.136871693315	-4.265052318573
3	64747	4.137643764108	-7.4519457817078
3	64754	4.137868495507	-6.5998821258545
3	64764	4.138604615226	-4.5224442481995
3	64768	4.138834195423	-6.0022902488708
3	64778	4.139621894038	-8.1143550872803
3	64782	4.139830807204	-6.5597519874573
3	64795	4.140599569884	-4.2671914100647
3	64799	4.140873868624	-5.3912034034729
3	64809	4.141590304562	-7.8608541488647
3	64816	4.141864896546	-4.444628238678
3	64826	4.142571539363	-4.916793346405
3	64830	4.142832220786	-8.661452293396
3	64843	4.143560036103	-8.1629667282104
3	64850	4.143831887229	-6.8374223709106
3	64860	4.144545136656	-4.730818271637
3	64864	4.144857917641	-8.3254470825195
3	64874	4.145532245921	-6.5999584197998
3	64881	4.14585067184	-5.2566251754761
3	64891	4.146549653761	-6.6066951751709
3	64895	4.146842834761	-4.5458536148071
3	64905	4.147535218776	-5.8320698738098
3	64915	4.147837683934	-4.9972596168518
3	64922	4.148557106019	-5.9324250221252
3	64929	4.148858504264	-7.1776566505432
3	64936	4.149537008596	-6.0939149856567
3	64946	4.149834724706	-5.991753578186
3	64953	4.150561098182	-3.2842645645142
3	64957	4.150833424612	-8.017071723938
3	64967	4.151583506066	-6.1426873207092
3	64974	4.151840466832	-6.1874890327454
3	64984	4.152588566214	-5.1474056243896
3	64988	4.152809278118	-4.5917448997498
3	64998	4.153553730811	-10.13768196106
3	65005	4.153841170604	-7.618218421936
3	65015	4.15452996666	-7.6481995582581
3	65019	4.154791367539	-4.2673010826111
3	65029	4.155573912381	-4.4436182975769
3	65036	4.155743238998	-6.4362812042236
3	65046	4.156613045621	-3.9203324317932
3	65050	4.156711942829	-4.3222055435181
3	65060	4.157572583335	-5.6781935691833
3	65067	4.157739741225	-9.2752990722656
3	65077	4.158588936815	-4.9590635299683
3	65081	4.158724459012	-3.6628758907318
3	65091	4.159586293684	-7.2764549255371
3	65095	4.159693543273	-4.2718200683594
3	65108	4.160603674094	-3.2804329395294
3	65112	4.160719446175	-4.5797710418701
3	65122	4.161575986135	-5.4933023452759
3	65126	4.161722654348	-5.4071383476257
3	65139	4.162613080721	-3.3854022026062
3	65146	4.162723308135	-6.6312980651855
3	65156	4.163629196051	-5.1517367362976
3	65160	4.163683931147	-4.7972569465637
3	65170	4.164608666389	-9.4697675704956
3	65174	4.164634311118	-4.4305658340454
3	65187	4.165597614771	-3.8512401580811
3	65191	4.165650282121	-9.1396026611328
3	65201	4.166594587286	-9.0734558105469
3	65208	4.166674638635	-6.1758532524109
3	65218	4.167602483142	-4.8637037277222
3	65225	4.167630334076	-5.9021425247192
3	65232	4.168594768512	-4.4579067230225
3	65236	4.168626888064	-4.4586725234985
3	65249	4.169568238833	-7.1139025688171
3	65253	4.169639730268	-3.4528748989105
3	65263	4.170588547687	-4.4071607589722
3	65267	4.17059396914	-6.4069032669067
3	65283	4.171588335415	-5.5421514511108
3	65287	4.171618807089	-7.2097873687744
3	65294	4.172589814117	-5.6563920974731
3	65301	4.172634293653	-7.2269735336304
3	65311	4.173559946177	-5.1425175666809
3	65318	4.173648934416	-5.311915397644
3	65325	4.174514142875	-4.6631426811218
3	65335	4.17469123359	-6.8226156234741
3	65342	4.175512320615	-4.0391111373901
3	65346	4.17564266157	-4.6564993858337
3	65356	4.176505151528	-4.7354373931885
3	65366	4.176600340892	-5.4125361442566
3	65373	4.177469115269	-7.5148415565491
3	65377	4.177557236944	-4.1459312438965
3	65390	4.178505639691	-3.2849431037903
3	65394	4.178533440758	-4.4668383598328
3	65404	4.179529358176	-4.2680473327637
3	65408	4.179533543515	-5.5780687332153
3	65421	4.180485745354	-4.2777757644653
3	65425	4.180539515767	-7.4254531860352
3	65435	4.181496162238	-7.3438315391541
3	65439	4.181545212689	-7.4637188911438
3	65449	4.182447349528	-7.5048456192017
3	65453	4.182593579936	-5.0322885513306
3	65469	4.183477492103	-5.4175372123718
3	65473	4.183595996506	-6.4475746154785
3	65483	4.184447972758	-5.9524722099304
3	65490	4.184621373012	-5.6665291786194
3	65500	4.185417610905	-7.1233448982239
3	65504	4.185608640395	-6.2263660430908
3	65514	4.18644349879	-5.114960193634
3	65524	4.186622049838	-5.4280591011047
3	65531	4.187467232939	-5.0626916885376
3	65535	4.187641267483	-4.4317412376404
3	65548	4.188507113575	-6.5942339897156
3	65552	4.188641246216	-7.6280794143677
3	65562	4.189470892125	-3.3621940612793
3	65566	4.189615135901	-5.4741072654724
3	65576	4.190429211445	-3.1592354774475
3	65583	4.190592870723	-7.5408363342285
3	65590	4.19140176662	-5.3361539840698
3	65597	4.191564589425	-6.585786819458
3	65607	4.192373074291	-4.334216594696
3	65611	4.192554956249	-3.1933732032776
3	65621	4.193388366954	-4.3218603134155
3	65625	4.193567270209	-3.9436008930206
3	65638	4.194368446596	-3.4785962104797
3	65645	4.194575441208	-8.2140998840332
3	65652	4.195401843839	-5.2539677619934
3	65656	4.195623216016	-6.1688032150269
3	65669	4.19638558726	-5.0236177444458
3	65676	4.196641600647	-6.4063620567322
3	65683	4.197349597826	-6.6708817481995
3	65687	4.197639914258	-6.0936627388
3	65700	4.198340768043	-6.586594581604
3	65704	4.198593251893	-4.8077907562256
3	65714	4.199330325479	-3.6017677783966
3	65721	4.199630102071	-5.7797536849976
3	65731	4.200283974661	-6.2771797180176
3	65735	4.200635514776	-7.6101403236389
3	65745	4.201305929758	-6.5379996299744
3	65752	4.201671972285	-6.3507204055786
3	65762	4.202282957181	-4.682412147522
3	65766	4.202689220666	-4.3650016784668
3	65776	4.203304794327	-5.0504474639893
3	65786	4.203711924624	-5.7595763206482
3	65796	4.204336769791	-6.3617234230042
3	65803	4.204698229643	-5.7280693054199
3	65810	4.205373292047	-5.5454640388489
3	65817	4.205683285357	-4.1297554969788
3	65827	4.206379427017	-4.873300075531
3	65831	4.206677639079	-5.6079502105713
3	65841	4.207380965437	-6.5245604515076
3	65848	4.207656493336	-2.8453929424286
3	65858	4.208386254897	-6.1019906997681
3	65865	4.208638182456	-8.4547252655029
3	65872	4.209401612751	-5.1475715637207
3	65879	4.209615007282	-4.7920508384705
3	65889	4.210428164699	-6.6693000793457
3	65896	4.210608813797	-4.6126985549927
3	65903	4.211381248189	-3.2424726486206
3	65913	4.21164659229	-4.6343026161194
3	65920	4.212383366471	-8.050012588501
3	65924	4.212609686556	-7.8537230491638
3	65937	4.213396479744	-6.1353611946106
3	65944	4.21365946494	-6.5169954299927
3	65951	4.214360568112	-6.6464743614197
3	65955	4.214668580601	-7.412805557251
3	65968	4.215372589493	-4.5039520263672
3	65975	4.215675682769	-6.553391456604
3	65982	4.216409009947	-5.6586871147156
3	65986	4.216702102728	-4.9833960533142
3	66002	4.217451984555	-3.6049828529358
3	66006	4.217691892056	-8.9820823669434
3	66013	4.218484430993	-3.8881170749664
3	66017	4.218642633466	-3.6718230247498
3	66033	4.219467005828	-3.0674698352814
3	66037	4.219596928456	-7.5942034721375
3	66044	4.220466721652	-8.6239490509033
3	66048	4.220626211155	-7.8529424667358
3	66064	4.221483943959	-2.8991305828094
3	66068	4.221634544153	-5.4909586906433
3	66072	4.222451177061	-5.1400356292725
3	66079	4.222615466226	-5.5997071266174
3	66098	4.223482908676	-6.2430930137634
3	66102	4.223585804226	-3.945830821991
3	66109	4.2244712407	-5.955050945282
3	66113	4.224586686797	-5.3359198570251
3	66129	4.225468899591	-7.0890393257141
3	66133	4.225538055971	-6.3089017868042
3	66140	4.226470483244	-4.8817038536072
3	66144	4.226499968926	-5.5488352775574
3	66160	4.227461013383	-5.8236956596375
3	66164	4.227488793068	-3.8308591842651
3	66171	4.22845662276	-4.8340077400208
3	66175	4.228458128701	-3.827627658844
3	66191	4.229478919755	-5.3484020233154
3	66195	4.229504731625	-6.7368965148926
3	66202	4.230472616866	-10.118427276611
3	66206	4.230478901744	-5.1894326210022
3	66222	4.231453809476	-5.1159424781799
3	66226	4.231486303511	-3.6028728485107
3	66233	4.232426729468	-6.6285862922668
3	66237	4.232457069808	-6.6932573318481
3	66253	4.233444234635	-6.0112657546997
3	66257	4.233498019732	-5.8810834884644
3	66264	4.234397109077	-5.0588235855103
3	66268	4.234479016814	-5.2773079872131
3	66284	4.235359809431	-3.498028755188
3	66288	4.235442441148	-4.2650871276855
3	66295	4.23636988894	-5.9336652755737
3	66299	4.236458044221	-6.5046010017395
3	66315	4.237354251122	-5.9633364677429
3	66319	4.237451077433	-5.0621862411499
3	66326	4.238358468701	-4.3369874954224
3	66330	4.238475939749	-4.8533563613892
3	66346	4.239324257312	-4.511974811554
3	66350	4.239525360763	-7.3855657577515
3	66354	4.240321949385	-4.4276447296143
3	66361	4.240476614288	-4.6276068687439
3	66377	4.241273418324	-5.5036687850952
3	66381	4.241519786115	-6.2662057876587
3	66385	4.242268602284	-7.5916471481323
3	66392	4.24255605476	-8.397744178772
3	66411	4.243249340458	-5.5684695243835
3	66415	4.243602453897	-8.2110567092896
3	66419	4.244262107526	-7.8227400779724
3	66426	4.244641840278	-6.056857585907
3	66442	4.24530825968	-4.6506628990173
3	66446	4.245601556279	-6.6977353096008
3	66453	4.246288786941	-7.1544303894043
3	66457	4.246594016675	-7.654580116272
3	66473	4.247277607736	-8.3901252746582
3	66477	4.247594796029	-5.9951109886169
3	66481	4.248240129066	-4.4406881332397
3	66491	4.248555787163	-5.7274866104126
3	66504	4.249274160559	-6.6956348419189
3	66508	4.249603729835	-4.7585735321045
3	66514	4.250239123932	-3.5173709392548
3	66524	4.250635382569	-4.3558564186096
3	66537	4.251273180854	-3.9385900497437
3	66541	4.251627960558	-4.6607279777527
3	66545	4.252244724167	-4.3110518455505
3	66555	4.252616039158	-8.1211757659912
3	66568	4.253216971032	-3.525045633316
3	66572	4.253589316287	-5.3172545433044
3	66576	4.254170297739	-6.0560569763184
3	66586	4.254638037693	-6.0589685440063
3	66596	4.255142282994	-6.5266995429993
3	66603	4.255618626697	-3.889753818512
3	66607	4.256177491751	-4.0348625183105
3	66617	4.256581551532	-6.7756614685059
3	66627	4.257154283504	-5.8690948486328
3	66634	4.257619194956	-7.8540897369385
3	66641	4.258196615748	-7.1495652198792
3	66648	4.258661647201	-4.7586569786072
3	66661	4.259229592208	-7.493932723999
3	66665	4.259705428345	-4.5751156806946
3	66675	4.260258425795	-7.5450983047485
3	66679	4.260733441034	-4.3008737564087
3	66692	4.261233678214	-8.4809808731079
3	66696	4.261711326907	-7.813850402832
3	66703	4.262264110903	-4.2982029914856
3	66710	4.262738057604	-3.5459668636322
3	66723	4.26324033771	-6.9563326835632
3	66730	4.263688736727	-7.607759475708
3	66740	4.264252245459	-5.4054927825928
3	66744	4.264731056016	-9.7497072219849
3	66754	4.265245800925	-8.2445497512817
3	66761	4.265760284528	-5.9894819259644
3	66768	4.266206406284	-4.3492126464844
3	66775	4.266751815667	-7.2802300453186
3	66782	4.267190430485	-5.6625471115112
3	66792	4.267782330689	-5.1311550140381
3	66799	4.268237556196	-8.1957330703735
3	66806	4.268799528709	-6.6380205154419
3	66816	4.269287515812	-5.3848748207092
3	66823	4.269788518671	-4.4745903015137
3	66830	4.270254538754	-4.6433639526367
3	66837	4.270820000549	-7.5762858390808
3	66847	4.271231200268	-4.3454933166504
3	66854	4.271861845443	-4.6850781440735
3	66858	4.272242701061	-5.7320699691772
3	66871	4.272836616795	-4.0900292396545
3	66881	4.27322294687	-7.3579177856445
3	66885	4.273832705573	-8.4891977310181
3	66892	4.274200519875	-6.0462217330933
3	66902	4.274816826409	-5.9590539932251
3	66912	4.275184947248	-10.349320411682
3	66916	4.275829119616	-4.9112010002136
3	66920	4.276150631548	-6.5531568527222
3	66936	4.276875877521	-5.0663423538208
3	66943	4.277177484373	-4.6666150093079
3	66947	4.277853861024	-4.3275723457336
3	66951	4.278180974579	-5.40394115448
3	66970	4.278869961615	-6.725161075592
3	66974	4.27913299208	-4.0505766868591
3	66978	4.279891296273	-8.0799789428711
3	66982	4.280084482969	-6.7734446525574
3	67001	4.280846737953	-5.0950527191162
3	67005	4.281097180351	-4.5021524429321
3	67009	4.281816708404	-7.9282922744751
3	67016	4.282085427792	-7.8818168640137
3	67035	4.282816347891	-9.422327041626
3	67039	4.283110803125	-4.0691480636597
3	67043	4.283828957942	-7.5125269889832
3	67047	4.284090801113	-5.0791168212891
3	67060	4.284851045195	-6.4047727584839
3	67070	4.285098854441	-8.2629375457764
3	67074	4.28586737308	-5.1562385559082
3	67078	4.286086022573	-4.6373538970947
3	67091	4.286898053194	-4.84943151474
3	67098	4.287086471828	-7.6604380607605
3	67105	4.287876924175	-5.1091270446777
3	67109	4.288080913115	-4.6238255500793
3	67122	4.288873935445	-3.8689150810242
3	67126	4.289047472777	-7.1744132041931
3	67136	4.289919234299	-5.9574766159058
3	67140	4.290013115507	-9.2229661941528
3	67153	4.290950247424	-5.4674639701843
3	67157	4.290967750464	-6.5561337471008
3	67167	4.291921549921	-4.7379775047302
3	67171	4.29197784893	-6.2090883255005
3	67187	4.292872106394	-6.3911175727844
3	67191	4.292964809051	-5.6654410362244
3	67198	4.293841739706	-8.0713090896606
3	67202	4.293916819197	-7.5391430854797
3	67215	4.294844012298	-5.547031879425
3	67219	4.29496100457	-6.3199944496155
3	67229	4.295849608772	-4.9666261672974
3	67233	4.295929369351	-6.1840920448303
3	67249	4.296800991625	-3.6845717430115
3	67253	4.296938860411	-5.4790558815002
3	67260	4.297796389041	-5.1627626419067
3	67264	4.297919146378	-7.2078576087952
3	67277	4.298766800669	-6.600172996521
3	67284	4.298916075206	-6.2142143249512
3	67291	4.299746899079	-2.5646829605103
3	67295	4.299935064292	-5.290623664856
3	67305	4.300728369405	-5.757954120636
3	67315	4.300897040825	-8.0554084777832
3	67322	4.301718711419	-5.2422471046448
3	67326	4.30194652243	-6.7818365097046
3	67339	4.302669278839	-4.0177855491638
3	67349	4.302919839749	-5.7588539123535
3	67356	4.303703548281	-7.5444049835205
3	67360	4.303965439014	-5.658492565155
3	67370	4.304710314968	-8.6102819442749
3	67380	4.304999691192	-4.7275886535645
3	67387	4.305712080392	-7.268609046936
3	67391	4.305952853129	-5.9166579246521
3	67398	4.306669250735	-5.9647550582886
3	67411	4.306969872231	-5.6585955619812
3	67418	4.307649083463	-5.7344717979431
3	67422	4.308003604884	-5.5700626373291
3	67429	4.308599926884	-6.0066261291504
3	67442	4.309049141792	-7.106502532959
3	67449	4.309571281313	-5.3153643608093
3	67453	4.310003037393	-4.2439775466919
3	67463	4.310572281911	-5.1095390319824
3	67473	4.310975548117	-3.2895646095276
3	67480	4.311582007282	-5.8509912490845
3	67484	4.311946734788	-8.7144613265991
3	67491	4.312559880855	-6.6061406135559
3	67504	4.31299122089	-8.991870880127
3	67511	4.313514585855	-8.3217639923096
3	67515	4.314036711622	-2.7772350311279
3	67522	4.314479160665	-5.1448001861572
3	67535	4.315081240259	-4.4507765769958
3	67542	4.315495556299	-9.6861705780029
3	67549	4.316102333238	-9.856463432312
3	67553	4.316471983776	-6.1515746116638
3	67569	4.317150546677	-6.4882354736328
3	67573	4.317426027044	-7.4597158432007
3	67580	4.318120677645	-4.0086731910706
3	67584	4.318401151512	-5.9011821746826
3	67600	4.319111790549	-4.9082565307617
3	67604	4.319352733882	-7.299063205719
3	67611	4.320136475507	-7.7301936149597
3	67615	4.320325544038	-7.9230995178223
3	67628	4.321115148454	-4.6204514503479
3	67635	4.321339820141	-6.5290532112122
3	67642	4.322081474085	-4.9841842651367
3	67646	4.32235433637	-4.4137692451477
3	67665	4.323099462012	-5.4788432121277
3	67669	4.323359845652	-6.0221633911133
3	67676	4.324111652206	-4.4342842102051
3	67680	4.324329376268	-7.5055732727051
3	67696	4.325087764749	-8.3325977325439
3	67700	4.325356107256	-4.7762546539307
3	67707	4.326115138092	-5.3171200752258
3	67714	4.32631060143	-4.5267000198364
3	67727	4.327089444529	-5.2206563949585
3	67731	4.327349880768	-6.3078422546387
3	67738	4.328053418952	-4.9937257766724
3	67742	4.328308374757	-5.6990394592285
3	67755	4.32903095959	-4.460907459259
3	67762	4.32931356467	-7.3631591796875
3	67769	4.330035633634	-6.9409427642822
3	67773	4.330287780417	-3.5259363651276
3	67786	4.331023925388	-6.7083697319031
3	67793	4.331332701	-5.0978970527649
3	67800	4.332041888761	-6.6771063804626
3	67804	4.332306019466	-5.0631227493286
3	67817	4.333027461184	-5.4539818763733
3	67824	4.333322671724	-4.4344749450684
3	67831	4.334010156432	-5.9218792915344
3	67835	4.334356468794	-8.9558544158936
3	67848	4.334999277447	-6.1944274902344
3	67855	4.335361276597	-10.997884750366
3	67862	4.336022150519	-8.6464328765869
3	67869	4.336371166727	-8.8990688323975
3	67879	4.337022996896	-3.8179743289948
3	67883	4.337346525255	-6.7122092247009
3	67893	4.338032657355	-4.94349193573
3	67900	4.338370720769	-5.1058530807495
3	67910	4.33907314619	-6.0803880691528
3	67914	4.339335376755	-7.0489311218262
3	67924	4.340037061073	-4.7868785858154
3	67931	4.340299147031	-4.878586769104
3	67938	4.341008554331	-3.4852335453033
3	67945	4.341334547504	-7.0219082832336
3	67955	4.341991381818	-4.9475774765015
3	67962	4.342355317952	-4.5669112205505
3	67969	4.342984695611	-6.8197469711304
3	67979	4.343370058068	-6.5228977203369
3	67989	4.343944014929	-6.5323348045349
3	67993	4.344398582067	-7.1254539489746
3	68003	4.344965437242	-3.8202879428864
3	68007	4.345387049976	-6.3153872489929
3	68020	4.346013295796	-6.9856662750244
3	68024	4.34634241265	-3.8016557693481
3	68034	4.3470512781	-6.08527135849
3	68038	4.347328748509	-6.5388598442078
3	68051	4.348068368955	-5.7503581047058
3	68058	4.348329107182	-5.0831036567688
3	68065	4.349057068515	-4.2950730323792
3	68072	4.349372354445	-2.1912758350372
3	68082	4.350057005968	-4.9539012908936
3	68089	4.350360088878	-7.7048325538635
3	68096	4.351028756096	-4.9044857025146
3	68106	4.351388945027	-5.2875247001648
3	68113	4.351987161628	-5.2047190666199
3	68120	4.352374026018	-4.2864565849304
3	68127	4.353001989839	-8.9731597900391
3	68137	4.353358943976	-4.7287354469299
3	68144	4.354024261323	-6.7114682197571
3	68151	4.354326630086	-5.2027907371521
3	68158	4.355048869412	-5.9508748054504
3	68168	4.355352690015	-8.2483654022217
3	68175	4.356067234958	-5.6125664710999
3	68179	4.35633578797	-5.0589509010315
3	68189	4.357042952341	-3.4442663192749
3	68199	4.35737628828	-5.4858431816101
3	68206	4.358072021387	-3.5631141662598
3	68210	4.358365403372	-7.009819984436
3	68220	4.359072877938	-4.5919904708862
3	68230	4.359409433541	-5.4183979034424
3	68237	4.360024100938	-3.6998796463013
3	68244	4.360428881579	-4.6815848350525
3	68251	4.361061838912	-5.1815867424011
3	68258	4.361461163902	-4.3530893325806
3	68268	4.362024459926	-3.7436368465424
3	68275	4.362510548744	-6.7266144752502
3	68282	4.363031137426	-3.9175927639008
3	68292	4.363487618119	-5.0068407058716
3	68302	4.36401817956	-7.0254130363464
3	68309	4.364457631518	-3.5460290908813
3	68316	4.364971965678	-4.2246675491333
3	68323	4.365461784306	-4.5533037185669
3	68333	4.365970713696	-6.2678346633911
3	68340	4.366426494314	-4.5129637718201
3	68347	4.366951579782	-3.6628775596619
3	68354	4.36742808873	-3.6243886947632
3	68364	4.367979353022	-5.6707811355591
3	68371	4.368436424125	-7.6229257583618
3	68378	4.368961780074	-5.5444793701172
3	68382	4.369403369554	-8.1923723220825
3	68395	4.370005179754	-8.2449035644531
3	68399	4.370357427028	-9.6736555099487
3	68409	4.371032988869	-6.0958576202393
3	68413	4.371325812761	-5.1520371437073
3	68426	4.372018825987	-3.2116496562958
3	68430	4.372318311481	-7.7373938560486
3	68440	4.372987357212	-5.1392579078674
3	68444	4.373270704593	-5.1525540351868
3	68457	4.373965027946	-3.1653113365173
3	68461	4.374252758423	-6.2674374580383
3	68471	4.374965217956	-5.112982749939
3	68475	4.375206689541	-5.5100989341736
3	68488	4.375930122943	-5.9776744842529
3	68492	4.376176174111	-10.197677612305
3	68502	4.376965075449	-7.6136145591736
3	68509	4.377198163563	-5.8346118927002
3	68519	4.377999485563	-6.2491502761841
3	68523	4.378162377436	-3.7113742828369
3	68530	4.379004860815	-5.5237121582031
3	68540	4.379190623215	-5.724259853363
3	68550	4.380038700242	-4.920093536377
3	68554	4.380155720392	-7.9557137489319
3	68561	4.381020781098	-6.6430888175964
3	68571	4.381111877817	-6.7152247428894
3	68581	4.382021444294	-7.2971363067627
3	68585	4.382082944569	-8.753059387207
3	68595	4.383037152328	-4.1254811286926
3	68605	4.383076822769	-7.6919183731079
3	68615	4.384049933837	-6.3677401542664
3	68619	4.384090288786	-3.5727033615112
3	68632	4.385003936296	-6.482994556427
3	68636	4.385076084708	-4.5352282524109
3	68646	4.385964776525	-6.9783506393433
3	68650	4.386036207447	-6.5309081077576
3	68663	4.386980939901	-5.9698224067688
3	68667	4.386997138495	-5.0657205581665
3	68677	4.38798561575	-6.2538414001465
3	68681	4.387989670239	-6.3461618423462
3	68694	4.38894122222	-6.1193246841431
3	68698	4.389024126238	-7.2997717857361
3	68708	4.389929160845	-5.5211777687073
3	68712	4.390016220747	-4.1314587593079
3	68725	4.390930098997	-5.5701193809509
3	68729	4.391052734877	-4.0744113922119
3	68736	4.391904188604	-5.2781763076782
3	68743	4.392081326857	-9.4702348709106
3	68756	4.392943643316	-6.3488140106201
3	68760	4.393106899738	-7.1284856796265
3	68770	4.393969396387	-6.4922409057617
3	68774	4.394141291778	-6.9586005210876
3	68787	4.394987865246	-3.2716348171234
3	68791	4.395131923914	-4.9979166984558
3	68801	4.395962323582	-2.9998826980591
3	68805	4.396112803854	-4.4145107269287
3	68818	4.396996135247	-5.4375948905945
3	68822	4.397150919979	-6.9900259971619
3	68832	4.398026362777	-4.6551637649536
3	68836	4.398189993552	-3.2535107135773
3	68849	4.398978817604	-6.3436403274536
3	68853	4.399143582027	-6.5584678649902
3	68863	4.399982641789	-7.2107152938843
3	68867	4.400149074866	-5.0612335205078
3	68880	4.400970009735	-5.7752304077148
3	68884	4.401173158725	-7.8452534675598
3	68894	4.401992233439	-4.2316694259644
3	68898	4.402133069666	-3.7584583759308
3	68914	4.402990729994	-3.1006560325623
3	68918	4.403145372637	-4.3667225837708
3	68928	4.403944340047	-4.9505977630615
3	68932	4.404117808586	-7.0944042205811
3	68945	4.404921505711	-8.8863477706909
3	68949	4.405124545004	-3.9337205886841
3	68956	4.405875870192	-8.5640993118286
3	68966	4.406076886221	-5.8769555091858
3	68976	4.406854726082	-4.9870409965515
3	68980	4.407090375349	-11.049470901489
3	68987	4.407859869814	-4.0946078300476
3	68997	4.408090838933	-4.3836965560913
3	69007	4.408893463767	-7.5830879211426
3	69011	4.409088641262	-9.3005104064941
3	69018	4.409877800436	-7.6255125999451
3	69028	4.410071145966	-6.0760455131531
3	69035	4.410850400452	-5.2279434204102
3	69042	4.411117568794	-6.4204626083374
3	69046	4.411828524506	-7.3105430603027
3	69056	4.412100074802	-4.2023630142212
3	69066	4.412855090721	-3.7992458343506
3	69073	4.413123434293	-6.5416479110718
3	69077	4.413807442367	-5.0198683738708
3	69087	4.414121505687	-6.4528217315674
3	69097	4.414810435214	-6.8310217857361
3	69101	4.415098420458	-7.2395038604736
3	69108	4.415844914483	-5.9976196289062
3	69112	4.416084732657	-6.3030624389648
3	69128	4.416863947421	-8.3928422927856
3	69132	4.417071423667	-7.1261568069458
3	69139	4.417815007312	-6.0587267875671
3	69143	4.4180772903	-7.6563606262207
3	69159	4.418787235458	-7.8393864631653
3	69166	4.419068305114	-4.7580018043518
3	69170	4.419835530178	-5.9734778404236
3	69174	4.42006097032	-7.0094752311707
3	69190	4.420856949127	-4.4293608665466
3	69197	4.421079737401	-6.8414273262024
3	69201	4.421832728272	-4.3137493133545
3	69208	4.422035400899	-5.4795761108398
3	69221	4.422861431484	-6.8704118728638
3	69231	4.423063539749	-8.2207164764404
3	69235	4.423851147846	-4.2282810211182
3	69239	4.424041103194	-4.292293548584
3	69252	4.424861810927	-6.3785033226013
3	69262	4.425034386181	-6.5911154747009
3	69266	4.425824538677	-5.139787197113
3	69273	4.426082709672	-5.6377687454224
3	69286	4.426866728117	-4.6449427604675
3	69293	4.427119997677	-5.3074545860291
3	69297	4.427848519894	-4.7598633766174
3	69304	4.428132786281	-3.1162872314453
3	69320	4.428866123362	-6.0347971916199
3	69324	4.429134991306	-3.8452429771423
3	69328	4.429881444292	-3.0964252948761
3	69338	4.430180827111	-4.6135778427124
3	69351	4.430888149775	-6.1634964942932
3	69355	4.431164750647	-6.0535368919373
3	69362	4.43192154782	-6.5365891456604
3	69366	4.43220054072	-8.4089069366455
3	69382	4.432963037311	-6.2654337882996
3	69386	4.433196765846	-5.6339402198792
3	69393	4.433930082374	-8.8018884658813
3	69400	4.434203688125	-4.4679689407349
3	69413	4.434917259563	-4.8548359870911
3	69417	4.435216215629	-6.9825406074524
3	69424	4.435946079637	-4.7472591400146
3	69428	4.436190013972	-6.626718044281
3	69444	4.436960259109	-4.683717250824
3	69448	4.43722935302	-7.0692238807678
3	69455	4.437994535383	-6.4388771057129
3	69462	4.438270299648	-4.9436674118042
3	69475	4.439017638014	-5.8976583480835
3	69479	4.439226615223	-4.0468573570251
3	69486	4.44003437691	-4.6459641456604
3	69490	4.440193036692	-3.949800491333
3	69506	4.44105156773	-4.4178380966187
3	69510	4.441170559809	-7.1723198890686
3	69517	4.442074485374	-5.2963781356812
3	69524	4.442184938596	-5.7504067420959
3	69540	4.443071437208	-5.3093657493591
3	69544	4.44319776318	-6.1143102645874
3	69551	4.444105631792	-5.9482746124268
3	69558	4.444222286178	-6.890615940094
3	69571	4.445076302922	-3.1651864051819
3	69575	4.445226959621	-4.4006910324097
3	69582	4.446093380913	-5.8180871009827
3	69589	4.446264856946	-6.8478851318359
3	69602	4.447106075177	-4.5619325637817
3	69606	4.447287285819	-5.6751656532288
3	69613	4.448096851302	-2.5121386051178
3	69620	4.448280778198	-6.3359785079956
3	69633	4.449077465258	-6.1925115585327
3	69637	4.449257836789	-7.9234943389893
3	69644	4.450067505479	-5.2251749038696
3	69651	4.450280057229	-6.5376715660095
3	69664	4.451089507261	-5.8650717735291
3	69668	4.451319689863	-7.8132557868958
3	69678	4.45205796501	-5.6115112304688
3	69685	4.45228194889	-7.7049875259399
3	69695	4.453069659373	-2.1757674217224
3	69699	4.453290919635	-4.2778010368347
3	69709	4.454075169608	-4.5503010749817
3	69719	4.454289365975	-5.0896110534668
3	69726	4.455072336108	-4.2465624809265
3	69730	4.455294498225	-4.5812349319458
3	69740	4.456115270331	-6.9883065223694
3	69750	4.456311018153	-7.5409069061279
3	69757	4.457088090529	-8.3443365097046
3	69761	4.457301375055	-4.0836601257324
3	69771	4.458100758606	-7.3223814964294
3	69778	4.458320950201	-5.0399227142334
3	69788	4.459115965339	-4.7838182449341
3	69792	4.459274016238	-6.5287418365479
3	69805	4.460099917104	-5.7639088630676
3	69809	4.460294573562	-3.6191630363464
3	69819	4.461105923523	-3.9336287975311
3	69823	4.461297331386	-6.7000050544739
3	69836	4.462114942661	-5.3453898429871
3	69840	4.462259921146	-5.0741424560547
3	69853	4.463096589741	-5.9545521736145
3	69857	4.463259976524	-4.6883716583252
3	69870	4.464048058069	-4.2411251068115
3	69874	4.464218947768	-3.4842293262482
3	69884	4.465071121748	-7.5142450332642
3	69888	4.465255344641	-5.0113711357117
3	69901	4.466041097532	-7.6792850494385
3	69905	4.466240917626	-4.6809124946594
3	69915	4.467051325837	-4.7218103408813
3	69919	4.467210649329	-7.0972647666931
3	69932	4.468048931448	-7.1046652793884
3	69936	4.468220441448	-6.1607966423035
3	69946	4.469048821288	-4.8680067062378
3	69950	4.469230134062	-5.5942645072937
3	69963	4.470055306568	-3.420681476593
3	69967	4.470180168297	-5.6892733573914
3	69977	4.471039162307	-6.1995368003845
3	69981	4.471137419003	-6.073399066925
3	69994	4.472014472832	-4.6633324623108
3	69998	4.472134846869	-7.1703357696533
3	70008	4.472987972989	-6.1055727005005
3	70012	4.473112966389	-5.7685136795044
3	70022	4.47401158096	-6.378387928009
3	70029	4.474125106778	-6.0686764717102
3	70039	4.475045494304	-5.8122305870056
3	70043	4.475108425076	-5.075581073761
3	70053	4.476013673838	-4.4704885482788
3	70057	4.476115483777	-6.6956887245178
3	70070	4.476980294983	-5.0948781967163
3	70074	4.477120957306	-6.7787613868713
3	70081	4.477980637651	-4.187379360199
3	70091	4.478130199908	-7.5013513565063
3	70101	4.478985391123	-4.8359489440918
3	70105	4.479169157937	-5.0384216308594
3	70112	4.480020134651	-3.7612686157227
3	70122	4.480208811277	-5.9898037910461
3	70132	4.481048424614	-5.470920085907
3	70136	4.481215330649	-6.1414933204651
3	70143	4.48206614345	-7.2624435424805
3	70150	4.482174955895	-4.2841219902039
3	70166	4.483086115404	-5.5470366477966
3	70170	4.483148767628	-6.9902629852295
3	70177	4.484100666492	-4.9895238876343
3	70181	4.484128953604	-5.2536816596985
3	70197	4.485087358804	-6.780478477478
3	70201	4.485138861965	-4.7212181091309
3	70211	4.486069941652	-5.9577865600586
3	70215	4.486091229517	-4.7741317749023
3	70225	4.487035859638	-4.0243391990662
3	70229	4.487098280315	-5.3046731948853
3	70239	4.488044351746	-2.5031032562256
3	70246	4.488140525978	-9.4041881561279
3	70256	4.489061472949	-6.0719389915466
3	70263	4.489110908692	-3.9684107303619
3	70270	4.490043769139	-8.5281496047974
3	70277	4.49013543906	-5.520959854126
3	70287	4.491011827116	-6.9460120201111
3	70294	4.491135064396	-4.5453734397888
3	70301	4.49199772042	-5.7641925811768
3	70308	4.492127779903	-7.7157368659973
3	70321	4.493022787028	-5.4545240402222
3	70325	4.493115586066	-6.853654384613
3	70332	4.49403354492	-5.6692185401917
3	70336	4.494140325575	-4.8728313446045
3	70352	4.495055603737	-5.1284399032593
3	70356	4.495102789404	-6.3661689758301
3	70363	4.496062705102	-8.5656490325928
3	70367	4.496103537975	-5.4320511817932
3	70383	4.49704110172	-5.7532067298889
3	70387	4.497104784448	-5.5073528289795
3	70394	4.498030171235	-4.7822813987732
3	70401	4.498132477797	-3.2726271152496
3	70414	4.499040198057	-3.5139987468719
3	70418	4.499128486509	-8.11243724823
3	70430	4.500014240968	-9.1713542938232
3	70434	4.500139077707	-6.3981232643127
3	70447	4.500967101453	-4.5948309898376
3	70451	4.50115454036	-5.1852865219116
3	70461	4.5019222443	-4.8504915237427
3	70465	4.502184650016	-7.3387184143066
3	70481	4.502887414102	-5.9714503288269
3	70485	4.503224441097	-5.8768801689148
3	70495	4.503840694103	-6.7074761390686
3	70499	4.504177805338	-4.2314839363098
3	70506	4.504865948722	-4.1542296409607
3	70516	4.505178483128	-5.1334753036499
3	70526	4.505907866152	-4.0536227226257
3	70530	4.506206758616	-8.4616470336914
3	70540	4.506878520088	-4.0400748252869
3	70547	4.507187531119	-4.7211060523987
3	70557	4.507877168805	-6.0033082962036
3	70561	4.508193819917	-6.459189414978
3	70568	4.508903788187	-7.3448066711426
3	70578	4.509234945979	-4.539222240448
3	70588	4.50986179359	-6.2575974464417
3	70592	4.510263820311	-7.5719585418701
3	70599	4.510855307999	-6.9702897071838
3	70606	4.511245934113	-6.5296139717102
3	70616	4.5118472889	-4.1276631355286
3	70623	4.512213377335	-6.2092990875244
3	70633	4.512838871267	-3.6508982181549
3	70637	4.513182815968	-6.0538558959961
3	70647	4.513802523978	-7.5548057556152
3	70654	4.514227744198	-3.6362438201904
3	70661	4.514759497273	-6.0297360420227
3	70668	4.515271659436	-6.2528824806213
3	70678	4.515765648459	-7.0312538146973
3	70688	4.516319948751	-5.2721877098083
3	70692	4.516718276229	-7.5865364074707
3	70699	4.517285334396	-12.42289352417
3	70709	4.517722882225	-4.4573774337769
3	70716	4.518255083372	-4.6016821861267
3	70723	4.518727614075	-5.9149370193481
3	70730	4.519238416624	-6.4145750999451
3	70737	4.519695567916	-8.5427570343018
3	70747	4.520189170919	-4.3221354484558
3	70754	4.52069599659	-5.6944208145142
3	70761	4.521183379978	-4.3012108802795
3	70765	4.521675354466	-4.4281949996948
3	70778	4.522171689344	-7.2348642349243
3	70785	4.522720104038	-5.6807508468628
3	70792	4.523199082209	-8.1314897537231
3	70802	4.523738571296	-5.6938438415527
3	70812	4.524218302498	-6.8362798690796
3	70819	4.524726149515	-6.2681374549866
3	70823	4.525200009653	-6.1124649047852
3	70833	4.525735763154	-4.9969606399536
3	70843	4.526158197303	-4.2569260597229
3	70850	4.526758455098	-5.1896724700928
3	70854	4.527136040326	-7.2377414703369
3	70867	4.527735650837	-5.6630077362061
3	70874	4.52811256901	-6.7672047615051
3	70878	4.528725473513	-6.3420658111572
3	70885	4.529158272629	-6.0123200416565
3	70892	4.529684754088	-5.5337767601013
3	70905	4.530206103229	-6.5300250053406
3	70909	4.530648563017	-5.3381767272949
3	70916	4.531226125809	-4.9382147789001
3	70923	4.53161446198	-5.328784942627
3	70936	4.532260882552	-4.5339589118958
3	70940	4.53259015942	-5.3472242355347
3	70947	4.533223617521	-6.659303188324
3	70954	4.533602862731	-7.7749223709106
3	70967	4.534271445081	-5.9245543479919
3	70971	4.534580890442	-4.2379732131958
3	70978	4.535298029437	-5.3045191764832
3	70985	4.53553349312	-6.0381841659546
3	70998	4.536249092714	-3.2059288024902
3	71002	4.536554822738	-7.470654964447
3	71009	4.537220890021	-7.4832215309143
3	71019	4.537562362139	-4.9012155532837
3	71029	4.538257775722	-7.3599882125854
3	71033	4.538556548454	-5.3013243675232
3	71040	4.539289934863	-5.987256526947
3	71050	4.539580101798	-5.2180862426758
3	71060	4.540335618469	-8.2037715911865
3	71064	4.540620236303	-4.6512899398804
3	71071	4.541349962073	-9.9156303405762
3	71081	4.541640475894	-4.0069732666016
3	71091	4.542330826273	-7.7000517845154
3	71095	4.542639443574	-6.774697303772
3	71102	4.543361113761	-3.7472989559174
3	71115	4.5436198401	-5.2386932373047
3	71125	4.544366023973	-5.1612019538879
3	71129	4.544600160723	-6.7518043518066
3	71136	4.545373610299	-5.7166423797607
3	71146	4.545608230181	-4.5339846611023
3	71156	4.546355869208	-7.1291785240173
3	71160	4.54665101833	-3.3109703063965
3	71164	4.547313244108	-5.7941904067993
3	71177	4.547623102415	-6.8188786506653
3	71187	4.548331459841	-4.7956666946411
3	71191	4.548598599943	-2.5583779811859
3	71195	4.549350019531	-3.5003099441528
3	71202	4.549589406787	-5.9244751930237
3	71218	4.550358003046	-5.1611113548279
3	71222	4.550630477522	-6.1346731185913
3	71226	4.551333430774	-6.1439232826233
3	71239	4.551629084982	-4.8186311721802
3	71249	4.552377390466	-6.3135304450989
3	71253	4.552615339178	-8.5735521316528
3	71257	4.553352870735	-5.2667059898376
3	71267	4.55360150862	-8.5626220703125
3	71280	4.554309699077	-8.5431089401245
3	71284	4.554599574968	-5.8453588485718
3	71288	4.555288279016	-5.0750150680542
3	71295	4.555577910346	-5.7775702476501
3	71311	4.556239072284	-5.560791015625
3	71315	4.556606148	-5.5480871200562
3	71319	4.557202879398	-5.1890845298767
3	71326	4.55765494156	-4.8864426612854
3	71342	4.558187213995	-8.2788095474243
3	71346	4.558648545221	-9.441764831543
3	71350	4.559199173628	-7.0940971374512
3	71360	4.559695300723	-6.747127532959
3	71373	4.560206978045	-6.2631030082703
3	71377	4.560715160324	-8.1993103027344
3	71381	4.561170548284	-4.3723654747009
3	71391	4.561727221656	-5.3005514144897
3	71404	4.562206276955	-5.5241284370422
3	71408	4.562762617934	-6.8547592163086
3	71412	4.563163027596	-3.92511510849
3	71422	4.563753357718	-3.8596057891846
3	71438	4.564143114241	-8.1411695480347
3	71442	4.564773137347	-5.7832098007202
3	71446	4.565114752812	-9.0667448043823
3	71456	4.565755040672	-6.0536942481995
3	71466	4.566081441826	-5.6111922264099
3	71473	4.566777212489	-7.7620391845703
3	71477	4.567084064635	-6.0952582359314
3	71487	4.567739255346	-5.5703887939453
3	71497	4.568083836282	-3.7095708847046
3	71504	4.568728233094	-9.0927228927612
3	71508	4.569108367326	-8.5153169631958
3	71521	4.56973846093	-5.2340507507324
3	71531	4.570154126698	-5.1308455467224
3	71535	4.570704412702	-6.7171325683594
3	71539	4.571132842271	-4.7141995429993
3	71552	4.571714830871	-8.7314224243164
3	71562	4.572142525447	-7.3568992614746
3	71566	4.572705375674	-7.7281250953674
3	71570	4.573106479971	-7.5426440238953
3	71580	4.57375368838	-6.8869104385376
3	71593	4.574089239578	-7.9817399978638
3	71597	4.574775596384	-3.3802335262299
3	71601	4.575060944667	-6.6714916229248
3	71614	4.575822116879	-6.0251760482788
3	71618	4.576076075834	-6.2555289268494
3	71628	4.57677799415	-7.6791319847107
3	71632	4.577037939139	-9.9655084609985
3	71645	4.577792009037	-5.0697622299194
3	71652	4.578072366494	-6.2914719581604
3	71659	4.578817151818	-5.2769799232483
3	71666	4.579034250165	-6.0986561775208
3	71676	4.579767839087	-4.5332946777344
3	71683	4.580077473002	-4.6095852851868
3	71690	4.580732401172	-5.5568714141846
3	71697	4.581121657469	-10.295658111572
3	71704	4.581710364107	-6.3017611503601
3	71714	4.582134138441	-5.4610829353333
3	71721	4.582702025933	-4.9975371360779
3	71725	4.58309841086	-4.7323875427246
3	71735	4.583694269253	-6.0559091567993
3	71745	4.584082305622	-6.1640667915344
3	71755	4.584682716866	-4.9513545036316
3	71759	4.58505277041	-7.12566614151
3	71769	4.58571102257	-8.0262241363525
3	71776	4.586018399141	-4.0288834571838
3	71786	4.586725346976	-4.2613921165466
3	71790	4.587011728962	-4.3560628890991
3	71800	4.587705091453	-3.5015344619751
3	71807	4.588002481448	-8.0374622344971
3	71817	4.588676560109	-7.7018303871155
3	71821	4.589029909112	-6.7873344421387
3	71828	4.589645898738	-9.0268611907959
3	71835	4.590028754168	-6.9059820175171
3	71848	4.590606788423	-4.9602608680725
3	71852	4.591024562716	-10.272174835205
3	71859	4.591605545012	-5.3022499084473
3	71869	4.592020609661	-5.1346874237061
3	71879	4.592645228498	-4.4685959815979
3	71883	4.59297966681	-4.2522921562195
3	71893	4.593663480767	-6.0008010864258
3	71897	4.594016744182	-5.3295617103577
3	71910	4.594644970288	-5.8531384468079
3	71914	4.59497935886	-3.891352891922
3	71921	4.595600581283	-5.9379658699036
3	71931	4.596019240053	-5.3051381111145
3	71941	4.596607873785	-6.5395317077637
3	71945	4.597014796225	-3.2488963603973
3	71955	4.597634025439	-4.1666440963745
3	71962	4.598006597755	-5.0919651985168
3	71972	4.598638725128	-4.8517870903015
3	71976	4.599011955756	-5.7396516799927
3	71986	4.599654709442	-5.2057771682739
3	71996	4.599971427844	-3.9978747367859
3	72003	4.600640349867	-6.8477611541748
3	72007	4.60101047781	-5.4300079345703
3	72017	4.601630222935	-7.8666405677795
3	72024	4.601981861309	-4.1230597496033
3	72034	4.602589655282	-7.5851955413818
3	72038	4.602947947294	-5.4099464416504
3	72048	4.603580463016	-5.6066937446594
3	72061	4.603933213804	-5.5446448326111
3	72068	4.604533001384	-5.8402671813965
3	72072	4.604927707598	-7.2453193664551
3	72079	4.605498426673	-4.4896211624146
3	72089	4.605946000414	-6.4720058441162
3	72099	4.60649163773	-4.5834641456604
3	72103	4.606983477191	-5.3839907646179
3	72110	4.607494878937	-8.0679187774658
3	72123	4.608011941691	-7.241283416748
3	72130	4.608470032636	-4.9504985809326
3	72134	4.608967528272	-5.6432213783264
3	72141	4.609473941661	-5.9394536018372
3	72154	4.609978643166	-7.1156315803528
3	72161	4.610478252664	-4.6556425094604
3	72165	4.610988350206	-6.1308960914612
3	72172	4.61144401356	-6.9935913085938
3	72179	4.611975085983	-4.7229595184326
3	72192	4.612489777721	-6.3926186561584
3	72196	4.613014660152	-6.9199905395508
3	72203	4.613451568876	-4.4530510902405
3	72213	4.614011459053	-2.9527604579926
3	72223	4.614433808054	-6.1360273361206
3	72227	4.615017562503	-7.4043345451355
3	72234	4.615446833229	-6.3603167533875
3	72244	4.616054048483	-4.4407634735107
3	72254	4.616437810011	-5.163200378418
3	72258	4.617012442071	-4.4054837226868
3	72265	4.617473739745	-4.205897808075
3	72275	4.618040777701	-6.3177061080933
3	72282	4.618446983392	-3.9043402671814
3	72289	4.619040302189	-5.5676975250244
3	72296	4.619489949002	-4.6875314712524
3	72306	4.620086749178	-5.5129451751709
3	72313	4.620496798799	-5.4831213951111
3	72320	4.621124571553	-4.5707550048828
3	72324	4.621532792136	-7.895583152771
3	72337	4.622151044417	-6.2774796485901
3	72344	4.622521706161	-5.0319247245789
3	72351	4.62314960882	-4.9920635223389
3	72355	4.623533911997	-5.2760076522827
3	72374	4.624189524364	-7.3879494667053
3	72378	4.624509558382	-4.9212675094604
3	72385	4.625200080345	-4.2598996162415
3	72389	4.625520138425	-4.8834495544434
3	72405	4.626247809322	-7.3958644866943
3	72409	4.626480453262	-8.0157308578491
3	72416	4.627277254177	-8.2204399108887
3	72420	4.627467166872	-2.7229371070862
3	72436	4.628286738498	-3.8572359085083
3	72440	4.628447935395	-5.6064481735229
3	72447	4.629318288213	-4.4380331039429
3	72454	4.629434518061	-5.8996825218201
3	72467	4.63027008331	-9.6778001785278
3	72471	4.630406348725	-5.2827792167664
3	72481	4.631297480686	-5.7964696884155
3	72485	4.631391983304	-8.3693962097168
3	72498	4.632302932065	-6.632993221283
3	72502	4.632399138544	-6.6799421310425
3	72512	4.633262480896	-4.4197177886963
3	72516	4.633380929205	-3.5750198364258
3	72529	4.634289013962	-5.1841359138489
3	72536	4.634417346309	-9.0280332565308
3	72543	4.635268002888	-4.3876819610596
3	72547	4.63537309939	-5.195191860199
3	72563	4.636281236605	-5.5120048522949
3	72567	4.636325567263	-5.1406192779541
3	72574	4.637291991847	-4.0712904930115
3	72578	4.637322052602	-5.0514497756958
3	72594	4.638328545535	-4.8266897201538
3	72598	4.638346887922	-4.375452041626
3	72605	4.639278880316	-5.2921829223633
3	72609	4.639339787115	-5.5406856536865
3	72625	4.640298798229	-7.9313068389893
3	72629	4.640350057398	-7.5056686401367
3	72636	4.641316712436	-7.9148745536804
3	72640	4.641390261988	-7.5483636856079
3	72653	4.642318129564	-4.34175157547
3	72657	4.642380092909	-4.8697371482849
3	72667	4.643279831357	-3.3117065429688
3	72671	4.643360971093	-3.9236063957214
3	72684	4.644250061814	-5.5646157264709
3	72688	4.644347229362	-5.9300398826599
3	72698	4.645234409953	-4.2341494560242
3	72702	4.645301947861	-5.9369463920593
3	72718	4.646266902049	-4.3902854919434
3	72722	4.646314555978	-3.1312787532806
3	72732	4.647277146655	-8.7869148254395
3	72736	4.647320619579	-4.5036816596985
3	72749	4.648237524162	-7.887176990509
3	72753	4.648358513672	-8.3108758926392
3	72763	4.649246127865	-7.9712295532227
3	72767	4.64940383158	-6.9889755249023
3	72780	4.650283585759	-5.5865664482117
3	72784	4.650387542051	-7.073169708252
3	72794	4.651293232396	-5.4444742202759
3	72798	4.651369873727	-4.8630094528198
3	72808	4.65224499846	-2.1519804000854
3	72815	4.652381158038	-4.6891164779663
3	72825	4.653215182027	-3.999534368515
3	72829	4.653426481535	-6.0958752632141
3	72839	4.654219651064	-7.125563621521
3	72843	4.654381626439	-7.1041860580444
3	72856	4.655206274117	-5.2266869544983
3	72860	4.655356169039	-6.2914838790894
3	72870	4.656165170831	-3.1082708835602
3	72874	4.656374710218	-5.2673954963684
3	72887	4.657135505673	-5.6346435546875
3	72891	4.657408557674	-7.1137418746948
3	72901	4.658101181401	-4.0136070251465
3	72908	4.658445805476	-7.8161888122559
3	72918	4.659109273692	-5.7454633712769
3	72922	4.659436027999	-5.1766262054443
3	72932	4.660157182653	-4.1260871887207
3	72942	4.660477802848	-7.8816685676575
3	72949	4.661184716523	-8.0640783309937
3	72953	4.66148600672	-5.2332420349121
3	72963	4.662152139796	-3.8594229221344
3	72970	4.662451270544	-5.503849029541
3	72980	4.663166037805	-7.2453780174255
3	72984	4.663468510358	-8.2939672470093
3	72997	4.664128978651	-7.4093699455261
3	73004	4.66442685709	-8.205174446106
3	73014	4.665163207954	-5.9686985015869
3	73018	4.665452686795	-6.8910012245178
3	73028	4.66615371782	-6.8762583732605
3	73035	4.666496480368	-5.2091188430786
3	73045	4.667173949533	-5.3689699172974
3	73049	4.667526491246	-4.8823914527893
3	73059	4.66818711496	-8.2747869491577
3	73066	4.668575956427	-5.8771281242371
3	73073	4.669236749775	-8.5569038391113
3	73080	4.669548476485	-6.7807726860046
3	73093	4.670200948719	-5.5713515281677
3	73097	4.670507897724	-7.166277885437
3	73104	4.671222430902	-4.4788341522217
3	73111	4.671529079827	-6.0683655738831
3	73124	4.672269939505	-7.2879614830017
3	73128	4.672498205819	-4.7466425895691
3	73135	4.673307624491	-4.5347843170166
3	73142	4.673502270786	-11.393962860107
3	73155	4.674258239656	-5.9578905105591
3	73159	4.67449564255	-4.2130289077759
3	73166	4.675224869522	-5.0340433120728
3	73176	4.675529567708	-6.3161582946777
3	73186	4.676246213609	-6.4147825241089
3	73190	4.676514586097	-3.2524783611298
3	73197	4.677258462796	-3.8095328807831
3	73204	4.677483248843	-5.6704525947571
3	73217	4.678295049711	-4.7169156074524
3	73221	4.678480588568	-6.3956389427185
3	73228	4.679287444072	-7.0587511062622
3	73235	4.679448570323	-5.010537147522
3	73248	4.680320680484	-5.8882260322571
3	73252	4.680494251428	-5.6411395072937
3	73259	4.681315890842	-5.6355414390564
3	73269	4.68147916416	-6.3661141395569
3	73276	4.682283150785	-6.2184629440308
3	73283	4.682485548566	-5.5665855407715
3	73290	4.68329687386	-3.9338736534119
3	73300	4.683467583966	-5.8611016273499
3	73310	4.684303089013	-4.1638255119324
3	73317	4.684449193542	-7.6621584892273
3	73324	4.685310640757	-3.4290556907654
3	73331	4.685463642356	-5.9422688484192
3	73341	4.686270543023	-3.5551142692566
3	73348	4.686464037654	-4.3476881980896
3	73355	4.687299851087	-4.2024450302124
3	73359	4.687507827168	-4.6896595954895
3	73372	4.688326715519	-5.5216379165649
3	73376	4.688545033075	-7.0760374069214
3	73386	4.689365486888	-4.5788698196411
3	73393	4.689591933194	-5.3879952430725
3	73403	4.690374095078	-5.0465416908264
3	73407	4.690631589433	-6.3158402442932
3	73420	4.691415646542	-4.9868640899658
3	73424	4.691639964974	-3.8365449905396
3	73434	4.692427213258	-4.9060196876526
3	73441	4.692662975153	-8.7016725540161
3	73448	4.693453049022	-3.5655789375305
3	73455	4.693707653441	-4.7500133514404
3	73468	4.694448318159	-5.7779502868652
3	73472	4.694731873431	-4.2071375846863
3	73482	4.695443396559	-4.5597696304321
3	73486	4.695703941977	-6.3773446083069
3	73496	4.696416946766	-5.7558069229126
3	73503	4.696725438818	-5.1336445808411
3	73510	4.697448806601	-4.9955530166626
3	73517	4.697703864437	-4.8420839309692
3	73527	4.698402206779	-5.3489818572998
3	73531	4.698721819945	-6.6178979873657
3	73541	4.699440616685	-6.2932724952698
3	73548	4.699756140416	-2.8513424396515
3	73558	4.70042418335	-6.376781463623
3	73562	4.700793916614	-4.1194844245911
3	73572	4.701465578527	-7.279284954071
3	73579	4.701794391488	-6.6552720069885
3	73589	4.702461394169	-6.3202376365662
3	73596	4.702810979015	-4.1596484184265
3	73603	4.70347649396	-7.3410086631775
3	73607	4.703794004423	-6.6081895828247
3	73623	4.704472932265	-3.2405896186829
3	73630	4.704781370046	-7.368887424469
3	73637	4.705520158396	-2.6263191699982
3	73641	4.705823921242	-6.0878186225891
3	73654	4.706474830388	-7.1570086479187
3	73664	4.706867493109	-3.5923473834991
3	73668	4.707493686894	-6.0814418792725
3	73672	4.707888844771	-5.3287858963013
3	73685	4.708513566276	-8.7315902709961
3	73695	4.708887842754	-5.3527717590332
3	73699	4.709505010595	-4.4726185798645
3	73703	4.7099253977	-5.8914008140564
3	73716	4.710535210717	-5.3317723274231
3	73726	4.710955000171	-4.7478513717651
3	73730	4.711539769854	-5.6517686843872
3	73734	4.711919717332	-4.6035370826721
3	73750	4.712565814648	-6.7584280967712
3	73757	4.712951076702	-4.5826277732849
3	73761	4.713558290958	-3.9518854618073
3	73768	4.713947920099	-6.811324596405
3	73781	4.714581300835	-9.1133708953857
3	73788	4.714947171348	-5.7891192436218
3	73792	4.715581711995	-5.9125356674194
3	73799	4.715987188211	-5.6651329994202
3	73812	4.716598990301	-3.9700589179993
3	73819	4.716973664522	-9.0719814300537
3	73823	4.717551813759	-3.2615652084351
3	73827	4.717936222979	-5.3166222572327
3	73846	4.718570732224	-9.7998828887939
3	73850	4.718950969007	-7.231255531311
3	73854	4.719606771163	-5.8861317634583
3	73858	4.71993785959	-7.0649371147156
3	73877	4.720622320003	-6.2585110664368
3	73881	4.720930206627	-4.3398532867432
3	73885	4.721578529791	-8.8384599685669
3	73889	4.72188403563	-5.4792170524597
3	73908	4.722617030793	-5.6855688095093
3	73912	4.722866331977	-4.01744556427
3	73916	4.723662371454	-5.8033394813538
3	73920	4.723915365052	-3.7380771636963
3	73942	4.72468217225	-6.7362933158875
3	73946	4.724928990491	-4.1786022186279
3	73950	4.725696392971	-5.8117685317993
3	73954	4.725885897684	-7.8814468383789
3	73973	4.726664422335	-4.7404932975769
3	73977	4.726864184096	-6.5059280395508
3	73981	4.727621075246	-5.3836898803711
3	73985	4.727816235851	-6.4493870735168
3	74001	4.728609387968	-4.0639200210571
3	74008	4.728811106601	-9.8159580230713
3	74012	4.729565412289	-4.3864479064941
3	74016	4.729818959892	-6.7264122962952
3	74035	4.730541354391	-6.1525650024414
3	74039	4.730851254193	-3.8649573326111
3	74043	4.731526504684	-3.9732344150543
3	74047	4.731847516509	-5.7173628807068
3	74060	4.732564378838	-6.9764838218689
3	74070	4.732815523676	-3.103316783905
3	74074	4.733546004703	-4.1743626594543
3	74078	4.733785100368	-4.6490225791931
3	74091	4.734575865263	-6.1139931678772
3	74101	4.734806469443	-4.6051959991455
3	74105	4.73558668301	-3.1289625167847
3	74109	4.735772219159	-4.1243200302124
3	74122	4.736592301011	-5.6410551071167
3	74132	4.736787597571	-8.0724296569824
3	74136	4.737641200651	-3.7693264484406
3	74140	4.737824087576	-4.5093221664429
3	74153	4.738676894368	-5.0329103469849
3	74163	4.738788120567	-5.8198838233948
3	74167	4.739665213914	-5.0310230255127
3	74171	4.739810795631	-6.121603012085
3	74187	4.740674825843	-5.7441945075989
3	74194	4.740774406206	-6.6574158668518
3	74198	4.741685768235	-6.3427228927612
3	74202	4.741768873861	-4.1317620277405
3	74218	4.742642390547	-7.5564007759094
3	74225	4.742771195939	-6.9657816886902
3	74229	4.743628078904	-6.5819749832153
3	74233	4.743721214192	-6.4529643058777
3	74255	4.744650675118	-6.2171268463135
3	74259	4.744697340294	-4.5083956718445
3	74263	4.745622825298	-6.4154844284058
3	74267	4.745729629141	-7.3499422073364
3	74286	4.746668456565	-5.8516974449158
3	74290	4.746724027483	-3.3226273059845
3	74294	4.747645811112	-9.64475440979
3	74298	4.747731763416	-4.4976072311401
3	74317	4.748678490305	-6.3926458358765
3	74321	4.748696544693	-3.4810509681702
3	74325	4.74965164507	-4.2724647521973
3	74329	4.749707068974	-6.1772723197937
3	74347	4.75065493096	-4.6612124443054
3	74354	4.750748038631	-5.8356680870056
3	74358	4.751681901511	-9.6539888381958
3	74362	4.751733919456	-6.6806607246399
3	74381	4.752686558011	-4.7329454421997
3	74385	4.75269518614	-4.5105428695679
3	74389	4.753698404354	-4.7038946151733
3	74393	4.753711358156	-5.336480140686
3	74412	4.754731455425	-4.8319387435913
3	74416	4.754746783317	-4.9857954978943
3	74420	4.755745596876	-8.7638854980469
3	74424	4.75579668895	-7.6648502349854
3	74443	4.756760766483	-3.4279501438141
3	74447	4.756814564182	-4.1648187637329
3	74451	4.757737300159	-5.2818331718445
3	74455	4.757780315298	-4.8913378715515
3	74471	4.758714928232	-6.4962687492371
3	74478	4.758798625061	-4.8162178993225
3	74482	4.75968477881	-7.791672706604
3	74486	4.759833146059	-5.1974921226501
3	74502	4.760667183777	-8.2864809036255
3	74506	4.760799903864	-5.2993440628052
3	74513	4.761682314365	-4.415958404541
3	74517	4.761807147261	-6.8974947929382
3	74530	4.762653805325	-7.2324147224426
3	74537	4.762818022356	-4.5969429016113
3	74544	4.763623396047	-7.1487894058228
3	74548	4.763829500284	-4.6386160850525
3	74564	4.764640429326	-6.3617248535156
3	74571	4.764865632726	-4.6878218650818
3	74578	4.765623002435	-7.5909624099731
3	74582	4.76586488074	-4.0234169960022
3	74589	4.766580766243	-10.145853042603
3	74602	4.76687980719	-7.8319573402405
3	74609	4.76755987911	-7.2525491714478
3	74613	4.767924385997	-3.8770196437836
3	74620	4.76852281345	-8.6822271347046
3	74633	4.768909778624	-5.9533505439758
3	74640	4.769477894591	-6.535674571991
3	74644	4.769916734895	-6.2035760879517
3	74651	4.770499232508	-7.2368483543396
3	74667	4.770959396433	-3.0391569137573
3	74671	4.771507318637	-5.4681849479675
3	74675	4.771971664285	-7.4760904312134
3	74682	4.772536013539	-5.496509552002
3	74698	4.772967824156	-4.1078405380249
3	74702	4.773545076904	-4.9059329032898
3	74706	4.77392099328	-7.5518732070923
3	74713	4.774497808409	-4.5714192390442
3	74726	4.774905991657	-6.6423497200012
3	74733	4.775457179613	-3.8189811706543
3	74737	4.775944457922	-5.4837055206299
3	74744	4.776446094628	-4.2765622138977
3	74760	4.776929310171	-5.4026303291321
3	74764	4.777475690883	-5.7953953742981
3	74768	4.777882852567	-6.1182675361633
3	74775	4.778438497703	-4.9184007644653
3	74791	4.778888815202	-5.0735454559326
3	74795	4.779397711111	-4.1958374977112
3	74799	4.779907739673	-5.9748935699463
3	74809	4.780432088535	-5.5904502868652
3	74819	4.780881285368	-5.0277609825134
3	74826	4.781471888554	-4.0148568153381
3	74830	4.781876890471	-7.0782256126404
3	74840	4.782442773264	-6.701611995697
3	74850	4.782828970359	-2.9105620384216
3	74857	4.783479722545	-7.1262989044189
3	74861	4.783840011177	-9.3374166488647
3	74871	4.78444562677	-7.6207504272461
3	74884	4.784870752358	-4.7068719863892
3	74891	4.785410607853	-3.7145380973816
3	74898	4.785851751849	-6.7071647644043
3	74905	4.786392275927	-2.6838200092316
3	74915	4.786893952354	-6.2604842185974
3	74922	4.787386458456	-4.0754189491272
3	74926	4.787854082348	-6.307258605957
3	74936	4.788361190594	-6.0460896492004
3	74943	4.788901941049	-8.6175193786621
3	74953	4.789316563786	-3.4628005027771
3	74960	4.789915507373	-5.5109162330627
3	74967	4.790272118019	-6.1756100654602
3	74977	4.790947593065	-9.2729978561401
3	74984	4.791295369326	-7.0943031311035
3	74994	4.791936180862	-5.3612432479858
3	74998	4.792342753913	-6.5567569732666
3	75008	4.792968392072	-5.735004901886
3	75015	4.793328221485	-6.9364910125732
3	75022	4.79401292287	-4.7817792892456
3	75029	4.79436323174	-5.0912079811096
3	75039	4.79500702232	-6.1217179298401
3	75046	4.795385144607	-6.5467534065247
3	75056	4.795962437526	-4.4448823928833
3	75060	4.796416453246	-5.5806455612183
3	75067	4.79696256006	-5.0603747367859
3	75077	4.797433953777	-4.7655420303345
3	75087	4.797960541083	-7.5189909934998
3	75091	4.798470765	-4.4824709892273
3	75098	4.798958032378	-4.4044275283813
3	75108	4.79949880387	-5.2562656402588
3	75115	4.799984928779	-5.580310344696
3	75122	4.800460611932	-4.3107895851135
3	75129	4.800996585628	-7.74356508255
3	75139	4.801481607454	-4.6597318649292
3	75146	4.802005497934	-5.8684554100037
3	75153	4.802527274831	-6.3247723579407
3	75163	4.802997278952	-5.5127959251404
3	75170	4.803483851424	-5.6374053955078
3	75177	4.803976288762	-4.5368113517761
3	75184	4.804531168729	-4.1368937492371
3	75197	4.804933741947	-7.6746125221252
3	75207	4.805524972686	-6.0213661193848
3	75211	4.805935858316	-6.4384346008301
3	75218	4.806528032147	-5.684558391571
3	75228	4.806980155468	-4.6120405197144
3	75235	4.807493484882	-7.1253066062927
3	75242	4.807957992344	-6.1777420043945
3	75249	4.808540835174	-7.9776406288147
3	75259	4.80891748104	-4.8704051971436
3	75266	4.809542308458	-4.3140711784363
3	75273	4.809939791418	-5.9436330795288
3	75280	4.810508949788	-8.5923299789429
3	75293	4.81095182317	-5.5336141586304
3	75297	4.811512934143	-4.8044052124023
3	75301	4.811925652733	-3.0004177093506
3	75314	4.81251644527	-7.2954125404358
3	75324	4.812937469684	-3.7159984111786
3	75328	4.813478295207	-7.1867527961731
3	75332	4.813945950214	-7.3475947380066
3	75342	4.814442855397	-4.5275182723999
3	75355	4.814950956338	-5.2654294967651
3	75359	4.81546311293	-5.4403500556946
3	75366	4.81596080935	-5.2948169708252
3	75373	4.816495567174	-6.1293306350708
3	75386	4.816940380716	-8.6882019042969
3	75390	4.81751989996	-5.8117661476135
3	75394	4.817899163226	-5.2911524772644
3	75404	4.818487868767	-7.8438940048218
3	75411	4.818872658339	-5.7551527023315
3	75421	4.819516509624	-6.910888671875
3	75425	4.819874526466	-10.548746109009
3	75432	4.820493342045	-7.1229348182678
3	75442	4.820918605984	-5.1062994003296
3	75452	4.821526785745	-6.915892124176
3	75456	4.821933743861	-5.0325388908386
3	75466	4.822553768456	-6.7432036399841
3	75473	4.822891520743	-5.0079412460327
3	75483	4.82358237024	-4.6630754470825
3	75487	4.823931558257	-5.0991811752319
3	75497	4.824623374355	-5.0107398033142
3	75507	4.824898514332	-6.4598379135132
3	75517	4.8256023085	-5.5653948783875
3	75521	4.825879924672	-8.6780309677124
3	75528	4.82656517366	-7.9565100669861
3	75535	4.826831873764	-6.0876116752625
3	75548	4.827543536632	-4.8194065093994
3	75552	4.827825753655	-5.7456936836243
3	75559	4.82852919739	-6.2897982597351
3	75566	4.828802520313	-5.8625407218933
3	75579	4.829533771066	-6.5563282966614
3	75583	4.829847471467	-7.4901394844055
3	75590	4.830575420593	-9.4585599899292
3	75600	4.830890155933	-5.2904706001282
3	75610	4.831559665545	-7.8561635017395
3	75614	4.831850113909	-7.705310344696
3	75621	4.832540264999	-6.0625467300415
3	75628	4.832830824116	-6.6508769989014
3	75641	4.833547351974	-5.1949768066406
3	75645	4.833850252728	-7.3510551452637
3	75652	4.834505505283	-7.7204332351685
3	75656	4.834878570976	-4.5320949554443
3	75672	4.835497470261	-8.747407913208
3	75676	4.835901809959	-8.2406444549561
3	75683	4.83651496453	-6.6303625106812
3	75690	4.836919340426	-7.3807458877563
3	75700	4.837525040342	-4.7060489654541
3	75707	4.837899582804	-4.3785247802734
3	75714	4.838500559651	-6.1825785636902
3	75721	4.838941958201	-5.7848687171936
3	75734	4.839535582546	-5.2488389015198
3	75738	4.83994737527	-7.3550572395325
3	75745	4.840555094335	-5.6152491569519
3	75749	4.840979491674	-10.707322120667
3	75765	4.841599198393	-4.7532835006714
3	75769	4.842012270087	-5.5347166061401
3	75776	4.842604878464	-3.8819539546967
3	75786	4.843015026724	-8.3642091751099
3	75796	4.843612793366	-6.7711043357849
3	75800	4.843991727486	-5.3908581733704
3	75807	4.844633930355	-5.5576810836792
3	75814	4.84498478357	-7.1638307571411
3	75827	4.845613322284	-7.5355038642883
3	75834	4.845941706342	-5.6085577011108
3	75841	4.846642078489	-2.7212636470795
3	75845	4.846969235843	-5.2115812301636
3	75861	4.847594408822	-6.1546154022217
3	75865	4.847946986329	-6.675600528717
3	75872	4.848552672608	-4.6853332519531
3	75876	4.848920896328	-4.3235330581665
3	75892	4.849577033697	-6.6289505958557
3	75896	4.849967639842	-6.6426224708557
3	75903	4.85054071254	-4.017915725708
3	75907	4.850936357182	-5.1485023498535
3	75923	4.851556603054	-4.7195606231689
3	75927	4.85188794786	-6.9772367477417
3	75934	4.852602816581	-4.7196083068848
3	75938	4.852887587728	-6.2713408470154
3	75954	4.853594841994	-6.253324508667
3	75958	4.853912809998	-3.3471972942352
3	75965	4.854588628776	-4.6286873817444
3	75972	4.854933402936	-5.9309849739075
3	75985	4.85562634724	-4.7876424789429
3	75989	4.85593481346	-4.3444719314575
3	75996	4.856617401377	-2.740984916687
3	76003	4.856914292279	-5.0039958953857
3	76016	4.857664385778	-6.5159382820129
3	76020	4.857915884817	-5.1247487068176
3	76024	4.858658127123	-10.354122161865
3	76034	4.858952417073	-5.0187153816223
3	76047	4.859628142725	-4.5721497535706
3	76051	4.859916167839	-4.74493932724
3	76058	4.860641573179	-6.4166526794434
3	76065	4.860962813769	-4.3401665687561
3	76078	4.861689126327	-6.0977954864502
3	76082	4.861985550109	-10.040468215942
3	76089	4.862678479317	-7.470034122467
3	76096	4.862993899186	-4.4824094772339
3	76109	4.8636558471	-12.774951934814
3	76113	4.864035867535	-5.1096611022949
3	76120	4.864691605217	-4.2453546524048
3	76127	4.86502622363	-2.1304335594177
3	76143	4.865655840578	-5.1926732063293
3	76147	4.866041301725	-3.7280106544495
3	76151	4.866623406925	-6.1935591697693
3	76164	4.867037191647	-4.137412071228
3	76174	4.867642453734	-5.1952533721924
3	76178	4.868066922829	-5.0465316772461
3	76182	4.868683809591	-4.1254224777222
3	76195	4.869018347451	-7.3935451507568
3	76205	4.869687522566	-4.3103742599487
3	76209	4.86997487961	-7.2062153816223
3	76213	4.870735450581	-3.3239660263062
3	76226	4.870976669002	-8.4252405166626
3	76236	4.871721493743	-7.7271862030029
3	76240	4.872012856634	-7.7490253448486
3	76247	4.872739816459	-6.1500988006592
3	76254	4.873010606492	-5.5302090644836
3	76267	4.873784867611	-4.5409345626831
3	76271	4.874034692239	-3.0096442699432
3	76281	4.874764673656	-7.5431876182556
3	76288	4.875074088349	-3.9639518260956
3	76298	4.875757404529	-5.5429253578186
3	76302	4.876113655719	-4.6452140808105
3	76309	4.876720498349	-5.2493019104004
3	76319	4.87707053452	-5.8723707199097
3	76326	4.877670734187	-5.681453704834
3	76333	4.878032688264	-5.7995181083679
3	76340	4.878688131164	-4.940634727478
3	76350	4.879054379749	-5.2230877876282
3	76360	4.879698870049	-5.3232007026672
3	76364	4.8800291769	-6.0206022262573
3	76377	4.880727812673	-7.1499710083008
3	76381	4.881002076091	-8.052845954895
3	76388	4.881687208486	-3.2163591384888
3	76395	4.882011823556	-4.3662009239197
3	76405	4.882671134572	-5.9880228042603
3	76412	4.883039878824	-7.7824144363403
3	76422	4.883692690241	-6.1533460617065
3	76426	4.884015388177	-4.5879850387573
3	76436	4.884664518127	-5.6634917259216
3	76446	4.884988164865	-6.0558710098267
3	76456	4.885712296469	-3.4631521701813
3	76460	4.88603020708	-5.4655699729919
3	76470	4.88670203077	-4.6052193641663
3	76477	4.886996645558	-5.7803988456726
3	76487	4.887663206425	-6.0312714576721
3	76491	4.888001476104	-6.6198291778564
3	76498	4.888681571607	-3.6283218860626
3	76508	4.889002461078	-6.0762648582458
3	76518	4.889647730682	-5.1757040023804
3	76522	4.889981764996	-5.0691237449646
3	76532	4.890636830682	-4.6949214935303
3	76539	4.890933812892	-5.3499159812927
3	76549	4.891673264776	-9.4258670806885
3	76553	4.891928103879	-3.4515008926392
3	76563	4.892661489777	-5.7982625961304
3	76570	4.892919306105	-5.1172757148743
3	76580	4.893662191307	-4.7056064605713
3	76584	4.893934907911	-3.5460622310638
3	76594	4.894650880623	-5.2284564971924
3	76601	4.894953725715	-6.0771632194519
3	76611	4.895695578669	-5.009982585907
3	76615	4.895909398638	-7.2693290710449
3	76625	4.896689756063	-3.402649641037
3	76632	4.896908861124	-4.8339405059814
3	76639	4.897693819806	-6.6843061447144
3	76646	4.897905159425	-6.6793928146362
3	76656	4.898731576177	-4.6390228271484
3	76660	4.898883196247	-6.407045841217
3	76670	4.899776916148	-6.2438416481018
3	76674	4.899856483955	-6.3686590194702
3	76687	4.900786942225	-8.1754512786865
3	76691	4.900862560641	-6.0205187797546
3	76701	4.901824616655	-8.6638126373291
3	76708	4.901892583594	-5.4680228233337
3	76718	4.902797207805	-1.242383480072
3	76722	4.902848087674	-5.7841596603394
3	76735	4.903839359338	-6.215856552124
3	76739	4.90384832697	-10.026557922363
3	76755	4.904856119572	-4.9885063171387
3	76759	4.904883604726	-4.2188863754272
3	76766	4.905878754969	-7.1489272117615
3	76770	4.9058790755	-4.7208733558655
3	76786	4.906829663242	-4.3423228263855
3	76790	4.90689515009	-5.3531913757324
3	76797	4.907867283902	-6.2483415603638
3	76801	4.90789213271	-5.8514432907104
3	76817	4.908864441383	-6.0577044487
3	76821	4.908908504714	-5.6577806472778
3	76828	4.909818116071	-4.3929862976074
3	76835	4.909874657008	-5.8434572219849
3	76848	4.91085644141	-8.1518974304199
3	76852	4.910923485093	-4.3549146652222
3	76859	4.911865263818	-3.8025903701782
3	76866	4.911955188189	-5.7402939796448
3	76879	4.912889924503	-7.0229988098145
3	76883	4.912933347196	-4.8660039901733
3	76890	4.913885231626	-3.3131966590881
3	76897	4.913923220763	-5.0342769622803
3	76910	4.914886271362	-4.5782046318054
3	76914	4.914909064716	-3.888026714325
3	76924	4.915861842628	-4.1185312271118
3	76928	4.915870361605	-3.4983730316162
3	76941	4.916869865011	-5.6343331336975
3	76945	4.916913424705	-4.8675484657288
3	76955	4.917871865653	-9.3122444152832
3	76962	4.917956682494	-4.6732668876648
3	76972	4.918861202752	-6.1933531761169
3	76976	4.918992188659	-6.0532412528992
3	76983	4.919812087151	-7.3388752937317
3	76990	4.919953591121	-5.503345489502
3	77003	4.920782613238	-7.1710848808289
3	77007	4.920924746967	-4.3588690757751
3	77017	4.921799225336	-2.8989791870117
3	77021	4.921894390715	-7.2886347770691
3	77034	4.922761672696	-5.5590014457703
3	77041	4.922917593018	-4.9792294502258
3	77048	4.923747684697	-6.7592034339905
3	77055	4.923958387052	-5.2646484375
3	77068	4.924753135098	-7.3224244117737
3	77072	4.924909967857	-5.2631058692932
3	77079	4.925766526982	-5.7964544296265
3	77083	4.925891466893	-7.2841091156006
3	77099	4.926743488046	-6.1234831809998
3	77103	4.926931424557	-7.9389967918396
3	77113	4.927713363013	-5.2120580673218
3	77117	4.927914842409	-5.1631722450256
3	77130	4.928740584127	-8.4156818389893
3	77134	4.928868001668	-8.2297344207764
3	77144	4.929734361059	-5.5648508071899
3	77151	4.929887720062	-3.9811418056488
3	77161	4.930774962233	-4.6646828651428
3	77165	4.930879734372	-6.4565892219543
3	77175	4.93174707106	-6.7368769645691
3	77182	4.931911556634	-4.3600850105286
3	77192	4.932776745428	-5.81995677948
3	77196	4.932932841466	-7.4173560142517
3	77206	4.933752629583	-7.9146914482117
3	77213	4.933962350717	-5.9552493095398
3	77223	4.934772479988	-5.0601897239685
3	77227	4.934968255204	-6.2598938941956
3	77237	4.935793745661	-4.7344589233398
3	77247	4.935935064177	-4.6491084098816
3	77254	4.936756875406	-3.4207804203033
3	77258	4.936970792282	-4.0928506851196
3	77271	4.937800814239	-6.157829284668
3	77275	4.937987073816	-6.1340646743774
3	77285	4.938809999986	-4.277500629425
3	77289	4.938988219396	-6.3737859725952
3	77302	4.939813301809	-6.1978006362915
3	77306	4.939963533969	-5.7400918006897
3	77316	4.940811645572	-5.7447276115417
3	77320	4.940955978756	-3.5418424606323
3	77333	4.941810629925	-6.7611842155457
3	77337	4.941934608037	-7.2787251472473
3	77347	4.942763139207	-7.7285833358765
3	77351	4.942960776617	-4.5803937911987
3	77361	4.94372730082	-7.4110713005066
3	77371	4.943911603248	-5.3908934593201
3	77381	4.944734708843	-6.0253705978394
3	77385	4.944874613892	-7.1738948822021
3	77398	4.945711146123	-6.6460070610046
3	77405	4.945882999222	-4.1513652801514
3	77412	4.946688906636	-3.4968552589417
3	77416	4.946929146803	-9.0773372650146
3	77429	4.947708798894	-5.1281003952026
3	77436	4.947934638405	-5.925169467926
3	77443	4.948737523508	-7.7473931312561
3	77447	4.9489595224	-5.5575437545776
3	77463	4.949762275139	-5.4542927742004
3	77467	4.949944653638	-6.9887852668762
3	77474	4.9507726597	-5.1495990753174
3	77478	4.950994410463	-4.0512886047363
3	77491	4.951733136621	-4.1580300331116
3	77498	4.951960920052	-4.5241737365723
3	77505	4.952706835043	-5.7127685546875
3	77509	4.952938214826	-4.592173576355
3	77522	4.953680441782	-3.06929063797
3	77529	4.953959406656	-6.0051336288452
3	77533	4.954708884283	-5.8373055458069
3	77540	4.954926268141	-4.6778202056885
3	77550	4.955702727423	-4.4497094154358
3	77560	4.9558807835	-4.576003074646
3	77564	4.956655597842	-4.4338207244873
3	77571	4.956839822246	-6.1505465507507
3	77581	4.957614661969	-6.6040620803833
3	77591	4.957838383604	-4.4446182250977
3	77595	4.958576583682	-7.0370697975159
3	77599	4.958794522502	-5.210298538208
3	77612	4.959606810064	-5.4391889572144
3	77622	4.959785137293	-6.6787533760071
3	77626	4.96059417893	-6.6122779846191
3	77630	4.960745465893	-6.2157144546509
3	77643	4.96160885841	-4.0338125228882
3	77650	4.961718828098	-5.0737919807434
3	77657	4.962613984407	-6.7904925346375
3	77661	4.962685960936	-5.7002758979797
3	77674	4.963624892342	-6.7286748886108
3	77678	4.963719890489	-5.8973360061646
3	77688	4.964644090287	-4.3810257911682
3	77692	4.964700125779	-6.9235763549805
3	77708	4.965665814784	-7.0133004188538
3	77712	4.965674516747	-7.4737844467163
3	77722	4.966634635185	-4.9330286979675
3	77726	4.96666613856	-4.2441778182983
3	77739	4.967622335724	-5.6837224960327
3	77743	4.967624596115	-8.3364295959473
3	77753	4.968587813639	-4.1982698440552
3	77757	4.968658703849	-6.5673732757568
3	77773	4.969606651038	-8.0246276855469
3	77777	4.969674038481	-5.2793459892273
3	77784	4.970611129032	-4.71275806427
3	77788	4.970627962663	-6.8302750587463
3	77804	4.971589293467	-2.9096746444702
3	77808	4.971667410056	-6.3880171775818
3	77815	4.972586574674	-3.2545673847198
3	77819	4.972681569108	-3.3779587745667
3	77832	4.973578978101	-4.84028673172
3	77839	4.973657197705	-7.7452545166016
3	77846	4.974622755508	-5.23291015625
3	77850	4.974661460556	-5.911717414856
3	77866	4.975593574534	-4.9442133903503
3	77870	4.97561452741	-6.261785030365
3	77877	4.976625703619	-2.9337072372437
3	77881	4.976631575013	-7.1459698677063
3	77894	4.97758479101	-5.330020904541
3	77901	4.977666399297	-5.5576310157776
3	77908	4.97854362626	-7.0772676467896
3	77912	4.978714793842	-3.9110548496246
3	77925	4.979589434217	-5.3248653411865
3	77929	4.97973471653	-5.6467542648315
3	77939	4.980621855312	-5.0258536338806
3	77943	4.980747553202	-9.0997829437256
3	77956	4.981650326298	-6.4481935501099
3	77963	4.981733282153	-6.9496216773987
3	77970	4.982620316943	-8.9690847396851
3	77974	4.982750292219	-7.4606595039368
3	77987	4.983587412629	-6.60400390625
3	77994	4.983792063447	-6.7657799720764
3	78001	4.984615798943	-4.2104287147522
3	78005	4.984766878562	-5.177619934082
3	78021	4.985651524494	-5.2666687965393
3	78028	4.985785971479	-5.0208196640015
3	78035	4.986650004155	-6.8990187644958
3	78039	4.986743147963	-5.4394388198853
3	78055	4.987664728261	-4.5332636833191
3	78059	4.987756509186	-4.8947415351868
3	78066	4.98868503219	-3.1214320659637
3	78070	4.988791236062	-7.2726397514343
3	78083	4.989680967658	-4.8535141944885
3	78090	4.989804581028	-5.5655059814453
3	78097	4.990730124674	-5.0129637718201
3	78101	4.990818034236	-4.9730668067932
3	78117	4.991735310845	-4.6845908164978
3	78121	4.991851029705	-4.9497203826904
3	78128	4.992700819259	-3.5672247409821
3	78132	4.992852800106	-4.4243702888489
3	78148	4.993717836528	-6.5150818824768
3	78152	4.993893357271	-5.8580222129822
3	78159	4.994725583123	-4.3268671035767
3	78163	4.994920736103	-6.2354907989502
3	78179	4.995726325852	-2.4626791477203
3	78183	4.995878595984	-5.9012413024902
3	78190	4.996736386673	-4.2095913887024
3	78194	4.996845972541	-5.9923596382141
3	78210	4.9976914605	-5.2774639129639
3	78214	4.997828505054	-5.9711089134216
3	78218	4.998654751121	-6.9405808448792
3	78225	4.998848124839	-6.2388687133789
3	78238	4.999664974039	-3.9994254112244
3	78245	4.999869119702	-5.2177896499634
4	15645	1.000144484653	1.2711846095962e-05
4	15649	1.000380361732	8.3166818649547e-05
4	15662	1.001101490845	0.0010065405509184
4	15666	1.001426030097	0.00012821280650444
4	15679	1.002127024527	1.6681810751076e-05
4	15683	1.002411482522	1.9929917597885e-06
4	15693	1.003173067553	1.0770146901559e-05
4	15697	1.003423544356	7.9299061208149e-10
4	15710	1.004189293283	1.2552125476245e-06
4	15714	1.004441904784	3.8581839868074e-06
4	15724	1.005163353207	1.3444725840717e-06
4	15728	1.005424268385	0.00020144008135801
4	15741	1.006160026416	8.1090959543447e-06
4	15745	1.006412121355	3.7262590269868e-06
4	15752	1.007154783737	9.8134873019598e-06
4	15759	1.007405992916	3.6876407444812e-06
4	15772	1.008174947291	0.00014684250678584
4	15776	1.008433321335	6.7783391164092e-07
4	15783	1.009194183232	0.00066320129925496
4	15790	1.009428200048	0.00017059651463894
4	15803	1.010196050045	5.0098030266702e-05
4	15807	1.010464626488	0.00069678523374021
4	15817	1.01115745128	0.0003556279116378
4	15821	1.011503698232	0.00037229237430209
4	15834	1.012183972742	0.00011338867400257
4	15838	1.012528825667	1.4403025280787e-06
4	15848	1.013177856119	6.625376179879e-05
4	15855	1.0135300477	0.00086355720625642
4	15865	1.01413497618	0.00034360368961302
4	15869	1.014492216672	3.9081314877791e-05
4	15879	1.015121756703	2.3927205708482e-05
4	15886	1.015510312803	0.00015235272913342
4	15896	1.016074080289	1.7938881517235e-05
4	15900	1.016543973203	8.1844889307208e-06
4	15907	1.017068927344	7.7767872805866e-06
4	15914	1.017537140373	0.0010458460750324
4	15927	1.018089243521	3.9336980300074e-06
4	15931	1.018492443556	2.8008806728877e-05
4	15941	1.019109815279	5.5106322567481e-06
4	15945	1.019453777209	1.057093939991e-06
4	15958	1.02011137839	3.5878379496879e-06
4	15962	1.020465375688	4.6266121895475e-05
4	15975	1.021154507683	2.6456434475544e-05
4	15979	1.021425526077	1.9266887388844e-05
4	15992	1.022183156038	2.5647954700449e-05
4	15996	1.02246371465	9.3665312745811e-07
4	16006	1.023156731342	0.00010415590670522
4	16010	1.023429573083	1.0657958596744e-05
4	16023	1.024139709297	2.0075964742727e-06
4	16027	1.024455530619	0.00013235384495417
4	16034	1.025115856311	5.7060830110019e-05
4	16041	1.025417541066	3.9747263977212e-05
4	16054	1.026132529747	9.2805087632434e-08
4	16058	1.026374636174	3.0229732664942e-06
4	16068	1.027158555835	1.5868269389718e-05
4	16072	1.027417569187	7.9258976529842e-06
4	16085	1.028157866481	4.965081170651e-05
4	16089	1.028415271139	3.2339723519123e-06
4	16099	1.029139693527	4.0305769079298e-05
4	16106	1.029427985942	0.00029324057183186
4	16116	1.030106149588	6.0687216346064e-05
4	16120	1.030420979945	1.035414845412e-06
4	16130	1.031130191603	9.4150412785952e-06
4	16134	1.031391042517	3.4136327257891e-05
4	16147	1.032159076487	1.642517807205e-09
4	16151	1.032377371533	0.00010733165106079
4	16161	1.033115375798	2.0203717775828e-05
4	16165	1.033341647836	0.00014092863746233
4	16178	1.034132496861	1.0168784815853e-05
4	16182	1.034378900453	3.004610779464e-05
4	16189	1.035163764524	0.00033513343875921
4	16196	1.035392093504	0.00018233861213031
4	16209	1.036124803645	0.0001646080668088
4	16213	1.036365415012	0.003233188317155
4	16220	1.037097405397	7.3442365493711e-05
4	16230	1.037355996579	1.4423986494573e-05
4	16240	1.038072960885	6.8390442953827e-07
4	16244	1.038331610493	1.4332418566809e-05
4	16248	1.039055920503	0.00022369878847197
4	16255	1.039320237681	3.6696818940915e-07
4	16271	1.040007866946	0.0001880075792115
4	16275	1.040328316823	0.00055676056757729
4	16279	1.041021244027	7.6224671341207e-06
4	16286	1.041330403331	0.00044226546970501
4	16305	1.042007009288	5.7673366023476e-06
4	16309	1.042360136943	5.6276465804795e-07
4	16313	1.043007959422	2.1005125637751e-06
4	16326	1.043340892341	6.8286504212218e-05
4	16336	1.044014513058	0.0018363441512849
4	16340	1.044294726347	4.6355732052634e-07
4	16344	1.045023502984	4.1271998461691e-06
4	16354	1.045334392813	1.1408932338007e-05
4	16367	1.046050762493	0.00017074167420862
4	16371	1.046292733785	5.1304549233974e-05
4	16375	1.047074447344	1.0882239546532e-05
4	16379	1.047283129578	2.2294106575581e-06
4	16398	1.048078559981	6.3976244931562e-05
4	16402	1.048237296592	0.00035915169349832
4	16406	1.049125339235	1.7417007898321e-07
4	16410	1.049192411791	3.7162647044739e-08
4	16429	1.05014414605	2.1809838032578e-05
4	16433	1.050190831683	4.8561844585131e-05
4	16437	1.051128461522	0.00014161727031792
4	16441	1.051170763027	0.00017849922289905
4	16460	1.052136826991	0.0014213664512905
4	16464	1.052203585461	0.00010094475898473
4	16468	1.053091094319	0.00069833949635987
4	16472	1.053160487379	6.0433150154993e-07
4	16491	1.054080714823	5.6044443522385e-05
4	16495	1.05414396109	3.0136356914163e-08
4	16499	1.055067937955	0.00076945720883991
4	16503	1.055187588544	0.00010980282656227
4	16522	1.056088519513	3.9953428366501e-05
4	16526	1.056193147971	7.4477281874621e-05
4	16530	1.05707555435	0.0003461898992948
4	16534	1.057200974214	1.0131053968793e-06
4	16553	1.058059237399	1.2422615417493e-05
4	16557	1.058193551694	7.1672976601753e-07
4	16561	1.059083507677	2.6414620686793e-06
4	16565	1.059145280454	4.6182590775294e-06
4	16584	1.060094752707	1.0686176409584e-06
4	16588	1.060162076868	4.3379807959845e-05
4	16592	1.061108434982	1.982046248255e-07
4	16596	1.061133309937	0.00043633479745524
4	16618	1.06215404968	0.00045638224950814
4	16622	1.062168208224	0.00019802856038806
4	16626	1.063188214283	2.9365313187663e-05
4	16630	1.063196204378	7.663026095786e-07
4	16649	1.064167074383	5.7548922550318e-06
4	16653	1.064207329422	2.9625262314835e-07
4	16657	1.065165971506	3.4268588582273e-05
4	16661	1.065203059167	4.0158847602014e-07
4	16680	1.066156918604	8.4646620157904e-05
4	16684	1.066209576812	5.9437406991838e-06
4	16688	1.067160774147	0.00041313567888096
4	16695	1.067249565819	4.162487398345e-05
4	16711	1.068150377422	1.4761535772705e-09
4	16715	1.068222512728	2.8485442189805e-06
4	16722	1.069171349943	0.00026317382757475
4	16729	1.069252938716	3.6164894079377e-05
4	16742	1.070204883883	7.8875330272014e-05
4	16746	1.070208228708	1.6925811590807e-06
4	16753	1.071180601512	5.7825369543111e-06
4	16757	1.071216046196	6.3875477155629e-05
4	16773	1.072205571113	0.00078527186725966
4	16777	1.072219636325	4.2411100492788e-05
4	16784	1.073219269208	4.388759599202e-07
4	16788	1.073255216715	0.0008521654210382
4	16804	1.074266683684	1.29439825715e-05
4	16808	1.074273322729	1.6106353467583e-05
4	16815	1.075234194928	2.46336090167e-09
4	16825	1.075287899313	4.9127868208416e-06
4	16835	1.076218015064	1.1293256062724e-05
4	16839	1.076240492567	2.8238047283634e-09
4	16852	1.077226905869	1.5817630771016e-06
4	16856	1.077257089587	3.4140596360903e-10
4	16866	1.078223657097	2.6331043895758e-06
4	16870	1.078276207209	8.3555324361204e-06
4	16877	1.079181469648	3.7319527249961e-06
4	16884	1.07928316419	4.6736262845692e-05
4	16897	1.08014299853	1.6704623572603e-05
4	16901	1.080311635393	0.00097826801878764
4	16908	1.081131313542	6.8353863105815e-07
4	16918	1.081352866215	9.1371409003319e-05
4	16931	1.082121876917	0.00020645376686159
4	16935	1.082306451198	7.5374332132266e-07
4	16942	1.083099814344	1.6485688323468e-05
4	16949	1.083326312113	1.3035907031543e-07
4	16962	1.084145323301	7.356932993397e-07
4	16966	1.084373302022	1.723825946341e-07
4	16973	1.085128912489	2.0467148412106e-05
4	16980	1.085348297838	0.0034259486987683
4	16993	1.086171504268	7.0299171382957e-05
4	16997	1.086380852718	2.6262704782709e-06
4	17004	1.087204583854	2.7141524216386e-05
4	17011	1.08738686215	0.00053119033770786
4	17024	1.088163472979	0.00010083844912808
4	17028	1.088355821153	4.2089223282932e-06
4	17035	1.089162787505	4.2741266993816e-06
4	17039	1.089316705695	0.00033421230704019
4	17052	1.090210533789	8.4123776817628e-10
4	17056	1.090329446631	1.0076794894018e-05
4	17069	1.091233978602	2.9203650925856e-07
4	17073	1.091377300342	9.2596153800783e-07
4	17083	1.092230295912	9.847199242975e-06
4	17087	1.092358287928	6.5464943342142e-07
4	17097	1.093198164475	6.1451121946265e-06
4	17104	1.093370828406	0.00013171653056227
4	17114	1.094245878344	5.6146159218613e-06
4	17118	1.094340485284	4.5690689142775e-05
4	17128	1.095231877475	4.7688969279035e-05
4	17135	1.095357899995	8.9133676357923e-10
4	17145	1.096218738019	8.0283007224661e-06
4	17149	1.096309561705	5.1569532343867e-06
4	17159	1.097228237328	0.00011245317614139
4	17166	1.097283011594	1.3027629943006e-07
4	17176	1.098269054511	8.1424177369839e-06
4	17180	1.098332384007	8.0641970112498e-06
4	17187	1.099229026338	2.9790041427388e-05
4	17197	1.099367168537	2.6141658331304e-05
4	17207	1.100244095267	2.4625764283602e-06
4	17214	1.100367376887	3.160608735799e-05
4	17221	1.101254634779	7.9830207216977e-05
4	17231	1.101335990489	7.5605153102367e-08
4	17241	1.102295642964	3.7942842893448e-08
4	17245	1.102371166612	7.1338612435325e-06
4	17255	1.103340867429	1.8328747089726e-05
4	17259	1.103403124896	1.3506295982951e-06
4	17275	1.104354989676	2.0623263559391e-06
4	17279	1.104417983025	0.0001179884850975
4	17292	1.105371081271	8.3052377477291e-05
4	17296	1.105420941267	0.00072081707423564
4	17306	1.106384357157	8.0315226534591e-05
4	17310	1.106387132733	5.3518983836526e-05
4	17323	1.107368524578	5.6439183405139e-05
4	17327	1.107387891923	3.5198738906996e-05
4	17337	1.108377692275	1.4428939356051e-05
4	17341	1.108399211597	2.3264735331359e-05
4	17351	1.109351468637	9.2744166010255e-06
4	17355	1.109373718072	4.4430232133727e-06
4	17368	1.110303874994	0.00048731519906856
4	17372	1.110327721138	1.0440149432151e-07
4	17382	1.111307334661	2.9415742213983e-06
4	17386	1.111318923322	1.7732359697789e-05
4	17399	1.112273487045	0.0016146401401534
4	17403	1.112347729556	2.2919236878845e-07
4	17413	1.113321936921	0.0022867630169244
4	17417	1.113386566933	0.00012183430093346
4	17430	1.114292292328	0.00050041957240376
4	17434	1.114420397343	8.4359990891395e-05
4	17444	1.115257505609	3.3864809917699e-07
4	17448	1.115436801597	0.0011935317106362
4	17461	1.11621661226	5.3174069499292e-05
4	17465	1.116386926411	0.00023551770483608
4	17475	1.117177692305	0.00032310117065332
4	17482	1.117434500249	0.0003148561343872
4	17492	1.118172366972	4.0413945347934e-06
4	17496	1.11847367311	1.0807976596539e-06
4	17503	1.119213528831	2.8451396691822e-06
4	17510	1.119462146047	1.0843360531399e-05
4	17523	1.120178408816	4.0959619501241e-07
4	17527	1.120499917012	2.4111323278746e-05
4	17534	1.121190930847	5.542953459212e-05
4	17544	1.121541971769	1.0334563998869e-05
4	17554	1.122156545183	1.4508527437976e-07
4	17564	1.122569013534	2.3314174857146e-05
4	17568	1.123181650674	1.0958971919206e-06
4	17575	1.123568606531	7.1631551403354e-06
4	17585	1.124186244317	5.1206146871775e-06
4	17595	1.124568205435	4.7420781778709e-06
4	17602	1.125147849148	1.8452087650648e-08
4	17606	1.125562027521	0.00017784735946938
4	17616	1.126159425621	1.1475812849782e-05
4	17626	1.126596634472	7.7809772990067e-07
4	17633	1.127159074812	0.0023472803829211
4	17637	1.12763621017	8.3460235930723e-06
4	17647	1.128126946715	8.3753813291402e-06
4	17657	1.128670405942	6.7472977615611e-05
4	17664	1.129126773808	1.1447066030823e-05
4	17668	1.129646768316	5.6801099303873e-07
4	17675	1.130154516491	1.4572786393792e-05
4	17688	1.130601450201	3.6060386103672e-07
4	17695	1.131169108687	8.5412944359604e-06
4	17699	1.131598435718	2.8270695464195e-06
4	17712	1.132202886222	0.00057816888686596
4	17719	1.132558980491	0.00029090679576858
4	17726	1.13324233761	2.4330465099307e-06
4	17730	1.133512772846	4.6357411996597e-07
4	17737	1.134203522496	9.5696934402266e-05
4	17747	1.134514477889	2.0242849130639e-05
4	17754	1.135193123275	3.264798574645e-05
4	17761	1.13554421791	0.00028038174084471
4	17768	1.136189987853	8.1886267710377e-06
4	17778	1.136555426376	0.00051825308564491
4	17785	1.137159987353	5.7630806091183e-08
4	17792	1.13750969023	1.096506149348e-07
4	17802	1.138179132027	2.4098817898104e-05
4	17806	1.13846994717	2.6319487633003e-05
4	17816	1.139226874467	6.6906225202368e-08
4	17820	1.139516785434	5.5707048446067e-05
4	17830	1.140242587555	3.4487949228511e-05
4	17840	1.140516287041	1.734804484385e-06
4	17847	1.141223850449	8.2440912536698e-08
4	17851	1.14153154364	2.1603639810325e-05
4	17867	1.142253785981	0.00015612416570585
4	17877	1.142576044387	9.4090339926347e-05
4	17881	1.143294508225	2.0639418268537e-05
4	17885	1.143530070269	4.6781790046304e-05
4	17901	1.144259036014	9.945303407133e-06
4	17908	1.144499469963	1.8908298838464e-05
4	17912	1.145240288405	0.017660116027646
4	17916	1.1454499462	1.328194551016e-06
4	17926	1.146287900242	5.5213078679944e-05
4	17936	1.146409362151	1.368888580447e-05
4	17943	1.147333131021	1.0323482274807e-05
4	17947	1.147451134478	3.706014350264e-05
4	17963	1.148350910379	4.3717732089329e-05
4	17967	1.148475349264	9.3844574641952e-09
4	17974	1.149327112908	1.0864963527083e-05
4	17978	1.149441940508	1.2816213145529e-05
4	17994	1.150299238728	7.4559345301781e-06
4	17998	1.150467584358	0.00033812429112193
4	18005	1.151333989182	9.2908844029257e-07
4	18009	1.151472658268	0.00017705566967033
4	18025	1.152332598845	6.7474714896385e-05
4	18029	1.152468914663	4.4572305669925e-07
4	18036	1.153289391076	0.00019910528070168
4	18040	1.153482303664	1.3343927436286e-05
4	18056	1.154249500188	0.00045704268448512
4	18063	1.154496200788	8.3044093268368e-08
4	18067	1.155286979408	8.9325227020924e-05
4	18071	1.155469694406	7.8506136972174e-05
4	18084	1.156295571187	8.2959608866528e-05
4	18094	1.156514058023	0.0013748358977307
4	18098	1.157298691829	1.3937747609418e-05
4	18105	1.157466867207	0.00016196408980152
4	18118	1.158273566445	0.00097231000077216
4	18125	1.158507797376	3.8303940880564e-08
4	18132	1.159280791279	1.6978450599258e-06
4	18136	1.159548103293	0.00060284058848598
4	18146	1.160328772205	0.0014930028897127
4	18156	1.16058583052	1.5698799269334e-05
4	18160	1.161308062353	7.3942446497125e-06
4	18170	1.16159135921	3.801561284633e-06
4	18180	1.162354374184	2.7155763859961e-05
4	18187	1.162567656572	1.1170610765393e-05
4	18194	1.163313914626	3.8890601136898e-07
4	18201	1.16357291256	1.1791073845903e-05
4	18211	1.164337760688	9.0917654094379e-06
4	18221	1.164571855809	0.00029905071915601
4	18225	1.165340554102	2.8568663571884e-06
4	18232	1.165541087592	2.9176642016826e-05
4	18242	1.166350823272	3.6338813224743e-06
4	18252	1.16658456673	1.7830491850406e-05
4	18259	1.167399797524	2.1537489995576e-07
4	18266	1.167583775539	0.0001453760336233
4	18276	1.1683907042	0.00037878575194129
4	18283	1.168604819676	1.6677993088197e-05
4	18290	1.169398158331	4.648766650681e-06
4	18297	1.169575630921	4.2409219443797e-06
4	18310	1.170360269975	0.00043646375781419
4	18314	1.170572812184	2.7966098705305e-06
4	18318	1.171346551331	6.9721612803443e-05
4	18328	1.171530675479	2.8966356876376e-05
4	18338	1.172373498302	6.5155413423311e-06
4	18345	1.172490878725	4.8453424290772e-06
4	18352	1.173391578548	8.4344627263041e-05
4	18356	1.173488612667	1.9478480847064e-07
4	18369	1.174398152692	3.2696899695379e-07
4	18373	1.174491477649	4.4075812404799e-05
4	18383	1.175424132208	0.001894942153297
4	18387	1.175460541229	0.00022714210271053
4	18400	1.176438827402	1.2002737604473e-09
4	18404	1.176487403594	2.3263243751747e-08
4	18414	1.177454642821	2.4185084999344e-05
4	18418	1.177458162328	1.9173582413048e-06
4	18431	1.178474562329	4.0131106383043e-05
4	18435	1.178500782137	6.2116809679169e-06
4	18448	1.179504752537	0.00019389380021959
4	18452	1.179513162843	5.0640466651755e-05
4	18459	1.180461167515	1.5165547686869e-06
4	18466	1.180464223847	0.00037122862350884
4	18482	1.181438640167	1.5028001085676e-05
4	18486	1.181463207278	1.264784660624e-06
4	18493	1.182393498512	0.0013184588180019
4	18500	1.182487751372	2.7824411888268e-06
4	18513	1.183363413712	4.7195377643198e-07
4	18517	1.183508898351	0.00034452064202064
4	18527	1.184392913517	0.0004433426782769
4	18534	1.18453994664	8.1522932283001e-06
4	18544	1.185412196214	0.000164722056777
4	18548	1.185538101683	1.6805902934537e-07
4	18558	1.186385576762	1.4149171732093e-06
4	18565	1.186558015286	5.2106902507276e-06
4	18575	1.187379674724	8.4739254895254e-05
4	18579	1.187601273548	2.3753951879484e-07
4	18592	1.188363685138	0.00021342938415024
4	18596	1.188627683092	6.9055226281598e-05
4	18603	1.189374816201	0.0002730273313408
4	18610	1.189585544164	4.860655424024e-05
4	18620	1.19037244154	0.0014036594773787
4	18627	1.190620290169	1.5211798337077e-06
4	18631	1.191343273996	2.5706094574723e-08
4	18641	1.191617730449	0.00056148436542384
4	18651	1.192306141032	3.739777453079e-05
4	18658	1.192571313979	2.3140733035981e-07
4	18665	1.193303364439	9.2196973526973e-06
4	18672	1.193572054111	7.3687728123983e-08
4	18685	1.194312534555	0.00010932891188666
4	18689	1.194523612221	1.6444486107373e-05
4	18693	1.195267071278	9.0102426690365e-08
4	18703	1.195550677456	0.00029473674063803
4	18713	1.196255577811	0.00085748917165964
4	18720	1.196532894832	5.3499032109271e-05
4	18724	1.197232364344	4.516770742215e-06
4	18734	1.197501548993	2.8376038989113e-06
4	18744	1.198265290367	4.3554716571684e-06
4	18751	1.198536074267	0.0034116129983312
4	18758	1.199215417991	7.5509664481762e-07
4	18765	1.199512088729	0.00010305837849805
4	18775	1.200166767017	3.916576258805e-06
4	18782	1.200559028479	1.4817369048751e-05
4	18786	1.201136829975	9.9736537802104e-07
4	18799	1.20155290874	0.0044787687862882
4	18809	1.202107637724	0.00037242655576912
4	18816	1.2025967179	2.3306752852673e-07
4	18820	1.203082041584	1.5147963762686e-08
4	18830	1.203642812809	1.4848730028589e-05
4	18840	1.204065657104	1.1984306197422e-05
4	18847	1.204612464715	1.7655347453208e-05
4	18851	1.205092383255	1.9201328104073e-07
4	18864	1.205649601578	3.1722800957734e-09
4	18874	1.206105672736	1.0652933829946e-06
4	18878	1.206668041822	0.00014528775870502
4	18882	1.207059942329	1.1797109298874e-06
4	18889	1.207686046807	1.6936622706528e-05
4	18902	1.208025693639	0.0005947650101313
4	18909	1.208700214684	4.2945640956468e-06
4	18913	1.209032285838	0.00019390119538796
4	18920	1.209676638836	1.9755444809103e-06
4	18936	1.210053733011	5.1961375645481e-07
4	18940	1.210661361882	3.7130824125544e-05
4	18944	1.211069571735	4.6186510763957e-06
4	18951	1.211701613146	1.8448465639843e-06
4	18964	1.212064040387	0.00064713453908967
4	18971	1.212723369911	9.1045426331513e-05
4	18978	1.21309252928	3.9348926677642e-05
4	18982	1.213756950833	6.790374239905e-06
4	18995	1.214087931531	1.036458858761e-05
4	19002	1.214781513834	2.784036669768e-07
4	19009	1.215090612583	6.6130036245008e-06
4	19013	1.215812718747	3.5135153466364e-05
4	19020	1.216053431929	7.181205561292e-06
4	19033	1.216800758861	0.00012667481238276
4	19040	1.217051064462	0.00014014603269911
4	19044	1.217850372404	0.00037881247438792
4	19057	1.218078284221	0.00038145316399349
4	19067	1.218812573508	9.2683958656823e-05
4	19071	1.219110716194	1.3004784245576e-05
4	19075	1.219778622679	1.1186868417964e-05
4	19091	1.220140595018	8.1657245293125e-07
4	19101	1.220749051661	0.00098855591166631
4	19105	1.221138382841	5.1179051318962e-06
4	19109	1.221747592245	0.0026997905751925
4	19122	1.222166410085	3.0029430629336e-06
4	19132	1.222772847383	6.9508455371393e-07
4	19136	1.223191718823	1.9216333507882e-05
4	19143	1.22375862109	1.194789173112e-05
4	19153	1.224235002581	8.7676663476231e-06
4	19163	1.224714022245	5.6419864771307e-05
4	19167	1.225220749465	3.4977559174537e-05
4	19174	1.225686128136	7.0516978706271e-05
4	19184	1.226219573083	0.0014632576890739
4	19194	1.22664523262	0.00011892760478356
4	19198	1.227247798066	9.2496139329843e-06
4	19205	1.227638004223	1.2452838232232e-05
4	19215	1.228279890791	4.4701004510312e-06
4	19222	1.228620132313	2.7392400283437e-05
4	19229	1.229300970021	7.1721907158001e-05
4	19236	1.229648126722	5.4403529070234e-06
4	19246	1.230313125758	0.00035560807878394
4	19253	1.230653745397	4.936179783504e-07
4	19260	1.23129967227	0.00026461021201837
4	19267	1.23164136208	3.6752683595806e-06
4	19277	1.232342799913	9.2134128526634e-06
4	19284	1.232617909742	9.324553021815e-07
4	19291	1.233309624333	4.9489677822423e-07
4	19298	1.233594504903	0.00043464167930514
4	19311	1.234326332702	1.1400755752655e-06
4	19315	1.234616991029	5.4103002544494e-08
4	19325	1.235347661433	3.0588873616472e-08
4	19329	1.23564905613	9.5962082348476e-07
4	19339	1.236352174872	1.4804281824786e-06
4	19346	1.236663803188	1.5513598996451e-06
4	19356	1.23738529646	0.00027168329495315
4	19360	1.237702081437	1.1855094493131e-05
4	19373	1.238351445267	1.0896734949951e-08
4	19377	1.238691398388	7.9920315016768e-05
4	19387	1.239312749193	5.8696310963975e-09
4	19391	1.239724999392	0.00025196249484647
4	19404	1.240264106247	1.9201934848433e-05
4	19408	1.240765592759	4.0703267111617e-06
4	19421	1.241293582466	9.4392072496468e-06
4	19428	1.241809853526	1.1113804247014e-06
4	19438	1.242245066021	6.2254360044297e-08
4	19445	1.242816920789	6.9592946198974e-05
4	19452	1.243228871782	1.5829899505048e-06
4	19459	1.243824506984	1.8407134254778e-05
4	19469	1.244211641878	7.5507481157646e-05
4	19473	1.244847039102	1.9525996934792e-05
4	19483	1.245192256116	2.761628329119e-07
4	19490	1.245859976195	0.0009516058748152
4	19500	1.246208465834	6.8231240860877e-05
4	19504	1.246828268771	2.1988217038495e-08
4	19514	1.247230854784	7.1532430033121e-06
4	19521	1.24785122227	7.1486558074106e-08
4	19528	1.24819534448	1.69131220798e-05
4	19538	1.248875416694	1.1832312682523e-05
4	19545	1.2492180762	1.071047925332e-06
4	19555	1.249917679433	0.00016908009122115
4	19561	1.250188846355	2.1612212105371e-05
4	19568	1.250884486276	0.00010509431674211
4	19578	1.25115264058	1.8345482448751e-05
4	19585	1.25192025109	0.00030211385480748
4	19592	1.252171964583	6.4256281996081e-06
4	19602	1.252925304342	1.7005585325799e-05
4	19609	1.253166976986	1.975668620361e-05
4	19616	1.25390171013	0.00014240673170013
4	19626	1.254187118043	1.682120969409e-05
4	19630	1.254905667471	1.4296676607662e-07
4	19640	1.255220486341	1.5936384320862e-07
4	19647	1.255948907136	4.6119288133453e-08
4	19657	1.256249122084	3.1103931800673e-05
4	19661	1.256931861688	9.6021678078328e-07
4	19671	1.257280546148	2.604421460354e-05
4	19678	1.257933868459	8.5587763473912e-06
4	19688	1.258284175173	6.2847843470625e-07
4	19695	1.258925073033	5.6895061955022e-06
4	19702	1.259270901797	4.5791122658996e-07
4	19709	1.259918035198	8.0211070039429e-06
4	19716	1.260313963115	5.8758615548761e-06
4	19732	1.260905901119	1.5873437316285e-06
4	19736	1.261265824802	4.1869195133242e-06
4	19743	1.261945170816	4.0416615623051e-07
4	19750	1.262295375814	6.199294808333e-05
4	19763	1.262984881134	7.2142599141806e-05
4	19767	1.26329099668	1.7464444528399e-07
4	19777	1.264003973829	0.00019909673791454
4	19781	1.264306030381	2.925270105136e-05
4	19794	1.265037647997	0.00014435687482569
4	19798	1.265289979737	8.8296064714503e-07
4	19808	1.266012107846	7.7388153264868e-09
4	19812	1.266241590854	4.3241184968813e-08
4	19822	1.266984406139	1.063076337459e-07
4	19829	1.267249355364	0.00055445823913622
4	19836	1.267982925362	7.5673812994946e-07
4	19843	1.26820473943	2.4863135630506e-06
4	19850	1.269006217969	0.00013766474105056
4	19857	1.269231638909	6.3121239001335e-05
4	19870	1.269968462428	2.6089285310528e-06
4	19874	1.270238000356	0.00013803120656851
4	19881	1.270999125029	6.3090247059783e-05
4	19885	1.27121721007	2.5057493914193e-06
4	19898	1.271955902192	5.3553240952074e-06
4	19905	1.272178463406	1.2411069978311e-05
4	19912	1.272949251845	6.5879464966895e-09
4	19916	1.273184855237	2.1175100158871e-06
4	19929	1.273954435597	7.6097915472632e-08
4	19936	1.274164680042	1.5388497616456e-09
4	19940	1.275000772861	5.1266653633667e-07
4	19947	1.275134590104	2.4814007048308e-06
4	19963	1.276022646904	9.5324103888943e-06
4	19967	1.276091154989	6.9602702447555e-05
4	19974	1.277037230757	1.4748464166026e-06
4	19978	1.277043901353	9.0742063584091e-05
4	19994	1.278019961339	4.1511368263653e-06
4	19998	1.278068857386	7.4900859270045e-06
4	20005	1.278996719385	1.8835517788387e-05
4	20012	1.279079114668	6.3977282086139e-05
4	20025	1.279946791165	2.636111047847e-05
4	20029	1.280103472325	5.7866243352113e-07
4	20033	1.280938008152	0.00039336704022806
4	20040	1.281116202997	7.4476500639127e-05
4	20059	1.281904088994	3.4481865546423e-06
4	20063	1.282121595176	0.00032817508886413
4	20067	1.282887900431	1.637638627656e-08
4	20074	1.283113558034	3.8905545734868e-06
4	20087	1.283853786458	6.1615432414514e-06
4	20094	1.284117223973	4.1084825531693e-05
4	20098	1.2848911767	6.2884031399517e-06
4	20105	1.285091292647	0.00013478465767414
4	20115	1.285928024787	0.00037374733750934
4	20125	1.286115250681	9.0233623012198e-06
4	20129	1.286915459908	3.869411535412e-06
4	20136	1.287118005862	6.9148007671637e-05
4	20146	1.287943945777	3.5122825305284e-05
4	20153	1.288100927746	1.732916147391e-06
4	20160	1.288941552126	0.00014955706096277
4	20164	1.289069122677	3.6243682037153e-05
4	20180	1.289904105406	1.5280092580226e-05
4	20187	1.290019438359	0.00026451864833652
4	20191	1.290941040019	0.0021812536479493
4	20195	1.291050585609	0.0013665635438237
4	20214	1.291970156704	0.00035625754313383
4	20218	1.292013029147	0.0041867086623106
4	20222	1.292995831923	6.5485367167181e-05
4	20226	1.293039419954	2.7130709602584e-07
4	20242	1.293982934597	0.00013832041200763
4	20246	1.294000362297	6.3620397610179e-07
4	20253	1.294950157169	2.6924535044627e-05
4	20257	1.294972950243	5.5854554630029e-05
4	20273	1.295963112271	1.0653365407667e-05
4	20277	1.295971511722	1.371270496636e-05
4	20284	1.296954744	0.0010037897414076
4	20288	1.296976846743	2.9159674189063e-05
4	20304	1.297935717686	3.5159878033001e-06
4	20308	1.297960326924	3.2620754396239e-05
4	20315	1.298910105738	9.3456344426444e-07
4	20319	1.298957838857	2.7643476385265e-07
4	20335	1.299863835594	2.0265776777235e-05
4	20339	1.299910239552	1.0797813562056e-09
4	20346	1.300824467203	0.0017489858594043
4	20350	1.300950658684	0.00015297241188177
4	20369	1.301863184047	1.2631809766785e-05
4	20376	1.301928615461	8.465617467946e-06
4	20380	1.302851639539	1.5440757718378e-06
4	20384	1.302967101584	2.8883293716778e-06
4	20400	1.303811801435	0.0012386852323546
4	20404	1.303949390428	4.5217221793573e-05
4	20411	1.304777648922	0.0001624811928593
4	20415	1.304910716933	1.0439228977841e-06
4	20428	1.30579947808	2.5281219476019e-05
4	20435	1.305872989938	1.2681768682057e-05
4	20442	1.306791967749	2.7779002349739e-05
4	20446	1.306911610712	5.4185798057194e-06
4	20459	1.30777052798	1.576272693649e-06
4	20466	1.30792105074	1.4643850194703e-05
4	20473	1.308804632358	1.6847940316982e-05
4	20477	1.308962877281	9.1501674887497e-05
4	20487	1.309759690222	5.426560836473e-05
4	20494	1.309931996112	2.9641766570949e-07
4	20504	1.310741385973	3.1912729965633e-06
4	20508	1.310943391046	1.0515070828195e-07
4	20521	1.311755487602	2.4245750443381e-05
4	20525	1.311898790194	6.7470829207398e-09
4	20535	1.312804979117	1.5380486661583e-06
4	20539	1.312920305	8.1965960498678e-06
4	20552	1.313777300131	0.0010413834807715
4	20556	1.3139429703	8.9594373183743e-05
4	20566	1.314814041975	8.1666187822699e-06
4	20570	1.314964071653	3.7893017378182e-06
4	20583	1.315806872626	2.941141612078e-05
4	20587	1.3159430558	0.00011527956128367
4	20597	1.316840522193	0.00038061606745997
4	20601	1.316951444716	5.8797295734895e-05
4	20614	1.317822486643	0.00015241797056053
4	20618	1.317986453991	1.1295325444455e-06
4	20628	1.318868565921	4.3696045997597e-06
4	20635	1.319022347517	2.1471919861785e-05
4	20645	1.319860831055	0.00030644899227045
4	20649	1.319996951716	0.00013257122335393
4	20659	1.320864151175	2.9665655623227e-06
4	20666	1.320998674396	7.8980787860874e-08
4	20679	1.3218958322	1.2662908833052e-06
4	20686	1.321981164349	3.1229326451409e-06
4	20696	1.322925394561	6.1288257897071e-07
4	20700	1.32295347714	2.3688742204902e-05
4	20713	1.323929432726	0.00043260755156831
4	20717	1.32393508316	2.5680187661978e-05
4	20727	1.324961892034	0.00028446668364048
4	20731	1.32496860359	0.00049982201170058
4	20744	1.325948519453	0.00025872348878531
4	20748	1.325987522255	8.4572289330473e-07
4	20758	1.326928589158	1.216899171662e-08
4	20762	1.327018997473	3.56632474368e-08
4	20772	1.327943528071	6.7464549221599e-05
4	20779	1.328037334072	6.1230306492894e-08
4	20789	1.328955260917	1.2217456335902e-06
4	20793	1.329067656971	3.3795476384534e-05
4	20803	1.329942572666	2.1108544229801e-06
4	20810	1.330086551668	4.3004040803605e-05
4	20820	1.330919422118	0.00014694783910178
4	20824	1.331074917833	3.8341746930236e-05
4	20834	1.331896513571	3.941438075475e-07
4	20838	1.332051065426	8.2813597583044e-09
4	20851	1.332853136905	0.00022582421086828
4	20855	1.333084737916	1.4569521649045e-07
4	20865	1.333880224098	1.9978919768215e-06
4	20869	1.334117794263	2.5950300502221e-06
4	20882	1.334857421572	4.5809446311642e-05
4	20886	1.335125054985	6.9292756903789e-07
4	20896	1.335855934282	4.5844789636903e-06
4	20900	1.336166705995	7.9063517788308e-05
4	20913	1.336901755856	1.4420052726897e-09
4	20920	1.337157640874	2.48644888255e-05
4	20927	1.337891280835	3.3870892995642e-06
4	20931	1.338179158372	0.00018723635670632
4	20944	1.338884610205	5.5651998203654e-09
4	20948	1.339166390281	2.5684099129421e-06
4	20958	1.339873327415	2.4048585990541e-05
4	20962	1.340206455865	1.8065580511676e-05
4	20975	1.340884560395	3.411353526151e-09
4	20979	1.341206810239	3.4198529114315e-05
4	20992	1.341853992403	0.00017941724972841
4	20996	1.342178470089	1.6306171811301e-05
4	21009	1.342860758637	2.5941860670693e-07
4	21013	1.343187656182	7.6532906870571e-07
4	21023	1.343901420135	6.7844094820189e-05
4	21027	1.344151937721	1.1681322835136e-07
4	21040	1.344872502904	0.00016837525900365
4	21044	1.345144212905	5.0841491451203e-06
4	21054	1.345896448544	0.00010299560053864
4	21058	1.346114223344	0.00012317438850718
4	21071	1.346910885742	1.3506369931823e-07
4	21075	1.347093152341	1.9655006059713e-07
4	21085	1.34794368066	8.7992120877466e-06
4	21089	1.348086317688	3.0834733433269e-05
4	21102	1.348971386106	0.00015392038656964
4	21106	1.349071046687	7.7973873812073e-05
4	21116	1.349928618562	3.5357093680695e-05
4	21120	1.350114718547	4.6714893660554e-07
4	21133	1.350920720328	8.4805138035615e-05
4	21137	1.351124180594	1.0309257938718e-06
4	21147	1.351925988472	6.1868504170656e-06
4	21151	1.352143401145	6.3119974954592e-05
4	21164	1.352929441613	1.4972762293383e-09
4	21168	1.35309794165	2.9217155436024e-06
4	21178	1.353910209319	6.6771260527171e-05
4	21182	1.354113982447	1.1579420386308e-08
4	21195	1.354862844684	0.0001747451618428
4	21199	1.355065511543	2.0164412073954e-05
4	21209	1.355860556283	7.9633739923711e-05
4	21213	1.356078200839	0.00020809588009484
4	21226	1.35682412571	5.8545895655027e-06
4	21230	1.35707776713	5.9630288030459e-05
4	21240	1.357849699593	2.9387842762426e-06
4	21244	1.358103999889	9.353647760463e-06
4	21257	1.358820925802	7.3881743129272e-05
4	21261	1.359109162444	4.8843088495527e-06
4	21271	1.359854238174	6.8087961230472e-07
4	21275	1.360106292131	7.3039715653327e-08
4	21288	1.360886197651	5.790411055232e-05
4	21292	1.3610916732	2.0573387331987e-06
4	21305	1.361873150253	4.1422684353258e-05
4	21309	1.362109268874	0.00047575135846151
4	21322	1.362918490646	0.00013720750353427
4	21326	1.363133307271	2.9348487532036e-05
4	21336	1.363903657735	3.8338456299088e-05
4	21343	1.364171703992	3.0881011328661e-06
4	21353	1.364915399867	3.291264928683e-09
4	21357	1.36514956503	0.00087762084691626
4	21370	1.365867231414	7.9207275569651e-05
4	21374	1.366146866947	4.383035123279e-06
4	21384	1.366837535501	2.9021346975721e-08
4	21388	1.367178870257	3.665149110447e-07
4	21395	1.367796198011	2.2060540868445e-07
4	21405	1.368222227023	6.414277078966e-06
4	21415	1.36877053857	3.423719753344e-05
4	21422	1.369231743418	3.8581101707153e-08
4	21429	1.369726015217	0.00032288192503367
4	21436	1.370188222195	8.6706460289547e-06
4	21446	1.370769947628	0.0001562766813431
4	21450	1.371189810602	0.00032489457175894
4	21460	1.371739610148	2.7586392035563e-05
4	21467	1.372171040607	5.2236383349462e-07
4	21477	1.372730915065	3.2914976868549e-06
4	21484	1.373124337469	9.1487794564956e-07
4	21488	1.373681830232	0.00098708398785411
4	21501	1.374102995842	9.2533106862899e-06
4	21508	1.374702983958	1.1706877667089e-06
4	21515	1.375136539753	0.00043980120382345
4	21519	1.375659158597	3.6972674010575e-08
4	21532	1.376159562656	0.00052225667896615
4	21539	1.376705601027	1.3308444844753e-05
4	21546	1.377175202526	8.4456650718553e-08
4	21550	1.377658414745	5.8115208054406e-05
4	21563	1.37816090556	0.00031570948707479
4	21567	1.378690344503	1.0186304076473e-05
4	21577	1.379136920947	0.00017971259675394
4	21584	1.379724103896	3.4715533200719e-05
4	21594	1.380089745725	1.0686252320014e-05
4	21598	1.380735345737	1.8753339007493e-05
4	21611	1.381122717529	5.3710458896977e-05
4	21615	1.381687299886	2.2760501389962e-05
4	21628	1.382170042684	9.5137449301723e-05
4	21635	1.382685461091	0.001395905041968
4	21642	1.383156557739	6.689838524072e-06
4	21646	1.38363608426	1.2453835839733e-05
4	21659	1.384168386246	0.00012111278474361
4	21666	1.38466640169	0.00022225778222839
4	21673	1.385192752365	6.1666163766218e-06
4	21680	1.385688575138	8.260443119367e-07
4	21690	1.386145702812	9.851205860296e-05
4	21697	1.38668596878	2.2903642298828e-05
4	21704	1.387138228174	5.8591752818087e-06
4	21711	1.387685225643	2.1656797463832e-05
4	21718	1.388183721051	0.00021645838271276
4	21728	1.388688987957	2.7296495154217e-06
4	21735	1.38922717983	2.6507890455071e-06
4	21742	1.389691667172	4.0014187456341e-07
4	21752	1.390220979056	2.5727938338404e-05
4	21759	1.390736698098	2.3078607272483e-05
4	21766	1.391184569924	0.000184729950654
4	21773	1.391760014168	0.00014211060973325
4	21780	1.392140825465	2.7458701467981e-05
4	21790	1.392717027998	9.8045163357952e-06
4	21797	1.393173423833	6.6318553289701e-05
4	21804	1.393682471724	3.0536260774897e-06
4	21811	1.394133504597	9.2121652521164e-06
4	21821	1.39467282235	4.6888088385128e-05
4	21828	1.395125776718	5.7649115554089e-06
4	21835	1.395669258024	1.4697369575039e-06
4	21842	1.396114208161	5.5983231514625e-07
4	21849	1.396637899898	0.0002634748479188
4	21859	1.397114809629	3.4310750115221e-08
4	21866	1.397623374983	0.00031784072539474
4	21873	1.398123640038	4.02580421058e-08
4	21880	1.398597251525	4.0532775579456e-09
4	21890	1.399078864085	6.0622665181708e-05
4	21897	1.399566132781	8.2375977364374e-07
4	21904	1.400125546771	4.5223474706073e-05
4	21911	1.400571396483	2.9447318724558e-06
4	21924	1.401101623185	5.9236241229612e-07
4	21931	1.401554748628	2.1970433327702e-05
4	21938	1.402090788088	9.8681423982229e-07
4	21945	1.40256079117	0.0012439614554512
4	21955	1.403063133001	0.00067554148362888
4	21962	1.403572401363	0.00016756148653404
4	21969	1.40410562525	9.2702167161448e-05
4	21976	1.404603801653	3.2404811892711e-08
4	21986	1.405123099735	1.2906756767283e-05
4	21993	1.40556011069	2.1867978667532e-07
4	22000	1.406110112538	3.4345210561942e-05
4	22010	1.406608425981	2.5617594396356e-05
4	22017	1.407102990548	2.1621303276567e-05
4	22024	1.407651748016	0.0030926411418877
4	22031	1.408134835978	1.7431645735754e-06
4	22041	1.40869152748	1.5506364495705e-05
4	22048	1.4091830509	0.00015474035009826
4	22058	1.4097275521	1.9390183780494e-05
4	22062	1.410197001212	0.00020615929406439
4	22072	1.410730472258	0.00025316095817706
4	22079	1.4111814109	0.00018360381289994
4	22083	1.411686628619	1.5086295922014e-06
4	22093	1.412213016349	9.2133388805989e-05
4	22103	1.412697912496	2.7172605015511e-06
4	22110	1.413243555825	1.6242800865638e-09
4	22114	1.413691032405	2.1879002621735e-06
4	22124	1.414268198082	0.0008190020969195
4	22134	1.414706563345	0.0017123511779222
4	22141	1.415300810349	6.898809025463e-05
4	22151	1.415735726919	2.7621997068384e-06
4	22155	1.416347168887	4.9847981903424e-05
4	22165	1.416754593283	0.00018944645356624
4	22172	1.41734590985	4.6517718311394e-05
4	22179	1.417759051526	3.6365965840723e-05
4	22186	1.418317757775	4.9350642307607e-07
4	22196	1.418758186623	2.5019763801859e-05
4	22203	1.419286665103	6.1315252495845e-06
4	22210	1.419776815442	1.8919012891422e-05
4	22217	1.420318407217	1.5779100433751e-05
4	22227	1.420806018869	0.00035742864842121
4	22237	1.421308428059	0.00016411079587901
4	22247	1.421843062741	2.4610034425774e-06
4	22251	1.422280730693	5.8137174298937e-07
4	22261	1.422816089802	5.705295744655e-06
4	22268	1.42331704774	2.7644962465464e-05
4	22278	1.423844800646	0.00046453241906649
4	22285	1.424344637898	0.0003996471915365
4	22292	1.424857939557	1.6392970794772e-06
4	22299	1.425313682259	0.00015356049412306
4	22309	1.425865716672	5.038977829927e-06
4	22316	1.426361012026	2.027769709823e-06
4	22323	1.426829661936	0.0001584319891258
4	22330	1.427359412014	0.00030592588306942
4	22337	1.427823100797	3.4825088461854e-05
4	22350	1.428357033755	0.00025073934068597
4	22354	1.428860485443	0.00030819905836728
4	22361	1.429400090192	3.3036365807351e-06
4	22368	1.429891281598	8.755104543595e-09
4	22378	1.430428883423	1.4442912832766e-05
4	22385	1.430852441755	9.2426241806478e-05
4	22392	1.431456206745	5.796655057283e-06
4	22399	1.431823803319	1.3258912494712e-05
4	22412	1.432490351459	3.9405366564449e-05
4	22416	1.432826997237	1.3860848278327e-06
4	22423	1.433504895531	1.0720508424863e-05
4	22433	1.43384492795	5.4876129257993e-08
4	22443	1.434481220717	0.00017348590109011
4	22447	1.434827975481	0.00012914287574207
4	22457	1.435490001146	1.0550423882656e-06
4	22464	1.435850069806	1.2943916924937e-06
4	22474	1.436512311242	4.9282629644217e-05
4	22478	1.436817003267	0.00028330610244978
4	22488	1.437464580754	0.00075660227749007
4	22495	1.437819438075	0.000172765506306
4	22505	1.438447598532	2.1299427884638e-09
4	22509	1.438770567205	8.3009685326273e-06
4	22519	1.439427185226	1.7614631722623e-05
4	22526	1.439790446515	3.5681693796709e-05
4	22536	1.440420783636	1.9622318491792e-05
4	22540	1.440795156784	5.4808303795984e-05
4	22553	1.441386365955	1.8640560325922e-08
4	22560	1.441766720615	2.7645425317642e-06
4	22570	1.442363797361	6.8810954585071e-05
4	22574	1.442803115199	1.51095101853e-05
4	22584	1.443336144024	1.2807526009628e-05
4	22588	1.443812550625	1.008412028666e-05
4	22601	1.44429977104	1.2875849800938e-05
4	22605	1.444840186944	3.0545365505864e-09
4	22615	1.445314194445	1.7931492580492e-05
4	22619	1.445834118987	5.1388032974611e-06
4	22632	1.446343884947	8.0232094563677e-05
4	22636	1.446843898451	1.3620182927763e-05
4	22646	1.447346738623	2.1216043081469e-05
4	22650	1.447867394747	0.017450478899507
4	22660	1.448395159491	1.67315240552e-06
4	22667	1.448819046011	8.2735325183825e-08
4	22677	1.449359390535	2.0484585940605e-05
4	22681	1.449818290569	1.3718591003085e-05
4	22694	1.450328004995	2.1236123482034e-05
4	22698	1.450781465695	8.4341174007638e-06
4	22708	1.451318205004	5.6725636985119e-08
4	22712	1.451773060896	0.0014966312305641
4	22725	1.45235640084	9.3242708481518e-05
4	22732	1.452737865049	7.8341013004069e-09
4	22739	1.453342346519	1.3939111705104e-06
4	22743	1.453717676928	2.7348079809365e-05
4	22756	1.45437969803	0.00010903198686373
4	22760	1.454731406047	5.8628878304576e-05
4	22770	1.45535167947	4.6249672813366e-06
4	22774	1.455705187481	2.6252281664217e-05
4	22787	1.456379298721	8.4971136297731e-06
4	22791	1.456656309393	2.1271188212491e-05
4	22798	1.457348368526	4.1488017818252e-06
4	22805	1.457698893201	2.4902670774889e-05
4	22815	1.458311972463	3.6902722458338e-06
4	22822	1.458732547257	9.8525680723543e-05
4	22829	1.459335375617	0.00016958158289889
4	22836	1.459747165358	0.00011962161724789
4	22846	1.460340051195	7.0333771399734e-05
4	22853	1.460772253005	4.0459733622201e-05
4	22863	1.461325821335	4.0169356798747e-05
4	22870	1.461727206031	1.7623339232282e-07
4	22883	1.462341736704	1.636599408169e-07
4	22887	1.462759470888	3.1348204157653e-05
4	22894	1.463331077152	0.00038007091971035
4	22901	1.463727634904	9.1921214082285e-06
4	22914	1.464374261584	3.1994550647393e-06
4	22918	1.464742199492	9.5066588216361e-07
4	22928	1.465419426944	1.4486047275455e-05
4	22932	1.465787591471	7.190299249923e-06
4	22942	1.466373061751	2.0359799152584e-06
4	22949	1.466820702226	0.0016422581999575
4	22956	1.467350647461	8.1824846920384e-07
4	22963	1.467777644186	2.2947384729388e-07
4	22973	1.468318698803	2.2337467525378e-05
4	22980	1.468814055594	9.342842662865e-06
4	22987	1.469346610085	5.6904983366602e-07
4	22994	1.469776229717	0.00046124848631223
4	23004	1.47031390485	1.683503382997e-07
4	23011	1.470820210075	1.6809968230232e-05
4	23018	1.471336876804	3.4771295608341e-05
4	23025	1.471784166773	7.8370604468729e-09
4	23035	1.472382407483	5.808325240803e-07
4	23042	1.472777992677	2.2805889369705e-06
4	23049	1.473337137056	0.00010780544110066
4	23056	1.473798458711	1.6826536791319e-08
4	23066	1.47432606602	3.8069198289807e-06
4	23073	1.474753884131	0.0003947631854152
4	23077	1.475277599952	0.000274715680651
4	23087	1.475716832366	7.6897302301963e-09
4	23097	1.476260415623	3.1845312710366e-05
4	23104	1.476693793715	0.00028400328988583
4	23108	1.477278715595	0.00064026297206426
4	23115	1.477734796367	3.5126509900126e-05
4	23128	1.478271220753	3.9800137899282e-05
4	23135	1.478724773786	0.00010349080422153
4	23139	1.47930192778	3.3802278096032e-07
4	23146	1.479748189577	2.495461522852e-05
4	23159	1.480342857148	1.301331973658e-05
4	23166	1.480739165273	0.0004546020592137
4	23170	1.481307533043	3.5004604743037e-06
4	23180	1.481711535999	1.9213742400623e-06
4	23193	1.482304301569	0.00048981135965796
4	23200	1.482724253185	9.4485648013287e-06
4	23204	1.48331356403	2.5223597878516e-06
4	23211	1.483773832038	3.4986833380989e-05
4	23224	1.484350876727	0.0038631874394525
4	23231	1.484800927945	9.1620855248047e-05
4	23235	1.485395778013	7.8583583909797e-05
4	23245	1.485842068748	0.00014890988661528
4	23255	1.486386820182	5.608224198397e-05
4	23262	1.486859970352	8.8055283774954e-05
4	23266	1.487400193923	6.7124538065222e-07
4	23276	1.487863001778	1.4892728777776e-06
4	23286	1.488402948623	5.3493291130932e-07
4	23293	1.488882797628	3.2757848237383e-08
4	23300	1.489451483627	0.0008502322234612
4	23307	1.489857547718	9.5078919112918e-07
4	23317	1.490418467421	1.5327948982878e-05
4	23324	1.490835081008	7.7132866686438e-05
4	23328	1.491460203024	4.27900103998e-05
4	23335	1.491874584227	1.3182757983346e-06
4	23348	1.492433174377	0.00016551194098427
4	23355	1.492917440235	5.2041072403056e-05
4	23359	1.493399660502	9.5029061359415e-07
4	23366	1.493913563618	5.0763730982864e-06
4	23379	1.494415866272	8.2599174107342e-10
4	23386	1.494930401186	0.00018649301263096
4	23390	1.495439076364	4.402334609182e-06
4	23397	1.495954953737	0.00023384445859953
4	23410	1.496442708669	5.1961672971554e-07
4	23417	1.496996873657	7.2871446674249e-06
4	23421	1.497457294459	2.3141218552863e-07
4	23428	1.4980187352	2.1006737252844e-07
4	23441	1.498486175351	3.777906695517e-06
4	23445	1.499022418226	3.0720763456454e-05
4	23452	1.499441383894	2.636740371112e-07
4	23464	1.500054253895	2.7688628609156e-05
4	23474	1.50048125778	5.0210283315713e-05
4	23481	1.501094174208	4.3176669721335e-05
4	23485	1.501514298953	2.7275828253868e-05
4	23501	1.502097061187	0.00033505996157294
4	23508	1.502539142834	6.4513897153424e-07
4	23512	1.503064272791	9.3160231963232e-05
4	23519	1.503502995379	0.00028908423851921
4	23529	1.504093733756	3.6867440707136e-06
4	23539	1.504491689596	5.7519562575735e-08
4	23543	1.505084493153	9.102294278498e-05
4	23550	1.505536254976	3.1925910718765e-06
4	23560	1.506098880525	1.0159338684042e-07
4	23570	1.506508621561	1.497590448792e-06
4	23574	1.507069476656	1.2899947436832e-06
4	23581	1.507528852869	7.7060459269144e-08
4	23591	1.508039986112	4.9897193583345e-07
4	23601	1.508531550056	5.0079531871664e-06
4	23605	1.508999958674	8.6978313119178e-09
4	23612	1.509514108401	7.932125969717e-05
4	23619	1.510001797887	3.5562919967991e-08
4	23632	1.510557559573	1.1790097532754e-07
4	23636	1.510974014515	6.3301244837871e-06
4	23643	1.511532270397	1.2208918800054e-06
4	23653	1.511966765669	3.6560100754317e-05
4	23663	1.51249561552	1.2959063598615e-05
4	23667	1.512982543306	1.4427653001684e-08
4	23674	1.513501921818	2.1316533672439e-05
4	23687	1.513983845597	3.5300960070341e-09
4	23691	1.514463928395	8.6317868443127e-06
4	23698	1.514975932838	0.00016939960844427
4	23705	1.515448183947	7.4390342316703e-07
4	23712	1.516025179647	0.00013419308136634
4	23722	1.516469057848	7.2383647864311e-05
4	23729	1.517066801819	3.9506233747186e-06
4	23736	1.517491929949	5.4639046731284e-08
4	23743	1.518039077743	5.0411023172811e-06
4	23753	1.518531421668	7.8930999836026e-07
4	23760	1.519086717574	7.4123189253517e-06
4	23767	1.519545704023	1.9689782047096e-05
4	23774	1.520094024811	0.00011423844991294
4	23784	1.520506061282	2.1417085168572e-06
4	23791	1.521059940014	1.2085579629466e-06
4	23798	1.521488250028	1.6565576692298e-07
4	23808	1.522094497509	0.0007569278817926
4	23818	1.522452427927	4.4889791265997e-05
4	23825	1.523140194635	2.8471554745915e-05
4	23832	1.523428138953	6.1172171360961e-07
4	23836	1.524108571308	1.5669157958487e-06
4	23849	1.524462058138	9.65032226198e-06
4	23856	1.525131054104	7.4501717374664e-05
4	23863	1.525419496632	0.0063759474569889
4	23870	1.526151331475	8.8888759702108e-06
4	23880	1.526372330568	0.00042388474199375
4	23887	1.527166408565	1.037269691592e-05
4	23894	1.52739029166	0.0010831258784971
4	23898	1.528176256089	0.002916279548876
4	23911	1.528431329527	2.6730277175061e-05
4	23921	1.529207642988	0.0016846610767764
4	23925	1.52940974138	5.7792452218145e-07
4	23932	1.530171370211	0.00013070634445331
4	23942	1.53040516022	9.5388614578029e-09
4	23952	1.531214508674	0.00012686387076219
4	23956	1.531376092017	1.18435190139e-06
4	23966	1.532233307083	4.3065394604713e-05
4	23973	1.532412116435	3.5907326426559e-08
4	23983	1.533188496744	9.490480285214e-07
4	23987	1.533408683227	0.00029963262716649
4	23994	1.534174216356	0.00095975513105529
4	24004	1.534409603143	5.2841757477835e-05
4	24014	1.535162190679	0.00066779894473766
4	24018	1.535420838079	3.2521084504664e-06
4	24028	1.536195483367	2.1475948717461e-06
4	24035	1.536398090428	1.6059527683662e-05
4	24045	1.537183105307	0.00037236691359424
4	24049	1.537367313647	5.4905463334048e-06
4	24056	1.538140855469	2.2106398835829e-06
4	24063	1.538327143911	1.2002663768805e-05
4	24076	1.539159215972	2.6417860486517e-05
4	24080	1.539362411548	1.7979342521778e-06
4	24087	1.540131418922	0.0015556352323109
4	24094	1.540330100803	7.6140514092718e-07
4	24101	1.541090357378	5.4987032915515e-07
4	24111	1.541284857043	4.7738589255502e-06
4	24121	1.542072646137	1.11565312003e-07
4	24128	1.542261999274	7.8604644100148e-05
4	24138	1.543032541874	8.1891343860115e-06
4	24145	1.543266020171	1.2246012158055e-05
4	24152	1.544013900056	2.1242868440791e-05
4	24159	1.544313740006	5.0787051640902e-05
4	24166	1.544998472163	0.00029552825426866
4	24176	1.545331159875	8.1999266912936e-06
4	24183	1.546005524273	8.2818688244268e-08
4	24193	1.546344097003	1.2045008287872e-06
4	24200	1.54698036078	1.2744832476679e-06
4	24207	1.547392522938	8.2781239658755e-07
4	24217	1.547988658278	8.1788788630085e-06
4	24224	1.548377970833	1.7121017608639e-07
4	24228	1.548945608662	5.1846339203041e-07
4	24235	1.549338188803	1.1807119712763e-05
4	24245	1.549927226463	0.0011488616359601
4	24252	1.550296044941	0.00014385313234421
4	24259	1.550957084339	5.8962268914173e-07
4	24263	1.55127182478	7.2251171383271e-05
4	24276	1.55197029208	1.5859615719442e-05
4	24286	1.552309083114	4.7464476264204e-05
4	24290	1.552945085988	1.7821685860916e-05
4	24297	1.553304057863	1.0326054257629e-06
4	24307	1.553931126128	1.0648885907549e-05
4	24317	1.554294894787	4.1326508504323e-06
4	24321	1.554884485887	3.1628490027681e-05
4	24325	1.555254808292	4.524966007891e-05
4	24335	1.555915398967	0.00015726942114863
4	24348	1.556290009596	0.00016999149722035
4	24352	1.556919170765	1.8668475652042e-06
4	24356	1.55730269681	0.0001848873103469
4	24366	1.557930412468	1.6961482322113e-05
4	24376	1.558271407567	0.00046659025689147
4	24383	1.558904553881	1.1661392624798e-06
4	24387	1.559294436114	5.0944990796119e-05
4	24397	1.559909107397	3.1052841363674e-07
4	24407	1.560250171775	0.00011335559300557
4	24414	1.560870713912	2.5400054551119e-06
4	24418	1.561233007169	3.6662083840167e-05
4	24428	1.561913121296	0.00029309411163479
4	24441	1.562189075639	0.0018983470436645
4	24448	1.562925785469	4.3598160337663e-05
4	24452	1.563173748198	4.3101426824719e-05
4	24465	1.563924308317	0.0015803176500926
4	24472	1.564199959116	6.8590108997396e-05
4	24479	1.564929369194	9.9734742152801e-06
4	24486	1.565151295207	2.4297552713488e-05
4	24499	1.565944171362	2.6934756249582e-05
4	24503	1.566122931286	1.0647703014024e-06
4	24510	1.56692301465	0.0002933935386788
4	24514	1.567139516418	6.2924164470819e-06
4	24530	1.567901374033	1.0465724567426e-06
4	24534	1.568113876583	0.0065126994255385
4	24541	1.568867313219	2.965012777033e-06
4	24548	1.569090635576	4.2742620102875e-05
4	24555	1.56987778035	0.00014456377258437
4	24568	1.570121002035	0.00012454975889138
4	24572	1.570919676059	1.7642909179689e-05
4	24579	1.571156853957	4.670211495688e-06
4	24589	1.571967568125	2.8474333561705e-06
4	24596	1.572190710677	2.3502269953522e-05
4	24603	1.572998454258	1.2782627832081e-06
4	24610	1.573165587651	1.3010118271159e-05
4	24620	1.574032933226	0.00065212503428932
4	24627	1.574172120382	1.8751321105023e-06
4	24634	1.575033471433	2.8805528380325e-06
4	24641	1.575217697457	0.0002350504223201
4	24651	1.576001086718	5.0875358918074e-07
4	24661	1.576175787001	1.6736838379554e-06
4	24665	1.57696161733	1.0629136981323e-08
4	24669	1.577192089764	1.1495264506146e-07
4	24682	1.577977810739	5.1171400802829e-05
4	24689	1.578164782395	0.00022641990790258
4	24696	1.578931440309	1.0571760690039e-07
4	24700	1.579132468889	2.9602904000178e-05
4	24710	1.579912074652	3.2070165933159e-05
4	24720	1.580083174161	2.0081192252124e-06
4	24727	1.580889041478	7.4842287913869e-08
4	24731	1.581051031757	2.7527105643108e-05
4	24747	1.581934487491	0.00015461159335645
4	24751	1.582064426968	0.00069746886906924
4	24761	1.582932510592	2.3521089828539e-07
4	24765	1.583028147202	0.0004985914823498
4	24781	1.583942724354	3.8727597713113e-08
4	24785	1.584013048801	1.9501616148426e-06
4	24792	1.584917337929	1.1798229684306e-07
4	24796	1.584989265387	4.9694795159056e-07
4	24812	1.58591450684	4.933708385229e-06
4	24816	1.585979476097	3.393545022636e-07
4	24823	1.58695410782	3.1860972881594e-06
4	24827	1.586957383471	7.3338646993712e-05
4	24843	1.587952678047	4.4442843383383e-05
4	24847	1.588004103783	9.10072336408e-05
4	24854	1.588938432884	1.0275500624893e-05
4	24858	1.589017150114	2.2323220903121e-05
4	24874	1.589909196043	1.6455388941385e-06
4	24878	1.589989619216	0.0010229177235646
4	24885	1.590921156152	1.2139618162245e-05
4	24892	1.59100980296	9.2135885846243e-06
4	24905	1.591913821688	8.9967478790101e-05
4	24909	1.592053623505	1.4616312332182e-06
4	24916	1.592946052666	4.3663429302574e-06
4	24920	1.593074656092	3.0216223942864e-07
4	24936	1.593975270381	0.00027194374180019
4	24940	1.594096328094	1.8145853010118e-05
4	24950	1.595003996027	2.1880377368379e-05
4	24954	1.595069722814	1.3250354555348e-06
4	24967	1.596020532847	0.0002689070752288
4	24971	1.596027168762	1.7860870158163e-05
4	24978	1.597029700382	3.4875272644588e-05
4	24982	1.597035398836	4.16347591923e-05
4	24998	1.598000531988	9.3943846533415e-05
4	25002	1.598058539584	3.3837606318834e-06
4	25012	1.599035316548	7.7987933417909e-06
4	25016	1.599043477824	0.00012420664484401
4	25029	1.600047488419	0.0010091561080036
4	25033	1.600058672348	5.1968957991804e-07
4	25040	1.601001147535	4.4494282632673e-05
4	25044	1.601050773617	0.00082001961726861
4	25063	1.60195797192	0.00056884909943
4	25067	1.602008510399	5.418414447206e-06
4	25074	1.602986385175	2.6497300323416e-06
4	25078	1.603030185753	2.0659051428633e-05
4	25094	1.604027006876	4.8955864799284e-05
4	25098	1.604028899744	3.0414929759671e-07
4	25108	1.605004833949	0.00046376611008061
4	25112	1.605054579713	1.7862573554274e-05
4	25122	1.605958208946	0.00011305193742714
4	25129	1.606101182154	0.0003465964146278
4	25136	1.606960750501	0.00052437837848415
4	25143	1.607078910669	0.00018697731182359
4	25156	1.607939071493	8.5200285026314e-06
4	25160	1.608053970575	0.00020745737187205
4	25167	1.60889605183	0.00023441034387221
4	25171	1.609029925832	4.016872981682e-07
4	25187	1.609860214681	7.2238977270206e-05
4	25191	1.61001101581	0.00017471733837552
4	25198	1.610875055564	9.140121252906e-05
4	25202	1.611026811955	0.00038354272222963
4	25218	1.611865894588	4.4304609951053e-09
4	25222	1.612073642881	1.7073551822284e-06
4	25226	1.612843379365	0.00033869032979092
4	25236	1.613072741673	1.899716419928e-07
4	25249	1.613849023103	0.0011191058482532
4	25253	1.614115099042	2.9689925726929e-05
4	25260	1.614869257079	3.7258858535237e-07
4	25267	1.615116579028	7.4711878706229e-06
4	25280	1.615882741941	0.00010290135810052
4	25284	1.616079725354	1.7731649466975e-05
4	25294	1.616848653915	5.8927191352949e-07
4	25298	1.617032832868	0.00015483732019858
4	25311	1.617827221298	0.0001957058608018
4	25315	1.617999169014	7.1816575753372e-06
4	25322	1.61881642784	1.3162408405147e-05
4	25329	1.618986610079	4.6551367349446e-07
4	25342	1.619816403815	7.1790813431125e-05
4	25346	1.620027002942	0.006251041343832
4	25356	1.620847698506	0.00038995334017049
4	25360	1.621034079148	0.0002045133487536
4	25376	1.621864358962	4.6515782690473e-06
4	25380	1.622003865744	1.8009314319776e-05
4	25387	1.622823160401	0.0001530258072541
4	25394	1.62300956244	8.4052703560448e-07
4	25407	1.623829600438	1.8320236629972e-05
4	25411	1.623966023062	0.00011934851224231
4	25418	1.624796835285	6.6716996282681e-06
4	25422	1.624954128388	6.2568450570873e-05
4	25435	1.625833803866	1.749253142029e-07
4	25442	1.625999454303	1.363645928381e-06
4	25449	1.626863713322	0.014899937223407
4	25456	1.626981899425	3.5409564001813e-05
4	25466	1.627834638276	7.8187351362676e-07
4	25470	1.627997993297	2.7882374913227e-07
4	25480	1.628821867092	5.098635124418e-05
4	25487	1.629007198888	6.6179624782567e-06
4	25494	1.629787551536	0.001955706034756
4	25501	1.629988186657	1.0394013679824e-07
4	25511	1.630828407889	5.7618001035274e-07
4	25518	1.630951275923	0.00010029585579675
4	25525	1.631792806256	4.1798835256375e-07
4	25532	1.631904532607	0.00026474471418696
4	25545	1.632792342402	9.5113051763113e-08
4	25549	1.632942432612	0.00029160127460461
4	25556	1.633803866065	4.2858537658839e-05
4	25563	1.633989790518	0.00074880821588285
4	25573	1.634831957947	8.3351767795102e-07
4	25580	1.634966766864	2.9142693609899e-07
4	25587	1.635837524481	5.4894140110808e-05
4	25591	1.635988305801	9.131183110044e-05
4	25607	1.636810740689	3.0628133862072e-10
4	25611	1.636980413765	1.8786797975667e-06
4	25618	1.637805048191	0.00013799685837553
4	25622	1.637982919126	1.070331608029e-07
4	25635	1.638801195786	2.6030806048346e-05
4	25642	1.638999336618	2.6396354107522e-05
4	25649	1.63978912082	5.197797895578e-07
4	25653	1.639987588015	4.4915055280678e-05
4	25666	1.640757545886	6.6408806739468e-06
4	25673	1.640952380428	1.511148439303e-05
4	25680	1.641757267583	1.1279425131854e-05
4	25684	1.641929461134	0.00010239208174117
4	25700	1.642802011923	2.7318605182976e-06
4	25707	1.642887610647	4.1640238752772e-05
4	25714	1.64376324057	0.00077882041260996
4	25718	1.643917723589	1.2299195563575e-06
4	25731	1.644801859853	0.0021377982726824
4	25735	1.644908574604	0.00010823961579119
4	25745	1.645823493351	0.00055910255908797
4	25752	1.645911431752	0.00033278379376578
4	25762	1.646831813189	6.4535746666e-05
4	25766	1.646906758827	3.2294818710823e-06
4	25779	1.647872233987	0.0015099512048087
4	25783	1.647923010421	4.3803657476359e-05
4	25793	1.648861465461	0.00043585070427049
4	25797	1.64895871942	1.3934903435902e-05
4	25810	1.649832404287	0.0001925408148969
4	25814	1.649977508711	0.0010504143296092
4	25824	1.650796366264	0.00010011478165484
4	25828	1.650933690418	8.1158819323698e-07
4	25841	1.651770152751	7.7668111234078e-06
4	25845	1.651947709916	4.4791952603089e-05
4	25855	1.652744104559	3.0236969668425e-06
4	25859	1.652933228922	1.6866562560462e-06
4	25872	1.65374075684	1.2968830544388e-05
4	25876	1.653934064707	9.8544893006377e-06
4	25886	1.654785779385	1.1263813081869e-07
4	25890	1.654976590285	7.0094509723618e-06
4	25903	1.655803964406	1.0175973961845e-06
4	25907	1.655951931755	8.1551203084689e-05
4	25917	1.656789860554	0.00049328773521313
4	25921	1.656914904897	0.005072905840225
4	25934	1.657799560144	6.9988335901392e-05
4	25938	1.657885324335	1.6411522889273e-07
4	25948	1.658786419054	0.0013967474582551
4	25952	1.658934801509	0.00011335991677055
4	25965	1.659782457045	6.9656818029421e-05
4	25972	1.659888776379	9.2282433440006e-08
4	25979	1.660786290355	0.0012496153599621
4	25983	1.660922795012	2.6941563977483e-05
4	25999	1.661764349042	1.815420627097e-06
4	26003	1.661936113205	9.6027948413289e-06
4	26013	1.662749528785	0.0025578434844978
4	26017	1.662956209547	1.4490178480975e-05
4	26030	1.663777597376	2.1438756500419e-07
4	26040	1.663996939869	6.117577445398e-06
4	26044	1.664827544667	1.2911520179419e-08
4	26048	1.665011314485	7.9666400218886e-05
4	26061	1.665811338246	0.00036335115922399
4	26071	1.66596885919	6.8466345764045e-08
4	26075	1.666815303955	0.00031652591971422
4	26079	1.66700462697	5.8946463073275e-05
4	26098	1.667802344591	0.00040962526564132
4	26102	1.667997608012	1.4953248575289e-08
4	26106	1.668764252551	0.00040798654438367
4	26110	1.669047271479	6.3832713149176e-06
4	26129	1.669806584418	1.8742343423143e-05
4	26133	1.670068261614	0.00043880349111317
4	26137	1.670760338344	4.1409356356739e-06
4	26141	1.671054951434	0.00018056195504283
4	26157	1.671799651314	1.4724595675053e-05
4	26164	1.672098856815	0.00017327858792281
4	26168	1.672841190309	1.4401005479485e-05
4	26175	1.673123114504	1.2273296467101e-07
4	26191	1.673874127145	1.3775888659018e-06
4	26195	1.674157455675	6.6489667499855e-06
4	26199	1.674847712542	3.5643541286944e-11
4	26206	1.675132218852	3.9293906270968e-07
4	26222	1.675828471868	0.00047576496353587
4	26226	1.676117739259	2.333370760779e-07
4	26230	1.676866423459	9.126392500103e-07
4	26234	1.677092107446	3.0999666695011e-05
4	26253	1.677901590644	0.00051788149250139
4	26257	1.678117222564	9.1257919715868e-07
4	26261	1.678946628811	1.792448274709e-05
4	26265	1.679072475709	7.6889988869144e-07
4	26284	1.679963495936	1.1370808535385e-06
4	26288	1.680023517573	1.4071272035975e-06
4	26292	1.680997490166	0.00026849564263421
4	26296	1.681036623441	9.6126311777701e-07
4	26318	1.681995635721	9.3708707599779e-06
4	26322	1.682011782367	0.0016089871974399
4	26326	1.682968320702	0.00092366364782154
4	26330	1.682991826747	3.8011770076732e-06
4	26349	1.683929408441	2.363217469085e-05
4	26353	1.683977833903	1.0152109374389e-06
4	26357	1.684931439482	5.3934446670024e-05
4	26361	1.684975994162	4.0401536862562e-06
4	26380	1.685917969036	8.3505628096733e-09
4	26384	1.686003002174	1.2387727747863e-05
4	26388	1.686910898141	0.00023285594516264
4	26392	1.687052292271	3.4854795285551e-07
4	26411	1.687930382092	0.00037149609106275
4	26415	1.688064538158	5.7315979514674e-06
4	26419	1.688934457418	2.136975929263e-05
4	26423	1.689014951088	3.89249183618e-06
4	26442	1.689935500115	1.2815382053583e-05
4	26446	1.690062746857	1.5697272270327e-05
4	26450	1.690909553105	9.9378309709351e-07
4	26454	1.691038428988	4.0045367342867e-06
4	26473	1.691934528547	1.1385770001498e-05
4	26477	1.692056496028	1.7021932818759e-06
4	26481	1.692975946238	3.5236572810076e-07
4	26488	1.693080913595	2.6483497617035e-10
4	26504	1.693991830863	0.00073303895061733
4	26508	1.694034946369	7.2402010957199e-05
4	26515	1.694988518133	5.1373972264064e-05
4	26519	1.695029031151	2.6760960802738e-05
4	26535	1.695945552532	2.3410690082659e-05
4	26539	1.696063237105	0.00026287440420673
4	26546	1.696951585045	2.1322258748761e-06
4	26550	1.697038885666	3.425527388032e-07
4	26566	1.697960943187	2.8853458527507e-05
4	26570	1.69803204667	2.5166286611266e-05
4	26577	1.698916945701	0.0007969531987795
4	26581	1.699024298638	4.9679394942249e-07
4	26597	1.699891153189	1.9036573487065e-07
4	26601	1.700002088201	2.8471880569588e-05
4	26608	1.70093151842	8.0275908796374e-10
4	26612	1.700976418882	5.8554717995321e-06
4	26631	1.7019683832	7.5762066952014e-08
4	26635	1.701971495742	6.2176551137792e-06
4	26642	1.702997446097	0.000123098536726
4	26646	1.703005924295	4.8963273219711e-06
4	26662	1.703968792923	2.6395221353106e-05
4	26666	1.703995483676	2.86102153273e-06
4	26673	1.704943091109	2.8248781310393e-05
4	26677	1.705042806193	0.00016171132108846
4	26690	1.705916300702	2.7738605896115e-05
4	26697	1.706069517271	4.5146519450009e-06
4	26704	1.706896345164	1.8065052008566e-08
4	26708	1.707075713925	5.1601673617773e-07
4	26721	1.707868837197	4.1294124644491e-06
4	26728	1.708078205586	2.1826516722603e-07
4	26735	1.708911863812	3.4375845283193e-06
4	26739	1.709054568057	1.3001879197068e-06
4	26752	1.709891317833	1.6801057376016e-05
4	26759	1.71004959223	0.00021432768055241
4	26766	1.710864746873	0.00050621861815925
4	26770	1.711047744402	3.7923312674067e-06
4	26783	1.711889548745	0.00010252691183264
4	26790	1.712082011907	1.8524631409073e-07
4	26797	1.71293187055	6.386108731095e-06
4	26801	1.713043852818	2.2740020512756e-05
4	26814	1.713913998205	4.4684056468837e-05
4	26818	1.714002673402	4.3475681623123e-05
4	26828	1.714937342107	6.123525324424e-06
4	26832	1.714981515943	9.8120922880434e-05
4	26845	1.715932214313	1.289854948588e-05
4	26849	1.715963217457	2.868803267287e-07
4	26859	1.716904071893	5.2886372480945e-05
4	26863	1.716931450093	3.6245360461193e-07
4	26876	1.717904324991	1.9336166064913e-06
4	26880	1.717955123905	4.2770482398506e-07
4	26890	1.718915112703	6.7984113540231e-05
4	26894	1.718990461927	5.6591110494391e-05
4	26904	1.719881366475	1.5415171415773e-06
4	26911	1.720013336516	0.00057017085999575
4	26921	1.720887051794	0.00037681153531636
4	26928	1.720984961582	0.00014253008267874
4	26938	1.721865913782	1.5490564400829e-05
4	26945	1.721988051495	1.659172747232e-07
4	26958	1.722871975141	1.8339360117481e-05
4	26962	1.722998164574	3.19238832026e-05
4	26969	1.723846292146	1.9761134203429e-10
4	26976	1.724024163753	8.9778934314464e-05
4	26989	1.72488586262	0.00043888297378595
4	26996	1.725044334299	0.00033751559530124
4	27003	1.725865574284	7.4975596736547e-05
4	27007	1.726006391992	7.8454162167463e-06
4	27020	1.726847119975	0.0015467383526553
4	27027	1.726986614193	3.7197863160731e-07
4	27034	1.727892628908	0.00010589193443372
4	27038	1.727958667033	1.1826769316955e-06
4	27051	1.728882805427	0.00017944051742636
4	27058	1.728915353621	3.0811952677778e-05
4	27065	1.729847536172	0.00048321393715874
4	27069	1.729905070028	4.0140866539406e-05
4	27082	1.730832222593	1.9576880039433e-05
4	27086	1.730935674641	0.00014608918103024
4	27096	1.731813178895	1.0560298987448e-06
4	27100	1.731980046923	0.00073085603648892
4	27110	1.732797431303	1.7383869340734e-05
4	27120	1.73295758572	1.9360491172748e-07
4	27127	1.733764514223	0.00012854504325015
4	27131	1.73394322	3.5896176315763e-06
4	27141	1.734796993708	0.00052080585974842
4	27148	1.73491762814	3.0004591477076e-07
4	27158	1.735843733763	0.00015245707067536
4	27162	1.735931092163	0.00025746236680824
4	27172	1.736846967598	1.4074013234137e-05
4	27179	1.73695082253	2.6317002893979e-05
4	27189	1.737815442495	0.00031361346369788
4	27193	1.737948666976	7.539866239285e-06
4	27206	1.738782695036	2.7127757701631e-05
4	27210	1.738908413346	0.0014055609595809
4	27220	1.739735373895	7.4831169199602e-05
4	27224	1.739944669817	5.4913931318897e-05
4	27231	1.740762402879	0.0002230066749137
4	27241	1.740952649023	0.0053030643501712
4	27254	1.741810328796	7.884673750806e-07
4	27258	1.741906372372	3.8151264388174e-06
4	27271	1.742853744338	7.1526154238328e-06
4	27275	1.742874838143	8.8814375575823e-08
4	27285	1.743834281558	1.144071430459e-05
4	27289	1.743862036881	3.2231562295491e-05
4	27299	1.744815209189	3.051975331456e-06
4	27303	1.744853307083	8.33452498393e-07
4	27316	1.7458465861	9.231041508859e-05
4	27320	1.745853701836	1.3828717605217e-05
4	27333	1.746869035529	0.00055779740425312
4	27337	1.74689538371	5.684472267033e-07
4	27347	1.747852783576	9.1670668800588e-05
4	27351	1.747879080912	1.9687791757103e-05
4	27364	1.748882750748	1.037210592967e-06
4	27368	1.748894365286	1.1471654859526e-05
4	27378	1.749907623778	8.1461691690509e-06
4	27382	1.749916091206	9.8003012878244e-08
4	27397	1.750898546106	0.00014260716329334
4	27404	1.750955320146	0.00011371426820619
4	27411	1.751940798488	0.00027412647544387
4	27415	1.751975589818	0.00080273928353632
4	27428	1.752941600133	2.047702720407e-05
4	27435	1.752980921392	0.00015772520950744
4	27442	1.753929365006	0.00035963993173155
4	27446	1.754013193898	0.00025540449487158
4	27459	1.754938333382	1.3182067711859e-05
4	27463	1.75499597733	1.3979995435541e-06
4	27473	1.755892069144	2.2238355925674e-05
4	27477	1.756023746797	2.3314374960508e-05
4	27490	1.756934554251	3.2083602223288e-07
4	27497	1.757057925972	0.00013358728571991
4	27504	1.757981844176	0.00029775172770077
4	27508	1.758058313399	5.6886644116608e-05
4	27524	1.758961969439	0.00017858570530592
4	27528	1.759072740428	7.6230112337665e-08
4	27535	1.759914073539	3.9701388196572e-05
4	27539	1.760051636307	2.2500295611887e-05
4	27558	1.760915704864	3.7131868005574e-07
4	27562	1.761082943595	1.164156431926e-05
4	27569	1.761921110127	0.00021448284211944
4	27573	1.762120332338	3.5193335042611e-05
4	27589	1.762898704476	7.0498959217698e-05
4	27593	1.763080983327	2.3703182131583e-05
4	27600	1.763918606591	3.4393159196895e-06
4	27604	1.764048622377	0.00032693066871831
4	27620	1.764894674725	6.6808602180671e-07
4	27624	1.765035175994	1.3524934164528e-06
4	27631	1.765940866329	9.8397996487872e-07
4	27635	1.766083420631	3.1618718944083e-05
4	27651	1.766906985129	2.8453811657037e-06
4	27655	1.767095241011	1.0891248728776e-06
4	27662	1.767925624871	5.6886834625182e-09
4	27666	1.76804939869	2.8587156865936e-05
4	27679	1.768926531168	3.2429099803258e-05
4	27686	1.769009227483	2.6935090173466e-05
4	27693	1.769916832911	2.0065295606575e-05
4	27697	1.769986361669	6.1203888189044e-05
4	27710	1.770945562651	9.2459274740581e-06
4	27714	1.770954645314	3.6324962502081e-05
4	27724	1.771962005541	0.00053994879574786
4	27728	1.771973441832	4.6762387631281e-05
4	27744	1.772924060434	6.4517677671624e-06
4	27748	1.772963557276	8.5908648829919e-06
4	27755	1.77394816671	3.4333286210808e-06
4	27759	1.773950257714	9.6691980049127e-06
4	27775	1.774924399849	4.2330727336053e-07
4	27779	1.774934418361	8.2373405537581e-10
4	27786	1.775942298269	1.7329462499389e-09
4	27790	1.7759469521	8.528003517347e-05
4	27806	1.776925062755	3.8766212145408e-05
4	27810	1.776937325437	1.6829768568683e-07
4	27817	1.77789413078	9.8861997569456e-07
4	27821	1.777914381999	2.646722116308e-06
4	27834	1.778863548647	5.5752593826062e-05
4	27838	1.778885719874	0.00033540784264419
4	27851	1.779860220454	3.1374136128888e-06
4	27855	1.779867761432	0.00013291652690589
4	27865	1.780828667341	1.1781912966366e-05
4	27869	1.780875575992	7.1060232142995e-07
4	27879	1.781834369162	0.00040025589050918
4	27883	1.781900787024	1.8321616908271e-05
4	27899	1.782837917327	0.0009768811995362
4	27903	1.782854001796	0.0015427580697102
4	27913	1.783814529589	0.00046751027440495
4	27917	1.783838021118	7.8772872159279e-08
4	27927	1.784796233105	0.0009731598487487
4	27934	1.784829715607	3.0995587315049e-05
4	27944	1.785759487434	0.00028406611540728
4	27948	1.785793555147	2.0154280465861e-05
4	27961	1.786726334006	0.00010397034291075
4	27965	1.786789483553	1.5224209358872e-05
4	27975	1.787720788628	4.5999559597513e-06
4	27979	1.787777684533	9.1723000968265e-08
4	27992	1.788766913733	7.4117151607626e-05
4	27996	1.788813538732	0.00017722575661295
4	28009	1.789774881824	7.3695025609969e-07
4	28013	1.78978213801	9.7261212463129e-06
4	28023	1.790751796398	0.0010595183638194
4	28027	1.790779747287	0.00080380708005576
4	28037	1.791735308823	8.7699806180011e-07
4	28041	1.791736778533	0.0002943315363285
4	28054	1.792716047012	7.2962658692506e-05
4	28058	1.792721945551	5.4205334850782e-06
4	28071	1.793682915529	0.00019598222834468
4	28075	1.793761435877	1.7184841568738e-08
4	28082	1.794683541607	6.1784201998151e-05
4	28089	1.794763240335	9.5114248492867e-06
4	28099	1.79570653136	4.4202729277907e-06
4	28103	1.795754229336	7.4526146752201e-06
4	28116	1.79667030904	5.528139199706e-06
4	28120	1.796743107273	1.6615317779983e-05
4	28133	1.79766968336	7.295308252111e-09
4	28137	1.797742065032	2.0077220486046e-05
4	28144	1.798700478338	0.0016199110755836
4	28148	1.798704586558	4.358679481429e-06
4	28164	1.799719788517	3.0371167667378e-11
4	28168	1.799720644806	1.7385311709318e-05
4	28175	1.800689159225	0.00056281343058122
4	28179	1.800735620423	1.5969284002429e-05
4	28195	1.801647918691	0.00010868642055746
4	28199	1.801716048366	2.5255900404259e-06
4	28209	1.802687477386	3.4760927288389e-06
4	28213	1.802693391355	1.3283934320501e-06
4	28226	1.803673452874	1.5812376249654e-05
4	28230	1.803675047442	2.4170881663386e-05
4	28240	1.80468766132	3.8478447393877e-05
4	28244	1.804706670184	3.349918477715e-06
4	28257	1.805646789953	2.6361060200015e-05
4	28261	1.805754036416	3.0000671533002e-07
4	28271	1.806669860427	1.17680222596e-05
4	28278	1.806761221399	0.00032894690505097
4	28288	1.807668825734	4.879010901408e-06
4	28292	1.80779575607	8.4197434566583e-07
4	28302	1.808624170995	0.00046916810487349
4	28309	1.808821054052	2.8419126392497e-06
4	28319	1.80962411154	0.0010448447208527
4	28326	1.809849268713	1.0795371406925e-05
4	28333	1.8105993911	5.7855373168539e-05
4	28340	1.810809595604	5.3926339323892e-06
4	28350	1.811626845365	0.00013503898793818
4	28357	1.811784690038	7.6234600865685e-05
4	28364	1.812594962015	1.5821894352499e-05
4	28371	1.812756750061	1.5800774902529e-06
4	28384	1.813592109198	4.8900882073218e-06
4	28388	1.813738266104	0.00068729122846669
4	28395	1.814563185796	0.00017443269415612
4	28402	1.814696495091	1.5354993304283e-08
4	28412	1.815527698328	2.5727300424801e-05
4	28416	1.81567612228	1.858521623343e-05
4	28426	1.816507465289	7.8970534887863e-06
4	28430	1.816633582897	1.0765901937119e-06
4	28443	1.81747449682	0.00054341217090694
4	28447	1.81760832241	2.0099489672384e-06
4	28457	1.818458718602	3.0651829410613e-06
4	28461	1.818578126535	1.3048388791521e-05
4	28474	1.819459486869	4.5137118043403e-08
4	28478	1.819576314961	1.2917506722281e-05
4	28488	1.820506164734	1.937903750429e-07
4	28492	1.820537946144	9.295670288729e-07
4	28508	1.821491893278	3.6840623841451e-06
4	28512	1.821533262289	0.00014087489527813
4	28522	1.822480039865	1.9323783582264e-05
4	28526	1.822562642074	2.7213814071986e-07
4	28539	1.823461059001	3.8327453017515e-05
4	28543	1.823610302062	2.3102284965668e-06
4	28553	1.824454512949	0.0024670405148511
4	28557	1.82460477182	9.1187098316482e-06
4	28570	1.825486682668	3.5721119406934e-05
4	28574	1.825643119272	1.0108065881156e-06
4	28584	1.826474683546	4.5242245684931e-06
4	28588	1.826681982901	1.1982397708394e-05
4	28598	1.827447514757	5.0115873142942e-09
4	28605	1.827701977333	0.00017228055355806
4	28615	1.828413195144	0.0028818043294188
4	28619	1.828658456794	4.5665231107466e-06
4	28629	1.829408810099	5.1469152863367e-05
4	28633	1.829643522246	8.33795674164e-06
4	28646	1.830416578996	2.3625665774098e-08
4	28650	1.830684828497	5.8809071950055e-08
4	28660	1.831432443058	2.4922330525994e-08
4	28667	1.831668023721	0.00010834845820653
4	28677	1.832465753564	1.0175293994758e-05
4	28681	1.832658316906	1.4789571737781e-05
4	28688	1.833464800292	2.3078700734682e-06
4	28698	1.833693244131	6.0102197959087e-06
4	28708	1.834421746064	0.0070294335085129
4	28712	1.834660814693	0.0074642883090531
4	28722	1.835404099812	1.2398283860591e-06
4	28729	1.835697008902	0.0010788470873218
4	28739	1.836401551657	0.00064256546084075
4	28743	1.836667395261	6.6158719250845e-07
4	28753	1.837391106749	1.4114828856111e-07
4	28763	1.837641545469	3.1745491042696e-07
4	28770	1.838353144843	8.4126289047806e-06
4	28774	1.83865838435	0.00025118080130665
4	28781	1.839303586407	7.0902538559805e-05
4	28794	1.839673924987	8.1848338583449e-07
4	28798	1.840275163961	0.00027642738109761
4	28805	1.840673028776	7.6621148583233e-06
4	28812	1.841276515694	6.7905944193669e-06
4	28828	1.841625238165	2.7368926028173e-05
4	28832	1.842302263794	1.8027649063169e-05
4	28839	1.842609629608	1.9707874091763e-06
4	28852	1.843350402584	1.1501295593216e-07
4	28856	1.843582065523	0.0001072358956439
4	28863	1.844359141241	1.0902817795357e-05
4	28870	1.844581402663	5.4612582353185e-08
4	28880	1.84540441686	1.2890490411189e-06
4	28887	1.845541109201	1.3997609531355e-05
4	28897	1.846436182587	2.0417782818131e-08
4	28901	1.846530504462	3.5120635201177e-06
4	28911	1.847480545451	0.00049643918585489
4	28915	1.84750810088	9.1435646826765e-05
4	28928	1.848495028466	1.1346368802818e-05
4	28932	1.84850767811	6.5653828344031e-08
4	28942	1.849478733674	7.7689149823146e-06
4	28946	1.849500712676	1.6911677379999e-06
4	28959	1.850442449833	0.00018759035695938
4	28963	1.850506301218	2.3500723897454e-08
4	28973	1.851420345934	3.5141943547793e-06
4	28977	1.851544187903	2.3658214450976e-06
4	28990	1.852453795698	0.0001339130151154
4	28994	1.852552609269	1.1508966436202e-05
4	29004	1.853415319117	0.00047753193143805
4	29008	1.85357354927	1.4510437040569e-05
4	29018	1.85437540692	0.00020345665665318
4	29025	1.854597368482	6.9120977506944e-05
4	29032	1.855330765073	0.00010019586623907
4	29039	1.855599434305	2.2389313230282e-05
4	29049	1.856335590676	3.4956184490768e-05
4	29056	1.856635751574	2.9907003050201e-07
4	29063	1.857291552889	5.7290731942526e-06
4	29073	1.857643946864	1.6433057591752e-05
4	29080	1.85831376498	6.3020732616339e-06
4	29090	1.858645406217	3.3547331834764e-06
4	29094	1.859297057256	0.00044825940957317
4	29104	1.859672929876	3.1308259958684e-05
4	29114	1.860303093344	1.5816424029502e-06
4	29121	1.860651430572	1.3202436259259e-05
4	29125	1.861316182387	1.3694800797753e-05
4	29138	1.861663431707	3.0446082429893e-05
4	29145	1.862297515666	6.6268253698595e-09
4	29155	1.86269228377	5.8751611434586e-06
4	29162	1.863283441736	9.8874556972939e-06
4	29169	1.863707435282	4.3322302643151e-05
4	29182	1.86430127822	2.271106635784e-05
4	29186	1.86468774814	8.8349567969083e-06
4	29196	1.865278602542	4.6004478260415e-05
4	29200	1.865674947273	1.0836689517987e-06
4	29213	1.866326101793	3.8306734481941e-05
4	29217	1.866722266459	0.00048132248336919
4	29227	1.867287762356	8.6638847057301e-06
4	29231	1.867693203019	9.5498063201462e-08
4	29244	1.868278516486	4.8324993005863e-05
4	29248	1.868729747965	7.9181665981163e-09
4	29255	1.869320167693	0.00014983783289792
4	29262	1.869751051814	0.00016552835490762
4	29272	1.8702932853	1.6439437141392e-05
4	29279	1.870702155833	2.0952867150729e-06
4	29286	1.871298006468	2.1540626760356e-05
4	29293	1.871667302447	4.5609511708467e-07
4	29300	1.872263628693	8.9648214157759e-05
4	29313	1.872654874353	0.00037703809162811
4	29317	1.873232778041	0.00016774260636197
4	29324	1.873641857211	0.00013195450250094
4	29331	1.874262907528	3.4430702598205e-06
4	29344	1.874644177052	1.0443388045688e-05
4	29351	1.875264246158	1.7865043767191e-05
4	29355	1.875619369384	7.7631825654016e-06
4	29365	1.876283401342	0.0002281481272573
4	29375	1.876582152458	3.4132432938684e-07
4	29382	1.877234674712	6.5923271158052e-05
4	29386	1.877552595636	1.1025770220827e-06
4	29399	1.878260964008	3.5064035779513e-07
4	29406	1.878509603858	0.0002173283924687
4	29413	1.879294034059	4.040917726299e-07
4	29417	1.879558142278	0.006936900193459
4	29430	1.88033703719	2.431040253551e-06
4	29440	1.880571060913	0.00017112045049675
4	29447	1.881375381017	1.4840863599426e-07
4	29451	1.881581030059	3.4154813055996e-06
4	29464	1.882396705461	0.00020566473257593
4	29471	1.882547181712	2.9383106691197e-06
4	29478	1.883396433687	6.7334975616906e-06
4	29482	1.883541070079	6.1336871191897e-05
4	29498	1.884378890121	7.8315495366299e-06
4	29502	1.88452141467	6.4588140258544e-05
4	29506	1.885355922941	0.00096098168718913
4	29513	1.885544290869	0.0011712036962575
4	29529	1.886400879316	0.0001014996697871
4	29533	1.886542922443	1.3759998135305e-07
4	29537	1.887447964211	6.8697154344007e-06
4	29544	1.887505341169	3.417788214258e-06
4	29560	1.888456544142	4.8152715933501e-05
4	29564	1.888533597097	3.8277107407796e-07
4	29571	1.889488374304	5.4293663522528e-05
4	29575	1.88949749469	2.0572630159461e-07
4	29591	1.890453743234	0.00064099350619448
4	29595	1.89050586479	8.7640765201865e-09
4	29602	1.89149051238	2.8089838400799e-09
4	29606	1.891553208901	2.2248669345553e-09
4	29622	1.892470052308	2.3059824296091e-06
4	29626	1.892542288381	0.00018088884983711
4	29633	1.893507701262	2.1837559941858e-05
4	29637	1.8935248033	9.2924773329395e-06
4	29653	1.894508658705	2.0730949173799e-05
4	29657	1.89455476641	1.2579768050422e-05
4	29664	1.895488799088	4.3732326254092e-05
4	29668	1.895534590771	0.0001897194103246
4	29684	1.896510951248	0.00013983527555198
4	29688	1.896566160027	0.00014071298658711
4	29695	1.897479786167	1.8684967296894e-05
4	29699	1.89752640101	4.197157116383e-09
4	29715	1.898505484459	0.00012259389448744
4	29719	1.89853378742	2.2647566031004e-05
4	29726	1.899523058763	6.0330419391551e-07
4	29730	1.899533083277	1.307470652018e-06
4	29749	1.90049550605	1.6091246348097e-05
4	29753	1.900560720634	2.3675413079033e-06
4	29760	1.901485218434	0.0011670925398866
4	29764	1.901544420273	9.6278344904058e-05
4	29774	1.902488019539	7.5257357388854e-06
4	29778	1.902548541345	2.043562582565e-06
4	29791	1.903490158397	6.498817018941e-06
4	29795	1.903546673312	5.9539070833109e-06
4	29811	1.904515822763	6.3321800126998e-07
4	29815	1.904594941517	7.0942943455768e-06
4	29822	1.905545278762	8.2928668259034e-09
4	29826	1.905586118778	3.61765184986e-05
4	29842	1.906585794635	1.4260662719124e-05
4	29846	1.906608611426	1.5382084350201e-07
4	29856	1.907580213654	2.5218323983108e-05
4	29860	1.907594119549	6.7143181607209e-06
4	29870	1.908531067898	4.7071540607078e-07
4	29874	1.908613517343	7.2103087879381e-06
4	29884	1.909550223916	1.2004735763178e-05
4	29891	1.909636766798	5.0242762058776e-07
4	29904	1.910584059325	1.2218924534034e-05
4	29908	1.910654277607	0.00012990553487459
4	29912	1.911555690194	0.00030809241618466
4	29919	1.911673374532	2.8633225619354e-06
4	29932	1.912598006312	1.5636701657448e-05
4	29939	1.91266052565	6.8101930329752e-06
4	29946	1.913592470924	1.6531834212455e-06
4	29950	1.913690520939	2.8367076648847e-05
4	29966	1.91462295478	2.1631035277697e-06
4	29970	1.914665565642	4.8856665025114e-05
4	29980	1.915645558425	0.0001155666062879
4	29984	1.91566734384	0.00013940472242446
4	29994	1.91663208017	3.1563797765162e-05
4	29998	1.916651956328	3.5336282873277e-07
4	30008	1.917608245086	1.9522345501552e-06
4	30012	1.917619542976	0.0011070431331601
4	30025	1.918610743207	7.3487892458582e-11
4	30029	1.918611504436	3.9288970589898e-05
4	30039	1.919593335187	0.00038228882089511
4	30043	1.919625973206	3.3408144199508e-08
4	30056	1.920588651567	6.243188934439e-07
4	30060	1.920642449433	4.8637779224752e-07
4	30073	1.921574225319	1.1805674103038e-06
4	30077	1.921653317812	5.7850407275707e-07
4	30090	1.922588252195	1.049138320782e-05
4	30094	1.922684978991	2.1205314594704e-08
4	30104	1.923635681472	2.0351878729766e-06
4	30108	1.923669954994	1.144789572613e-05
4	30121	1.924588344976	6.1429650807333e-05
4	30125	1.924632881486	3.819846450766e-05
4	30135	1.925601224158	7.2511748677942e-07
4	30139	1.925615339235	5.2582026720367e-05
4	30152	1.926607675203	2.0940057936829e-05
4	30156	1.926607682408	2.0205346606164e-06
4	30172	1.927606302908	6.9184334062017e-07
4	30176	1.927640949297	6.7337083271199e-07
4	30183	1.928602135591	2.4330663996949e-05
4	30187	1.928640113259	5.5313244141778e-06
4	30203	1.929625686937	2.7471037815656e-05
4	30207	1.929630154055	1.3553259481405e-05
4	30214	1.930601393828	3.424692122112e-09
4	30218	1.930612149759	2.0655860016003e-05
4	30234	1.931601628223	4.159541973192e-06
4	30238	1.931612161124	4.1895847793301e-08
4	30245	1.932576078319	0.00024024351990647
4	30249	1.932633929181	2.8308816979859e-06
4	30265	1.933600264602	2.1146314407265e-05
4	30269	1.93364968218	1.1596930713648e-05
4	30276	1.934593678086	7.6671523822413e-05
4	30280	1.934662657835	2.77644271355e-06
4	30296	1.93557189315	0.00024931071626255
4	30300	1.935682315227	0.00027154966989027
4	30307	1.936584575824	1.1676521801166e-05
4	30311	1.9366799607	9.1563472151421e-05
4	30321	1.937553076057	0.005296199521261
4	30334	1.937699581949	4.3704601505015e-05
4	30338	1.938519349265	0.0018149560966074
4	30342	1.938705007636	1.8169784175822e-05
4	30355	1.939514810676	4.6850658565723e-07
4	30365	1.939711363142	8.3509894587524e-05
4	30369	1.940476672362	6.7380965710336e-05
4	30373	1.940736373698	0.00017640033048584
4	30392	1.941516504508	3.5631818015173e-09
4	30396	1.941690455436	0.00011574030193727
4	30403	1.942531062965	0.00011873134990897
4	30407	1.942671834814	1.4261696343951e-05
4	30426	1.943560089302	5.1718122923687e-06
4	30430	1.943657459466	0.00024692332955775
4	30434	1.944546980583	6.3573943014116e-08
4	30438	1.94461095158	7.7050465199051e-08
4	30451	1.945566037998	7.2330379841452e-05
4	30461	1.945610175584	0.00026384211115368
4	30465	1.946542277469	1.0918456629359e-05
4	30469	1.946655480412	8.5124734882461e-08
4	30488	1.94758577322	8.5182260362192e-05
4	30492	1.947617774453	4.6792699482969e-07
4	30496	1.948569570496	1.6512201493596e-06
4	30500	1.948577229141	4.4943076414037e-05
4	30519	1.949547274285	3.324619656985e-06
4	30523	1.949613860743	3.4856664893678e-06
4	30527	1.95050135823	3.0594997132716e-06
4	30531	1.950577481648	1.9541835355462e-07
4	30547	1.951483057272	2.7900885533692e-06
4	30554	1.951591736941	0.0025987654271182
4	30558	1.952525974488	1.7731891963827e-07
4	30562	1.952638389108	3.762363607409e-05
4	30578	1.953499639543	9.3058440457911e-07
4	30585	1.95361003632	4.6695696222853e-07
4	30589	1.9544903104	0.00043226540464998
4	30593	1.954658735895	0.00048238486707867
4	30609	1.955516401175	2.0369146702058e-05
4	30613	1.955623633272	2.3245640625689e-05
4	30620	1.956525242317	2.5346649909385e-06
4	30624	1.956662902607	4.0785021129624e-06
4	30640	1.957544325456	6.3832682133262e-07
4	30644	1.957681497662	9.2903527899594e-07
4	30651	1.958519938052	7.2088374234248e-06
4	30655	1.958658222997	0.0001329470752927
4	30668	1.959507364849	3.5831080109393e-05
4	30675	1.959644331375	0.00013485266366974
4	30682	1.960552291003	2.2194499334858e-05
4	30686	1.960659549029	0.00065170689253602
4	30702	1.961527569049	0.0010895551111662
4	30709	1.961694303549	0.00016721226906993
4	30716	1.962532925904	0.00036188351971266
4	30720	1.962724242576	4.5372679274137e-05
4	30730	1.96349896401	0.0010433631222391
4	30740	1.963758767208	4.010969286468e-06
4	30747	1.964494284579	1.7797606587087e-06
4	30754	1.964781018641	0.00033505485071566
4	30764	1.965517296061	0.00063522817345288
4	30774	1.965759533507	0.00013183125157561
4	30778	1.966548160819	2.9084578161415e-05
4	30785	1.966785051564	9.4991582193611e-08
4	30795	1.967556608322	0.0014291933917046
4	30805	1.967790440404	2.597260809667e-06
4	30809	1.96859775076	4.3659820467253e-05
4	30819	1.96877889617	3.5753666392724e-05
4	30829	1.969615408351	1.7011595313484e-06
4	30836	1.969807513421	1.2219626047312e-08
4	30840	1.970593309134	2.6827038408298e-05
4	30850	1.970821752259	6.1053729446329e-06
4	30857	1.971621001306	1.6874166273608e-05
4	30864	1.971802338533	1.5063887203888e-05
4	30871	1.97259459264	1.741688979828e-06
4	30878	1.972757416664	3.3067045518006e-05
4	30888	1.973553255523	2.2577058830686e-07
4	30898	1.973780082737	1.7256379416387e-08
4	30902	1.974506698156	0.00010388115200187
4	30912	1.974809313054	0.00082397592551909
4	30919	1.975547298661	1.263881135308e-07
4	30926	1.975787775692	2.1561939662069e-05
4	30933	1.976535860252	1.9031377190105e-06
4	30937	1.97677337775	5.0063209967202e-07
4	30950	1.977546499318	3.98052241753e-05
4	30957	1.977778253859	1.3858276883196e-05
4	30964	1.978511514479	0.0005438668678585
4	30968	1.978732130353	6.0811181282764e-06
4	30978	1.979466399767	9.8844693822419e-05
4	30988	1.979764619248	3.4855933581965e-06
4	30995	1.980514167639	5.9201731623778e-06
4	30999	1.980797027126	6.9354373337552e-07
4	31015	1.981475229905	3.6672917353373e-08
4	31022	1.981766788191	2.6826936074208e-05
4	31029	1.982520014228	4.8288231900591e-05
4	31033	1.982747182564	3.0363101740983e-06
4	31046	1.983487029698	3.0055732018114e-06
4	31053	1.983724903709	1.2196636827682e-07
4	31060	1.984494792104	0.0017205249969426
4	31064	1.984746242112	9.3956401541978e-06
4	31077	1.985448194616	2.6331588401148e-05
4	31084	1.985701855836	0.014985474708216
4	31091	1.986450090154	1.1681132795477e-05
4	31095	1.986660046684	0.00016209634095301
4	31108	1.98746173185	1.5259094184335e-05
4	31112	1.987653268362	7.7595631026347e-06
4	31122	1.988498075202	0.0011879581113886
4	31126	1.988699775358	7.8708153313337e-05
4	31139	1.989537557647	3.6229260120321e-06
4	31146	1.989658336501	1.864528961395e-08
4	31153	1.990502419971	1.6936267371788e-05
4	31157	1.990696659761	1.203816607694e-08
4	31170	1.991524387079	6.2234379557418e-05
4	31177	1.991689822346	9.0772109090312e-07
4	31184	1.992497606909	0.00015009895001862
4	31188	1.992733596753	4.8921282940605e-05
4	31201	1.993453527067	0.014117813782681
4	31208	1.993710537621	8.2227554675627e-07
4	31215	1.994488383347	0.011954974254045
4	31219	1.99468297615	0.00012101131317439
4	31232	1.995523778308	0.00033882613261202
4	31239	1.995636919555	1.0054696554745e-08
4	31246	1.996551608834	0.0002312637775969
4	31250	1.996631878086	0.00029236095569463
4	31263	1.997586148344	4.1783326088509e-08
4	31267	1.997651199331	1.0206102596736e-06
4	31277	1.998616411946	7.1972420399127e-06
4	31281	1.998622699128	5.1811178491625e-06
4	31294	1.999626431766	3.1257037524043e-05
4	31298	1.999647572585	1.3942613352667e-08
4	31310	2.000621431716	0.0009389713601305
4	31314	2.000657706043	4.6181269505776e-06
4	31330	2.001614527491	1.025075762907e-05
4	31334	2.00167829357	0.00021001961312249
4	31344	2.002596868332	5.5871385104973e-07
4	31348	2.002696521565	0.0016792877252196
4	31355	2.003585289231	0.0012121686398836
4	31359	2.003697849643	3.3636102015227e-06
4	31375	2.004596695487	4.4199510354766e-07
4	31379	2.004668247639	1.3093806776276e-07
4	31386	2.00556077996	1.0280564282494e-07
4	31396	2.005701039461	0.00010623975989698
4	31406	2.006568415019	0.00021251661456043
4	31410	2.006660626391	0.00011999920135562
4	31423	2.007583959659	5.8279228500778e-07
4	31427	2.007677445846	5.7832591622372e-05
4	31437	2.008582083355	6.9016055663966e-05
4	31441	2.008723869593	1.2507109817365e-05
4	31451	2.009584935787	2.6245879261893e-06
4	31458	2.009717652204	4.1886020018049e-08
4	31468	2.010572899118	4.3860044965107e-05
4	31472	2.010717762825	2.0870241123218e-05
4	31485	2.011581937301	0.0025867807063668
4	31489	2.011722115645	2.5814571302102e-05
4	31499	2.012587061626	3.5501660403062e-07
4	31503	2.012725645204	3.1437188170339e-08
4	31510	2.013539714939	0.00038750180677367
4	31520	2.013737566741	2.9493523500943e-06
4	31527	2.014570624171	3.4567995467406e-05
4	31534	2.014762915459	3.7149029017585e-05
4	31544	2.015546737293	3.1050319321379e-05
4	31548	2.015719938587	1.0016571029368e-07
4	31558	2.016557721577	0.0040182012515675
4	31565	2.016676520397	1.5021796782509e-05
4	31575	2.017582051574	3.1204081089396e-06
4	31579	2.017669410906	1.1923718994603e-09
4	31589	2.01856826623	0.00075486088996141
4	31596	2.018655878892	3.2963680792709e-05
4	31603	2.019610668176	0.0077011730448312
4	31610	2.019654089256	3.7933905221718e-10
4	31620	2.020589521956	0.00029352475658621
4	31627	2.020687599885	1.4831633822168e-05
4	31640	2.021618571793	6.3015864633457e-06
4	31644	2.021708177823	1.6431788247056e-05
4	31657	2.022667983568	1.8967904867477e-06
4	31661	2.022741013556	9.173857263738e-08
4	31671	2.023641044014	6.6318620001064e-06
4	31675	2.023698447265	4.1359489721103e-05
4	31685	2.024676009399	8.9260574218512e-06
4	31689	2.024706995124	3.2206946760852e-06
4	31702	2.025687251516	7.2760260553593e-05
4	31706	2.025720396683	3.6618197345622e-05
4	31719	2.026695321258	9.7177920865547e-07
4	31723	2.026763373927	2.5929818739095e-05
4	31733	2.027685664577	5.7090566891321e-06
4	31737	2.027805489059	2.7438885865152e-05
4	31747	2.028729651479	2.8088142310238e-05
4	31754	2.028844318869	8.1444710061465e-08
4	31764	2.029682414676	3.475706683158e-08
4	31768	2.029798041927	0.00063650324584166
4	31778	2.030716362001	1.3452585867834e-05
4	31782	2.030757110955	3.073866895791e-05
4	31795	2.031688724986	0.0011904433892774
4	31799	2.031795994929	5.0465522101931e-06
4	31809	2.032680974102	8.3815692452111e-05
4	31813	2.032826998494	3.1254682772673e-05
4	31826	2.03369714826	1.2979529653917e-06
4	31830	2.033849440285	4.1820469699119e-06
4	31840	2.034722595015	3.4207350276574e-07
4	31844	2.034872780442	5.166912009479e-06
4	31857	2.035706798707	0.00062558126651442
4	31861	2.035918740042	1.2859467487281e-05
4	31871	2.036711390094	1.3707689477214e-06
4	31881	2.03691836749	5.9472164191929e-06
4	31888	2.037669677266	6.8061629899094e-05
4	31892	2.037953640932	9.7061617582847e-05
4	31902	2.038714479199	1.8143215736932e-06
4	31912	2.038963501976	5.7435883792496e-05
4	31919	2.039749557284	6.2576506025118e-05
4	31923	2.039989063462	1.1228286045585e-06
4	31933	2.040774066557	5.2050482104208e-06
4	31940	2.041013218319	0.0010399736595873
4	31953	2.041736785916	0.0024397493403083
4	31957	2.0420609914	1.9582686160981e-06
4	31967	2.042706215144	0.00033297706224804
4	31977	2.043067499771	1.1025498185819e-05
4	31984	2.043698102128	8.7476884138982e-05
4	31988	2.044079657356	1.1246525199139e-05
4	31998	2.044662240542	5.0485354498767e-06
4	32008	2.045064933463	4.0806731456382e-05
4	32015	2.045668423176	1.99890524149e-05
4	32019	2.04611222913	5.4577512206002e-05
4	32029	2.046708511942	8.49389209266e-05
4	32039	2.047074445568	9.9823934063037e-05
4	32046	2.04771883092	0.00025336113462924
4	32050	2.048062043413	9.173040749126e-07
4	32063	2.048728530005	0.00041732152906752
4	32067	2.049031310228	3.9266784767277e-07
4	32077	2.049752378059	0.00030508936831486
4	32081	2.050048546272	1.5192475526397e-05
4	32094	2.050778709629	0.00014672717613798
4	32098	2.05105170063	0.001991383480085
4	32108	2.051768641857	7.827082031244e-05
4	32115	2.052077660667	0.00032959325175316
4	32125	2.052813449398	0.00029985724501868
4	32129	2.053098435777	1.1331664035474e-06
4	32139	2.053832880328	1.0621501019566e-07
4	32146	2.054059152828	0.00087139429246464
4	32156	2.054853215387	1.0243732555887e-06
4	32160	2.055080812349	1.3345993975245e-08
4	32170	2.055814312771	5.3954560770381e-05
4	32177	2.056036520648	4.4035270068017e-05
4	32184	2.056774489365	0.00012706641752285
4	32191	2.057070159845	1.3485198706777e-05
4	32201	2.057726672648	2.7214250498318e-05
4	32205	2.058108969105	0.00025948609318024
4	32215	2.058699818234	1.9449759171041e-06
4	32222	2.059122613148	0.00018422248588901
4	32232	2.05968028889	0.00013128555631962
4	32239	2.060125003422	5.333098843768e-05
4	32243	2.060633438342	2.2212379593377e-06
4	32253	2.061075046245	0.00010927909041372
4	32263	2.06159702797	6.7608684394539e-05
4	32270	2.062068824889	1.7777541188129e-07
4	32277	2.062618669002	0.00049703933709038
4	32287	2.063037917717	1.1677635401156e-05
4	32294	2.063652420783	0.00042167054572381
4	32304	2.06401515697	0.00012459085839895
4	32308	2.06462904144	0.0033210496304814
4	32318	2.065038529129	2.7461189244902e-05
4	32322	2.065644894067	7.0367045232882e-07
4	32335	2.066000403375	0.00011837400784959
4	32342	2.066694074874	0.00063514553954443
4	32346	2.06695699874	3.0119862800644e-06
4	32356	2.067691544742	1.6208466303348e-05
4	32363	2.067965248511	1.5401667087458e-06
4	32370	2.068642645353	5.6955526808053e-05
4	32377	2.069013634685	2.8775186705782e-08
4	32387	2.069658895173	1.5439888390173e-05
4	32397	2.070048377743	0.0013183853602789
4	32401	2.070694323731	1.8113245263457e-05
4	32408	2.071034648216	1.0016700832431e-06
4	32418	2.071670675515	1.0825660992478e-05
4	32428	2.072058749983	5.8837567904468e-05
4	32432	2.072701736973	0.00010662288429173
4	32439	2.073092179594	9.6218779071405e-05
4	32449	2.073720993322	4.4068570072141e-07
4	32459	2.074088064426	0.01014493417692
4	32463	2.07472315956	2.7061842662172e-05
4	32470	2.075080886884	0.00014850717935205
4	32480	2.075725713533	4.4452765294418e-07
4	32487	2.076046901456	1.7331062108104e-06
4	32494	2.076700045016	2.7634287284518e-05
4	32501	2.077041796183	6.8102962566497e-07
4	32511	2.077689264165	4.095346974061e-05
4	32521	2.078053480975	2.0480347235737e-05
4	32525	2.078734109183	0.0031192239960199
4	32532	2.079066092903	3.2823150013167e-07
4	32542	2.079705915592	0.0002521949039788
4	32549	2.080062197985	6.290292494741e-06
4	32556	2.080735347735	2.9164318498449e-05
4	32563	2.081100252896	5.5557388656923e-05
4	32579	2.081770843103	9.6755462746835e-05
4	32583	2.082065260754	6.0624741052976e-08
4	32590	2.082754243793	8.1936512410317e-05
4	32594	2.083016359118	2.1699787327837e-07
4	32610	2.083756040219	4.8693450179931e-05
4	32617	2.083993346597	3.9166210805441e-06
4	32621	2.084774741679	0.00016767320459874
4	32625	2.084952252546	2.6930566671422e-06
4	32641	2.085770976825	8.953996438666e-06
4	32645	2.085905227915	7.9085067645762e-09
4	32652	2.086729777048	0.00022244370888868
4	32656	2.086868208766	1.6915855101046e-06
4	32669	2.087706112379	7.9597949584247e-06
4	32676	2.087858279307	2.3326317569941e-05
4	32683	2.088674402988	0.00024327274786554
4	32687	2.088814370364	6.8901436620278e-05
4	32700	2.089698798148	4.3169917598017e-05
4	32704	2.089813542191	4.1986351907198e-06
4	32714	2.090668869247	8.6316886458018e-05
4	32718	2.090803087245	1.3111841950028e-06
4	32731	2.091696679154	5.4866454865782e-05
4	32735	2.091820193362	8.1251043518485e-06
4	32745	2.092697544899	0.0012739227854638
4	32749	2.092811992778	2.2966344384208e-07
4	32762	2.093744934104	0.00049874762864641
4	32766	2.093812658157	1.0857823812801e-06
4	32776	2.094791304313	2.4655990622683e-05
4	32780	2.094816065439	1.0739551743116e-05
4	32793	2.095742403113	1.8048962783197e-05
4	32797	2.095768729636	5.9821092091174e-10
4	32807	2.0967848773	6.1706478680047e-05
4	32811	2.096802031712	3.3931081454494e-07
4	32824	2.097763157526	3.5008277051973e-06
4	32828	2.097799588502	0.0031234719113579
4	32838	2.098759035223	7.9618218610674e-07
4	32842	2.098845363493	8.9672324883986e-05
4	32855	2.09972582656	2.4937462781075e-05
4	32859	2.099807473564	2.9377614925428e-06
4	32869	2.100730098805	6.7457213001061e-07
4	32873	2.100777320582	2.6141204195854e-08
4	32889	2.101695261998	2.2393943980814e-08
4	32893	2.101770951755	8.0077793062862e-08
4	32903	2.102728566639	0.0004764588840577
4	32907	2.102772796238	6.9375015646902e-05
4	32920	2.103683452233	1.3216583142291e-05
4	32924	2.103766123405	1.785747187052e-07
4	32934	2.104711417418	4.2097284200325e-05
4	32938	2.104755598172	1.9889341827259e-06
4	32951	2.105661617361	7.231486221298e-05
4	32955	2.105724899989	5.5323337414381e-05
4	32965	2.106648046081	7.8881648622307e-05
4	32969	2.10676253015	3.1907739138305e-06
4	32979	2.107643902101	1.0181215045677e-05
4	32986	2.107797293677	7.5374742970744e-09
4	32996	2.108680675206	7.7425576972664e-05
4	33000	2.108784123913	6.1977283946934e-05
4	33010	2.109729634301	0.0007664333850371
4	33017	2.109832758453	1.0755885857804e-06
4	33027	2.110759163095	1.0060269848762e-05
4	33034	2.110787457621	1.1908177149029e-06
4	33041	2.11171966586	0.00012382467864049
4	33048	2.111808263936	2.2322380716605e-06
4	33061	2.112731308754	0.00032037095924178
4	33065	2.112814883244	1.298902722795e-06
4	33075	2.113720230276	2.260936997032e-05
4	33079	2.113826511568	1.0087284599233e-06
4	33092	2.114670773632	1.9247530941733e-05
4	33096	2.114828867458	0.00018221920945349
4	33106	2.115639100759	0.00028312384007035
4	33110	2.115839016625	0.00059493169464836
4	33120	2.116597547493	0.0004623496524264
4	33127	2.116857041872	0.00020319067372996
4	33137	2.117623317001	2.7422623841633e-06
4	33141	2.117906425976	0.00014058758841524
4	33151	2.118622251006	0.001977778817691
4	33158	2.118932986311	2.6958498753676e-07
4	33168	2.119600487363	7.8246515075005e-06
4	33172	2.119980575304	1.8095530987673e-05
4	33185	2.120595766008	9.805766731214e-07
4	33189	2.120995366348	7.9788863878099e-06
4	33196	2.121645575657	6.1538824182653e-05
4	33206	2.121980431114	0.00024715368382548
4	33219	2.122693876767	6.663484229247e-06
4	33223	2.122959040465	1.1893256210867e-05
4	33233	2.123725632257	3.3439656193783e-06
4	33237	2.123997036923	1.5552914389153e-06
4	33250	2.124694788718	2.9804295454496e-08
4	33254	2.124961406981	7.4198547087054e-05
4	33264	2.125665632991	0.00014400272459913
4	33268	2.126006891483	0.00042042107713155
4	33281	2.126703727328	2.2864600068224e-05
4	33285	2.1269691536	2.7337917264679e-06
4	33295	2.127680959186	0.0034900166016338
4	33302	2.127950899168	0.00011621108382492
4	33312	2.128631185008	4.787130204137e-06
4	33316	2.128973874302	1.2914550516134e-05
4	33326	2.129609994857	0.0029580813694085
4	33333	2.12994947484	1.1419527704777e-08
4	33343	2.130642078576	8.0912368803307e-07
4	33347	2.130915143628	4.3178407975119e-06
4	33360	2.131639779645	5.4111849498651e-06
4	33364	2.131885769275	0.00067915451680446
4	33374	2.132637995013	1.362426630779e-06
4	33378	2.132916684451	1.5491376921989e-05
4	33388	2.13361939	9.6524616542762e-05
4	33395	2.133894672263	0.00077301320955036
4	33405	2.134637896486	2.0776351573732e-05
4	33409	2.134878964801	1.1217385392685e-07
4	33419	2.135592487842	4.431004709424e-05
4	33426	2.135858802753	1.2377572121106e-05
4	33436	2.136556226085	0.001229018923097
4	33440	2.136888587904	6.1030443880644e-06
4	33450	2.137549038527	5.1836186356483e-06
4	33460	2.137907046801	0.00021469788237817
4	33467	2.138569889155	4.4600000411633e-06
4	33471	2.138910418632	4.2586750376792e-05
4	33481	2.139606103262	7.2907087412529e-05
4	33494	2.139934616916	2.7042880806126e-05
4	33498	2.14057343603	0.00025537941452154
4	33502	2.140917561763	0.00017575261143647
4	33515	2.141587770662	1.2338128327071e-06
4	33525	2.141873779523	1.2881278355405e-05
4	33532	2.142626523229	3.3622593654076e-05
4	33536	2.142841604653	2.5345030411145e-06
4	33546	2.143603674962	8.0070368736433e-07
4	33556	2.143861327268	2.8908949663308e-06
4	33563	2.144628931446	5.0173562628887e-06
4	33567	2.144854440805	2.2786627592047e-06
4	33580	2.145666590843	7.1851357708292e-05
4	33587	2.145869639077	7.34159670613e-05
4	33594	2.146706623488	0.00076706687522835
4	33598	2.14686498814	6.6389612214751e-05
4	33611	2.147725834998	0.0029027437213584
4	33615	2.147841955021	3.4508018522465e-06
4	33625	2.148702364062	0.00027377517723564
4	33629	2.148804096564	0.00013849594279673
4	33639	2.149673020274	2.074360678773e-06
4	33646	2.149851952885	2.7051599424875e-07
4	33656	2.15063083827	2.1548553488703e-06
4	33660	2.150878997566	3.6880689796083e-08
4	33673	2.151601450673	4.2100175075439e-09
4	33677	2.151890211726	9.9722458586919e-09
4	33687	2.152573787925	0.00017829475998362
4	33691	2.15286617444	2.6294124207686e-05
4	33701	2.153574169923	3.8049621045201e-05
4	33708	2.153816787526	0.00049780412857444
4	33718	2.15458860779	0.00024285513897877
4	33722	2.15478927073	0.00010520721967314
4	33732	2.155595573055	2.6495721736787e-05
4	33739	2.155797920335	9.5318237083974e-07
4	33749	2.156624893451	7.0359531300337e-05
4	33753	2.156781664737	0.00051352531842937
4	33763	2.157611666557	7.8367836481627e-05
4	33767	2.15781635992	3.9265185986452e-05
4	33780	2.158593913517	0.000484394066068
4	33784	2.158779161191	1.8225543590792e-05
4	33794	2.159592894334	2.195436888322e-05
4	33798	2.159820087161	1.4249189077437e-05
4	33811	2.160615603923	1.8526925263041e-05
4	33815	2.160834018106	5.5718101885302e-06
4	33828	2.16158101007	3.4572248274593e-05
4	33832	2.161815903981	9.0020893700779e-06
4	33845	2.162624143575	3.1610014907211e-06
4	33849	2.162812571934	5.5209265201974e-06
4	33859	2.16359321245	5.0250280584809e-05
4	33863	2.163847604585	8.2980162574104e-06
4	33876	2.16463203471	5.8189961925571e-05
4	33880	2.164860252816	9.6578622269768e-08
4	33890	2.165587343976	7.1481421049923e-06
4	33894	2.165907548226	9.1367897391217e-06
4	33907	2.166551331879	1.2431229236423e-07
4	33911	2.166924495031	2.2529260367414e-05
4	33921	2.167555798479	1.0441045555728e-07
4	33931	2.167965337282	0.00083120773486227
4	33938	2.168589571367	1.2613969492757e-05
4	33942	2.168929967365	6.7227873565772e-07
4	33952	2.169544698708	2.6604849288125e-05
4	33956	2.169896101367	2.8815364682169e-06
4	33969	2.170569172455	6.1551494170581e-08
4	33973	2.170934320758	0.00010212509563235
4	33983	2.171573789474	0.00028863396299274
4	33996	2.171890041914	0.0013798683678379
4	34000	2.172575695444	0.00010485197551358
4	34004	2.172860561481	8.3067494836453e-06
4	34014	2.173540459094	6.3001447744834e-05
4	34024	2.173908784865	3.3706940083167e-06
4	34031	2.174531861492	4.9151160704439e-08
4	34035	2.174877895818	3.6655164010923e-06
4	34045	2.175581356083	1.6397771906001e-05
4	34058	2.175890466394	1.6776544876755e-05
4	34062	2.17661762102	7.6693534312017e-05
4	34066	2.176880262383	6.4696941797633e-05
4	34079	2.177574519501	2.2533294164062e-06
4	34086	2.177840105559	0.00012074090744408
4	34093	2.178563792749	1.5334850065402e-05
4	34097	2.178867582815	3.8987114885785e-07
4	34107	2.179588231883	7.2706097173467e-06
4	34120	2.179882135346	0.0013173881211109
4	34124	2.180591092779	8.5372630342392e-05
4	34128	2.180850020168	6.6656945052371e-07
4	34141	2.18155635193	0.00050667360061775
4	34148	2.181843144558	3.6517134811446e-06
4	34158	2.182602049918	1.5083681940266e-05
4	34162	2.182813418609	0.001412385383204
4	34169	2.183584807996	9.0761967786801e-05
4	34182	2.183848417202	4.2236764903474e-08
4	34189	2.1845864459	1.4630812449761e-05
4	34193	2.184868307945	1.0023183572613e-07
4	34203	2.185613078731	2.9146995750462e-06
4	34210	2.185831917124	6.3384212015615e-07
4	34220	2.18657077006	6.8848433078837e-05
4	34224	2.186806734658	1.4068390608247e-05
4	34237	2.187589867613	0.00022876020417329
4	34241	2.18782374187	0.00056793813978318
4	34251	2.188626427863	2.5408312757775e-07
4	34255	2.188834296258	0.0001113340289447
4	34265	2.189599471078	1.1680175453334e-07
4	34272	2.189795872343	4.8961078613883e-06
4	34282	2.190570551906	0.0046614708033085
4	34286	2.1908226342	5.0135106779351e-06
4	34296	2.191563801355	1.5799563767376e-05
4	34306	2.191868615636	8.6074515799674e-07
4	34313	2.192526018016	0.00011999794267156
4	34317	2.19286067589	7.2861255409737e-07
4	34327	2.193536418824	0.00029826171698697
4	34337	2.193843705998	7.4337686247827e-06
4	34344	2.194511951567	3.7413791078932e-05
4	34348	2.194848384095	8.8038659548014e-05
4	34358	2.195492571281	1.4062887415118e-06
4	34368	2.195806637802	1.3678098828955e-06
4	34372	2.196473024889	1.2049523525434e-06
4	34379	2.196764568273	7.8461494785089e-06
4	34389	2.197452258532	4.2478615869363e-05
4	34399	2.197806905923	2.4280712951792e-05
4	34403	2.198439496222	1.0058172545102e-07
4	34410	2.198770128743	6.0644735566521e-06
4	34420	2.199478851297	0.00021691270179322
4	34430	2.199763127283	4.8899454353468e-05
4	34434	2.20043200529	3.3283793230564e-05
4	34441	2.200796465372	3.3896858768511e-05
4	34457	2.201456006886	4.1481775389007e-10
4	34464	2.201828531201	9.571681188581e-06
4	34468	2.202473321792	2.0760150482291e-05
4	34475	2.202868899129	6.4970708447228e-05
4	34485	2.203457952302	9.0791963079347e-08
4	34495	2.203897986363	0.00027221118595467
4	34499	2.204468457467	0.00022794135056618
4	34506	2.204888074592	7.9106072192021e-08
4	34516	2.205499347598	3.1255963371952e-06
4	34526	2.205875196169	0.000320204542204
4	34530	2.20651178311	1.0566388770844e-09
4	34537	2.206861251071	4.0060979682003e-05
4	34544	2.207469709862	2.2389795705429e-06
4	34557	2.207823262169	5.5790301869833e-05
4	34561	2.208489639792	0.00014418532780677
4	34568	2.208785530114	3.4146703477169e-06
4	34578	2.209458134799	3.1409848468654e-05
4	34585	2.209750601201	0.0063691992873224
4	34592	2.210415377535	0.00031763292148084
4	34596	2.210790466944	0.00016531257871909
4	34606	2.211389120878	1.5069457690656e-06
4	34616	2.21181346457	0.00012007245661481
4	34623	2.212428865894	9.9101970400139e-06
4	34627	2.212788403235	0.00050325521928399
4	34640	2.21342188747	1.2252378629885e-05
4	34647	2.213826518643	2.0581592400712e-05
4	34654	2.214440462595	9.886625952011e-06
4	34658	2.214871392372	5.5336283900581e-08
4	34671	2.21541682098	1.096259911301e-06
4	34681	2.215849449774	9.2829461322713e-05
4	34685	2.216410710013	0.0010286454181628
4	34689	2.216802893642	0.0014703289313231
4	34702	2.217405928114	0.00075846439907223
4	34709	2.217804496567	1.6055454327035e-05
4	34716	2.218366361569	3.9527948464167e-07
4	34723	2.218786721071	2.7237252640999e-08
4	34730	2.21940267711	0.00013800751724489
4	34737	2.219746176169	0.0010496540718853
4	34747	2.220371875922	1.9291297463543e-06
4	34754	2.22075334832	9.6541277973828e-05
4	34761	2.221418068555	6.4939949683234e-08
4	34777	2.221790799451	1.4173319018259e-06
4	34781	2.222394367557	4.9445353553369e-09
4	34788	2.222791799831	6.4618047043898e-06
4	34795	2.223370866205	6.230712288881e-05
4	34805	2.223805617758	8.8268382538198e-06
4	34812	2.224382945836	2.4228877265317e-05
4	34819	2.22484185733	9.8883138025859e-06
4	34826	2.225347425378	0.00010633503150922
4	34836	2.225816718881	7.2636791552717e-05
4	34843	2.226316982879	1.8890388798967e-06
4	34850	2.226794204515	9.1518603886839e-05
4	34857	2.227362819767	4.7437009267677e-05
4	34867	2.227834024078	7.6871678436624e-05
4	34874	2.228411307601	1.3076639357334e-06
4	34881	2.228817644229	0.00068628686272574
4	34891	2.229384437958	1.1387054899344e-08
4	34898	2.229845381324	9.7361346205823e-06
4	34905	2.23037182512	3.5861480691663e-06
4	34912	2.230810836219	1.3655871533065e-05
4	34919	2.23135125339	4.9190971163787e-06
4	34929	2.231806101477	0.0056783689591976
4	34936	2.23233004959	3.018243352955e-05
4	34943	2.232836421475	1.2964498816775e-06
4	34950	2.233322291719	5.30273195046e-07
4	34960	2.23380457204	4.4169228895983e-06
4	34967	2.234277143437	9.5435166330324e-06
4	34974	2.234810629587	8.3473111509082e-05
4	34978	2.235240344637	6.9458235013055e-08
4	34988	2.235834944294	2.9388045670519e-07
4	34998	2.236226146577	2.8586514702164e-06
4	35005	2.236870833747	5.0000275256903e-07
4	35012	2.237196350183	2.2802627506274e-05
4	35019	2.237875417318	7.5589928002492e-07
4	35029	2.238185680568	9.8085912905556e-07
4	35036	2.238909625042	7.8534290660489e-05
4	35043	2.23921084887	5.6794924424615e-08
4	35047	2.239903819854	1.7852122611024e-06
4	35057	2.240211755695	2.7414901175481e-05
4	35067	2.240911776067	2.0968019111006e-06
4	35071	2.241239443346	7.3619722875451e-07
4	35084	2.241925022376	5.2449764372983e-05
4	35094	2.242231515597	1.0013682646437e-06
4	35101	2.242955115748	2.3358840445107e-05
4	35105	2.243209231793	2.9563153664238e-05
4	35115	2.243958455441	0.00056486608991258
4	35119	2.244199528114	0.00027399138782618
4	35132	2.244982849325	2.8419281238006e-05
4	35139	2.245178819625	0.00011236067329346
4	35146	2.246029721936	1.3181665438519e-05
4	35153	2.246186157408	8.8707013283244e-05
4	35163	2.247045639901	1.4701612405428e-05
4	35170	2.247230542683	0.0010138602723635
4	35180	2.247999673867	8.2537162334888e-06
4	35184	2.248196437351	0.001946440261188
4	35194	2.249019479633	0.00016766936755103
4	35201	2.249201541638	4.8306012626698e-06
4	35208	2.249970181828	3.3035830212591e-06
4	35217	2.250199552803	0.00017851896716042
4	35227	2.2509406669	9.3538644709139e-07
4	35231	2.251182670712	3.4422813609416e-07
4	35238	2.251944412479	6.5590824103073e-06
4	35248	2.252142745759	3.2601472789109e-05
4	35258	2.25296365977	0.00012939976366984
4	35262	2.253114978886	6.252586340972e-05
4	35269	2.253927446436	1.6586347987514e-06
4	35279	2.254159048045	4.4580736813575e-06
4	35289	2.254935538937	1.5649848243943e-06
4	35293	2.255140325995	2.2329906526703e-05
4	35303	2.255972948185	1.1869910546855e-06
4	35310	2.256148236123	3.0857089627402e-05
4	35320	2.256935718648	0.00042481230267632
4	35324	2.257104009176	7.5640891157258e-09
4	35337	2.257915003537	9.896208145576e-07
4	35341	2.258111928989	1.7904135573688e-05
4	35351	2.258935455101	0.00010413336339887
4	35355	2.259156399778	0.00033071882305389
4	35368	2.259941021988	5.0090721253782e-05
4	35372	2.260184426427	2.128736178548e-05
4	35379	2.260918644975	6.3157546001228e-05
4	35389	2.261145578405	1.9888336553077e-06
4	35399	2.261868686988	1.275329474993e-06
4	35406	2.262178136093	3.6610443658789e-07
4	35413	2.262850706421	4.7598161869911e-07
4	35423	2.263173702063	8.2811775266549e-06
4	35427	2.263827311564	1.2890084738218e-06
4	35437	2.264156891244	0.00027192870425225
4	35444	2.264831732146	3.8378316998684e-06
4	35454	2.265150547254	9.433573776686e-06
4	35458	2.265798118304	1.2372813382538e-07
4	35468	2.26615753255	1.9737337615325e-09
4	35475	2.266813616526	6.3149596415387e-05
4	35482	2.267171465547	1.9544328675431e-05
4	35489	2.267835645581	6.0297911546334e-06
4	35499	2.268157692978	6.6495184317507e-06
4	35503	2.268830247841	2.0257228890064e-08
4	35510	2.26911758263	1.0510825265062e-06
4	35523	2.269807725017	8.8140156712775e-09
4	35530	2.270100838412	1.8731160355697e-06
4	35534	2.270780661114	3.6493381961175e-08
4	35544	2.271139640778	5.6860229222812e-07
4	35554	2.271783552518	3.8817266516335e-06
4	35561	2.272177491682	0.00070119675645696
4	35565	2.272783021765	7.5082847280328e-05
4	35575	2.273207565784	9.4605206380509e-06
4	35585	2.273764656716	5.5742493039144e-05
4	35592	2.274165867818	1.7512409298623e-05
4	35596	2.274757504425	0.00012404709300704
4	35606	2.275200780443	1.1202674968656e-07
4	35613	2.27575264963	4.9011779446019e-05
4	35623	2.276184005509	2.1008811850405e-06
4	35627	2.276771557739	0.00063987103117242
4	35631	2.27719216778	6.0295093905249e-06
4	35644	2.277734723172	9.9368350225873e-05
4	35654	2.278208389628	4.3665733098841e-05
4	35658	2.278754328666	6.2708948252104e-10
4	35662	2.279209966385	6.5796985363643e-07
4	35672	2.279728831837	1.533559376634e-07
4	35685	2.280243846629	1.93382367247e-05
4	35689	2.280718998957	9.5670656577697e-05
4	35699	2.281260255687	1.0955069065146e-07
4	35712	2.281690775899	3.5423712144117e-06
4	35716	2.282216861575	3.2802447940551e-06
4	35723	2.282717457981	0.00010310890371375
4	35727	2.28317531845	2.1188149570879e-06
4	35737	2.283669412028	5.6733490849983e-05
4	35747	2.284186411259	9.5343560032775e-06
4	35754	2.284706885066	1.482652761528e-08
4	35758	2.285145483648	5.44096309127e-07
4	35768	2.285743951267	5.7069881351009e-06
4	35778	2.286191544172	3.8848518242889e-05
4	35785	2.286715253247	0.00012280613514628
4	35789	2.287210594364	2.5105257018902e-07
4	35799	2.287716021768	0.00012805604592296
4	35809	2.288238742973	2.5089846920848e-06
4	35816	2.288724127615	0.0005741701834806
4	35823	2.289212338044	8.0155632969914e-07
4	35830	2.289686418331	0.011441749652848
4	35840	2.290225129744	2.850503969179e-07
4	35847	2.290730926993	1.5937174642595e-07
4	35854	2.291248011389	1.7306056530211e-06
4	35861	2.291779295231	1.6538222738746e-09
4	35871	2.292281410187	0.00013329653525789
4	35878	2.292744338331	0.00012641839090576
4	35885	2.293296549822	2.771459709318e-05
4	35892	2.293698743799	0.00021415935815228
4	35905	2.294327423703	1.6840679517842e-05
4	35909	2.294657101836	1.2780811584333e-06
4	35916	2.295339424204	0.00010036234761739
4	35920	2.295663316367	8.8569143911435e-07
4	35933	2.296317273008	1.2975754843392e-06
4	35940	2.296671524356	1.7441491194832e-05
4	35947	2.297339526083	1.7629239449729e-07
4	35954	2.297712010172	6.9409688515266e-06
4	35964	2.298351951201	8.6686038510056e-06
4	35971	2.298673982235	5.2781876336792e-05
4	35978	2.299347087909	1.0828662460587e-06
4	35985	2.299716710817	2.2628956280018e-05
4	35995	2.300334335751	1.2969721062335e-05
4	36002	2.300717813982	1.8933348054689e-08
4	36009	2.30128603308	2.0019322327118e-07
4	36016	2.301764340601	1.7954020738881e-07
4	36029	2.302319853881	3.5872465964913e-09
4	36033	2.302775350883	0.0001359116080406
4	36043	2.303335095329	1.5599971655134e-05
4	36047	2.303773184756	0.00015722653837234
4	36060	2.304288382806	0.00015153558971431
4	36067	2.304760965077	9.3619767501785e-07
4	36074	2.305271518867	1.3630227158717e-05
4	36081	2.30580624542	0.00015382912435525
4	36088	2.306243988484	7.7550060175179e-06
4	36101	2.306786827301	5.3709623507288e-07
4	36105	2.307249055533	3.1078788508974e-05
4	36109	2.307813632679	1.3219125084989e-07
4	36122	2.308282714777	4.0821794241414e-05
4	36132	2.308795315649	5.1373433360161e-05
4	36136	2.309239246948	1.0649840563657e-05
4	36140	2.309750184549	4.133023421847e-05
4	36150	2.310264927918	8.8314203191541e-05
4	36157	2.310727015131	1.5975491783588e-06
4	36167	2.311215564312	4.2053612176124e-07
4	36171	2.311770590988	5.2302719734208e-05
4	36181	2.312208853768	7.6998757329476e-06
4	36191	2.312795111853	2.7517184488705e-05
4	36198	2.313174901017	3.6674112880692e-05
4	36205	2.313793449643	6.402043040718e-05
4	36212	2.314171715993	4.2636415265504e-07
4	36222	2.314812895597	7.7994553030133e-06
4	36229	2.315133356155	4.9230721624899e-06
4	36236	2.315777616944	6.5406408129069e-07
4	36243	2.316159670379	0.00017484683012132
4	36253	2.316793534849	2.4040904338585e-05
4	36260	2.317126285834	3.6469420488454e-06
4	36267	2.317751275151	0.000228076571316
4	36271	2.318145414908	2.0871856589695e-06
4	36284	2.318748368743	1.5154314120665e-06
4	36291	2.319163788761	6.8701982636553e-05
4	36298	2.319742791685	9.2420045092193e-06
4	36305	2.320171347711	0.00083434855350028
4	36315	2.320720540019	4.2165235284357e-06
4	36322	2.32117026118	0.00023686843914164
4	36329	2.321722333143	0.00014737526430099
4	36336	2.322211388857	7.2053201976697e-07
4	36349	2.32275053011	3.6878191565075e-05
4	36356	2.323177690616	8.5880837275478e-05
4	36363	2.323709306537	1.5782245755234e-05
4	36370	2.324135279162	1.4572573273116e-08
4	36380	2.324669958679	0.0031676845585718
4	36384	2.325112594711	3.8273819336088e-06
4	36394	2.325716738362	2.1619816056717e-06
4	36401	2.326088938181	2.8137150164319e-05
4	36411	2.326671209734	0.00012280109983451
4	36415	2.327122883461	2.9463603759729e-05
4	36425	2.327680126698	3.8210247943107e-08
4	36432	2.328146708418	7.2971345386892e-08
4	36442	2.328724446188	8.2376020553168e-05
4	36446	2.329146624677	5.2720052007747e-05
4	36456	2.329710562628	1.6814714065805e-05
4	36463	2.330107186031	2.6245322726167e-05
4	36473	2.330712447026	0.00011586519295867
4	36477	2.331112322164	0.0052894865360103
4	36487	2.331729402424	0.000982953354754
4	36494	2.332069473613	1.9494552658011e-05
4	36504	2.332726470948	2.7187091450721e-05
4	36508	2.333108419473	5.5481468259994e-09
4	36518	2.333716978464	7.2339604918426e-06
4	36525	2.334146623989	0.0010372753471096
4	36532	2.334746391296	6.9386395511956e-05
4	36545	2.33517248006	1.1365090167997e-07
4	36549	2.335735343035	4.2503235424775e-06
4	36556	2.336182684116	9.3356664697883e-07
4	36563	2.336777473154	1.3390266546604e-06
4	36576	2.337221576124	3.2130839775952e-05
4	36580	2.337771009275	2.8716467961387e-06
4	36587	2.338211913109	6.0049824588464e-05
4	36591	2.338739103732	2.8498203141676e-05
4	36607	2.33919459265	1.1006083534009e-08
4	36611	2.339785230176	0.00014509781009973
4	36618	2.340175412011	0.0013791287111406
4	36628	2.340834428468	1.9782410996677e-07
4	36638	2.341192732948	9.3630749916055e-07
4	36645	2.341845397546	4.2451869285332e-06
4	36649	2.342145773697	0.00013694047121504
4	36659	2.342839769882	9.8007399202909e-05
4	36672	2.343192852407	1.7332931580425e-07
4	36676	2.343877088616	7.9859584653266e-06
4	36683	2.344207134782	4.403615193944e-05
4	36693	2.344918589584	8.675765486582e-08
4	36700	2.345181047601	0.002162072978264
4	36710	2.345917474976	0.00085668718958613
4	36714	2.34622453195	7.9468365704919e-05
4	36724	2.346921366906	3.525728601457e-06
4	36731	2.347177234383	9.5443798495974e-08
4	36741	2.34795669112	9.6015036711679e-06
4	36745	2.348136763228	8.7822189292657e-06
4	36758	2.348998427491	5.7123570397987e-06
4	36762	2.34910802076	1.7209582974055e-05
4	36772	2.350005507067	0.001031217161425
4	36776	2.350082903958	5.1714833321735e-08
4	36786	2.350958207821	3.7382860712268e-07
4	36793	2.351060892628	2.0804983918704e-06
4	36803	2.35194400744	1.9148224176801e-07
4	36807	2.352099063528	1.0496246890094e-05
4	36820	2.352947139197	1.2223819689679e-06
4	36824	2.353074776651	7.8115799477873e-05
4	36834	2.353907831654	1.1589748688173e-06
4	36838	2.354029877273	3.3200615031356e-08
4	36848	2.354917099486	0.0001247791865818
4	36855	2.354987504354	1.6696759318121e-06
4	36865	2.355896803518	6.8144678616485e-06
4	36869	2.355959562297	0.00029302035023307
4	36879	2.356871013844	1.3880172343325e-09
4	36886	2.356934457455	8.3357193438415e-08
4	36896	2.357874541591	1.2857235708284e-05
4	36900	2.35790147005	4.7192095697211e-06
4	36910	2.358914416473	0.0023107138262071
4	36914	2.358933574655	0.00033377480531539
4	36927	2.359929720677	7.2988267718871e-05
4	36931	2.359966888152	0.00077732194434098
4	36941	2.360931459699	1.1323907477397e-06
4	36945	2.360981834678	5.2156270785592e-06
4	36958	2.361881512727	0.00072456746317444
4	36962	2.362008748738	2.1524256242357e-06
4	36978	2.362898542158	0.00017331246188718
4	36982	2.363019401095	3.6661978676531e-07
4	36989	2.363870478699	2.9876274128335e-05
4	36996	2.364046315395	2.4804798737975e-07
4	37009	2.364879609942	1.5224949831416e-05
4	37016	2.365077552834	0.00013627210790815
4	37023	2.365865498626	4.8876032095022e-08
4	37027	2.366094512319	1.5541466020061e-05
4	37037	2.366862966175	2.7840443858466e-06
4	37047	2.367128443487	2.4859391260616e-05
4	37054	2.367817534989	3.5662103491148e-06
4	37058	2.368094852354	0.00090929074516381
4	37068	2.36881346535	0.0011895722719812
4	37075	2.369072960163	0.00043783850791073
4	37085	2.369846438639	4.114725907911e-06
4	37089	2.370050411479	1.6666227459954e-05
4	37099	2.37081057344	8.8578619325727e-06
4	37103	2.371036162262	0.00026037181220118
4	37116	2.371789551916	2.1298489519221e-05
4	37120	2.372030779852	3.9110022846262e-05
4	37130	2.372754323023	1.3104200270818e-07
4	37137	2.373021981313	1.5447017295141e-06
4	37147	2.373730348481	0.0010774599906188
4	37151	2.374037982346	0.00031483242140225
4	37161	2.374738427806	4.3468198318224e-06
4	37168	2.375079081743	4.3022154457359e-07
4	37178	2.375700511826	0.00044971159090045
4	37182	2.376089729986	8.2155833280702e-07
4	37192	2.376739217781	2.3235223880388e-05
4	37199	2.377056527595	3.3055285371982e-05
4	37209	2.377744388758	1.7956082840254e-05
4	37213	2.378011998694	4.5930343526199e-06
4	37223	2.37873190097	0.00013689790916502
4	37227	2.37902688136	0.0037853838461148
4	37240	2.379689861874	0.00078106348063473
4	37244	2.38004319842	1.5096946349186e-06
4	37254	2.380686571396	3.1594786518323e-05
4	37258	2.381077626473	0.00021709477904906
4	37271	2.381679547091	1.0417873180657e-05
4	37281	2.382048844974	1.6228078075032e-05
4	37288	2.382662713429	0.00017005715592659
4	37292	2.383067504141	2.282373080479e-06
4	37305	2.383649221252	3.1741861768329e-05
4	37309	2.384045521602	7.7452129132601e-06
4	37319	2.384647995308	0.00041815300982393
4	37323	2.385017311026	1.66208962754e-05
4	37336	2.385695098545	4.6709142833777e-08
4	37343	2.386065324347	4.6720512938806e-06
4	37350	2.38672300123	0.00020941792949777
4	37354	2.387099433989	6.7871725970562e-05
4	37367	2.387686160172	0.00011477041011592
4	37371	2.388105484748	2.3436436421222e-06
4	37381	2.388648393157	5.3076875898923e-09
4	37385	2.389059666567	0.0018558705969687
4	37398	2.389625293411	2.4216495668588e-05
4	37405	2.390070429273	0.00061902130667866
4	37412	2.39063648568	3.5460083158382e-05
4	37416	2.39102816848	0.0002845016720617
4	37429	2.391615544255	5.2806913542007e-06
4	37436	2.392064926206	5.4428801943081e-06
4	37443	2.392588347294	9.9798807060665e-05
4	37447	2.393088976549	5.2927390983175e-05
4	37460	2.393548310265	9.446721183814e-05
4	37467	2.394089287248	5.6849496202294e-05
4	37474	2.394499350691	2.0909313454881e-08
4	37481	2.395078639444	1.1624679137249e-07
4	37488	2.395484292942	5.8653865298514e-07
4	37498	2.396045296023	4.490202936608e-06
4	37505	2.396438159412	1.2722245324211e-06
4	37509	2.397021199266	0.0022169666117716
4	37519	2.397484081588	1.3471781534379e-06
4	37529	2.397980708581	9.4471321977636e-06
4	37536	2.398478742966	2.5028619539417e-06
4	37540	2.398989320799	1.6518092409259e-07
4	37550	2.399501310581	1.6752088523287e-06
4	37560	2.400037967614	4.5750624436308e-06
4	37567	2.400526988063	3.8315671911445e-06
4	37577	2.40104989549	7.9555485693688e-05
4	37581	2.401490814148	0.0029534763358104
4	37594	2.402006627099	1.3166361674727e-06
4	37598	2.402520481362	5.7794605567878e-05
4	37608	2.402967999523	3.0617724353034e-05
4	37615	2.403478267297	1.1127432573611e-05
4	37625	2.403948274524	0.00016638698113602
4	37629	2.404440936584	0.00061956816374779
4	37639	2.404925034596	9.7137185929259e-06
4	37646	2.405457270935	9.8670473318544e-05
4	37656	2.405922613129	0.00011335137749347
4	37660	2.406484501295	4.6530658042099e-09
4	37667	2.406936094502	6.3207253589167e-05
4	37680	2.407514995813	9.445766358171e-05
4	37684	2.407906694096	3.1049934381121e-05
4	37691	2.408562886081	1.0875000418168e-07
4	37698	2.40892447918	3.9607417648598e-07
4	37711	2.409524728019	1.7494064288731e-06
4	37715	2.40987496175	2.25068620461e-08
4	37725	2.410558799011	0.00011466091190586
4	37729	2.410892671528	2.6679546710132e-05
4	37742	2.411559391619	0.00035405253528166
4	37746	2.411902307344	3.0471527508649e-05
4	37756	2.412559605381	2.6454830712489e-06
4	37763	2.412862330621	6.2129245097394e-05
4	37773	2.413515128911	0.00014407702951109
4	37777	2.41388971758	0.0017631238875815
4	37784	2.41447733373	0.00013372492885693
4	37797	2.414934563729	5.3359120152188e-05
4	37804	2.415519745125	2.7548219677763e-05
4	37808	2.415950772008	1.351513495882e-06
4	37815	2.416541206951	3.3965879163072e-05
4	37828	2.416951196501	0.0001825880977835
4	37835	2.417500915284	8.0279046451345e-08
4	37839	2.417907581373	7.8211007365632e-08
4	37846	2.418528441511	4.2080546892924e-05
4	37859	2.418889551281	1.0039338086686e-05
4	37866	2.419535680956	3.8808975171414e-06
4	37870	2.419914706605	8.0286970379945e-05
4	37877	2.420550736146	6.6680930171131e-06
4	37884	2.420900667422	4.5347651402112e-09
4	37897	2.421522200161	2.8237172825028e-05
4	37901	2.42185631243	0.00023247926518195
4	37911	2.422481962875	0.00030875666549006
4	37921	2.422863634803	3.1706369786999e-07
4	37931	2.423504480158	2.2639119187491e-06
4	37935	2.423821092644	3.6908494569703e-06
4	37942	2.424550564732	0.00052652224321221
4	37946	2.424825010655	2.80626266696e-05
4	37962	2.425576638057	1.0185439538894e-05
4	37966	2.425779646584	9.0665948661802e-05
4	37973	2.426591608586	0.0021748492333456
4	37977	2.42676719774	1.083295934741e-06
4	37993	2.427592862636	1.6507966030287e-06
4	37997	2.427746545637	6.6842775773298e-06
4	38004	2.42862337496	0.00012228741484507
4	38008	2.428737759026	1.2548100299834e-05
4	38024	2.42959946577	3.7210154981795e-05
4	38028	2.429695476062	6.2799469918438e-06
4	38035	2.430565848111	0.00024164254620937
4	38039	2.430666706095	6.2209458541113e-05
4	38055	2.431530622574	2.033933245026e-07
4	38059	2.431698037304	1.0352390946706e-06
4	38066	2.432576859211	0.00068716449735278
4	38076	2.432734980513	0.00010751378094535
4	38086	2.433569927848	0.000390850085159
4	38090	2.4337755885	9.7055416516376e-05
4	38097	2.434521639979	9.0238528150113e-06
4	38107	2.434801147864	5.4033288720239e-05
4	38114	2.435552472398	0.0011032152703405
4	38121	2.435778785396	0.00018010251235559
4	38128	2.436558199933	6.3131776547761e-06
4	38138	2.436816001689	7.8666958332811e-05
4	38145	2.437598385939	0.00018281351932958
4	38152	2.437854032706	0.00010170322478076
4	38159	2.438565636407	0.0018953128566567
4	38169	2.438817273812	1.0745842126332e-05
4	38179	2.439579184518	2.6481222091784e-05
4	38183	2.439865690614	5.8154921567418e-06
4	38193	2.440614853143	9.1314064184196e-06
4	38200	2.440878434794	9.5890495959663e-06
4	38210	2.441606461774	0.0021048056633514
4	38214	2.441875796786	5.7504773451196e-05
4	38224	2.442559201437	9.4498444170873e-06
4	38234	2.442900310481	4.8303246215641e-05
4	38244	2.443607217203	5.8871972515818e-05
4	38248	2.443945018337	2.0691919996656e-06
4	38258	2.444644664379	0.00090138706893178
4	38265	2.444991310328	3.503347517517e-05
4	38275	2.445685561647	0.00019783398533139
4	38279	2.445963927227	3.7357236385741e-07
4	38289	2.446721735474	4.9142441265522e-06
4	38296	2.447010464989	0.00085114251431659
4	38306	2.447751171136	1.2365172304353e-05
4	38310	2.448047051584	5.0455893494516e-05
4	38317	2.448768659417	2.9229723171854e-05
4	38324	2.449060094966	1.5423273491161e-05
4	38337	2.449727563298	3.8851148696966e-05
4	38341	2.450033476009	3.1055240213658e-07
4	38348	2.450765536294	8.3961501049005e-06
4	38355	2.451077336416	3.1091423114932e-07
4	38368	2.451807557703	0.0017291566731459
4	38372	2.452115458605	4.7268442008943e-06
4	38379	2.452770779249	2.4607342829205e-05
4	38386	2.453102396085	6.7241932647103e-05
4	38399	2.453761041265	0.00015426244035198
4	38403	2.454076231569	4.8779408368905e-06
4	38410	2.454775114807	0.00012929961036216
4	38417	2.455067102806	1.0514815531929e-06
4	38430	2.455796478943	4.8812795943128e-05
4	38434	2.4560176708	0.00036027202714385
4	38441	2.456834563372	1.5276521155244e-06
4	38448	2.457005132219	3.4559230442998e-06
4	38461	2.457815677177	2.6812459735322e-05
4	38465	2.45801335762	0.00041583314883436
4	38475	2.458847036293	0.00019070331426863
4	38479	2.459005540609	2.7476786120078e-06
4	38492	2.459853544305	1.8816558818793e-05
4	38499	2.460007770329	6.5378855782842e-05
4	38506	2.460814674389	5.0268738814339e-07
4	38510	2.461052441759	0.0024427174413292
4	38523	2.461816159936	0.0001081436691599
4	38533	2.462040402917	1.9117337002799e-05
4	38537	2.462828020835	1.2601897687984e-05
4	38544	2.463068521363	7.5770724610236e-07
4	38554	2.463829499488	0.00015629903500636
4	38564	2.464082211387	3.8645546663052e-06
4	38568	2.464842192165	0.00038451104545491
4	38575	2.465045151937	1.7326173476113e-05
4	38588	2.465821481058	1.8696357133737e-05
4	38595	2.466036955019	8.5052897941957e-07
4	38599	2.466779336155	7.3896328529121e-05
4	38603	2.467083223785	1.0109444295831e-08
4	38619	2.467795778522	1.514950228276e-06
4	38626	2.468120517132	1.5087274296341e-06
4	38630	2.468776085619	8.1293362111598e-06
4	38637	2.469115423052	4.6362098477856e-07
4	38650	2.469786941775	1.3256358548348e-05
4	38657	2.470114724355	6.78232877771e-07
4	38661	2.470808395899	8.4847200666754e-05
4	38674	2.47115091846	0.0027792526715052
4	38681	2.471833242005	5.3425005344686e-05
4	38688	2.472200274685	0.00087264936613468
4	38692	2.472846743872	8.8632008947153e-07
4	38705	2.473247166896	9.3690131154826e-05
4	38712	2.473870386759	9.547070735103e-05
4	38719	2.474294762464	0.00031678614982914
4	38723	2.474841387666	5.1791633027641e-07
4	38736	2.475338840364	2.8643554043693e-07
4	38740	2.475862855579	0.0003379521992574
4	38750	2.476316520876	6.9010696927742e-07
4	38754	2.476829294344	0.00015813225077531
4	38767	2.477358554341	1.7248655126815e-05
4	38774	2.477810692643	1.6954204928669e-05
4	38781	2.478383528434	1.6922624928093e-05
4	38788	2.478849910981	2.0097100732814e-07
4	38798	2.479367137682	5.0812757463344e-08
4	38805	2.479897829592	3.3444408206155e-06
4	38809	2.480325701961	6.4087470793386e-08
4	38819	2.480947077649	0.0039514153154836
4	38826	2.481320900183	7.7549689158696e-08
4	38836	2.481981068436	1.5869668385498e-06
4	38840	2.482283071485	8.5543617278143e-06
4	38853	2.482973242335	0.00010601388229108
4	38860	2.483303812742	4.3207264588067e-07
4	38870	2.483972007974	9.1379425370492e-05
4	38874	2.484263426428	0.00015752065498143
4	38884	2.484942944814	3.9687079434374e-05
4	38891	2.485288738934	1.7089669500091e-05
4	38901	2.48591894036	1.4680335410236e-06
4	38905	2.486254558911	0.00036286220860863
4	38918	2.486883054393	0.00037544753592886
4	38922	2.487243885032	0.00093062415706937
4	38932	2.487885439448	5.4171227575182e-06
4	38936	2.488262069432	3.6149841712117e-07
4	38949	2.488911316571	9.0769799780339e-08
4	38953	2.48928398397	4.3272289607007e-08
4	38963	2.48995881227	0.00016668583333008
4	38970	2.490315051837	2.1808236566163e-05
4	38977	2.490951583556	1.5472183272738e-05
4	38984	2.491285219388	5.7352964150427e-05
4	38994	2.491952669096	2.0252348436866e-07
4	38998	2.492256628423	1.0538618106726e-06
4	39008	2.49295292544	0.00014545604007968
4	39015	2.493224177186	5.8337866722173e-05
4	39025	2.493929046456	8.6717375925538e-06
4	39029	2.494214446279	2.4320043526109e-07
4	39039	2.494888372138	0.0004959399676907
4	39046	2.495198299823	0.00020784107368882
4	39056	2.495850998491	9.0515377615656e-05
4	39063	2.496188759046	5.7074108754433e-05
4	39070	2.496860795624	4.0750732682455e-05
4	39080	2.497222787154	1.4063388914371e-08
4	39087	2.497872902291	3.8440304036431e-05
4	39091	2.498222901604	3.3787205964144e-06
4	39101	2.498893193459	8.7800918599129e-06
4	39111	2.499223963233	7.2253582892294e-05
4	39118	2.499879361252	5.3394242015325e-05
4	39124	2.500267342924	1.1381297304797e-05
4	39134	2.500847619761	1.5549249133241e-05
4	39147	2.501285835376	0.00029303292188712
4	39151	2.501889187923	0.00033744449132881
4	39155	2.502316832205	5.8845143049777e-05
4	39165	2.502847352015	5.4444978825621e-07
4	39178	2.503356432732	6.6536209907943e-07
4	39185	2.503809430959	0.00012042975748339
4	39192	2.504361338866	0.00028451387833704
4	39196	2.504855959612	1.626887494911e-07
4	39212	2.505316362506	4.2244545114525e-07
4	39216	2.505860910585	1.8585340407202e-06
4	39223	2.50636050537	5.1883615807236e-06
4	39227	2.506863249604	0.00026372063899098
4	39240	2.507339534031	9.0361092822555e-05
4	39247	2.507837380952	7.6946045973137e-08
4	39254	2.50831340356	2.4472871277335e-05
4	39258	2.508865850817	1.1430811776355e-05
4	39274	2.509363241731	4.9548655278999e-06
4	39278	2.509830187168	6.3322801994976e-09
4	39282	2.510359459213	1.2747847125332e-06
4	39289	2.510853194906	3.4079035989327e-06
4	39302	2.511328093426	0.0050246316136917
4	39309	2.511853085114	5.2159817751306e-05
4	39316	2.512310251472	7.4189312811514e-06
4	39320	2.512866967408	0.0025574530000494
4	39333	2.513295062234	3.3183604629767e-06
4	39340	2.5138643036	4.2248958698222e-06
4	39344	2.514268010423	0.00010163894610762
4	39351	2.514894125663	8.3749739857687e-06
4	39361	2.51523051919	3.5797131265023e-05
4	39371	2.515922926574	1.0109473321246e-05
4	39375	2.516215980818	2.3901338025634e-07
4	39382	2.516944853826	6.6744155116442e-07
4	39389	2.51717631221	9.2778401281102e-06
4	39402	2.517910467165	0.00015832250224729
4	39406	2.518208348081	3.7138154594509e-05
4	39413	2.518868340548	9.389056643845e-06
4	39423	2.51923969931	1.0589434441918e-06
4	39433	2.519844287396	3.4844758217338e-07
4	39437	2.520190654652	3.4636928971939e-05
4	39444	2.520856763178	3.0794783551601e-06
4	39451	2.521193496962	7.1882783891264e-07
4	39464	2.521894656955	4.4519853979183e-06
4	39468	2.522229395613	2.4665374176672e-05
4	39478	2.522875591486	2.3899908378763e-06
4	39485	2.523238648286	6.9115288235874e-07
4	39498	2.523891535483	9.007014449617e-05
4	39502	2.524283419348	1.4355646079356e-05
4	39509	2.524852928081	1.2242843498534e-07
4	39516	2.525325989393	1.9977573728943e-07
4	39529	2.525838626674	0.0010030512498684
4	39533	2.526355180966	0.00032992963973245
4	39540	2.52687983793	0.00032946852960468
4	39547	2.527392147455	2.0057248788316e-06
4	39560	2.52786243611	3.5865926973832e-06
4	39564	2.528422716668	6.782320097764e-05
4	39571	2.528910227696	4.7833077618447e-05
4	39578	2.529373334675	3.2457459624685e-07
4	39591	2.529938101414	0.00038144516392432
4	39598	2.530349869251	1.1015081668013e-06
4	39602	2.530955114187	3.9886021274653e-07
4	39609	2.531363478673	1.8631711831979e-06
4	39622	2.531928525497	1.8668724904281e-06
4	39629	2.532344036866	1.3981768749747e-06
4	39633	2.532893355572	3.3366899110264e-05
4	39637	2.533386186691	2.3932912145194e-06
4	39653	2.533933573887	6.9116495476822e-05
4	39660	2.534369390035	6.0472182781501e-08
4	39664	2.534902230437	8.6286263955665e-06
4	39668	2.535378846894	1.0730461502617e-07
4	39684	2.535902505783	1.5662853175712e-06
4	39691	2.536349589211	5.3968475216715e-06
4	39695	2.536915283073	6.3287048165092e-05
4	39699	2.537323694222	0.00017356598301132
4	39715	2.537910610168	2.977021843802e-05
4	39722	2.538315794068	0.00022797156175196
4	39726	2.538919475268	3.3787967910975e-05
4	39730	2.53928849483	3.2648509607803e-07
4	39743	2.539936441529	7.6812614375309e-06
4	39753	2.540311047759	6.7400635548116e-06
4	39757	2.540969049502	6.1440957842075e-05
4	39764	2.54133466745	6.1544154323757e-07
4	39777	2.542016909729	4.6392189554312e-11
4	39787	2.542323166451	1.5167763855297e-05
4	39791	2.542975883882	2.0826838073139e-05
4	39798	2.543340915912	6.2164653568676e-07
4	39811	2.543926232937	6.0113593851125e-05
4	39818	2.544330136422	7.6060761689239e-05
4	39822	2.544894265678	0.00014820120020187
4	39826	2.545298292017	2.9465739274039e-05
4	39839	2.54592524321	0.0061631332327299
4	39849	2.546281269756	1.8376878520482e-07
4	39853	2.546943676594	9.8675554320762e-05
4	39860	2.547301546623	5.6163015695898e-08
4	39873	2.547976323858	9.1463795545131e-06
4	39880	2.548338680043	8.6322813060096e-05
4	39884	2.548969012782	0.00067008287588069
4	39891	2.549349272943	2.1245117236403e-05
4	39901	2.549951504174	8.089541224323e-08
4	39911	2.550351378764	0.00033715877870709
4	39915	2.550934516651	6.5868766342915e-06
4	39919	2.55136084361	9.7761260081584e-05
4	39929	2.551914867364	3.6622030520636e-08
4	39939	2.552370085169	1.6400117755402e-05
4	39946	2.552919195194	2.5645008888057e-07
4	39953	2.553361011126	6.0757618698304e-06
4	39963	2.553916086801	2.5888160894885e-05
4	39970	2.554368943558	0.00030210867029072
4	39977	2.554932001594	4.3453691725944e-06
4	39984	2.555377658342	0.00036322405530914
4	39994	2.555938098543	0.00011561708898617
4	40001	2.556350876792	0.0019024587199392
4	40008	2.556978804467	6.1025318807437e-05
4	40015	2.557339330366	4.7627587467245e-06
4	40025	2.557956770008	2.0190754990981e-05
4	40032	2.558317474343	0.00019914002514507
4	40039	2.558941832975	3.2102692690435e-05
4	40046	2.559366968038	4.1511739761395e-07
4	40056	2.559933739339	0.00062321455490019
4	40063	2.560333547288	9.7458892307427e-08
4	40070	2.560892999856	0.0010171254673537
4	40077	2.56129456987	0.00019730012410081
4	40087	2.561899907143	6.8665452758218e-06
4	40094	2.56234451088	1.5225789591903e-06
4	40104	2.562914240452	0.023253358779601
4	40111	2.563387100744	1.5520894596063e-06
4	40121	2.563873239971	0.0023767066443665
4	40128	2.564431955347	1.4176168685579e-07
4	40135	2.564867329591	1.2621309602384e-05
4	40142	2.565403962199	3.0134432339427e-05
4	40152	2.565822343161	2.9477305589897e-07
4	40159	2.566387884646	0.00011733157835848
4	40166	2.566821168782	3.9574448331893e-06
4	40173	2.567409779889	0.00025969646924976
4	40183	2.567776524072	4.2110494111851e-05
4	40193	2.568423053573	3.2308559144689e-05
4	40197	2.568746565666	0.0001822638676754
4	40204	2.569431351404	3.8892418538059e-07
4	40214	2.569785756361	5.8213211907419e-09
4	40224	2.570475147051	7.4392896348365e-07
4	40228	2.57083321086	0.00039480119626047
4	40238	2.571497597728	0.0001943606176392
4	40245	2.571857414405	4.659053588594e-08
4	40252	2.572501348688	3.5780103276966e-07
4	40259	2.572830988651	0.00037152743507229
4	40272	2.573494590507	0.001092817061677
4	40276	2.573850609224	0.0027209439100849
4	40283	2.574510195138	2.226309097122e-10
4	40290	2.574831001081	8.5017686687281e-05
4	40300	2.575518432679	5.0295777241896e-05
4	40307	2.575786438533	8.0426049769156e-05
4	40314	2.576552533692	1.428436463842e-08
4	40321	2.576774212918	0.00037426272408154
4	40334	2.577563498166	0.0002617514771536
4	40338	2.577814990837	8.8391209754477e-05
4	40345	2.578521288613	6.7226737309833e-05
4	40352	2.578793065893	7.4927994890903e-05
4	40362	2.579554676807	0.00036281620325988
4	40369	2.579812728281	6.3478469981352e-05
4	40379	2.58058158109	4.5374498194278e-07
4	40383	2.580858065882	1.3277715566442e-05
4	40393	2.581602818067	1.3352546304018e-06
4	40400	2.58184792251	1.0206043241799e-05
4	40413	2.58257967155	0.00056559446752862
4	40417	2.582840625436	9.2321595060576e-05
4	40427	2.583551516564	3.7856817955812e-05
4	40434	2.583818908249	1.7622948856882e-05
4	40444	2.584535313154	0.00039184002500534
4	40448	2.584868146085	9.4123659768011e-06
4	40458	2.585572608084	1.6251817168701e-06
4	40465	2.585821240175	5.4319600000093e-09
4	40475	2.586543563844	1.8912867172274e-06
4	40479	2.586867973281	9.7397811383964e-07
4	40489	2.587579462888	1.1209529917394e-05
4	40496	2.587875953976	6.3638116794095e-05
4	40506	2.588584301462	0.0018257657156901
4	40510	2.588849397955	6.1042389848133e-07
4	40520	2.589584326387	0.0030834268751131
4	40524	2.589881147607	0.0016725359718932
4	40537	2.59063421305	3.2919947871183e-08
4	40541	2.590916641496	7.1880463064259e-08
4	40551	2.591596795896	6.3389504526432e-06
4	40555	2.59187392774	2.0805755724093e-05
4	40568	2.592585579749	0.00020241005503672
4	40572	2.592862231815	2.4057256592825e-05
4	40582	2.593612908115	1.6541342605758e-05
4	40586	2.593865030686	3.3180004127116e-05
4	40596	2.594593313872	0.00053910053524521
4	40603	2.594815940403	1.7235529163119e-06
4	40613	2.595636801332	3.7606165895362e-07
4	40617	2.595828060794	5.4424857148874e-06
4	40627	2.596672382137	6.4175880265059e-09
4	40634	2.596854935326	6.8841867945666e-05
4	40644	2.597686984698	2.8183206277464e-05
4	40648	2.597860085963	4.6347561302663e-06
4	40661	2.598735103547	1.5180654548196e-06
4	40665	2.598887212483	3.5876526814992e-07
4	40675	2.599737730901	0.00026141279348286
4	40679	2.5999119421	0.00011483324646043
4	40692	2.600716989942	3.6714389912908e-05
4	40696	2.600932796075	2.1087176319011e-06
4	40706	2.601761437992	0.00069990789571038
4	40710	2.601982732702	1.925472765167e-05
4	40726	2.602802685505	7.7986743434843e-06
4	40733	2.6030258917	8.1221913853565e-06
4	40740	2.603841824989	4.3858993379644e-06
4	40744	2.604057500706	2.776803070088e-07
4	40754	2.60482051246	6.3068074921145e-07
4	40764	2.60510628582	1.0300933881362e-06
4	40771	2.605792960824	0.00060864097369053
4	40775	2.606110736943	0.00027889832105553
4	40788	2.606815109879	1.3581802947299e-07
4	40795	2.607116644216	3.7372274082938e-06
4	40802	2.607853919699	2.6693527745002e-08
4	40806	2.608129526788	3.9219697523515e-06
4	40819	2.608861828828	4.4492458129918e-05
4	40826	2.609110833071	4.8428709015429e-06
4	40833	2.609860628743	0.00036424682021913
4	40837	2.610091918378	1.7741815241114e-05
4	40850	2.610894640472	0.00014575482352971
4	40857	2.611113875262	0.00012086739033092
4	40864	2.611917382805	5.3992464667925e-06
4	40868	2.612085144724	0.00033890932054507
4	40884	2.61294214634	3.840344364956e-05
4	40888	2.613079880814	1.9826033053206e-06
4	40895	2.613917259169	1.3532301136533e-06
4	40899	2.614058519975	3.8625871037853e-06
4	40912	2.614926647234	2.0990461805115e-05
4	40916	2.615067385416	5.1312818279451e-05
4	40926	2.615906094272	1.5159362083496e-05
4	40930	2.616075367128	1.0447216434597e-06
4	40943	2.616948378009	4.2516735414141e-06
4	40950	2.617074035551	9.9761408472932e-10
4	40957	2.617970167217	1.3860557469611e-06
4	40964	2.618084334225	0.00012746239318073
4	40974	2.618977846308	3.0273671487481e-06
4	40981	2.619082416023	2.4024102059589e-07
4	40988	2.619943078105	0.00038133536174488
4	40995	2.620052191162	3.9348701530781e-05
4	41005	2.620949467851	1.8046553191032e-05
4	41009	2.621027060502	4.7710849010677e-05
4	41019	2.621972879543	1.6015550061482e-06
4	41023	2.622012307479	2.1340262330941e-06
4	41042	2.622969294113	9.37102351489e-05
4	41046	2.623061062839	1.8245012120893e-08
4	41056	2.623955306404	1.2089661845736e-05
4	41060	2.624039586628	6.2644272534772e-05
4	41073	2.625000934323	4.3031362195462e-05
4	41077	2.625045390328	8.1859129759645e-08
4	41087	2.625996711923	0.00046986920379627
4	41091	2.626007970066	1.6193160903442e-08
4	41104	2.626968981873	1.1184191169273e-06
4	41108	2.627006495426	1.7473289580767e-05
4	41115	2.627935751828	6.212029938644e-05
4	41122	2.627962225302	4.9448862966961e-06
4	41135	2.62888783903	4.0205649860602e-05
4	41139	2.628933046513	0.0004469499356891
4	41143	2.629857881992	0.00043069767806062
4	41150	2.629892281964	6.635088327836e-06
4	41166	2.630812688915	0.00028009505536988
4	41170	2.630912248813	0.00015771573492231
4	41174	2.631811641362	2.8319266869114e-06
4	41181	2.631887805147	1.6380360560668e-05
4	41197	2.632783382239	3.2350365574801e-06
4	41201	2.632925128782	0.00012529150896882
4	41208	2.633826280338	6.7350515643334e-05
4	41212	2.63389965478	1.1386367217764e-05
4	41225	2.634817150058	1.8468376796478e-05
4	41229	2.634925902664	2.5887902115402e-08
4	41239	2.635780455094	6.6776163588565e-05
4	41243	2.635876877292	1.8396587804593e-07
4	41256	2.636781111789	2.6434417716524e-05
4	41260	2.636852932068	1.8073777825422e-07
4	41270	2.637749883908	8.5039537216497e-08
4	41277	2.637869630026	1.1266074182737e-06
4	41287	2.638718337515	5.7812906327681e-05
4	41291	2.638910915146	0.00012541055992068
4	41301	2.63975345714	5.6823046499552e-05
4	41305	2.639890349264	1.2369996255452e-05
4	41318	2.640798652797	2.4895665049589e-06
4	41325	2.640915722101	8.7374001807308e-06
4	41332	2.641830937246	1.603301729808e-06
4	41336	2.641907451989	0.00068439764094312
4	41355	2.642835662169	0.00021428844798361
4	41359	2.642906687959	0.00010403688950923
4	41366	2.643819910027	4.104120226091e-05
4	41370	2.643858022708	7.0535730799567e-09
4	41383	2.644772680538	4.0008343376939e-08
4	41390	2.644850440745	1.9242538887054e-05
4	41397	2.645790942764	3.7217834271696e-08
4	41401	2.645838887977	2.4388298706169e-05
4	41417	2.646818992788	0.00015759351869947
4	41421	2.64682119214	2.8911842808089e-08
4	41428	2.647806355619	1.1515381684122e-06
4	41432	2.647856986759	4.3376539978229e-05
4	41448	2.64877539928	1.1107648509758e-05
4	41452	2.648813875452	0.0001434099365072
4	41459	2.649764128638	1.8832123160798e-05
4	41463	2.64982457911	1.790669691816e-05
4	41479	2.65072421857	5.1681046083398e-06
4	41483	2.650818543159	0.00025890584517059
4	41490	2.651731889566	1.2673681374889e-07
4	41494	2.651798402122	4.6831088613547e-08
4	41510	2.65270672161	6.3555421749518e-06
4	41514	2.652812490491	9.1692798436166e-07
4	41521	2.653739896462	0.0010047953445612
4	41525	2.653811726188	2.3491282000179e-06
4	41541	2.654736175634	5.0447233346631e-05
4	41545	2.654856051984	0.00099290207716547
4	41552	2.655734862181	0.0024642785260213
4	41556	2.655835912281	5.1423051690078e-07
4	41572	2.65668777087	1.5565022331532e-06
4	41576	2.656844017382	0.015817381790998
4	41583	2.657728740469	1.3837180567607e-06
4	41587	2.657800684682	3.8627749737842e-06
4	41603	2.658743994385	6.4473803503533e-05
4	41607	2.658797909143	7.3395597040994e-05
4	41614	2.659762427387	4.0470911381147e-06
4	41618	2.659816188654	4.3419433951998e-06
4	41634	2.660785841446	6.7151900727956e-05
4	41638	2.660818843265	5.5030907830168e-06
4	41645	2.661776637431	1.384737788905e-05
4	41649	2.661828507546	3.1796605821325e-07
4	41668	2.662808958436	0.00014518389303894
4	41672	2.662852358799	7.569143711449e-08
4	41679	2.663825849206	4.5443277558309e-06
4	41683	2.663833823775	3.8448360563736e-06
4	41699	2.664796942967	0.00013272414480115
4	41703	2.66480000223	3.483818735752e-06
4	41710	2.665776021484	7.1857355332548e-07
4	41714	2.665840140964	3.2555398643375e-09
4	41730	2.666816153867	2.5268717323658e-06
4	41734	2.666868265823	0.00047375721735151
4	41741	2.66777490968	6.6503048159107e-06
4	41745	2.667850558177	4.3663234706127e-05
4	41761	2.668746099283	1.2885836668972e-05
4	41765	2.668900144781	1.2660815720102e-07
4	41769	2.669719919901	1.2764683908161e-06
4	41776	2.669864430052	9.6331327813964e-07
4	41792	2.670687195624	2.8009287522569e-05
4	41796	2.670851333849	0.0001845553027011
4	41800	2.671671962964	0.0020375213234941
4	41807	2.671883579655	0.00014057860695526
4	41823	2.672690510877	3.9083564192775e-06
4	41827	2.672888534113	7.1590795541187e-07
4	41831	2.673714426097	2.1172647772686e-05
4	41838	2.673920611662	1.0478532433987e-07
4	41851	2.674692392154	1.5400007415744e-06
4	41858	2.674968839449	0.00055067565451656
4	41865	2.675713023722	0.00025729917963284
4	41872	2.67595982646	4.6874881520373e-07
4	41885	2.676700190174	0.00012835874278294
4	41889	2.676994923713	1.3930930539224e-05
4	41893	2.677748910328	1.2856645543402e-08
4	41903	2.67796158616	4.7431354940756e-05
4	41916	2.678732581503	1.9939988240396e-05
4	41920	2.678919260598	3.0742376762018e-06
4	41927	2.679686731985	0.00040898770297225
4	41931	2.67987020154	5.6957113863172e-06
4	41947	2.680723300077	6.3680467687796e-09
4	41951	2.680848477195	0.00018627246796541
4	41955	2.681674260443	2.9323113320941e-05
4	41962	2.681859394566	5.0922297946388e-07
4	41981	2.682720726924	2.4673325946071e-05
4	41985	2.682824832503	1.0296199933561e-06
4	41992	2.683744824031	7.5478273962374e-07
4	42002	2.6838219228	4.8291409387699e-05
4	42012	2.684758454613	7.0068137340184e-05
4	42016	2.684820553251	8.4699782124344e-06
4	42023	2.6857192027	0.0028341449523371
4	42030	2.685772571388	9.110865307279e-05
4	42040	2.68669052202	1.617148400494e-06
4	42047	2.686787189904	0.0010720825832694
4	42057	2.687722290283	2.2482793126145e-05
4	42061	2.687774665139	5.9630962514818e-10
4	42071	2.688698795302	5.7178618645433e-06
4	42078	2.688787618855	3.9148472783397e-06
4	42088	2.689745568135	0.0001427882694147
4	42092	2.689767596473	6.7648614899924e-07
4	42102	2.690743875124	5.2330201923477e-06
4	42106	2.690789439258	4.1342409049896e-07
4	42119	2.691753515101	0.00022906598437742
4	42123	2.691758840946	0.00044967086761893
4	42133	2.692782292206	5.6708554406693e-06
4	42137	2.6927858202	0.00023222538385372
4	42144	2.693746607332	1.688017611408e-06
4	42154	2.693772435013	0.00010643729003244
4	42164	2.694747582205	6.5591324519974e-06
4	42168	2.694807521854	1.4514577475194e-06
4	42181	2.695794691561	8.7142105927775e-05
4	42185	2.695802328949	8.6386137398868e-06
4	42195	2.696779279952	0.00046921774932377
4	42199	2.696812497187	0.00063538893171886
4	42212	2.697736373998	0.00018920293223618
4	42216	2.697855139653	2.0282423777981e-05
4	42226	2.698747210034	0.00045073688710005
4	42230	2.69889428977	0.0014573316048965
4	42240	2.699732318153	2.5879074488275e-06
4	42247	2.699903423689	0.00019716077422825
4	42257	2.700688435317	1.1786174060474e-07
4	42261	2.700874031775	8.4566643714278e-07
4	42271	2.70171218027	6.6555056751895e-05
4	42278	2.701868378697	3.2253916149376e-05
4	42294	2.702729663937	3.0767938033969e-05
4	42298	2.702856959374	6.2921788440164e-07
4	42311	2.703765819887	1.1346974773592e-05
4	42315	2.703892340194	0.00013396090828951
4	42325	2.704730776686	1.6546520933048e-09
4	42329	2.704865988367	6.2172005318143e-07
4	42342	2.70574111952	3.1040309923982e-08
4	42346	2.705881239678	2.4003794590985e-06
4	42356	2.706756775338	1.3718263934773e-05
4	42360	2.706860604102	7.6877244939088e-08
4	42373	2.707736227251	3.7967160862101e-05
4	42377	2.707869361852	0.00026413331858583
4	42384	2.708735077159	2.0815355082131e-09
4	42391	2.708882318748	8.6142316759645e-05
4	42404	2.709719891467	8.9123579378752e-05
4	42408	2.709872663258	5.7453445088386e-07
4	42418	2.710720457198	0.00010983424244638
4	42422	2.710889061382	0.00027520249180821
4	42435	2.71173275763	4.2061576429026e-06
4	42439	2.711882805029	7.153988106106e-07
4	42446	2.712699401859	7.4359346201689e-07
4	42453	2.7128477557	5.0118454097323e-09
4	42466	2.713711328511	4.0225899298497e-05
4	42470	2.713873751634	9.2867808685578e-06
4	42477	2.714697304726	0.00082969749413702
4	42484	2.714844559563	5.2588997127642e-05
4	42497	2.715716380649	3.9495695684196e-05
4	42501	2.715796282275	5.4693944766036e-07
4	42508	2.716687317916	1.1289896332988e-05
4	42512	2.716795843037	3.4151578419755e-07
4	42525	2.717687657555	0.00021595909214146
4	42532	2.717784174139	2.1554945566729e-06
4	42539	2.718644654067	2.3520005312468e-05
4	42543	2.718793940132	1.9504873444925e-05
4	42556	2.719662461807	0.00091261981453493
4	42563	2.719834832708	1.7942429959687e-06
4	42570	2.720699521711	3.0908246172309e-05
4	42574	2.72079528666	1.8379801997698e-06
4	42590	2.721677230574	3.6231225618994e-07
4	42594	2.721797855462	6.0865957292845e-05
4	42604	2.722697004048	3.0848349862803e-07
4	42608	2.722757186176	3.1272439910025e-11
4	42624	2.723746204207	6.5915059024516e-07
4	42628	2.723746523215	9.5688518712881e-06
4	42635	2.724708105107	0.0001913402494544
4	42639	2.724709847446	0.00048329063414797
4	42655	2.725743989098	0.00022712586051218
4	42659	2.725754455023	0.00013494373483444
4	42669	2.726744862789	3.0423095579398e-05
4	42673	2.726785691117	0.00058848874085845
4	42686	2.727726329503	5.1169400109447e-05
4	42690	2.727807539619	3.7481464359468e-05
4	42700	2.728686361582	9.7598402111653e-06
4	42704	2.72885745803	4.5955500140026e-05
4	42717	2.729706755588	1.26779406348e-06
4	42721	2.729852625501	0.00020629064349952
4	42731	2.730695851163	2.1279761492034e-06
4	42735	2.730875208366	0.00011205466045376
4	42745	2.731710951576	0.0002557624623526
4	42752	2.731851151764	0.0021048827831152
4	42759	2.732699508287	0.00014022449836402
4	42766	2.732885904584	0.00029026571593417
4	42776	2.733650917914	1.1975198102481e-06
4	42780	2.733860890471	5.0081117159179e-07
4	42790	2.734700506026	0.00086753076098013
4	42797	2.734851817727	9.8970764566856e-07
4	42807	2.735711019104	0.00015182861686027
4	42811	2.73580411949	0.00017437099924787
4	42824	2.736760812748	3.3624395663545e-06
4	42828	2.736836026706	0.0003537719892058
4	42838	2.737779066883	0.0016992067269815
4	42845	2.737818371887	3.1532328200647e-05
4	42855	2.738779854333	7.8187865699687e-05
4	42859	2.73881600786	0.00013156313902572
4	42869	2.739791082155	6.7055466661137e-05
4	42873	2.739824360196	5.8186764627789e-06
4	42886	2.740741675854	2.0156241024903e-05
4	42890	2.740842273515	3.7063269438801e-06
4	42900	2.74177000749	0.0017761285664884
4	42907	2.74184305211	3.0333532214743e-07
4	42920	2.742740971231	8.3382814926712e-05
4	42924	2.742858299225	1.9684450024575e-05
4	42937	2.743789373384	4.1667853557021e-07
4	42941	2.743835221103	5.2984705480972e-07
4	42951	2.744773744447	2.0347027052018e-06
4	42955	2.744785444281	3.2556112719713e-05
4	42968	2.745747895148	5.829715824904e-05
4	42972	2.745828554465	2.3535172811492e-05
4	42979	2.746766835597	2.3356568382615e-05
4	42986	2.746836420769	2.026017217464e-07
4	42999	2.747757523551	0.0013737685424183
4	43003	2.747827410131	0.000139636741994
4	43010	2.748791658965	5.6941763658398e-09
4	43017	2.748837118504	4.9173100963272e-06
4	43030	2.749758673005	1.24825988749e-05
4	43034	2.749853876142	0.00042176783290601
4	43043	2.750775945641	5.5620269071165e-09
4	43047	2.750853887859	1.7776127862561e-08
4	43063	2.751776891692	4.1917817434184e-06
4	43067	2.751888019597	1.08936509468e-05
4	43077	2.752759638519	3.2948581380348e-06
4	43081	2.752922326405	1.680782548316e-06
4	43091	2.75374333127	7.5278891609776e-06
4	43098	2.753961323732	6.7466541810427e-07
4	43108	2.754787927238	0.00037142420461932
4	43112	2.754995772855	1.8088428526762e-08
4	43122	2.755805354127	1.3794343285895e-07
4	43129	2.756016536916	2.2594389701008e-05
4	43139	2.756832697125	3.7322172119019e-05
4	43143	2.757021862215	1.6199331276112e-09
4	43153	2.757860615807	0.023730984649795
4	43160	2.758043770125	6.2361988921392e-05
4	43170	2.758845081414	5.4354034286641e-07
4	43177	2.759034717627	1.0361781815303e-05
4	43184	2.759855139989	9.6942474479664e-06
4	43188	2.760008027308	4.0426473304733e-06
4	43201	2.760806679706	4.8871654151431e-07
4	43208	2.761039755836	2.7980214353266e-05
4	43215	2.761826981698	5.8806378743862e-07
4	43219	2.762082284597	8.363185593364e-06
4	43235	2.762816568931	8.1101659531411e-08
4	43242	2.763061737015	1.4779565010858e-07
4	43249	2.763794892978	3.8087049859676e-05
4	43253	2.764070166566	0.00034679241234746
4	43266	2.764752358057	1.139687489672e-06
4	43273	2.76504739689	4.1747285048858e-07
4	43277	2.765726841092	4.4164842157376e-05
4	43284	2.766072996604	1.2565971148991e-06
4	43297	2.766743270974	2.2100339616028e-07
4	43304	2.767047385775	2.0798296656692e-05
4	43308	2.767714613888	1.6069547022567e-05
4	43315	2.768027659377	1.9313613546787e-07
4	43331	2.76867810702	0.00011435855808166
4	43335	2.769046071992	2.8233430038546e-05
4	43339	2.769725079736	4.0299773348989e-05
4	43346	2.770027710948	2.2704548094291e-05
4	43362	2.770725893901	0.0045509263536894
4	43366	2.771064303739	4.348723001809e-06
4	43370	2.771684990526	7.9902016722585e-06
4	43377	2.772028548787	0.00013950339002262
4	43390	2.772646320117	2.2394280184783e-06
4	43397	2.773013817084	3.0566028401866e-05
4	43401	2.773597880225	0.00080585823453228
4	43408	2.77404519171	0.0009858016075068
4	43418	2.774582723111	1.9131307330149e-05
4	43428	2.775014789626	9.6358559301673e-08
4	43432	2.775574155258	7.6110099223555e-05
4	43439	2.776029954512	0.00017673519526027
4	43449	2.776566178208	1.7419217188407e-07
4	43459	2.777071785194	1.1833482150642e-06
4	43466	2.77754304733	0.0020843459872426
4	43470	2.778120594612	5.926684188476e-05
4	43480	2.77849338762	1.008538964226e-06
4	43490	2.779114420048	5.0523211711003e-06
4	43494	2.779500137826	2.8630085521774e-06
4	43504	2.780104919927	5.3384407997517e-06
4	43511	2.780522900502	1.0900748864516e-05
4	43521	2.781130340245	7.7116483973062e-06
4	43525	2.781566530149	0.00069106880603279
4	43535	2.782178821025	7.2952779351148e-05
4	43545	2.782568547887	0.00015320246561494
4	43555	2.783189818526	1.8994478365108e-06
4	43559	2.783568676597	4.2002407234586e-05
4	43569	2.784167854899	4.0803974189681e-08
4	43576	2.784527250494	2.1913650055854e-08
4	43586	2.785169972149	2.2741203316108e-07
4	43593	2.785564116051	4.4713752700572e-06
4	43600	2.786208999787	8.5498923088888e-06
4	43610	2.786605382421	0.00026866054993149
4	43617	2.787241721981	1.5841105105418e-06
4	43624	2.787633625966	9.1570719129766e-07
4	43631	2.788213495468	0.00025823405740135
4	43641	2.788633285261	5.8091952517732e-06
4	43648	2.789251325577	6.0531035580692e-08
4	43652	2.789659443902	7.8566621028053e-06
4	43662	2.790285910992	4.9789710500678e-06
4	43672	2.790699452148	0.00027851754074952
4	43679	2.791264715981	0.00048714637764109
4	43683	2.791664653895	0.0001387122966417
4	43696	2.792233278377	1.1813413196499e-08
4	43703	2.792696669337	3.2046930884261e-05
4	43710	2.793184797015	0.00025609407155655
4	43717	2.793671954902	1.7940198846463e-05
4	43724	2.794160256208	2.1369517119385e-07
4	43734	2.794717381883	1.4088395363934e-05
4	43741	2.795190355869	1.1186729728197e-05
4	43748	2.795692417814	2.5656237099218e-07
4	43755	2.796171110283	8.3467956830086e-06
4	43765	2.796675901782	1.5981548257863e-05
4	43772	2.79715999643	5.6631811098457e-06
4	43779	2.797632608412	9.1604686509218e-06
4	43786	2.798130399843	0.00020171954409445
4	43796	2.798631111034	1.7148928339339e-07
4	43800	2.799114402749	2.5561442099228e-05
4	43810	2.799624310723	6.1776529423781e-06
4	43817	2.800132845165	2.7502084458262e-06
4	43827	2.800608066509	2.0567235481031e-07
4	43831	2.801085908394	6.4023360909355e-05
4	43838	2.801590704627	0.0007153851291684
4	43848	2.802070244274	0.001204152199732
4	43861	2.802622955517	0.00022792200881539
4	43865	2.80305607009	8.413187847601e-08
4	43872	2.803653879453	2.182988907529e-07
4	43885	2.804076572367	5.9866969599051e-06
4	43892	2.80464495629	6.7403078149603e-06
4	43896	2.805106909522	4.8323011431155e-05
4	43900	2.805626044253	6.9027416896108e-06
4	43916	2.806087710939	5.493954307362e-07
4	43923	2.80660883912	0.00095879090706573
4	43927	2.807051223396	8.5911471585235e-05
4	43931	2.807596328513	4.0204180231047e-07
4	43947	2.808039421922	1.1690289402052e-08
4	43954	2.808621168023	0.00020200806176638
4	43958	2.809017813745	1.6713993335923e-05
4	43962	2.809617516985	1.5598885667539e-05
4	43978	2.809980861991	1.8370938318003e-07
4	43985	2.810623618367	3.7350005192231e-06
4	43989	2.811010691033	6.6442681302588e-07
4	43993	2.811656851202	7.2118217187224e-06
4	44009	2.811998701409	1.2360198541855e-06
4	44016	2.81268481174	4.0820119936179e-06
4	44020	2.813015603616	0.00021079982388765
4	44024	2.81366237075	1.3881556749689e-05
4	44037	2.813973002687	6.9312385733983e-06
4	44047	2.814618203572	3.2034164521566e-07
4	44051	2.814925642916	0.00027758016811622
4	44055	2.815580434696	0.00046818234244127
4	44065	2.815893376279	0.00018951727610655
4	44078	2.816551534444	2.0195271851111e-08
4	44082	2.816866966222	1.6826493790357e-06
4	44086	2.817579267583	1.5203633043662e-06
4	44099	2.817839682375	8.7153883292773e-06
4	44109	2.818540680612	3.9056401731348e-06
4	44113	2.818815674213	3.6893643768696e-06
4	44117	2.819534279294	0.0050974962230874
4	44124	2.819769866198	4.3233824911114e-09
4	44140	2.820518752447	2.3771680123865e-06
4	44144	2.820771169717	9.0807331057157e-05
4	44148	2.821489294698	0.0025732400114945
4	44158	2.821777764079	6.184999819946e-07
4	44174	2.822520400752	0.00035421931498111
4	44178	2.822731976971	5.1832558815239e-05
4	44182	2.823508601844	0.00051988259190109
4	44192	2.823772601997	0.00024369107468924
4	44205	2.824494584669	1.227836941797e-05
4	44209	2.824756870461	0.00011870248293162
4	44213	2.825524321273	0.00012633849367815
4	44220	2.82574209693	3.442396261356e-07
4	44236	2.826528878713	0.0011787051577044
4	44240	2.826756906411	0.00045712394428257
4	44244	2.827527950362	0.0013972370507693
4	44254	2.827790847887	3.0680009500876e-05
4	44267	2.828545865313	0.000475107150244
4	44271	2.828783143598	0.00036618821917324
4	44278	2.829580812775	2.2529045517509e-05
4	44282	2.829749701867	0.00015383587179782
4	44298	2.830545122381	0.0072574782908465
4	44302	2.830707508006	7.7674350187686e-05
4	44309	2.831543624958	1.2718238066905e-07
4	44313	2.831716186521	2.7701507025359e-06
4	44329	2.832521299473	7.4863716081021e-05
4	44333	2.83269724865	0.00013939594944127
4	44340	2.833493261337	0.0045683532124158
4	44347	2.833718997905	1.3814495168458e-05
4	44357	2.834460348895	0.00065505142732623
4	44364	2.834696534133	9.4569610803403e-07
4	44371	2.835473645004	5.5202140668818e-07
4	44375	2.835690681428	8.4300080521664e-05
4	44388	2.836481006676	1.0421321249779e-05
4	44395	2.836680818955	3.8781446327799e-05
4	44402	2.837512158795	2.016055670592e-06
4	44409	2.837678705214	5.1888829427236e-07
4	44422	2.838483097695	8.6710483164885e-07
4	44426	2.83864011102	9.4698736696145e-05
4	44433	2.839500528603	2.9297956625899e-05
4	44437	2.839622676788	1.846849824751e-06
4	44453	2.840527234122	5.6781493250165e-07
4	44457	2.840627445128	2.2310270997554e-06
4	44464	2.841477379677	0.00064364143606568
4	44471	2.841664419701	1.9184337195191e-06
4	44487	2.842508458204	5.72266247186e-06
4	44491	2.842710945992	0.00020880403254451
4	44498	2.843487987199	6.5471130656746e-05
4	44502	2.84373436067	6.4605146667781e-08
4	44518	2.84450824101	0.0015653267776016
4	44522	2.84477442467	1.1035744182056e-05
4	44529	2.845540278237	3.0812909003699e-06
4	44533	2.845764274905	4.8346657376757e-05
4	44549	2.846498390579	0.00034875899243616
4	44553	2.84678330712	9.377826073054e-06
4	44560	2.847484640217	2.9555429849762e-05
4	44564	2.847807160856	1.1870412386525e-05
4	44577	2.848461513547	1.3489597651558e-05
4	44584	2.848848397002	2.8939960681466e-05
4	44591	2.849431494255	4.5514527183685e-07
4	44595	2.849873330497	2.2571633631236e-07
4	44611	2.850476060893	0.0003364140423488
4	44615	2.850881372654	2.8093098192074e-05
4	44622	2.851458724531	4.3761394233707e-06
4	44632	2.851882759612	0.00018163774202781
4	44639	2.852500758301	0.00020400639496959
4	44649	2.852878965618	1.6064453988211e-07
4	44653	2.853513680696	5.1690645582214e-05
4	44660	2.853834039334	7.8879754606687e-07
4	44670	2.854559762508	1.2001851095189e-05
4	44677	2.854863683681	7.1622329784982e-06
4	44684	2.855510749531	5.2250474589128e-05
4	44694	2.855896949437	5.0327835581317e-07
4	44704	2.85653473041	3.8617624658843e-07
4	44711	2.856861437587	3.4689826005585e-06
4	44718	2.857572251071	6.3072766512132e-07
4	44725	2.857843937677	1.9985297422655e-05
4	44735	2.858556319122	1.9526757703111e-08
4	44739	2.85882522532	7.7503436143816e-05
4	44749	2.859606058211	9.7556532420727e-08
4	44756	2.859858301555	0.00012450582354991
4	44766	2.860616212333	0.00037397793470458
4	44770	2.860897425258	2.7370572257483e-08
4	44780	2.861615874384	2.6863182083196e-06
4	44787	2.861894885594	1.9613319187955e-06
4	44800	2.862640975642	3.3480658498521e-05
4	44804	2.862907830789	2.4394241553056e-06
4	44814	2.863603465565	4.7230951583904e-06
4	44821	2.863914100208	2.0971553652563e-05
4	44828	2.864563904799	3.3910323993083e-06
4	44835	2.86488350078	2.0895697504586e-10
4	44845	2.86559631842	2.513146736852e-06
4	44852	2.865920393451	2.8007658199572e-05
4	44859	2.866598139162	2.8577289704192e-05
4	44866	2.866879281385	7.3278500333221e-06
4	44879	2.867606899903	1.8439844006403e-08
4	44883	2.867842234425	1.0199786749946e-05
4	44890	2.868644069357	5.7222506067096e-05
4	44900	2.868817996238	4.9585655811336e-05
4	44907	2.869604496223	0.00079287943369976
4	44914	2.869770413088	5.7440521844421e-06
4	44921	2.870607151784	5.934678620395e-07
4	44925	2.870729234283	2.1091057955642e-06
4	44938	2.871624286032	6.36928792716e-05
4	44942	2.871754372045	6.3291914955049e-07
4	44952	2.872582562183	2.1837989013049e-07
4	44959	2.872760546795	1.0015020489537e-05
4	44969	2.873541671014	0.00033801567613614
4	44976	2.87373927849	2.1358505172507e-06
4	44983	2.874589203744	3.365988004984e-06
4	44987	2.874742352145	5.2732455101423e-07
4	45003	2.875544951294	4.1915457979357e-05
4	45007	2.875720792503	1.0191599755651e-05
4	45014	2.876517866974	0.008483353915369
4	45021	2.876726018904	2.330526368814e-07
4	45034	2.877565098829	2.6168625589967e-06
4	45038	2.877697305942	2.9115991179569e-06
4	45045	2.878611402933	8.3899416941207e-05
4	45049	2.878661969944	2.578031821573e-07
4	45065	2.879564756058	0.00012795778659604
4	45069	2.879657257528	1.7044318302259e-07
4	45076	2.880543443822	4.3648715430469e-07
4	45080	2.880636826993	5.4738057082668e-06
4	45093	2.881501593708	0.00011200359698917
4	45100	2.881677841558	9.9769682512912e-08
4	45110	2.882514688369	0.00069232490604022
4	45114	2.882635305051	1.4843229275909e-06
4	45127	2.883477911338	0.00084479972398022
4	45131	2.883682962416	4.611766512305e-07
4	45141	2.884469935437	6.8366776726432e-06
4	45145	2.884720485938	1.5817223485462e-06
4	45158	2.885515742848	5.0167256568459e-07
4	45165	2.885766080963	3.1847940427882e-06
4	45172	2.886561267321	7.1628067541321e-06
4	45176	2.886729842103	7.2239803924702e-05
4	45189	2.887547823755	7.6019067405677e-05
4	45193	2.887744092763	3.1163698951434e-05
4	45203	2.888525260253	2.8313923672457e-07
4	45207	2.888773952386	7.5805541944999e-09
4	45220	2.889478835658	8.7397395635064e-07
4	45224	2.889784021689	1.5280695967811e-08
4	45234	2.890479579206	3.4582556949162e-08
4	45238	2.890782610192	2.1861452050138e-07
4	45251	2.891482191696	0.0011113817492103
4	45255	2.891768347659	6.7359893311215e-05
4	45265	2.892493493535	0.01054341796276
4	45269	2.892761236383	3.3322346192235e-06
4	45282	2.893503000329	1.5794125372115e-05
4	45286	2.893746772268	3.4216112117073e-05
4	45296	2.894518447743	0.00027330027048818
4	45300	2.89470697831	1.4458361334868e-05
4	45313	2.895493272475	0.00044395991698569
4	45317	2.8957467323	1.0591025521095e-05
4	45327	2.896540065323	8.057631950544e-06
4	45334	2.896741785699	6.5706271238992e-06
4	45344	2.89753725634	1.1959280022137e-05
4	45351	2.897718149593	4.1397313391075e-06
4	45358	2.898543332575	7.0918564683762e-05
4	45362	2.898692977632	3.9179883900212e-06
4	45378	2.899514374628	0.00018522786262521
4	45382	2.899659826891	5.9405076100551e-05
4	45389	2.900481136452	1.9834474009083e-07
4	45393	2.900648446627	7.9556471931639e-05
4	45406	2.901488608734	1.2070158217776e-05
4	45413	2.901670160925	4.0230771423225e-05
4	45423	2.902488395688	3.020452673777e-07
4	45427	2.902660489283	3.9478069431805e-07
4	45440	2.903504923924	2.5159404643712e-06
4	45447	2.90370782684	4.6764822546388e-06
4	45454	2.904539785093	4.7892668251977e-08
4	45458	2.904725315014	4.5852825948307e-07
4	45471	2.905494098137	1.0046952432152e-05
4	45475	2.905684433789	2.1199559783421e-05
4	45485	2.906452722963	1.9222869729349e-06
4	45489	2.906654352036	6.1319831127223e-08
4	45502	2.907409001679	2.8340064384898e-05
4	45506	2.907652769051	0.00015118011924872
4	45516	2.908386137073	8.8879944041228e-06
4	45520	2.908610471076	0.0029458993242361
4	45533	2.909408391543	0.00040866831976419
4	45537	2.90958519443	8.4628164707827e-06
4	45547	2.910436772549	9.2414696660955e-05
4	45551	2.910611328635	1.9024673497698e-05
4	45564	2.911396284936	6.1871167732361e-05
4	45568	2.911627401464	3.592621133664e-06
4	45578	2.912408322469	5.2372844097111e-05
4	45582	2.912584739559	1.2309540892252e-07
4	45595	2.913433685721	5.5351131991255e-06
4	45602	2.913561776264	1.0885592156672e-05
4	45609	2.914384878232	0.0014388277901335
4	45613	2.914541673188	1.6153808741843e-05
4	45626	2.915350607983	0.00082763421170113
4	45633	2.915506303575	0.00023161309150544
4	45640	2.91630341417	3.1764693885614e-05
4	45644	2.916457566262	1.3535666759167e-05
4	45660	2.9172697563	0.0010341130018218
4	45664	2.917466608135	2.8701312319715e-05
4	45671	2.918271675853	1.5595107614887e-05
4	45675	2.918467982232	4.2929016047731e-06
4	45691	2.919285783306	4.772882427977e-05
4	45695	2.91943622393	3.5560660441525e-06
4	45702	2.920283799728	1.6045162356033e-06
4	45706	2.920387353463	5.6851996575639e-06
4	45722	2.921234704182	0.00019253292086605
4	45726	2.921339192666	8.4482326955551e-07
4	45736	2.922239411801	2.3144485022118e-07
4	45740	2.922304810996	1.0483835559507e-06
4	45750	2.92323537131	3.7366963974354e-06
4	45760	2.923300536817	1.9868942816848e-06
4	45767	2.924271303038	2.8544940096426e-08
4	45771	2.924298864911	0.00024321801464066
4	45784	2.925256829616	5.4726730422134e-06
4	45788	2.925315252942	1.1540856347041e-08
4	45798	2.926295068503	0.0066327503176176
4	45802	2.926336932643	9.9905545248388e-05
4	45818	2.92729767827	3.2507932541718e-05
4	45822	2.927328237579	0.00013403603926965
4	45829	2.928264231864	0.0017861750481031
4	45833	2.92833939912	0.00030547238960999
4	45849	2.929257553369	0.00025955883926932
4	45853	2.929359531049	3.985198001445e-05
4	45860	2.930229933037	0.00038469583471052
4	45864	2.930360074865	8.9934999014031e-06
4	45880	2.931187627445	1.6764731091518e-07
4	45884	2.931390754984	1.3617144725394e-07
4	45891	2.932170195086	2.7861878473939e-06
4	45895	2.932426272487	2.4777806796929e-05
4	45911	2.933170157766	1.4052738652372e-06
4	45915	2.933385888756	1.3698196871003e-05
4	45922	2.934200949503	4.7773151733398e-08
4	45926	2.934393085215	1.6575103518136e-05
4	45942	2.93522584196	0.0025640871342732
4	45946	2.93537548011	1.0260068401389e-05
4	45953	2.936191754782	7.3309282347027e-07
4	45957	2.936408220163	1.9193458245195e-05
4	45970	2.937145854839	0.00031547781058478
4	45977	2.937395143017	3.7391177279536e-05
4	45984	2.938194305951	0.00026779540418528
4	45988	2.938436659089	0.00014981997457687
4	46001	2.939202565688	3.9713124674039e-06
4	46008	2.939485953158	2.6792548360201e-05
4	46015	2.940234434442	7.3826396999025e-06
4	46019	2.940487779783	0.00047795977621725
4	46032	2.941213797402	5.6023087602529e-06
4	46045	2.941452667722	2.0320292887353e-05
4	46049	2.942192624872	6.6612667900339e-06
4	46053	2.942469373772	2.2401145161233e-05
4	46066	2.94318747311	3.4600773805622e-07
4	46076	2.943504543143	2.0223062837891e-06
4	46080	2.944150861164	1.0558451804284e-05
4	46084	2.944514896342	6.8733764670366e-05
4	46097	2.945195940227	3.4128494469089e-07
4	46107	2.945529075456	4.030434693437e-05
4	46111	2.946211480335	8.2589307267746e-07
4	46121	2.946484590557	2.5228962722166e-06
4	46128	2.947205404981	6.5042050652437e-06
4	46138	2.947461095516	2.6668252445023e-05
4	46142	2.948233208601	0.00022155301477592
4	46149	2.94843058562	1.0179098602437e-05
4	46162	2.949241540574	7.4714871277397e-06
4	46169	2.949416105415	2.495578135687e-05
4	46176	2.950281910173	7.1781791700772e-06
4	46180	2.950369863895	1.772896433772e-06
4	46193	2.951293591349	1.0669130495312e-08
4	46200	2.951395072872	2.7819609403847e-06
4	46204	2.952280325322	9.0444541241678e-05
4	46211	2.952355975676	0.00025782960909352
4	46227	2.953302307411	1.9094124347884e-05
4	46231	2.953328815675	0.0001969281797697
4	46238	2.954261440015	7.1232716106395e-05
4	46242	2.954349247528	7.0375836824789e-07
4	46258	2.955281051721	0.011385310646764
4	46262	2.95530042121	4.8951709951387e-05
4	46269	2.956291005092	4.1637975368645e-05
4	46273	2.956296804047	5.280071958455e-06
4	46289	2.957268569898	1.8352618178403e-06
4	46293	2.957333339625	2.1744958305285e-06
4	46300	2.958296199922	0.00022216900781283
4	46304	2.958297843719	2.7058462672054e-07
4	46317	2.959285351071	3.2952917917195e-06
4	46321	2.95929680187	8.020432654853e-05
4	46331	2.960314875049	0.0018173133907689
4	46335	2.960345605621	7.6314718367945e-06
4	46348	2.961283675587	7.1585658224286e-05
4	46352	2.961356746243	0.00051698804477608
4	46365	2.962265099475	0.0076958875099493
4	46369	2.962314258144	5.8019641313509e-07
4	46382	2.963231489959	4.5933628822771e-06
4	46386	2.963279045345	1.474836570988e-06
4	46396	2.964230708718	9.9880877031076e-08
4	46400	2.964298633128	6.6998049402678e-06
4	46416	2.965244605051	4.2871741133292e-05
4	46420	2.965260210453	0.00016665404886015
4	46427	2.966234690789	3.7955731574351e-06
4	46431	2.966253544254	1.8185209134593e-07
4	46444	2.967278545489	0.000137289298726
4	46448	2.967288185508	5.2803562150947e-07
4	46458	2.968258801695	2.9178645428168e-05
4	46462	2.968291788304	3.3771280945003e-07
4	46475	2.969240041356	0.0018725315147865
4	46479	2.969332657667	3.9474794086761e-07
4	46489	2.97026236983	0.00011090362242136
4	46493	2.970323326056	5.5828802187895e-09
4	46503	2.97123006093	4.7300138044544e-05
4	46507	2.971307025799	6.0019424816555e-05
4	46520	2.972251610001	2.6204757339473e-05
4	46524	2.972291982061	9.2961520605404e-08
4	46534	2.973228692125	0.00010862663661885
4	46538	2.973271643229	1.0474937461937e-05
4	46548	2.974202250866	4.5843958949267e-06
4	46552	2.974225069101	0.00018534428803982
4	46565	2.975177584375	0.0010668209087256
4	46569	2.975183788549	1.4107823118743e-05
4	46579	2.976135142606	2.9040039888402e-05
4	46583	2.976155428541	4.5857656537198e-05
4	46596	2.977103117144	2.9977704291522e-05
4	46600	2.97720271239	0.00030962625643135
4	46610	2.978139179056	0.0035629186021063
4	46614	2.9782488587	3.2164342767794e-06
4	46627	2.979132286172	0.00010214126267806
4	46631	2.979209329048	1.6678983168879e-07
4	46641	2.980133814073	1.0355703245337e-07
4	46648	2.980223876373	1.9093286741755e-05
4	46658	2.981171074513	2.0062681888724e-06
4	46662	2.98119367622	8.5363596626455e-06
4	46678	2.982178412717	3.8865901556544e-08
4	46682	2.982234746308	3.0336557528025e-05
4	46692	2.983216397854	1.6913880175644e-05
4	46696	2.98325503868	4.8072094799302e-06
4	46709	2.984247627151	1.8944867021737e-05
4	46713	2.984265673595	0.00023230200640881
4	46723	2.985257247875	2.885354107565e-05
4	46727	2.985266659772	0.00010837790782233
4	46740	2.986236156741	5.8743879862187e-06
4	46744	2.986293163253	1.7836024147822e-06
4	46754	2.987197006696	2.2416365072514e-07
4	46758	2.987298899498	7.2741814722017e-06
4	46768	2.988203476762	0.00022462487691315
4	46772	2.98826089949	2.3848423228216e-07
4	46785	2.989214813916	0.00013168413023071
4	46789	2.989257648008	3.3192846620483e-06
4	46799	2.990211799962	0.00033379230711589
4	46803	2.990225974889	0.00030767149607429
4	46816	2.991198420285	3.3876772413685e-06
4	46820	2.991209495772	1.3327954226705e-06
4	46830	2.992174272132	1.2032978013877e-08
4	46834	2.992230523556	6.0461675537427e-06
4	46847	2.993176291699	3.8542422326185e-05
4	46851	2.993185398046	1.374064386021e-09
4	46861	2.994141573194	1.5953210006472e-05
4	46865	2.994195630795	0.00026984706765407
4	46878	2.995136762912	6.9763532610629e-06
4	46882	2.995170493714	1.1033664621235e-07
4	46892	2.996132771858	5.9969879291308e-05
4	46896	2.996220329259	0.0016173173505434
4	46909	2.997126214264	4.2626515841931e-06
4	46913	2.997229167886	1.3755875477199e-05
4	46923	2.998130269568	1.662260525751e-08
4	46930	2.998218758279	9.732050404398e-08
4	46937	2.999105966189	4.3811273028458e-08
4	46944	2.999169852148	8.9593775132357e-05
4	46959	3.000136632035	0.00012615286457182
4	46963	3.000154677402	0.00010078154004479
4	46970	3.001123110332	2.63642115177e-06
4	46974	3.001139326676	4.8704456620895e-05
4	46990	3.002075345108	2.2642465930975e-06
4	46997	3.002100518199	0.0041840813211248
4	47004	3.003035384785	3.0497430105098e-05
4	47008	3.003139165384	2.1366307929904e-06
4	47018	3.004077897695	3.1805946860914e-07
4	47028	3.004146113399	2.0594727016226e-08
4	47035	3.005028441645	4.0414297169394e-08
4	47039	3.005170906717	5.2932388028407e-05
4	47055	3.006061975809	0.0015756351095082
4	47059	3.006145546427	1.03562594379e-05
4	47066	3.007032697397	5.3247850137335e-05
4	47070	3.007098510487	8.3802724179315e-09
4	47083	3.008070517422	5.6011050254919e-05
4	47087	3.008136806294	1.8218708262883e-06
4	47097	3.009094654001	8.7443356228405e-06
4	47101	3.009185518678	1.5000525505332e-08
4	47114	3.01006344229	0.00010535178382306
4	47118	3.010145160672	4.483522146431e-07
4	47128	3.0111107057	1.9839916046764e-06
4	47132	3.011168211219	5.2941042076234e-06
4	47145	3.012147302937	1.4072291946717e-06
4	47149	3.012205047246	1.5310797468091e-05
4	47159	3.013140146863	6.0505192026236e-05
4	47163	3.013201625199	1.0317126271367e-06
4	47176	3.014158064614	4.6221669526089e-05
4	47180	3.014192053924	1.5768364442879e-07
4	47190	3.015137830689	6.5967668922099e-05
4	47194	3.015196058678	8.2318225515694e-05
4	47207	3.01614645207	2.0918406296031e-06
4	47211	3.016203012472	1.8893158008474e-05
4	47221	3.017147901784	1.9276407462525e-05
4	47225	3.017221865507	8.6094054719282e-07
4	47238	3.018183161687	8.5822654389353e-08
4	47242	3.018222272461	2.9203428120596e-07
4	47252	3.019167936415	9.584250542835e-05
4	47256	3.019200151894	1.5713902039303e-06
4	47269	3.020136008123	4.7053866776179e-05
4	47273	3.020229276906	2.174729179632e-07
4	47283	3.021172303376	0.00012534408781907
4	47287	3.0212129879	0.00023303940343982
4	47303	3.022142442916	6.4659018235642e-08
4	47307	3.022262037396	0.0012622409916543
4	47317	3.023144361917	1.8761485425603e-07
4	47321	3.02331108278	5.1128184207308e-07
4	47334	3.02417795732	3.2281309682238e-08
4	47338	3.02433099425	9.2659472565592e-06
4	47348	3.025128863892	8.6489995401529e-05
4	47352	3.025376268419	3.915706675922e-07
4	47365	3.026116746241	2.2969126158448e-07
4	47369	3.026354469838	0.00051797060119029
4	47379	3.027102569985	3.1441885434151e-05
4	47383	3.027361767634	2.4441128077211e-05
4	47396	3.02814080722	1.413199121956e-06
4	47400	3.028334375044	6.855427470069e-05
4	47407	3.029172877031	8.4038216865152e-08
4	47414	3.029355535583	1.4211055408005e-05
4	47427	3.030176692307	1.6297043821574e-06
4	47431	3.030348709433	6.8594243083969e-06
4	47441	3.031136296323	5.8690970790646e-05
4	47445	3.031310107386	8.2546018171112e-08
4	47458	3.032129698544	0.0043049029667
4	47462	3.032351067366	3.8545914257002e-05
4	47472	3.033168067293	0.004687320778093
4	47479	3.033347712111	2.8863397060735e-09
4	47489	3.034161176122	0.0021182367925603
4	47493	3.034376291342	3.9149300170108e-07
4	47503	3.035156369412	6.9360722399649e-06
4	47507	3.03537639554	2.6753374986093e-06
4	47520	3.036179665096	1.2096235424758e-05
4	47524	3.036391377807	5.3478905322e-08
4	47534	3.037156125941	7.2625465881539e-08
4	47538	3.037398916084	2.5467894455242e-07
4	47551	3.038112227938	2.1896157976983e-05
4	47555	3.038361283814	0.0021364742844096
4	47562	3.039151888789	0.000138401154921
4	47569	3.039364506615	2.1942536708234e-07
4	47582	3.040189605349	0.00026601004695353
4	47586	3.040374481235	1.5769808145619e-07
4	47596	3.041227591649	5.7473688895246e-05
4	47600	3.04134518471	9.1041553241376e-06
4	47616	3.042205370499	1.0943379263556e-06
4	47620	3.042304626843	0.0011900596111088
4	47630	3.043165141517	9.6457488720936e-08
4	47637	3.043346566206	0.0041895684072102
4	47647	3.044180488919	2.9840593201081e-07
4	47654	3.044361532965	7.6497238090757e-08
4	47658	3.045168748067	0.00063991006200045
4	47665	3.045323312832	6.378543061532e-06
4	47678	3.046195853587	4.646314974148e-07
4	47685	3.046344632868	5.4538988148706e-07
4	47692	3.047207727279	0.0008930319792599
4	47696	3.047323367359	1.3050753318402e-05
4	47709	3.048196615078	4.034575047155e-08
4	47713	3.048319617614	6.0057972764011e-07
4	47723	3.049219198016	1.2053065192753e-05
4	47727	3.04928678929	1.0981707874407e-05
4	47740	3.050242655885	6.2361869982869e-05
4	47744	3.05026052556	0.00010951912996529
4	47754	3.051242283718	0.00027068657821281
4	47758	3.05125926322	2.530787444887e-05
4	47771	3.0522211859	4.4088174703713e-06
4	47775	3.052256364594	8.1161683137917e-07
4	47785	3.053196870668	8.4550560154027e-06
4	47789	3.053243596728	1.2179543175381e-06
4	47802	3.054233184129	0.00047564819930258
4	47806	3.05429020937	1.581084404743e-06
4	47816	3.055276733467	1.5194639043237e-08
4	47820	3.055283776824	4.6720666266903e-05
4	47833	3.056291320315	5.9683866662088e-06
4	47837	3.056305116913	2.0335620464678e-06
4	47847	3.057266992867	2.8632652184528e-06
4	47851	3.057271944421	3.3530376238259e-05
4	47864	3.058271855833	2.2332738939035e-05
4	47868	3.058282784454	7.2851573779996e-06
4	47878	3.059255431207	3.4327070180917e-05
4	47882	3.059319590108	1.6633584242495e-06
4	47895	3.060218105372	0.00055822874738318
4	47899	3.060289528964	0.00014778603477639
4	47909	3.061216730594	6.5976880810378e-07
4	47913	3.061316564467	0.00025481053378176
4	47929	3.062247750897	9.2324833008582e-07
4	47933	3.06230673286	7.6312389480874e-06
4	47943	3.063294719932	9.2704736849088e-09
4	47947	3.063307495975	3.6894030799024e-06
4	47960	3.064264065375	0.00029922212037473
4	47964	3.064352564804	7.1394693920609e-06
4	47974	3.065247897485	4.6498297210411e-08
4	47978	3.065313391907	1.7066135541849e-05
4	47988	3.066235381338	2.1585616891002e-06
4	47992	3.066317308202	1.7426326840558e-06
4	48005	3.067279756692	2.4991768947305e-06
4	48009	3.067338473209	0.0036107857346685
4	48019	3.068258930488	0.00032592516840963
4	48023	3.0683118586	4.3065215525278e-07
4	48036	3.069276991735	9.7292661361956e-06
4	48040	3.069282099096	1.4576191676533e-05
4	48050	3.070286811177	0.00034985175467694
4	48054	3.070305559198	1.2026587861105e-05
4	48067	3.071301682179	6.2332421624713e-08
4	48071	3.071308617958	8.0172831844798e-06
4	48081	3.072297191367	3.6616906118525e-06
4	48085	3.072302929726	0.00026343164454571
4	48098	3.073260522655	2.9638685455536e-07
4	48102	3.073281817669	0.0012698124925755
4	48112	3.074244017707	1.1075512807188e-06
4	48116	3.074292283697	5.5941043558431e-09
4	48129	3.075289095477	0.00061214665937208
4	48133	3.07534104246	8.1603750090539e-06
4	48143	3.076291630178	1.0171714553829e-06
4	48147	3.076365380643	1.2899164543378e-05
4	48160	3.077305097369	0.00021451576961404
4	48164	3.077402487288	0.00025302751464398
4	48171	3.078255305987	5.6865979289244e-05
4	48178	3.078361116954	0.00066038640852903
4	48191	3.079227611882	5.8184246628821e-05
4	48195	3.079353573621	2.101010316418e-07
4	48205	3.080196453168	0.00023686256732658
4	48209	3.080351324343	0.0015040840588626
4	48222	3.081157142718	5.1842000579267e-05
4	48226	3.08135188456	5.9207493754837e-07
4	48233	3.082171422222	1.059082351738e-05
4	48240	3.082302411702	2.5310432873235e-05
4	48253	3.083177359762	0.0024970484749707
4	48257	3.083284901785	1.5121330460304e-05
4	48270	3.084192365696	5.9386950952486e-05
4	48274	3.084239675486	2.6099510823551e-05
4	48284	3.085144388006	8.7678903141263e-05
4	48288	3.085219266652	1.9436490906661e-09
4	48298	3.086142046055	1.08017665931e-05
4	48305	3.086177937414	3.5621586710904e-06
4	48315	3.08709649755	8.6237037093747e-07
4	48322	3.087186987469	5.4033340247639e-05
4	48329	3.088132640655	0.0001036920235746
4	48333	3.088206979615	1.7359993982279e-06
4	48346	3.089101886728	8.3616912350247e-05
4	48353	3.089221380147	0.00033504814283375
4	48360	3.090128866632	7.5547797315947e-06
4	48364	3.090178236353	1.479582535661e-07
4	48377	3.091092231513	2.1558070358963e-06
4	48384	3.091218128704	1.0019147359546e-05
4	48391	3.092060041206	0.0014018540134942
4	48398	3.092233770469	0.00050773044424499
4	48411	3.093049039738	1.2460441066763e-05
4	48415	3.09322522359	4.6840535972444e-09
4	48422	3.094070073204	4.4096122033497e-06
4	48426	3.094217103355	9.6482745532185e-05
4	48442	3.095068348955	0.00049651608782593
4	48446	3.095235348781	1.2665976578602e-06
4	48453	3.096083565548	0.0013100366683679
4	48457	3.096215416928	5.6237998005596e-07
4	48470	3.097090045395	1.9933162709547e-05
4	48477	3.097172241651	4.3860352195228e-08
4	48484	3.098096751986	1.0536141005781e-09
4	48488	3.098196838271	4.1122827162194e-08
4	48501	3.099125050037	2.3744332709419e-06
4	48508	3.099181240451	7.0915896974098e-07
4	48515	3.10016364108	9.3670120795708e-05
4	48519	3.100206337957	4.7569075781205e-06
4	48532	3.101186898247	2.2430089235042e-05
4	48536	3.101209413564	2.2193017774515e-05
4	48546	3.102165744178	3.8674966318237e-08
4	48550	3.102192484935	7.8537995246901e-07
4	48563	3.103140435496	2.9125379273086e-05
4	48567	3.103193237435	8.3862142424224e-05
4	48577	3.104174882393	4.8293852210569e-06
4	48581	3.104179741036	1.126368417851e-07
4	48594	3.105187142686	0.00010005761304689
4	48598	3.105190895647	0.00043541093449921
4	48608	3.106185009651	0.00011890118442008
4	48612	3.106234976776	8.5442916720542e-05
4	48625	3.107167397853	0.0046316632508685
4	48629	3.1071876689	0.00012780377510595
4	48639	3.108144007736	0.00010029776861476
4	48646	3.108192780212	1.2106068794583e-08
4	48656	3.109138864372	4.4697551612919e-06
4	48660	3.109188805058	0.007651842340117
4	48673	3.110158932435	0.00014113183360259
4	48677	3.110219212804	5.3149564203506e-06
4	48687	3.111177938203	0.00067394767902511
4	48691	3.111194615421	1.7912254088338e-06
4	48701	3.112182790901	0.00013320619455549
4	48705	3.112227392866	3.3298333711395e-05
4	48718	3.113207270994	0.00019770406064937
4	48722	3.113222926537	7.9294033737159e-05
4	48738	3.114176904604	3.5655914224511e-06
4	48742	3.114227142624	9.8245181384596e-06
4	48749	3.11515611964	0.0002264864093081
4	48753	3.115215759022	7.2708210660378e-08
4	48763	3.116154337635	9.5978648262064e-07
4	48770	3.116255135328	1.9752568692166e-07
4	48780	3.117139721158	7.0871554305893e-08
4	48784	3.117283558918	3.6029510587661e-08
4	48794	3.11815833979	4.6501795549475e-05
4	48801	3.118279708591	0.00012676072405053
4	48811	3.119167398947	3.2062848907307e-06
4	48815	3.119308396915	4.4360909606779e-05
4	48825	3.120138899744	3.2412313146181e-06
4	48832	3.120263471623	5.7859235336825e-05
4	48842	3.121172639822	9.732770792099e-07
4	48846	3.121218134661	6.9025573702551e-06
4	48856	3.122154715545	4.0264931220726e-05
4	48863	3.122230425522	3.7446344696449e-05
4	48876	3.123198314549	2.0599677482845e-05
4	48880	3.123263458725	6.1094325774772e-06
4	48890	3.124224108037	9.5760493855741e-09
4	48897	3.124254453707	4.6754450572442e-05
4	48907	3.125251230028	4.2581877196366e-05
4	48911	3.125297034834	2.8576538497548e-06
4	48927	3.12626539202	2.7663543773207e-06
4	48931	3.126290250828	3.0151708568117e-05
4	48938	3.127299069826	9.1412645112565e-08
4	48942	3.127307835997	1.8946095610148e-05
4	48955	3.128274384899	4.8111268204216e-05
4	48959	3.128338236254	1.2112771732641e-07
4	48969	3.129269595099	0.00026002821936727
4	48973	3.129344614856	2.2032707479167e-05
4	48986	3.130243848285	0.00024339060523633
4	48990	3.130375846362	4.6334700807517e-06
4	49000	3.131239529554	6.587371469751e-08
4	49004	3.131334061982	4.9743084580929e-05
4	49014	3.132260757362	1.273983204989e-05
4	49024	3.1322901382	2.9660648487524e-06
4	49031	3.133232167595	2.7241720787873e-08
4	49035	3.133267944882	1.3401121957137e-07
4	49048	3.1342188737	1.7567827452751e-06
4	49052	3.13422433316	3.8050854774433e-05
4	49062	3.135210621578	0.00015029659116393
4	49066	3.13526426806	3.6313392201735e-09
4	49076	3.136172937344	2.4985902300348e-07
4	49080	3.136246446431	5.0684987091676e-08
4	49093	3.137207887674	0.0005930733139131
4	49097	3.137216409523	0.00026447930838708
4	49107	3.138172613258	4.9579095587161e-06
4	49114	3.138252117207	1.5667390985866e-05
4	49124	3.139153908676	1.6973683001607e-05
4	49128	3.139279716426	1.278682520883e-08
4	49138	3.140189324951	1.1447326028688e-07
4	49142	3.140272006909	3.1650170724764e-08
4	49155	3.141231627999	2.1776169619624e-05
4	49159	3.141234205841	0.00015398600554527
4	49169	3.142237315389	7.8768296163243e-05
4	49173	3.14227701478	2.9973873729582e-05
4	49189	3.143279629599	1.9862084657196e-06
4	49193	3.14332238719	0.0011799610889515
4	49203	3.144280772917	0.018185741594998
4	49207	3.144284024338	5.3771814626679e-06
4	49220	3.145245490353	5.8891569119041e-05
4	49224	3.145323376224	4.2420262205663e-06
4	49237	3.146286393838	0.0019477653608867
4	49241	3.146288408565	3.1695411853548e-06
4	49251	3.147256030355	0.0012068253427901
4	49255	3.147303205071	2.9538307736071e-06
4	49265	3.148266490449	0.00014157203993631
4	49269	3.148272374066	0.00011849654264248
4	49282	3.149273914386	2.2525335738166e-07
4	49286	3.149289236841	9.1228191507898e-05
4	49296	3.15028769052	2.525134496572e-07
4	49300	3.150323795152	1.9226151495073e-06
4	49313	3.151281731385	5.4266488103307e-05
4	49317	3.151348063541	4.8573284486253e-05
4	49330	3.152297314068	0.0099320289141626
4	49334	3.152395744301	7.6220019133917e-06
4	49344	3.153325482324	4.8791574105144e-05
4	49348	3.153362228964	1.6856384634109e-07
4	49358	3.154373510083	9.2147886376349e-05
4	49365	3.154402746021	1.0847701523524e-06
4	49375	3.155336164508	4.9557670268096e-05
4	49379	3.155379367857	4.2801370890332e-07
4	49389	3.156311186612	5.6462425796984e-06
4	49393	3.15642509389	1.7585896452028e-05
4	49406	3.157295466318	0.00041997404860113
4	49410	3.157388805883	5.5017613005413e-08
4	49420	3.158284657258	3.8002950167332e-05
4	49424	3.158371687338	1.3809312017907e-06
4	49437	3.159261163108	0.00026740147818046
4	49441	3.159409303463	5.807899025148e-06
4	49451	3.160225907916	7.6821384530796e-07
4	49458	3.160375332346	7.0113034313823e-07
4	49468	3.161239076111	0.0012361970913676
4	49472	3.161368980274	3.1122245857712e-07
4	49482	3.162246570832	5.6697080547534e-08
4	49486	3.162347936824	1.3364181557383e-08
4	49502	3.163228871579	3.0460902722841e-08
4	49506	3.163304960795	3.7716570526878e-05
4	49513	3.164241105741	0.00011873089703945
4	49523	3.164294625366	1.3037224891012e-07
4	49533	3.165254881144	6.9768060249781e-07
4	49537	3.165310970472	0.00011439913126193
4	49547	3.166281780367	0.00011075017355753
4	49551	3.166293144949	8.872105952613e-07
4	49564	3.167269712521	9.5446676008707e-05
4	49568	3.167274841019	0.00098669472758756
4	49575	3.168226229906	2.8252337395288e-08
4	49582	3.168324233611	1.2745649960177e-08
4	49595	3.169256475356	2.1054250459589e-07
4	49599	3.169297685509	4.2979277843981e-05
4	49606	3.170212810049	1.543999088957e-07
4	49613	3.170292093022	2.9049789790153e-05
4	49626	3.171195670971	9.9427874578989e-05
4	49630	3.171333486705	1.4271409748177e-06
4	49637	3.1721547497	0.0014047881515034
4	49641	3.172285305866	6.3240362429711e-06
4	49657	3.173113567358	0.077542347023116
4	49661	3.173303405559	3.8995327302147e-06
4	49665	3.174069034552	2.381907927828e-07
4	49672	3.174254562396	5.5512948028835e-06
4	49688	3.17506749609	1.3466756777491e-05
4	49692	3.175281806989	9.6547184959236e-07
4	49696	3.176077393113	2.2670913903939e-07
4	49706	3.176287843386	5.4085434289592e-06
4	49719	3.177028667333	0.0021744953626972
4	49723	3.177279813801	6.6127810496724e-07
4	49727	3.178008818151	1.8443331218931e-05
4	49737	3.178294420744	3.0033162441842e-07
4	49750	3.179044304472	6.5451356806018e-06
4	49754	3.179273159645	4.494135691737e-06
4	49761	3.18004135247	0.0004448245192325
4	49765	3.180243386503	6.0582316564369e-07
4	49781	3.18101810054	0.00058561250096289
4	49785	3.181261184976	2.2842950361802e-07
4	49789	3.182038678136	6.9056526239565e-08
4	49799	3.182308025896	1.7385411187425e-05
4	49815	3.18308365886	5.490361596319e-05
4	49819	3.183273820324	3.8484641405863e-06
4	49826	3.184131957398	2.1166499216784e-06
4	49833	3.184239519851	1.2168618077768e-06
4	49846	3.185149494021	5.8389961593393e-05
4	49850	3.185210323667	1.780556874683e-06
4	49857	3.186115125128	2.1724811379401e-05
4	49861	3.186161129396	0.00081915234184066
4	49877	3.18708740055	4.2869901396115e-05
4	49881	3.187154595776	4.8467566174216e-06
4	49888	3.188088198941	0.00011211836215126
4	49892	3.188108780218	3.9875135086052e-06
4	49908	3.189059537696	0.00055878637017053
4	49912	3.189107519592	2.0127501948505e-07
4	49919	3.190082339463	1.2155651449199e-05
4	49923	3.190086109483	6.5991926120422e-08
4	49939	3.191078169487	8.6143201071512e-06
4	49943	3.191092582522	0.00045153870473303
4	49947	3.192040009263	2.7244480983696e-06
4	49957	3.192129012969	1.2565547828661e-05
4	49970	3.19306268335	1.9707365417867e-05
4	49974	3.19310865814	3.2688076328235e-07
4	49981	3.194020536386	0.00077297858857516
4	49985	3.194072156254	0.00024372406995268
4	50001	3.195029130489	4.5117454894202e-07
4	50005	3.195056693188	3.2959562989007e-05
4	50012	3.196043247746	4.7267450292654e-06
4	50019	3.196075735232	1.2744984477741e-05
4	50032	3.197049907068	2.0412335651425e-05
4	50036	3.197120565528	0.00013895058345854
4	50046	3.19807819292	1.1842630790516e-05
4	50050	3.198090623261	1.4752102041064e-05
4	50063	3.199061929212	0.0005868330634081
4	50067	3.199099910398	1.8892040951592e-05
4	50077	3.20009697833	0.00022785552048274
4	50081	3.200136026104	7.4772249686766e-05
4	50094	3.201101036756	0.00024559019000342
4	50098	3.201149034402	2.6030531874197e-07
4	50105	3.202101580648	3.1250510231281e-05
4	50109	3.202167299089	7.4674803120339e-07
4	50128	3.203129583243	3.3730822897573e-05
4	50132	3.203140610934	3.5995368869086e-05
4	50139	3.204102739458	9.81636770546e-07
4	50143	3.20413542431	1.1245239070468e-06
4	50159	3.205080131872	0.00034035941439037
4	50163	3.205158551885	4.9729016853701e-06
4	50170	3.206052030046	3.4432969570746e-05
4	50174	3.206115466633	5.4098922897524e-05
4	50187	3.207060709589	0.0018558502810483
4	50194	3.207130447798	9.7940683563947e-06
4	50201	3.208087379452	1.0071136261935e-05
4	50205	3.20815067717	1.4971783297862e-05
4	50218	3.209038833291	1.041272804152e-05
4	50225	3.209162028791	2.2366140584466e-07
4	50232	3.210011236889	2.0973560204472e-10
4	50236	3.210179967928	2.8789379952511e-06
4	50252	3.211036741023	0.00039523839563671
4	50256	3.211209089828	0.00034365528629886
4	50263	3.212081804435	1.1708446210556e-05
4	50273	3.212190552331	7.5619142317745e-08
4	50283	3.213090230301	5.3207937092405e-06
4	50287	3.213174372137	0.00013010263988811
4	50297	3.214055959664	2.6669641978704e-06
4	50304	3.214194184839	3.4312828145325e-06
4	50314	3.215031185999	3.3874347768284e-09
4	50318	3.21518697185	0.00021603282055924
4	50328	3.216057784833	3.2788592609493e-06
4	50335	3.216188941479	1.5385049280483e-05
4	50342	3.217031394053	1.9872890968085e-07
4	50349	3.217209237661	7.8269850011082e-05
4	50362	3.218054718382	2.0293606786775e-05
4	50366	3.218214285483	2.5196977101159e-05
4	50376	3.219055106823	2.5281588968035e-06
4	50380	3.219214373881	0.00016790294780506
4	50393	3.220055515552	3.1467723483478e-08
4	50397	3.220234191466	1.1778728922895e-06
4	50407	3.221080199463	9.2589614599313e-05
4	50411	3.221198674056	0.00020227365410859
4	50424	3.22208087789	3.0883909004287e-05
4	50428	3.222151736596	1.0336840917835e-05
4	50441	3.223057445469	5.3090467007417e-05
4	50445	3.223186943807	9.8391608343962e-05
4	50455	3.224019345447	1.5008680183372e-05
4	50462	3.224161066136	2.561944247085e-06
4	50472	3.225002105735	0.00010175357083715
4	50476	3.225172682863	0.0048139907035958
4	50489	3.226039488534	6.3321518204995e-05
4	50493	3.226191910901	3.9599523969843e-07
4	50503	3.227018806799	0.00060846175164438
4	50507	3.227235847453	8.1251508438238e-06
4	50520	3.228044292851	4.1952528424489e-05
4	50524	3.228279592551	2.1543091977408e-05
4	50534	3.229030690606	0.039424675218551
4	50538	3.229266673107	1.0912229257144e-06
4	50551	3.23000038638	0.00020891395884797
4	50555	3.230222109539	3.0894572570546e-05
4	50565	3.231038535234	3.7798636865699e-07
4	50569	3.231208153522	2.2809108670875e-05
4	50582	3.232061142161	3.2399764498138e-05
4	50586	3.232211970465	4.9830401915026e-09
4	50596	3.233088325108	0.00033924874489899
4	50600	3.233250161834	7.7904009784806e-06
4	50613	3.234117104063	3.8085317214864e-08
4	50617	3.234267207583	8.5064316036202e-05
4	50627	3.235082153414	2.7709681555289e-05
4	50631	3.235263272119	7.604815944914e-06
4	50644	3.236125915386	1.0187723251265e-06
4	50648	3.23629339726	4.0514714342577e-05
4	50658	3.237108893216	1.5006848208403e-05
4	50662	3.237320702759	3.0925129967595e-06
4	50675	3.238125837259	2.7847221819572e-05
4	50679	3.238272595489	2.0632805881344e-05
4	50689	3.239150990831	1.728268939503e-05
4	50693	3.239306657425	2.4071599764165e-05
4	50706	3.240194198867	3.1126300358568e-06
4	50710	3.240293883382	2.7110483146845e-06
4	50720	3.241214364881	4.6817047203361e-05
4	50724	3.241321159533	2.7623510853088e-05
4	50737	3.242176065874	0.00040326583478372
4	50741	3.242313201311	1.4133729897952e-06
4	50754	3.243225007949	1.3198068023683e-05
4	50758	3.243272548562	1.6873449369898e-07
4	50771	3.244179643951	0.00036780460026822
4	50775	3.244258661399	2.6419179614069e-07
4	50785	3.245187100937	0.00015474580950985
4	50792	3.245276709553	0.00013423493058777
4	50802	3.246204532272	0.0018085127203867
4	50806	3.246264754716	0.0076309499217622
4	50816	3.247220599721	4.2755617300488e-06
4	50820	3.247241664466	5.9859034163338e-06
4	50833	3.248205782365	5.3640314407269e-07
4	50837	3.24825721846	1.8060593772548e-06
4	50847	3.249209196915	0.00025186954313045
4	50851	3.249244435612	9.480791807044e-07
4	50866	3.250176506182	1.1075761656712e-09
4	50870	3.25029218255	4.6955475847775e-05
4	50880	3.251207204387	0.00085849270419732
4	50884	3.25129931852	4.9849008871261e-10
4	50897	3.25225520271	0.0001181901614194
4	50901	3.252305811657	5.100740887153e-05
4	50911	3.253210994234	0.00017429021358894
4	50915	3.253333792105	5.7267836784558e-10
4	50928	3.254214918145	0.00018972031480777
4	50932	3.254301261931	1.7124669368686e-08
4	50942	3.25516794037	2.2184067021254e-05
4	50946	3.25527597617	2.2864927143812e-05
4	50959	3.256125049962	6.3445124539163e-05
4	50963	3.256230952106	5.9927174839521e-05
4	50973	3.257125051434	2.2449983817954e-06
4	50977	3.257265676539	2.9799414168185e-07
4	50987	3.258132504361	8.241493304719e-06
4	50991	3.258216083146	2.0543311841219e-06
4	51004	3.259168706436	4.2724037220143e-05
4	51008	3.259235703896	9.0796780978655e-06
4	51018	3.260149495662	2.9616712028524e-05
4	51022	3.260236817364	8.7913364842312e-08
4	51035	3.26115849746	6.4058043900854e-06
4	51039	3.261245008833	0.00056463247521568
4	51049	3.262157761894	0.00015583577659286
4	51053	3.262220866753	1.6402619746517e-07
4	51069	3.263135712642	7.3735695786134e-05
4	51073	3.263223139342	0.00011592697045472
4	51083	3.264153221568	0.00020262883559267
4	51087	3.264201964376	2.5334590757483e-06
4	51100	3.265173733462	0.0001718764281572
4	51104	3.265237616803	1.1933589106331e-05
4	51114	3.266158005496	1.625522728782e-06
4	51118	3.266228985787	1.1807218439538e-08
4	51131	3.267197773697	2.9060814780449e-06
4	51135	3.267247079167	1.8963394638537e-05
4	51145	3.268207263409	0.00090542712284979
4	51149	3.268227637258	1.7394509553033e-08
4	51162	3.269227526399	5.3660338371761e-05
4	51166	3.269249953337	0.00022215714566042
4	51176	3.270227666197	1.048868213599e-05
4	51180	3.270268086056	6.869824839358e-05
4	51196	3.27126980155	7.0762919845324e-05
4	51200	3.271271100029	0.00060155235042402
4	51207	3.272252641629	1.3651876371921e-09
4	51211	3.272281634514	1.4592933406392e-08
4	51227	3.273208910665	5.1751986173665e-07
4	51231	3.273309010867	1.6147289105233e-06
4	51238	3.274208576468	0.00019174277294788
4	51242	3.274267390093	0.00075623609489888
4	51258	3.275173727198	4.8979478992241e-06
4	51262	3.275286508038	0.00010237831560983
4	51269	3.276150618	3.1436039024471e-05
4	51273	3.276328557624	4.7417480558617e-06
4	51286	3.277141214769	0.00069387054880844
4	51293	3.277347395773	0.00021031097594879
4	51300	3.278105410392	1.1484799858172e-07
4	51307	3.278388415576	0.0010425761784242
4	51317	3.279133984293	1.4797984404794e-07
4	51324	3.279429626122	7.6470769957011e-06
4	51331	3.280114374611	2.9463780002171e-06
4	51338	3.280415513426	1.5187835574806e-07
4	51345	3.281159823204	9.2868684344766e-05
4	51355	3.281455922095	9.8032541368422e-06
4	51362	3.282151236677	2.910444236025e-06
4	51369	3.282432572336	2.1908439651649e-05
4	51376	3.283175515438	8.7465517959183e-07
4	51389	3.283473109083	9.9289639487162e-05
4	51399	3.284148245567	6.3929334316467e-06
4	51403	3.284501332721	7.8324429484087e-05
4	51410	3.285150756244	0.001243643953892
4	51423	3.285511805857	3.5165142787022e-06
4	51427	3.286145263263	3.3996875926892e-09
4	51434	3.286483270194	2.010177780169e-07
4	51441	3.287190329697	0.00036982100735154
4	51451	3.287479422081	1.5587081197056e-06
4	51458	3.288234094469	5.4618728447487e-08
4	51465	3.28844789704	0.00015957864974739
4	51475	3.289214452865	0.00019595625560981
4	51482	3.289432662972	4.4811135754149e-05
4	51489	3.290258760223	8.7571456308134e-06
4	51496	3.290470932885	0.00073910968853938
4	51506	3.291223889858	6.4931191985401e-05
4	51513	3.291454618064	6.5592366435615e-07
4	51520	3.292203329931	8.2754888146589e-05
4	51527	3.292487684638	5.9921403211615e-05
4	51534	3.29317167033	9.0958387719531e-05
4	51541	3.293460235449	2.8876766247802e-06
4	51551	3.294201636928	1.9984217300221e-06
4	51558	3.29442901886	0.00060295120277528
4	51565	3.295206579944	1.1642068959566e-06
4	51569	3.295458442316	5.3446785540671e-07
4	51582	3.29622004457	4.6378460663627e-07
4	51586	3.296448991782	3.9550150599294e-06
4	51596	3.297174660791	2.4678821977651e-07
4	51603	3.297449496335	0.0019112389853541
4	51613	3.29822047643	2.281734587987e-07
4	51617	3.2984222648	3.8429308172915e-05
4	51627	3.299241669711	0.00052203669650714
4	51634	3.299428092433	2.3580261780115e-05
4	51644	3.300194270072	0.0007773323147104
4	51651	3.300475412362	2.9462901321745e-05
4	51658	3.301209340855	0.00049788836063265
4	51665	3.301464364913	3.821595371145e-05
4	51675	3.302254202015	3.6884215556887e-06
4	51682	3.302442651622	1.1939653493221e-06
4	51689	3.303210288398	4.4392056267313e-05
4	51699	3.303416156629	5.2148033911895e-07
4	51709	3.304223962113	2.4542557259225e-06
4	51713	3.304392905514	2.9697784070813e-08
4	51723	3.305216475404	1.0810196308124e-05
4	51730	3.305439816272	0.0033638649531221
4	51740	3.306228676425	0.00012127839238957
4	51747	3.306415568934	3.9954539908611e-06
4	51754	3.307260553615	1.6646962124685e-06
4	51761	3.307434283288	2.0634429276329e-09
4	51774	3.30822972968	0.00018797871987556
4	51778	3.308435096119	0.00023865136021332
4	51785	3.309249438638	4.0488978299694e-06
4	51789	3.309461678934	2.4139673987382e-06
4	51802	3.310296590316	0.00020122200846884
4	51809	3.310510681532	0.00012246128439463
4	51816	3.3112564023	3.2095101184546e-05
4	51823	3.3115304113	5.5515489253984e-06
4	51833	3.312302553847	3.119631785517e-05
4	51840	3.31256065239	0.00010690580729072
4	51847	3.313328815213	3.6697622857986e-05
4	51851	3.31351694661	7.8994410896208e-05
4	51864	3.314311928277	3.5517244692891e-05
4	51871	3.31450361273	5.5510338369922e-07
4	51878	3.315317756272	3.9186070194135e-05
4	51882	3.315533068343	5.2629060680968e-07
4	51898	3.316330374619	0.00039588113853361
4	51902	3.316503264551	0.0017361084995063
4	51909	3.317296002406	1.6332317629871e-05
4	51913	3.317523265353	2.49636845136e-06
4	51929	3.318295950788	2.621678035845e-05
4	51933	3.318547893255	0.0010933663547954
4	51940	3.319302048543	0.00060977117013865
4	51944	3.319533881765	5.0093775437215e-07
4	51960	3.320278365794	3.9317927539349e-06
4	51964	3.320492724155	1.9998287347706e-06
4	51971	3.321275356993	9.4538854530496e-05
4	51975	3.321462281697	6.7954427747707e-05
4	51991	3.322226436618	0.00111470472467
4	51995	3.322431832561	5.5590034361982e-05
4	52002	3.323232359984	3.8533853084911e-06
4	52006	3.323395420594	5.7125728883536e-05
4	52025	3.324253850823	1.2961593627355e-06
4	52029	3.324440164438	2.9757830091103e-06
4	52036	3.325299084049	9.5862872247203e-08
4	52040	3.325405905421	3.039754599949e-05
4	52056	3.326347407721	1.3199440022659e-05
4	52060	3.326376866933	0.00029347914541778
4	52067	3.327383731492	0.0027120781941765
4	52071	3.327417926537	4.6616481174819e-05
4	52087	3.328346709719	0.0001129372936858
4	52091	3.328435141991	4.5595986271719e-07
4	52098	3.329384902237	1.4897457245268e-07
4	52102	3.329437636338	8.5576889583378e-05
4	52118	3.330393785283	0.0022315619819315
4	52122	3.330436802274	9.9357476387853e-06
4	52129	3.33137738353	2.3254784894136e-06
4	52133	3.331480822629	5.6400955270183e-07
4	52149	3.332401385024	0.0011008300971888
4	52156	3.332477240103	3.8248658126929e-05
4	52160	3.333388862395	5.6456072272046e-06
4	52164	3.333464048269	8.3179109654188e-06
4	52183	3.334372989775	2.5699802061744e-07
4	52187	3.334433225299	3.2922899124793e-08
4	52191	3.335324263061	1.6975083021238e-06
4	52195	3.335410359171	0.00010209296392336
4	52211	3.336328814243	0.00063584296779291
4	52218	3.336456632633	2.0738957636609e-05
4	52222	3.337365377089	0.0012897016492126
4	52226	3.337435034684	0.00012993514353127
4	52242	3.338409635034	0.00028287345439909
4	52246	3.338459827212	0.0031015466891798
4	52253	3.339437664078	2.6570126495894e-06
4	52257	3.33945862735	3.0880433830636e-05
4	52273	3.340439942668	2.9621130289129e-06
4	52277	3.340473726946	7.7109272464639e-08
4	52284	3.341398917189	2.0911804118138e-06
4	52288	3.341505551675	5.540186710282e-07
4	52301	3.342416588567	3.6681496055603e-06
4	52305	3.342509207285	1.068502945853e-05
4	52315	3.343430737659	3.1884300097835e-05
4	52319	3.343522079036	1.5726750223474e-06
4	52335	3.34446353974	0.00015658230896974
4	52339	3.344569994328	9.7477911777367e-07
4	52349	3.345490367292	1.0393226188071e-06
4	52353	3.345556649179	1.0004223282765e-06
4	52366	3.346526770838	1.6694530212781e-06
4	52370	3.346604797567	0.00032913229782505
4	52380	3.34751064097	0.00059214785231286
4	52387	3.347584717847	3.4804570335476e-05
4	52397	3.348539689468	9.0055483494931e-09
4	52401	3.348547257724	3.7430050397571e-08
4	52414	3.349500439708	9.7267241700176e-06
4	52418	3.349535977316	7.1793035907214e-07
4	52428	3.350510564083	6.8820429087659e-07
4	52432	3.350515307842	1.687103483343e-06
4	52445	3.351517035119	7.5242737824366e-09
4	52452	3.351562945231	0.00036062613486891
4	52459	3.352536233327	1.2770540625797e-06
4	52463	3.352547764247	0.00010306958234291
4	52473	3.353526851017	5.1595547428928e-05
4	52477	3.35358347438	8.8481105101404e-06
4	52490	3.354547044247	1.5123215908415e-06
4	52494	3.354607950689	1.418513491263e-07
4	52504	3.355583304342	4.3046716201077e-06
4	52508	3.355584462817	8.6616458703541e-06
4	52521	3.356575679478	0.003282249671663
4	52525	3.356628054199	2.8448132366798e-05
4	52535	3.357530676218	3.7029105460213e-06
4	52545	3.357633831917	6.850317131239e-05
4	52552	3.358528298897	0.00090377827806575
4	52559	3.358678395519	9.8640421746739e-06
4	52569	3.359547372757	1.7419515943622e-05
4	52576	3.359724580652	2.3231495716782e-08
4	52583	3.360528182647	3.9803487685e-07
4	52590	3.360734744816	8.267993467679e-07
4	52600	3.361486461707	8.4276931943467e-05
4	52607	3.36175640433	4.8543570733153e-07
4	52614	3.362532692432	2.5623862323709e-07
4	52621	3.362723884807	0.00045958555012012
4	52637	3.363507079503	7.6440000679923e-06
4	52644	3.36374704713	2.655423024473e-05
4	52648	3.364472047529	0.00011178603724048
4	52655	3.364697489806	7.9797555325305e-08
4	52662	3.365426874722	5.6775699386534e-07
4	52675	3.36566930481	1.761087290666e-07
4	52679	3.366457275848	2.0624010191744e-12
4	52683	3.366657513689	1.7780997686497e-06
4	52693	3.367437477739	0.00010476212827427
4	52703	3.367686166225	2.2597371843588e-07
4	52710	3.368403737066	8.4154326190341e-07
4	52714	3.368637431276	3.700887630875e-06
4	52724	3.369440279385	1.4144546650789e-05
4	52734	3.369643843356	3.101303190184e-05
4	52741	3.370436516631	4.598969601742e-05
4	52745	3.370637989287	0.00010296221314237
4	52755	3.37143769363	7.184438772479e-06
4	52765	3.37168208593	5.2902160587472e-05
4	52772	3.372485284088	5.3833232461143e-06
4	52776	3.372702735129	1.8872740164891e-08
4	52786	3.373491150697	0.00036691016283752
4	52796	3.373747395054	8.3650091670664e-08
4	52803	3.374483994696	5.8719241834174e-05
4	52807	3.374710609657	3.8181550213718e-07
4	52820	3.375492842586	0.00012687294394656
4	52827	3.375661686369	6.5069046384562e-05
4	52834	3.376536633366	4.5159394695211e-06
4	52838	3.376637267401	1.3602153784193e-07
4	52851	3.377496505564	3.7062209069256e-06
4	52858	3.37759446239	8.4985156353838e-06
4	52865	3.378541726402	2.1608242143163e-07
4	52869	3.378639611902	9.9953362036507e-06
4	52885	3.379520540283	1.5110615807209e-06
4	52889	3.379592671803	5.2152410530432e-07
4	52896	3.380520361848	8.452709920193e-06
4	52900	3.380554156153	4.8830001220972e-06
4	52916	3.381529641034	6.9311592526715e-06
4	52920	3.381564537217	1.2518493887548e-05
4	52927	3.382498699086	2.0081854533063e-05
4	52931	3.38261087218	4.7892530438145e-10
4	52950	3.383469617319	4.2297013565997e-06
4	52954	3.383639507645	0.0016896477731949
4	52961	3.384476379227	4.1736407084304e-05
4	52965	3.384610531544	1.6099074487911e-05
4	52978	3.385438702671	7.8137334111477e-07
4	52988	3.385646408543	0.00043763070570323
4	52992	3.386459515985	7.9496674328701e-06
4	52996	3.386606846562	1.8240773350428e-07
4	53009	3.387442624159	2.1347538889137e-07
4	53013	3.38757656577	4.2660810051845e-05
4	53023	3.388451064668	9.1074725745957e-06
4	53027	3.388614022551	1.3400740544424e-05
4	53040	3.389405099704	0.001422843311171
4	53047	3.389587831714	2.4754613614632e-05
4	53054	3.390417550947	2.0417633680237e-07
4	53058	3.390569890085	7.8136067324068e-07
4	53071	3.391413688386	1.4896022375029e-07
4	53075	3.391538720514	0.00077364291857695
4	53085	3.392409450875	1.8526680832014e-07
4	53089	3.392548502662	1.0656998372571e-06
4	53102	3.393434447306	3.487205924096e-06
4	53106	3.393595363795	1.9084246410384e-08
4	53116	3.394473134293	8.0790171388551e-05
4	53120	3.394575253846	0.00012108160695271
4	53133	3.395445061474	0.00021589773962793
4	53137	3.395571758337	6.5310248791753e-05
4	53147	3.396400068158	0.00010396221345855
4	53151	3.39659423518	0.00031849319039543
4	53164	3.397444588487	0.00010629032430067
4	53168	3.39755518044	5.483250009471e-08
4	53178	3.398481760893	7.6135093600816e-06
4	53182	3.398601923182	0.0002051862254151
4	53195	3.399451572771	0.0052823310040236
4	53199	3.399621907648	4.0044173625392e-05
4	53209	3.400459763975	0.00032238178957137
4	53213	3.400573845845	4.9745741087034e-05
4	53223	3.401477303968	1.7844599111246e-06
4	53230	3.401597440326	0.0002950502221959
4	53240	3.402467103096	3.5213098365417e-06
4	53244	3.402642807902	1.7094836652089e-05
4	53254	3.403470341123	7.3004581804421e-06
4	53264	3.4036435338	2.4630602648473e-06
4	53274	3.404446436846	1.4592022604973e-06
4	53278	3.404621172489	3.5971965723143e-05
4	53288	3.405485269817	1.8194087614175e-06
4	53295	3.405608511676	5.4635211488953e-06
4	53305	3.406452507733	1.1027820833039e-06
4	53309	3.406609500894	0.00011672573500091
4	53322	3.407490517479	7.0550945855881e-05
4	53329	3.407655476614	4.0352143987104e-07
4	53336	3.408511553195	2.6595311244122e-05
4	53340	3.408626457411	0.0020373535919559
4	53356	3.409521827035	1.7392871687428e-06
4	53360	3.409592974211	2.0083279806416e-06
4	53367	3.41054562361	0.00038456071717708
4	53371	3.410588438906	2.2978627982791e-08
4	53387	3.411543897433	9.8507966255346e-06
4	53391	3.411547309794	2.2940891519567e-05
4	53398	3.412498941739	7.0852792749888e-05
4	53402	3.412553609344	5.9012502374326e-06
4	53418	3.413528043521	5.1975870908709e-09
4	53422	3.413559347051	1.8446516478808e-07
4	53429	3.414521902255	5.1316390527812e-05
4	53436	3.414572736679	0.00017422125957108
4	53449	3.415477351069	7.1090666611837e-07
4	53453	3.415538701043	3.4788809723438e-07
4	53460	3.416526360665	4.5400339216709e-07
4	53464	3.416535103721	0.00057010211805789
4	53480	3.417484721463	0.00032236211989175
4	53484	3.417584214364	7.5469688461198e-05
4	53491	3.418516768693	0.00034382028385754
4	53495	3.418575466233	2.4568832340174e-06
4	53511	3.419507639861	3.1322475092251e-05
4	53515	3.419529133954	0.00033119904833211
4	53522	3.420526550042	2.5617643256835e-05
4	53526	3.420577426371	1.0991513162389e-06
4	53542	3.421548854825	1.0811404173616e-07
4	53546	3.421553429571	0.0066406219310933
4	53556	3.422578924555	1.3673012445762e-06
4	53560	3.422598784429	0.00022181553346751
4	53576	3.423577534153	6.2197248820102e-06
4	53580	3.423599030987	2.4161715458318e-06
4	53587	3.424608638741	1.0811801273451e-06
4	53591	3.42461975988	0.00021895925626492
4	53607	3.425579558197	1.8237575154183e-05
4	53611	3.425600291248	1.2997949136298e-06
4	53618	3.426531388259	6.4456037351265e-05
4	53622	3.42663184928	2.7377122758138e-05
4	53638	3.427507111403	1.9823468170127e-07
4	53642	3.427633006137	0.0012381721085543
4	53649	3.428537299857	4.8947788845357e-05
4	53656	3.428680597699	3.5431854677911e-06
4	53669	3.429510136518	0.00010472966629675
4	53673	3.429656796339	2.1487918182973e-05
4	53683	3.430469185824	0.0010426208752494
4	53687	3.430627064827	0.00018710090215254
4	53697	3.4314439661	2.0937122614718e-05
4	53704	3.431638057357	3.9286443217563e-06
4	53711	3.432449227178	1.4626710893949e-05
4	53718	3.432666099728	0.00041721452846591
4	53728	3.433471299484	3.4088994284111e-05
4	53735	3.433693461009	2.6164830905704e-07
4	53745	3.434502370967	0.00019618358701013
4	53749	3.434659688198	1.026977113654e-06
4	53759	3.435512333178	0.0017795566604507
4	53763	3.435677422257	7.1418060526718e-05
4	53773	3.436505473906	0.00022603079151488
4	53780	3.436703700961	5.0580641176801e-07
4	53790	3.437541716873	6.5667843079318e-05
4	53794	3.437691687861	0.00052774092752627
4	53804	3.438552688924	2.8421352914666e-07
4	53811	3.438649021479	4.6508580906844e-05
4	53821	3.439558708514	2.8450989695396e-06
4	53825	3.439652717269	7.6705383104352e-05
4	53835	3.440554722072	8.2863756998727e-06
4	53839	3.440654358531	5.3846405018201e-07
4	53852	3.441548425381	0.00080136739376612
4	53856	3.441662669909	1.4248373767242e-05
4	53866	3.44250976773	9.6535846583723e-05
4	53873	3.442641282625	0.0011586578840823
4	53886	3.44349280899	8.356486053494e-05
4	53893	3.443639794867	6.6830091560266e-06
4	53900	3.444520569891	3.1147951811849e-05
4	53907	3.444653875604	0.00013089330587409
4	53917	3.445473030333	1.374051964127e-08
4	53924	3.445618385459	5.3244905071398e-05
4	53934	3.446461113504	3.1512037061208e-05
4	53938	3.446576442295	2.6704967863492e-06
4	53945	3.447440070021	7.4875791363578e-06
4	53955	3.447562590343	9.2265756580286e-06
4	53962	3.448419217609	0.00016166029059741
4	53966	3.448550157276	0.00027271982046806
4	53976	3.449445392546	2.0475777449246e-05
4	53983	3.44956193855	5.3807466403663e-06
4	53993	3.45042564865	2.9139185935426e-06
4	54000	3.450560054519	6.9673241686139e-06
4	54013	3.451448691868	2.9749500769382e-05
4	54017	3.451582916919	0.00022094231048263
4	54024	3.452459018849	0.00057942281695007
4	54031	3.452584612194	4.9357884900699e-06
4	54041	3.453447307729	3.5102679864416e-07
4	54048	3.45355728587	4.401436248613e-06
4	54055	3.454411642921	9.5935315013611e-05
4	54062	3.454561406753	1.8099776690658e-05
4	54072	3.455365160016	9.7599519032216e-06
4	54079	3.455549134504	0.0083110099564407
4	54086	3.456407385135	4.9623899017005e-07
4	54093	3.456502281413	1.5925149809099e-05
4	54103	3.45737664005	1.0396494822618e-05
4	54107	3.457514819355	3.9633184020407e-05
4	54117	3.458416308824	6.8789001168225e-06
4	54121	3.458480663602	4.6090092813285e-08
4	54134	3.459449674175	1.7288191586432e-06
4	54138	3.459485138718	6.8208649939877e-07
4	54148	3.46040072271	6.7758684176601e-05
4	54152	3.460465849622	0.0033415106686179
4	54168	3.461362721628	7.2832261965169e-06
4	54172	3.461494113016	5.8724557011934e-08
4	54179	3.462376006267	0.0072401117842715
4	54183	3.462454635133	1.0406308133692e-08
4	54199	3.463378333008	5.2052566981843e-06
4	54206	3.463456267601	5.512711166963e-05
4	54213	3.464407762897	3.7649657517591e-06
4	54217	3.464499990497	4.2678683228088e-07
4	54230	3.465381864554	5.3372504455817e-05
4	54234	3.46548922857	1.2065824678277e-07
4	54244	3.466356319367	7.7732430183857e-06
4	54248	3.466454787375	1.3626730978291e-05
4	54261	3.467401501739	5.3158250941596e-05
4	54268	3.467414223168	4.783388087664e-06
4	54275	3.468421229374	2.8984504733554e-08
4	54279	3.468459334172	8.4017541977534e-08
4	54295	3.469392208871	0.00012339022250549
4	54299	3.46942730993	0.00029042460735477
4	54306	3.470349549749	1.5237555677937e-06
4	54310	3.470436912772	3.5873315861626e-06
4	54326	3.471334914361	5.4481149424194e-06
4	54330	3.471393213204	3.025701681737e-05
4	54337	3.472343724272	2.3932614236737e-05
4	54341	3.472407399339	2.4733348087037e-06
4	54354	3.473343422986	0.0001909052570237
4	54358	3.473358023923	0.00016516526192839
4	54368	3.474310767742	0.0022551880653276
4	54372	3.474363288616	4.9764033554373e-08
4	54382	3.47533480972	0.00037360128303552
4	54389	3.475399185049	3.562712143122e-05
4	54399	3.476380732471	1.377980118463e-07
4	54403	3.476407891649	2.6537712133703e-06
4	54419	3.477380600709	1.0777582021574e-06
4	54423	3.477407435793	1.9595782796724e-05
4	54430	3.478418929564	0.00040699268525485
4	54434	3.47844472236	0.00026129542896927
4	54450	3.479423155895	5.119071773583e-06
4	54454	3.47946492661	2.2070897539076e-05
4	54461	3.480466590123	0.00045803774824435
4	54465	3.48047228257	1.5812231318516e-06
4	54481	3.481451999483	3.3258310444725e-06
4	54485	3.481492676327	6.9251863671194e-06
4	54492	3.482415154213	1.0533409196331e-05
4	54496	3.482522597608	3.0301311959997e-05
4	54515	3.4834104214	0.000580187373011
4	54519	3.483494282718	7.7895466388729e-06
4	54526	3.48445230923	3.5952417582075e-05
4	54530	3.484452679095	6.9737124713631e-06
4	54546	3.485402855805	0.00021979257771196
4	54550	3.485481675105	0.00061824449648575
4	54557	3.486356402233	5.0502794941213e-08
4	54561	3.486485763017	0.0063813359898558
4	54577	3.487372851743	1.89288123622e-05
4	54581	3.487460013627	0.00064331977278929
4	54588	3.488408695024	6.3558876658345e-06
4	54592	3.488508134547	0.00042798786154105
4	54608	3.489398459311	2.2932231979647e-06
4	54612	3.489474211139	3.5182940983788e-08
4	54619	3.49037263404	0.00016588607702256
4	54623	3.490431062248	6.3577609169917e-06
4	54639	3.491326181355	1.6391720369423e-07
4	54643	3.491421599091	0.0014936484866194
4	54650	3.492347170455	0.00092989115595785
4	54654	3.492385197853	1.910820106436e-07
4	54670	3.493334788602	0.00044004296360434
4	54674	3.493399545902	2.2494753731959e-06
4	54681	3.494373201535	0.00015813979009595
4	54685	3.494409294203	5.0012236479715e-06
4	54701	3.495358428198	1.4616019612306e-06
4	54705	3.495374478006	5.9875821177384e-05
4	54712	3.496329025252	7.014232153096e-06
4	54716	3.496353226701	0.00011209163723299
4	54732	3.49731378602	0.00018688854840026
4	54736	3.497390850688	7.6687160170886e-06
4	54743	3.498358826512	4.9804695074618e-05
4	54747	3.498359899346	1.8084795302141e-07
4	54763	3.499312929106	3.7886035506473e-05
4	54767	3.4993550042	0.0001229210666105
4	54776	3.500299541187	6.5528489523223e-06
4	54780	3.500306681542	3.5523883966814e-05
4	54796	3.501317139955	2.3650070906565e-06
4	54800	3.501322585016	3.3663913501883e-07
4	54807	3.502311050564	2.8666673224251e-07
4	54811	3.502320745456	1.0960226883537e-08
4	54830	3.503297826629	1.4841608176709e-08
4	54834	3.50333331019	2.0716976728229e-06
4	54841	3.504251020039	3.4724671704278e-05
4	54845	3.504290816343	0.00011855169640708
4	54861	3.505286914198	1.0155517449874e-05
4	54865	3.505312147074	1.4145817619205e-08
4	54872	3.50629913847	0.0034649922047134
4	54876	3.506306158958	6.5737170854219e-06
4	54892	3.507289410603	9.6336969500091e-10
4	54896	3.507307533254	1.474930611095e-07
4	54903	3.508297259111	4.0831138296427e-05
4	54907	3.508319871935	6.7176110979553e-05
4	54923	3.509295480429	3.3905781771835e-05
4	54927	3.50933189725	1.3964868540045e-07
4	54934	3.510264999385	0.02088241702151
4	54938	3.510297341589	4.8371058301549e-06
4	54954	3.511297070413	0.00022999871694909
4	54958	3.511343580954	0.00097541270209325
4	54965	3.512274142392	0.00010723016939623
4	54969	3.512334324704	2.4895565709995e-07
4	54985	3.513255241473	2.6738657493317e-06
4	54989	3.513378599541	1.9574252524974e-07
4	54996	3.514210850251	1.6370709458009e-05
4	55003	3.514330661827	1.5789291141443e-05
4	55016	3.515183737883	0.0013079079299031
4	55020	3.515303082546	1.2853234147019e-06
4	55027	3.516181804899	0.00010480729212066
4	55034	3.516297723873	9.0814431940694e-05
4	55047	3.517165092917	0.0001938764226839
4	55051	3.517295360025	5.8962148423227e-05
4	55055	3.518133823946	0.0002176390229663
4	55065	3.518270666621	2.7490100892357e-06
4	55078	3.519104403499	0.00016923654702574
4	55082	3.519251520579	0.00036918430662084
4	55086	3.520139901144	7.7711379874354e-06
4	55093	3.520264772023	1.0954428599011e-05
4	55109	3.521117560458	8.5114542126998e-05
4	55113	3.52126854851	2.0426414655899e-05
4	55120	3.522165397884	3.2690414444501e-07
4	55124	3.522228942365	1.2808754245371e-06
4	55143	3.523199876376	0.0011646276649274
4	55147	3.52321329116	1.1766170655076e-05
4	55154	3.524152609668	3.2321763871391e-07
4	55158	3.524188583137	4.1756471749819e-05
4	55174	3.525159913968	0.00011344794122006
4	55178	3.525160386765	3.0010827607942e-05
4	55182	3.526134214919	2.5779066835022e-06
4	55186	3.526181099775	8.1456032652431e-07
4	55202	3.527113405756	2.0604884060046e-05
4	55209	3.52718927759	1.2812779129063e-05
4	55216	3.528150897979	9.8335261615148e-06
4	55220	3.528202386741	4.542402509513e-05
4	55236	3.529169532087	3.2361103508526e-05
4	55240	3.529222580392	0.00032299861169664
4	55244	3.530197829346	0.0042104167888768
4	55248	3.530215321571	3.8059288184301e-06
4	55264	3.531171541318	0.00076134216591296
4	55271	3.531199116417	2.8940754944834e-06
4	55278	3.532181312494	0.018842789403535
4	55282	3.532247501912	6.5816047573533e-05
4	55295	3.533144212046	6.3196766552762e-05
4	55302	3.533271834587	3.7367329904551e-05
4	55306	3.534192407647	7.3828187708367e-07
4	55310	3.534262813551	3.1039328470477e-06
4	55326	3.535192879354	8.278425922907e-08
4	55330	3.535248741199	1.602225657316e-06
4	55337	3.536209538627	7.0894966292958e-05
4	55344	3.53628811668	1.0954355471356e-05
4	55360	3.537258424162	0.0016973497705665
4	55364	3.537284500431	2.1440265639981e-05
4	55368	3.538246620836	0.010278842320258
4	55372	3.538272485377	2.3843358383306e-06
4	55391	3.539281112818	2.2163110164977e-07
4	55395	3.539282485068	1.7513027240697e-05
4	55399	3.540256035843	0.00042634581333825
4	55403	3.540298467216	1.7722502958452e-08
4	55419	3.541221203145	2.3758716198784e-06
4	55426	3.54134247449	8.8472229955276e-07
4	55430	3.542263093656	8.4450459733445e-05
4	55437	3.542359437463	1.0798882626452e-05
4	55456	3.543247052332	1.6104207349139e-08
4	55460	3.543398008417	1.3311351573602e-05
4	55464	3.544264967556	9.342919571892e-08
4	55468	3.544398871032	4.3314036494284e-07
4	55487	3.545285347071	2.0849219021391e-08
4	55491	3.545417331561	4.6758686475533e-05
4	55495	3.546278638134	1.9760965765784e-06
4	55499	3.546374754073	2.0256107740871e-06
4	55518	3.547260613641	1.0080273876674e-08
4	55522	3.547363058529	9.9694029975511e-07
4	55526	3.548310609853	3.978055800983e-05
4	55530	3.548334534288	0.00036370829229564
4	55549	3.549275932864	0.00045963352386106
4	55553	3.54935987954	0.00011814880716802
4	55557	3.550276437812	5.3908291156249e-06
4	55561	3.55031550815	0.00025803864252976
4	55580	3.551278305111	9.584848616195e-07
4	55584	3.551281455598	2.7827466078786e-07
4	55591	3.552264448029	6.9448687602379e-06
4	55595	3.552264897402	1.3260050301133e-06
4	55608	3.553224729427	2.9687221421081e-06
4	55612	3.553293098978	2.0854594917833e-07
4	55622	3.554243918032	7.8047297613378e-05
4	55629	3.55431946151	1.504564721784e-07
4	55639	3.555228778668	2.7725716616711e-06
4	55646	3.555308336974	9.1315575350448e-05
4	55656	3.556245436433	0.00010848968246899
4	55660	3.556292638325	2.4048072062618e-08
4	55673	3.557243423489	0.00016175018289513
4	55677	3.557286143055	9.6359392241745e-06
4	55687	3.558269991779	2.5748924696397e-05
4	55691	3.558319465044	9.1161569532425e-08
4	55704	3.559312545815	8.0874713919082e-06
4	55708	3.559364355438	2.0658231430337e-07
4	55718	3.560277066355	0.00048008255892596
4	55725	3.560384858451	4.2662751846222e-06
4	55735	3.561238362702	3.0347006237756e-06
4	55739	3.561401751725	5.1407688618069e-06
4	55749	3.562285831804	3.0657774551846e-07
4	55753	3.562367646607	9.5273783856451e-11
4	55769	3.563313695235	0.00014879931716805
4	55773	3.56338884932	1.6245928642165e-07
4	55786	3.564312686916	1.0639856532096e-06
4	55790	3.564396779498	8.6001393067576e-09
4	55800	3.565277155222	1.1099770141702e-05
4	55804	3.565368842474	7.7437503442521e-08
4	55814	3.566286084998	2.519097054108e-05
4	55818	3.566318848026	4.7551976178674e-06
4	55831	3.567313404898	9.6355532746174e-06
4	55835	3.567329288985	0.0047905840418657
4	55845	3.568292390714	5.877739419185e-05
4	55849	3.568337829434	8.2887546751978e-06
4	55862	3.569282226562	9.1407836854726e-05
4	55866	3.569310218085	6.0331595170987e-05
4	55876	3.57024532014	1.9287569210375e-05
4	55883	3.570321815265	1.0607713662588e-07
4	55890	3.571282652462	5.9187787933431e-06
4	55894	3.571287881649	1.1663233618074e-05
4	55910	3.572261897699	5.530401356956e-06
4	55914	3.572267849981	0.00027819456465389
4	55921	3.573215006351	3.3885819665092e-06
4	55925	3.573218129596	9.115397181274e-06
4	55938	3.574165912429	3.354125369238e-06
4	55942	3.574249458007	7.3851395296077e-06
4	55952	3.57519780132	1.1799049042367e-05
4	55956	3.575243188756	9.553441158462e-10
4	55969	3.576188096629	0.00017790451653568
4	55973	3.576211543556	4.3299462257615e-05
4	55983	3.577178263026	0.00083201759631513
4	55987	3.577182691924	0.00018510939230171
4	56000	3.578129302232	6.7759809464228e-06
4	56004	3.578175509169	1.3050740872402e-05
4	56014	3.579101986149	7.9242027892803e-05
4	56018	3.579191111146	0.0012891661913439
4	56031	3.580058818044	0.00015519280541985
4	56038	3.580203691918	3.9396724479019e-05
4	56045	3.581055917949	1.7670861284098e-05
4	56049	3.581196399693	0.00043936708274419
4	56059	3.582081239604	2.8587320438752e-05
4	56066	3.58221948575	4.6805038935898e-05
4	56079	3.583041650366	0.00031279112133749
4	56083	3.583187534851	5.6432402295729e-05
4	56093	3.584077906375	2.2290949434547e-05
4	56100	3.584179992017	1.2559497724346e-05
4	56110	3.585056669286	1.8167185200464e-05
4	56114	3.585221709805	2.2899275978504e-06
4	56124	3.586034046235	2.738218820663e-05
4	56131	3.586240203612	1.5196358928193e-05
4	56141	3.587074691735	0.00042410845740214
4	56145	3.587262449588	2.3148002487787e-06
4	56152	3.588086544434	5.7831433478348e-05
4	56162	3.588292241288	2.6419170574211e-05
4	56172	3.589109467113	0.0015020537832858
4	56179	3.589304651317	0.00079292325676442
4	56186	3.590068128206	2.6354960588823e-06
4	56193	3.590326989413	9.6153951457061e-06
4	56203	3.591022939707	0.00015637521048495
4	56210	3.591361260368	6.8578090605716e-08
4	56214	3.591998480615	0.0010253852845902
4	56221	3.59237264209	4.3776524454921e-08
4	56234	3.592959988404	0.007087912880299
4	56241	3.593367411524	6.1533104972063e-06
4	56245	3.594004960556	6.2582803668874e-06
4	56252	3.594379011038	2.5612635542513e-05
4	56265	3.594967149166	8.3708087688103e-07
4	56272	3.595401778887	3.002963970127e-07
4	56276	3.595995522806	1.866948896516e-05
4	56283	3.596418273562	0.00040587625287915
4	56296	3.596974706232	8.8374269293817e-05
4	56303	3.597375116616	0.00026271104377945
4	56307	3.59799798314	7.078379239878e-06
4	56320	3.598402354201	9.5328467538403e-06
4	56327	3.599018683478	9.0868162623678e-07
4	56334	3.599446327554	4.5785120065486e-05
4	56341	3.600052690364	1.7969777372293e-06
4	56348	3.600461387085	9.485527105837e-05
4	56358	3.601092655892	0.00094726925607986
4	56365	3.601462304558	5.1083623341905e-06
4	56372	3.602125653263	7.3482802025419e-07
4	56382	3.602475580711	1.8383483312023e-06
4	56392	3.603140456079	1.231572062251e-05
4	56399	3.603478116467	5.5511208679173e-05
4	56406	3.6041605409	3.5273920115052e-08
4	56413	3.604471762196	1.7382360784394e-05
4	56423	3.605197808138	0.00013871494202702
4	56430	3.605436664778	2.7566011094273e-05
4	56437	3.606245705349	1.2513265033191e-07
4	56444	3.606403049274	5.4966917907554e-06
4	56454	3.60725816637	1.5275109765694e-05
4	56458	3.607423768159	1.2579420045775e-07
4	56468	3.608208490945	3.8578422764159e-05
4	56475	3.608416623252	8.1948999756333e-06
4	56485	3.60920945755	6.2558367797061e-05
4	56492	3.609391176803	1.9949745771085e-05
4	56499	3.610203436544	5.0034371924989e-06
4	56506	3.610386019593	2.5232733725666e-05
4	56516	3.611207156179	8.6998426543566e-08
4	56523	3.611343179609	0.00066452140071213
4	56530	3.61225075889	2.0399355742593e-05
4	56534	3.612349560154	0.00012779426978654
4	56547	3.613206152618	2.3874804094353e-05
4	56554	3.613374698151	6.6350871938224e-08
4	56561	3.614212298579	6.3908913508191e-06
4	56568	3.614363517383	1.8027906947953e-05
4	56578	3.61525819577	0.00020518994262173
4	56585	3.615314723851	5.6262203573616e-06
4	56595	3.6162418319	2.9026528391807e-05
4	56599	3.616284704747	2.2199770258332e-05
4	56612	3.617224032796	0.00012812652169376
4	56616	3.617326941724	2.4882622454445e-08
4	56626	3.618273153059	8.2147903174132e-06
4	56630	3.618306483949	0.00015120852041139
4	56643	3.619233139776	0.00057120488921885
4	56647	3.619330203549	1.0318838428685e-06
4	56657	3.620257815932	0.00050238411885255
4	56661	3.620356986473	6.6881953027921e-09
4	56674	3.621286411063	9.0967007096849e-07
4	56678	3.621329613843	5.5630957833974e-07
4	56688	3.622322512357	1.4513802334952e-06
4	56695	3.622364069909	1.5563760647861e-06
4	56708	3.623319775615	2.4616238358912e-05
4	56712	3.623393406966	2.0921079673728e-06
4	56722	3.624324603143	4.9754775324828e-06
4	56729	3.62443100879	0.00017923497649323
4	56739	3.625346358435	9.9678114361716e-05
4	56743	3.625438977142	2.0809287811229e-05
4	56756	3.626335662703	1.331662127218e-06
4	56760	3.626449504091	2.5893197784745e-05
4	56770	3.627363370902	0.0032770590946763
4	56774	3.627439134865	5.2683464429507e-05
4	56787	3.628368414138	9.0515973271965e-07
4	56791	3.628450899055	2.2768750018818e-06
4	56801	3.629409650473	0.00016074341718022
4	56805	3.629417118037	2.3916915591764e-09
4	56818	3.630412022636	5.2095226018153e-06
4	56822	3.630451110165	3.6405585885775e-06
4	56832	3.63143418324	0.0003841203106728
4	56836	3.631465923169	2.5251730273509e-07
4	56846	3.632399639495	1.9318458323363e-07
4	56853	3.632447955013	1.5166849410157e-06
4	56863	3.633409298198	1.6634187622652e-07
4	56867	3.633484571158	1.3269563453376e-05
4	56877	3.634416013763	1.4668925313578e-05
4	56881	3.634520675853	1.5216356759131e-05
4	56894	3.635441379808	1.7466478507378e-09
4	56898	3.635522531175	0.0019107433131796
4	56908	3.636486930625	5.9267316634425e-06
4	56912	3.636502489569	9.7527270403012e-05
4	56925	3.637461343123	7.6346127531463e-05
4	56929	3.637479599587	7.1048091041985e-06
4	56939	3.638485814387	0.00074872009338816
4	56943	3.638528786469	1.5227545263352e-07
4	56956	3.639439938069	2.4480924411285e-05
4	56960	3.63950299585	0.00015869869830873
4	56970	3.64048818273	2.3851653041412e-07
4	56974	3.640488598348	4.6612761443617e-07
4	56987	3.641499103291	2.8485958343869e-06
4	56991	3.641538040841	0.00034575089704462
4	57001	3.642492293959	0.00038629995994225
4	57005	3.642561080752	5.5998302735654e-06
4	57021	3.643500869275	0.00012392437302894
4	57025	3.643584981589	9.4833109800965e-06
4	57038	3.644531869448	4.3124245000783e-05
4	57042	3.644574765271	9.7589600432197e-05
4	57052	3.645529233309	0.00015883933951267
4	57056	3.64553899896	2.0902668368636e-05
4	57069	3.646516820566	1.5759234692873e-05
4	57073	3.646538065853	1.5234270487998e-07
4	57083	3.647506180024	2.949002758416e-05
4	57090	3.647571528579	6.6097070621258e-05
4	57100	3.648550781333	3.5882131763911e-08
4	57107	3.648605931094	5.7653575723676e-05
4	57117	3.649565789585	0.00012290079056273
4	57121	3.649574098161	4.6315829186341e-07
4	57134	3.650591805699	1.6607446719961e-06
4	57138	3.650612750935	9.4856265022495e-06
4	57148	3.651589874803	5.1532477621084e-08
4	57152	3.651593230918	7.5375081167136e-06
4	57162	3.652578857022	0.00022249270745741
4	57166	3.652585847019	1.4295125472846e-05
4	57179	3.653540049162	4.6365686958357e-06
4	57183	3.65360915911	6.5526443772487e-09
4	57193	3.654582618993	3.4952384887746e-08
4	57197	3.654655901475	4.1444100032811e-05
4	57207	3.655571278167	0.00071008171716002
4	57211	3.655632340438	2.186243970921e-05
4	57224	3.656529235504	3.1851220823151e-06
4	57228	3.656616232565	5.1890076418356e-05
4	57238	3.657506987833	2.0827636865923e-08
4	57245	3.657608249429	0.00017479182190855
4	57255	3.65853210354	0.00052978692082959
4	57259	3.658567505553	0.00035188431654386
4	57269	3.659519841434	8.18540440684e-05
4	57276	3.659613404235	1.1805791105883e-05
4	57286	3.660486598614	4.0702534280187e-05
4	57293	3.660607869546	2.1768777850389e-05
4	57300	3.661449844567	0.00021035529686204
4	57304	3.661571098148	6.5490050906393e-05
4	57323	3.662415221747	9.8883535058239e-05
4	57327	3.662591933724	6.9315037568353e-05
4	57331	3.663425041334	1.0908215497859e-05
4	57338	3.663563616364	3.6703398929327e-07
4	57351	3.664457874951	2.8828237376983e-05
4	57358	3.664544270781	7.6822872865261e-05
4	57365	3.665489723185	4.5197341248409e-07
4	57369	3.66557860811	3.1519540362648e-07
4	57382	3.666478849002	8.361170834976e-07
4	57389	3.666626864251	1.03234394452e-07
4	57396	3.667465411722	0.00040152027708054
4	57400	3.667614833706	3.1381736885367e-06
4	57410	3.668444318385	6.099409091132e-07
4	57420	3.668659435541	9.8677492254835e-06
4	57424	3.669491054153	2.6968529194438e-05
4	57431	3.669680576006	0.0003306437916537
4	57444	3.670529767319	7.0727062674524e-08
4	57448	3.67064834724	1.5722040755009e-07
4	57458	3.671561260601	1.8306696950971e-06
4	57462	3.671683984907	0.0031696576182109
4	57475	3.672555407079	3.8536100898348e-05
4	57479	3.672648189203	8.2897688944405e-05
4	57489	3.673598373335	0.00017629607804989
4	57493	3.673663080273	0.00013155787015227
4	57506	3.67455434902	0.0007074842040067
4	57510	3.67468244325	1.5338345654332e-05
4	57520	3.675530569293	2.9791461918806e-05
4	57524	3.675670618809	5.0652264293939e-06
4	57537	3.676573181259	1.9530578257379e-05
4	57541	3.676665030537	1.2485514480285e-07
4	57551	3.677582352447	1.6712118774945e-09
4	57555	3.677620641349	8.0357767721622e-06
4	57565	3.678557111904	1.4498527386574e-05
4	57569	3.678632585048	4.9398859810299e-07
4	57585	3.679591081242	4.300863645367e-06
4	57589	3.679658581634	7.9039770958388e-07
4	57599	3.680579644126	1.8263590136343e-06
4	57603	3.680642675421	1.5274234024303e-06
4	57616	3.681619610525	4.7591564960116e-05
4	57620	3.681632261019	2.2938091352918e-05
4	57630	3.682601034663	0.00014733409555508
4	57634	3.682624375361	2.8048079322177e-09
4	57647	3.683613391416	1.7981787141675e-05
4	57654	3.683641141499	0.00022087469882219
4	57661	3.68457398439	0.0001956053075524
4	57665	3.684622921851	0.00011636044704691
4	57678	3.685586953124	0.0020987960047836
4	57682	3.685589539025	9.171307727778e-06
4	57692	3.686552915968	0.0001952629935194
4	57696	3.686585628538	7.7019309484921e-05
4	57712	3.687564479059	2.4964755228262e-05
4	57716	3.687594581302	2.4757442653532e-06
4	57723	3.688558659769	7.6614988706477e-07
4	57727	3.68860513436	3.1658623360375e-08
4	57740	3.689556343574	1.3278234736967e-05
4	57744	3.689626715406	0.00012009856460167
4	57754	3.690577547754	6.4820614426113e-06
4	57761	3.690655051627	4.465125716969e-05
4	57771	3.691563105071	4.8822647524091e-07
4	57775	3.691618847874	2.8875697522988e-07
4	57788	3.692572598676	5.4512883179078e-08
4	57792	3.692601295983	5.4128130697456e-05
4	57802	3.69357697502	3.9246187556938e-06
4	57806	3.693603754593	1.3994601977431e-06
4	57816	3.694575339816	4.0818135069312e-05
4	57820	3.694615252971	6.6621870261445e-08
4	57833	3.695571943374	1.6647280238256e-07
4	57837	3.695642420635	2.8380369147115e-06
4	57847	3.696566554892	0.00021110112498156
4	57851	3.696664704193	0.00027207885774353
4	57864	3.697566149666	9.5134569065526e-06
4	57868	3.697622121877	1.30896551664e-05
4	57878	3.698585793064	3.5610816942151e-05
4	57885	3.698610026788	6.6088664810796e-08
4	57895	3.699569145994	7.703751940521e-07
4	57899	3.699591466229	6.1268037878699e-07
4	57912	3.700537619473	9.7423079571689e-07
4	57916	3.700628187802	2.1331500771974e-05
4	57926	3.701496432912	5.0290210324616e-06
4	57930	3.701656514999	5.2097330917413e-05
4	57940	3.702510126923	1.5151355089996e-05
4	57947	3.702690677136	0.0011686499949876
4	57960	3.70350774703	1.4855273686691e-05
4	57964	3.70371373165	5.8338841608865e-06
4	57974	3.704496109305	5.8078048661078e-06
4	57981	3.704716158323	7.8993593629208e-08
4	57991	3.705465926796	0.00028771768357632
4	57995	3.70568948865	6.2670836494832e-09
4	58002	3.70646917501	0.00071394908812048
4	58012	3.706690671769	2.6351634684183e-05
4	58022	3.707481234952	0.00037628977037604
4	58026	3.707674479915	8.0054636844796e-05
4	58033	3.708453297712	1.5116197595764e-05
4	58043	3.708681346684	2.647229509886e-06
4	58053	3.709439222064	4.0554799978611e-05
4	58057	3.709730355368	4.6695167483356e-06
4	58064	3.710477429826	9.5754053470846e-10
4	58074	3.710749399067	8.05488912426e-06
4	58084	3.71146220616	1.3056803479166e-05
4	58088	3.711776707095	1.4020916037619e-07
4	58098	3.7125117278	0.00086810421404972
4	58105	3.7127648339	3.1169045333259e-06
4	58115	3.71347617837	0.00049303271557076
4	58122	3.713788568137	0.00010321485108462
4	58126	3.71448556095	1.233105744352e-05
4	58133	3.714766656302	1.7698269779453e-06
4	58146	3.715467060986	1.9078702601767e-07
4	58153	3.715736288374	8.6115848848553e-06
4	58160	3.716491775916	7.2578353882375e-05
4	58164	3.716705375453	3.3489282607358e-06
4	58180	3.717516067074	6.5336536510136e-05
4	58184	3.717730523408	0.00038487098975731
4	58188	3.71855969242	1.1759636980823e-06
4	58195	3.718704370365	3.7367135453975e-08
4	58211	3.719522738355	4.508761577672e-06
4	58215	3.719657379411	4.1976259504238e-05
4	58219	3.720519970356	3.626177653641e-08
4	58226	3.720704301282	1.5726929924068e-11
4	58242	3.721494328544	7.5216786782389e-07
4	58246	3.721710445297	1.9829556556343e-07
4	58250	3.722470796157	3.3112508492235e-06
4	58254	3.722672113956	9.8833830703239e-06
4	58276	3.723509001784	0.00021615294053363
4	58280	3.72365341558	0.00015541330474172
4	58284	3.724529915221	4.3111251549795e-05
4	58288	3.724657556745	7.1306099920724e-06
4	58307	3.725534331886	1.6616175789276e-06
4	58311	3.725614768269	1.6685883888011e-05
4	58315	3.726552656986	1.0022052472602e-05
4	58319	3.726641505086	1.7087648704731e-05
4	58338	3.727570425534	1.9457981144482e-05
4	58342	3.727670583696	1.4617883895594e-05
4	58346	3.728523345175	0.00016274742373017
4	58350	3.728647004332	2.9391985217582e-05
4	58369	3.72950127573	1.6167432701386e-05
4	58373	3.729615484865	0.0012799747754115
4	58377	3.730470047787	1.0620336623214e-05
4	58384	3.730659765157	0.00036204259694526
4	58400	3.731490122823	0.00034962602910933
4	58404	3.731671672776	4.8556207354296e-08
4	58411	3.732523202536	1.133640415901e-07
4	58415	3.732702125004	7.8190572972027e-08
4	58431	3.733560939994	0.00018000190773091
4	58435	3.733677161436	2.048092917396e-06
4	58442	3.734551947279	1.4630603158869e-05
4	58446	3.734669944107	1.4987654552658e-05
4	58462	3.735563556555	3.2861229034203e-08
4	58466	3.735656524105	0.00015874470712329
4	58473	3.73659201856	9.2101843216581e-08
4	58477	3.736625244532	3.2694810555845e-07
4	58493	3.737582441707	5.2562227372203e-06
4	58497	3.737606745872	4.1013599829387e-07
4	58504	3.738550377774	1.0688912526986e-05
4	58508	3.738565780396	3.0693588142273e-05
4	58521	3.739557974962	2.0223900794285e-05
4	58525	3.739592555451	5.2816432502445e-06
4	58535	3.740528193361	0.00019817192461872
4	58539	3.740544052688	5.0474378325941e-06
4	58552	3.741526505752	6.6596768045077e-05
4	58556	3.74155732268	1.6274045017914e-05
4	58566	3.742496421405	2.3254531795894e-05
4	58573	3.742547286387	1.3124352324988e-06
4	58586	3.743451315514	0.00087810724923778
4	58590	3.743589677862	0.0020566775455293
4	58600	3.744453995592	3.4557942461132e-05
4	58604	3.744547892379	8.1832089660441e-06
4	58617	3.745503733494	0.00068376101903853
4	58621	3.745505580062	4.7576605019484e-07
4	58631	3.746518450272	5.0725028559512e-07
4	58635	3.74653383604	1.0534357599065e-06
4	58648	3.747491972695	0.00025069846412274
4	58652	3.747570987182	6.2023955425592e-08
4	58665	3.748515603937	5.0856621327153e-06
4	58669	3.748587569092	0.00010687838829526
4	58679	3.749495587491	0.0028844280658807
4	58683	3.749573971844	2.801393562044e-05
4	58698	3.750454384721	0.00012970662582748
4	58702	3.750571873866	8.5743195339498e-07
4	58712	3.751467873746	1.0589747511236e-06
4	58716	3.751615940307	0.00011310984221395
4	58726	3.752483594792	3.5298001812059e-05
4	58733	3.752633024875	4.3437988618388e-06
4	58743	3.75350712563	6.3341991785411e-05
4	58747	3.753655229998	5.6349515121329e-06
4	58757	3.754482057199	4.9439237827651e-05
4	58761	3.754614914844	2.2809565304611e-06
4	58774	3.755506234822	6.6086482276135e-05
4	58778	3.755603420301	2.9954977815851e-06
4	58788	3.75651619107	2.1443779932524e-08
4	58792	3.756604398641	3.092177838335e-05
4	58802	3.757497293572	1.8699836321536e-06
4	58806	3.757602505032	6.8372842776729e-10
4	58819	3.758502107752	1.6680983516635e-05
4	58823	3.7586020639	0.00012391243855014
4	58833	3.75948804886	0.00033252152167516
4	58840	3.759607465106	2.2001548370993e-05
4	58850	3.760492261096	4.129573929638e-06
4	58854	3.760656430987	0.0002997269118788
4	58864	3.761526991688	0.00044095206001937
4	58871	3.761689435293	5.826108675827e-09
4	58881	3.762518971404	2.3598207600286e-06
4	58888	3.762680307744	7.6406392083307e-08
4	58898	3.763476928511	0.00016515660032359
4	58905	3.763688777498	8.9315752108601e-06
4	58915	3.764479055697	0.00010992990676079
4	58922	3.764649643319	1.6726945913856e-07
4	58929	3.765452117389	7.4697202592757e-06
4	58936	3.765601966042	6.1996633844818e-08
4	58943	3.766498049139	2.7623853315577e-05
4	58950	3.766589541476	1.2377609274671e-06
4	58963	3.7675416581	3.445224946722e-06
4	58967	3.767576542154	0.00040483485026528
4	58977	3.768536110513	1.3851300539152e-05
4	58981	3.768537934839	7.8850579432724e-06
4	58994	3.769492088647	5.8066791362209e-05
4	58998	3.769548477574	1.8672194685891e-08
4	59008	3.770453370967	7.3630957202491e-07
4	59012	3.770504203505	2.602832449062e-06
4	59025	3.771432214688	0.00048011505122982
4	59029	3.77154189347	0.00011545524759902
4	59036	3.772406094768	1.0053737934135e-06
4	59040	3.772509910166	1.0035403275047e-06
4	59053	3.773398125543	4.7303255413924e-06
4	59060	3.773524653683	1.8923271338144e-05
4	59067	3.774411135681	1.1117170084919e-07
4	59071	3.774519332409	0.00050703038969466
4	59084	3.77544968757	9.6975357195449e-07
4	59091	3.775493402302	1.4000506558426e-05
4	59098	3.776491662226	7.2867399701217e-05
4	59102	3.776520435237	0.0014071051695276
4	59115	3.777498012694	2.0145027624148e-06
4	59119	3.777521419104	3.5832183222378e-06
4	59129	3.778484492071	6.4047267389172e-08
4	59133	3.778522451802	2.4763794687046e-06
4	59146	3.779452195502	0.00028151880407021
4	59150	3.779516208417	5.395761654629e-06
4	59160	3.780430958041	8.7135932151448e-06
4	59164	3.780508135157	3.9544191633694e-06
4	59177	3.781456444112	4.3887910170946e-05
4	59181	3.781538818141	2.2448073083038e-09
4	59191	3.782451920676	0.000130500609513
4	59195	3.782552954872	7.8113937219763e-05
4	59211	3.783442728807	0.0037085898671466
4	59215	3.783513945419	0.00048425764393615
4	59225	3.784411949697	4.3270897759721e-05
4	59229	3.784500991275	1.8986212985236e-05
4	59242	3.785423134844	4.7351994153236e-05
4	59246	3.785474716256	4.5142641686149e-05
4	59256	3.78642916909	2.3335116947158e-06
4	59260	3.786469071776	2.4505697820384e-06
4	59273	3.787452200862	0.00012389211713211
4	59277	3.787493580574	0.00020874570747743
4	59287	3.788453298423	3.1504374918137e-05
4	59291	3.788481271122	1.9096815084791e-07
4	59304	3.78945215278	5.7038540716443e-06
4	59308	3.789487351021	1.691842031362e-06
4	59318	3.790472196059	2.1169659658893e-05
4	59322	3.790484102255	0.00019459203551094
4	59335	3.79142639682	0.00019330973484318
4	59339	3.79150261019	0.00020541055214888
4	59349	3.792465695754	1.8073693721244e-09
4	59353	3.792551170393	1.2929013638846e-06
4	59366	3.793488374428	1.0418128993736e-07
4	59370	3.793575787277	1.7278188305231e-07
4	59383	3.794530107631	5.4079786406753e-05
4	59387	3.794623608057	0.00036075834859721
4	59397	3.795541740867	1.2309235674456e-07
4	59401	3.795661892765	4.0199094538475e-09
4	59414	3.79650820513	4.9818233015625e-05
4	59418	3.796707341212	0.00018737369589758
4	59428	3.797539688788	5.1900144697769e-06
4	59432	3.797732954734	4.5145818822318e-07
4	59445	3.798568067225	4.3704922953091e-06
4	59449	3.798692229228	0.00018932474401452
4	59459	3.799587166498	2.2570312766052e-05
4	59463	3.79970364003	3.2643222511009e-05
4	59476	3.800597664491	2.8238815499476e-05
4	59480	3.800749710578	7.3901402386538e-05
4	59490	3.801609409855	2.3392457129347e-05
4	59494	3.80172556776	1.6381093810542e-07
4	59507	3.802612567148	2.8682323186378e-05
4	59511	3.802763891027	1.768465155623e-05
4	59524	3.803564466352	4.5003700492455e-08
4	59528	3.803755851667	4.4981736071357e-07
4	59541	3.804528816841	0.0001377164708521
4	59545	3.804790097683	7.5475136403574e-06
4	59555	3.805562461099	9.9936396160277e-06
4	59559	3.805796993247	1.2911845400665e-07
4	59572	3.806547648363	3.3036586348894e-06
4	59576	3.806798955054	3.141856624124e-05
4	59586	3.807499264383	1.1967338814548e-07
4	59590	3.807762723559	7.1041993240432e-06
4	59600	3.808484634149	5.696298053383e-06
4	59607	3.808787071892	8.2971950926466e-05
4	59617	3.809492161206	0.00015016279690815
4	59621	3.809774236885	1.9347472234599e-08
4	59631	3.810492596733	0.00042934902304887
4	59638	3.810798705418	7.0672835034419e-06
4	59648	3.811522345248	7.4753072713203e-06
4	59652	3.811798893224	0.00020096795227107
4	59659	3.812550093026	2.6663894057468e-07
4	59669	3.812847508881	6.5222226127204e-08
4	59676	3.813586893374	6.4887102157484e-06
4	59683	3.813863248713	8.3669828829463e-06
4	59693	3.814620042673	6.8267224909846e-06
4	59697	3.814822234654	5.5944964155723e-07
4	59710	3.815615371779	2.2840227432842e-07
4	59714	3.815786285691	2.0081096497958e-06
4	59724	3.816664623626	0.0001361597548464
4	59731	3.816787276607	0.00012486119339212
4	59741	3.81763229866	3.0102808881047e-05
4	59745	3.817786896559	3.0432734791705e-06
4	59755	3.818647472711	0.00019694282624655
4	59762	3.81880241771	9.8792008387577e-08
4	59772	3.819626857795	0.00011559669484933
4	59776	3.819830493864	9.8359553347839e-06
4	59786	3.82060362565	9.9124182754845e-06
4	59793	3.820871077944	8.6170250464387e-05
4	59803	3.821630550501	1.4378226108602e-06
4	59807	3.821905361807	2.1029552582512e-05
4	59817	3.822632826571	1.675128534684e-05
4	59824	3.822918315756	4.0832579028508e-05
4	59837	3.823664851287	0.00012068323928523
4	59841	3.823944307929	1.4862797762913e-08
4	59854	3.824698374907	0.0005573990670525
4	59858	3.824906615363	6.1842625549128e-07
4	59868	3.825663316613	0.0011248308195845
4	59872	3.825952594369	0.0016866494935631
4	59885	3.826655215162	3.0768070170345e-06
4	59889	3.826979473706	2.7828129545002e-07
4	59899	3.827619240098	4.8992793220599e-06
4	59903	3.82802496879	3.8710355395289e-06
4	59913	3.828572497477	3.2954754296954e-05
4	59920	3.829039726166	0.0048117250706591
4	59930	3.829539840607	4.2436123507887e-06
4	59934	3.82999558142	9.6052219784866e-06
4	59944	3.830567231166	0.00054667703259521
4	59951	3.831030722931	1.7146021865991e-05
4	59961	3.831575712278	1.338015538052e-05
4	59968	3.832073759848	5.5479975594966e-06
4	59975	3.832537563061	3.9998163260952e-07
4	59982	3.833032092184	4.0097808016108e-07
4	59989	3.833538913395	8.3385213264053e-06
4	59999	3.834075471063	0.00010746119996454
4	60006	3.834504176273	4.2276472114136e-05
4	60013	3.835107460798	1.2009911587391e-05
4	60020	3.835504057276	9.9747899522859e-10
4	60027	3.836074575142	7.9594169023849e-08
4	60037	3.836537308536	0.00023173789535855
4	60044	3.837109638026	0.00010693598650651
4	60051	3.837561367811	5.2102994893244e-05
4	60058	3.838140225252	0.0001123327123327
4	60068	3.838546549933	0.0012623642280178
4	60075	3.839175084471	0.001556975609536
4	60085	3.839557369062	0.00018499946457992
4	60089	3.840196316276	1.9128908650138e-06
4	60099	3.84057926893	2.3251754471032e-08
4	60109	3.841166335714	8.3305024487884e-09
4	60113	3.841605519757	0.0012801186392478
4	60120	3.842145452817	5.4443857074537e-06
4	60130	3.84259522686	4.5989564446084e-05
4	60140	3.843180122911	1.2322382983175e-06
4	60150	3.84362657479	0.00011417506801131
4	60154	3.844229444964	0.00028433924283074
4	60164	3.844625317246	3.8301912726498e-05
4	60174	3.845259275775	6.5940435587845e-05
4	60181	3.845665458409	8.8795646084584e-06
4	60185	3.846283311251	7.3778114402478e-06
4	60195	3.846704063878	7.0517114364145e-06
4	60205	3.84731115518	2.4506665510091e-05
4	60212	3.847749838449	0.014612751728398
4	60216	3.848268881242	5.9989617172525e-06
4	60223	3.84877578897	5.3720857468799e-05
4	60236	3.849303605585	0.00046600930753881
4	60243	3.849736747759	8.6562122863205e-06
4	60247	3.850308658842	2.6181005265923e-07
4	60254	3.850706780082	3.0901851016884e-07
4	60267	3.851277998177	1.6968302419392e-07
4	60274	3.851746507575	5.3128859929869e-08
4	60278	3.852312991532	7.9000108959028e-11
4	60288	3.852749059899	1.3699046020894e-05
4	60295	3.853272088312	0.00011677048832447
4	60305	3.853720508241	4.8485459357297e-07
4	60309	3.854247260031	0.0022412647658132
4	60316	3.854679654646	9.0038199139099e-05
4	60329	3.855245485892	2.1350590921345e-05
4	60336	3.855636274775	0.0011994792815976
4	60340	3.856294568222	0.0017470263647172
4	60347	3.856634258794	2.810014508599e-05
4	60360	3.857296537992	2.3219961811482e-05
4	60367	3.857645366774	0.00017922728610614
4	60371	3.858332167191	2.2306792146565e-05
4	60378	3.858687370023	1.6983439553588e-07
4	60391	3.859336556169	8.0309216782293e-08
4	60398	3.859648211877	3.8069999168575e-07
4	60402	3.860318378229	4.2534474024355e-05
4	60409	3.860616881607	2.9129155756469e-06
4	60422	3.86131221615	0.0022645354135582
4	60426	3.861606616591	4.5447817666364e-07
4	60433	3.862294862737	1.0917714967196e-06
4	60440	3.862573119396	0.0016848543591675
4	60453	3.863314831289	1.0354876834709e-05
4	60457	3.863604321778	4.919561753677e-08
4	60467	3.864279269738	0.00024233679270384
4	60474	3.864579217091	1.6946235723935e-05
4	60487	3.865312706275	0.00022920318334316
4	60494	3.86560100466	5.6481048796576e-07
4	60498	3.866310638341	2.1468597290973e-06
4	60505	3.866593071724	2.797269068417e-05
4	60518	3.867345780447	6.2505435595095e-11
4	60525	3.867617226215	6.3184328340397e-08
4	60529	3.868375801032	7.4724919451767e-05
4	60536	3.868661664285	0.00068038054640224
4	60549	3.869420005645	2.3574229512371e-06
4	60556	3.869675250831	4.9511047050863e-05
4	60560	3.870394352205	0.00019528477790429
4	60567	3.870640144383	0.0012765177645896
4	60580	3.87134667454	4.0668695407106e-06
4	60587	3.871590168406	1.2921153641821e-05
4	60591	3.872331684912	0.00087720157770295
4	60598	3.872634903388	0.00019067967729125
4	60614	3.873369698152	2.4601586711997e-06
4	60618	3.873587713332	3.5465187612647e-06
4	60622	3.874342771941	0.00013234463225454
4	60626	3.874543758229	7.2081518217561e-07
4	60642	3.8753449124	5.6072315928077e-06
4	60649	3.875522321294	7.0164822086548e-05
4	60653	3.876358765495	0.00074155782191907
4	60657	3.876482781614	2.2068073961168e-07
4	60673	3.877342930603	5.6887023231885e-07
4	60677	3.877481006073	1.3905902734972e-09
4	60684	3.878323943867	3.1602871215864e-06
4	60688	3.878452102258	3.1146195168612e-06
4	60701	3.879308883755	9.2801762824975e-06
4	60708	3.879476232797	9.7140706173946e-06
4	60715	3.880327733921	4.2434322083451e-05
4	60722	3.880498385881	2.6271062964206e-08
4	60732	3.881288602602	1.3539852896377e-06
4	60736	3.881465034258	4.5609151538543e-05
4	60746	3.88229976698	0.00011461904362213
4	60750	3.882511606828	0.00013052612196796
4	60760	3.883286702912	2.2223812291476e-07
4	60776	3.883542772597	1.7794231735959e-07
4	60780	3.884331944177	2.7213445972622e-05
4	60784	3.884561055545	3.503728404867e-05
4	60797	3.885320405607	5.3588285804573e-05
4	60804	3.885511226823	0.0015080264610003
4	60811	3.886322483603	0.010977319718063
4	60815	3.886537943936	1.1961017714493e-07
4	60825	3.887311710239	1.957850330288e-06
4	60835	3.887495592606	1.8189999559696e-05
4	60842	3.888329410203	0.00062685939091903
4	60846	3.88848723238	3.3312753470145e-05
4	60859	3.889316246699	0.00065995416750879
4	60863	3.889510171196	0.00071892226872431
4	60873	3.890350967565	1.9621027341828e-05
4	60877	3.89050893752	8.7312029538868e-06
4	60890	3.891305994406	5.7167604753737e-06
4	60897	3.891537052773	0.00040294054669509
4	60904	3.892327903299	8.0659614960606e-05
4	60908	3.892541425232	0.00079219218169605
4	60921	3.893316189036	0.00024634814763947
4	60931	3.893530097715	7.9220977410199e-08
4	60935	3.894320371209	3.5116474897505e-07
4	60939	3.894494898743	3.3753539664095e-07
4	60955	3.895358504486	9.3588140115123e-06
4	60962	3.895494228948	1.4212068724959e-09
4	60966	3.896392323534	9.0953387923806e-07
4	60970	3.896445001266	4.9237295041819e-06
4	60986	3.897422802061	1.5023166629298e-09
4	60993	3.89747807402	4.5078329012478e-06
4	60997	3.8984095582	8.1007354036048e-08
4	61001	3.898455643319	0.00034200509321176
4	61017	3.899413073812	9.1138794506687e-08
4	61021	3.899413907433	1.5976628254165e-08
4	61028	3.900387504245	1.5844413934559e-06
4	61032	3.900391707582	2.8221669076391e-06
4	61051	3.901342808409	2.7136713000801e-07
4	61055	3.90136571888	4.0381330137018e-05
4	61059	3.902306256677	2.170441378555e-05
4	61063	3.902408410542	8.5061476997231e-05
4	61079	3.903273024038	0.00018126783509332
4	61089	3.903419845842	2.6504199857223e-06
4	61093	3.904303512839	7.8181028807637e-08
4	61100	3.904465243189	5.7805519179126e-05
4	61116	3.905268645475	0.0030836276906107
4	61120	3.905434230112	8.4599493691242e-05
4	61124	3.906248116136	1.7059277969509e-06
4	61131	3.906425274634	1.104136527526e-08
4	61147	3.907263673968	4.6725102426552e-06
4	61151	3.907406560502	9.6856127715817e-07
4	61158	3.908303858264	3.6117070694968e-07
4	61162	3.908408193267	9.6654209588162e-05
4	61178	3.909262391942	0.0024655975624214
4	61182	3.909426369614	7.4599752981788e-05
4	61189	3.910266607981	0.00044044122352035
4	61193	3.910461755683	7.3543986412317e-05
4	61209	3.91129801015	3.0307064923947e-06
4	61213	3.911495274284	1.7113665570888e-08
4	61220	3.912317661692	2.8444442996576e-05
4	61224	3.912458857436	3.494925170827e-08
4	61240	3.913276054188	2.067148687916e-05
4	61244	3.913484599125	0.00095639277992941
4	61248	3.914297586507	0.0011644601602831
4	61255	3.914517890717	0.00010388957231517
4	61271	3.9153135348	0.0037002041820105
4	61275	3.915525108617	1.3657265073306e-05
4	61279	3.91627072143	0.00038760026632596
4	61289	3.916543890146	1.4938951412568e-05
4	61302	3.917302511062	2.0230440017012e-05
4	61306	3.917573771162	6.3602533784677e-06
4	61310	3.918258491394	0.00011717124779047
4	61317	3.918553759578	1.1576389192919e-05
4	61333	3.919306496631	1.8163928342949e-05
4	61337	3.919542781146	9.5132250515907e-07
4	61341	3.920344729905	0.0003845817975216
4	61348	3.920584442749	2.3779783935174e-08
4	61364	3.921331474825	5.038564572195e-06
4	61368	3.92157634339	3.3239163812517e-05
4	61375	3.92230661897	1.0101773055903e-06
4	61385	3.922584137276	6.5061630204708e-07
4	61398	3.923266383768	8.8743902232394e-05
4	61402	3.923621831756	0.00041669522958603
4	61406	3.92424237239	0.00013452772763087
4	61422	3.924637479183	7.3700265714613e-05
4	61426	3.92520265789	0.00022000119327421
4	61433	3.925599285364	2.0406569076271e-06
4	61440	3.926174854547	1.591969855024e-05
4	61447	3.926567505286	3.0636497022016e-07
4	61457	3.92719056254	1.8164282189059e-08
4	61464	3.927591722955	1.0240468895281e-05
4	61471	3.928177373675	0.00016500360105793
4	61478	3.928575685127	0.0011291621579389
4	61488	3.929133501249	1.3646129766146e-08
4	61495	3.929551078215	1.8248216970777e-06
4	61502	3.930163691836	3.5597303461711e-05
4	61506	3.930586427995	0.0016420572886776
4	61519	3.93116534881	0.00025507037364284
4	61526	3.931633122565	8.7442189481865e-05
4	61533	3.932213095958	6.4409355568742e-06
4	61540	3.932594238457	1.7369501335525e-07
4	61550	3.933173359477	0.0006489757018376
4	61557	3.933636251628	0.00019570026278805
4	61561	3.93416970889	4.8431010333209e-05
4	61571	3.934639750309	7.5604749295282e-05
4	61584	3.93513164759	2.8863803555878e-07
4	61588	3.935590701662	7.1159323799778e-05
4	61595	3.936122886647	3.3451254310785e-07
4	61602	3.936600823392	0.00011683809612968
4	61615	3.937106808868	0.0018471639855907
4	61619	3.937569640281	1.3097070064096e-06
4	61623	3.93810727984	8.3800232474437e-06
4	61633	3.938558531137	0.0013131265164507
4	61646	3.939144785596	4.2788719009915e-07
4	61650	3.939510066145	3.7850761519524e-07
4	61657	3.940190377789	3.8276480557112e-08
4	61667	3.940548846525	1.5023358363506e-05
4	61677	3.941160540098	3.0120124428181e-05
4	61681	3.941577035356	0.00014343934007398
4	61688	3.942122944682	1.4368411578134e-06
4	61695	3.942606182814	1.0648916373975e-05
4	61711	3.943077049771	9.4652855434519e-06
4	61715	3.943608258227	3.2214564941778e-06
4	61722	3.944124339786	0.00028064945374668
4	61729	3.944601766148	0.00081891157301596
4	61742	3.945157570456	0.00015582492965081
4	61746	3.945596730035	0.00046316328834994
4	61753	3.946176286654	8.6587800143372e-06
4	61763	3.946552022636	7.9467607899365e-05
4	61773	3.947223111445	4.0918702848775e-07
4	61777	3.947532913273	2.1321982432775e-05
4	61784	3.948198368014	3.5231515502424e-05
4	61791	3.948518447934	2.1348200937655e-06
4	61804	3.949210889001	0.00028204321181842
4	61808	3.949509548504	0.00013027619057061
4	61815	3.950169119661	0.00057471961840215
4	61822	3.950470572105	4.75435873754e-06
4	61832	3.951120445056	1.3729951651564e-05
4	61839	3.95151739805	0.00021215705068497
4	61846	3.952137002784	4.3380593966833e-05
4	61853	3.952547141619	6.3395581146029e-08
4	61863	3.953133994677	8.7108208559665e-05
4	61870	3.953521926244	0.0011165145727764
4	61877	3.954094605263	2.3429875674068e-05
4	61884	3.954559692225	1.3852727232854e-05
4	61894	3.955132161143	0.00098510120785256
4	61901	3.955575963797	1.6634374797153e-05
4	61908	3.956127676438	2.4008301853282e-05
4	61915	3.956547073028	0.00028592873060866
4	61928	3.957176176476	0.0002753064144225
4	61932	3.957511023602	1.6883637574032e-06
4	61939	3.95816208635	1.5331866070748e-06
4	61946	3.958488251916	5.6842611590746e-05
4	61956	3.959187675553	2.1517627014594e-06
4	61963	3.959471579813	4.541072848972e-05
4	61970	3.960175868461	6.4144911603274e-05
4	61977	3.960500150449	1.5944829336423e-05
4	61987	3.961151243872	6.7934890029558e-07
4	61994	3.961496727852	6.9349880700288e-05
4	62001	3.962130131539	0.00020359560227491
4	62008	3.962472855447	3.0226734573444e-06
4	62015	3.963130944813	4.2848169242805e-08
4	62028	3.96351134031	0.0019925731663403
4	62032	3.964086260265	1.2120472071714e-06
4	62042	3.964498764745	5.5919467967603e-05
4	62049	3.965131162911	0.00018530806288784
4	62059	3.965512794244	2.9778481146454e-05
4	62069	3.966100180512	5.0912489112099e-07
4	62073	3.966539948003	3.1943071536097e-07
4	62083	3.967092692812	8.0951886410973e-07
4	62090	3.967549631413	2.5420143621934e-06
4	62100	3.968099875872	0.00040098934930421
4	62107	3.968589711378	0.00039171360165204
4	62114	3.969067036186	0.00011969247346779
4	62121	3.969612269753	2.4526459523101e-06
4	62131	3.970082838377	6.7485406981778e-06
4	62138	3.970655082785	1.4032875153739e-07
4	62142	3.971043747276	4.2972475502888e-06
4	62152	3.971704258937	0.00018449161140444
4	62159	3.97201413763	9.8287071077024e-06
4	62169	3.972752376183	2.0454094637017e-05
4	62176	3.973026106265	2.0478417482051e-07
4	62186	3.973706083051	0.00020342852977007
4	62190	3.973996624955	0.00038760248333917
4	62200	3.974725514408	3.4626855919233e-05
4	62207	3.974969149773	0.00054311649810438
4	62214	3.975745723491	3.1565933849956e-09
4	62224	3.975994435722	3.7194528694641e-07
4	62231	3.976706240564	0.00043849552713369
4	62241	3.977012475705	0.00043559525987183
4	62248	3.97768175632	3.3011308633537e-05
4	62252	3.977974187651	5.9887241133899e-06
4	62265	3.978659413226	1.4683873360351e-05
4	62272	3.979003631654	0.00016698060481006
4	62276	3.979643128485	6.6646281826851e-06
4	62286	3.98004813418	1.6527182905794e-05
4	62293	3.980610447282	8.4217723028842e-05
4	62303	3.981078686389	3.7956165944064e-06
4	62307	3.981629875707	1.1488912799537e-06
4	62317	3.982063629552	8.587756152535e-05
4	62324	3.982582982934	9.3115522511574e-07
4	62337	3.983031658373	9.8831266396976e-07
4	62341	3.983565065728	7.3033550338208e-06
4	62351	3.984070026352	2.8108802054838e-05
4	62358	3.984610084383	0.00035071281390354
4	62368	3.985051516605	1.4285694757168e-05
4	62372	3.985620345275	1.2317835981869e-06
4	62382	3.986077958042	3.9068844191403e-06
4	62389	3.986661152156	4.0919041255172e-06
4	62396	3.987048376686	5.645500916258e-05
4	62406	3.987612705677	1.1921747757954e-05
4	62413	3.988083413312	7.0300847347963e-05
4	62420	3.988639232554	3.6052464950397e-05
4	62427	3.989036134095	0.00022892952234068
4	62437	3.989653909496	0.00013936631147537
4	62444	3.990060697864	0.0013621450249976
4	62451	3.990627616251	2.9978106054156e-07
4	62458	3.991099251849	1.5601593338981e-05
4	62465	3.991607108905	6.185454018953e-07
4	62475	3.992060043541	7.5524428297422e-07
4	62485	3.992618707828	3.0878078003124e-05
4	62489	3.993084016999	1.7980432464349e-05
4	62496	3.993582371085	1.0381392819784e-07
4	62506	3.994039073671	4.2622627997422e-08
4	62516	3.99455936677	1.9318458323363e-07
4	62520	3.9949895147	1.2276566299423e-05
4	62527	3.995514179453	3.222661395036e-05
4	62537	3.99596617614	7.7662111835681e-06
4	62547	3.99655916748	4.5667147328273e-06
4	62551	3.997015670644	2.4422518495473e-07
4	62558	3.99755006435	1.4678571486193e-06
4	62568	3.998052222064	1.4432587494858e-06
4	62575	3.998500173108	6.4933715105266e-06
4	62582	3.99901755077	4.2711286540261e-05
4	62589	3.999488212939	4.42566261373e-05
4	62601	4.00005289515	0.00010622679334534
4	62608	4.000492145495	0.0011746935768498
4	62615	4.001062285011	0.00010941245025656
4	62619	4.001502314858	0.00080136930284604
4	62635	4.002093384062	4.9340987769694e-05
4	62639	4.002460164332	2.8893816027694e-08
4	62646	4.003087193427	8.6860646838414e-06
4	62650	4.003449218213	2.0162258440825e-05
4	62669	4.004068306322	9.4061407886088e-09
4	62673	4.00447638093	3.897525057572e-06
4	62680	4.0050843949	3.1871896753319e-05
4	62687	4.005479109163	4.8486243479788e-06
4	62700	4.006040577053	1.9292296971786e-05
4	62704	4.006485251438	6.9395171671093e-09
4	62711	4.007044173725	9.7938815529769e-06
4	62718	4.007480367267	2.8072773265193e-07
4	62728	4.008027622617	2.0672432666751e-06
4	62735	4.008482920588	3.7693595410868e-06
4	62742	4.008990486796	7.2918395178005e-07
4	62746	4.009527805198	5.1906233010954e-06
4	62762	4.01000672444	2.5541976352042e-08
4	62766	4.010494132096	3.6420518093953e-06
4	62773	4.011037353615	5.4223844446349e-06
4	62780	4.011534874891	3.8071590355937e-08
4	62793	4.012045472617	3.0716076341552e-05
4	62797	4.012517079559	0.00019052955999104
4	62804	4.013091127229	6.1551141971135e-08
4	62811	4.013470390846	4.5244516513867e-08
4	62824	4.014101630802	1.0679106534504e-08
4	62828	4.014479486913	9.892048842318e-06
4	62835	4.01515138727	9.9770225803939e-06
4	62842	4.015500643655	2.1470214798369e-06
4	62855	4.016124567734	0.00010247589002233
4	62859	4.016533391927	0.0002485490961254
4	62863	4.017080404633	3.1316293127546e-06
4	62873	4.017491965127	1.129728109209e-07
4	62886	4.018044423001	5.0824136433819e-06
4	62890	4.018476445878	0.00054133525715779
4	62897	4.01907665026	5.3675135296553e-06
4	62904	4.01950788187	1.313926943147e-05
4	62914	4.02008602425	0.00018861393022263
4	62921	4.020472201868	2.8463111782744e-05
4	62925	4.021109644714	0.00011049300052131
4	62935	4.021439848158	1.8114950927765e-07
4	62945	4.022107763098	0.00012941654569756
4	62952	4.022458036473	1.8267544333438e-06
4	62956	4.023097032223	1.5199576527629e-05
4	62969	4.023481966217	9.0663009139249e-05
4	62979	4.024071227685	6.6597486828681e-06
4	62986	4.024502106393	1.6413448547956e-05
4	62990	4.025046112893	0.00023864339639868
4	63000	4.025545416759	3.3656830644748e-06
4	63010	4.026021757042	2.2603786234535e-05
4	63017	4.026564971117	8.5278892560647e-06
4	63021	4.02705758349	2.4267914335338e-07
4	63031	4.027538584828	6.3329745131517e-06
4	63044	4.028074205907	1.6397615527972e-05
4	63048	4.028502360819	0.00052611839566958
4	63052	4.029096112585	6.4129285150601e-07
4	63059	4.029532200126	3.830319116313e-05
4	63075	4.030134377517	0.000291410343184
4	63079	4.030488120343	9.318982116083e-08
4	63086	4.031171907332	0.00039614445710096
4	63093	4.031517771373	6.0007190689226e-07
4	63106	4.032191227703	5.8909486906205e-05
4	63110	4.032515131672	3.0528914940093e-05
4	63114	4.033182993976	6.8834084407692e-06
4	63124	4.033558245852	7.6406870035199e-05
4	63137	4.034227585175	4.8405160396484e-06
4	63141	4.034571455767	6.8851124964392e-05
4	63145	4.035275889504	1.3526512205365e-08
4	63155	4.035540146441	4.8034709123414e-05
4	63168	4.036283796949	6.672450455677e-06
4	63172	4.036506069868	9.8062997811287e-07
4	63176	4.037260766223	4.7568843105061e-08
4	63189	4.037483875651	1.0280050190526e-06
4	63199	4.038217953412	0.0002538928883025
4	63203	4.038465754346	0.00059609382870154
4	63207	4.039210957291	6.5454774979356e-05
4	63214	4.039493112921	7.2741917685891e-08
4	63230	4.040163936449	1.9060176142074e-05
4	63234	4.040536041089	1.8467509310337e-08
4	63238	4.041176558132	8.3283482362399e-05
4	63248	4.041511993263	9.9799949059926e-05
4	63261	4.042205348989	6.6814827601931e-05
4	63265	4.042559888623	3.7751259589917e-05
4	63269	4.043156001683	3.3477847849215e-09
4	63276	4.043546084199	0.00026408597866953
4	63295	4.044162880833	3.7867363551582e-08
4	63299	4.044576887942	9.0123567547291e-08
4	63303	4.045165283604	2.3701712879406e-05
4	63310	4.045533274306	6.0887563643371e-08
4	63326	4.04619094839	1.6457005446492e-05
4	63330	4.046525248592	5.0165246700816e-05
4	63337	4.047239823592	2.6132585394678e-05
4	63341	4.047523738196	7.9240774246779e-08
4	63357	4.048231617368	4.6063204582452e-07
4	63361	4.048482972613	8.9935193627649e-08
4	63368	4.049276178199	3.0091668591785e-06
4	63372	4.049501629411	2.5643656659992e-08
4	63388	4.050315482686	3.7295582006947e-07
4	63392	4.050508777415	3.8861972821594e-08
4	63399	4.051358268663	4.7939694008009e-06
4	63409	4.051524663326	2.2221841311373e-07
4	63419	4.052334060726	1.9240263527101e-05
4	63423	4.05248785016	0.0012221099395911
4	63433	4.053348297577	1.7739192894862e-05
4	63437	4.053518872852	3.5355907945836e-06
4	63450	4.05433626306	0.00012304924638181
4	63454	4.054565684373	9.0171367598291e-08
4	63464	4.055356879993	2.172596098015e-07
4	63468	4.055530274415	5.2569295751994e-06
4	63481	4.056383854388	2.7636120159298e-06
4	63485	4.056566149936	1.1511297137761e-06
4	63495	4.0573879559	1.771275966696e-07
4	63499	4.057551738433	6.5945553883237e-07
4	63512	4.058412965621	2.0549603000823e-08
4	63516	4.058592147212	1.0806163231673e-08
4	63523	4.0594021886	2.8150083594124e-08
4	63533	4.059588887003	0.00015414084202613
4	63543	4.060353982161	7.7623089357091e-08
4	63547	4.060579832003	2.5863259349863e-06
4	63554	4.061343824112	0.00055374551440837
4	63561	4.061629695307	2.4989957632853e-06
4	63574	4.062297267413	1.0711807194381e-06
4	63578	4.062609714053	3.9453560264614e-06
4	63585	4.063249067705	3.1174557092204e-07
4	63595	4.06359721155	4.7308754226666e-05
4	63608	4.064258391802	2.3675229729531e-09
4	63612	4.064631569434	1.2380846622487e-08
4	63619	4.065289622875	2.976862862661e-05
4	63629	4.065642162477	1.4268494905885e-07
4	63639	4.066300505468	0.0015232727763949
4	63643	4.066644471808	1.5093836799047e-06
4	63650	4.06728855221	0.00031024737025036
4	63657	4.067595514857	0.0037891600990327
4	63670	4.068327826447	1.4590311035284e-06
4	63674	4.068639948247	3.8119735044462e-07
4	63681	4.069370478565	6.6423871687471e-05
4	63688	4.069659171821	4.5537418155239e-06
4	63701	4.070348416698	1.9496558106542e-06
4	63705	4.070652016195	1.1489499552413e-07
4	63712	4.071329818106	2.5659809630388e-07
4	63722	4.071663083314	0.00041291263206341
4	63732	4.07235469805	0.00117600684858
4	63736	4.072681300733	0.00018077229237552
4	63743	4.073324685714	7.9588231992067e-07
4	63753	4.073699928617	0.00010587194312738
4	63763	4.074294176042	1.2076087767136e-05
4	63767	4.074696233431	3.445349802211e-06
4	63774	4.075257961558	3.2263514303827e-05
4	63781	4.075690140829	4.4148404717766e-08
4	63794	4.076217350687	4.1137948654492e-05
4	63798	4.076690760338	9.2643479674509e-06
4	63805	4.077247778752	1.4008533252114e-05
4	63815	4.077702239929	7.2668245492637e-05
4	63825	4.078254393799	3.6059496467097e-06
4	63829	4.07866156576	2.708048208301e-05
4	63836	4.079296045731	6.4450707965243e-06
4	63846	4.079695966185	1.1246493022981e-05
4	63856	4.080261733522	1.9543773652037e-07
4	63860	4.080659227334	1.357885777233e-08
4	63867	4.081298318506	1.0257563833317e-05
4	63877	4.081629406264	0.00030714454373695
4	63887	4.082270145127	0.00092008171728594
4	63891	4.082590988666	4.2227869373152e-07
4	63904	4.08325997074	1.1974412779632e-05
4	63914	4.083610144713	8.7486143933755e-05
4	63921	4.084308255475	1.986041773636e-08
4	63925	4.084657931086	2.7331237028371e-05
4	63935	4.08534106867	2.5202410562931e-07
4	63945	4.08568569484	1.7024400467189e-06
4	63952	4.086341233891	0.0014111874483545
4	63956	4.086655725927	0.00011405069350156
4	63966	4.087362758027	0.0041172156825299
4	63976	4.087642350401	9.4752663053836e-05
4	63983	4.088352043276	1.4469603223354e-05
4	63987	4.088645647817	3.0237748254072e-06
4	63997	4.089364616203	2.7372039931505e-06
4	64007	4.089657113962	7.867788235073e-07
4	64014	4.090353576666	7.4397803781586e-08
4	64018	4.090645208871	1.9167933082198e-06
4	64025	4.091319717514	7.9855561180235e-05
4	64038	4.091666428169	0.0002038211054302
4	64045	4.092319768434	6.2721780966799e-06
4	64049	4.092663295852	2.0126315226952e-05
4	64059	4.09336071093	8.9228573047535e-06
4	64066	4.093628208961	0.00060414597876051
4	64076	4.094408384157	8.3027671270042e-05
4	64080	4.094641938791	8.202632856134e-06
4	64090	4.095449405739	4.2495027128155e-07
4	64100	4.095609343041	3.4503377683678e-05
4	64107	4.096496313114	6.4163420626815e-07
4	64111	4.096631264572	1.1013338011077e-06
4	64121	4.097478943073	0.00075402259563166
4	64125	4.09767262323	5.3159974530303e-05
4	64138	4.098511583637	0.00026579861236873
4	64142	4.09865151023	0.0037421445903892
4	64152	4.099480359096	1.1593292686948e-05
4	64159	4.099675586472	0.00035831347314514
4	64169	4.100452974581	6.2778595243874e-07
4	64173	4.100627489919	1.2149821874484e-05
4	64183	4.101431063047	0.00011773302834418
4	64187	4.101612067059	1.5853906099569e-06
4	64200	4.102473133917	0.00049758044891672
4	64204	4.102661954309	0.0013260708936137
4	64220	4.10351491636	4.0775582857463e-07
4	64224	4.103654655422	2.6686060892675e-05
4	64234	4.104557180721	7.8241291771798e-06
4	64238	4.104628344886	0.00056030608246347
4	64248	4.105570960363	6.5468439638378e-07
4	64255	4.105618837415	8.7839527881356e-06
4	64265	4.10656764407	0.00018297605094643
4	64269	4.106616293291	5.0615457538348e-05
4	64279	4.107617233982	9.0919104439073e-05
4	64283	4.107655525072	1.5877055193595e-07
4	64296	4.108608669987	3.1353988835283e-07
4	64300	4.108631915889	7.2863855965484e-05
4	64310	4.109600505261	2.1774124935959e-07
4	64314	4.109644472989	7.7065006247875e-05
4	64327	4.110624629318	0.0004445720815773
4	64331	4.110676473502	2.9011497200006e-06
4	64341	4.111588533344	1.7887484629753e-06
4	64345	4.111724192768	5.4716846984663e-08
4	64358	4.112580597013	0.00014598390730697
4	64362	4.11272778399	5.602162708839e-05
4	64372	4.113563497734	7.9129515840878e-05
4	64376	4.113774043686	2.2784542189297e-05
4	64389	4.114606177805	8.90591564232e-08
4	64393	4.114785361693	1.5733890975025e-06
4	64403	4.115567335426	0.00029085826363036
4	64407	4.115783970933	4.6961073447462e-05
4	64420	4.116561106568	1.8146572768838e-06
4	64424	4.116814788898	1.2865895212302e-05
4	64434	4.117580917882	5.2983517175278e-09
4	64438	4.117785676683	0.00027907679969702
4	64448	4.118558066909	0.00050893985487185
4	64455	4.118804384253	1.2184069527829e-07
4	64465	4.119549067975	4.5454936946106e-06
4	64469	4.11982749226	4.6601813376226e-05
4	64479	4.1205578311	3.5772090753439e-06
4	64486	4.120870970912	5.4986246325758e-07
4	64496	4.12160654131	2.0165767778765e-06
4	64500	4.121861770255	6.7171645887802e-09
4	64513	4.122609369735	1.27041680805e-06
4	64517	4.122842216996	8.1780287155976e-06
4	64530	4.123637269123	8.16500269295e-05
4	64534	4.123816587331	0.000109029387653
4	64544	4.124588606457	8.2409469824529e-08
4	64551	4.124865271034	0.00010924272882356
4	64561	4.125637050412	3.0144462759868e-08
4	64565	4.125856918288	7.7613022318784e-08
4	64578	4.126662790361	7.1411785752906e-06
4	64582	4.126906358062	2.9007187042073e-07
4	64592	4.127656314422	9.224103451451e-06
4	64599	4.12792880236	1.8505275325973e-06
4	64609	4.128657042224	4.7449089167558e-05
4	64613	4.128896273812	5.2055415409666e-07
4	64623	4.129697117696	1.6369396765264e-06
4	64633	4.129919073151	8.7848072792663e-06
4	64640	4.130711483782	3.2854967600949e-05
4	64644	4.13092688476	1.4721006335669e-06
4	64654	4.131677282551	0.00064079590815696
4	64661	4.131976518884	2.1707828328288e-06
4	64671	4.132639234687	0.00078184128701698
4	64678	4.133017889951	4.0084787594197e-05
4	64685	4.133615528122	1.3057774753782e-05
4	64692	4.133984388157	0.0021765334927845
4	64702	4.134665347037	2.1327749756411e-06
4	64706	4.134936373021	8.7334739973696e-07
4	64716	4.135615766519	3.1078634285962e-06
4	64723	4.135917551913	1.2666140617337e-05
4	64733	4.136611181262	1.9272290096789e-05
4	64737	4.136871693315	0.000197395337269
4	64747	4.137643764108	3.3676115384284e-07
4	64754	4.137868495507	1.8510340987477e-06
4	64764	4.138604615226	0.00011797869719336
4	64768	4.138834195423	6.1160957530982e-06
4	64778	4.139621894038	8.9528371303983e-08
4	64782	4.139830807204	2.005722966028e-06
4	64795	4.140599569884	0.00019655281340432
4	64799	4.140873868624	2.0761140406456e-05
4	64809	4.141590304562	1.4864447643635e-07
4	64816	4.141864896546	0.00013784312014947
4	64826	4.142571539363	5.3617217928289e-05
4	64830	4.142832220786	2.9974925640088e-08
4	64843	4.143560036103	8.1233871695109e-08
4	64850	4.143831887229	1.1510385998512e-06
4	64860	4.144545136656	7.7773148645209e-05
4	64864	4.144857917641	5.8696001866512e-08
4	64874	4.145532245921	1.8507516754296e-06
4	64881	4.14585067184	2.7173249996831e-05
4	64891	4.146549653761	1.8259828347041e-06
4	64895	4.146842834761	0.0001125830013074
4	64905	4.147535218776	8.5965607780643e-06
4	64915	4.147837683934	4.5647355518337e-05
4	64922	4.148557106019	7.0332821912897e-06
4	64929	4.148858504264	5.8286287508369e-07
4	64936	4.149537008596	5.0920245125303e-06
4	64946	4.149834724706	6.2463491384389e-06
4	64953	4.150561098182	0.0014018927301305
4	64957	4.150833424612	1.0875767914602e-07
4	64967	4.151583506066	4.6187832183429e-06
4	64974	4.151840466832	4.222926071064e-06
4	64984	4.152588566214	3.3806919541317e-05
4	64988	4.152809278118	0.00010271087911229
4	64998	4.153553730811	1.5650251799103e-09
4	65005	4.153841170604	2.4149016595593e-07
4	65015	4.15452996666	2.2743545707968e-07
4	65019	4.154791367539	0.00019650971370836
4	65029	4.155573912381	0.00013812178990303
4	65036	4.155743238998	2.5675331701575e-06
4	65046	4.156613045621	0.00039325268292284
4	65050	4.156711942829	0.00017607734840626
4	65060	4.157572583335	1.1694419066169e-05
4	65067	4.157739741225	8.7816795637861e-09
4	65077	4.158588936815	4.9270928715208e-05
4	65081	4.158724459012	0.00065793137238349
4	65091	4.159586293684	4.7835613506549e-07
4	65095	4.159693543273	0.00019474201064627
4	65108	4.160603674094	0.0014126618186562
4	65112	4.160719446175	0.00010519999667461
4	65122	4.161575986135	1.6926643866749e-05
4	65126	4.161722654348	2.0109930596396e-05
4	65139	4.162613080721	0.0011454582313507
4	65146	4.162723308135	1.7383088047508e-06
4	65156	4.163629196051	3.3515350892042e-05
4	65160	4.163683931147	6.8096687197781e-05
4	65170	4.164608666389	5.9520201920299e-09
4	65174	4.164634311118	0.00014177440617896
4	65187	4.165597614771	0.00045150147438165
4	65191	4.165650282121	1.1519721771091e-08
4	65201	4.166594587286	1.3149111669655e-08
4	65208	4.166674638635	4.3223521393382e-06
4	65218	4.167602483142	5.9623123535996e-05
4	65225	4.167630334076	7.4724134757393e-06
4	65232	4.168594768512	0.00013423109066605
4	65236	4.168626888064	0.00013402568709222
4	65249	4.169568238833	6.6212875910516e-07
4	65253	4.169639730268	0.001001004479494
4	65263	4.170588547687	0.00014856765761568
4	65267	4.17059396914	2.7229103808601e-06
4	65283	4.171588335415	1.5351179392133e-05
4	65287	4.171618807089	5.4658539467039e-07
4	65294	4.172589814117	1.2215603956652e-05
4	65301	4.172634293653	5.2811720675817e-07
4	65311	4.173559946177	3.4139029332485e-05
4	65318	4.173648934416	2.43286686238e-05
4	65325	4.174514142875	8.9044491317344e-05
4	65335	4.17469123359	1.1856345605316e-06
4	65342	4.175512320615	0.00031012582718074
4	65346	4.17564266157	9.0235376139601e-05
4	65356	4.176505151528	7.7058025085014e-05
4	65366	4.176600340892	1.9894003909551e-05
4	65373	4.177469115269	2.9695553889099e-07
4	65377	4.177557236944	0.0002504846281989
4	65390	4.178505639691	0.001399994203549
4	65394	4.178533440758	0.00013185488670459
4	65404	4.179529358176	0.00019621669916577
4	65408	4.179533543515	1.4287125317873e-05
4	65421	4.180485745354	0.00019243656634637
4	65425	4.180539515767	3.5508567904944e-07
4	65435	4.181496162238	4.1805054262574e-07
4	65439	4.181545212689	3.289243304681e-07
4	65449	4.182447349528	3.0295197530105e-07
4	65453	4.182593579936	4.2558980716522e-05
4	65469	4.183477492103	1.9696017087616e-05
4	65473	4.183595996506	2.5101909270716e-06
4	65483	4.184447972758	6.7568674062788e-06
4	65490	4.184621373012	1.1970439434481e-05
4	65500	4.185417610905	6.4974201932234e-07
4	65504	4.185608640395	3.9070185531505e-06
4	65514	4.18644349879	3.6073340301215e-05
4	65524	4.186622049838	1.9285877063782e-05
4	65531	4.187467232939	4.0048336286928e-05
4	65535	4.187641267483	0.00014144156040721
4	65548	4.188507113575	1.8720623918299e-06
4	65552	4.188641246216	2.3677415905358e-07
4	65562	4.189470892125	0.0011998140926227
4	65566	4.189615135901	1.7589083216066e-05
4	65576	4.190429211445	0.0017994539345656
4	65583	4.190592870723	2.8191141392734e-07
4	65590	4.19140176662	2.3177440471369e-05
4	65597	4.191564589425	1.9039582623385e-06
4	65607	4.192373074291	0.00017189871809302
4	65611	4.192554956249	0.001680895291115
4	65621	4.193388366954	0.00017619894336048
4	65625	4.193567270209	0.00037537792689313
4	65638	4.194368446596	0.00095085998708226
4	65645	4.194575441208	7.3337054204031e-08
4	65652	4.195401843839	2.7318051630303e-05
4	65656	4.195623216016	4.3837290531759e-06
4	65669	4.19638558726	4.3303426451582e-05
4	65676	4.196641600647	2.7258593021294e-06
4	65683	4.197349597826	1.6059981371075e-06
4	65687	4.197639914258	5.094594041899e-06
4	65700	4.198340768043	1.9008848606077e-06
4	65704	4.198593251893	6.6677153375148e-05
4	65714	4.199330325479	0.0007433978211198
4	65721	4.199630102071	9.5447726978207e-06
4	65731	4.200283974661	3.5294695567818e-06
4	65735	4.200635514776	2.4542341521405e-07
4	65745	4.201305929758	2.0949070882492e-06
4	65752	4.201671972285	3.0467233451903e-06
4	65762	4.202282957181	8.5678385352042e-05
4	65766	4.202689220666	0.00016163578318628
4	65776	4.203304794327	4.1041123984317e-05
4	65786	4.203711924624	9.9378229622229e-06
4	65796	4.204336769791	2.9804095725968e-06
4	65803	4.204698229643	1.0584189837024e-05
4	65810	4.205373292047	1.5249812842229e-05
4	65817	4.205683285357	0.00025871855535015
4	65827	4.206379427017	5.848977282317e-05
4	65831	4.206677639079	1.3458308913849e-05
4	65841	4.207380965437	2.1519781802705e-06
4	65848	4.207656493336	0.0033655727112878
4	65858	4.208386254897	5.0104420662146e-06
4	65865	4.208638182456	4.5323028585614e-08
4	65872	4.209401612751	3.3795701986807e-05
4	65879	4.209615007282	6.8809379753704e-05
4	65889	4.210428164699	1.6110864872298e-06
4	65896	4.210608813797	9.8495902391406e-05
4	65903	4.211381248189	0.0015239183824596
4	65913	4.21164659229	9.4331105319096e-05
4	65920	4.212383366471	1.0182346292112e-07
4	65924	4.212609686556	1.5077966331701e-07
4	65937	4.213396479744	4.6869567056068e-06
4	65944	4.21365946494	2.1847851915063e-06
4	65951	4.214360568112	1.6863394077571e-06
4	65955	4.214668580601	3.641822241846e-07
4	65968	4.215372589493	0.00012242322202547
4	65975	4.215675682769	2.0314008183093e-06
4	65982	4.216409009947	1.2159663078526e-05
4	65986	4.216702102728	4.6930675315964e-05
4	66002	4.217451984555	0.00073863651745689
4	66006	4.217691892056	1.5785646649939e-08
4	66013	4.218484430993	0.00041941333220522
4	66017	4.218642633466	0.0006462704239524
4	66033	4.219467005828	0.0021611750850466
4	66037	4.219596928456	2.533719682665e-07
4	66044	4.220466721652	3.2309706723256e-08
4	66048	4.220626211155	1.5101523903124e-07
4	66064	4.221483943959	0.0030236535330653
4	66068	4.221634544153	1.7006169166331e-05
4	66072	4.222451177061	3.4308906662496e-05
4	66079	4.222615466226	1.3682020827799e-05
4	66098	4.223482908676	3.7784759932845e-06
4	66102	4.223585804226	0.00037370814656122
4	66109	4.2244712407	6.7221090046059e-06
4	66113	4.224586686797	2.3188295692292e-05
4	66129	4.225468899591	6.9588644245565e-07
4	66133	4.225538055971	3.3125015917774e-06
4	66140	4.226470483244	5.7514974162757e-05
4	66144	4.226499968926	1.5147338733894e-05
4	66160	4.227461013383	8.7417508605643e-06
4	66164	4.227488793068	0.00047027696193406
4	66171	4.22845662276	6.3271298406341e-05
4	66175	4.228458128701	0.00047332478572516
4	66191	4.229478919755	2.2616594222674e-05
4	66195	4.229504731625	1.4073607203901e-06
4	66202	4.230472616866	1.6264687961668e-09
4	66206	4.230478901744	3.1081544976478e-05
4	66222	4.231453809476	3.6002543848301e-05
4	66226	4.231486303511	0.00074175783937022
4	66233	4.232426729468	1.7477621980388e-06
4	66237	4.232457069808	1.5357123707352e-06
4	66253	4.233444234635	6.0072858522565e-06
4	66257	4.233498019732	7.7938564376522e-06
4	66264	4.234397109077	4.0359347436401e-05
4	66268	4.234479016814	2.6072171280347e-05
4	66284	4.235359809431	0.00091464680221007
4	66288	4.235442441148	0.00019738159814671
4	66295	4.23636988894	7.0158578282658e-06
4	66299	4.236458044221	2.2396202379455e-06
4	66315	4.237354251122	6.6116352317254e-06
4	66319	4.237451077433	4.0088839786799e-05
4	66326	4.238358468701	0.00017094888669758
4	66330	4.238475939749	6.0869788236027e-05
4	66346	4.239324257312	0.00012047478197542
4	66350	4.239525360763	3.8457311882848e-07
4	66354	4.240321949385	0.00014260498760762
4	66361	4.240476614288	9.5602714422191e-05
4	66377	4.241273418324	1.6579324521427e-05
4	66381	4.241519786115	3.6077899218377e-06
4	66385	4.242268602284	2.5467068674228e-07
4	66392	4.24255605476	5.0793958919651e-08
4	66411	4.243249340458	1.4564061383261e-05
4	66415	4.243602453897	7.3784770209307e-08
4	66419	4.244262107526	1.6041841901164e-07
4	66426	4.244641840278	5.4837539970136e-06
4	66442	4.24530825968	9.1294766230967e-05
4	66446	4.245601556279	1.5220200255453e-06
4	66453	4.246288786941	6.1057702188122e-07
4	66457	4.246594016675	2.2455156743568e-07
4	66473	4.247277607736	5.1573874496152e-08
4	66477	4.247594796029	6.2045467878879e-06
4	66481	4.248240129066	0.00013893349263007
4	66491	4.248555787163	1.0596531605558e-05
4	66504	4.249274160559	1.5284273725246e-06
4	66508	4.249603729835	7.3573868650368e-05
4	66514	4.250239123932	0.00087997044493625
4	66524	4.250635382569	0.00016461889717352
4	66537	4.251273180854	0.00037915732680517
4	66541	4.251627960558	8.9475524886831e-05
4	66545	4.252244724167	0.00018004859776883
4	66555	4.252616039158	8.8315375166556e-08
4	66568	4.253216971032	0.00086657818634422
4	66572	4.253589316287	2.4070268357983e-05
4	66576	4.254170297739	5.4925416744698e-06
4	66586	4.254638037693	5.4606509774315e-06
4	66596	4.255142282994	2.1427913091368e-06
4	66603	4.255618626697	0.00041804320579544
4	66607	4.256177491751	0.00031277144025801
4	66617	4.256581551532	1.3023708295814e-06
4	66627	4.257154283504	7.9829887999732e-06
4	66634	4.257619194956	1.5066912575299e-07
4	66641	4.258196615748	6.1654713818145e-07
4	66648	4.258661647201	7.3561591614077e-05
4	66661	4.259229592208	3.0963682526961e-07
4	66665	4.259705428345	0.00010618395419851
4	66675	4.260258425795	2.7951863078719e-07
4	66679	4.260733441034	0.00018375057690109
4	66692	4.261233678214	4.3004469309648e-08
4	66696	4.261711326907	1.6329605929356e-07
4	66703	4.262264110903	0.00018473453034205
4	66710	4.262738057604	0.00083109606435582
4	66723	4.26324033771	9.0741469562077e-07
4	66730	4.263688736727	2.4659483334155e-07
4	66740	4.264252245459	2.0176222686362e-05
4	66744	4.264731056016	3.4002582668532e-09
4	66754	4.265245800925	6.9004123617141e-08
4	66761	4.265760284528	6.274792590867e-06
4	66768	4.266206406284	0.00016682050776052
4	66775	4.266751815667	4.7475803372037e-07
4	66782	4.267190430485	1.2066153102793e-05
4	66792	4.267782330689	3.4923697337088e-05
4	66799	4.268237556196	7.6081080486788e-08
4	66806	4.268799528709	1.7150938668635e-06
4	66816	4.269287515812	2.1025582082737e-05
4	66823	4.269788518671	0.00012982665269908
4	66830	4.270254538754	9.263712796802e-05
4	66837	4.270820000549	2.6261626445078e-07
4	66847	4.271231200268	0.0001680658462692
4	66854	4.271861845443	8.5222803384468e-05
4	66858	4.272242701061	1.0499841057979e-05
4	66871	4.272836616795	0.00028010707263647
4	66881	4.27322294687	4.0643737546372e-07
4	66885	4.273832705573	4.230352147583e-08
4	66892	4.274200519875	5.6016516407843e-06
4	66902	4.274816826409	6.6685063744566e-06
4	66912	4.275184947248	1.024930712308e-09
4	66916	4.275829119616	5.4220243543394e-05
4	66920	4.276150631548	2.0323541890542e-06
4	66936	4.276875877521	3.9757006611604e-05
4	66943	4.277177484373	8.8428304684592e-05
4	66947	4.277853861024	0.00017419783802877
4	66951	4.278180974579	2.0238930656949e-05
4	66970	4.278869961615	1.4407833604643e-06
4	66974	4.27913299208	0.00030309734997464
4	66978	4.279891296273	9.5900179660633e-08
4	66982	4.280084482969	1.3081578742126e-06
4	67001	4.280846737953	3.7538519051806e-05
4	67005	4.281097180351	0.00012286458328349
4	67009	4.281816708404	1.2988911930825e-07
4	67016	4.282085427792	1.4254132624166e-07
4	67035	4.282816347891	6.5444132525756e-09
4	67039	4.283110803125	0.00029204921680681
4	67043	4.283828957942	2.9833337242692e-07
4	67047	4.284090801113	3.8754162154618e-05
4	67060	4.284851045195	2.7345374701548e-06
4	67070	4.285098854441	6.6512551810506e-08
4	67074	4.28586737308	3.3214955143966e-05
4	67078	4.286086022573	9.3757250650197e-05
4	67091	4.286898053194	6.1349448220409e-05
4	67098	4.287086471828	2.2193609797774e-07
4	67105	4.287876924175	3.6496631596816e-05
4	67109	4.288080913115	9.6328393999837e-05
4	67122	4.288873935445	0.00043582660718586
4	67126	4.289047472777	5.8665613171793e-07
4	67136	4.289919234299	6.6895769539212e-06
4	67140	4.290013115507	9.7506450216685e-09
4	67153	4.290950247424	1.7824337400008e-05
4	67157	4.290967750464	2.0202899555646e-06
4	67167	4.291921549921	7.6667575764986e-05
4	67171	4.29197784893	4.0443864688092e-06
4	67187	4.292872106394	2.810247624733e-06
4	67191	4.292964809051	1.1996518574755e-05
4	67198	4.293841739706	9.7577561082769e-08
4	67202	4.293916819197	2.828677243125e-07
4	67215	4.294844012298	1.5202069910888e-05
4	67219	4.29496100457	3.2398220935742e-06
4	67229	4.295849608772	4.8531335924993e-05
4	67233	4.295929369351	4.2517140885536e-06
4	67249	4.296800991625	0.00063001073735679
4	67253	4.296938860411	1.7415861630748e-05
4	67260	4.297796389041	3.2784390057395e-05
4	67264	4.297919146378	5.4869902693188e-07
4	67277	4.298766800669	1.8499575908507e-06
4	67284	4.298916075206	4.003135403397e-06
4	67291	4.299746899079	0.0058854694075572
4	67295	4.299935064292	2.5387015459006e-05
4	67305	4.300728369405	9.970117273329e-06
4	67315	4.300897040825	1.0073051480161e-07
4	67322	4.301718711419	2.7965969117048e-05
4	67326	4.30194652243	1.2863853772223e-06
4	67339	4.302669278839	0.00032363481710835
4	67349	4.302919839749	9.9521915282757e-06
4	67356	4.303703548281	2.7990649192963e-07
4	67360	4.303965439014	1.2164395255772e-05
4	67370	4.304710314968	3.3205048087479e-08
4	67380	4.304999691192	7.8277090241932e-05
4	67387	4.305712080392	4.8592158208774e-07
4	67391	4.305952853129	7.2586034642015e-06
4	67398	4.306669250735	6.59290353411e-06
4	67411	4.306969872231	1.2161889756108e-05
4	67418	4.307649083463	1.0449524892018e-05
4	67422	4.308003604884	1.4517731515396e-05
4	67429	4.308599926884	6.0632880555312e-06
4	67442	4.309049141792	6.7200118171565e-07
4	67449	4.309571281313	2.4161432768035e-05
4	67453	4.310003037393	0.00020589154546716
4	67463	4.310572281911	3.6466572781238e-05
4	67473	4.310975548117	0.0013871315272757
4	67480	4.311582007282	8.2773244526196e-06
4	67484	4.311946734788	2.6959699956938e-08
4	67491	4.312559880855	1.8280091945151e-06
4	67504	4.31299122089	1.5479615993197e-08
4	67511	4.313514585855	5.9129963538358e-08
4	67515	4.314036711622	0.0038551987708771
4	67522	4.314479160665	3.398353700228e-05
4	67535	4.315081240259	0.00013615871617532
4	67542	4.315495556299	3.8609940532826e-09
4	67549	4.316102333238	2.7465318479816e-09
4	67553	4.316471983776	4.5374119625703e-06
4	67569	4.317150546677	2.314138075377e-06
4	67573	4.317426027044	3.3156829913467e-07
4	67580	4.318120677645	0.00032958508210786
4	67584	4.318401151512	7.486779425321e-06
4	67600	4.319111790549	5.4540467795307e-05
4	67604	4.319352733882	4.5720824630704e-07
4	67611	4.320136475507	1.9303633086063e-07
4	67615	4.320325544038	1.3124511346775e-07
4	67628	4.321115148454	9.6980572214347e-05
4	67635	4.321339820141	2.1327281948815e-06
4	67642	4.322081474085	4.6856754436924e-05
4	67646	4.32235433637	0.00014661724853665
4	67665	4.323099462012	1.7423270717988e-05
4	67669	4.323359845652	5.8777727018469e-06
4	67676	4.324111652206	0.00014072412359246
4	67680	4.324329376268	3.0251140796016e-07
4	67696	4.325087764749	5.7862546732006e-08
4	67700	4.325356107256	7.1017777271338e-05
4	67707	4.326115138092	2.4076742438119e-05
4	67714	4.32631060143	0.00011697889484125
4	67727	4.327089444529	2.9199995863845e-05
4	67731	4.327349880768	3.3195284149617e-06
4	67738	4.328053418952	4.5971104334042e-05
4	67742	4.328308374757	1.1216887133926e-05
4	67755	4.32903095959	0.00013342802615304
4	67762	4.32931356467	4.0219903393033e-07
4	67769	4.330035633634	9.3577903285953e-07
4	67773	4.330287780417	0.00086503711734033
4	67786	4.331023925388	1.4899902915036e-06
4	67793	4.331332701	3.7325589094804e-05
4	67800	4.332041888761	1.5861286103009e-06
4	67804	4.332306019466	4.0013826011593e-05
4	67817	4.333027461184	1.8311485639884e-05
4	67824	4.333322671724	0.00014067045938727
4	67831	4.334010156432	7.1831987461468e-06
4	67835	4.334356468794	1.6635799814275e-08
4	67848	4.334999277447	4.1647298549419e-06
4	67855	4.335361276597	2.8012939317737e-10
4	67862	4.336022150519	3.0888997510759e-08
4	67869	4.336371166727	1.8636614244489e-08
4	67879	4.337022996896	0.00048254743946074
4	67883	4.337346525255	1.4785925121342e-06
4	67893	4.338032657355	5.0829447191503e-05
4	67900	4.338370720769	3.6736384213148e-05
4	67910	4.33907314619	5.2316629331214e-06
4	67914	4.339335376755	7.540078953849e-07
4	67924	4.340037061073	6.9524823335328e-05
4	67931	4.340299147031	5.7874631397826e-05
4	67938	4.341008554331	0.00093833280986755
4	67945	4.341334547504	7.9588004288816e-07
4	67955	4.341991381818	5.0415828729414e-05
4	67962	4.342355317952	0.00010794050228317
4	67969	4.342984695611	1.1924564500585e-06
4	67979	4.343370058068	2.1591463994323e-06
4	67989	4.343944014929	2.1187765649884e-06
4	67993	4.344398582067	6.4700711541449e-07
4	68003	4.344965437242	0.00048032081056226
4	68007	4.345387049976	3.269812978519e-06
4	68020	4.346013295796	8.5571076799327e-07
4	68024	4.34634241265	0.00049854823585445
4	68034	4.3470512781	5.1808164524504e-06
4	68038	4.347328748509	2.0913060565436e-06
4	68051	4.348068368955	1.0122738456909e-05
4	68058	4.348329107182	3.8446389766261e-05
4	68065	4.349057068515	0.0001858943648677
4	68072	4.349372354445	0.012339278756347
4	68082	4.350057005968	4.9782234961281e-05
4	68089	4.350360088878	2.030801088631e-07
4	68096	4.351028756096	5.4953325523503e-05
4	68106	4.351388945027	2.55448469777e-05
4	68113	4.351987161628	3.0145699571954e-05
4	68120	4.352374026018	0.00018912501382404
4	68127	4.353001989839	1.6069872421564e-08
4	68137	4.353358943976	7.8097774684222e-05
4	68144	4.354024261323	1.480785422168e-06
4	68151	4.354326630086	3.0262182207765e-05
4	68158	4.355048869412	6.7784886800123e-06
4	68168	4.355352690015	6.8479536541941e-08
4	68175	4.356067234958	1.3334628270899e-05
4	68179	4.35633578797	4.0349072416571e-05
4	68189	4.357042952341	0.0010183704493433
4	68199	4.35737628828	1.7181049678366e-05
4	68206	4.358072021387	0.00080309964980289
4	68210	4.358365403372	8.1535618348337e-07
4	68220	4.359072877938	0.00010266045102114
4	68230	4.359409433541	1.9662142546063e-05
4	68237	4.360024100938	0.00061102633045571
4	68244	4.360428881579	8.5820256117902e-05
4	68251	4.361061838912	3.1573100231298e-05
4	68258	4.361461163902	0.00016553230080491
4	68268	4.362024459926	0.00055985445806873
4	68275	4.362510548744	1.436601379428e-06
4	68282	4.363031137426	0.00039541250619521
4	68292	4.363487618119	4.4781018892226e-05
4	68302	4.36401817956	7.9032082762052e-07
4	68309	4.364457631518	0.00083099272309548
4	68316	4.364971965678	0.0002139968809501
4	68323	4.365461784306	0.00011091811169396
4	68333	4.365970713696	3.5960558049964e-06
4	68340	4.366426494314	0.00012023675655698
4	68347	4.366951579782	0.00065792917774913
4	68354	4.36742808873	0.00071053796330324
4	68364	4.367979353022	1.1869076657663e-05
4	68371	4.368436424125	2.3922728444941e-07
4	68378	4.368961780074	1.5279874001651e-05
4	68382	4.369403369554	7.6594181642139e-08
4	68395	4.370005179754	6.8955311757192e-08
4	68399	4.370357427028	3.9588548853804e-09
4	68409	4.371032988869	5.0722791099939e-06
4	68413	4.371325812761	3.3495221094774e-05
4	68426	4.372018825987	0.0016206608381686
4	68430	4.372318311481	1.902764347587e-07
4	68440	4.372987357212	3.4362311894546e-05
4	68444	4.373270704593	3.346061335616e-05
4	68457	4.373965027946	0.0017777584365843
4	68461	4.374252758423	3.5989136749555e-06
4	68471	4.374965217956	3.6216283609086e-05
4	68475	4.375206689541	1.6367478078563e-05
4	68488	4.375930122943	6.4247335859783e-06
4	68492	4.376176174111	1.3880648889405e-09
4	68502	4.376965075449	2.4372400910387e-07
4	68509	4.377198163563	8.552966822651e-06
4	68519	4.377999485563	3.7329778733756e-06
4	68523	4.378162377436	0.0005971478072722
4	68530	4.379004860815	1.5927868543585e-05
4	68540	4.379190623215	1.066513687678e-05
4	68550	4.380038700242	5.3264508058479e-05
4	68554	4.380155720392	1.229574322402e-07
4	68561	4.381020781098	1.6977964849664e-06
4	68571	4.381111877817	1.4697019167134e-06
4	68581	4.382021444294	4.5897363322085e-07
4	68585	4.382082944569	2.4956817654983e-08
4	68595	4.383037152328	0.00026093917321753
4	68605	4.383076822769	2.0839365899666e-07
4	68615	4.384049933837	2.9447599556586e-06
4	68619	4.384090288786	0.00078785626480886
4	68632	4.385003936296	2.3385220016509e-06
4	68636	4.385076084708	0.00011500079550038
4	68646	4.385964776525	8.6832293459788e-07
4	68650	4.386036207447	2.1248308891136e-06
4	68663	4.386980939901	6.5264243330744e-06
4	68667	4.386997138495	3.9806476865404e-05
4	68677	4.38798561575	3.698118066383e-06
4	68681	4.387989670239	3.0746276319946e-06
4	68694	4.38894122222	4.8397174936719e-06
4	68698	4.389024126238	4.5656076824727e-07
4	68708	4.389929160845	1.6008807052988e-05
4	68712	4.390016220747	0.00025783895050172
4	68725	4.390930098997	1.4516084055463e-05
4	68729	4.391052734877	0.00028899192306536
4	68736	4.391904188604	2.6026933751052e-05
4	68743	4.392081326857	5.9464600277227e-09
4	68756	4.392943643316	3.0583619994855e-06
4	68760	4.393106899738	6.4309588510989e-07
4	68770	4.393969396387	2.295673927573e-06
4	68774	4.394141291778	9.0330828086604e-07
4	68787	4.394987865246	0.0014377032959396
4	68791	4.395131923914	4.5587409575877e-05
4	68801	4.395962323582	0.0024732018768358
4	68805	4.396112803854	0.00014640001344665
4	68818	4.396996135247	1.8921557017646e-05
4	68822	4.397150919979	8.4828188689032e-07
4	68832	4.398026362777	9.0476717032471e-05
4	68836	4.398189993552	0.0014906943904358
4	68849	4.398978817604	3.0901721856859e-06
4	68853	4.399143582027	2.0108807639254e-06
4	68863	4.399982641789	5.4557195528573e-07
4	68867	4.400149074866	4.0165296467786e-05
4	68880	4.400970009735	9.6315109226782e-06
4	68884	4.401173158725	1.5335549890924e-07
4	68894	4.401992233439	0.00021102163465562
4	68898	4.402133069666	0.00054351110962101
4	68914	4.402990729994	0.0020226701507713
4	68918	4.403145372637	0.00016108050916752
4	68928	4.403944340047	5.0112221395096e-05
4	68932	4.404117808586	6.8845964761626e-07
4	68945	4.404921505711	1.9116852511018e-08
4	68949	4.405124545004	0.00038286652921477
4	68956	4.405875870192	3.641814636283e-08
4	68966	4.406076886221	7.8584680360841e-06
4	68976	4.406854726082	4.6589815882802e-05
4	68980	4.407090375349	2.5266874251456e-10
4	68987	4.407859869814	0.00027755449848609
4	68997	4.408090838933	0.00015570477228532
4	69007	4.408893463767	2.5906778240658e-07
4	69011	4.409088641262	8.3498620319648e-09
4	69018	4.409877800436	2.3799279475236e-07
4	69028	4.410071145966	5.277298158514e-06
4	69035	4.410850400452	2.877753186796e-05
4	69042	4.411117568794	2.6500610864549e-06
4	69046	4.411828524506	4.4683047383367e-07
4	69056	4.412100074802	0.00022375702369118
4	69066	4.412855090721	0.00050095576710508
4	69073	4.413123434293	2.079677130912e-06
4	69077	4.413807442367	4.3629353965831e-05
4	69087	4.414121505687	2.4839862058125e-06
4	69097	4.414810435214	1.1658679378019e-06
4	69101	4.415098420458	5.1504671276701e-07
4	69108	4.415844914483	6.1734949908986e-06
4	69112	4.416084732657	3.3514139406148e-06
4	69128	4.416863947421	5.1294380285307e-08
4	69132	4.417071423667	6.460982467404e-07
4	69139	4.417815007312	5.4632918964867e-06
4	69143	4.4180772903	2.2375335707994e-07
4	69159	4.418787235458	1.5516557234229e-07
4	69166	4.419068305114	7.3658039012152e-05
4	69170	4.419835530178	6.4788848092211e-06
4	69174	4.42006097032	8.1591857030049e-07
4	69190	4.420856949127	0.00014211643669578
4	69197	4.421079737401	1.1418557202348e-06
4	69201	4.421832728272	0.00017908003614007
4	69208	4.422035400899	1.7397750884989e-05
4	69221	4.422861431484	1.0775454625103e-06
4	69231	4.423063539749	7.2372964539606e-08
4	69235	4.423851147846	0.00021245623982361
4	69239	4.424041103194	0.00018693042950374
4	69252	4.424861810927	2.8820476488818e-06
4	69262	4.425034386181	1.8837749670623e-06
4	69266	4.425824538677	3.4325957184432e-05
4	69273	4.426082709672	1.2679168712013e-05
4	69286	4.426866728117	9.234510382663e-05
4	69293	4.427119997677	2.4546685597616e-05
4	69297	4.427848519894	7.3384329458196e-05
4	69304	4.428132786281	0.0019605368814528
4	69320	4.428866123362	5.7311169595649e-06
4	69324	4.429134991306	0.00045694706477488
4	69328	4.429881444292	0.0020398224779984
4	69338	4.430180827111	9.8322859146716e-05
4	69351	4.430888149775	4.4305030763619e-06
4	69355	4.431164750647	5.5202947399376e-06
4	69362	4.43192154782	2.1008250863273e-06
4	69366	4.43220054072	4.9672522548229e-08
4	69382	4.432963037311	3.6133646272864e-06
4	69386	4.433196765846	1.2776625152467e-05
4	69393	4.433930082374	2.2634807640914e-08
4	69400	4.434203688125	0.00013155711747328
4	69413	4.434917259563	6.0689936406397e-05
4	69417	4.435216215629	8.6107685330785e-07
4	69424	4.435946079637	7.5257609203017e-05
4	69428	4.436190013972	1.7543049087888e-06
4	69444	4.436960259109	8.5455057768163e-05
4	69448	4.43722935302	7.2401879456428e-07
4	69455	4.437994535383	2.5542376216446e-06
4	69462	4.438270299648	5.0811612523961e-05
4	69475	4.439017638014	7.539729620594e-06
4	69479	4.439226615223	0.00030535970353885
4	69486	4.44003437691	9.2156673892755e-05
4	69490	4.440193036692	0.00037075399357011
4	69506	4.44105156773	0.00014542913525052
4	69510	4.441170559809	5.8911739117441e-07
4	69517	4.442074485374	2.5096519966366e-05
4	69524	4.442184938596	1.0121753827607e-05
4	69540	4.443071437208	2.4453041524288e-05
4	69544	4.44319776318	4.8884982025758e-06
4	69551	4.444105631792	6.8138310150164e-06
4	69558	4.444222286178	1.0348718916821e-06
4	69571	4.445076302922	0.0017782018975861
4	69575	4.445226959621	0.00015050224177254
4	69582	4.446093380913	8.8403592556272e-06
4	69589	4.446264856946	1.127202801644e-06
4	69602	4.447106075177	0.00010902055079994
4	69606	4.447287285819	1.1765452535377e-05
4	69613	4.448096851302	0.0065333724214839
4	69620	4.448280778198	3.1378893867213e-06
4	69633	4.449077465258	4.1807190788355e-06
4	69637	4.449257836789	1.3114151769081e-07
4	69644	4.450067505479	2.8937311346882e-05
4	69651	4.450280057229	2.096282063449e-06
4	69664	4.451089507261	8.0474797139137e-06
4	69668	4.451319689863	1.6349037165851e-07
4	69678	4.45205796501	1.3362800095538e-05
4	69685	4.45228194889	2.0301717513706e-07
4	69695	4.453069659373	0.012723055594194
4	69699	4.453290919635	0.00019242684180783
4	69709	4.454075169608	0.00011158613631233
4	69719	4.454289365975	3.7949278850216e-05
4	69726	4.455072336108	0.00020483007747505
4	69730	4.455294498225	0.00010489247691436
4	69740	4.456115270331	8.5120410485022e-07
4	69750	4.456311018153	2.8187162669858e-07
4	69757	4.457088090529	5.6519898445012e-08
4	69761	4.457301375055	0.00028369694385571
4	69771	4.458100758606	4.3637519300305e-07
4	69778	4.458320950201	4.1914138923445e-05
4	69788	4.459115965339	6.9951637751537e-05
4	69792	4.459274016238	2.1340567607374e-06
4	69805	4.460099917104	9.8520837368236e-06
4	69809	4.460294573562	0.0007179976024132
4	69819	4.461105923523	0.00038293679626907
4	69823	4.461297331386	1.5151265000962e-06
4	69836	4.462114942661	2.2753252870134e-05
4	69840	4.462259921146	3.9141625967885e-05
4	69853	4.463096589741	6.7288179001703e-06
4	69857	4.463259976524	8.4663330531193e-05
4	69870	4.464048058069	0.00020706924487975
4	69874	4.464218947768	0.00094021751334638
4	69884	4.465071121748	2.9731003199406e-07
4	69888	4.465255344641	4.4377114991552e-05
4	69901	4.466041097532	2.1372615036316e-07
4	69905	4.466240917626	8.593572466708e-05
4	69915	4.467051325837	7.9186884565077e-05
4	69919	4.467210649329	6.8453215466308e-07
4	69932	4.468048931448	6.7447499543087e-07
4	69936	4.468220441448	4.4544910806646e-06
4	69946	4.469048821288	5.9112241296495e-05
4	69950	4.469230134062	1.3831764348103e-05
4	69963	4.470055306568	0.0010675051073365
4	69967	4.470180168297	1.143812878682e-05
4	69977	4.471039162307	4.1223889386507e-06
4	69981	4.471137419003	5.3053042331255e-06
4	69994	4.472014472832	8.9010702799687e-05
4	69998	4.472134846869	5.9145979282995e-07
4	70008	4.472987972989	4.9746756986022e-06
4	70012	4.473112966389	9.761767078294e-06
4	70022	4.47401158096	2.882712869151e-06
4	70029	4.474125106778	5.355650966475e-06
4	70039	4.475045494304	8.9445145003826e-06
4	70043	4.475108425076	3.9029172546058e-05
4	70053	4.476013673838	0.00013089592697847
4	70057	4.476115483777	1.528262670373e-06
4	70070	4.476980294983	3.755162347153e-05
4	70074	4.477120957306	1.2943213320947e-06
4	70081	4.477980637651	0.00023056233244877
4	70091	4.478130199908	3.0507657749784e-07
4	70101	4.478985391123	6.3026145084866e-05
4	70105	4.479169157937	4.2040155934936e-05
4	70112	4.480020134651	0.00054046653154852
4	70122	4.480208811277	6.2707546427493e-06
4	70132	4.481048424614	1.7701558462547e-05
4	70136	4.481215330649	4.6298260036989e-06
4	70143	4.48206614345	4.9195057790532e-07
4	70150	4.482174955895	0.0001900099709621
4	70166	4.483086115404	1.5201924935547e-05
4	70170	4.483148767628	8.4787991713043e-07
4	70177	4.484100666492	4.6359045184111e-05
4	70181	4.484128953604	2.7333687190508e-05
4	70197	4.485087358804	1.2898840274406e-06
4	70201	4.485138861965	7.9280726668848e-05
4	70211	4.486069941652	6.6854314761201e-06
4	70215	4.486091229517	7.1319921027424e-05
4	70225	4.487035859638	0.00031942186404911
4	70229	4.487098280315	2.4683610583838e-05
4	70239	4.488044351746	0.0066517157540764
4	70246	4.488140525978	6.7861890031982e-09
4	70256	4.489061472949	5.3208190806875e-06
4	70263	4.489110908692	0.000357212849277
4	70270	4.490043769139	3.9133019074079e-08
4	70277	4.49013543906	1.6015785566825e-05
4	70287	4.491011827116	9.2633956693833e-07
4	70294	4.491135064396	0.00011269116013962
4	70301	4.49199772042	9.8464949485225e-06
4	70308	4.492127779903	1.9869915685705e-07
4	70321	4.493022787028	1.8291641112939e-05
4	70325	4.493115586066	1.1142713287561e-06
4	70332	4.49403354492	1.1906227365713e-05
4	70336	4.494140325575	5.8544627251819e-05
4	70352	4.495055603737	3.5113849910173e-05
4	70356	4.495102789404	2.9540279690847e-06
4	70363	4.496062705102	3.6305445197265e-08
4	70367	4.496103537975	1.9132511517412e-05
4	70383	4.49704110172	1.0065231234082e-05
4	70387	4.497104784448	1.6457617538114e-05
4	70394	4.498030171235	7.0166963229413e-05
4	70401	4.498132477797	0.0014348569547404
4	70414	4.499040198057	0.00088592008717402
4	70418	4.499128486509	8.9872432718899e-08
4	70430	4.500014240968	1.0810925449529e-08
4	70434	4.500139077707	2.7711468455742e-06
4	70447	4.500967101453	0.00010207894598209
4	70451	4.50115454036	3.1340342748001e-05
4	70461	4.5019222443	6.1219532008906e-05
4	70465	4.502184650016	4.2234756381281e-07
4	70481	4.502887414102	6.5052100050518e-06
4	70485	4.503224441097	7.8596522342158e-06
4	70495	4.503840694103	1.4926555577781e-06
4	70499	4.504177805338	0.00021109991730968
4	70506	4.504865948722	0.00024636271050736
4	70516	4.505178483128	3.4762012232984e-05
4	70526	4.505907866152	0.00030125702688703
4	70530	4.506206758616	4.4699920579084e-08
4	70540	4.506878520088	0.00030952885865902
4	70547	4.507187531119	7.9298495129193e-05
4	70557	4.507877168805	6.1036555481851e-06
4	70561	4.508193819917	2.4525523933059e-06
4	70568	4.508903788187	4.1723602856893e-07
4	70578	4.509234945979	0.00011408593550391
4	70588	4.50986179359	3.6704416470894e-06
4	70592	4.510263820311	2.6489896478055e-07
4	70599	4.510855307999	8.8243536042102e-07
4	70606	4.511245934113	2.1303376413061e-06
4	70616	4.5118472889	0.00025980320743487
4	70623	4.512213377335	4.0426820288023e-06
4	70633	4.512838871267	0.00067387189265919
4	70637	4.513182815968	5.5167738897966e-06
4	70647	4.513802523978	2.7414414688369e-07
4	70654	4.514227744198	0.00069390063712561
4	70661	4.514759497273	5.7894233035777e-06
4	70668	4.515271659436	3.7052172407053e-06
4	70678	4.515765648459	7.8114237097585e-07
4	70688	4.516319948751	2.6340529469772e-05
4	70692	4.516718276229	2.5728714701021e-07
4	70699	4.517285334396	1.6203610172617e-11
4	70709	4.517722882225	0.00013437324094316
4	70716	4.518255083372	0.00010068989939205
4	70723	4.518727614075	7.2836290626187e-06
4	70730	4.519238416624	2.6814499561145e-06
4	70737	4.519695567916	3.8006292204076e-08
4	70747	4.520189170919	0.00017610203009472
4	70754	4.52069599659	1.1320979619912e-05
4	70761	4.521183379978	0.0001836267479901
4	70765	4.521675354466	0.00014244815376456
4	70778	4.522171689344	5.1984820071153e-07
4	70785	4.522720104038	1.1634760701414e-05
4	70792	4.523199082209	8.6512269082862e-08
4	70802	4.523738571296	1.1334050810394e-05
4	70812	4.524218302498	1.1536717314447e-06
4	70819	4.524726149515	3.5938787611309e-06
4	70823	4.525200009653	4.9065735251599e-06
4	70833	4.525735763154	4.5674657443006e-05
4	70843	4.526158197303	0.0002006290718127
4	70850	4.526758455098	3.1066639254492e-05
4	70854	4.527136040326	5.1686534157231e-07
4	70867	4.527735650837	1.2055042419256e-05
4	70874	4.52811256901	1.324585672275e-06
4	70878	4.528725473513	3.0999185461998e-06
4	70885	4.529158272629	5.9946324669372e-06
4	70892	4.529684754088	1.5610463509131e-05
4	70905	4.530206103229	2.1285870838412e-06
4	70909	4.530648563017	2.3083868015097e-05
4	70916	4.531226125809	5.1368730438756e-05
4	70923	4.53161446198	2.3521553026309e-05
4	70936	4.532260882552	0.00011529308303395
4	70940	4.53259015942	2.2669930906199e-05
4	70947	4.533223617521	1.6436223196898e-06
4	70954	4.533602862731	1.7651765833759e-07
4	70967	4.534271445081	7.1448707174127e-06
4	70971	4.534580890442	0.00020837841537187
4	70978	4.535298029437	2.4691215027783e-05
4	70985	4.53553349312	5.6924260814152e-06
4	70998	4.536249092714	0.0016392798819453
4	71002	4.536554822738	3.2439294808068e-07
4	71009	4.537220890021	3.1634154192111e-07
4	71019	4.537562362139	5.5313894622941e-05
4	71029	4.538257775722	4.047578580789e-07
4	71033	4.538556548454	2.4849483636849e-05
4	71040	4.539289934863	6.3027824918677e-06
4	71050	4.539580101798	2.9350474752802e-05
4	71060	4.540335618469	7.4867701785554e-08
4	71064	4.540620236303	9.1180357326342e-05
4	71071	4.541349962073	2.4400173583412e-09
4	71081	4.541640475894	0.00033070715739121
4	71091	4.542330826273	2.0503117953883e-07
4	71095	4.542639443574	1.3048846493103e-06
4	71102	4.543361113761	0.00055577121203469
4	71115	4.5436198401	2.8165446282616e-05
4	71125	4.544366023973	3.2886878971542e-05
4	71129	4.544600160723	1.3660187514603e-06
4	71136	4.545373610299	1.0828861918959e-05
4	71146	4.545608230181	0.00011528714646051
4	71156	4.546355869208	6.4220537205806e-07
4	71160	4.54665101833	0.0013290769851749
4	71164	4.547313244108	9.2731253660507e-06
4	71177	4.547623102415	1.1945291154803e-06
4	71187	4.548331459841	6.8313598939243e-05
4	71191	4.548598599943	0.0059597097303733
4	71195	4.549350019531	0.00091048713346242
4	71202	4.549589406787	7.1460019028961e-06
4	71218	4.550358003046	3.2892838356077e-05
4	71222	4.550630477522	4.6934110804415e-06
4	71226	4.551333430774	4.6073800902908e-06
4	71239	4.551629084982	6.5247188965499e-05
4	71249	4.552377390466	3.2819783162748e-06
4	71253	4.552615339178	3.5736105559112e-08
4	71257	4.553352870735	2.6630893377325e-05
4	71267	4.55360150862	3.6525902257492e-08
4	71280	4.554309699077	3.7979552345052e-08
4	71284	4.554599574968	8.3710932368388e-06
4	71288	4.555288279016	3.9073377303948e-05
4	71295	4.555577910346	9.5865442638243e-06
4	71311	4.556239072284	1.478944480029e-05
4	71315	4.556606148	1.5170020545593e-05
4	71319	4.557202879398	3.1103190257056e-05
4	71326	4.55765494156	5.6972475275104e-05
4	71342	4.558187213995	6.4434337220043e-08
4	71346	4.558648545221	6.294877249133e-09
4	71350	4.559199173628	6.8888260588181e-07
4	71360	4.559695300723	1.3788559218548e-06
4	71373	4.560206978045	3.6302478027579e-06
4	71377	4.560715160324	7.5538703643095e-08
4	71381	4.561170548284	0.00015927309743599
4	71391	4.561727221656	2.4887927355826e-05
4	71404	4.562206276955	1.5914613403972e-05
4	71408	4.562762617934	1.1118118852026e-06
4	71412	4.563163027596	0.00038951047353136
4	71422	4.563753357718	0.0004440134556701
4	71438	4.564143114241	8.4853535293176e-08
4	71442	4.564773137347	9.479025138179e-06
4	71446	4.565114752812	1.3326788932076e-08
4	71456	4.565755040672	5.5185577169777e-06
4	71466	4.566081441826	1.3371328276711e-05
4	71473	4.566777212489	1.8112497935899e-07
4	71477	4.567084064635	5.0783632141102e-06
4	71487	4.567739255346	1.4508264632441e-05
4	71497	4.568083836282	0.00059930419346237
4	71504	4.568728233094	1.2652059886214e-08
4	71508	4.569108367326	4.0150378616753e-08
4	71521	4.56973846093	2.8428172074028e-05
4	71531	4.570154126698	3.4945318757897e-05
4	71535	4.570704412702	1.4641047406499e-06
4	71539	4.571132842271	8.0401358063177e-05
4	71552	4.571714830871	2.6060505322799e-08
4	71562	4.572142525447	4.0726615154935e-07
4	71566	4.572705375674	1.938365837681e-07
4	71570	4.573106479971	2.8089403772246e-07
4	71580	4.57375368838	1.0425698119195e-06
4	71593	4.574089239578	1.1672091278705e-07
4	71597	4.574775596384	0.0011573468756866
4	71601	4.575060944667	1.6040404191096e-06
4	71614	4.575822116879	5.8424639606192e-06
4	71618	4.576076075834	3.6856578052614e-06
4	71628	4.57677799415	2.1379158823494e-07
4	71632	4.577037939139	2.2083572486899e-09
4	71645	4.577792009037	3.9486017082701e-05
4	71652	4.578072366494	3.4300101200571e-06
4	71659	4.578817151818	2.6089283126977e-05
4	71666	4.579034250165	5.0439684288905e-06
4	71676	4.579767839087	0.00011544633033002
4	71683	4.580077473002	9.9111043357963e-05
4	71690	4.580732401172	1.4905836142051e-05
4	71697	4.581121657469	1.1410508233039e-09
4	71704	4.581710364107	3.36014758491e-06
4	71714	4.582134138441	1.8053266426585e-05
4	71721	4.582702025933	4.5622027666283e-05
4	71725	4.58309841086	7.7529455882626e-05
4	71735	4.583694269253	5.4941657153387e-06
4	71745	4.584082305622	4.4254525721984e-06
4	71755	4.584682716866	5.0036438650426e-05
4	71759	4.58505277041	6.4673259368717e-07
4	71769	4.58571102257	1.0678499895696e-07
4	71776	4.586018399141	0.00031653286043343
4	71786	4.586725346976	0.00019884536447883
4	71790	4.587011728962	0.00016455094450197
4	71800	4.587705091453	0.00090826206901866
4	71807	4.588002481448	1.0441165044683e-07
4	71817	4.588676560109	2.0430313737517e-07
4	71821	4.589029909112	1.2723179588978e-06
4	71828	4.589645898738	1.443337799852e-08
4	71835	4.590028754168	1.0035518121665e-06
4	71848	4.590606788423	4.915308774571e-05
4	71852	4.591024562716	1.1959204803787e-09
4	71859	4.591605545012	2.4803528895792e-05
4	71869	4.592020609661	3.4677845751997e-05
4	71879	4.592645228498	0.00013139225916836
4	71883	4.59297966681	0.0002024967279799
4	71893	4.593663480767	6.1343385145188e-06
4	71897	4.594016744182	2.3485040686706e-05
4	71910	4.594644970288	8.2418548558923e-06
4	71914	4.59497935886	0.00041670893410647
4	71921	4.595600581283	6.9557723051088e-06
4	71931	4.596019240053	2.4660670194538e-05
4	71941	4.596607873785	2.0884978049498e-06
4	71945	4.597014796225	0.001504494454058
4	71955	4.597634025439	0.00024032255826787
4	71962	4.598006597755	3.7771029339574e-05
4	71972	4.598638725128	6.1061119061219e-05
4	71976	4.599011955756	1.0341830207691e-05
4	71986	4.599654709442	3.0081974513229e-05
4	71996	4.599971427844	0.00033677809766656
4	72003	4.600640349867	1.1274823319169e-06
4	72007	4.60101047781	1.9210854883304e-05
4	72017	4.601630222935	1.4693415399981e-07
4	72024	4.601981861309	0.00026220557114716
4	72034	4.602589655282	2.5797804804497e-07
4	72038	4.602947947294	1.999730825318e-05
4	72048	4.603580463016	1.3492170798794e-05
4	72061	4.603933213804	1.5274818423326e-05
4	72068	4.604533001384	8.4567736730886e-06
4	72072	4.604927707598	5.0909090451945e-07
4	72079	4.605498426673	0.00012598240354513
4	72089	4.605946000414	2.3904854900903e-06
4	72099	4.60649163773	0.00010442591110128
4	72103	4.606983477191	2.1062789771533e-05
4	72110	4.607494878937	9.8241446041992e-08
4	72123	4.608011941691	5.1321686274185e-07
4	72130	4.608470032636	5.0122162356396e-05
4	72134	4.608967528272	1.2541651932474e-05
4	72141	4.609473941661	6.935106559816e-06
4	72154	4.609978643166	6.5984305837144e-07
4	72161	4.610478252664	9.0390135857335e-05
4	72165	4.610988350206	4.7289994437256e-06
4	72172	4.61144401356	8.4225462835946e-07
4	72179	4.611975085983	7.9005108336958e-05
4	72192	4.612489777721	2.8018234680875e-06
4	72196	4.613014660152	9.7582550251216e-07
4	72203	4.613451568876	0.00013554081700666
4	72213	4.614011459053	0.0027169602632255
4	72223	4.614433808054	4.6807165397569e-06
4	72227	4.615017562503	3.7040476837456e-07
4	72234	4.615446833229	2.9888062565401e-06
4	72244	4.616054048483	0.00013891256254109
4	72254	4.616437810011	3.2755701708261e-05
4	72258	4.617012442071	0.00014906672652885
4	72265	4.617473739745	0.00022218108243971
4	72275	4.618040777701	3.2546836665712e-06
4	72282	4.618446983392	0.0004060287266616
4	72289	4.619040302189	1.4586565315914e-05
4	72296	4.619489949002	8.4805704124867e-05
4	72306	4.620086749178	1.6274572702599e-05
4	72313	4.620496798799	1.7274829377564e-05
4	72320	4.621124571553	0.00010711397221724
4	72324	4.621532792136	1.3867033044661e-07
4	72337	4.622151044417	3.5273530074815e-06
4	72344	4.622521706161	4.2589958858318e-05
4	72351	4.62314960882	4.6124182934188e-05
4	72355	4.623533911997	2.6140062861502e-05
4	72374	4.624189524364	3.8274406215972e-07
4	72378	4.624509558382	5.3139599203718e-05
4	72385	4.625200080345	0.00019943968621912
4	72389	4.625520138425	5.7314527917783e-05
4	72405	4.626247809322	3.7673291451803e-07
4	72409	4.626480453262	1.0904972950735e-07
4	72416	4.627277254177	7.2413007347888e-08
4	72420	4.627467166872	0.0042955357115756
4	72436	4.628286738498	0.00044612202773224
4	72440	4.628447935395	1.3498798912317e-05
4	72447	4.629318288213	0.00013967309650554
4	72454	4.629434518061	7.509268105447e-06
4	72467	4.63027008331	3.9261742401794e-09
4	72471	4.630406348725	2.5788440158769e-05
4	72481	4.631297480686	9.2309498308769e-06
4	72485	4.631391983304	5.3756971652299e-08
4	72498	4.632302932065	1.732425384373e-06
4	72502	4.632399138544	1.5771583556853e-06
4	72512	4.633262480896	0.00014488351671249
4	72516	4.633380929205	0.00078421746443094
4	72529	4.634289013962	3.1412544428583e-05
4	72536	4.634417346309	1.439958388782e-08
4	72543	4.635268002888	0.00015446880323042
4	72547	4.63537309939	3.0725597792779e-05
4	72563	4.636281236605	1.6305207707335e-05
4	72567	4.636325567263	3.4268882703111e-05
4	72574	4.637291991847	0.00029080086749366
4	72578	4.637322052602	4.0958937759789e-05
4	72594	4.638328545535	6.420408972225e-05
4	72598	4.638346887922	0.00015829306696463
4	72605	4.639278880316	2.530797098849e-05
4	72609	4.639339787115	1.5396248167092e-05
4	72625	4.640298798229	1.2910835717258e-07
4	72629	4.640350057398	3.0245371400787e-07
4	72636	4.641316712436	1.3342194112599e-07
4	72640	4.641390261988	2.7769910961711e-07
4	72653	4.642318129564	0.00016932806811512
4	72657	4.642380092909	5.8908026318278e-05
4	72667	4.643279831357	0.0013271239904479
4	72671	4.643360971093	0.00039068710750919
4	72684	4.644250061814	1.467674734552e-05
4	72688	4.644347229362	7.0669128220112e-06
4	72698	4.645234409953	0.00020997776540795
4	72702	4.645301947861	6.9699691862537e-06
4	72718	4.646266902049	0.0001536666883725
4	72722	4.646314555978	0.0019027367094196
4	72732	4.647277146655	2.3322910547053e-08
4	72736	4.647320619579	0.00012248943013315
4	72749	4.648237524162	1.4102140888371e-07
4	72753	4.648358513672	6.043171145398e-08
4	72763	4.649246127865	1.1920045971588e-07
4	72767	4.64940383158	8.5006595201089e-07
4	72780	4.650283585759	1.4046364601542e-05
4	72784	4.650387542051	7.1832757824566e-07
4	72794	4.651293232396	1.8663009332026e-05
4	72798	4.651369873727	5.9705965771474e-05
4	72808	4.65224499846	0.013334705435768
4	72815	4.652381158038	8.45373172504e-05
4	72825	4.653215182027	0.0003356624702105
4	72829	4.653426481535	5.0721001338738e-06
4	72839	4.654219651064	6.4686521323388e-07
4	72843	4.654381626439	6.7512175051137e-07
4	72856	4.655206274117	2.8849936693381e-05
4	72860	4.655356169039	3.4299283434986e-06
4	72870	4.656165170831	0.0019921597766261
4	72874	4.656374710218	2.6594195313542e-05
4	72887	4.657135505673	1.2758665525958e-05
4	72891	4.657408557674	6.6234159356323e-07
4	72901	4.658101181401	0.00032634989538232
4	72908	4.658445805476	1.6253413640627e-07
4	72918	4.659109273692	1.0222320287795e-05
4	72922	4.659436027999	3.1887888239404e-05
4	72932	4.660157182653	0.00026062315760775
4	72942	4.660477802848	1.4258360922432e-07
4	72949	4.661184716523	9.8998933362478e-08
4	72953	4.66148600672	2.8474188594021e-05
4	72963	4.662152139796	0.00044417580408812
4	72970	4.662451270544	1.6573349035273e-05
4	72980	4.663166037805	5.0903119070099e-07
4	72984	4.663468510358	6.2510296077681e-08
4	72997	4.664128978651	3.6669321762485e-07
4	73004	4.66442685709	7.4657939157861e-08
4	73014	4.665163207954	6.541110901496e-06
4	73018	4.665452686795	1.0340747596277e-06
4	73028	4.66615371782	1.0650191140058e-06
4	73035	4.666496480368	2.9881602492235e-05
4	73045	4.667173949533	2.1705138244885e-05
4	73049	4.667526491246	5.7435938564503e-05
4	73059	4.66818711496	6.4954814958309e-08
4	73066	4.668575956427	7.8557555459143e-06
4	73073	4.669236749775	3.6946027142067e-08
4	73080	4.669548476485	1.2891252619178e-06
4	73093	4.670200948719	1.448035670775e-05
4	73097	4.670507897724	5.9627947192901e-07
4	73104	4.671222430902	0.0001287295273089
4	73111	4.671529079827	5.3589821046621e-06
4	73124	4.672269939505	4.6747337884929e-07
4	73128	4.672498205819	7.5350459670681e-05
4	73135	4.673307624491	0.00011510293493128
4	73142	4.673502270786	1.2686143091036e-10
4	73155	4.674258239656	6.6840417219851e-06
4	73159	4.67449564255	0.00021903547060848
4	73166	4.675224869522	4.2409887170286e-05
4	73176	4.675529567708	3.2647745304787e-06
4	73186	4.676246213609	2.6803377947712e-06
4	73190	4.676514586097	0.0014937708117053
4	73197	4.677258462796	0.00049075936527501
4	73204	4.677483248843	1.1876878079769e-05
4	73217	4.678295049711	7.9965826449964e-05
4	73221	4.678480588568	2.7849499099814e-06
4	73228	4.679287444072	7.3934368838714e-07
4	73235	4.679448570323	4.4451193444247e-05
4	73248	4.680320680484	7.6833128137378e-06
4	73252	4.680494251428	1.2593980343938e-05
4	73259	4.681315890842	1.2735774764476e-05
4	73269	4.68147916416	2.9543519616633e-06
4	73276	4.682283150785	3.9692640537711e-06
4	73283	4.682485548566	1.461904100261e-05
4	73290	4.68329687386	0.00038274938528494
4	73300	4.683467583966	8.1116328977182e-06
4	73310	4.684303089013	0.00024168079440762
4	73317	4.684449193542	2.2117376008505e-07
4	73324	4.685310640757	0.0010497935779921
4	73331	4.685463642356	6.8961684821803e-06
4	73341	4.686270543023	0.00081604185329738
4	73348	4.686464037654	0.00016732981718542
4	73355	4.687299851087	0.0002237203316037
4	73359	4.687507827168	8.4445547458895e-05
4	73372	4.688326715519	1.5994081229183e-05
4	73376	4.688545033075	7.14219479159e-07
4	73386	4.689365486888	0.00010538976481378
4	73393	4.689591933194	2.0894776026129e-05
4	73403	4.690374095078	4.1362960749691e-05
4	73407	4.690631589433	3.2668519099252e-06
4	73420	4.691415646542	4.6606302121403e-05
4	73424	4.691639964974	0.00046496191864108
4	73434	4.692427213258	5.4784997934773e-05
4	73441	4.692662975153	2.7658157214425e-08
4	73448	4.693453049022	0.00079915363371244
4	73455	4.693707653441	7.4844229076982e-05
4	73468	4.694448318159	9.5792605765464e-06
4	73472	4.694731873431	0.00022163097700911
4	73482	4.695443396559	0.00010949312895039
4	73486	4.695703941977	2.8887343141462e-06
4	73496	4.696416946766	1.0013024535272e-05
4	73503	4.696725438818	3.4750245802275e-05
4	73510	4.697448806601	4.5803418138117e-05
4	73517	4.697703864437	6.2257588809375e-05
4	73527	4.698402206779	2.2590382276801e-05
4	73531	4.698721819945	1.7855255500688e-06
4	73541	4.699440616685	3.4176806542425e-06
4	73548	4.699756140416	0.0033258954998003
4	73558	4.70042418335	2.8919896883836e-06
4	73562	4.700793916614	0.00026408673402713
4	73572	4.701465578527	4.7565626125784e-07
4	73579	4.701794391488	1.6569273398467e-06
4	73589	4.702461394169	3.2382467169076e-06
4	73596	4.702810979015	0.00024370780412381
4	73603	4.70347649396	4.2041742643351e-07
4	73607	4.703794004423	1.8205334668256e-06
4	73623	4.704472932265	0.0015296595754127
4	73630	4.704781370046	3.976175407528e-07
4	73637	4.705520158396	0.0052064429904647
4	73641	4.705823921242	5.1544898906363e-06
4	73654	4.706474830388	6.0743667656342e-07
4	73664	4.706867493109	0.00075752608907159
4	73668	4.707493686894	5.2206482434721e-06
4	73672	4.707888844771	2.3521508163606e-05
4	73685	4.708513566276	2.6051758452663e-08
4	73695	4.708887842754	2.2419802754187e-05
4	73699	4.709505010595	0.0001303395606605
4	73703	4.7099253977	7.6346820582662e-06
4	73716	4.710535210717	2.3381439442458e-05
4	73726	4.710955000171	7.516852877893e-05
4	73730	4.711539769854	1.2329081977587e-05
4	73734	4.711919717332	0.00010031709012148
4	73750	4.712565814648	1.3480417938902e-06
4	73757	4.712951076702	0.00010460071688648
4	73761	4.713558290958	0.00036921175986659
4	73768	4.713947920099	1.2127131866801e-06
4	73781	4.714581300835	1.2140221537638e-08
4	73788	4.714947171348	9.3676541091663e-06
4	73792	4.715581711995	7.3186940559865e-06
4	73799	4.715987188211	1.2003911501584e-05
4	73812	4.716598990301	0.00035603769884248
4	73819	4.716973664522	1.3187942479893e-08
4	73823	4.717551813759	0.0014669081361851
4	73827	4.717936222979	2.4100725468792e-05
4	73846	4.718570732224	3.0756001602604e-09
4	73850	4.718950969007	5.2361372723083e-07
4	73854	4.719606771163	7.7155619011414e-06
4	73858	4.71993785959	7.3025287426547e-07
4	73877	4.720622320003	3.6637410175953e-06
4	73881	4.720930206627	0.00016997204765693
4	73885	4.721578529791	2.1038327195139e-08
4	73889	4.72188403563	1.7410248770907e-05
4	73908	4.722617030793	1.1523188721307e-05
4	73912	4.722866331977	0.00032385488254852
4	73916	4.723662371454	9.1049888650185e-06
4	73920	4.723915365052	0.00056611087961146
4	73942	4.72468217225	1.4090595797147e-06
4	73946	4.724928990491	0.00023464446384369
4	73950	4.725696392971	8.9527839657279e-06
4	73954	4.725885897684	1.4264685315891e-07
4	73973	4.726664422335	7.628281450581e-05
4	73977	4.726864184096	2.233684010828e-06
4	73981	4.727621075246	2.1075468242045e-05
4	73985	4.727816235851	2.5011081904074e-06
4	74001	4.728609387968	0.00029511802299264
4	74008	4.728811106601	2.9782914221709e-09
4	74012	4.729565412289	0.0001548504608506
4	74016	4.729818959892	1.4371823971863e-06
4	74035	4.730541354391	4.5284332766898e-06
4	74039	4.730851254193	0.00043928855932095
4	74043	4.731526504684	0.00035378446819022
4	74047	4.731847516509	1.0813268914651e-05
4	74060	4.732564378838	8.7157099238552e-07
4	74070	4.732815523676	0.0020119566932477
4	74074	4.733546004703	0.00023664202802791
4	74078	4.733785100368	9.1594735804657e-05
4	74091	4.734575865263	4.8915994240895e-06
4	74101	4.734806469443	9.9984839533996e-05
4	74105	4.73558668301	0.0019115546453303
4	74109	4.735772219159	0.00026154567081916
4	74122	4.736592301011	1.2596106364933e-05
4	74132	4.736787597571	9.735912151915e-08
4	74136	4.737641200651	0.00053183095689662
4	74140	4.737824087576	0.00012111555649125
4	74153	4.738676894368	4.2506089881785e-05
4	74163	4.738788120567	8.8086492005321e-06
4	74167	4.739665213914	4.2666831528664e-05
4	74171	4.739810795631	4.817714840054e-06
4	74187	4.740674825843	1.0248294427477e-05
4	74194	4.740774406206	1.6498381206807e-06
4	74198	4.741685768235	3.0958474355482e-06
4	74202	4.741768873861	0.00025768264937763
4	74218	4.742642390547	2.7327100957921e-07
4	74225	4.742771195939	8.9042739729662e-07
4	74229	4.743628078904	1.9185288588658e-06
4	74233	4.743721214192	2.4832780033075e-06
4	74255	4.744650675118	3.9798848449358e-06
4	74259	4.744697340294	0.00012134016310967
4	74263	4.745622825298	2.6765777634115e-06
4	74267	4.745729629141	4.1297250186387e-07
4	74286	4.746668456565	8.2656419772637e-06
4	74290	4.746724027483	0.0012984890693453
4	74294	4.747645811112	4.1944281482755e-09
4	74298	4.747731763416	0.00012398642720252
4	74317	4.748678490305	2.8016711671101e-06
4	74321	4.748696544693	0.00094620757239087
4	74325	4.74965164507	0.00019449112720345
4	74329	4.749707068974	4.3101021660963e-06
4	74347	4.75065493096	8.9388878822178e-05
4	74354	4.750748038631	8.5349188560186e-06
4	74358	4.751681901511	4.1176728289677e-09
4	74362	4.751733919456	1.5748933154953e-06
4	74381	4.752686558011	7.7443003537215e-05
4	74385	4.75269518614	0.00012082026055562
4	74389	4.753698404354	8.2075474836989e-05
4	74393	4.753711358156	2.3162326800406e-05
4	74412	4.754731455425	6.3533640363416e-05
4	74416	4.754746783317	4.6706010228395e-05
4	74420	4.755745596876	2.4422255236134e-08
4	74424	4.75579668895	2.1998627256845e-07
4	74443	4.756760766483	0.001052114893388
4	74447	4.756814564182	0.00024120128686931
4	74451	4.757737300159	2.5837279133067e-05
4	74455	4.757780315298	5.6417443681942e-05
4	74471	4.758714928232	2.2772550272393e-06
4	74478	4.758798625061	6.5562848017517e-05
4	74482	4.75968477881	1.7070215479996e-07
4	74486	4.759833146059	3.0584572881281e-05
4	74502	4.760667183777	6.3453285023623e-08
4	74506	4.760799903864	2.4948095433353e-05
4	74513	4.761682314365	0.00014597680823984
4	74517	4.761807147261	1.0207319330256e-06
4	74530	4.762653805325	5.224011971842e-07
4	74537	4.762818022356	0.00010164873555964
4	74544	4.763623396047	6.1750453203071e-07
4	74548	4.763829500284	9.3520892692821e-05
4	74564	4.764640429326	2.9804010456142e-06
4	74571	4.764865632726	8.4756468492237e-05
4	74578	4.765623002435	2.5501969104983e-07
4	74582	4.76586488074	0.00032001136263018
4	74589	4.766580766243	1.5396571321892e-09
4	74602	4.76687980719	1.5748827309865e-07
4	74609	4.76755987911	5.0178261711401e-07
4	74613	4.767924385997	0.00042882218946497
4	74620	4.76852281345	2.8754996365843e-08
4	74633	4.768909778624	6.7450083322508e-06
4	74640	4.769477894591	2.1046713134414e-06
4	74644	4.769916734895	4.0892202045077e-06
4	74651	4.770499232508	5.1778940755671e-07
4	74667	4.770959396433	0.0022867967426944
4	74671	4.771507318637	1.7798654476203e-05
4	74675	4.771971664285	3.2088559368417e-07
4	74682	4.772536013539	1.6818418672328e-05
4	74698	4.772967824156	0.00027030721301916
4	74702	4.773545076904	5.4794507201238e-05
4	74706	4.77392099328	2.7575675288898e-07
4	74713	4.774497808409	0.00010697178438697
4	74726	4.774905991657	1.7003080111032e-06
4	74733	4.775457179613	0.00048157718689725
4	74737	4.775944457922	1.7254660172083e-05
4	74744	4.776446094628	0.00019290410641063
4	74760	4.776929310171	2.0292058597926e-05
4	74764	4.777475690883	9.2508048497273e-06
4	74768	4.777882852567	4.8499608641285e-06
4	74775	4.778438497703	5.3445133331873e-05
4	74791	4.778888815202	3.9188387158254e-05
4	74795	4.779397711111	0.00022669575702549
4	74799	4.779907739673	6.4605661772077e-06
4	74809	4.780432088535	1.3937681150143e-05
4	74819	4.780881285368	4.2946091620177e-05
4	74826	4.781471888554	0.00032553544145787
4	74830	4.781876890471	7.1110059282678e-07
4	74840	4.782442773264	1.5102648855013e-06
4	74850	4.782828970359	0.0029555102687334
4	74857	4.783479722545	6.4591465509162e-07
4	74861	4.783840011177	7.7557347034279e-09
4	74871	4.78444562677	2.4027034867531e-07
4	74884	4.784870752358	8.1588228552505e-05
4	74891	4.785410607853	0.00059338344186739
4	74898	4.785851751849	1.4935853961342e-06
4	74905	4.786392275927	0.0046434655840115
4	74915	4.786893952354	3.6493113240556e-06
4	74922	4.787386458456	0.00028841032558986
4	74926	4.787854082348	3.3234055412895e-06
4	74936	4.788361190594	5.6031316038735e-06
4	74943	4.788901941049	3.2727871257047e-08
4	74953	4.789316563786	0.00098134857436038
4	74960	4.789915507373	1.634074612639e-05
4	74967	4.790272118019	4.3244549208476e-06
4	74977	4.790947593065	8.8221897999718e-09
4	74984	4.791295369326	6.8859885364437e-07
4	74994	4.791936180862	2.2043152701708e-05
4	74998	4.792342753913	2.0177733342703e-06
4	75008	4.792968392072	1.0438389579807e-05
4	75015	4.793328221485	9.4414793781244e-07
4	75022	4.79401292287	7.0237456671294e-05
4	75029	4.79436323174	3.7828272271944e-05
4	75039	4.79500702232	4.8166076906748e-06
4	75046	4.795385144607	2.0585496601316e-06
4	75056	4.795962437526	0.00013777308078778
4	75060	4.796416453246	1.4213684841265e-05
4	75067	4.79696256006	4.0234339573863e-05
4	75077	4.797433953777	7.2555656195016e-05
4	75087	4.797960541083	2.9450134067127e-07
4	75091	4.798470765	0.00012779670698054
4	75098	4.798958032378	0.00014938189911212
4	75108	4.79949880387	2.7192795972806e-05
4	75115	4.799984928779	1.4223217224783e-05
4	75122	4.800460611932	0.00018014304477167
4	75129	4.800996585628	1.8794239079036e-07
4	75139	4.801481607454	8.9653942005553e-05
4	75146	4.802005497934	7.9932045121267e-06
4	75153	4.802527274831	3.2090104964622e-06
4	75163	4.802997278952	1.627943130957e-05
4	75170	4.803483851424	1.2688385893495e-05
4	75177	4.803976288762	0.00011463729762578
4	75184	4.804531168729	0.00025505213489348
4	75197	4.804933741947	2.1573279397628e-07
4	75207	4.805524972686	5.8871524869241e-06
4	75211	4.805935858316	2.5564991416905e-06
4	75218	4.806528032147	1.1546498470265e-05
4	75228	4.806980155468	9.8625602492419e-05
4	75235	4.807493484882	6.4719780691387e-07
4	75242	4.807957992344	4.3060553073446e-06
4	75249	4.808540835174	1.1768181056098e-07
4	75259	4.80891748104	5.8829376622601e-05
4	75266	4.809542308458	0.0001789648146398
4	75273	4.809939791418	6.8773783222012e-06
4	75280	4.810508949788	3.4418900431369e-08
4	75293	4.81095182317	1.561554082405e-05
4	75297	4.811512934143	6.7130131764493e-05
4	75301	4.811925652733	0.0024705634448721
4	75314	4.81251644527	4.6055868977705e-07
4	75324	4.812937469684	0.00059165394202222
4	75328	4.813478295207	5.7235513965764e-07
4	75332	4.813945950214	4.1491594021586e-07
4	75342	4.814442855397	0.00011678763717728
4	75355	4.814950956338	2.6698966722108e-05
4	75359	4.81546311293	1.8817581684872e-05
4	75366	4.81596080935	2.5175000060226e-05
4	75373	4.816495567174	4.7438286606653e-06
4	75386	4.816940380716	2.8413432251028e-08
4	75390	4.81751989996	8.9528266556481e-06
4	75394	4.817899163226	2.5360180395565e-05
4	75404	4.818487868767	1.5377302837654e-07
4	75411	4.818872658339	1.0026134432268e-05
4	75421	4.819516509624	9.93751822018e-07
4	75425	4.819874526466	6.8782118403317e-10
4	75432	4.820493342045	6.5027512992136e-07
4	75442	4.820918605984	3.6703607712564e-05
4	75452	4.821526785745	9.8385704274717e-07
4	75456	4.821933743861	4.2537678567554e-05
4	75466	4.822553768456	1.3897194444921e-06
4	75473	4.822891520743	4.4682565069076e-05
4	75483	4.82358237024	8.9056464697673e-05
4	75487	4.823931558257	3.7229854396299e-05
4	75497	4.824623374355	4.4433181311644e-05
4	75507	4.824898514332	2.4493735097753e-06
4	75517	4.8256023085	1.4653894659361e-05
4	75521	4.825879924672	2.8997333356207e-08
4	75528	4.82656517366	1.2276176167523e-07
4	75535	4.826831873764	5.1566237370048e-06
4	75548	4.827543536632	6.5146096809452e-05
4	75552	4.827825753655	1.0217612767026e-05
4	75559	4.82852919739	3.4415109237545e-06
4	75566	4.828802520313	8.0883198390607e-06
4	75579	4.829533771066	2.01950401702e-06
4	75583	4.829847471467	3.1199481096243e-07
4	75590	4.830575420593	6.0869421828399e-09
4	75600	4.830890155933	2.5394788164532e-05
4	75610	4.831559665545	1.5004551530292e-07
4	75614	4.831850113909	2.0288614196428e-07
4	75621	4.832540264999	5.4217122354088e-06
4	75628	4.832830824116	1.6715559322111e-06
4	75641	4.833547351974	3.0738815527149e-05
4	75645	4.833850252728	4.1205429900406e-07
4	75652	4.834505505283	1.9684156562634e-07
4	75656	4.834878570976	0.00011572363790438
4	75672	4.835497470261	2.5240503482872e-08
4	75676	4.835901809959	6.9545196981624e-08
4	75683	4.83651496453	1.7415644091965e-06
4	75690	4.836919340426	3.8829822795731e-07
4	75700	4.837525040342	8.1722625799058e-05
4	75707	4.837899582804	0.00015732341609318
4	75714	4.838500559651	4.2646033095932e-06
4	75721	4.838941958201	9.4476277278815e-06
4	75734	4.839535582546	2.7599706947896e-05
4	75738	4.83994737527	4.0876930445147e-07
4	75745	4.840555094335	1.3263275570664e-05
4	75749	4.840979491674	5.0088517043943e-10
4	75765	4.841599198393	7.4356359025319e-05
4	75769	4.842012270087	1.5581148661815e-05
4	75776	4.842604878464	0.00042461290643192
4	75786	4.843015026724	5.4317552893423e-08
4	75796	4.843612793366	1.3142952259355e-06
4	75800	4.843991727486	2.0775479799728e-05
4	75807	4.844633930355	1.4881718432272e-05
4	75814	4.84498478357	5.9920496814121e-07
4	75827	4.845613322284	2.8493407092946e-07
4	75834	4.845941706342	1.3441967472241e-05
4	75841	4.846642078489	0.0043098745458309
4	75845	4.846969235843	2.9734808484261e-05
4	75861	4.847594408822	4.5099011874108e-06
4	75865	4.847946986329	1.5909127523668e-06
4	75872	4.848552672608	8.5179336160675e-05
4	75876	4.848920896328	0.00017561055992675
4	75892	4.849577033697	1.7464892319828e-06
4	75896	4.849967639842	1.6993807446892e-06
4	75903	4.85054071254	0.00032355059601045
4	75907	4.850936357182	3.3732849487916e-05
4	75923	4.851556603054	7.9543955203188e-05
4	75927	4.85188794786	8.7025952451331e-07
4	75934	4.852602816581	7.9536370265517e-05
4	75938	4.852887587728	3.5709272394293e-06
4	75954	4.853594841994	3.7019430804441e-06
4	75958	4.853912809998	0.0012363007132433
4	75965	4.854588628776	9.5396357231379e-05
4	75972	4.854933402936	7.0535677775782e-06
4	75985	4.85562634724	6.9418692732534e-05
4	75989	4.85593481346	0.00016840945922618
4	75996	4.856617401377	0.0041438816875569
4	76003	4.856914292279	4.5036520606429e-05
4	76016	4.857664385778	2.1894093505934e-06
4	76020	4.857915884817	3.5374024148656e-05
4	76024	4.858658127123	1.0151349021667e-09
4	76034	4.858952417073	4.3730074265164e-05
4	76047	4.859628142725	0.00010681562629978
4	76051	4.859916167839	7.5607561124961e-05
4	76058	4.860641573179	2.6703312509491e-06
4	76065	4.860962813769	0.00016986560072826
4	76078	4.861689126327	5.05265845948e-06
4	76082	4.861985550109	1.9009036971225e-09
4	76089	4.862678479317	3.247959916448e-07
4	76096	4.862993899186	0.00012781242799847
4	76109	4.8636558471	8.0134168751146e-12
4	76113	4.864035867535	3.6457671220609e-05
4	76120	4.864691605217	0.0002053253730909
4	76127	4.86502622363	0.013913738293435
4	76143	4.865655840578	3.0880757770975e-05
4	76147	4.866041301725	0.00057761725741181
4	76151	4.866623406925	4.1719687489572e-06
4	76164	4.867037191647	0.00025478794095944
4	76174	4.867642453734	3.0721818155867e-05
4	76178	4.868066922829	4.136378910638e-05
4	76182	4.868683809591	0.0002609697756959
4	76195	4.869018347451	3.7848451363756e-07
4	76205	4.869687522566	0.00018029271582648
4	76209	4.86997487961	5.5050416566838e-07
4	76213	4.870735450581	0.0012950215883025
4	76226	4.870976669002	4.8076079972309e-08
4	76236	4.871721493743	1.9420090902949e-07
4	76240	4.872012856634	1.8590112778819e-07
4	76247	4.872739816459	4.5508244111379e-06
4	76254	4.873010606492	1.5722246857069e-05
4	76267	4.873784867611	0.00011369594432891
4	76271	4.874034692239	0.0024255014616966
4	76281	4.874764673656	2.8058881892391e-07
4	76288	4.875074088349	0.00036041149823252
4	76298	4.875757404529	1.5327437373764e-05
4	76302	4.876113655719	9.2295011833266e-05
4	76309	4.876720498349	2.7574161663312e-05
4	76319	4.87707053452	7.9308576886391e-06
4	76326	4.877670734187	1.1618417212674e-05
4	76333	4.878032688264	9.1748419381661e-06
4	76340	4.878688131164	5.112072442194e-05
4	76350	4.879054379749	2.905835135069e-05
4	76360	4.879698870049	2.3785719191817e-05
4	76364	4.8800291769	5.896153618694e-06
4	76377	4.880727812673	6.1604696610107e-07
4	76381	4.881002076091	1.0124808841011e-07
4	76388	4.881687208486	0.0016054919489593
4	76395	4.882011823556	0.00016124862822288
4	76405	4.882671134572	6.2931305921088e-06
4	76412	4.883039878824	1.738924127369e-07
4	76422	4.883692690241	4.5213648814121e-06
4	76426	4.884015388177	0.00010348606738715
4	76436	4.884664518127	1.2043379172489e-05
4	76446	4.884988164865	5.4945849006046e-06
4	76456	4.885712296469	0.00098065927704804
4	76460	4.88603020708	1.7891982721114e-05
4	76470	4.88670203077	9.9980167814588e-05
4	76477	4.886996645558	9.5324649334202e-06
4	76487	4.887663206425	5.771672332973e-06
4	76491	4.888001476104	1.7786424834781e-06
4	76498	4.888681571607	0.0007049744512377
4	76508	4.889002461078	5.2749835795464e-06
4	76518	4.889647730682	3.1946754847235e-05
4	76522	4.889981764996	3.9536469751257e-05
4	76532	4.890636830682	8.3561593431734e-05
4	76539	4.890933812892	2.2548218190996e-05
4	76549	4.891673264776	6.4982419368982e-09
4	76553	4.891928103879	0.0010037562704998
4	76563	4.892661489777	9.1979089276917e-06
4	76570	4.892919306105	3.5906675342453e-05
4	76580	4.893662191307	8.1794977216248e-05
4	76584	4.893934907911	0.00083093769218505
4	76594	4.894650880623	2.8748017695618e-05
4	76601	4.894953725715	5.2655144574697e-06
4	76611	4.895695578669	4.4500520451347e-05
4	76615	4.895909398638	4.8522233551424e-07
4	76625	4.896689756063	0.0011066624916121
4	76632	4.896908861124	6.3279806409901e-05
4	76639	4.897693819806	1.5634527942164e-06
4	76646	4.897905159425	1.5788920230271e-06
4	76656	4.898731576177	9.3444852966831e-05
4	76660	4.898883196247	2.7221340595232e-06
4	76670	4.899776916148	3.7728228540685e-06
4	76674	4.899856483955	2.9393532661919e-06
4	76687	4.900786942225	7.9230648529168e-08
4	76691	4.900862560641	5.8971377218063e-06
4	76701	4.901824616655	2.9833756845618e-08
4	76708	4.901892583594	1.7804426509866e-05
4	76718	4.902797207805	0.076932996300578
4	76722	4.902848087674	9.4610349157296e-06
4	76735	4.903839359338	3.9900089088723e-06
4	76739	4.90384832697	1.9545304591936e-09
4	76755	4.904856119572	4.6453484060141e-05
4	76759	4.904883604726	0.00021648500815883
4	76766	4.905878754969	6.1733436400361e-07
4	76770	4.9058790755	7.9335405759442e-05
4	76786	4.906829663242	0.00016913475365975
4	76790	4.90689515009	2.2400995621304e-05
4	76797	4.907867283902	3.7390205728355e-06
4	76801	4.90789213271	8.2698445058543e-06
4	76817	4.908864441383	5.4744739345667e-06
4	76821	4.908908504714	1.2181727481873e-05
4	76828	4.909818116071	0.00015283900493608
4	76835	4.909874657008	8.4029909753693e-06
4	76848	4.91085644141	8.3052330166118e-08
4	76852	4.910923485093	0.00016492919897958
4	76859	4.911865263818	0.00049761768235488
4	76866	4.911955188189	1.0328553766298e-05
4	76879	4.912889924503	7.9414607920373e-07
4	76883	4.912933347196	5.9349472103598e-05
4	76890	4.913885231626	0.0013231799660792
4	76897	4.913923220763	4.2390074482102e-05
4	76910	4.914886271362	0.00010553005129292
4	76914	4.914909064716	0.00041948910417132
4	76924	4.915861842628	0.00026459053450518
4	76928	4.915870361605	0.00091401781174578
4	76941	4.916869865011	1.2766588999358e-05
4	76945	4.916913424705	5.9166438169631e-05
4	76955	4.917871865653	8.1561887769773e-09
4	76962	4.917956682494	8.725976888024e-05
4	76972	4.918861202752	4.1736878940523e-06
4	76976	4.918992188659	5.5235597163217e-06
4	76983	4.919812087151	4.2221506936954e-07
4	76990	4.919953591121	1.6590047855128e-05
4	77003	4.920782613238	5.9057431855621e-07
4	77007	4.920924746967	0.00016363016059044
4	77017	4.921799225336	0.0030245664390437
4	77021	4.921894390715	4.6684430868216e-07
4	77034	4.922761672696	1.4842472343677e-05
4	77041	4.922917593018	4.7323373748031e-05
4	77048	4.923747684697	1.3459530426571e-06
4	77055	4.923958387052	2.6740705149189e-05
4	77068	4.924753135098	4.3633774024346e-07
4	77072	4.924909967857	2.6823329046941e-05
4	77079	4.925766526982	9.2312315388076e-06
4	77083	4.925891466893	4.7108904655773e-07
4	77099	4.926743488046	4.7996327104051e-06
4	77103	4.926931424557	1.2713787482448e-07
4	77113	4.927713363013	2.9706465520629e-05
4	77117	4.927914842409	3.2757544757753e-05
4	77130	4.928740584127	4.9004008944797e-08
4	77134	4.928868001668	7.107935466959e-08
4	77144	4.929734361059	1.4669848627994e-05
4	77151	4.929887720062	0.00034823538703024
4	77161	4.930774962233	8.877064784673e-05
4	77165	4.930879734372	2.4653398020214e-06
4	77175	4.93174707106	1.4074157501031e-06
4	77182	4.931911556634	0.00016323278172987
4	77192	4.932776745428	8.8073640164932e-06
4	77196	4.932932841466	3.6088287061691e-07
4	77206	4.933752629583	1.3347081064134e-07
4	77213	4.933962350717	6.7194426991331e-06
4	77223	4.934772479988	4.0249229466334e-05
4	77227	4.934968255204	3.6536224078e-06
4	77237	4.935793745661	7.720895898645e-05
4	77247	4.935935064177	9.1579015315449e-05
4	77254	4.936756875406	0.0010672941078435
4	77258	4.936970792282	0.00027853134922615
4	77271	4.937800814239	4.4810056989779e-06
4	77275	4.937987073816	4.6991258876697e-06
4	77285	4.938809999986	0.00019254246717687
4	77289	4.938988219396	2.9093674994047e-06
4	77302	4.939813301809	4.1367280473802e-06
4	77306	4.939963533969	1.0332731000052e-05
4	77316	4.940811645572	1.0237373550003e-05
4	77320	4.940955978756	0.00083797419898216
4	77333	4.941810629925	1.3406315196177e-06
4	77337	4.941934608037	4.7618911048281e-07
4	77347	4.942763139207	1.936590176333e-07
4	77351	4.942960776617	0.00010506906554104
4	77361	4.94372730082	3.6544758787686e-07
4	77371	4.943911603248	2.0774013716849e-05
4	77381	4.944734708843	5.8401911185128e-06
4	77385	4.944874613892	5.8726460023732e-07
4	77398	4.945711146123	1.6879161960261e-06
4	77405	4.945882999222	0.00024777775351739
4	77412	4.946688906636	0.00091679402210368
4	77416	4.946929146803	1.3047431492119e-08
4	77429	4.947708798894	3.5137700038672e-05
4	77436	4.947934638405	7.1360862799193e-06
4	77443	4.948737523508	1.865089799751e-07
4	77447	4.9489595224	1.4885806318832e-05
4	77463	4.949762275139	1.8300103385139e-05
4	77467	4.949944653638	8.5038947702535e-07
4	77474	4.9507726597	3.3658941714551e-05
4	77478	4.950994410463	0.00030266622674674
4	77491	4.951733136621	0.00024449771521112
4	77498	4.951960920052	0.00011757136448578
4	77505	4.952706835043	1.0913085081503e-05
4	77509	4.952938214826	0.00010262286638165
4	77522	4.953680441782	0.0021533361670933
4	77529	4.953959406656	6.0814139033854e-06
4	77533	4.954708884283	8.5070136563569e-06
4	77540	4.954926268141	8.6468801627035e-05
4	77550	4.955702727423	0.00013644959352079
4	77560	4.9558807835	0.00010599568729276
4	77564	4.956655597842	0.00014085461293183
4	77571	4.956839822246	4.5467509897207e-06
4	77581	4.957614661969	1.8356241530448e-06
4	77591	4.957838383604	0.00013784588040288
4	77595	4.958576583682	7.7210879773647e-07
4	77599	4.958794522502	2.98111853356e-05
4	77612	4.959606810064	1.8861329767831e-05
4	77622	4.959785137293	1.5809125206453e-06
4	77626	4.96059417893	1.8057080440081e-06
4	77630	4.960745465893	3.9911430058588e-06
4	77643	4.96160885841	0.00031342874147538
4	77650	4.961718828098	3.9169070857951e-05
4	77657	4.962613984407	1.2643070991223e-06
4	77661	4.962685960936	1.1189183724138e-05
4	77674	4.963624892342	1.4306935834076e-06
4	77678	4.963719890489	7.5445918928959e-06
4	77688	4.964644090287	0.00015653856867195
4	77692	4.964700125779	9.688522835687e-07
4	77708	4.965665814784	8.0970030837122e-07
4	77712	4.965674516747	3.2236892552683e-07
4	77722	4.966634635185	5.1904280173826e-05
4	77726	4.96666613856	0.00020580911048928
4	77739	4.967622335724	1.1565817724494e-05
4	77743	4.967624596115	5.7420798886467e-08
4	77753	4.968587813639	0.0002255958780778
4	77757	4.968658703849	1.9753824616357e-06
4	77773	4.969606651038	1.0712649781168e-07
4	77777	4.969674038481	2.5966120044067e-05
4	77784	4.970611129032	8.0633467487784e-05
4	77788	4.970627962663	1.1676104067049e-06
4	77804	4.971589293467	0.0029607447860079
4	77808	4.971667410056	2.8277274703872e-06
4	77815	4.972586574674	0.0014875520508412
4	77819	4.972681569108	0.0011626180891619
4	77832	4.973578978101	6.2481756042871e-05
4	77839	4.973657197705	1.8730842999796e-07
4	77846	4.974622755508	2.8493094280433e-05
4	77850	4.974661460556	7.3306808540847e-06
4	77866	4.975593574534	5.0756161520023e-05
4	77870	4.97561452741	3.6398295637183e-06
4	77877	4.976625703619	0.0028221940674246
4	77881	4.976631575013	6.2099652154259e-07
4	77894	4.97758479101	2.3463482705432e-05
4	77901	4.977666399297	1.4883208677534e-05
4	77908	4.97854362626	7.1246431800996e-07
4	77912	4.978714793842	0.00040061471851358
4	77925	4.979589434217	2.3706663492562e-05
4	77929	4.97973471653	1.2453348902279e-05
4	77939	4.980621855312	4.3110223754025e-05
4	77943	4.980747553202	1.2474666864351e-08
4	77956	4.981650326298	2.5070855690798e-06
4	77963	4.981733282153	9.1967611805906e-07
4	77970	4.982620316943	1.6201378664673e-08
4	77974	4.982750292219	3.3094311352001e-07
4	77987	4.983587412629	1.8358377367659e-06
4	77994	4.983792063447	1.3283655615762e-06
4	78001	4.984615798943	0.0002201772551035
4	78005	4.984766878562	3.1824577375493e-05
4	78021	4.985651524494	2.6632874379769e-05
4	78028	4.985785971479	4.3546428144413e-05
4	78035	4.986650004155	1.0176255397836e-06
4	78039	4.986743147963	1.8851906815695e-05
4	78055	4.987664728261	0.00011545348610858
4	78059	4.987756509186	5.6034717348932e-05
4	78066	4.98868503219	0.0019405059845545
4	78070	4.988791236062	4.8202011813918e-07
4	78083	4.989680967658	6.0850577902759e-05
4	78090	4.989804581028	1.4650638883793e-05
4	78097	4.990730124674	4.4235992928418e-05
4	78101	4.990818034236	4.7910229111245e-05
4	78117	4.991735310845	8.5305899631565e-05
4	78121	4.991851029705	5.0200229133228e-05
4	78128	4.992700819259	0.0007965295504603
4	78132	4.992852800106	0.00014354182098016
4	78148	4.993717836528	2.1931625740147e-06
4	78152	4.993893357271	8.1617448046797e-06
4	78159	4.994725583123	0.00017444367181705
4	78163	4.994920736103	3.8363643094484e-06
4	78179	4.995726325852	0.0072077950544403
4	78183	4.995878595984	7.4858941305881e-06
4	78190	4.996736386673	0.00022054620292958
4	78194	4.996845972541	6.2387824474018e-06
4	78210	4.9976914605	2.6064042114117e-05
4	78214	4.997828505054	6.5096534508449e-06
4	78218	4.998654751121	9.3645663060937e-07
4	78225	4.998848124839	3.8105339385265e-06
4	78238	4.999664974039	0.00033573559936718
4	78245	4.999869119702	2.9367889679963e-05
5	15645	1.000144484653	0.101903
5	15649	1.000380361732	0.080945
5	15662	1.001101490845	0.081883
5	15666	1.001426030097	0.07981
5	15679	1.002127024527	0.081222
5	15683	1.002411482522	0.079383
5	15693	1.003173067553	0.079499
5	15697	1.003423544356	0.079201
5	15710	1.004189293283	0.07974
5	15714	1.004441904784	0.079958
5	15724	1.005163353207	0.079341
5	15728	1.005424268385	0.079568
5	15741	1.006160026416	0.097266
5	15745	1.006412121355	0.080365
5	15752	1.007154783737	0.079659
5	15759	1.007405992916	0.078908
5	15772	1.008174947291	0.078876
5	15776	1.008433321335	0.08022
5	15783	1.009194183232	0.082254
5	15790	1.009428200048	0.079477
5	15803	1.010196050045	0.079272
5	15807	1.010464626488	0.079106
5	15817	1.01115745128	0.078841
5	15821	1.011503698232	0.07884
5	15834	1.012183972742	0.078889
5	15838	1.012528825667	0.079191
5	15848	1.013177856119	0.079046
5	15855	1.0135300477	0.078881
5	15865	1.01413497618	0.079047
5	15869	1.014492216672	0.079986
5	15879	1.015121756703	0.078751
5	15886	1.015510312803	0.078914
5	15896	1.016074080289	0.089804
5	15900	1.016543973203	0.080579
5	15907	1.017068927344	0.079687
5	15914	1.017537140373	0.078945
5	15927	1.018089243521	0.078968
5	15931	1.018492443556	0.078786
5	15941	1.019109815279	0.078785
5	15945	1.019453777209	0.07875
5	15958	1.02011137839	0.079072
5	15962	1.020465375688	0.087741
5	15975	1.021154507683	0.08133
5	15979	1.021425526077	0.080633
5	15992	1.022183156038	0.080665
5	15996	1.02246371465	0.080588
5	16006	1.023156731342	0.079178
5	16010	1.023429573083	0.078784
5	16023	1.024139709297	0.078823
5	16027	1.024455530619	0.078768
5	16034	1.025115856311	0.078883
5	16041	1.025417541066	0.078763
5	16054	1.026132529747	0.078844
5	16058	1.026374636174	0.079086
5	16068	1.027158555835	0.080238
5	16072	1.027417569187	0.078689
5	16085	1.028157866481	0.078724
5	16089	1.028415271139	0.078627
5	16099	1.029139693527	0.078705
5	16106	1.029427985942	0.078825
5	16116	1.030106149588	0.078895
5	16120	1.030420979945	0.078945
5	16130	1.031130191603	0.078809
5	16134	1.031391042517	0.087859
5	16147	1.032159076487	0.080341
5	16151	1.032377371533	0.079614
5	16161	1.033115375798	0.095571
5	16165	1.033341647836	0.081518
5	16178	1.034132496861	0.079066
5	16182	1.034378900453	0.078873
5	16189	1.035163764524	0.078841
5	16196	1.035392093504	0.078824
5	16209	1.036124803645	0.078855
5	16213	1.036365415012	0.078881
5	16220	1.037097405397	0.078779
5	16230	1.037355996579	0.078905
5	16240	1.038072960885	0.078717
5	16244	1.038331610493	0.078579
5	16248	1.039055920503	0.078781
5	16255	1.039320237681	0.07882
5	16271	1.040007866946	0.080466
5	16275	1.040328316823	0.080275
5	16279	1.041021244027	0.080261
5	16286	1.041330403331	0.080505
5	16305	1.042007009288	0.091953
5	16309	1.042360136943	0.085113
5	16313	1.043007959422	0.080438
5	16326	1.043340892341	0.079855
5	16336	1.044014513058	0.078998
5	16340	1.044294726347	0.079057
5	16344	1.045023502984	0.079906
5	16354	1.045334392813	0.080606
5	16367	1.046050762493	0.080404
5	16371	1.046292733785	0.080394
5	16375	1.047074447344	0.079417
5	16379	1.047283129578	0.078725
5	16398	1.048078559981	0.078738
5	16402	1.048237296592	0.078829
5	16406	1.049125339235	0.078743
5	16410	1.049192411791	0.079305
5	16429	1.05014414605	0.163233
5	16433	1.050190831683	0.216209
5	16437	1.051128461522	0.13933
5	16441	1.051170763027	0.128473
5	16460	1.052136826991	0.115735
5	16464	1.052203585461	0.10781
5	16468	1.053091094319	0.189381
5	16472	1.053160487379	0.259241
5	16491	1.054080714823	0.085596
5	16495	1.05414396109	0.080724
5	16499	1.055067937955	0.080255
5	16503	1.055187588544	0.079017
5	16522	1.056088519513	0.079266
5	16526	1.056193147971	0.078836
5	16530	1.05707555435	0.085642
5	16534	1.057200974214	0.086939
5	16553	1.058059237399	0.087149
5	16557	1.058193551694	0.087016
5	16561	1.059083507677	0.087193
5	16565	1.059145280454	0.088244
5	16584	1.060094752707	0.087363
5	16588	1.060162076868	0.086872
5	16592	1.061108434982	0.087039
5	16596	1.061133309937	0.086937
5	16618	1.06215404968	0.14343
5	16622	1.062168208224	0.093416
5	16626	1.063188214283	0.081426
5	16630	1.063196204378	0.081056
5	16649	1.064167074383	0.079346
5	16653	1.064207329422	0.088933
5	16657	1.065165971506	0.080035
5	16661	1.065203059167	0.078963
5	16680	1.066156918604	0.079121
5	16684	1.066209576812	0.079374
5	16688	1.067160774147	0.079096
5	16695	1.067249565819	0.079017
5	16711	1.068150377422	0.093787
5	16715	1.068222512728	0.080272
5	16722	1.069171349943	0.079056
5	16729	1.069252938716	0.078873
5	16742	1.070204883883	0.078798
5	16746	1.070208228708	0.07892
5	16753	1.071180601512	0.078771
5	16757	1.071216046196	0.091058
5	16773	1.072205571113	0.079896
5	16777	1.072219636325	0.079194
5	16784	1.073219269208	0.078859
5	16788	1.073255216715	0.079211
5	16804	1.074266683684	0.078851
5	16808	1.074273322729	0.079281
5	16815	1.075234194928	0.080377
5	16825	1.075287899313	0.080996
5	16835	1.076218015064	0.081564
5	16839	1.076240492567	0.080698
5	16852	1.077226905869	0.080447
5	16856	1.077257089587	0.08049
5	16866	1.078223657097	0.079789
5	16870	1.078276207209	0.079523
5	16877	1.079181469648	0.079279
5	16884	1.07928316419	0.079753
5	16897	1.08014299853	0.079474
5	16901	1.080311635393	0.080196
5	16908	1.081131313542	0.082848
5	16918	1.081352866215	0.088422
5	16931	1.082121876917	0.101734
5	16935	1.082306451198	0.08856
5	16942	1.083099814344	0.083128
5	16949	1.083326312113	0.082212
5	16962	1.084145323301	0.080611
5	16966	1.084373302022	0.079248
5	16973	1.085128912489	0.079088
5	16980	1.085348297838	0.078707
5	16993	1.086171504268	0.079003
5	16997	1.086380852718	0.079232
5	17004	1.087204583854	0.081124
5	17011	1.08738686215	0.080421
5	17024	1.088163472979	0.08023
5	17028	1.088355821153	0.078841
5	17035	1.089162787505	0.079005
5	17039	1.089316705695	0.079219
5	17052	1.090210533789	0.086347
5	17056	1.090329446631	0.078957
5	17069	1.091233978602	0.078843
5	17073	1.091377300342	0.079154
5	17083	1.092230295912	0.078899
5	17087	1.092358287928	0.078793
5	17097	1.093198164475	0.079064
5	17104	1.093370828406	0.089938
5	17114	1.094245878344	0.080284
5	17118	1.094340485284	0.079554
5	17128	1.095231877475	0.079099
5	17135	1.095357899995	0.079095
5	17145	1.096218738019	0.078848
5	17149	1.096309561705	0.078836
5	17159	1.097228237328	0.078974
5	17166	1.097283011594	0.078832
5	17176	1.098269054511	0.078723
5	17180	1.098332384007	0.0791
5	17187	1.099229026338	0.078759
5	17197	1.099367168537	0.079119
5	17207	1.100244095267	0.079207
5	17214	1.100367376887	0.07903
5	17221	1.101254634779	0.086489
5	17231	1.101335990489	0.080655
5	17241	1.102295642964	0.079397
5	17245	1.102371166612	0.0793
5	17255	1.103340867429	0.079051
5	17259	1.103403124896	0.07901
5	17275	1.104354989676	0.078893
5	17279	1.104417983025	0.088903
5	17292	1.105371081271	0.081329
5	17296	1.105420941267	0.079433
5	17306	1.106384357157	0.079029
5	17310	1.106387132733	0.078723
5	17323	1.107368524578	0.078933
5	17327	1.107387891923	0.078745
5	17337	1.108377692275	0.07871
5	17341	1.108399211597	0.078923
5	17351	1.109351468637	0.079196
5	17355	1.109373718072	0.079011
5	17368	1.110303874994	0.078816
5	17372	1.110327721138	0.078888
5	17382	1.111307334661	0.078909
5	17386	1.111318923322	0.080029
5	17399	1.112273487045	0.078872
5	17403	1.112347729556	0.079107
5	17413	1.113321936921	0.082654
5	17417	1.113386566933	0.07887
5	17430	1.114292292328	0.079286
5	17434	1.114420397343	0.079965
5	17444	1.115257505609	0.088865
5	17448	1.115436801597	0.07963
5	17461	1.11621661226	0.079028
5	17465	1.116386926411	0.078992
5	17475	1.117177692305	0.078879
5	17482	1.117434500249	0.079046
5	17492	1.118172366972	0.085312
5	17496	1.11847367311	0.082066
5	17503	1.119213528831	0.079249
5	17510	1.119462146047	0.079038
5	17523	1.120178408816	0.079248
5	17527	1.120499917012	0.078889
5	17534	1.121190930847	0.078969
5	17544	1.121541971769	0.079451
5	17554	1.122156545183	0.079106
5	17564	1.122569013534	0.078739
5	17568	1.123181650674	0.078936
5	17575	1.123568606531	0.080147
5	17585	1.124186244317	0.078964
5	17595	1.124568205435	0.078803
5	17602	1.125147849148	0.079801
5	17606	1.125562027521	0.079993
5	17616	1.126159425621	0.090676
5	17626	1.126596634472	0.083615
5	17633	1.127159074812	0.081498
5	17637	1.12763621017	0.081225
5	17647	1.128126946715	0.079796
5	17657	1.128670405942	0.079155
5	17664	1.129126773808	0.082136
5	17668	1.129646768316	0.081324
5	17675	1.130154516491	0.078985
5	17688	1.130601450201	0.079113
5	17695	1.131169108687	0.079087
5	17699	1.131598435718	0.078805
5	17712	1.132202886222	0.078894
5	17719	1.132558980491	0.078812
5	17726	1.13324233761	0.078885
5	17730	1.133512772846	0.078793
5	17737	1.134203522496	0.079211
5	17747	1.134514477889	0.123673
5	17754	1.135193123275	0.137569
5	17761	1.13554421791	0.088112
5	17768	1.136189987853	0.096964
5	17778	1.136555426376	0.084306
5	17785	1.137159987353	0.082078
5	17792	1.13750969023	0.081102
5	17802	1.138179132027	0.251611
5	17806	1.13846994717	0.151672
5	17816	1.139226874467	0.108794
5	17820	1.139516785434	0.163356
5	17830	1.140242587555	0.11081
5	17840	1.140516287041	0.108173
5	17847	1.141223850449	0.108461
5	17851	1.14153154364	0.189355
5	17867	1.142253785981	0.111124
5	17877	1.142576044387	0.107879
5	17881	1.143294508225	0.111001
5	17885	1.143530070269	0.090422
5	17901	1.144259036014	0.081353
5	17908	1.144499469963	0.081064
5	17912	1.145240288405	0.082038
5	17916	1.1454499462	0.083297
5	17926	1.146287900242	0.088341
5	17936	1.146409362151	0.084743
5	17943	1.147333131021	0.083698
5	17947	1.147451134478	0.081773
5	17963	1.148350910379	0.085312
5	17967	1.148475349264	0.089593
5	17974	1.149327112908	0.08593
5	17978	1.149441940508	0.086487
5	17994	1.150299238728	0.159545
5	17998	1.150467584358	0.106452
5	18005	1.151333989182	0.087527
5	18009	1.151472658268	0.188067
5	18025	1.152332598845	0.082696
5	18029	1.152468914663	0.080228
5	18036	1.153289391076	0.170633
5	18040	1.153482303664	0.080667
5	18056	1.154249500188	0.079427
5	18063	1.154496200788	0.079376
5	18067	1.155286979408	0.207803
5	18071	1.155469694406	0.122039
5	18084	1.156295571187	0.081437
5	18094	1.156514058023	0.080821
5	18098	1.157298691829	0.080451
5	18105	1.157466867207	0.080534
5	18118	1.158273566445	0.079297
5	18125	1.158507797376	0.079046
5	18132	1.159280791279	0.089212
5	18136	1.159548103293	0.079802
5	18146	1.160328772205	0.079204
5	18156	1.16058583052	0.07891
5	18160	1.161308062353	0.078818
5	18170	1.16159135921	0.07984
5	18180	1.162354374184	0.079112
5	18187	1.162567656572	0.078991
5	18194	1.163313914626	0.091723
5	18201	1.16357291256	0.079974
5	18211	1.164337760688	0.079639
5	18221	1.164571855809	0.078856
5	18225	1.165340554102	0.07899
5	18232	1.165541087592	0.078945
5	18242	1.166350823272	0.078976
5	18252	1.16658456673	0.079274
5	18259	1.167399797524	0.080082
5	18266	1.167583775539	0.078605
5	18276	1.1683907042	0.078853
5	18283	1.168604819676	0.078888
5	18290	1.169398158331	0.079034
5	18297	1.169575630921	0.079097
5	18310	1.170360269975	0.088618
5	18314	1.170572812184	0.078962
5	18318	1.171346551331	0.078909
5	18328	1.171530675479	0.078781
5	18338	1.172373498302	0.078932
5	18345	1.172490878725	0.078856
5	18352	1.173391578548	0.091673
5	18356	1.173488612667	0.09089
5	18369	1.174398152692	0.121668
5	18373	1.174491477649	0.117784
5	18383	1.175424132208	0.10468
5	18387	1.175460541229	0.079765
5	18400	1.176438827402	0.079206
5	18404	1.176487403594	0.079007
5	18414	1.177454642821	0.078943
5	18418	1.177458162328	0.088611
5	18431	1.178474562329	0.157753
5	18435	1.178500782137	0.08115
5	18448	1.179504752537	0.08075
5	18452	1.179513162843	0.080403
5	18459	1.180461167515	0.079671
5	18466	1.180464223847	0.078844
5	18482	1.181438640167	0.07964
5	18486	1.181463207278	0.079292
5	18493	1.182393498512	0.079153
5	18500	1.182487751372	0.089076
5	18513	1.183363413712	0.080984
5	18517	1.183508898351	0.079394
5	18527	1.184392913517	0.079539
5	18534	1.18453994664	0.07897
5	18544	1.185412196214	0.078848
5	18548	1.185538101683	0.078908
5	18558	1.186385576762	0.085919
5	18565	1.186558015286	0.079731
5	18575	1.187379674724	0.079049
5	18579	1.187601273548	0.078948
5	18592	1.188363685138	0.078967
5	18596	1.188627683092	0.079291
5	18603	1.189374816201	0.079226
5	18610	1.189585544164	0.079375
5	18620	1.19037244154	0.079136
5	18627	1.190620290169	0.080558
5	18631	1.191343273996	0.084073
5	18641	1.191617730449	0.07876
5	18651	1.192306141032	0.078856
5	18658	1.192571313979	0.078894
5	18665	1.193303364439	0.078896
5	18672	1.193572054111	0.078968
5	18685	1.194312534555	0.078858
5	18689	1.194523612221	0.088678
5	18693	1.195267071278	0.080029
5	18703	1.195550677456	0.079182
5	18713	1.196255577811	0.078854
5	18720	1.196532894832	0.078999
5	18724	1.197232364344	0.080771
5	18734	1.197501548993	0.080178
5	18744	1.198265290367	0.080174
5	18751	1.198536074267	0.078737
5	18758	1.199215417991	0.078694
5	18765	1.199512088729	0.078839
5	18775	1.200166767017	0.078739
5	18782	1.200559028479	0.078683
5	18786	1.201136829975	0.078759
5	18799	1.20155290874	0.079101
5	18809	1.202107637724	0.078862
5	18816	1.2025967179	0.079565
5	18820	1.203082041584	0.078852
5	18830	1.203642812809	0.083911
5	18840	1.204065657104	0.093471
5	18847	1.204612464715	0.080222
5	18851	1.205092383255	0.079465
5	18864	1.205649601578	0.079406
5	18874	1.206105672736	0.079175
5	18878	1.206668041822	0.078941
5	18882	1.207059942329	0.078731
5	18889	1.207686046807	0.078738
5	18902	1.208025693639	0.078958
5	18909	1.208700214684	0.079262
5	18913	1.209032285838	0.079011
5	18920	1.209676638836	0.079008
5	18936	1.210053733011	0.079238
5	18940	1.210661361882	0.078829
5	18944	1.211069571735	0.078849
5	18951	1.211701613146	0.079004
5	18964	1.212064040387	0.078982
5	18971	1.212723369911	0.078829
5	18978	1.21309252928	0.078863
5	18982	1.213756950833	0.07891
5	18995	1.214087931531	0.08197
5	19002	1.214781513834	0.079324
5	19009	1.215090612583	0.092536
5	19013	1.215812718747	0.090373
5	19020	1.216053431929	0.081126
5	19033	1.216800758861	0.080691
5	19040	1.217051064462	0.080532
5	19044	1.217850372404	0.07935
5	19057	1.218078284221	0.078916
5	19067	1.218812573508	0.078699
5	19071	1.219110716194	0.078771
5	19075	1.219778622679	0.217676
5	19091	1.220140595018	0.151138
5	19101	1.220749051661	0.144944
5	19105	1.221138382841	0.225297
5	19109	1.221747592245	0.202313
5	19122	1.222166410085	0.200531
5	19132	1.222772847383	0.199543
5	19136	1.223191718823	0.199753
5	19143	1.22375862109	0.19932
5	19153	1.224235002581	0.199523
5	19163	1.224714022245	0.2609
5	19167	1.225220749465	0.187949
5	19174	1.225686128136	0.162666
5	19184	1.226219573083	0.145546
5	19194	1.22664523262	0.144003
5	19198	1.227247798066	0.139377
5	19205	1.227638004223	0.139023
5	19215	1.228279890791	0.139845
5	19222	1.228620132313	0.139248
5	19229	1.229300970021	0.139254
5	19236	1.229648126722	0.154561
5	19246	1.230313125758	0.141
5	19253	1.230653745397	0.161726
5	19260	1.23129967227	0.095214
5	19267	1.23164136208	0.08841
5	19277	1.232342799913	0.087999
5	19284	1.232617909742	0.087763
5	19291	1.233309624333	0.078939
5	19298	1.233594504903	0.078967
5	19311	1.234326332702	0.083679
5	19315	1.234616991029	0.082356
5	19325	1.235347661433	0.079017
5	19329	1.23564905613	0.078924
5	19339	1.236352174872	0.078996
5	19346	1.236663803188	0.079113
5	19356	1.23738529646	0.080259
5	19360	1.237702081437	0.079217
5	19373	1.238351445267	0.078991
5	19377	1.238691398388	0.07899
5	19387	1.239312749193	0.078948
5	19391	1.239724999392	0.078977
5	19404	1.240264106247	0.093421
5	19408	1.240765592759	0.080112
5	19421	1.241293582466	0.07917
5	19428	1.241809853526	0.079014
5	19438	1.242245066021	0.078981
5	19445	1.242816920789	0.08009
5	19452	1.243228871782	0.089047
5	19459	1.243824506984	0.078968
5	19469	1.244211641878	0.078981
5	19473	1.244847039102	0.079145
5	19483	1.245192256116	0.079151
5	19490	1.245859976195	0.079137
5	19500	1.246208465834	0.079199
5	19504	1.246828268771	0.079087
5	19514	1.247230854784	0.07898
5	19521	1.24785122227	0.079223
5	19528	1.24819534448	0.079129
5	19538	1.248875416694	0.07921
5	19545	1.2492180762	0.080286
5	19555	1.249917679433	0.079083
5	19561	1.250188846355	0.083307
5	19568	1.250884486276	0.079653
5	19578	1.25115264058	0.079495
5	19585	1.25192025109	0.079166
5	19592	1.252171964583	0.078787
5	19602	1.252925304342	0.078901
5	19609	1.253166976986	0.078949
5	19616	1.25390171013	0.080225
5	19626	1.254187118043	0.080567
5	19630	1.254905667471	0.080273
5	19640	1.255220486341	0.079385
5	19647	1.255948907136	0.078946
5	19657	1.256249122084	0.078883
5	19661	1.256931861688	0.07872
5	19671	1.257280546148	0.078829
5	19678	1.257933868459	0.07875
5	19688	1.258284175173	0.078746
5	19695	1.258925073033	0.078814
5	19702	1.259270901797	0.07879
5	19709	1.259918035198	0.078857
5	19716	1.260313963115	0.092344
5	19732	1.260905901119	0.079993
5	19736	1.261265824802	0.079544
5	19743	1.261945170816	0.079225
5	19750	1.262295375814	0.079109
5	19763	1.262984881134	0.079166
5	19767	1.26329099668	0.078904
5	19777	1.264003973829	0.079139
5	19781	1.264306030381	0.079225
5	19794	1.265037647997	0.079214
5	19798	1.265289979737	0.078962
5	19808	1.266012107846	0.079629
5	19812	1.266241590854	0.078907
5	19822	1.266984406139	0.07891
5	19829	1.267249355364	0.078843
5	19836	1.267982925362	0.078646
5	19843	1.26820473943	0.078895
5	19850	1.269006217969	0.078839
5	19857	1.269231638909	0.078934
5	19870	1.269968462428	0.078868
5	19874	1.270238000356	0.078801
5	19881	1.270999125029	0.07869
5	19885	1.27121721007	0.089493
5	19898	1.271955902192	0.086446
5	19905	1.272178463406	0.080732
5	19912	1.272949251845	0.07888
5	19916	1.273184855237	0.078851
5	19929	1.273954435597	0.078795
5	19936	1.274164680042	0.078818
5	19940	1.275000772861	0.078969
5	19947	1.275134590104	0.078889
5	19963	1.276022646904	0.078903
5	19967	1.276091154989	0.078852
5	19974	1.277037230757	0.078893
5	19978	1.277043901353	0.078872
5	19994	1.278019961339	0.082912
5	19998	1.278068857386	0.081043
5	20005	1.278996719385	0.080454
5	20012	1.279079114668	0.079092
5	20025	1.279946791165	0.078803
5	20029	1.280103472325	0.079072
5	20033	1.280938008152	0.079152
5	20040	1.281116202997	0.078936
5	20059	1.281904088994	0.079357
5	20063	1.282121595176	0.089883
5	20067	1.282887900431	0.080235
5	20074	1.283113558034	0.079107
5	20087	1.283853786458	0.079002
5	20094	1.284117223973	0.079871
5	20098	1.2848911767	0.078871
5	20105	1.285091292647	0.078812
5	20115	1.285928024787	0.078885
5	20125	1.286115250681	0.078893
5	20129	1.286915459908	0.083711
5	20136	1.287118005862	0.079028
5	20146	1.287943945777	0.078714
5	20153	1.288100927746	0.078749
5	20160	1.288941552126	0.078878
5	20164	1.289069122677	0.078828
5	20180	1.289904105406	0.078774
5	20187	1.290019438359	0.079076
5	20191	1.290941040019	0.07904
5	20195	1.291050585609	0.079128
5	20214	1.291970156704	0.079495
5	20218	1.292013029147	0.079383
5	20222	1.292995831923	0.079149
5	20226	1.293039419954	0.078962
5	20242	1.293982934597	0.088129
5	20246	1.294000362297	0.080113
5	20253	1.294950157169	0.079736
5	20257	1.294972950243	0.08191
5	20273	1.295963112271	0.080437
5	20277	1.295971511722	0.079084
5	20284	1.296954744	0.080462
5	20288	1.296976846743	0.08269
5	20304	1.297935717686	0.08372
5	20308	1.297960326924	0.084342
5	20315	1.298910105738	0.08385
5	20319	1.298957838857	0.084325
5	20335	1.299863835594	0.090068
5	20339	1.299910239552	0.088759
5	20346	1.300824467203	0.085255
5	20350	1.300950658684	0.083964
5	20369	1.301863184047	0.083181
5	20376	1.301928615461	0.079637
5	20380	1.302851639539	0.090502
5	20384	1.302967101584	0.080545
5	20400	1.303811801435	0.079942
5	20404	1.303949390428	0.079803
5	20411	1.304777648922	0.079232
5	20415	1.304910716933	0.079697
5	20428	1.30579947808	0.080211
5	20435	1.305872989938	0.079969
5	20442	1.306791967749	0.081237
5	20446	1.306911610712	0.083366
5	20459	1.30777052798	0.081458
5	20466	1.30792105074	0.081383
5	20473	1.308804632358	0.095827
5	20477	1.308962877281	0.085246
5	20487	1.309759690222	0.086129
5	20494	1.309931996112	0.080779
5	20504	1.310741385973	0.081655
5	20508	1.310943391046	0.082151
5	20521	1.311755487602	0.083903
5	20525	1.311898790194	0.083312
5	20535	1.312804979117	0.088091
5	20539	1.312920305	0.083867
5	20552	1.313777300131	0.085207
5	20556	1.3139429703	0.08387
5	20566	1.314814041975	0.081888
5	20570	1.314964071653	0.081091
5	20583	1.315806872626	0.080067
5	20587	1.3159430558	0.079265
5	20597	1.316840522193	0.079117
5	20601	1.316951444716	0.079115
5	20614	1.317822486643	0.078964
5	20618	1.317986453991	0.079773
5	20628	1.318868565921	0.079284
5	20635	1.319022347517	0.078965
5	20645	1.319860831055	0.079442
5	20649	1.319996951716	0.079128
5	20659	1.320864151175	0.079254
5	20666	1.320998674396	0.082208
5	20679	1.3218958322	0.08193
5	20686	1.321981164349	0.08222
5	20696	1.322925394561	0.081538
5	20700	1.32295347714	0.091276
5	20713	1.323929432726	0.085795
5	20717	1.32393508316	0.086929
5	20727	1.324961892034	0.080017
5	20731	1.32496860359	0.080453
5	20744	1.325948519453	0.078994
5	20748	1.325987522255	0.078641
5	20758	1.326928589158	0.078876
5	20762	1.327018997473	0.078937
5	20772	1.327943528071	0.078878
5	20779	1.328037334072	0.078852
5	20789	1.328955260917	0.078829
5	20793	1.329067656971	0.078891
5	20803	1.329942572666	0.078929
5	20810	1.330086551668	0.087088
5	20820	1.330919422118	0.078828
5	20824	1.331074917833	0.078799
5	20834	1.331896513571	0.080313
5	20838	1.332051065426	0.079353
5	20851	1.332853136905	0.078937
5	20855	1.333084737916	0.078873
5	20865	1.333880224098	0.078708
5	20869	1.334117794263	0.078812
5	20882	1.334857421572	0.088168
5	20886	1.335125054985	0.079781
5	20896	1.335855934282	0.07917
5	20900	1.336166705995	0.078923
5	20913	1.336901755856	0.078921
5	20920	1.337157640874	0.078821
5	20927	1.337891280835	0.078722
5	20931	1.338179158372	0.078629
5	20944	1.338884610205	0.078843
5	20948	1.339166390281	0.078782
5	20958	1.339873327415	0.078855
5	20962	1.340206455865	0.078918
5	20975	1.340884560395	0.078938
5	20979	1.341206810239	0.078761
5	20992	1.341853992403	0.079445
5	20996	1.342178470089	0.078693
5	21009	1.342860758637	0.078872
5	21013	1.343187656182	0.078992
5	21023	1.343901420135	0.080432
5	21027	1.344151937721	0.078928
5	21040	1.344872502904	0.079004
5	21044	1.345144212905	0.079103
5	21054	1.345896448544	0.087861
5	21058	1.346114223344	0.079941
5	21071	1.346910885742	0.079147
5	21075	1.347093152341	0.079013
5	21085	1.34794368066	0.078988
5	21089	1.348086317688	0.078757
5	21102	1.348971386106	0.078789
5	21106	1.349071046687	0.078807
5	21116	1.349928618562	0.078863
5	21120	1.350114718547	0.080513
5	21133	1.350920720328	0.080388
5	21137	1.351124180594	0.088661
5	21147	1.351925988472	0.081083
5	21151	1.352143401145	0.080482
5	21164	1.352929441613	0.07929
5	21168	1.35309794165	0.082572
5	21178	1.353910209319	0.078877
5	21182	1.354113982447	0.079033
5	21195	1.354862844684	0.078901
5	21199	1.355065511543	0.078804
5	21209	1.355860556283	0.087091
5	21213	1.356078200839	0.081005
5	21226	1.35682412571	0.079456
5	21230	1.35707776713	0.079311
5	21240	1.357849699593	0.07891
5	21244	1.358103999889	0.078852
5	21257	1.358820925802	0.078987
5	21261	1.359109162444	0.078812
5	21271	1.359854238174	0.078918
5	21275	1.360106292131	0.079077
5	21288	1.360886197651	0.078944
5	21292	1.3610916732	0.079011
5	21305	1.361873150253	0.082278
5	21309	1.362109268874	0.081808
5	21322	1.362918490646	0.079357
5	21326	1.363133307271	0.079528
5	21336	1.363903657735	0.079104
5	21343	1.364171703992	0.079598
5	21353	1.364915399867	0.079329
5	21357	1.36514956503	0.089877
5	21370	1.365867231414	0.08218
5	21374	1.366146866947	0.081603
5	21384	1.366837535501	0.079745
5	21388	1.367178870257	0.079824
5	21395	1.367796198011	0.079559
5	21405	1.368222227023	0.082137
5	21415	1.36877053857	0.079657
5	21422	1.369231743418	0.078708
5	21429	1.369726015217	0.07896
5	21436	1.370188222195	0.078813
5	21446	1.370769947628	0.078665
5	21450	1.371189810602	0.078897
5	21460	1.371739610148	0.078732
5	21467	1.372171040607	0.078859
5	21477	1.372730915065	0.078735
5	21484	1.373124337469	0.078834
5	21488	1.373681830232	0.078866
5	21501	1.374102995842	0.078791
5	21508	1.374702983958	0.08001
5	21515	1.375136539753	0.078842
5	21519	1.375659158597	0.083642
5	21532	1.376159562656	0.079774
5	21539	1.376705601027	0.088124
5	21546	1.377175202526	0.079801
5	21550	1.377658414745	0.085921
5	21563	1.37816090556	0.079757
5	21567	1.378690344503	0.078985
5	21577	1.379136920947	0.079077
5	21584	1.379724103896	0.079118
5	21594	1.380089745725	0.07895
5	21598	1.380735345737	0.080262
5	21611	1.381122717529	0.079053
5	21615	1.381687299886	0.078963
5	21628	1.382170042684	0.07917
5	21635	1.382685461091	0.078915
5	21642	1.383156557739	0.078927
5	21646	1.38363608426	0.078788
5	21659	1.384168386246	0.078941
5	21666	1.38466640169	0.078959
5	21673	1.385192752365	0.078637
5	21680	1.385688575138	0.079005
5	21690	1.386145702812	0.0792
5	21697	1.38668596878	0.079734
5	21704	1.387138228174	0.08097
5	21711	1.387685225643	0.089132
5	21718	1.388183721051	0.080918
5	21728	1.388688987957	0.079428
5	21735	1.38922717983	0.080025
5	21742	1.389691667172	0.08241
5	21752	1.390220979056	0.08446
5	21759	1.390736698098	0.085395
5	21766	1.391184569924	0.081065
5	21773	1.391760014168	0.081424
5	21780	1.392140825465	0.081779
5	21790	1.392717027998	0.081233
5	21797	1.393173423833	0.081137
5	21804	1.393682471724	0.079523
5	21811	1.394133504597	0.080749
5	21821	1.39467282235	0.079438
5	21828	1.395125776718	0.079343
5	21835	1.395669258024	0.078875
5	21842	1.396114208161	0.078792
5	21849	1.396637899898	0.078828
5	21859	1.397114809629	0.078902
5	21866	1.397623374983	0.078864
5	21873	1.398123640038	0.086443
5	21880	1.398597251525	0.081899
5	21890	1.399078864085	0.091903
5	21897	1.399566132781	0.081504
5	21904	1.400125546771	0.080539
5	21911	1.400571396483	0.079809
5	21924	1.401101623185	0.081448
5	21931	1.401554748628	0.080458
5	21938	1.402090788088	0.079375
5	21945	1.40256079117	0.079576
5	21955	1.403063133001	0.09099
5	21962	1.403572401363	0.082304
5	21969	1.40410562525	0.083142
5	21976	1.404603801653	0.080482
5	21986	1.405123099735	0.080231
5	21993	1.40556011069	0.079518
5	22000	1.406110112538	0.079365
5	22010	1.406608425981	0.079389
5	22017	1.407102990548	0.079347
5	22024	1.407651748016	0.079133
5	22031	1.408134835978	0.07919
5	22041	1.40869152748	0.089601
5	22048	1.4091830509	0.080088
5	22058	1.4097275521	0.079119
5	22062	1.410197001212	0.081957
5	22072	1.410730472258	0.079643
5	22079	1.4111814109	0.079869
5	22083	1.411686628619	0.078831
5	22093	1.412213016349	0.078861
5	22103	1.412697912496	0.079327
5	22110	1.413243555825	0.079689
5	22114	1.413691032405	0.079266
5	22124	1.414268198082	0.078918
5	22134	1.414706563345	0.078944
5	22141	1.415300810349	0.078866
5	22151	1.415735726919	0.079009
5	22155	1.416347168887	0.07919
5	22165	1.416754593283	0.079936
5	22172	1.41734590985	0.078698
5	22179	1.417759051526	0.07872
5	22186	1.418317757775	0.078867
5	22196	1.418758186623	0.088252
5	22203	1.419286665103	0.079778
5	22210	1.419776815442	0.079112
5	22217	1.420318407217	0.08722
5	22227	1.420806018869	0.079006
5	22237	1.421308428059	0.079225
5	22247	1.421843062741	0.079186
5	22251	1.422280730693	0.079938
5	22261	1.422816089802	0.078731
5	22268	1.42331704774	0.078842
5	22278	1.423844800646	0.078864
5	22285	1.424344637898	0.078814
5	22292	1.424857939557	0.078816
5	22299	1.425313682259	0.078747
5	22309	1.425865716672	0.078858
5	22316	1.426361012026	0.078803
5	22323	1.426829661936	0.078942
5	22330	1.427359412014	0.078885
5	22337	1.427823100797	0.078936
5	22350	1.428357033755	0.086719
5	22354	1.428860485443	0.080913
5	22361	1.429400090192	0.085842
5	22368	1.429891281598	0.079874
5	22378	1.430428883423	0.078972
5	22385	1.430852441755	0.078779
5	22392	1.431456206745	0.078918
5	22399	1.431823803319	0.078907
5	22412	1.432490351459	0.079145
5	22416	1.432826997237	0.078885
5	22423	1.433504895531	0.078926
5	22433	1.43384492795	0.078766
5	22443	1.434481220717	0.078976
5	22447	1.434827975481	0.078839
5	22457	1.435490001146	0.07877
5	22464	1.435850069806	0.078761
5	22474	1.436512311242	0.08005
5	22478	1.436817003267	0.078807
5	22488	1.437464580754	0.078614
5	22495	1.437819438075	0.078903
5	22505	1.438447598532	0.087753
5	22509	1.438770567205	0.079998
5	22519	1.439427185226	0.079083
5	22526	1.439790446515	0.078825
5	22536	1.440420783636	0.078912
5	22540	1.440795156784	0.078884
5	22553	1.441386365955	0.079411
5	22560	1.441766720615	0.079145
5	22570	1.442363797361	0.078828
5	22574	1.442803115199	0.082435
5	22584	1.443336144024	0.078949
5	22588	1.443812550625	0.078837
5	22601	1.44429977104	0.078888
5	22605	1.444840186944	0.078921
5	22615	1.445314194445	0.079059
5	22619	1.445834118987	0.079192
5	22632	1.446343884947	0.07913
5	22636	1.446843898451	0.078862
5	22646	1.447346738623	0.078904
5	22650	1.447867394747	0.078865
5	22660	1.448395159491	0.079912
5	22667	1.448819046011	0.078676
5	22677	1.449359390535	0.078786
5	22681	1.449818290569	0.087807
5	22694	1.450328004995	0.079213
5	22698	1.450781465695	0.07879
5	22708	1.451318205004	0.079081
5	22712	1.451773060896	0.07891
5	22725	1.45235640084	0.078791
5	22732	1.452737865049	0.078828
5	22739	1.453342346519	0.078835
5	22743	1.453717676928	0.078721
5	22756	1.45437969803	0.078804
5	22760	1.454731406047	0.080068
5	22770	1.45535167947	0.078886
5	22774	1.455705187481	0.085351
5	22787	1.456379298721	0.082462
5	22791	1.456656309393	0.080902
5	22798	1.457348368526	0.079897
5	22805	1.457698893201	0.079585
5	22815	1.458311972463	0.078941
5	22822	1.458732547257	0.079162
5	22829	1.459335375617	0.079159
5	22836	1.459747165358	0.078969
5	22846	1.460340051195	0.078882
5	22853	1.460772253005	0.079511
5	22863	1.461325821335	0.080183
5	22870	1.461727206031	0.079331
5	22883	1.462341736704	0.079034
5	22887	1.462759470888	0.078816
5	22894	1.463331077152	0.078812
5	22901	1.463727634904	0.078842
5	22914	1.464374261584	0.078858
5	22918	1.464742199492	0.07903
5	22928	1.465419426944	0.083513
5	22932	1.465787591471	0.07871
5	22942	1.466373061751	0.07881
5	22949	1.466820702226	0.080126
5	22956	1.467350647461	0.078827
5	22963	1.467777644186	0.078809
5	22973	1.468318698803	0.078678
5	22980	1.468814055594	0.078852
5	22987	1.469346610085	0.078802
5	22994	1.469776229717	0.078776
5	23004	1.47031390485	0.078687
5	23011	1.470820210075	0.0894
5	23018	1.471336876804	0.079555
5	23025	1.471784166773	0.079183
5	23035	1.472382407483	0.079165
5	23042	1.472777992677	0.078664
5	23049	1.473337137056	0.078875
5	23056	1.473798458711	0.078683
5	23066	1.47432606602	0.078739
5	23073	1.474753884131	0.078824
5	23077	1.475277599952	0.079016
5	23087	1.475716832366	0.078866
5	23097	1.476260415623	0.078823
5	23104	1.476693793715	0.07871
5	23108	1.477278715595	0.078765
5	23115	1.477734796367	0.078652
5	23128	1.478271220753	0.078612
5	23135	1.478724773786	0.078702
5	23139	1.47930192778	0.080111
5	23146	1.479748189577	0.078711
5	23159	1.480342857148	0.078717
5	23166	1.480739165273	0.078704
5	23170	1.481307533043	0.078894
5	23180	1.481711535999	0.09549
5	23193	1.482304301569	0.080394
5	23200	1.482724253185	0.079921
5	23204	1.48331356403	0.080565
5	23211	1.483773832038	0.080988
5	23224	1.484350876727	0.080432
5	23231	1.484800927945	0.080347
5	23235	1.485395778013	0.079539
5	23245	1.485842068748	0.079988
5	23255	1.486386820182	0.080061
5	23262	1.486859970352	0.186974
5	23266	1.487400193923	0.096961
5	23276	1.487863001778	0.080335
5	23286	1.488402948623	0.079341
5	23293	1.488882797628	0.079515
5	23300	1.489451483627	0.094002
5	23307	1.489857547718	0.080165
5	23317	1.490418467421	0.080791
5	23324	1.490835081008	0.079028
5	23328	1.491460203024	0.0793
5	23335	1.491874584227	0.07913
5	23348	1.492433174377	0.07945
5	23355	1.492917440235	0.088161
5	23359	1.493399660502	0.08021
5	23366	1.493913563618	0.079878
5	23379	1.494415866272	0.079098
5	23386	1.494930401186	0.079113
5	23390	1.495439076364	0.079432
5	23397	1.495954953737	0.078838
5	23410	1.496442708669	0.079854
5	23417	1.496996873657	0.080916
5	23421	1.497457294459	0.08046
5	23428	1.4980187352	0.080482
5	23441	1.498486175351	0.078855
5	23445	1.499022418226	0.078692
5	23452	1.499441383894	0.07899
5	23464	1.500054253895	0.183356
5	23474	1.50048125778	0.135142
5	23481	1.501094174208	0.132088
5	23485	1.501514298953	0.112591
5	23501	1.502097061187	0.111709
5	23508	1.502539142834	0.097739
5	23512	1.503064272791	0.07929
5	23519	1.503502995379	0.079379
5	23529	1.504093733756	0.096218
5	23539	1.504491689596	0.08012
5	23543	1.505084493153	0.079132
5	23550	1.505536254976	0.095365
5	23560	1.506098880525	0.079006
5	23570	1.506508621561	0.210076
5	23574	1.507069476656	0.090293
5	23581	1.507528852869	0.080919
5	23591	1.508039986112	0.080367
5	23601	1.508531550056	0.079284
5	23605	1.508999958674	0.078857
5	23612	1.509514108401	0.079237
5	23619	1.510001797887	0.079006
5	23632	1.510557559573	0.078678
5	23636	1.510974014515	0.078959
5	23643	1.511532270397	0.079124
5	23653	1.511966765669	0.079031
5	23663	1.51249561552	0.079103
5	23667	1.512982543306	0.078689
5	23674	1.513501921818	0.080115
5	23687	1.513983845597	0.078898
5	23691	1.514463928395	0.078674
5	23698	1.514975932838	0.078711
5	23705	1.515448183947	0.091847
5	23712	1.516025179647	0.079612
5	23722	1.516469057848	0.078882
5	23729	1.517066801819	0.079166
5	23736	1.517491929949	0.078798
5	23743	1.518039077743	0.078845
5	23753	1.518531421668	0.078825
5	23760	1.519086717574	0.079008
5	23767	1.519545704023	0.078893
5	23774	1.520094024811	0.079977
5	23784	1.520506061282	0.078975
5	23791	1.521059940014	0.078805
5	23798	1.521488250028	0.078726
5	23808	1.522094497509	0.079447
5	23818	1.522452427927	0.079091
5	23825	1.523140194635	0.078783
5	23832	1.523428138953	0.078818
5	23836	1.524108571308	0.078825
5	23849	1.524462058138	0.078781
5	23856	1.525131054104	0.078958
5	23863	1.525419496632	0.079942
5	23870	1.526151331475	0.089351
5	23880	1.526372330568	0.091348
5	23887	1.527166408565	0.079051
5	23894	1.52739029166	0.07886
5	23898	1.528176256089	0.078848
5	23911	1.528431329527	0.078732
5	23921	1.529207642988	0.078804
5	23925	1.52940974138	0.078923
5	23932	1.530171370211	0.078959
5	23942	1.53040516022	0.078814
5	23952	1.531214508674	0.078772
5	23956	1.531376092017	0.079582
5	23966	1.532233307083	0.078935
5	23973	1.532412116435	0.078739
5	23983	1.533188496744	0.078863
5	23987	1.533408683227	0.078895
5	23994	1.534174216356	0.078798
5	24004	1.534409603143	0.078834
5	24014	1.535162190679	0.078797
5	24018	1.535420838079	0.078666
5	24028	1.536195483367	0.078634
5	24035	1.536398090428	0.078692
5	24045	1.537183105307	0.078825
5	24049	1.537367313647	0.078729
5	24056	1.538140855469	0.089338
5	24063	1.538327143911	0.079712
5	24076	1.539159215972	0.079078
5	24080	1.539362411548	0.083087
5	24087	1.540131418922	0.082399
5	24094	1.540330100803	0.078942
5	24101	1.541090357378	0.07908
5	24111	1.541284857043	0.078809
5	24121	1.542072646137	0.07914
5	24128	1.542261999274	0.078972
5	24138	1.543032541874	0.078872
5	24145	1.543266020171	0.080008
5	24152	1.544013900056	0.078859
5	24159	1.544313740006	0.078907
5	24166	1.544998472163	0.078776
5	24176	1.545331159875	0.07881
5	24183	1.546005524273	0.078686
5	24193	1.546344097003	0.078583
5	24200	1.54698036078	0.082581
5	24207	1.547392522938	0.079315
5	24217	1.547988658278	0.078766
5	24224	1.548377970833	0.079004
5	24228	1.548945608662	0.092494
5	24235	1.549338188803	0.079903
5	24245	1.549927226463	0.080596
5	24252	1.550296044941	0.079211
5	24259	1.550957084339	0.078986
5	24263	1.55127182478	0.078906
5	24276	1.55197029208	0.07874
5	24286	1.552309083114	0.079044
5	24290	1.552945085988	0.078798
5	24297	1.553304057863	0.078822
5	24307	1.553931126128	0.078737
5	24317	1.554294894787	0.078865
5	24321	1.554884485887	0.078821
5	24325	1.555254808292	0.078929
5	24335	1.555915398967	0.078827
5	24348	1.556290009596	0.08
5	24352	1.556919170765	0.078716
5	24356	1.55730269681	0.078714
5	24366	1.557930412468	0.078756
5	24376	1.558271407567	0.078769
5	24383	1.558904553881	0.078936
5	24387	1.559294436114	0.078744
5	24397	1.559909107397	0.078919
5	24407	1.560250171775	0.087991
5	24414	1.560870713912	0.079523
5	24418	1.561233007169	0.078952
5	24428	1.561913121296	0.078875
5	24441	1.562189075639	0.079137
5	24448	1.562925785469	0.078681
5	24452	1.563173748198	0.078806
5	24465	1.563924308317	0.078759
5	24472	1.564199959116	0.078843
5	24479	1.564929369194	0.078671
5	24486	1.565151295207	0.078908
5	24499	1.565944171362	0.07867
5	24503	1.566122931286	0.078768
5	24510	1.56692301465	0.078934
5	24514	1.567139516418	0.078654
5	24530	1.567901374033	0.078711
5	24534	1.568113876583	0.080037
5	24541	1.568867313219	0.078816
5	24548	1.569090635576	0.078751
5	24555	1.56987778035	0.078739
5	24568	1.570121002035	0.078712
5	24572	1.570919676059	0.078781
5	24579	1.571156853957	0.079305
5	24589	1.571967568125	0.097131
5	24596	1.572190710677	0.081295
5	24603	1.572998454258	0.088161
5	24610	1.573165587651	0.080456
5	24620	1.574032933226	0.080414
5	24627	1.574172120382	0.081681
5	24634	1.575033471433	0.080712
5	24641	1.575217697457	0.080194
5	24651	1.576001086718	0.080027
5	24661	1.576175787001	0.07954
5	24665	1.57696161733	0.080033
5	24669	1.577192089764	0.081085
5	24682	1.577977810739	0.080449
5	24689	1.578164782395	0.07976
5	24696	1.578931440309	0.080632
5	24700	1.579132468889	0.07967
5	24710	1.579912074652	0.080429
5	24720	1.580083174161	0.082196
5	24727	1.580889041478	0.081934
5	24731	1.581051031757	0.091001
5	24747	1.581934487491	0.082687
5	24751	1.582064426968	0.081802
5	24761	1.582932510592	0.090079
5	24765	1.583028147202	0.086412
5	24781	1.583942724354	0.087587
5	24785	1.584013048801	0.092348
5	24792	1.584917337929	0.089102
5	24796	1.584989265387	0.087016
5	24812	1.58591450684	0.089055
5	24816	1.585979476097	0.086165
5	24823	1.58695410782	0.083741
5	24827	1.586957383471	0.08549
5	24843	1.587952678047	0.088743
5	24847	1.588004103783	0.086953
5	24854	1.588938432884	0.082647
5	24858	1.589017150114	0.083419
5	24874	1.589909196043	0.086014
5	24878	1.589989619216	0.084793
5	24885	1.590921156152	0.083243
5	24892	1.59100980296	0.101769
5	24905	1.591913821688	0.085379
5	24909	1.592053623505	0.082766
5	24916	1.592946052666	0.099562
5	24920	1.593074656092	0.082158
5	24936	1.593975270381	0.081184
5	24940	1.594096328094	0.080177
5	24950	1.595003996027	0.079943
5	24954	1.595069722814	0.079134
5	24967	1.596020532847	0.079333
5	24971	1.596027168762	0.079862
5	24978	1.597029700382	0.081526
5	24982	1.597035398836	0.079985
5	24998	1.598000531988	0.081648
5	25002	1.598058539584	0.09465
5	25012	1.599035316548	0.081938
5	25016	1.599043477824	0.08103
5	25029	1.600047488419	0.080014
5	25033	1.600058672348	0.079742
5	25040	1.601001147535	0.080224
5	25044	1.601050773617	0.079172
5	25063	1.60195797192	0.089788
5	25067	1.602008510399	0.080013
5	25074	1.602986385175	0.080304
5	25078	1.603030185753	0.079102
5	25094	1.604027006876	0.078839
5	25098	1.604028899744	0.078926
5	25108	1.605004833949	0.078882
5	25112	1.605054579713	0.07999
5	25122	1.605958208946	0.078859
5	25129	1.606101182154	0.078864
5	25136	1.606960750501	0.078783
5	25143	1.607078910669	0.078752
5	25156	1.607939071493	0.079098
5	25160	1.608053970575	0.078713
5	25167	1.60889605183	0.079102
5	25171	1.609029925832	0.079395
5	25187	1.609860214681	0.079185
5	25191	1.61001101581	0.07934
5	25198	1.610875055564	0.078922
5	25202	1.611026811955	0.078759
5	25218	1.611865894588	0.086408
5	25222	1.612073642881	0.080031
5	25226	1.612843379365	0.079046
5	25236	1.613072741673	0.07911
5	25249	1.613849023103	0.078822
5	25253	1.614115099042	0.078998
5	25260	1.614869257079	0.078818
5	25267	1.615116579028	0.079449
5	25280	1.615882741941	0.080078
5	25284	1.616079725354	0.079103
5	25294	1.616848653915	0.078891
5	25298	1.617032832868	0.078916
5	25311	1.617827221298	0.078825
5	25315	1.617999169014	0.078921
5	25322	1.61881642784	0.078785
5	25329	1.618986610079	0.078832
5	25342	1.619816403815	0.07887
5	25346	1.620027002942	0.078732
5	25356	1.620847698506	0.078747
5	25360	1.621034079148	0.078662
5	25376	1.621864358962	0.079984
5	25380	1.622003865744	0.079051
5	25387	1.622823160401	0.079072
5	25394	1.62300956244	0.078831
5	25407	1.623829600438	0.078864
5	25411	1.623966023062	0.085566
5	25418	1.624796835285	0.079649
5	25422	1.624954128388	0.07906
5	25435	1.625833803866	0.078905
5	25442	1.625999454303	0.078792
5	25449	1.626863713322	0.078788
5	25456	1.626981899425	0.079228
5	25466	1.627834638276	0.080406
5	25470	1.627997993297	0.082198
5	25480	1.628821867092	0.080453
5	25487	1.629007198888	0.0799
5	25494	1.629787551536	0.079962
5	25501	1.629988186657	0.079269
5	25511	1.630828407889	0.078943
5	25518	1.630951275923	0.086287
5	25525	1.631792806256	0.081335
5	25532	1.631904532607	0.079177
5	25545	1.632792342402	0.07914
5	25549	1.632942432612	0.079044
5	25556	1.633803866065	0.079367
5	25563	1.633989790518	0.080555
5	25573	1.634831957947	0.078885
5	25580	1.634966766864	0.078922
5	25587	1.635837524481	0.078853
5	25591	1.635988305801	0.078834
5	25607	1.636810740689	0.078822
5	25611	1.636980413765	0.078892
5	25618	1.637805048191	0.083671
5	25622	1.637982919126	0.078994
5	25635	1.638801195786	0.078665
5	25642	1.638999336618	0.078774
5	25649	1.63978912082	0.078801
5	25653	1.639987588015	0.078827
5	25666	1.640757545886	0.080017
5	25673	1.640952380428	0.078714
5	25680	1.641757267583	0.088059
5	25684	1.641929461134	0.079822
5	25700	1.642802011923	0.080087
5	25707	1.642887610647	0.07897
5	25714	1.64376324057	0.07878
5	25718	1.643917723589	0.079008
5	25731	1.644801859853	0.078945
5	25735	1.644908574604	0.078846
5	25745	1.645823493351	0.078987
5	25752	1.645911431752	0.079859
5	25762	1.646831813189	0.078877
5	25766	1.646906758827	0.078869
5	25779	1.647872233987	0.15167
5	25783	1.647923010421	0.081469
5	25793	1.648861465461	0.079348
5	25797	1.64895871942	0.079197
5	25810	1.649832404287	0.078891
5	25814	1.649977508711	0.078888
5	25824	1.650796366264	0.078959
5	25828	1.650933690418	0.086069
5	25841	1.651770152751	0.080026
5	25845	1.651947709916	0.089892
5	25855	1.652744104559	0.080024
5	25859	1.652933228922	0.079219
5	25872	1.65374075684	0.079066
5	25876	1.653934064707	0.079215
5	25886	1.654785779385	0.079218
5	25890	1.654976590285	0.079307
5	25903	1.655803964406	0.079141
5	25907	1.655951931755	0.078959
5	25917	1.656789860554	0.079252
5	25921	1.656914904897	0.079134
5	25934	1.657799560144	0.079028
5	25938	1.657885324335	0.079228
5	25948	1.658786419054	0.08049
5	25952	1.658934801509	0.080385
5	25965	1.659782457045	0.085957
5	25972	1.659888776379	0.07976
5	25979	1.660786290355	0.079101
5	25983	1.660922795012	0.078816
5	25999	1.661764349042	0.079362
5	26003	1.661936113205	0.079698
5	26013	1.662749528785	0.080957
5	26017	1.662956209547	0.090929
5	26030	1.663777597376	0.081804
5	26040	1.663996939869	0.080728
5	26044	1.664827544667	0.081916
5	26048	1.665011314485	0.081206
5	26061	1.665811338246	0.081925
5	26071	1.66596885919	0.080331
5	26075	1.666815303955	0.079821
5	26079	1.66700462697	0.079948
5	26098	1.667802344591	0.079454
5	26102	1.667997608012	0.079177
5	26106	1.668764252551	0.079507
5	26110	1.669047271479	0.079752
5	26129	1.669806584418	0.079146
5	26133	1.670068261614	0.078968
5	26137	1.670760338344	0.080165
5	26141	1.671054951434	0.079135
5	26157	1.671799651314	0.079211
5	26164	1.672098856815	0.079814
5	26168	1.672841190309	0.081555
5	26175	1.673123114504	0.080947
5	26191	1.673874127145	0.079364
5	26195	1.674157455675	0.079884
5	26199	1.674847712542	0.093088
5	26206	1.675132218852	0.080384
5	26222	1.675828471868	0.079658
5	26226	1.676117739259	0.078979
5	26230	1.676866423459	0.079951
5	26234	1.677092107446	0.07895
5	26253	1.677901590644	0.079104
5	26257	1.678117222564	0.085886
5	26261	1.678946628811	0.079774
5	26265	1.679072475709	0.079284
5	26284	1.679963495936	0.078979
5	26288	1.680023517573	0.079091
5	26292	1.680997490166	0.078796
5	26296	1.681036623441	0.07884
5	26318	1.681995635721	0.093964
5	26322	1.682011782367	0.080093
5	26326	1.682968320702	0.081766
5	26330	1.682991826747	0.079828
5	26349	1.683929408441	0.079018
5	26353	1.683977833903	0.078956
5	26357	1.684931439482	0.079008
5	26361	1.684975994162	0.078879
5	26380	1.685917969036	0.089099
5	26384	1.686003002174	0.079958
5	26388	1.686910898141	0.078921
5	26392	1.687052292271	0.078937
5	26411	1.687930382092	0.078952
5	26415	1.688064538158	0.078958
5	26419	1.688934457418	0.080322
5	26423	1.689014951088	0.078642
5	26442	1.689935500115	0.078697
5	26446	1.690062746857	0.078907
5	26450	1.690909553105	0.078805
5	26454	1.691038428988	0.078661
5	26473	1.691934528547	0.07879
5	26477	1.692056496028	0.078641
5	26481	1.692975946238	0.078744
5	26488	1.693080913595	0.078603
5	26504	1.693991830863	0.078854
5	26508	1.694034946369	0.078788
5	26515	1.694988518133	0.078705
5	26519	1.695029031151	0.079959
5	26535	1.695945552532	0.078825
5	26539	1.696063237105	0.078791
5	26546	1.696951585045	0.078756
5	26550	1.697038885666	0.087501
5	26566	1.697960943187	0.079868
5	26570	1.69803204667	0.079034
5	26577	1.698916945701	0.07871
5	26581	1.699024298638	0.078863
5	26597	1.699891153189	0.078936
5	26601	1.700002088201	0.078821
5	26608	1.70093151842	0.07863
5	26612	1.700976418882	0.078667
5	26631	1.7019683832	0.07931
5	26635	1.701971495742	0.078945
5	26642	1.702997446097	0.078873
5	26646	1.703005924295	0.078702
5	26662	1.703968792923	0.078859
5	26666	1.703995483676	0.085132
5	26673	1.704943091109	0.079836
5	26677	1.705042806193	0.079069
5	26690	1.705916300702	0.078855
5	26697	1.706069517271	0.078885
5	26704	1.706896345164	0.078747
5	26708	1.707075713925	0.07871
5	26721	1.707868837197	0.078733
5	26728	1.708078205586	0.086682
5	26735	1.708911863812	0.080046
5	26739	1.709054568057	0.079094
5	26752	1.709891317833	0.078852
5	26759	1.71004959223	0.078913
5	26766	1.710864746873	0.078766
5	26770	1.711047744402	0.0788
5	26783	1.711889548745	0.078882
5	26790	1.712082011907	0.078936
5	26797	1.71293187055	0.078683
5	26801	1.713043852818	0.07883
5	26814	1.713913998205	0.080092
5	26818	1.714002673402	0.078976
5	26828	1.714937342107	0.078837
5	26832	1.714981515943	0.078731
5	26845	1.715932214313	0.078727
5	26849	1.715963217457	0.078835
5	26859	1.716904071893	0.078733
5	26863	1.716931450093	0.078744
5	26876	1.717904324991	0.080551
5	26880	1.717955123905	0.080636
5	26890	1.718915112703	0.079133
5	26894	1.718990461927	0.079047
5	26904	1.719881366475	0.078891
5	26911	1.720013336516	0.088785
5	26921	1.720887051794	0.080084
5	26928	1.720984961582	0.07903
5	26938	1.721865913782	0.079089
5	26945	1.721988051495	0.079045
5	26958	1.722871975141	0.078845
5	26962	1.722998164574	0.079019
5	26969	1.723846292146	0.078864
5	26976	1.724024163753	0.078787
5	26989	1.72488586262	0.07893
5	26996	1.725044334299	0.078765
5	27003	1.725865574284	0.07958
5	27007	1.726006391992	0.078935
5	27020	1.726847119975	0.078893
5	27027	1.726986614193	0.082533
5	27034	1.727892628908	0.078979
5	27038	1.727958667033	0.07898
5	27051	1.728882805427	0.078902
5	27058	1.728915353621	0.078924
5	27065	1.729847536172	0.088357
5	27069	1.729905070028	0.080032
5	27082	1.730832222593	0.081464
5	27086	1.730935674641	0.079677
5	27096	1.731813178895	0.079648
5	27100	1.731980046923	0.078795
5	27110	1.732797431303	0.07881
5	27120	1.73295758572	0.07883
5	27127	1.733764514223	0.078697
5	27131	1.73394322	0.078762
5	27141	1.734796993708	0.078798
5	27148	1.73491762814	0.078902
5	27158	1.735843733763	0.078644
5	27162	1.735931092163	0.078794
5	27172	1.736846967598	0.078736
5	27179	1.73695082253	0.078766
5	27189	1.737815442495	0.078886
5	27193	1.737948666976	0.080095
5	27206	1.738782695036	0.078724
5	27210	1.738908413346	0.078781
5	27220	1.739735373895	0.078876
5	27224	1.739944669817	0.0787
5	27231	1.740762402879	0.078675
5	27241	1.740952649023	0.078694
5	27254	1.741810328796	0.07944
5	27258	1.741906372372	0.078904
5	27271	1.742853744338	0.07877
5	27275	1.742874838143	0.078779
5	27285	1.743834281558	0.079401
5	27289	1.743862036881	0.078832
5	27299	1.744815209189	0.07869
5	27303	1.744853307083	0.078804
5	27316	1.7458465861	0.078766
5	27320	1.745853701836	0.078873
5	27333	1.746869035529	0.079003
5	27337	1.74689538371	0.078934
5	27347	1.747852783576	0.078861
5	27351	1.747879080912	0.078851
5	27364	1.748882750748	0.07884
5	27368	1.748894365286	0.078789
5	27378	1.749907623778	0.079046
5	27382	1.749916091206	0.080278
5	27397	1.750898546106	0.088617
5	27404	1.750955320146	0.079157
5	27411	1.751940798488	0.078892
5	27415	1.751975589818	0.07902
5	27428	1.752941600133	0.07908
5	27435	1.752980921392	0.079151
5	27442	1.753929365006	0.079007
5	27446	1.754013193898	0.078865
5	27459	1.754938333382	0.194614
5	27463	1.75499597733	0.08196
5	27473	1.755892069144	0.080832
5	27477	1.756023746797	0.080399
5	27490	1.756934554251	0.097879
5	27497	1.757057925972	0.079799
5	27504	1.757981844176	0.078948
5	27508	1.758058313399	0.078748
5	27524	1.758961969439	0.078916
5	27528	1.759072740428	0.078929
5	27535	1.759914073539	0.08803
5	27539	1.760051636307	0.080984
5	27558	1.760915704864	0.081084
5	27562	1.761082943595	0.078968
5	27569	1.761921110127	0.078969
5	27573	1.762120332338	0.079093
5	27589	1.762898704476	0.078749
5	27593	1.763080983327	0.079007
5	27600	1.763918606591	0.078727
5	27604	1.764048622377	0.078712
5	27620	1.764894674725	0.078819
5	27624	1.765035175994	0.078771
5	27631	1.765940866329	0.079344
5	27635	1.766083420631	0.080899
5	27651	1.766906985129	0.08028
5	27655	1.767095241011	0.080241
5	27662	1.767925624871	0.081222
5	27666	1.76804939869	0.086168
5	27679	1.768926531168	0.079477
5	27686	1.769009227483	0.092719
5	27693	1.769916832911	0.095511
5	27697	1.769986361669	0.078885
5	27710	1.770945562651	0.079006
5	27714	1.770954645314	0.078735
5	27724	1.771962005541	0.078764
5	27728	1.771973441832	0.080115
5	27744	1.772924060434	0.078809
5	27748	1.772963557276	0.078732
5	27755	1.77394816671	0.078861
5	27759	1.773950257714	0.078906
5	27775	1.774924399849	0.078852
5	27779	1.774934418361	0.078917
5	27786	1.775942298269	0.078768
5	27790	1.7759469521	0.078902
5	27806	1.776925062755	0.078778
5	27810	1.776937325437	0.078669
5	27817	1.77789413078	0.078826
5	27821	1.777914381999	0.078852
5	27834	1.778863548647	0.079982
5	27838	1.778885719874	0.078921
5	27851	1.779860220454	0.078924
5	27855	1.779867761432	0.079159
5	27865	1.780828667341	0.089439
5	27869	1.780875575992	0.080074
5	27879	1.781834369162	0.079462
5	27883	1.781900787024	0.078847
5	27899	1.782837917327	0.078926
5	27903	1.782854001796	0.078817
5	27913	1.783814529589	0.078715
5	27917	1.783838021118	0.079913
5	27927	1.784796233105	0.078868
5	27934	1.784829715607	0.079027
5	27944	1.785759487434	0.078831
5	27948	1.785793555147	0.078873
5	27961	1.786726334006	0.07861
5	27965	1.786789483553	0.07888
5	27975	1.787720788628	0.078798
5	27979	1.787777684533	0.078875
5	27992	1.788766913733	0.078677
5	27996	1.788813538732	0.078803
5	28009	1.789774881824	0.078741
5	28013	1.78978213801	0.078728
5	28023	1.790751796398	0.079949
5	28027	1.790779747287	0.07874
5	28037	1.791735308823	0.088168
5	28041	1.791736778533	0.084237
5	28054	1.792716047012	0.079219
5	28058	1.792721945551	0.079039
5	28071	1.793682915529	0.078808
5	28075	1.793761435877	0.078809
5	28082	1.794683541607	0.078847
5	28089	1.794763240335	0.078759
5	28099	1.79570653136	0.078828
5	28103	1.795754229336	0.078771
5	28116	1.79667030904	0.079531
5	28120	1.796743107273	0.07889
5	28133	1.79766968336	0.078858
5	28137	1.797742065032	0.079
5	28144	1.798700478338	0.078783
5	28148	1.798704586558	0.078504
5	28164	1.799719788517	0.078593
5	28168	1.799720644806	0.078618
5	28175	1.800689159225	0.081968
5	28179	1.800735620423	0.080057
5	28195	1.801647918691	0.0792
5	28199	1.801716048366	0.079078
5	28209	1.802687477386	0.089507
5	28213	1.802693391355	0.080105
5	28226	1.803673452874	0.079113
5	28230	1.803675047442	0.078736
5	28240	1.80468766132	0.081102
5	28244	1.804706670184	0.08074
5	28257	1.805646789953	0.079822
5	28261	1.805754036416	0.079051
5	28271	1.806669860427	0.078879
5	28278	1.806761221399	0.078859
5	28288	1.807668825734	0.078796
5	28292	1.80779575607	0.078809
5	28302	1.808624170995	0.080214
5	28309	1.808821054052	0.078999
5	28319	1.80962411154	0.078863
5	28326	1.809849268713	0.078799
5	28333	1.8105993911	0.078823
5	28340	1.810809595604	0.078858
5	28350	1.811626845365	0.078842
5	28357	1.811784690038	0.078901
5	28364	1.812594962015	0.078828
5	28371	1.812756750061	0.078829
5	28384	1.813592109198	0.078775
5	28388	1.813738266104	0.078745
5	28395	1.814563185796	0.088823
5	28402	1.814696495091	0.085913
5	28412	1.815527698328	0.080483
5	28416	1.81567612228	0.079867
5	28426	1.816507465289	0.078949
5	28430	1.816633582897	0.078982
5	28443	1.81747449682	0.07887
5	28447	1.81760832241	0.0788
5	28457	1.818458718602	0.078906
5	28461	1.818578126535	0.078858
5	28474	1.819459486869	0.078826
5	28478	1.819576314961	0.078745
5	28488	1.820506164734	0.078709
5	28492	1.820537946144	0.078714
5	28508	1.821491893278	0.079074
5	28512	1.821533262289	0.078821
5	28522	1.822480039865	0.078763
5	28526	1.822562642074	0.078591
5	28539	1.823461059001	0.078734
5	28543	1.823610302062	0.08861
5	28553	1.824454512949	0.079577
5	28557	1.82460477182	0.078831
5	28570	1.825486682668	0.078794
5	28574	1.825643119272	0.078965
5	28584	1.826474683546	0.078745
5	28588	1.826681982901	0.078719
5	28598	1.827447514757	0.079905
5	28605	1.827701977333	0.078895
5	28615	1.828413195144	0.084277
5	28619	1.828658456794	0.080432
5	28629	1.829408810099	0.094826
5	28633	1.829643522246	0.080112
5	28646	1.830416578996	0.079017
5	28650	1.830684828497	0.078938
5	28660	1.831432443058	0.078867
5	28667	1.831668023721	0.078781
5	28677	1.832465753564	0.078952
5	28681	1.832658316906	0.078734
5	28688	1.833464800292	0.079933
5	28698	1.833693244131	0.078845
5	28708	1.834421746064	0.078898
5	28712	1.834660814693	0.078745
5	28722	1.835404099812	0.087721
5	28729	1.835697008902	0.079607
5	28739	1.836401551657	0.078962
5	28743	1.836667395261	0.078683
5	28753	1.837391106749	0.084604
5	28763	1.837641545469	0.078787
5	28770	1.838353144843	0.078714
5	28774	1.83865838435	0.078845
5	28781	1.839303586407	0.078711
5	28794	1.839673924987	0.079961
5	28798	1.840275163961	0.07877
5	28805	1.840673028776	0.078998
5	28812	1.841276515694	0.342229
5	28828	1.841625238165	0.209712
5	28832	1.842302263794	0.202017
5	28839	1.842609629608	0.38553
5	28852	1.843350402584	0.24875
5	28856	1.843582065523	0.233664
5	28863	1.844359141241	0.193464
5	28870	1.844581402663	0.192263
5	28880	1.84540441686	0.190794
5	28887	1.845541109201	0.19101
5	28897	1.846436182587	0.236796
5	28901	1.846530504462	0.193622
5	28911	1.847480545451	0.18896
5	28915	1.84750810088	0.117609
5	28928	1.848495028466	0.118731
5	28932	1.84850767811	0.1188
5	28942	1.849478733674	0.118186
5	28946	1.849500712676	0.117532
5	28959	1.850442449833	0.118862
5	28963	1.850506301218	0.119444
5	28973	1.851420345934	0.118781
5	28977	1.851544187903	0.118372
5	28990	1.852453795698	0.118378
5	28994	1.852552609269	0.117463
5	29004	1.853415319117	0.243353
5	29008	1.85357354927	0.10362
5	29018	1.85437540692	0.086053
5	29025	1.854597368482	0.079399
5	29032	1.855330765073	0.079536
5	29039	1.855599434305	0.079622
5	29049	1.856335590676	0.07942
5	29056	1.856635751574	0.079332
5	29063	1.857291552889	0.079375
5	29073	1.857643946864	0.07902
5	29080	1.85831376498	0.079067
5	29090	1.858645406217	0.078957
5	29094	1.859297057256	0.079009
5	29104	1.859672929876	0.079
5	29114	1.860303093344	0.080166
5	29121	1.860651430572	0.079047
5	29125	1.861316182387	0.07889
5	29138	1.861663431707	0.08067
5	29145	1.862297515666	0.079242
5	29155	1.86269228377	0.079305
5	29162	1.863283441736	0.079145
5	29169	1.863707435282	0.079107
5	29182	1.86430127822	0.078936
5	29186	1.86468774814	0.078916
5	29196	1.865278602542	0.079027
5	29200	1.865674947273	0.080094
5	29213	1.866326101793	0.078901
5	29217	1.866722266459	0.079071
5	29227	1.867287762356	0.078834
5	29231	1.867693203019	0.078729
5	29244	1.868278516486	0.078871
5	29248	1.868729747965	0.078929
5	29255	1.869320167693	0.078958
5	29262	1.869751051814	0.078953
5	29272	1.8702932853	0.078977
5	29279	1.870702155833	0.078739
5	29286	1.871298006468	0.078901
5	29293	1.871667302447	0.078938
5	29300	1.872263628693	0.080683
5	29313	1.872654874353	0.09141
5	29317	1.873232778041	0.081272
5	29324	1.873641857211	0.080808
5	29331	1.874262907528	0.080574
5	29344	1.874644177052	0.079066
5	29351	1.875264246158	0.079092
5	29355	1.875619369384	0.078905
5	29365	1.876283401342	0.086616
5	29375	1.876582152458	0.080189
5	29382	1.877234674712	0.079078
5	29386	1.877552595636	0.087162
5	29399	1.878260964008	0.080934
5	29406	1.878509603858	0.079071
5	29413	1.879294034059	0.078912
5	29417	1.879558142278	0.078771
5	29430	1.88033703719	0.0788
5	29440	1.880571060913	0.079245
5	29447	1.881375381017	0.078852
5	29451	1.881581030059	0.078831
5	29464	1.882396705461	0.078839
5	29471	1.882547181712	0.078561
5	29478	1.883396433687	0.078713
5	29482	1.883541070079	0.088858
5	29498	1.884378890121	0.081173
5	29502	1.88452141467	0.083537
5	29506	1.885355922941	0.078904
5	29513	1.885544290869	0.079052
5	29529	1.886400879316	0.079087
5	29533	1.886542922443	0.078889
5	29537	1.887447964211	0.078905
5	29544	1.887505341169	0.078675
5	29560	1.888456544142	0.078931
5	29564	1.888533597097	0.078834
5	29571	1.889488374304	0.078847
5	29575	1.88949749469	0.078883
5	29591	1.890453743234	0.078666
5	29595	1.89050586479	0.079987
5	29602	1.89149051238	0.078891
5	29606	1.891553208901	0.078906
5	29622	1.892470052308	0.078744
5	29626	1.892542288381	0.078818
5	29633	1.893507701262	0.078872
5	29637	1.8935248033	0.078832
5	29653	1.894508658705	0.078858
5	29657	1.89455476641	0.078788
5	29664	1.895488799088	0.078907
5	29668	1.895534590771	0.087724
5	29684	1.896510951248	0.079688
5	29688	1.896566160027	0.079136
5	29695	1.897479786167	0.080628
5	29699	1.89752640101	0.080461
5	29715	1.898505484459	0.080066
5	29719	1.89853378742	0.07883
5	29726	1.899523058763	0.078908
5	29730	1.899533083277	0.07899
5	29749	1.90049550605	0.07941
5	29753	1.900560720634	0.090062
5	29760	1.901485218434	0.07996
5	29764	1.901544420273	0.079327
5	29774	1.902488019539	0.078933
5	29778	1.902548541345	0.079292
5	29791	1.903490158397	0.078968
5	29795	1.903546673312	0.078799
5	29811	1.904515822763	0.078782
5	29815	1.904594941517	0.07876
5	29822	1.905545278762	0.078771
5	29826	1.905586118778	0.078835
5	29842	1.906585794635	0.07885
5	29846	1.906608611426	0.087724
5	29856	1.907580213654	0.079699
5	29860	1.907594119549	0.082962
5	29870	1.908531067898	0.078904
5	29874	1.908613517343	0.07877
5	29884	1.909550223916	0.080207
5	29891	1.909636766798	0.078882
5	29904	1.910584059325	0.078776
5	29908	1.910654277607	0.078838
5	29912	1.911555690194	0.07891
5	29919	1.911673374532	0.082518
5	29932	1.912598006312	0.080649
5	29939	1.91266052565	0.079034
5	29946	1.913592470924	0.078859
5	29950	1.913690520939	0.078784
5	29966	1.91462295478	0.078704
5	29970	1.914665565642	0.078772
5	29980	1.915645558425	0.078872
5	29984	1.91566734384	0.079887
5	29994	1.91663208017	0.078842
5	29998	1.916651956328	0.078822
5	30008	1.917608245086	0.112114
5	30012	1.917619542976	0.122154
5	30025	1.918610743207	0.112536
5	30029	1.918611504436	0.101931
5	30039	1.919593335187	0.114076
5	30043	1.919625973206	0.12668
5	30056	1.920588651567	0.124395
5	30060	1.920642449433	0.156522
5	30073	1.921574225319	0.081188
5	30077	1.921653317812	0.079382
5	30090	1.922588252195	0.111505
5	30094	1.922684978991	0.128135
5	30104	1.923635681472	0.121685
5	30108	1.923669954994	0.120545
5	30121	1.924588344976	0.119584
5	30125	1.924632881486	0.119843
5	30135	1.925601224158	0.119241
5	30139	1.925615339235	0.119784
5	30152	1.926607675203	0.131912
5	30156	1.926607682408	0.121422
5	30172	1.927606302908	0.119522
5	30176	1.927640949297	0.119891
5	30183	1.928602135591	0.119343
5	30187	1.928640113259	0.119356
5	30203	1.929625686937	0.123512
5	30207	1.929630154055	0.120479
5	30214	1.930601393828	0.120279
5	30218	1.930612149759	0.120737
5	30234	1.931601628223	0.121829
5	30238	1.931612161124	0.121735
5	30245	1.932576078319	0.080388
5	30249	1.932633929181	0.080368
5	30265	1.933600264602	0.080932
5	30269	1.93364968218	0.080969
5	30276	1.934593678086	0.080491
5	30280	1.934662657835	0.080638
5	30296	1.93557189315	0.079364
5	30300	1.935682315227	0.079538
5	30307	1.936584575824	0.079214
5	30311	1.9366799607	0.081156
5	30321	1.937553076057	0.080328
5	30334	1.937699581949	0.080536
5	30338	1.938519349265	0.08052
5	30342	1.938705007636	0.11863
5	30355	1.939514810676	0.091171
5	30365	1.939711363142	0.081577
5	30369	1.940476672362	0.080813
5	30373	1.940736373698	0.090349
5	30392	1.941516504508	0.080178
5	30396	1.941690455436	0.079501
5	30403	1.942531062965	0.079331
5	30407	1.942671834814	0.079072
5	30426	1.943560089302	0.078845
5	30430	1.943657459466	0.079397
5	30434	1.944546980583	0.079165
5	30438	1.94461095158	0.088799
5	30451	1.945566037998	0.08006
5	30461	1.945610175584	0.079165
5	30465	1.946542277469	0.078873
5	30469	1.946655480412	0.079073
5	30488	1.94758577322	0.078923
5	30492	1.947617774453	0.091209
5	30496	1.948569570496	0.079692
5	30500	1.948577229141	0.07943
5	30519	1.949547274285	0.079292
5	30523	1.949613860743	0.078838
5	30527	1.95050135823	0.07884
5	30531	1.950577481648	0.078881
5	30547	1.951483057272	0.078945
5	30554	1.951591736941	0.080013
5	30558	1.952525974488	0.078804
5	30562	1.952638389108	0.078896
5	30578	1.953499639543	0.078752
5	30585	1.95361003632	0.078926
5	30589	1.9544903104	0.078895
5	30593	1.954658735895	0.078779
5	30609	1.955516401175	0.079042
5	30613	1.955623633272	0.078812
5	30620	1.956525242317	0.078662
5	30624	1.956662902607	0.078851
5	30640	1.957544325456	0.078703
5	30644	1.957681497662	0.078739
5	30651	1.958519938052	0.078843
5	30655	1.958658222997	0.167992
5	30668	1.959507364849	0.089607
5	30675	1.959644331375	0.079793
5	30682	1.960552291003	0.078841
5	30686	1.960659549029	0.079047
5	30702	1.961527569049	0.086514
5	30709	1.961694303549	0.079749
5	30716	1.962532925904	0.079171
5	30720	1.962724242576	0.080282
5	30730	1.96349896401	0.078812
5	30740	1.963758767208	0.078652
5	30747	1.964494284579	0.079121
5	30754	1.964781018641	0.078973
5	30764	1.965517296061	0.078795
5	30774	1.965759533507	0.078802
5	30778	1.966548160819	0.078954
5	30785	1.966785051564	0.078837
5	30795	1.967556608322	0.078898
5	30805	1.967790440404	0.078879
5	30809	1.96859775076	0.078863
5	30819	1.96877889617	0.07905
5	30829	1.969615408351	0.080112
5	30836	1.969807513421	0.078826
5	30840	1.970593309134	0.08797
5	30850	1.970821752259	0.079563
5	30857	1.971621001306	0.078921
5	30864	1.971802338533	0.079063
5	30871	1.97259459264	0.078901
5	30878	1.972757416664	0.078933
5	30888	1.973553255523	0.078833
5	30898	1.973780082737	0.078756
5	30902	1.974506698156	0.078674
5	30912	1.974809313054	0.078923
5	30919	1.975547298661	0.078788
5	30926	1.975787775692	0.080727
5	30933	1.976535860252	0.080282
5	30937	1.97677337775	0.080303
5	30950	1.977546499318	0.080316
5	30957	1.977778253859	0.0804
5	30964	1.978511514479	0.080229
5	30968	1.978732130353	0.079125
5	30978	1.979466399767	0.07885
5	30988	1.979764619248	0.078818
5	30995	1.980514167639	0.07893
5	30999	1.980797027126	0.078948
5	31015	1.981475229905	0.088217
5	31022	1.981766788191	0.081252
5	31029	1.982520014228	0.089848
5	31033	1.982747182564	0.079941
5	31046	1.983487029698	0.079285
5	31053	1.983724903709	0.078732
5	31060	1.984494792104	0.078916
5	31064	1.984746242112	0.078983
5	31077	1.985448194616	0.078803
5	31084	1.985701855836	0.078781
5	31091	1.986450090154	0.078949
5	31095	1.986660046684	0.078771
5	31108	1.98746173185	0.078875
5	31112	1.987653268362	0.079046
5	31122	1.988498075202	0.078831
5	31126	1.988699775358	0.07883
5	31139	1.989537557647	0.07865
5	31146	1.989658336501	0.082849
5	31153	1.990502419971	0.079073
5	31157	1.990696659761	0.07884
5	31170	1.991524387079	0.087494
5	31177	1.991689822346	0.079881
5	31184	1.992497606909	0.079026
5	31188	1.992733596753	0.078773
5	31201	1.993453527067	0.078953
5	31208	1.993710537621	0.078807
5	31215	1.994488383347	0.080042
5	31219	1.99468297615	0.079151
5	31232	1.995523778308	0.078792
5	31239	1.995636919555	0.078895
5	31246	1.996551608834	0.07886
5	31250	1.996631878086	0.07884
5	31263	1.997586148344	0.078853
5	31267	1.997651199331	0.078756
5	31277	1.998616411946	0.078951
5	31281	1.998622699128	0.078696
5	31294	1.999626431766	0.078844
5	31298	1.999647572585	0.078913
5	31310	2.000621431716	0.088023
5	31314	2.000657706043	0.081124
5	31330	2.001614527491	0.08412
5	31334	2.00167829357	0.080088
5	31344	2.002596868332	0.079504
5	31348	2.002696521565	0.089558
5	31355	2.003585289231	0.080783
5	31359	2.003697849643	0.079306
5	31375	2.004596695487	0.169482
5	31379	2.004668247639	0.225204
5	31386	2.00556077996	0.086588
5	31396	2.005701039461	0.080087
5	31406	2.006568415019	0.079061
5	31410	2.006660626391	0.080052
5	31423	2.007583959659	0.079532
5	31427	2.007677445846	0.113735
5	31437	2.008582083355	0.086192
5	31441	2.008723869593	0.080353
5	31451	2.009584935787	0.079446
5	31458	2.009717652204	0.078997
5	31468	2.010572899118	0.078906
5	31472	2.010717762825	0.079023
5	31485	2.011581937301	0.078995
5	31489	2.011722115645	0.078825
5	31499	2.012587061626	0.079615
5	31503	2.012725645204	0.078884
5	31510	2.013539714939	0.079174
5	31520	2.013737566741	0.07881
5	31527	2.014570624171	0.078858
5	31534	2.014762915459	0.078868
5	31544	2.015546737293	0.07875
5	31548	2.015719938587	0.078878
5	31558	2.016557721577	0.078931
5	31565	2.016676520397	0.078819
5	31575	2.017582051574	0.093563
5	31579	2.017669410906	0.079889
5	31589	2.01856826623	0.079453
5	31596	2.018655878892	0.080263
5	31603	2.019610668176	0.078917
5	31610	2.019654089256	0.078869
5	31620	2.020589521956	0.07888
5	31627	2.020687599885	0.078831
5	31640	2.021618571793	0.079534
5	31644	2.021708177823	0.07913
5	31657	2.022667983568	0.087559
5	31661	2.022741013556	0.079874
5	31671	2.023641044014	0.079484
5	31675	2.023698447265	0.079366
5	31685	2.024676009399	0.080462
5	31689	2.024706995124	0.078862
5	31702	2.025687251516	0.079274
5	31706	2.025720396683	0.079472
5	31719	2.026695321258	0.080388
5	31723	2.026763373927	0.079674
5	31733	2.027685664577	0.078929
5	31737	2.027805489059	0.078749
5	31747	2.028729651479	0.089547
5	31754	2.028844318869	0.07978
5	31764	2.029682414676	0.079612
5	31768	2.029798041927	0.079274
5	31778	2.030716362001	0.079192
5	31782	2.030757110955	0.085725
5	31795	2.031688724986	0.080409
5	31799	2.031795994929	0.080363
5	31809	2.032680974102	0.078904
5	31813	2.032826998494	0.078871
5	31826	2.03369714826	0.078905
5	31830	2.033849440285	0.078972
5	31840	2.034722595015	0.079175
5	31844	2.034872780442	0.079104
5	31857	2.035706798707	0.078891
5	31861	2.035918740042	0.079237
5	31871	2.036711390094	0.078806
5	31881	2.03691836749	0.078919
5	31888	2.037669677266	0.080303
5	31892	2.037953640932	0.078999
5	31902	2.038714479199	0.078902
5	31912	2.038963501976	0.078916
5	31919	2.039749557284	0.078952
5	31923	2.039989063462	0.088271
5	31933	2.040774066557	0.079767
5	31940	2.041013218319	0.079584
5	31953	2.041736785916	0.079549
5	31957	2.0420609914	0.079081
5	31967	2.042706215144	0.078917
5	31977	2.043067499771	0.078991
5	31984	2.043698102128	0.080646
5	31988	2.044079657356	0.081854
5	31998	2.044662240542	0.084867
5	32008	2.045064933463	0.080539
5	32015	2.045668423176	0.080481
5	32019	2.04611222913	0.080715
5	32029	2.046708511942	0.079451
5	32039	2.047074445568	0.079285
5	32046	2.04771883092	0.080016
5	32050	2.048062043413	0.079811
5	32063	2.048728530005	0.079907
5	32067	2.049031310228	0.079199
5	32077	2.049752378059	0.0789
5	32081	2.050048546272	0.078935
5	32094	2.050778709629	0.079254
5	32098	2.05105170063	0.091029
5	32108	2.051768641857	0.080376
5	32115	2.052077660667	0.079324
5	32125	2.052813449398	0.079366
5	32129	2.053098435777	0.07906
5	32139	2.053832880328	0.078845
5	32146	2.054059152828	0.080329
5	32156	2.054853215387	0.079286
5	32160	2.055080812349	0.079408
5	32170	2.055814312771	0.078861
5	32177	2.056036520648	0.081365
5	32184	2.056774489365	0.080624
5	32191	2.057070159845	0.080194
5	32201	2.057726672648	0.07914
5	32205	2.058108969105	0.079313
5	32215	2.058699818234	0.078812
5	32222	2.059122613148	0.079127
5	32232	2.05968028889	0.079647
5	32239	2.060125003422	0.078752
5	32243	2.060633438342	0.078988
5	32253	2.061075046245	0.079169
5	32263	2.06159702797	0.080979
5	32270	2.062068824889	0.089282
5	32277	2.062618669002	0.082194
5	32287	2.063037917717	0.080353
5	32294	2.063652420783	0.079353
5	32304	2.06401515697	0.085949
5	32308	2.06462904144	0.080435
5	32318	2.065038529129	0.079244
5	32322	2.065644894067	0.079168
5	32335	2.066000403375	0.078911
5	32342	2.066694074874	0.079034
5	32346	2.06695699874	0.078826
5	32356	2.067691544742	0.080005
5	32363	2.067965248511	0.078888
5	32370	2.068642645353	0.078904
5	32377	2.069013634685	0.078957
5	32387	2.069658895173	0.079135
5	32397	2.070048377743	0.079526
5	32401	2.070694323731	0.079231
5	32408	2.071034648216	0.079036
5	32418	2.071670675515	0.079067
5	32428	2.072058749983	0.079247
5	32432	2.072701736973	0.079135
5	32439	2.073092179594	0.079045
5	32449	2.073720993322	0.087848
5	32459	2.074088064426	0.08184
5	32463	2.07472315956	0.080645
5	32470	2.075080886884	0.080497
5	32480	2.075725713533	0.079369
5	32487	2.076046901456	0.079113
5	32494	2.076700045016	0.085721
5	32501	2.077041796183	0.079236
5	32511	2.077689264165	0.07903
5	32521	2.078053480975	0.079001
5	32525	2.078734109183	0.078806
5	32532	2.079066092903	0.078936
5	32542	2.079705915592	0.078978
5	32549	2.080062197985	0.078776
5	32556	2.080735347735	0.078728
5	32563	2.081100252896	0.07891
5	32579	2.081770843103	0.081319
5	32583	2.082065260754	0.080767
5	32590	2.082754243793	0.080298
5	32594	2.083016359118	0.080195
5	32610	2.083756040219	0.079237
5	32617	2.083993346597	0.078625
5	32621	2.084774741679	0.087704
5	32625	2.084952252546	0.080147
5	32641	2.085770976825	0.079286
5	32645	2.085905227915	0.079363
5	32652	2.086729777048	0.079194
5	32656	2.086868208766	0.079215
5	32669	2.087706112379	0.080462
5	32676	2.087858279307	0.079167
5	32683	2.088674402988	0.079107
5	32687	2.088814370364	0.080016
5	32700	2.089698798148	0.08142
5	32704	2.089813542191	0.081491
5	32714	2.090668869247	0.080188
5	32718	2.090803087245	0.079538
5	32731	2.091696679154	0.07987
5	32735	2.091820193362	0.079439
5	32745	2.092697544899	0.079418
5	32749	2.092811992778	0.079796
5	32762	2.093744934104	0.080171
5	32766	2.093812658157	0.080758
5	32776	2.094791304313	0.079302
5	32780	2.094816065439	0.07933
5	32793	2.095742403113	0.079329
5	32797	2.095768729636	0.079286
5	32807	2.0967848773	0.082065
5	32811	2.096802031712	0.079513
5	32824	2.097763157526	0.079648
5	32828	2.097799588502	0.08024
5	32838	2.098759035223	0.083497
5	32842	2.098845363493	0.087119
5	32855	2.09972582656	0.083213
5	32859	2.099807473564	0.085445
5	32869	2.100730098805	0.08426
5	32873	2.100777320582	0.084241
5	32889	2.101695261998	0.08617
5	32893	2.101770951755	0.084904
5	32903	2.102728566639	0.082489
5	32907	2.102772796238	0.081095
5	32920	2.103683452233	0.081975
5	32924	2.103766123405	0.081065
5	32934	2.104711417418	0.081702
5	32938	2.104755598172	0.080643
5	32951	2.105661617361	0.099391
5	32955	2.105724899989	0.082417
5	32965	2.106648046081	0.082123
5	32969	2.10676253015	0.080483
5	32979	2.107643902101	0.08003
5	32986	2.107797293677	0.079667
5	32996	2.108680675206	0.07943
5	33000	2.108784123913	0.079099
5	33010	2.109729634301	0.079284
5	33017	2.109832758453	0.079966
5	33027	2.110759163095	0.07959
5	33034	2.110787457621	0.078935
5	33041	2.11171966586	0.078999
5	33048	2.111808263936	0.080642
5	33061	2.112731308754	0.078963
5	33065	2.112814883244	0.079072
5	33075	2.113720230276	0.079062
5	33079	2.113826511568	0.079523
5	33092	2.114670773632	0.078944
5	33096	2.114828867458	0.079249
5	33106	2.115639100759	0.079164
5	33110	2.115839016625	0.079324
5	33120	2.116597547493	0.079132
5	33127	2.116857041872	0.089103
5	33137	2.117623317001	0.081288
5	33141	2.117906425976	0.079799
5	33151	2.118622251006	0.081277
5	33158	2.118932986311	0.082257
5	33168	2.119600487363	0.082392
5	33172	2.119980575304	0.081223
5	33185	2.120595766008	0.079983
5	33189	2.120995366348	0.088113
5	33196	2.121645575657	0.079542
5	33206	2.121980431114	0.081751
5	33219	2.122693876767	0.080746
5	33223	2.122959040465	0.082503
5	33233	2.123725632257	0.087396
5	33237	2.123997036923	0.08647
5	33250	2.124694788718	0.087563
5	33254	2.124961406981	0.082883
5	33264	2.125665632991	0.081502
5	33268	2.126006891483	0.093194
5	33281	2.126703727328	0.083776
5	33285	2.1269691536	0.080696
5	33295	2.127680959186	0.080321
5	33302	2.127950899168	0.079559
5	33312	2.128631185008	0.080027
5	33316	2.128973874302	0.080531
5	33326	2.129609994857	0.080389
5	33333	2.12994947484	0.082946
5	33343	2.130642078576	0.081826
5	33347	2.130915143628	0.082592
5	33360	2.131639779645	0.08078
5	33364	2.131885769275	0.080128
5	33374	2.132637995013	0.080873
5	33378	2.132916684451	0.081013
5	33388	2.13361939	0.080576
5	33395	2.133894672263	0.082245
5	33405	2.134637896486	0.081236
5	33409	2.134878964801	0.080614
5	33419	2.135592487842	0.080132
5	33426	2.135858802753	0.080966
5	33436	2.136556226085	0.079108
5	33440	2.136888587904	0.089946
5	33450	2.137549038527	0.080418
5	33460	2.137907046801	0.079428
5	33467	2.138569889155	0.079391
5	33471	2.138910418632	0.079359
5	33481	2.139606103262	0.079601
5	33494	2.139934616916	0.078798
5	33498	2.14057343603	0.078941
5	33502	2.140917561763	0.078777
5	33515	2.141587770662	0.080445
5	33525	2.141873779523	0.089274
5	33532	2.142626523229	0.079379
5	33536	2.142841604653	0.079516
5	33546	2.143603674962	0.079209
5	33556	2.143861327268	0.078997
5	33563	2.144628931446	0.079021
5	33567	2.144854440805	0.079424
5	33580	2.145666590843	0.079428
5	33587	2.145869639077	0.079031
5	33594	2.146706623488	0.088969
5	33598	2.14686498814	0.080155
5	33611	2.147725834998	0.079076
5	33615	2.147841955021	0.080427
5	33625	2.148702364062	0.078883
5	33629	2.148804096564	0.079012
5	33639	2.149673020274	0.079438
5	33646	2.149851952885	0.079263
5	33656	2.15063083827	0.07905
5	33660	2.150878997566	0.079124
5	33673	2.151601450673	0.079202
5	33677	2.151890211726	0.079132
5	33687	2.152573787925	0.078927
5	33691	2.15286617444	0.079033
5	33701	2.153574169923	0.079056
5	33708	2.153816787526	0.079143
5	33718	2.15458860779	0.079414
5	33722	2.15478927073	0.078777
5	33732	2.155595573055	0.079023
5	33739	2.155797920335	0.079185
5	33749	2.156624893451	0.078759
5	33753	2.156781664737	0.078724
5	33763	2.157611666557	0.07903
5	33767	2.15781635992	0.079129
5	33780	2.158593913517	0.088574
5	33784	2.158779161191	0.082371
5	33794	2.159592894334	0.080573
5	33798	2.159820087161	0.0789
5	33811	2.160615603923	0.078908
5	33815	2.160834018106	0.078929
5	33828	2.16158101007	0.079557
5	33832	2.161815903981	0.079347
5	33845	2.162624143575	0.07952
5	33849	2.162812571934	0.079506
5	33859	2.16359321245	0.079274
5	33863	2.163847604585	0.078987
5	33876	2.16463203471	0.078759
5	33880	2.164860252816	0.085069
5	33890	2.165587343976	0.079504
5	33894	2.165907548226	0.079217
5	33907	2.166551331879	0.080678
5	33911	2.166924495031	0.079314
5	33921	2.167555798479	0.079116
5	33931	2.167965337282	0.082065
5	33938	2.168589571367	0.079934
5	33942	2.168929967365	0.079715
5	33952	2.169544698708	0.079243
5	33956	2.169896101367	0.079409
5	33969	2.170569172455	0.079927
5	33973	2.170934320758	0.078971
5	33983	2.171573789474	0.079436
5	33996	2.171890041914	0.079281
5	34000	2.172575695444	0.079762
5	34004	2.172860561481	0.079072
5	34014	2.173540459094	0.079479
5	34024	2.173908784865	0.079031
5	34031	2.174531861492	0.079278
5	34035	2.174877895818	0.078964
5	34045	2.175581356083	0.078896
5	34058	2.175890466394	0.078889
5	34062	2.17661762102	0.07947
5	34066	2.176880262383	0.079
5	34079	2.177574519501	0.078998
5	34086	2.177840105559	0.088194
5	34093	2.178563792749	0.080506
5	34097	2.178867582815	0.08283
5	34107	2.179588231883	0.09207
5	34120	2.179882135346	0.082227
5	34124	2.180591092779	0.080785
5	34128	2.180850020168	0.080618
5	34141	2.18155635193	0.081802
5	34148	2.181843144558	0.080816
5	34158	2.182602049918	0.079235
5	34162	2.182813418609	0.078877
5	34169	2.183584807996	0.078642
5	34182	2.183848417202	0.078804
5	34189	2.1845864459	0.078928
5	34193	2.184868307945	0.079967
5	34203	2.185613078731	0.079139
5	34210	2.185831917124	0.079095
5	34220	2.18657077006	0.079019
5	34224	2.186806734658	0.314831
5	34237	2.187589867613	0.254543
5	34241	2.18782374187	0.101951
5	34251	2.188626427863	0.083129
5	34255	2.188834296258	0.081062
5	34265	2.189599471078	0.079463
5	34272	2.189795872343	0.188843
5	34282	2.190570551906	0.171175
5	34286	2.1908226342	0.38213
5	34296	2.191563801355	0.143162
5	34306	2.191868615636	0.140313
5	34313	2.192526018016	0.139696
5	34317	2.19286067589	0.141846
5	34327	2.193536418824	0.145173
5	34337	2.193843705998	0.141305
5	34344	2.194511951567	0.158684
5	34348	2.194848384095	0.086936
5	34358	2.195492571281	0.080736
5	34368	2.195806637802	0.079431
5	34372	2.196473024889	0.079265
5	34379	2.196764568273	0.079222
5	34389	2.197452258532	0.079214
5	34399	2.197806905923	0.079052
5	34403	2.198439496222	0.079013
5	34410	2.198770128743	0.078989
5	34420	2.199478851297	0.078833
5	34430	2.199763127283	0.078718
5	34434	2.20043200529	0.078753
5	34441	2.200796465372	0.078745
5	34457	2.201456006886	0.07899
5	34464	2.201828531201	0.078926
5	34468	2.202473321792	0.078973
5	34475	2.202868899129	0.078708
5	34485	2.203457952302	0.092581
5	34495	2.203897986363	0.079951
5	34499	2.204468457467	0.079318
5	34506	2.204888074592	0.079136
5	34516	2.205499347598	0.078926
5	34526	2.205875196169	0.078806
5	34530	2.20651178311	0.078739
5	34537	2.206861251071	0.091643
5	34544	2.207469709862	0.080006
5	34557	2.207823262169	0.079057
5	34561	2.208489639792	0.078944
5	34568	2.208785530114	0.07887
5	34578	2.209458134799	0.078905
5	34585	2.209750601201	0.078865
5	34592	2.210415377535	0.078826
5	34596	2.210790466944	0.078908
5	34606	2.211389120878	0.078733
5	34616	2.21181346457	0.078825
5	34623	2.212428865894	0.078802
5	34627	2.212788403235	0.078919
5	34640	2.21342188747	0.081081
5	34647	2.213826518643	0.080183
5	34654	2.214440462595	0.079983
5	34658	2.214871392372	0.08784
5	34671	2.21541682098	0.079934
5	34681	2.215849449774	0.079318
5	34685	2.216410710013	0.078972
5	34689	2.216802893642	0.078729
5	34702	2.217405928114	0.078739
5	34709	2.217804496567	0.078707
5	34716	2.218366361569	0.078906
5	34723	2.218786721071	0.078836
5	34730	2.21940267711	0.079213
5	34737	2.219746176169	0.078749
5	34747	2.220371875922	0.078781
5	34754	2.22075334832	0.078721
5	34761	2.221418068555	0.07863
5	34777	2.221790799451	0.079038
5	34781	2.222394367557	0.078721
5	34788	2.222791799831	0.078916
5	34795	2.223370866205	0.083161
5	34805	2.223805617758	0.078869
5	34812	2.224382945836	0.078815
5	34819	2.22484185733	0.079014
5	34826	2.225347425378	0.080193
5	34836	2.225816718881	0.078909
5	34843	2.226316982879	0.088558
5	34850	2.226794204515	0.079769
5	34857	2.227362819767	0.079261
5	34867	2.227834024078	0.079026
5	34874	2.228411307601	0.07874
5	34881	2.228817644229	0.078884
5	34891	2.229384437958	0.078723
5	34898	2.229845381324	0.07891
5	34905	2.23037182512	0.078846
5	34912	2.230810836219	0.078643
5	34919	2.23135125339	0.078826
5	34929	2.231806101477	0.080011
5	34936	2.23233004959	0.078788
5	34943	2.232836421475	0.078892
5	34950	2.233322291719	0.078761
5	34960	2.23380457204	0.07872
5	34967	2.234277143437	0.078792
5	34974	2.234810629587	0.078886
5	34978	2.235240344637	0.078628
5	34988	2.235834944294	0.078615
5	34998	2.236226146577	0.087777
5	35005	2.236870833747	0.079823
5	35012	2.237196350183	0.079037
5	35019	2.237875417318	0.07891
5	35029	2.238185680568	0.079867
5	35036	2.238909625042	0.078793
5	35043	2.23921084887	0.081105
5	35047	2.239903819854	0.079381
5	35057	2.240211755695	0.079132
5	35067	2.240911776067	0.07874
5	35071	2.241239443346	0.078668
5	35084	2.241925022376	0.079106
5	35094	2.242231515597	0.078719
5	35101	2.242955115748	0.078844
5	35105	2.243209231793	0.078701
5	35115	2.243958455441	0.079116
5	35119	2.244199528114	0.078679
5	35132	2.244982849325	0.078805
5	35139	2.245178819625	0.078679
5	35146	2.246029721936	0.082567
5	35153	2.246186157408	0.084234
5	35163	2.247045639901	0.08181
5	35170	2.247230542683	0.089073
5	35180	2.247999673867	0.080383
5	35184	2.248196437351	0.079232
5	35194	2.249019479633	0.079063
5	35201	2.249201541638	0.078953
5	35208	2.249970181828	0.079128
5	35217	2.250199552803	0.101758
5	35227	2.2509406669	0.082531
5	35231	2.251182670712	0.081116
5	35238	2.251944412479	0.080613
5	35248	2.252142745759	0.080343
5	35258	2.25296365977	0.079034
5	35262	2.253114978886	0.07905
5	35269	2.253927446436	0.079065
5	35279	2.254159048045	0.079059
5	35289	2.254935538937	0.079048
5	35293	2.255140325995	0.078893
5	35303	2.255972948185	0.079061
5	35310	2.256148236123	0.083628
5	35320	2.256935718648	0.08325
5	35324	2.257104009176	0.079273
5	35337	2.257915003537	0.078936
5	35341	2.258111928989	0.078906
5	35351	2.258935455101	0.078883
5	35355	2.259156399778	0.07889
5	35368	2.259941021988	0.093003
5	35372	2.260184426427	0.080212
5	35379	2.260918644975	0.079142
5	35389	2.261145578405	0.090529
5	35399	2.261868686988	0.079837
5	35406	2.262178136093	0.08038
5	35413	2.262850706421	0.078856
5	35423	2.263173702063	0.078939
5	35427	2.263827311564	0.078787
5	35437	2.264156891244	0.078854
5	35444	2.264831732146	0.078933
5	35454	2.265150547254	0.092675
5	35458	2.265798118304	0.078881
5	35468	2.26615753255	0.07891
5	35475	2.266813616526	0.078952
5	35482	2.267171465547	0.079007
5	35489	2.267835645581	0.078891
5	35499	2.268157692978	0.078767
5	35503	2.268830247841	0.080823
5	35510	2.26911758263	0.08055
5	35523	2.269807725017	0.114943
5	35530	2.270100838412	0.088836
5	35534	2.270780661114	0.079635
5	35544	2.271139640778	0.078917
5	35554	2.271783552518	0.07919
5	35561	2.272177491682	0.079614
5	35565	2.272783021765	0.079146
5	35575	2.273207565784	0.07971
5	35585	2.273764656716	0.080268
5	35592	2.274165867818	0.080245
5	35596	2.274757504425	0.080248
5	35606	2.275200780443	0.07948
5	35613	2.27575264963	0.078886
5	35623	2.276184005509	0.078968
5	35627	2.276771557739	0.079612
5	35631	2.27719216778	0.079605
5	35644	2.277734723172	0.079101
5	35654	2.278208389628	0.079327
5	35658	2.278754328666	0.078894
5	35662	2.279209966385	0.079003
5	35672	2.279728831837	0.079172
5	35685	2.280243846629	0.079029
5	35689	2.280718998957	0.093692
5	35699	2.281260255687	0.081977
5	35712	2.281690775899	0.080624
5	35716	2.282216861575	0.079119
5	35723	2.282717457981	0.078848
5	35727	2.28317531845	0.078883
5	35737	2.283669412028	0.078907
5	35747	2.284186411259	0.078794
5	35754	2.284706885066	0.07879
5	35758	2.285145483648	0.078835
5	35768	2.285743951267	0.078951
5	35778	2.286191544172	0.078678
5	35785	2.286715253247	0.079738
5	35789	2.287210594364	0.08404
5	35799	2.287716021768	0.081919
5	35809	2.288238742973	0.081014
5	35816	2.288724127615	0.080835
5	35823	2.289212338044	0.080773
5	35830	2.289686418331	0.079766
5	35840	2.290225129744	0.079631
5	35847	2.290730926993	0.079444
5	35854	2.291248011389	0.079847
5	35861	2.291779295231	0.102014
5	35871	2.292281410187	0.08204
5	35878	2.292744338331	0.09113
5	35885	2.293296549822	0.081065
5	35892	2.293698743799	0.079678
5	35905	2.294327423703	0.079445
5	35909	2.294657101836	0.078827
5	35916	2.295339424204	0.079009
5	35920	2.295663316367	0.07884
5	35933	2.296317273008	0.078872
5	35940	2.296671524356	0.078874
5	35947	2.297339526083	0.078746
5	35954	2.297712010172	0.07892
5	35964	2.298351951201	0.078915
5	35971	2.298673982235	0.078844
5	35978	2.299347087909	0.079985
5	35985	2.299716710817	0.078906
5	35995	2.300334335751	0.082424
5	36002	2.300717813982	0.081728
5	36009	2.30128603308	0.089997
5	36016	2.301764340601	0.081971
5	36029	2.302319853881	0.08155
5	36033	2.302775350883	0.079495
5	36043	2.303335095329	0.080486
5	36047	2.303773184756	0.08867
5	36060	2.304288382806	0.079845
5	36067	2.304760965077	0.081032
5	36074	2.305271518867	0.080852
5	36081	2.30580624542	0.080265
5	36088	2.306243988484	0.078999
5	36101	2.306786827301	0.079018
5	36105	2.307249055533	0.078749
5	36109	2.307813632679	0.079015
5	36122	2.308282714777	0.078875
5	36132	2.308795315649	0.078826
5	36136	2.309239246948	0.078835
5	36140	2.309750184549	0.16428
5	36150	2.310264927918	0.107556
5	36157	2.310727015131	0.081609
5	36167	2.311215564312	0.079882
5	36171	2.311770590988	0.079392
5	36181	2.312208853768	0.079231
5	36191	2.312795111853	0.078825
5	36198	2.313174901017	0.078891
5	36205	2.313793449643	0.078985
5	36212	2.314171715993	0.078937
5	36222	2.314812895597	0.07904
5	36229	2.315133356155	0.079209
5	36236	2.315777616944	0.078749
5	36243	2.316159670379	0.079023
5	36253	2.316793534849	0.080009
5	36260	2.317126285834	0.078731
5	36267	2.317751275151	0.078787
5	36271	2.318145414908	0.078843
5	36284	2.318748368743	0.078905
5	36291	2.319163788761	0.089944
5	36298	2.319742791685	0.079886
5	36305	2.320171347711	0.079246
5	36315	2.320720540019	0.07894
5	36322	2.32117026118	0.079035
5	36329	2.321722333143	0.078865
5	36336	2.322211388857	0.078982
5	36349	2.32275053011	0.079759
5	36356	2.323177690616	0.0791
5	36363	2.323709306537	0.078958
5	36370	2.324135279162	0.078979
5	36380	2.324669958679	0.078908
5	36384	2.325112594711	0.078685
5	36394	2.325716738362	0.078963
5	36401	2.326088938181	0.078782
5	36411	2.326671209734	0.078947
5	36415	2.327122883461	0.078749
5	36425	2.327680126698	0.078927
5	36432	2.328146708418	0.089055
5	36442	2.328724446188	0.079832
5	36446	2.329146624677	0.079229
5	36456	2.329710562628	0.086726
5	36463	2.330107186031	0.079953
5	36473	2.330712447026	0.086677
5	36477	2.331112322164	0.079065
5	36487	2.331729402424	0.078919
5	36494	2.332069473613	0.078799
5	36504	2.332726470948	0.079096
5	36508	2.333108419473	0.078768
5	36518	2.333716978464	0.078917
5	36525	2.334146623989	0.079952
5	36532	2.334746391296	0.078944
5	36545	2.33517248006	0.078906
5	36549	2.335735343035	0.078827
5	36556	2.336182684116	0.078982
5	36563	2.336777473154	0.078745
5	36576	2.337221576124	0.078732
5	36580	2.337771009275	0.078792
5	36587	2.338211913109	0.089257
5	36591	2.338739103732	0.079533
5	36607	2.33919459265	0.079166
5	36611	2.339785230176	0.079163
5	36618	2.340175412011	0.07928
5	36628	2.340834428468	0.080391
5	36638	2.341192732948	0.079275
5	36645	2.341845397546	0.079149
5	36649	2.342145773697	0.079023
5	36659	2.342839769882	0.079782
5	36672	2.343192852407	0.079151
5	36676	2.343877088616	0.084087
5	36683	2.344207134782	0.08274
5	36693	2.344918589584	0.164995
5	36700	2.345181047601	0.092882
5	36710	2.345917474976	0.088125
5	36714	2.34622453195	0.087873
5	36724	2.346921366906	0.080082
5	36731	2.347177234383	0.079154
5	36741	2.34795669112	0.07938
5	36745	2.348136763228	0.079077
5	36758	2.348998427491	0.079409
5	36762	2.34910802076	0.078897
5	36772	2.350005507067	0.078933
5	36776	2.350082903958	0.078671
5	36786	2.350958207821	0.078814
5	36793	2.351060892628	0.079016
5	36803	2.35194400744	0.088849
5	36807	2.352099063528	0.07969
5	36820	2.352947139197	0.086421
5	36824	2.353074776651	0.07892
5	36834	2.353907831654	0.078869
5	36838	2.354029877273	0.088574
5	36848	2.354917099486	0.079694
5	36855	2.354987504354	0.079017
5	36865	2.355896803518	0.079272
5	36869	2.355959562297	0.079229
5	36879	2.356871013844	0.079057
5	36886	2.356934457455	0.07895
5	36896	2.357874541591	0.080091
5	36900	2.35790147005	0.078841
5	36910	2.358914416473	0.078904
5	36914	2.358933574655	0.078729
5	36927	2.359929720677	0.078879
5	36931	2.359966888152	0.078815
5	36941	2.360931459699	0.078893
5	36945	2.360981834678	0.078893
5	36958	2.361881512727	0.079112
5	36962	2.362008748738	0.079053
5	36978	2.362898542158	0.079831
5	36982	2.363019401095	0.079589
5	36989	2.363870478699	0.090932
5	36996	2.364046315395	0.08186
5	37009	2.364879609942	0.082011
5	37016	2.365077552834	0.080771
5	37023	2.365865498626	0.079784
5	37027	2.366094512319	0.079823
5	37037	2.366862966175	0.080674
5	37047	2.367128443487	0.07964
5	37054	2.367817534989	0.079266
5	37058	2.368094852354	0.079054
5	37068	2.36881346535	0.078692
5	37075	2.369072960163	0.078793
5	37085	2.369846438639	0.080205
5	37089	2.370050411479	0.08019
5	37099	2.37081057344	0.080286
5	37103	2.371036162262	0.080345
5	37116	2.371789551916	0.081479
5	37120	2.372030779852	0.081582
5	37130	2.372754323023	0.079987
5	37137	2.373021981313	0.079382
5	37147	2.373730348481	0.07896
5	37151	2.374037982346	0.078645
5	37161	2.374738427806	0.079308
5	37168	2.375079081743	0.094292
5	37178	2.375700511826	0.08031
5	37182	2.376089729986	0.080476
5	37192	2.376739217781	0.080538
5	37199	2.377056527595	0.080326
5	37209	2.377744388758	0.08056
5	37213	2.378011998694	0.080322
5	37223	2.37873190097	0.080274
5	37227	2.37902688136	0.078729
5	37240	2.379689861874	0.078822
5	37244	2.38004319842	0.079487
5	37254	2.380686571396	0.079837
5	37258	2.381077626473	0.079488
5	37271	2.381679547091	0.086011
5	37281	2.382048844974	0.081193
5	37288	2.382662713429	0.079265
5	37292	2.383067504141	0.078867
5	37305	2.383649221252	0.078746
5	37309	2.384045521602	0.07883
5	37319	2.384647995308	0.079149
5	37323	2.385017311026	0.078833
5	37336	2.385695098545	0.079212
5	37343	2.386065324347	0.08827
5	37350	2.38672300123	0.080087
5	37354	2.387099433989	0.079906
5	37367	2.387686160172	0.0803
5	37371	2.388105484748	0.083612
5	37381	2.388648393157	0.082601
5	37385	2.389059666567	0.079906
5	37398	2.389625293411	0.080195
5	37405	2.390070429273	0.080245
5	37412	2.39063648568	0.079054
5	37416	2.39102816848	0.079179
5	37429	2.391615544255	0.079365
5	37436	2.392064926206	0.080751
5	37443	2.392588347294	0.079194
5	37447	2.393088976549	0.079443
5	37460	2.393548310265	0.079119
5	37467	2.394089287248	0.080105
5	37474	2.394499350691	0.080209
5	37481	2.395078639444	0.079065
5	37488	2.395484292942	0.079109
5	37498	2.396045296023	0.089574
5	37505	2.396438159412	0.081021
5	37509	2.397021199266	0.079355
5	37519	2.397484081588	0.083676
5	37529	2.397980708581	0.0791
5	37536	2.398478742966	0.079177
5	37540	2.398989320799	0.079133
5	37550	2.399501310581	0.079044
5	37560	2.400037967614	0.079382
5	37567	2.400526988063	0.079394
5	37577	2.40104989549	0.079756
5	37581	2.401490814148	0.07919
5	37594	2.402006627099	0.079436
5	37598	2.402520481362	0.079265
5	37608	2.402967999523	0.078995
5	37615	2.403478267297	0.079612
5	37625	2.403948274524	0.07917
5	37629	2.404440936584	0.079418
5	37639	2.404925034596	0.079674
5	37646	2.405457270935	0.079211
5	37656	2.405922613129	0.079193
5	37660	2.406484501295	0.080633
5	37667	2.406936094502	0.088574
5	37680	2.407514995813	0.080742
5	37684	2.407906694096	0.080427
5	37691	2.408562886081	0.079419
5	37698	2.40892447918	0.090067
5	37711	2.409524728019	0.079739
5	37715	2.40987496175	0.079142
5	37725	2.410558799011	0.079365
5	37729	2.410892671528	0.079114
5	37742	2.411559391619	0.079358
5	37746	2.411902307344	0.079087
5	37756	2.412559605381	0.080198
5	37763	2.412862330621	0.079022
5	37773	2.413515128911	0.079182
5	37777	2.41388971758	0.079014
5	37784	2.41447733373	0.079184
5	37797	2.414934563729	0.079016
5	37804	2.415519745125	0.079025
5	37808	2.415950772008	0.079348
5	37815	2.416541206951	0.07928
5	37828	2.416951196501	0.078618
5	37835	2.417500915284	0.078825
5	37839	2.417907581373	0.079304
5	37846	2.418528441511	0.088133
5	37859	2.418889551281	0.080771
5	37866	2.419535680956	0.079078
5	37870	2.419914706605	0.087043
5	37877	2.420550736146	0.079329
5	37884	2.420900667422	0.078851
5	37897	2.421522200161	0.078842
5	37901	2.42185631243	0.079048
5	37911	2.422481962875	0.079384
5	37921	2.422863634803	0.079036
5	37931	2.423504480158	0.079117
5	37935	2.423821092644	0.079134
5	37942	2.424550564732	0.079217
5	37946	2.424825010655	0.080402
5	37962	2.425576638057	0.079435
5	37966	2.425779646584	0.079112
5	37973	2.426591608586	0.079121
5	37977	2.42676719774	0.079193
5	37993	2.427592862636	0.080254
5	37997	2.427746545637	0.080324
5	38004	2.42862337496	0.079133
5	38008	2.428737759026	0.079546
5	38024	2.42959946577	0.088539
5	38028	2.429695476062	0.080064
5	38035	2.430565848111	0.080506
5	38039	2.430666706095	0.079226
5	38055	2.431530622574	0.080498
5	38059	2.431698037304	0.079306
5	38066	2.432576859211	0.080805
5	38076	2.432734980513	0.081909
5	38086	2.433569927848	0.082737
5	38090	2.4337755885	0.081521
5	38097	2.434521639979	0.080163
5	38107	2.434801147864	0.079326
5	38114	2.435552472398	0.079675
5	38121	2.435778785396	0.079451
5	38128	2.436558199933	0.080063
5	38138	2.436816001689	0.079667
5	38145	2.437598385939	0.087045
5	38152	2.437854032706	0.082074
5	38159	2.438565636407	0.079789
5	38169	2.438817273812	0.079049
5	38179	2.439579184518	0.078991
5	38183	2.439865690614	0.078978
5	38193	2.440614853143	0.07888
5	38200	2.440878434794	0.088103
5	38210	2.441606461774	0.080097
5	38214	2.441875796786	0.078922
5	38224	2.442559201437	0.094344
5	38234	2.442900310481	0.080477
5	38244	2.443607217203	0.080952
5	38248	2.443945018337	0.081411
5	38258	2.444644664379	0.080312
5	38265	2.444991310328	0.080595
5	38275	2.445685561647	0.080629
5	38279	2.445963927227	0.08031
5	38289	2.446721735474	0.079201
5	38296	2.447010464989	0.079534
5	38306	2.447751171136	0.079375
5	38310	2.448047051584	0.079302
5	38317	2.448768659417	0.079161
5	38324	2.449060094966	0.07923
5	38337	2.449727563298	0.079413
5	38341	2.450033476009	0.079228
5	38348	2.450765536294	0.080485
5	38355	2.451077336416	0.214171
5	38368	2.451807557703	0.253122
5	38372	2.452115458605	0.192962
5	38379	2.452770779249	0.191452
5	38386	2.453102396085	0.204465
5	38399	2.453761041265	0.086469
5	38403	2.454076231569	0.079568
5	38410	2.454775114807	0.079031
5	38417	2.455067102806	0.108864
5	38430	2.455796478943	0.080109
5	38434	2.4560176708	0.079538
5	38441	2.456834563372	0.185174
5	38448	2.457005132219	0.201737
5	38461	2.457815677177	0.199044
5	38465	2.45801335762	0.209627
5	38475	2.458847036293	0.210448
5	38479	2.459005540609	0.192284
5	38492	2.459853544305	0.199187
5	38499	2.460007770329	0.196054
5	38506	2.460814674389	0.181473
5	38510	2.461052441759	0.104281
5	38523	2.461816159936	0.089853
5	38533	2.462040402917	0.085568
5	38537	2.462828020835	0.07939
5	38544	2.463068521363	0.079368
5	38554	2.463829499488	0.079265
5	38564	2.464082211387	0.079285
5	38568	2.464842192165	0.079021
5	38575	2.465045151937	0.078804
5	38588	2.465821481058	0.078997
5	38595	2.466036955019	0.08523
5	38599	2.466779336155	0.083133
5	38603	2.467083223785	0.079621
5	38619	2.467795778522	0.078956
5	38626	2.468120517132	0.079086
5	38630	2.468776085619	0.078952
5	38637	2.469115423052	0.095207
5	38650	2.469786941775	0.080492
5	38657	2.470114724355	0.079031
5	38661	2.470808395899	0.079232
5	38674	2.47115091846	0.079029
5	38681	2.471833242005	0.078926
5	38688	2.472200274685	0.07884
5	38692	2.472846743872	0.078878
5	38705	2.473247166896	0.080275
5	38712	2.473870386759	0.078701
5	38719	2.474294762464	0.078762
5	38723	2.474841387666	0.078869
5	38736	2.475338840364	0.07887
5	38740	2.475862855579	0.078987
5	38750	2.476316520876	0.087507
5	38754	2.476829294344	0.079011
5	38767	2.477358554341	0.078697
5	38774	2.477810692643	0.078784
5	38781	2.478383528434	0.078841
5	38788	2.478849910981	0.078952
5	38798	2.479367137682	0.079059
5	38805	2.479897829592	0.080101
5	38809	2.480325701961	0.078909
5	38819	2.480947077649	0.088985
5	38826	2.481320900183	0.079901
5	38836	2.481981068436	0.079379
5	38840	2.482283071485	0.078905
5	38853	2.482973242335	0.079894
5	38860	2.483303812742	0.079297
5	38870	2.483972007974	0.079033
5	38874	2.484263426428	0.079101
5	38884	2.484942944814	0.079344
5	38891	2.485288738934	0.079036
5	38901	2.48591894036	0.080185
5	38905	2.486254558911	0.07901
5	38918	2.486883054393	0.078752
5	38922	2.487243885032	0.079058
5	38932	2.487885439448	0.078913
5	38936	2.488262069432	0.078788
5	38949	2.488911316571	0.078907
5	38953	2.48928398397	0.078993
5	38963	2.48995881227	0.078792
5	38970	2.490315051837	0.079037
5	38977	2.490951583556	0.078825
5	38984	2.491285219388	0.078974
5	38994	2.491952669096	0.07885
5	38998	2.492256628423	0.081959
5	39008	2.49295292544	0.07951
5	39015	2.493224177186	0.079134
5	39025	2.493929046456	0.07902
5	39029	2.494214446279	0.079011
5	39039	2.494888372138	0.078838
5	39046	2.495198299823	0.078923
5	39056	2.495850998491	0.078839
5	39063	2.496188759046	0.07878
5	39070	2.496860795624	0.078719
5	39080	2.497222787154	0.078815
5	39087	2.497872902291	0.078947
5	39091	2.498222901604	0.0788
5	39101	2.498893193459	0.092122
5	39111	2.499223963233	0.081527
5	39118	2.499879361252	0.080597
5	39124	2.500267342924	0.084228
5	39134	2.500847619761	0.079684
5	39147	2.501285835376	0.079219
5	39151	2.501889187923	0.079096
5	39155	2.502316832205	0.079095
5	39165	2.502847352015	0.079567
5	39178	2.503356432732	0.079072
5	39185	2.503809430959	0.078959
5	39192	2.504361338866	0.078893
5	39196	2.504855959612	0.078769
5	39212	2.505316362506	0.078643
5	39216	2.505860910585	0.078811
5	39223	2.50636050537	0.078988
5	39227	2.506863249604	0.078837
5	39240	2.507339534031	0.078605
5	39247	2.507837380952	0.078826
5	39254	2.50831340356	0.078813
5	39258	2.508865850817	0.08008
5	39274	2.509363241731	0.09016
5	39278	2.509830187168	0.082928
5	39282	2.510359459213	0.082255
5	39289	2.510853194906	0.079473
5	39302	2.511328093426	0.079046
5	39309	2.511853085114	0.078795
5	39316	2.512310251472	0.078813
5	39320	2.512866967408	0.078954
5	39333	2.513295062234	0.079207
5	39340	2.5138643036	0.080262
5	39344	2.514268010423	0.079744
5	39351	2.514894125663	0.080376
5	39361	2.51523051919	0.079591
5	39371	2.515922926574	0.078741
5	39375	2.516215980818	0.078779
5	39382	2.516944853826	0.078977
5	39389	2.51717631221	0.078876
5	39402	2.517910467165	0.078929
5	39406	2.518208348081	0.078719
5	39413	2.518868340548	0.078713
5	39423	2.51923969931	0.078685
5	39433	2.519844287396	0.092109
5	39437	2.520190654652	0.080346
5	39444	2.520856763178	0.078857
5	39451	2.521193496962	0.083391
5	39464	2.521894656955	0.081001
5	39468	2.522229395613	0.080495
5	39478	2.522875591486	0.080985
5	39485	2.523238648286	0.079381
5	39498	2.523891535483	0.079119
5	39502	2.524283419348	0.078832
5	39509	2.524852928081	0.078699
5	39516	2.525325989393	0.078899
5	39529	2.525838626674	0.091385
5	39533	2.526355180966	0.080014
5	39540	2.52687983793	0.079131
5	39547	2.527392147455	0.078754
5	39560	2.52786243611	0.079005
5	39564	2.528422716668	0.078707
5	39571	2.528910227696	0.07881
5	39578	2.529373334675	0.078765
5	39591	2.529938101414	0.078712
5	39598	2.530349869251	0.078842
5	39602	2.530955114187	0.07883
5	39609	2.531363478673	0.078904
5	39622	2.531928525497	0.087927
5	39629	2.532344036866	0.079815
5	39633	2.532893355572	0.079123
5	39637	2.533386186691	0.079953
5	39653	2.533933573887	0.079044
5	39660	2.534369390035	0.079261
5	39664	2.534902230437	0.078734
5	39668	2.535378846894	0.079294
5	39684	2.535902505783	0.078988
5	39691	2.536349589211	0.079242
5	39695	2.536915283073	0.079196
5	39699	2.537323694222	0.079805
5	39715	2.537910610168	0.085487
5	39722	2.538315794068	0.082295
5	39726	2.538919475268	0.084127
5	39730	2.53928849483	0.083169
5	39743	2.539936441529	0.080933
5	39753	2.540311047759	0.080613
5	39757	2.540969049502	0.080405
5	39764	2.54133466745	0.080122
5	39777	2.542016909729	0.086486
5	39787	2.542323166451	0.080097
5	39791	2.542975883882	0.089792
5	39798	2.543340915912	0.080497
5	39811	2.543926232937	0.079556
5	39818	2.544330136422	0.079382
5	39822	2.544894265678	0.080417
5	39826	2.545298292017	0.079004
5	39839	2.54592524321	0.080069
5	39849	2.546281269756	0.080235
5	39853	2.546943676594	0.25327
5	39860	2.547301546623	0.107881
5	39873	2.547976323858	0.097522
5	39880	2.548338680043	0.093772
5	39884	2.548969012782	0.093734
5	39891	2.549349272943	0.093721
5	39901	2.549951504174	0.093237
5	39911	2.550351378764	0.092997
5	39915	2.550934516651	0.093011
5	39919	2.55136084361	0.093228
5	39929	2.551914867364	0.107558
5	39939	2.552370085169	0.105503
5	39946	2.552919195194	0.104162
5	39953	2.553361011126	0.101018
5	39963	2.553916086801	0.11979
5	39970	2.554368943558	0.09993
5	39977	2.554932001594	0.098626
5	39984	2.555377658342	0.098139
5	39994	2.555938098543	0.097927
5	40001	2.556350876792	0.097375
5	40008	2.556978804467	0.097354
5	40015	2.557339330366	0.097325
5	40025	2.557956770008	0.100055
5	40032	2.558317474343	0.099943
5	40039	2.558941832975	0.099215
5	40046	2.559366968038	0.097289
5	40056	2.559933739339	0.097442
5	40063	2.560333547288	0.110872
5	40070	2.560892999856	0.09708
5	40077	2.56129456987	0.097446
5	40087	2.561899907143	0.097046
5	40094	2.56234451088	0.097103
5	40104	2.562914240452	0.132721
5	40111	2.563387100744	0.085743
5	40121	2.563873239971	0.080963
5	40128	2.564431955347	0.080639
5	40135	2.564867329591	0.080625
5	40142	2.565403962199	0.080236
5	40152	2.565822343161	0.079097
5	40159	2.566387884646	0.078909
5	40166	2.566821168782	0.078908
5	40173	2.567409779889	0.078996
5	40183	2.567776524072	0.078825
5	40193	2.568423053573	0.078907
5	40197	2.568746565666	0.078919
5	40204	2.569431351404	0.07901
5	40214	2.569785756361	0.080079
5	40224	2.570475147051	0.078734
5	40228	2.57083321086	0.078724
5	40238	2.571497597728	0.078758
5	40245	2.571857414405	0.07881
5	40252	2.572501348688	0.092196
5	40259	2.572830988651	0.080067
5	40272	2.573494590507	0.079756
5	40276	2.573850609224	0.079338
5	40283	2.574510195138	0.079326
5	40290	2.574831001081	0.079124
5	40300	2.575518432679	0.079325
5	40307	2.575786438533	0.07892
5	40314	2.576552533692	0.080039
5	40321	2.576774212918	0.078972
5	40334	2.577563498166	0.078871
5	40338	2.577814990837	0.078819
5	40345	2.578521288613	0.078906
5	40352	2.578793065893	0.078888
5	40362	2.579554676807	0.078891
5	40369	2.579812728281	0.079009
5	40379	2.58058158109	0.078964
5	40383	2.580858065882	0.078691
5	40393	2.581602818067	0.078795
5	40400	2.58184792251	0.079077
5	40413	2.58257967155	0.079472
5	40417	2.582840625436	0.079058
5	40427	2.583551516564	0.081023
5	40434	2.583818908249	0.079691
5	40444	2.584535313154	0.079149
5	40448	2.584868146085	0.079002
5	40458	2.585572608084	0.079085
5	40465	2.585821240175	0.07891
5	40475	2.586543563844	0.078817
5	40479	2.586867973281	0.079014
5	40489	2.587579462888	0.079093
5	40496	2.587875953976	0.080179
5	40506	2.588584301462	0.078974
5	40510	2.588849397955	0.078936
5	40520	2.589584326387	0.078812
5	40524	2.589881147607	0.078921
5	40537	2.59063421305	0.078934
5	40541	2.590916641496	0.078808
5	40551	2.591596795896	0.078981
5	40555	2.59187392774	0.078939
5	40568	2.592585579749	0.086271
5	40572	2.592862231815	0.079835
5	40582	2.593612908115	0.079216
5	40586	2.593865030686	0.083725
5	40596	2.594593313872	0.082298
5	40603	2.594815940403	0.089212
5	40613	2.595636801332	0.079732
5	40617	2.595828060794	0.079057
5	40627	2.596672382137	0.07897
5	40634	2.596854935326	0.078823
5	40644	2.597686984698	0.078975
5	40648	2.597860085963	0.078859
5	40661	2.598735103547	0.078828
5	40665	2.598887212483	0.157442
5	40675	2.599737730901	0.079523
5	40679	2.5999119421	0.080933
5	40692	2.600716989942	0.080533
5	40696	2.600932796075	0.080187
5	40706	2.601761437992	0.078996
5	40710	2.601982732702	0.078917
5	40726	2.602802685505	0.088086
5	40733	2.6030258917	0.07903
5	40740	2.603841824989	0.078685
5	40744	2.604057500706	0.078763
5	40754	2.60482051246	0.078661
5	40764	2.60510628582	0.078607
5	40771	2.605792960824	0.090414
5	40775	2.606110736943	0.080094
5	40788	2.606815109879	0.079179
5	40795	2.607116644216	0.078952
5	40802	2.607853919699	0.079032
5	40806	2.608129526788	0.078878
5	40819	2.608861828828	0.07876
5	40826	2.609110833071	0.079027
5	40833	2.609860628743	0.078822
5	40837	2.610091918378	0.078982
5	40850	2.610894640472	0.078858
5	40857	2.611113875262	0.078975
5	40864	2.611917382805	0.078949
5	40868	2.612085144724	0.078871
5	40884	2.61294214634	0.078939
5	40888	2.613079880814	0.078941
5	40895	2.613917259169	0.078829
5	40899	2.614058519975	0.078805
5	40912	2.614926647234	0.078794
5	40916	2.615067385416	0.078687
5	40926	2.615906094272	0.078855
5	40930	2.616075367128	0.089315
5	40943	2.616948378009	0.079923
5	40950	2.617074035551	0.088115
5	40957	2.617970167217	0.079611
5	40964	2.618084334225	0.078848
5	40974	2.618977846308	0.078776
5	40981	2.619082416023	0.079959
5	40988	2.619943078105	0.078762
5	40995	2.620052191162	0.078959
5	41005	2.620949467851	0.078826
5	41009	2.621027060502	0.078724
5	41019	2.621972879543	0.078848
5	41023	2.622012307479	0.0788
5	41042	2.622969294113	0.079096
5	41046	2.623061062839	0.078937
5	41056	2.623955306404	0.078873
5	41060	2.624039586628	0.078969
5	41073	2.625000934323	0.079056
5	41077	2.625045390328	0.080698
5	41087	2.625996711923	0.083927
5	41091	2.626007970066	0.081216
5	41104	2.626968981873	0.090159
5	41108	2.627006495426	0.080124
5	41115	2.627935751828	0.080489
5	41122	2.627962225302	0.079742
5	41135	2.62888783903	0.079194
5	41139	2.628933046513	0.07951
5	41143	2.629857881992	0.079621
5	41150	2.629892281964	0.079125
5	41166	2.630812688915	0.079125
5	41170	2.630912248813	0.080068
5	41174	2.631811641362	0.078816
5	41181	2.631887805147	0.078789
5	41197	2.632783382239	0.078954
5	41201	2.632925128782	0.078672
5	41208	2.633826280338	0.078849
5	41212	2.63389965478	0.078685
5	41225	2.634817150058	0.078725
5	41229	2.634925902664	0.079195
5	41239	2.635780455094	0.079887
5	41243	2.635876877292	0.079314
5	41256	2.636781111789	0.079291
5	41260	2.636852932068	0.080195
5	41270	2.637749883908	0.081061
5	41277	2.637869630026	0.088077
5	41287	2.638718337515	0.085856
5	41291	2.638910915146	0.080958
5	41301	2.63975345714	0.086898
5	41305	2.639890349264	0.081083
5	41318	2.640798652797	0.080679
5	41325	2.640915722101	0.079161
5	41332	2.641830937246	0.080517
5	41336	2.641907451989	0.079715
5	41355	2.642835662169	0.079603
5	41359	2.642906687959	0.080062
5	41366	2.643819910027	0.079058
5	41370	2.643858022708	0.078815
5	41383	2.644772680538	0.079435
5	41390	2.644850440745	0.079042
5	41397	2.645790942764	0.078879
5	41401	2.645838887977	0.079039
5	41417	2.646818992788	0.078957
5	41421	2.64682119214	0.078945
5	41428	2.647806355619	0.078901
5	41432	2.647856986759	0.083551
5	41448	2.64877539928	0.078885
5	41452	2.648813875452	0.08793
5	41459	2.649764128638	0.081834
5	41463	2.64982457911	0.080621
5	41479	2.65072421857	0.080504
5	41483	2.650818543159	0.0792
5	41490	2.651731889566	0.078857
5	41494	2.651798402122	0.078802
5	41510	2.65270672161	0.07889
5	41514	2.652812490491	0.078871
5	41521	2.653739896462	0.079154
5	41525	2.653811726188	0.078885
5	41541	2.654736175634	0.078977
5	41545	2.654856051984	0.078758
5	41552	2.655734862181	0.079054
5	41556	2.655835912281	0.080046
5	41572	2.65668777087	0.078837
5	41576	2.656844017382	0.078654
5	41583	2.657728740469	0.078907
5	41587	2.657800684682	0.078998
5	41603	2.658743994385	0.07877
5	41607	2.658797909143	0.078764
5	41614	2.659762427387	0.078758
5	41618	2.659816188654	0.078899
5	41634	2.660785841446	0.078679
5	41638	2.660818843265	0.087859
5	41645	2.661776637431	0.079986
5	41649	2.661828507546	0.079234
5	41668	2.662808958436	0.086553
5	41672	2.662852358799	0.07996
5	41679	2.663825849206	0.079038
5	41683	2.663833823775	0.07901
5	41699	2.664796942967	0.079167
5	41703	2.66480000223	0.079074
5	41710	2.665776021484	0.078919
5	41714	2.665840140964	0.078798
5	41730	2.666816153867	0.078939
5	41734	2.666868265823	0.078872
5	41741	2.66777490968	0.078753
5	41745	2.667850558177	0.078749
5	41761	2.668746099283	0.079768
5	41765	2.668900144781	0.078893
5	41769	2.669719919901	0.07891
5	41776	2.669864430052	0.078703
5	41792	2.670687195624	0.082939
5	41796	2.670851333849	0.079061
5	41800	2.671671962964	0.078887
5	41807	2.671883579655	0.08859
5	41823	2.672690510877	0.080068
5	41827	2.672888534113	0.079337
5	41831	2.673714426097	0.079386
5	41838	2.673920611662	0.079321
5	41851	2.674692392154	0.079461
5	41858	2.674968839449	0.080481
5	41865	2.675713023722	0.080492
5	41872	2.67595982646	0.080307
5	41885	2.676700190174	0.080355
5	41889	2.676994923713	0.080287
5	41893	2.677748910328	0.079615
5	41903	2.67796158616	0.0788
5	41916	2.678732581503	0.078988
5	41920	2.678919260598	0.078943
5	41927	2.679686731985	0.078716
5	41931	2.67987020154	0.078787
5	41947	2.680723300077	0.07894
5	41951	2.680848477195	0.078927
5	41955	2.681674260443	0.080731
5	41962	2.681859394566	0.095214
5	41981	2.682720726924	0.08141
5	41985	2.682824832503	0.08102
5	41992	2.683744824031	0.082195
5	42002	2.6838219228	0.080603
5	42012	2.684758454613	0.080381
5	42016	2.684820553251	0.080359
5	42023	2.6857192027	0.086994
5	42030	2.685772571388	0.081006
5	42040	2.68669052202	0.079978
5	42047	2.686787189904	0.080328
5	42057	2.687722290283	0.078833
5	42061	2.687774665139	0.078992
5	42071	2.688698795302	0.078856
5	42078	2.688787618855	0.079105
5	42088	2.689745568135	0.078818
5	42092	2.689767596473	0.078685
5	42102	2.690743875124	0.078786
5	42106	2.690789439258	0.078867
5	42119	2.691753515101	0.078775
5	42123	2.691758840946	0.078736
5	42133	2.692782292206	0.078782
5	42137	2.6927858202	0.09278
5	42144	2.693746607332	0.081095
5	42154	2.693772435013	0.079296
5	42164	2.694747582205	0.079049
5	42168	2.694807521854	0.078956
5	42181	2.695794691561	0.078772
5	42185	2.695802328949	0.078872
5	42195	2.696779279952	0.079008
5	42199	2.696812497187	0.079022
5	42212	2.697736373998	0.078737
5	42216	2.697855139653	0.078725
5	42226	2.698747210034	0.078777
5	42230	2.69889428977	0.078889
5	42240	2.699732318153	0.078784
5	42247	2.699903423689	0.080132
5	42257	2.700688435317	0.078746
5	42261	2.700874031775	0.078919
5	42271	2.70171218027	0.078777
5	42278	2.701868378697	0.078842
5	42294	2.702729663937	0.079283
5	42298	2.702856959374	0.078772
5	42311	2.703765819887	0.079018
5	42315	2.703892340194	0.08781
5	42325	2.704730776686	0.079372
5	42329	2.704865988367	0.078998
5	42342	2.70574111952	0.079679
5	42346	2.705881239678	0.078802
5	42356	2.706756775338	0.079104
5	42360	2.706860604102	0.078797
5	42373	2.707736227251	0.078713
5	42377	2.707869361852	0.078856
5	42384	2.708735077159	0.078872
5	42391	2.708882318748	0.088319
5	42404	2.709719891467	0.079804
5	42408	2.709872663258	0.079475
5	42418	2.710720457198	0.079225
5	42422	2.710889061382	0.079086
5	42435	2.71173275763	0.078933
5	42439	2.711882805029	0.08012
5	42446	2.712699401859	0.078737
5	42453	2.7128477557	0.078955
5	42466	2.713711328511	0.078835
5	42470	2.713873751634	0.078828
5	42477	2.714697304726	0.078908
5	42484	2.714844559563	0.078813
5	42497	2.715716380649	0.078744
5	42501	2.715796282275	0.091552
5	42508	2.716687317916	0.079598
5	42512	2.716795843037	0.079127
5	42525	2.717687657555	0.079101
5	42532	2.717784174139	0.079697
5	42539	2.718644654067	0.07885
5	42543	2.718793940132	0.08226
5	42556	2.719662461807	0.083347
5	42563	2.719834832708	0.081443
5	42570	2.720699521711	0.301735
5	42574	2.72079528666	0.220388
5	42590	2.721677230574	0.085752
5	42594	2.721797855462	0.080658
5	42604	2.722697004048	0.079432
5	42608	2.722757186176	0.079316
5	42624	2.723746204207	0.079226
5	42628	2.723746523215	0.079091
5	42635	2.724708105107	0.079072
5	42639	2.724709847446	0.07899
5	42655	2.725743989098	0.07876
5	42659	2.725754455023	0.082484
5	42669	2.726744862789	0.082051
5	42673	2.726785691117	0.078918
5	42686	2.727726329503	0.080415
5	42690	2.727807539619	0.079194
5	42700	2.728686361582	0.078663
5	42704	2.72885745803	0.078976
5	42717	2.729706755588	0.078925
5	42721	2.729852625501	0.11041
5	42731	2.730695851163	0.090097
5	42735	2.730875208366	0.083939
5	42745	2.731710951576	0.079855
5	42752	2.731851151764	0.079131
5	42759	2.732699508287	0.079098
5	42766	2.732885904584	0.079004
5	42776	2.733650917914	0.079054
5	42780	2.733860890471	0.078959
5	42790	2.734700506026	0.078972
5	42797	2.734851817727	0.078726
5	42807	2.735711019104	0.09647
5	42811	2.73580411949	0.080325
5	42824	2.736760812748	0.079216
5	42828	2.736836026706	0.079009
5	42838	2.737779066883	0.079015
5	42845	2.737818371887	0.078868
5	42855	2.738779854333	0.078829
5	42859	2.73881600786	0.078939
5	42869	2.739791082155	0.11671
5	42873	2.739824360196	0.083707
5	42886	2.740741675854	0.080701
5	42890	2.740842273515	0.080592
5	42900	2.74177000749	0.079811
5	42907	2.74184305211	0.078971
5	42920	2.742740971231	0.079203
5	42924	2.742858299225	0.078816
5	42937	2.743789373384	0.078855
5	42941	2.743835221103	0.078848
5	42951	2.744773744447	0.079174
5	42955	2.744785444281	0.07896
5	42968	2.745747895148	0.078949
5	42972	2.745828554465	0.078915
5	42979	2.746766835597	0.080362
5	42986	2.746836420769	0.07884
5	42999	2.747757523551	0.078913
5	43003	2.747827410131	0.078793
5	43010	2.748791658965	0.07879
5	43017	2.748837118504	0.091396
5	43030	2.749758673005	0.080121
5	43034	2.749853876142	0.079017
5	43043	2.750775945641	0.083889
5	43047	2.750853887859	0.079968
5	43063	2.751776891692	0.079385
5	43067	2.751888019597	0.079132
5	43077	2.752759638519	0.079018
5	43081	2.752922326405	0.079309
5	43091	2.75374333127	0.079147
5	43098	2.753961323732	0.079076
5	43108	2.754787927238	0.078874
5	43112	2.754995772855	0.078711
5	43122	2.755805354127	0.078761
5	43129	2.756016536916	0.090936
5	43139	2.756832697125	0.078854
5	43143	2.757021862215	0.078817
5	43153	2.757860615807	0.079826
5	43160	2.758043770125	0.078999
5	43170	2.758845081414	0.079936
5	43177	2.759034717627	0.079403
5	43184	2.759855139989	0.151535
5	43188	2.760008027308	0.090225
5	43201	2.760806679706	0.079581
5	43208	2.761039755836	0.078911
5	43215	2.761826981698	0.078928
5	43219	2.762082284597	0.078954
5	43235	2.762816568931	0.079838
5	43242	2.763061737015	0.078973
5	43249	2.763794892978	0.078809
5	43253	2.764070166566	0.078726
5	43266	2.764752358057	0.078729
5	43273	2.76504739689	0.078895
5	43277	2.765726841092	0.079075
5	43284	2.766072996604	0.078755
5	43297	2.766743270974	0.07887
5	43304	2.767047385775	0.083087
5	43308	2.767714613888	0.081742
5	43315	2.768027659377	0.079396
5	43331	2.76867810702	0.079404
5	43335	2.769046071992	0.081021
5	43339	2.769725079736	0.079399
5	43346	2.770027710948	0.078897
5	43362	2.770725893901	0.079149
5	43366	2.771064303739	0.100581
5	43370	2.771684990526	0.079822
5	43377	2.772028548787	0.07912
5	43390	2.772646320117	0.081374
5	43397	2.773013817084	0.079102
5	43401	2.773597880225	0.078937
5	43408	2.77404519171	0.079218
5	43418	2.774582723111	0.07874
5	43428	2.775014789626	0.079628
5	43432	2.775574155258	0.078834
5	43439	2.776029954512	0.078723
5	43449	2.776566178208	0.078798
5	43459	2.777071785194	0.078795
5	43466	2.77754304733	0.079049
5	43470	2.778120594612	0.084595
5	43480	2.77849338762	0.078871
5	43490	2.779114420048	0.078801
5	43494	2.779500137826	0.07879
5	43504	2.780104919927	0.078675
5	43511	2.780522900502	0.078542
5	43521	2.781130340245	0.07873
5	43525	2.781566530149	0.080814
5	43535	2.782178821025	0.080206
5	43545	2.782568547887	0.079892
5	43555	2.783189818526	0.079141
5	43559	2.783568676597	0.078861
5	43569	2.784167854899	0.079063
5	43576	2.784527250494	0.079021
5	43586	2.785169972149	0.078681
5	43593	2.785564116051	0.078772
5	43600	2.786208999787	0.078688
5	43610	2.786605382421	0.078693
5	43617	2.787241721981	0.080028
5	43624	2.787633625966	0.080132
5	43631	2.788213495468	0.08035
5	43641	2.788633285261	0.080411
5	43648	2.789251325577	0.080284
5	43652	2.789659443902	0.079724
5	43662	2.790285910992	0.07881
5	43672	2.790699452148	0.078913
5	43679	2.791264715981	0.078931
5	43683	2.791664653895	0.078786
5	43696	2.792233278377	0.078785
5	43703	2.792696669337	0.078741
5	43710	2.793184797015	0.07878
5	43717	2.793671954902	0.089484
5	43724	2.794160256208	0.081237
5	43734	2.794717381883	0.079778
5	43741	2.795190355869	0.078895
5	43748	2.795692417814	0.078774
5	43755	2.796171110283	0.089107
5	43765	2.796675901782	0.079566
5	43772	2.79715999643	0.079122
5	43779	2.797632608412	0.079066
5	43786	2.798130399843	0.078821
5	43796	2.798631111034	0.078876
5	43800	2.799114402749	0.078898
5	43810	2.799624310723	0.08019
5	43817	2.800132845165	0.078964
5	43827	2.800608066509	0.085614
5	43831	2.801085908394	0.078984
5	43838	2.801590704627	0.078702
5	43848	2.802070244274	0.078679
5	43861	2.802622955517	0.079163
5	43865	2.80305607009	0.078851
5	43872	2.803653879453	0.082736
5	43885	2.804076572367	0.080627
5	43892	2.80464495629	0.088482
5	43896	2.805106909522	0.081174
5	43900	2.805626044253	0.078843
5	43916	2.806087710939	0.078959
5	43923	2.80660883912	0.078906
5	43927	2.807051223396	0.078729
5	43931	2.807596328513	0.079658
5	43947	2.808039421922	0.081446
5	43954	2.808621168023	0.081113
5	43958	2.809017813745	0.080867
5	43962	2.809617516985	0.080601
5	43978	2.809980861991	0.080513
5	43985	2.810623618367	0.08101
5	43989	2.811010691033	0.080281
5	43993	2.811656851202	0.081612
5	44009	2.811998701409	0.081026
5	44016	2.81268481174	0.198882
5	44020	2.813015603616	0.164266
5	44024	2.81366237075	0.151036
5	44037	2.813973002687	0.145533
5	44047	2.814618203572	0.144313
5	44051	2.814925642916	0.144361
5	44055	2.815580434696	0.144286
5	44065	2.815893376279	0.144561
5	44078	2.816551534444	0.169862
5	44082	2.816866966222	0.151162
5	44086	2.817579267583	0.144713
5	44099	2.817839682375	0.140749
5	44109	2.818540680612	0.084735
5	44113	2.818815674213	0.080267
5	44117	2.819534279294	0.079527
5	44124	2.819769866198	0.079346
5	44140	2.820518752447	0.079478
5	44144	2.820771169717	0.079414
5	44148	2.821489294698	0.079076
5	44158	2.821777764079	0.079063
5	44174	2.822520400752	0.079638
5	44178	2.822731976971	0.079469
5	44182	2.823508601844	0.079097
5	44192	2.823772601997	0.078999
5	44205	2.824494584669	0.080138
5	44209	2.824756870461	0.08012
5	44213	2.825524321273	0.079886
5	44220	2.82574209693	0.078802
5	44236	2.826528878713	0.078887
5	44240	2.826756906411	0.093272
5	44244	2.827527950362	0.080019
5	44254	2.827790847887	0.079243
5	44267	2.828545865313	0.079092
5	44271	2.828783143598	0.079083
5	44278	2.829580812775	0.078915
5	44282	2.829749701867	0.07901
5	44298	2.830545122381	0.079294
5	44302	2.830707508006	0.078737
5	44309	2.831543624958	0.07882
5	44313	2.831716186521	0.078817
5	44329	2.832521299473	0.078922
5	44333	2.83269724865	0.078966
5	44340	2.833493261337	0.079047
5	44347	2.833718997905	0.078793
5	44357	2.834460348895	0.078941
5	44364	2.834696534133	0.07881
5	44371	2.835473645004	0.078847
5	44375	2.835690681428	0.078857
5	44388	2.836481006676	0.078833
5	44395	2.836680818955	0.08008
5	44402	2.837512158795	0.078718
5	44409	2.837678705214	0.078705
5	44422	2.838483097695	0.088086
5	44426	2.83864011102	0.080045
5	44433	2.839500528603	0.079135
5	44437	2.839622676788	0.084255
5	44453	2.840527234122	0.07886
5	44457	2.840627445128	0.079054
5	44464	2.841477379677	0.079047
5	44471	2.841664419701	0.079095
5	44487	2.842508458204	0.079581
5	44491	2.842710945992	0.080497
5	44498	2.843487987199	0.079382
5	44502	2.84373436067	0.079179
5	44518	2.84450824101	0.079135
5	44522	2.84477442467	0.078805
5	44529	2.845540278237	0.078909
5	44533	2.845764274905	0.079042
5	44549	2.846498390579	0.078878
5	44553	2.84678330712	0.078878
5	44560	2.847484640217	0.079024
5	44564	2.847807160856	0.078751
5	44577	2.848461513547	0.078815
5	44584	2.848848397002	0.079109
5	44591	2.849431494255	0.090221
5	44595	2.849873330497	0.080175
5	44611	2.850476060893	0.079256
5	44615	2.850881372654	0.078941
5	44622	2.851458724531	0.078926
5	44632	2.851882759612	0.078951
5	44639	2.852500758301	0.078879
5	44649	2.852878965618	0.084091
5	44653	2.853513680696	0.082651
5	44660	2.853834039334	0.079187
5	44670	2.854559762508	0.078998
5	44677	2.854863683681	0.079086
5	44684	2.855510749531	0.079019
5	44694	2.855896949437	0.080173
5	44704	2.85653473041	0.080098
5	44711	2.856861437587	0.080299
5	44718	2.857572251071	0.08046
5	44725	2.857843937677	0.080645
5	44735	2.858556319122	0.089508
5	44739	2.85882522532	0.080113
5	44749	2.859606058211	0.079028
5	44756	2.859858301555	0.079159
5	44766	2.860616212333	0.078814
5	44770	2.860897425258	0.07884
5	44780	2.861615874384	0.080957
5	44787	2.861894885594	0.079374
5	44800	2.862640975642	0.081007
5	44804	2.862907830789	0.080545
5	44814	2.863603465565	0.080422
5	44821	2.863914100208	0.080446
5	44828	2.864563904799	0.078922
5	44835	2.86488350078	0.078979
5	44845	2.86559631842	0.078914
5	44852	2.865920393451	0.078858
5	44859	2.866598139162	0.078732
5	44866	2.866879281385	0.078721
5	44879	2.867606899903	0.078732
5	44883	2.867842234425	0.078802
5	44890	2.868644069357	0.079957
5	44900	2.868817996238	0.07885
5	44907	2.869604496223	0.078798
5	44914	2.869770413088	0.078786
5	44921	2.870607151784	0.081692
5	44925	2.870729234283	0.079966
5	44938	2.871624286032	0.07917
5	44942	2.871754372045	0.078915
5	44952	2.872582562183	0.081952
5	44959	2.872760546795	0.079222
5	44969	2.873541671014	0.0789
5	44976	2.87373927849	0.079045
5	44983	2.874589203744	0.07879
5	44987	2.874742352145	0.080221
5	45003	2.875544951294	0.078799
5	45007	2.875720792503	0.078911
5	45014	2.876517866974	0.078864
5	45021	2.876726018904	0.078883
5	45034	2.877565098829	0.079001
5	45038	2.877697305942	0.078858
5	45045	2.878611402933	0.078899
5	45049	2.878661969944	0.078896
5	45065	2.879564756058	0.078873
5	45069	2.879657257528	0.078948
5	45076	2.880543443822	0.07878
5	45080	2.880636826993	0.079028
5	45093	2.881501593708	0.080083
5	45100	2.881677841558	0.079007
5	45110	2.882514688369	0.079859
5	45114	2.882635305051	0.079022
5	45127	2.883477911338	0.079058
5	45131	2.883682962416	0.078865
5	45141	2.884469935437	0.089834
5	45145	2.884720485938	0.079712
5	45158	2.885515742848	0.079093
5	45165	2.885766080963	0.078867
5	45172	2.886561267321	0.078894
5	45176	2.886729842103	0.080037
5	45189	2.887547823755	0.07896
5	45193	2.887744092763	0.078889
5	45203	2.888525260253	0.078843
5	45207	2.888773952386	0.079047
5	45220	2.889478835658	0.078796
5	45224	2.889784021689	0.078787
5	45234	2.890479579206	0.07885
5	45238	2.890782610192	0.078768
5	45251	2.891482191696	0.078802
5	45255	2.891768347659	0.078799
5	45265	2.892493493535	0.078792
5	45269	2.892761236383	0.078783
5	45282	2.893503000329	0.089084
5	45286	2.893746772268	0.217698
5	45296	2.894518447743	0.093605
5	45300	2.89470697831	0.087606
5	45313	2.895493272475	0.087742
5	45317	2.8957467323	0.088399
5	45327	2.896540065323	0.088961
5	45334	2.896741785699	0.089171
5	45344	2.89753725634	0.088634
5	45351	2.897718149593	0.088881
5	45358	2.898543332575	0.090121
5	45362	2.898692977632	0.088648
5	45378	2.899514374628	0.090626
5	45382	2.899659826891	0.088806
5	45389	2.900481136452	0.087591
5	45393	2.900648446627	0.088476
5	45406	2.901488608734	0.090579
5	45413	2.901670160925	0.107742
5	45423	2.902488395688	0.091913
5	45427	2.902660489283	0.088434
5	45440	2.903504923924	0.087541
5	45447	2.90370782684	0.0874
5	45454	2.904539785093	0.087327
5	45458	2.904725315014	0.099801
5	45471	2.905494098137	0.088556
5	45475	2.905684433789	0.088475
5	45485	2.906452722963	0.087739
5	45489	2.906654352036	0.087387
5	45502	2.907409001679	0.087364
5	45506	2.907652769051	0.087261
5	45516	2.908386137073	0.087337
5	45520	2.908610471076	0.096418
5	45533	2.909408391543	0.088789
5	45537	2.90958519443	0.088015
5	45547	2.910436772549	0.081401
5	45551	2.910611328635	0.07982
5	45564	2.911396284936	0.079313
5	45568	2.911627401464	0.180478
5	45578	2.912408322469	0.115057
5	45582	2.912584739559	0.081636
5	45595	2.913433685721	0.079715
5	45602	2.913561776264	0.078969
5	45609	2.914384878232	0.078817
5	45613	2.914541673188	0.079046
5	45626	2.915350607983	0.078858
5	45633	2.915506303575	0.134301
5	45640	2.91630341417	0.080055
5	45644	2.916457566262	0.079007
5	45660	2.9172697563	0.079039
5	45664	2.917466608135	0.078867
5	45671	2.918271675853	0.080117
5	45675	2.918467982232	0.079056
5	45691	2.919285783306	0.079078
5	45695	2.91943622393	0.078946
5	45702	2.920283799728	0.078799
5	45706	2.920387353463	0.09025
5	45722	2.921234704182	0.079917
5	45726	2.921339192666	0.079034
5	45736	2.922239411801	0.079747
5	45740	2.922304810996	0.079294
5	45750	2.92323537131	0.078973
5	45760	2.923300536817	0.080236
5	45767	2.924271303038	0.080162
5	45771	2.924298864911	0.080385
5	45784	2.925256829616	0.088225
5	45788	2.925315252942	0.078886
5	45798	2.926295068503	0.078802
5	45802	2.926336932643	0.078705
5	45818	2.92729767827	0.07872
5	45822	2.927328237579	0.07886
5	45829	2.928264231864	0.078861
5	45833	2.92833939912	0.078961
5	45849	2.929257553369	0.079101
5	45853	2.929359531049	0.079105
5	45860	2.930229933037	0.080817
5	45864	2.930360074865	0.080385
5	45880	2.931187627445	0.091097
5	45884	2.931390754984	0.081026
5	45891	2.932170195086	0.080294
5	45895	2.932426272487	0.080052
5	45911	2.933170157766	0.079183
5	45915	2.933385888756	0.079217
5	45922	2.934200949503	0.07908
5	45926	2.934393085215	0.079186
5	45942	2.93522584196	0.079056
5	45946	2.93537548011	0.0791
5	45953	2.936191754782	0.079375
5	45957	2.936408220163	0.079879
5	45970	2.937145854839	0.078858
5	45977	2.937395143017	0.078773
5	45984	2.938194305951	0.084248
5	45988	2.938436659089	0.082849
5	46001	2.939202565688	0.079531
5	46008	2.939485953158	0.079239
5	46015	2.940234434442	0.079089
5	46019	2.940487779783	0.079035
5	46032	2.941213797402	0.079203
5	46045	2.941452667722	0.124919
5	46049	2.942192624872	0.117372
5	46053	2.942469373772	0.116919
5	46066	2.94318747311	0.116623
5	46076	2.943504543143	0.119876
5	46080	2.944150861164	0.145071
5	46084	2.944514896342	0.160265
5	46097	2.945195940227	0.145381
5	46107	2.945529075456	0.144505
5	46111	2.946211480335	0.144453
5	46121	2.946484590557	0.183935
5	46128	2.947205404981	0.090662
5	46138	2.947461095516	0.081806
5	46142	2.948233208601	0.081011
5	46149	2.94843058562	0.079322
5	46162	2.949241540574	0.079268
5	46169	2.949416105415	0.07893
5	46176	2.950281910173	0.079104
5	46180	2.950369863895	0.078912
5	46193	2.951293591349	0.078936
5	46200	2.951395072872	0.078819
5	46204	2.952280325322	0.078846
5	46211	2.952355975676	0.078829
5	46227	2.953302307411	0.078929
5	46231	2.953328815675	0.080589
5	46238	2.954261440015	0.080203
5	46242	2.954349247528	0.080334
5	46258	2.955281051721	0.079835
5	46262	2.95530042121	0.078906
5	46269	2.956291005092	0.07876
5	46273	2.956296804047	0.093184
5	46289	2.957268569898	0.080003
5	46293	2.957333339625	0.079196
5	46300	2.958296199922	0.07878
5	46304	2.958297843719	0.078966
5	46317	2.959285351071	0.078851
5	46321	2.95929680187	0.079111
5	46331	2.960314875049	0.080112
5	46335	2.960345605621	0.079106
5	46348	2.961283675587	0.079052
5	46352	2.961356746243	0.07885
5	46365	2.962265099475	0.079556
5	46369	2.962314258144	0.078868
5	46382	2.963231489959	0.079087
5	46386	2.963279045345	0.079023
5	46396	2.964230708718	0.078892
5	46400	2.964298633128	0.078906
5	46416	2.965244605051	0.088297
5	46420	2.965260210453	0.079258
5	46427	2.966234690789	0.08038
5	46431	2.966253544254	0.079104
5	46444	2.967278545489	0.079054
5	46448	2.967288185508	0.090194
5	46458	2.968258801695	0.080141
5	46462	2.968291788304	0.07945
5	46475	2.969240041356	0.079261
5	46479	2.969332657667	0.079222
5	46489	2.97026236983	0.079175
5	46493	2.970323326056	0.079023
5	46503	2.97123006093	0.078987
5	46507	2.971307025799	0.07914
5	46520	2.972251610001	0.079054
5	46524	2.972291982061	0.080297
5	46534	2.973228692125	0.078747
5	46538	2.973271643229	0.078759
5	46548	2.974202250866	0.078689
5	46552	2.974225069101	0.078963
5	46565	2.975177584375	0.078891
5	46569	2.975183788549	0.0788
5	46579	2.976135142606	0.078809
5	46583	2.976155428541	0.078721
5	46596	2.977103117144	0.078881
5	46600	2.97720271239	0.078765
5	46610	2.978139179056	0.078873
5	46614	2.9782488587	0.084142
5	46627	2.979132286172	0.09348
5	46631	2.979209329048	0.08114
5	46641	2.980133814073	0.080307
5	46648	2.980223876373	0.079702
5	46658	2.981171074513	0.082444
5	46662	2.98119367622	0.081935
5	46678	2.982178412717	0.084523
5	46682	2.982234746308	0.081267
5	46692	2.983216397854	0.081799
5	46696	2.98325503868	0.083296
5	46709	2.984247627151	0.083661
5	46713	2.984265673595	0.084353
5	46723	2.985257247875	0.213273
5	46727	2.985266659772	0.084103
5	46740	2.986236156741	0.080524
5	46744	2.986293163253	0.093936
5	46754	2.987197006696	0.080317
5	46758	2.987298899498	0.079162
5	46768	2.988203476762	0.079153
5	46772	2.98826089949	0.079355
5	46785	2.989214813916	0.095976
5	46789	2.989257648008	0.081428
5	46799	2.990211799962	0.08309
5	46803	2.990225974889	0.081057
5	46816	2.991198420285	0.078991
5	46820	2.991209495772	0.079042
5	46830	2.992174272132	0.078777
5	46834	2.992230523556	0.078939
5	46847	2.993176291699	0.079031
5	46851	2.993185398046	0.079537
5	46861	2.994141573194	0.079208
5	46865	2.994195630795	0.079155
5	46878	2.995136762912	0.07867
5	46882	2.995170493714	0.078971
5	46892	2.996132771858	0.080823
5	46896	2.996220329259	0.07894
5	46909	2.997126214264	0.078986
5	46913	2.997229167886	0.078799
5	46923	2.998130269568	0.078824
5	46930	2.998218758279	0.078848
5	46937	2.999105966189	0.079012
5	46944	2.999169852148	0.079147
5	46959	3.000136632035	0.090778
5	46963	3.000154677402	0.081206
5	46970	3.001123110332	0.07909
5	46974	3.001139326676	0.078896
5	46990	3.002075345108	0.080546
5	46997	3.002100518199	0.07922
5	47004	3.003035384785	0.079298
5	47008	3.003139165384	0.079279
5	47018	3.004077897695	0.079067
5	47028	3.004146113399	0.078853
5	47035	3.005028441645	0.079435
5	47039	3.005170906717	0.078906
5	47055	3.006061975809	0.080098
5	47059	3.006145546427	0.078838
5	47066	3.007032697397	0.079047
5	47070	3.007098510487	0.095084
5	47083	3.008070517422	0.078706
5	47087	3.008136806294	0.078787
5	47097	3.009094654001	0.091366
5	47101	3.009185518678	0.080094
5	47114	3.01006344229	0.079458
5	47118	3.010145160672	0.07905
5	47128	3.0111107057	0.079028
5	47132	3.011168211219	0.078709
5	47145	3.012147302937	0.079949
5	47149	3.012205047246	0.07889
5	47159	3.013140146863	0.078813
5	47163	3.013201625199	0.078772
5	47176	3.014158064614	0.078931
5	47180	3.014192053924	0.078828
5	47190	3.015137830689	0.086208
5	47194	3.015196058678	0.080276
5	47207	3.01614645207	0.07916
5	47211	3.016203012472	0.078937
5	47221	3.017147901784	0.078928
5	47225	3.017221865507	0.078697
5	47238	3.018183161687	0.079211
5	47242	3.018222272461	0.080649
5	47252	3.019167936415	0.080028
5	47256	3.019200151894	0.079565
5	47269	3.020136008123	0.079309
5	47273	3.020229276906	0.088896
5	47283	3.021172303376	0.085686
5	47287	3.0212129879	0.083908
5	47303	3.022142442916	0.082729
5	47307	3.022262037396	0.080852
5	47317	3.023144361917	0.080478
5	47321	3.02331108278	0.08162
5	47334	3.02417795732	0.08102
5	47338	3.02433099425	0.080204
5	47348	3.025128863892	0.079162
5	47352	3.025376268419	0.079159
5	47365	3.026116746241	0.08078
5	47369	3.026354469838	0.079457
5	47379	3.027102569985	0.079153
5	47383	3.027361767634	0.079449
5	47396	3.02814080722	0.079066
5	47400	3.028334375044	0.08029
5	47407	3.029172877031	0.07927
5	47414	3.029355535583	0.0792
5	47427	3.030176692307	0.082467
5	47431	3.030348709433	0.079997
5	47441	3.031136296323	0.08067
5	47445	3.031310107386	0.091316
5	47458	3.032129698544	0.080957
5	47462	3.032351067366	0.079671
5	47472	3.033168067293	0.080106
5	47479	3.033347712111	0.079864
5	47489	3.034161176122	0.08042
5	47493	3.034376291342	0.080521
5	47503	3.035156369412	0.079571
5	47507	3.03537639554	0.079637
5	47520	3.036179665096	0.079471
5	47524	3.036391377807	0.08133
5	47534	3.037156125941	0.080616
5	47538	3.037398916084	0.082332
5	47551	3.038112227938	0.081941
5	47555	3.038361283814	0.081225
5	47562	3.039151888789	0.081031
5	47569	3.039364506615	0.07968
5	47582	3.040189605349	0.080449
5	47586	3.040374481235	0.079394
5	47596	3.041227591649	0.079453
5	47600	3.04134518471	0.087602
5	47616	3.042205370499	0.09018
5	47620	3.042304626843	0.080812
5	47630	3.043165141517	0.07958
5	47637	3.043346566206	0.079456
5	47647	3.044180488919	0.078891
5	47654	3.044361532965	0.078863
5	47658	3.045168748067	0.078791
5	47665	3.045323312832	0.078827
5	47678	3.046195853587	0.07898
5	47685	3.046344632868	0.079654
5	47692	3.047207727279	0.082909
5	47696	3.047323367359	0.079388
5	47709	3.048196615078	0.079908
5	47713	3.048319617614	0.079268
5	47723	3.049219198016	0.079057
5	47727	3.04928678929	0.079151
5	47740	3.050242655885	0.079038
5	47744	3.05026052556	0.079009
5	47754	3.051242283718	0.079026
5	47758	3.05125926322	0.078941
5	47771	3.0522211859	0.08511
5	47775	3.052256364594	0.079875
5	47785	3.053196870668	0.079386
5	47789	3.053243596728	0.088862
5	47802	3.054233184129	0.080111
5	47806	3.05429020937	0.080514
5	47816	3.055276733467	0.07913
5	47820	3.055283776824	0.079397
5	47833	3.056291320315	0.079142
5	47837	3.056305116913	0.079038
5	47847	3.057266992867	0.079207
5	47851	3.057271944421	0.079297
5	47864	3.058271855833	0.079363
5	47868	3.058282784454	0.079558
5	47878	3.059255431207	0.078781
5	47882	3.059319590108	0.079016
5	47895	3.060218105372	0.08136
5	47899	3.060289528964	0.079482
5	47909	3.061216730594	0.079837
5	47913	3.061316564467	0.079322
5	47929	3.062247750897	0.079649
5	47933	3.06230673286	0.079599
5	47943	3.063294719932	0.088494
5	47947	3.063307495975	0.080062
5	47960	3.064264065375	0.079818
5	47964	3.064352564804	0.081054
5	47974	3.065247897485	0.080861
5	47978	3.065313391907	0.079886
5	47988	3.066235381338	0.080585
5	47992	3.066317308202	0.081102
5	48005	3.067279756692	0.080837
5	48009	3.067338473209	0.082562
5	48019	3.068258930488	0.080008
5	48023	3.0683118586	0.080752
5	48036	3.069276991735	0.080036
5	48040	3.069282099096	0.080148
5	48050	3.070286811177	0.18289
5	48054	3.070305559198	0.087469
5	48067	3.071301682179	0.080813
5	48071	3.071308617958	0.079185
5	48081	3.072297191367	0.193842
5	48085	3.072302929726	0.095158
5	48098	3.073260522655	0.094551
5	48102	3.073281817669	0.080693
5	48112	3.074244017707	0.079913
5	48116	3.074292283697	0.079059
5	48129	3.075289095477	0.079001
5	48133	3.07534104246	0.079197
5	48143	3.076291630178	0.079162
5	48147	3.076365380643	0.079026
5	48160	3.077305097369	0.078835
5	48164	3.077402487288	0.078959
5	48171	3.078255305987	0.12118
5	48178	3.078361116954	0.095009
5	48191	3.079227611882	0.088957
5	48195	3.079353573621	0.087131
5	48205	3.080196453168	0.079404
5	48209	3.080351324343	0.079313
5	48222	3.081157142718	0.079243
5	48226	3.08135188456	0.079118
5	48233	3.082171422222	0.078952
5	48240	3.082302411702	0.078894
5	48253	3.083177359762	0.079603
5	48257	3.083284901785	0.079098
5	48270	3.084192365696	0.080216
5	48274	3.084239675486	0.079235
5	48284	3.085144388006	0.078944
5	48288	3.085219266652	0.078757
5	48298	3.086142046055	0.079131
5	48305	3.086177937414	0.121045
5	48315	3.08709649755	0.088363
5	48322	3.087186987469	0.079974
5	48329	3.088132640655	0.079508
5	48333	3.088206979615	0.079144
5	48346	3.089101886728	0.079156
5	48353	3.089221380147	0.079227
5	48360	3.090128866632	0.078839
5	48364	3.090178236353	0.08881
5	48377	3.091092231513	0.079804
5	48384	3.091218128704	0.078971
5	48391	3.092060041206	0.079085
5	48398	3.092233770469	0.079102
5	48411	3.093049039738	0.078934
5	48415	3.09322522359	0.079995
5	48422	3.094070073204	0.078924
5	48426	3.094217103355	0.089066
5	48442	3.095068348955	0.078932
5	48446	3.095235348781	0.078923
5	48453	3.096083565548	0.078879
5	48457	3.096215416928	0.090604
5	48470	3.097090045395	0.079865
5	48477	3.097172241651	0.079035
5	48484	3.098096751986	0.078998
5	48488	3.098196838271	0.078934
5	48501	3.099125050037	0.078772
5	48508	3.099181240451	0.078801
5	48515	3.10016364108	0.079939
5	48519	3.100206337957	0.078776
5	48532	3.101186898247	0.078785
5	48536	3.101209413564	0.078935
5	48546	3.102165744178	0.078841
5	48550	3.102192484935	0.078688
5	48563	3.103140435496	0.07974
5	48567	3.103193237435	0.079112
5	48577	3.104174882393	0.078795
5	48581	3.104179741036	0.079005
5	48594	3.105187142686	0.07925
5	48598	3.105190895647	0.080438
5	48608	3.106185009651	0.080358
5	48612	3.106234976776	0.08535
5	48625	3.107167397853	0.093454
5	48629	3.1071876689	0.080252
5	48639	3.108144007736	0.079315
5	48646	3.108192780212	0.079427
5	48656	3.109138864372	0.07894
5	48660	3.109188805058	0.078771
5	48673	3.110158932435	0.079158
5	48677	3.110219212804	0.079323
5	48687	3.111177938203	0.078982
5	48691	3.111194615421	0.080055
5	48701	3.112182790901	0.078689
5	48705	3.112227392866	0.078988
5	48718	3.113207270994	0.078842
5	48722	3.113222926537	0.078836
5	48738	3.114176904604	0.078792
5	48742	3.114227142624	0.078893
5	48749	3.11515611964	0.078838
5	48753	3.115215759022	0.086898
5	48763	3.116154337635	0.079838
5	48770	3.116255135328	0.087962
5	48780	3.117139721158	0.078881
5	48784	3.117283558918	0.079027
5	48794	3.11815833979	0.080214
5	48801	3.118279708591	0.088621
5	48811	3.119167398947	0.079906
5	48815	3.119308396915	0.079187
5	48825	3.120138899744	0.078914
5	48832	3.120263471623	0.078879
5	48842	3.121172639822	0.078766
5	48846	3.121218134661	0.078755
5	48856	3.122154715545	0.078785
5	48863	3.122230425522	0.079041
5	48876	3.123198314549	0.079236
5	48880	3.123263458725	0.079987
5	48890	3.124224108037	0.078762
5	48897	3.124254453707	0.079
5	48907	3.125251230028	0.078811
5	48911	3.125297034834	0.078902
5	48927	3.12626539202	0.078877
5	48931	3.126290250828	0.078843
5	48938	3.127299069826	0.078686
5	48942	3.127307835997	0.078737
5	48955	3.128274384899	0.078963
5	48959	3.128338236254	0.078984
5	48969	3.129269595099	0.078812
5	48973	3.129344614856	0.078865
5	48986	3.130243848285	0.082385
5	48990	3.130375846362	0.079244
5	49000	3.131239529554	0.078996
5	49004	3.131334061982	0.078831
5	49014	3.132260757362	0.079113
5	49024	3.1322901382	0.078734
5	49031	3.133232167595	0.078915
5	49035	3.133267944882	0.078817
5	49048	3.1342188737	0.078684
5	49052	3.13422433316	0.081772
5	49062	3.135210621578	0.080559
5	49066	3.13526426806	0.079128
5	49076	3.136172937344	0.079017
5	49080	3.136246446431	0.08009
5	49093	3.137207887674	0.078768
5	49097	3.137216409523	0.078893
5	49107	3.138172613258	0.079061
5	49114	3.138252117207	0.07898
5	49124	3.139153908676	0.084069
5	49128	3.139279716426	0.079427
5	49138	3.140189324951	0.078993
5	49142	3.140272006909	0.078893
5	49155	3.141231627999	0.085929
5	49159	3.141234205841	0.088368
5	49169	3.142237315389	0.079782
5	49173	3.14227701478	0.080408
5	49189	3.143279629599	0.079454
5	49193	3.14332238719	0.079233
5	49203	3.144280772917	0.078997
5	49207	3.144284024338	0.078831
5	49220	3.145245490353	0.07909
5	49224	3.145323376224	0.079005
5	49237	3.146286393838	0.07887
5	49241	3.146288408565	0.078896
5	49251	3.147256030355	0.078795
5	49255	3.147303205071	0.078782
5	49265	3.148266490449	0.078833
5	49269	3.148272374066	0.080099
5	49282	3.149273914386	0.078984
5	49286	3.149289236841	0.079092
5	49296	3.15028769052	0.07908
5	49300	3.150323795152	0.078882
5	49313	3.151281731385	0.079
5	49317	3.151348063541	0.07928
5	49330	3.152297314068	0.081332
5	49334	3.152395744301	0.090037
5	49344	3.153325482324	0.080499
5	49348	3.153362228964	0.080343
5	49358	3.154373510083	0.079949
5	49365	3.154402746021	0.080101
5	49375	3.155336164508	0.079249
5	49379	3.155379367857	0.079076
5	49389	3.156311186612	0.079416
5	49393	3.15642509389	0.078844
5	49406	3.157295466318	0.078894
5	49410	3.157388805883	0.078803
5	49420	3.158284657258	0.078957
5	49424	3.158371687338	0.078853
5	49437	3.159261163108	0.078779
5	49441	3.159409303463	0.078804
5	49451	3.160225907916	0.078684
5	49458	3.160375332346	0.078901
5	49468	3.161239076111	0.080863
5	49472	3.161368980274	0.082407
5	49482	3.162246570832	0.086704
5	49486	3.162347936824	0.091731
5	49502	3.163228871579	0.082978
5	49506	3.163304960795	0.081217
5	49513	3.164241105741	0.081389
5	49523	3.164294625366	0.081949
5	49533	3.165254881144	0.079523
5	49537	3.165310970472	0.091625
5	49547	3.166281780367	0.07977
5	49551	3.166293144949	0.080101
5	49564	3.167269712521	0.079465
5	49568	3.167274841019	0.079488
5	49575	3.168226229906	0.079163
5	49582	3.168324233611	0.07942
5	49595	3.169256475356	0.080786
5	49599	3.169297685509	0.081169
5	49606	3.170212810049	0.082366
5	49613	3.170292093022	0.081038
5	49626	3.171195670971	0.079207
5	49630	3.171333486705	0.07942
5	49637	3.1721547497	0.088806
5	49641	3.172285305866	0.079646
5	49657	3.173113567358	0.082056
5	49661	3.173303405559	0.080885
5	49665	3.174069034552	0.080122
5	49672	3.174254562396	0.079383
5	49688	3.17506749609	0.079622
5	49692	3.175281806989	0.078703
5	49696	3.176077393113	0.078989
5	49706	3.176287843386	0.079106
5	49719	3.177028667333	0.07912
5	49723	3.177279813801	0.079097
5	49727	3.178008818151	0.078902
5	49737	3.178294420744	0.078869
5	49750	3.179044304472	0.079296
5	49754	3.179273159645	0.080487
5	49761	3.18004135247	0.079006
5	49765	3.180243386503	0.079086
5	49781	3.18101810054	0.078752
5	49785	3.181261184976	0.079165
5	49789	3.182038678136	0.079007
5	49799	3.182308025896	0.079467
5	49815	3.18308365886	0.088626
5	49819	3.183273820324	0.084603
5	49826	3.184131957398	0.079047
5	49833	3.184239519851	0.079195
5	49846	3.185149494021	0.080666
5	49850	3.185210323667	0.079098
5	49857	3.186115125128	0.079
5	49861	3.186161129396	0.078926
5	49877	3.18708740055	0.079006
5	49881	3.187154595776	0.079086
5	49888	3.188088198941	0.078866
5	49892	3.188108780218	0.079224
5	49908	3.189059537696	0.078913
5	49912	3.189107519592	0.079041
5	49919	3.190082339463	0.078765
5	49923	3.190086109483	0.078825
5	49939	3.191078169487	0.085612
5	49943	3.191092582522	0.080894
5	49947	3.192040009263	0.078835
5	49957	3.192129012969	0.07891
5	49970	3.19306268335	0.078851
5	49974	3.19310865814	0.079044
5	49981	3.194020536386	0.079882
5	49985	3.194072156254	0.087676
5	50001	3.195029130489	0.079827
5	50005	3.195056693188	0.079053
5	50012	3.196043247746	0.079028
5	50019	3.196075735232	0.19734
5	50032	3.197049907068	0.097416
5	50036	3.197120565528	0.081591
5	50046	3.19807819292	0.079696
5	50050	3.198090623261	0.079004
5	50063	3.199061929212	0.079685
5	50067	3.199099910398	0.079947
5	50077	3.20009697833	0.079786
5	50081	3.200136026104	0.079165
5	50094	3.201101036756	0.078761
5	50098	3.201149034402	0.079216
5	50105	3.202101580648	0.079017
5	50109	3.202167299089	0.079112
5	50128	3.203129583243	0.079981
5	50132	3.203140610934	0.078951
5	50139	3.204102739458	0.078944
5	50143	3.20413542431	0.078905
5	50159	3.205080131872	0.180049
5	50163	3.205158551885	0.113866
5	50170	3.206052030046	0.079433
5	50174	3.206115466633	0.079376
5	50187	3.207060709589	0.079026
5	50194	3.207130447798	0.079167
5	50201	3.208087379452	0.078894
5	50205	3.20815067717	0.078931
5	50218	3.209038833291	0.078794
5	50225	3.209162028791	0.078939
5	50232	3.210011236889	0.078902
5	50236	3.210179967928	0.078961
5	50252	3.211036741023	0.079151
5	50256	3.211209089828	0.079049
5	50263	3.212081804435	0.079105
5	50273	3.212190552331	0.079092
5	50283	3.213090230301	0.078897
5	50287	3.213174372137	0.079149
5	50297	3.214055959664	0.079116
5	50304	3.214194184839	0.092183
5	50314	3.215031185999	0.087006
5	50318	3.21518697185	0.08008
5	50328	3.216057784833	0.079342
5	50335	3.216188941479	0.079168
5	50342	3.217031394053	0.078772
5	50349	3.217209237661	0.079028
5	50362	3.218054718382	0.078934
5	50366	3.218214285483	0.080181
5	50376	3.219055106823	0.078868
5	50380	3.219214373881	0.078782
5	50393	3.220055515552	0.078861
5	50397	3.220234191466	0.078997
5	50407	3.221080199463	0.078984
5	50411	3.221198674056	0.078953
5	50424	3.22208087789	0.078776
5	50428	3.222151736596	0.078908
5	50441	3.223057445469	0.079177
5	50445	3.223186943807	0.07899
5	50455	3.224019345447	0.080078
5	50462	3.224161066136	0.078976
5	50472	3.225002105735	0.08878
5	50476	3.225172682863	0.07952
5	50489	3.226039488534	0.079172
5	50493	3.226191910901	0.083867
5	50503	3.227018806799	0.079008
5	50507	3.227235847453	0.078766
5	50520	3.228044292851	0.078776
5	50524	3.228279592551	0.078801
5	50534	3.229030690606	0.078791
5	50538	3.229266673107	0.078866
5	50551	3.23000038638	0.078995
5	50555	3.230222109539	0.078748
5	50565	3.231038535234	0.078859
5	50569	3.231208153522	0.078708
5	50582	3.232061142161	0.078773
5	50586	3.232211970465	0.078703
5	50596	3.233088325108	0.078875
5	50600	3.233250161834	0.078695
5	50613	3.234117104063	0.078972
5	50617	3.234267207583	0.078991
5	50627	3.235082153414	0.086597
5	50631	3.235263272119	0.080826
5	50644	3.236125915386	0.079499
5	50648	3.23629339726	0.081043
5	50658	3.237108893216	0.080399
5	50662	3.237320702759	0.080323
5	50675	3.238125837259	0.079055
5	50679	3.238272595489	0.148153
5	50689	3.239150990831	0.080168
5	50693	3.239306657425	0.081045
5	50706	3.240194198867	0.084377
5	50710	3.240293883382	0.082597
5	50720	3.241214364881	0.079315
5	50724	3.241321159533	0.079447
5	50737	3.242176065874	0.08004
5	50741	3.242313201311	0.078824
5	50754	3.243225007949	0.079499
5	50758	3.243272548562	0.079285
5	50771	3.244179643951	0.079159
5	50775	3.244258661399	0.079422
5	50785	3.245187100937	0.079649
5	50792	3.245276709553	0.089598
5	50802	3.246204532272	0.080403
5	50806	3.246264754716	0.079716
5	50816	3.247220599721	0.079131
5	50820	3.247241664466	0.080207
5	50833	3.248205782365	0.079071
5	50837	3.24825721846	0.083751
5	50847	3.249209196915	0.078883
5	50851	3.249244435612	0.078814
5	50866	3.250176506182	0.109715
5	50870	3.25029218255	0.086509
5	50880	3.251207204387	0.08293
5	50884	3.25129931852	0.08253
5	50897	3.25225520271	0.08275
5	50901	3.252305811657	0.083034
5	50911	3.253210994234	0.082409
5	50915	3.253333792105	0.083138
5	50928	3.254214918145	0.083175
5	50932	3.254301261931	0.083028
5	50942	3.25516794037	0.082169
5	50946	3.25527597617	0.082667
5	50959	3.256125049962	0.083476
5	50963	3.256230952106	0.082805
5	50973	3.257125051434	0.087921
5	50977	3.257265676539	0.086045
5	50987	3.258132504361	0.082713
5	50991	3.258216083146	0.082353
5	51004	3.259168706436	0.098804
5	51008	3.259235703896	0.083876
5	51018	3.260149495662	0.082512
5	51022	3.260236817364	0.082094
5	51035	3.26115849746	0.081895
5	51039	3.261245008833	0.08272
5	51049	3.262157761894	0.082107
5	51053	3.262220866753	0.079075
5	51069	3.263135712642	0.080763
5	51073	3.263223139342	0.079699
5	51083	3.264153221568	0.093094
5	51087	3.264201964376	0.081124
5	51100	3.265173733462	0.079312
5	51104	3.265237616803	0.079114
5	51114	3.266158005496	0.078987
5	51118	3.266228985787	0.078868
5	51131	3.267197773697	0.078914
5	51135	3.267247079167	0.09644
5	51145	3.268207263409	0.079671
5	51149	3.268227637258	0.078802
5	51162	3.269227526399	0.079161
5	51166	3.269249953337	0.090773
5	51176	3.270227666197	0.079781
5	51180	3.270268086056	0.079415
5	51196	3.27126980155	0.079031
5	51200	3.271271100029	0.078958
5	51207	3.272252641629	0.078714
5	51211	3.272281634514	0.079056
5	51227	3.273208910665	0.079248
5	51231	3.273309010867	0.080243
5	51238	3.274208576468	0.079027
5	51242	3.274267390093	0.078953
5	51258	3.275173727198	0.079056
5	51262	3.275286508038	0.079057
5	51269	3.276150618	0.078795
5	51273	3.276328557624	0.079121
5	51286	3.277141214769	0.079036
5	51293	3.277347395773	0.07928
5	51300	3.278105410392	0.078833
5	51307	3.278388415576	0.079192
5	51317	3.279133984293	0.078858
5	51324	3.279429626122	0.078954
5	51331	3.280114374611	0.080302
5	51338	3.280415513426	0.080371
5	51345	3.281159823204	0.082401
5	51355	3.281455922095	0.082592
5	51362	3.282151236677	0.081776
5	51369	3.282432572336	0.080573
5	51376	3.283175515438	0.080066
5	51389	3.283473109083	0.080952
5	51399	3.284148245567	0.0803
5	51403	3.284501332721	0.081532
5	51410	3.285150756244	0.081342
5	51423	3.285511805857	0.083317
5	51427	3.286145263263	0.081003
5	51434	3.286483270194	0.080641
5	51441	3.287190329697	0.081073
5	51451	3.287479422081	0.080937
5	51458	3.288234094469	0.07997
5	51465	3.28844789704	0.080139
5	51475	3.289214452865	0.081693
5	51482	3.289432662972	0.082014
5	51489	3.290258760223	0.088758
5	51496	3.290470932885	0.083151
5	51506	3.291223889858	0.081422
5	51513	3.291454618064	0.082064
5	51520	3.292203329931	0.094876
5	51527	3.292487684638	0.080705
5	51534	3.29317167033	0.079758
5	51541	3.293460235449	0.079676
5	51551	3.294201636928	0.079737
5	51558	3.29442901886	0.079316
5	51565	3.295206579944	0.079312
5	51569	3.295458442316	0.079683
5	51582	3.29622004457	0.082262
5	51586	3.296448991782	0.080518
5	51596	3.297174660791	0.08046
5	51603	3.297449496335	0.083043
5	51613	3.29822047643	0.083732
5	51617	3.2984222648	0.081859
5	51627	3.299241669711	0.082044
5	51634	3.299428092433	0.083015
5	51644	3.300194270072	0.082933
5	51651	3.300475412362	0.091482
5	51658	3.301209340855	0.082412
5	51665	3.301464364913	0.082414
5	51675	3.302254202015	0.081411
5	51682	3.302442651622	0.186218
5	51689	3.303210288398	0.085374
5	51699	3.303416156629	0.084554
5	51709	3.304223962113	0.081043
5	51713	3.304392905514	0.083234
5	51723	3.305216475404	0.083354
5	51730	3.305439816272	0.080197
5	51740	3.306228676425	0.079507
5	51747	3.306415568934	0.079221
5	51754	3.307260553615	0.079146
5	51761	3.307434283288	0.079306
5	51774	3.30822972968	0.078823
5	51778	3.308435096119	0.078735
5	51785	3.309249438638	0.078883
5	51789	3.309461678934	0.080277
5	51802	3.310296590316	0.080668
5	51809	3.310510681532	0.080586
5	51816	3.3112564023	0.08041
5	51823	3.3115304113	0.088532
5	51833	3.312302553847	0.079798
5	51840	3.31256065239	0.078838
5	51847	3.313328815213	0.079102
5	51851	3.31351694661	0.08988
5	51864	3.314311928277	0.079756
5	51871	3.31450361273	0.079252
5	51878	3.315317756272	0.078991
5	51882	3.315533068343	0.080188
5	51898	3.316330374619	0.079332
5	51902	3.316503264551	0.078985
5	51909	3.317296002406	0.079059
5	51913	3.317523265353	0.078949
5	51929	3.318295950788	0.078895
5	51933	3.318547893255	0.078874
5	51940	3.319302048543	0.079151
5	51944	3.319533881765	0.079131
5	51960	3.320278365794	0.078897
5	51964	3.320492724155	0.078862
5	51971	3.321275356993	0.078658
5	51975	3.321462281697	0.07888
5	51991	3.322226436618	0.080168
5	51995	3.322431832561	0.078888
5	52002	3.323232359984	0.07902
5	52006	3.323395420594	0.08943
5	52025	3.324253850823	0.084621
5	52029	3.324440164438	0.082595
5	52036	3.325299084049	0.082363
5	52040	3.325405905421	0.081095
5	52056	3.326347407721	0.079664
5	52060	3.326376866933	0.079742
5	52067	3.327383731492	0.079934
5	52071	3.327417926537	0.081911
5	52087	3.328346709719	0.079246
5	52091	3.328435141991	0.079278
5	52098	3.329384902237	0.079097
5	52102	3.329437636338	0.078692
5	52118	3.330393785283	0.078839
5	52122	3.330436802274	0.079041
5	52129	3.33137738353	0.079211
5	52133	3.331480822629	0.079135
5	52149	3.332401385024	0.078734
5	52156	3.332477240103	0.079165
5	52160	3.333388862395	0.079179
5	52164	3.333464048269	0.07917
5	52183	3.334372989775	0.088824
5	52187	3.334433225299	0.089166
5	52191	3.335324263061	0.079643
5	52195	3.335410359171	0.079176
5	52211	3.336328814243	0.085858
5	52218	3.336456632633	0.079593
5	52222	3.337365377089	0.078938
5	52226	3.337435034684	0.079078
5	52242	3.338409635034	0.078983
5	52246	3.338459827212	0.07904
5	52253	3.339437664078	0.079105
5	52257	3.33945862735	0.079439
5	52273	3.340439942668	0.080011
5	52277	3.340473726946	0.081251
5	52284	3.341398917189	0.085802
5	52288	3.341505551675	0.082098
5	52301	3.342416588567	0.082904
5	52305	3.342509207285	0.082793
5	52315	3.343430737659	0.082496
5	52319	3.343522079036	0.081771
5	52335	3.34446353974	0.085704
5	52339	3.344569994328	0.08074
5	52349	3.345490367292	0.081266
5	52353	3.345556649179	0.082264
5	52366	3.346526770838	0.081537
5	52370	3.346604797567	0.081653
5	52380	3.34751064097	0.080716
5	52387	3.347584717847	0.079494
5	52397	3.348539689468	0.079893
5	52401	3.348547257724	0.079257
5	52414	3.349500439708	0.078979
5	52418	3.349535977316	0.079454
5	52428	3.350510564083	0.080947
5	52432	3.350515307842	0.080192
5	52445	3.351517035119	0.079691
5	52452	3.351562945231	0.081794
5	52459	3.352536233327	0.081565
5	52463	3.352547764247	0.081296
5	52473	3.353526851017	0.082409
5	52477	3.35358347438	0.092004
5	52490	3.354547044247	0.080816
5	52494	3.354607950689	0.079441
5	52504	3.355583304342	0.080092
5	52508	3.355584462817	0.079971
5	52521	3.356575679478	0.092931
5	52525	3.356628054199	0.080246
5	52535	3.357530676218	0.07929
5	52545	3.357633831917	0.079008
5	52552	3.358528298897	0.080034
5	52559	3.358678395519	0.078771
5	52569	3.359547372757	0.07897
5	52576	3.359724580652	0.078854
5	52583	3.360528182647	0.079089
5	52590	3.360734744816	0.079581
5	52600	3.361486461707	0.079053
5	52607	3.36175640433	0.079065
5	52614	3.362532692432	0.079971
5	52621	3.362723884807	0.079259
5	52637	3.363507079503	0.08087
5	52644	3.36374704713	0.081033
5	52648	3.364472047529	0.079348
5	52655	3.364697489806	0.091731
5	52662	3.365426874722	0.08281
5	52675	3.36566930481	0.082282
5	52679	3.366457275848	0.083562
5	52683	3.366657513689	0.080952
5	52693	3.367437477739	0.163556
5	52703	3.367686166225	0.082021
5	52710	3.368403737066	0.081071
5	52714	3.368637431276	0.080308
5	52724	3.369440279385	0.080695
5	52734	3.369643843356	0.07975
5	52741	3.370436516631	0.079332
5	52745	3.370637989287	0.079456
5	52755	3.37143769363	0.091876
5	52765	3.37168208593	0.080518
5	52772	3.372485284088	0.079131
5	52776	3.372702735129	0.079076
5	52786	3.373491150697	0.079043
5	52796	3.373747395054	0.078819
5	52803	3.374483994696	0.087343
5	52807	3.374710609657	0.079684
5	52820	3.375492842586	0.079081
5	52827	3.375661686369	0.079842
5	52834	3.376536633366	0.078829
5	52838	3.376637267401	0.07898
5	52851	3.377496505564	0.078609
5	52858	3.37759446239	0.087734
5	52865	3.378541726402	0.078892
5	52869	3.378639611902	0.078876
5	52885	3.379520540283	0.078963
5	52889	3.379592671803	0.078575
5	52896	3.380520361848	0.078989
5	52900	3.380554156153	0.079091
5	52916	3.381529641034	0.078838
5	52920	3.381564537217	0.078788
5	52927	3.382498699086	0.080261
5	52931	3.38261087218	0.078738
5	52950	3.383469617319	0.079244
5	52954	3.383639507645	0.081135
5	52961	3.384476379227	0.079388
5	52965	3.384610531544	0.079161
5	52978	3.385438702671	0.079108
5	52988	3.385646408543	0.078822
5	52992	3.386459515985	0.078981
5	52996	3.386606846562	0.078828
5	53009	3.387442624159	0.078989
5	53013	3.38757656577	0.079952
5	53023	3.388451064668	0.078748
5	53027	3.388614022551	0.078881
5	53040	3.389405099704	0.078802
5	53047	3.389587831714	0.078776
5	53054	3.390417550947	0.078733
5	53058	3.390569890085	0.078716
5	53071	3.391413688386	0.078641
5	53075	3.391538720514	0.078943
5	53085	3.392409450875	0.078742
5	53089	3.392548502662	0.07871
5	53102	3.393434447306	0.078853
5	53106	3.393595363795	0.086392
5	53116	3.394473134293	0.082224
5	53120	3.394575253846	0.080913
5	53133	3.395445061474	0.080434
5	53137	3.395571758337	0.078892
5	53147	3.396400068158	0.078905
5	53151	3.39659423518	0.079008
5	53164	3.397444588487	0.078793
5	53168	3.39755518044	0.078862
5	53178	3.398481760893	0.078866
5	53182	3.398601923182	0.078821
5	53195	3.399451572771	0.07871
5	53199	3.399621907648	0.079087
5	53209	3.400459763975	0.08266
5	53213	3.400573845845	0.081096
5	53223	3.401477303968	0.080511
5	53230	3.401597440326	0.08053
5	53240	3.402467103096	0.080344
5	53244	3.402642807902	0.080202
5	53254	3.403470341123	0.079436
5	53264	3.4036435338	0.080723
5	53274	3.404446436846	0.079092
5	53278	3.404621172489	0.078764
5	53288	3.405485269817	0.078913
5	53295	3.405608511676	0.078625
5	53305	3.406452507733	0.0787
5	53309	3.406609500894	0.07881
5	53322	3.407490517479	0.078782
5	53329	3.407655476614	0.0788
5	53336	3.408511553195	0.078862
5	53340	3.408626457411	0.168001
5	53356	3.409521827035	0.079836
5	53360	3.409592974211	0.079298
5	53367	3.41054562361	0.079116
5	53371	3.410588438906	0.078998
5	53387	3.411543897433	0.078782
5	53391	3.411547309794	0.078728
5	53398	3.412498941739	0.079926
5	53402	3.412553609344	0.079086
5	53418	3.413528043521	0.079071
5	53422	3.413559347051	0.079079
5	53429	3.414521902255	0.087851
5	53436	3.414572736679	0.079683
5	53449	3.415477351069	0.07934
5	53453	3.415538701043	0.078922
5	53460	3.416526360665	0.08143
5	53464	3.416535103721	0.079833
5	53480	3.417484721463	0.079634
5	53484	3.417584214364	0.079273
5	53491	3.418516768693	0.079462
5	53495	3.418575466233	0.078803
5	53511	3.419507639861	0.07902
5	53515	3.419529133954	0.078736
5	53522	3.420526550042	0.080333
5	53526	3.420577426371	0.079401
5	53542	3.421548854825	0.078892
5	53546	3.421553429571	0.079003
5	53556	3.422578924555	0.078787
5	53560	3.422598784429	0.084181
5	53576	3.423577534153	0.079585
5	53580	3.423599030987	0.079582
5	53587	3.424608638741	0.078899
5	53591	3.42461975988	0.07911
5	53607	3.425579558197	0.089575
5	53611	3.425600291248	0.079706
5	53618	3.426531388259	0.078878
5	53622	3.42663184928	0.07897
5	53638	3.427507111403	0.07896
5	53642	3.427633006137	0.078815
5	53649	3.428537299857	0.078972
5	53656	3.428680597699	0.078899
5	53669	3.429510136518	0.078676
5	53673	3.429656796339	0.078692
5	53683	3.430469185824	0.079957
5	53687	3.430627064827	0.079018
5	53697	3.4314439661	0.079043
5	53704	3.431638057357	0.078725
5	53711	3.432449227178	0.078704
5	53718	3.432666099728	0.078944
5	53728	3.433471299484	0.079229
5	53735	3.433693461009	0.0798
5	53745	3.434502370967	0.079211
5	53749	3.434659688198	0.079964
5	53759	3.435512333178	0.079079
5	53763	3.435677422257	0.078912
5	53773	3.436505473906	0.078822
5	53780	3.436703700961	0.088183
5	53790	3.437541716873	0.081686
5	53794	3.437691687861	0.079435
5	53804	3.438552688924	0.079961
5	53811	3.438649021479	0.079347
5	53821	3.439558708514	0.094408
5	53825	3.439652717269	0.080671
5	53835	3.440554722072	0.079706
5	53839	3.440654358531	0.079034
5	53852	3.441548425381	0.079414
5	53856	3.441662669909	0.079069
5	53866	3.44250976773	0.081793
5	53873	3.442641282625	0.083799
5	53886	3.44349280899	0.079434
5	53893	3.443639794867	0.078952
5	53900	3.444520569891	0.089561
5	53907	3.444653875604	0.07991
5	53917	3.445473030333	0.079045
5	53924	3.445618385459	0.07897
5	53934	3.446461113504	0.079008
5	53938	3.446576442295	0.079399
5	53945	3.447440070021	0.079225
5	53955	3.447562590343	0.090662
5	53962	3.448419217609	0.081228
5	53966	3.448550157276	0.079133
5	53976	3.449445392546	0.078873
5	53983	3.44956193855	0.078963
5	53993	3.45042564865	0.079118
5	54000	3.450560054519	0.07873
5	54013	3.451448691868	0.078818
5	54017	3.451582916919	0.078765
5	54024	3.452459018849	0.078853
5	54031	3.452584612194	0.079115
5	54041	3.453447307729	0.07879
5	54048	3.45355728587	0.078606
5	54055	3.454411642921	0.078765
5	54062	3.454561406753	0.079994
5	54072	3.455365160016	0.08021
5	54079	3.455549134504	0.080324
5	54086	3.456407385135	0.080279
5	54093	3.456502281413	0.080389
5	54103	3.45737664005	0.079461
5	54107	3.457514819355	0.078737
5	54117	3.458416308824	0.078964
5	54121	3.458480663602	0.078766
5	54134	3.459449674175	0.087287
5	54138	3.459485138718	0.07978
5	54148	3.46040072271	0.078849
5	54152	3.460465849622	0.078886
5	54168	3.461362721628	0.080192
5	54172	3.461494113016	0.079085
5	54179	3.462376006267	0.078797
5	54183	3.462454635133	0.078693
5	54199	3.463378333008	0.079186
5	54206	3.463456267601	0.07887
5	54213	3.464407762897	0.078789
5	54217	3.464499990497	0.078763
5	54230	3.465381864554	0.078781
5	54234	3.46548922857	0.078861
5	54244	3.466356319367	0.078938
5	54248	3.466454787375	0.07881
5	54261	3.467401501739	0.083735
5	54268	3.467414223168	0.07908
5	54275	3.468421229374	0.078896
5	54279	3.468459334172	0.089226
5	54295	3.469392208871	0.079773
5	54299	3.46942730993	0.079031
5	54306	3.470349549749	0.078947
5	54310	3.470436912772	0.081103
5	54326	3.471334914361	0.079093
5	54330	3.471393213204	0.078726
5	54337	3.472343724272	0.079064
5	54341	3.472407399339	0.078743
5	54354	3.473343422986	0.080108
5	54358	3.473358023923	0.078878
5	54368	3.474310767742	0.0787
5	54372	3.474363288616	0.078726
5	54382	3.47533480972	0.078842
5	54389	3.475399185049	0.078907
5	54399	3.476380732471	0.078823
5	54403	3.476407891649	0.078665
5	54419	3.477380600709	0.081773
5	54423	3.477407435793	0.080107
5	54430	3.478418929564	0.078925
5	54434	3.47844472236	0.078892
5	54450	3.479423155895	0.078817
5	54454	3.47946492661	0.080065
5	54461	3.480466590123	0.078939
5	54465	3.48047228257	0.078826
5	54481	3.481451999483	0.078902
5	54485	3.481492676327	0.078825
5	54492	3.482415154213	0.087985
5	54496	3.482522597608	0.07991
5	54515	3.4834104214	0.079492
5	54519	3.483494282718	0.078858
5	54526	3.48445230923	0.078924
5	54530	3.484452679095	0.078834
5	54546	3.485402855805	0.079577
5	54550	3.485481675105	0.078886
5	54557	3.486356402233	0.079211
5	54561	3.486485763017	0.0788
5	54577	3.487372851743	0.078788
5	54581	3.487460013627	0.078991
5	54588	3.488408695024	0.078676
5	54592	3.488508134547	0.078675
5	54608	3.489398459311	0.078931
5	54612	3.489474211139	0.083975
5	54619	3.49037263404	0.078998
5	54623	3.490431062248	0.078903
5	54639	3.491326181355	0.078864
5	54643	3.491421599091	0.080738
5	54650	3.492347170455	0.080259
5	54654	3.492385197853	0.080437
5	54670	3.493334788602	0.088262
5	54674	3.493399545902	0.079841
5	54681	3.494373201535	0.079294
5	54685	3.494409294203	0.079051
5	54701	3.495358428198	0.078973
5	54705	3.495374478006	0.078855
5	54712	3.496329025252	0.078914
5	54716	3.496353226701	0.078929
5	54732	3.49731378602	0.078977
5	54736	3.497390850688	0.078851
5	54743	3.498358826512	0.082733
5	54747	3.498359899346	0.079491
5	54763	3.499312929106	0.079035
5	54767	3.4993550042	0.078733
5	54776	3.500299541187	0.097807
5	54780	3.500306681542	0.079784
5	54796	3.501317139955	0.079446
5	54800	3.501322585016	0.08038
5	54807	3.502311050564	0.079274
5	54811	3.502320745456	0.078964
5	54830	3.503297826629	0.079373
5	54834	3.50333331019	0.079211
5	54841	3.504251020039	0.079193
5	54845	3.504290816343	0.079185
5	54861	3.505286914198	0.079207
5	54865	3.505312147074	0.079032
5	54872	3.50629913847	0.079147
5	54876	3.506306158958	0.078992
5	54892	3.507289410603	0.079301
5	54896	3.507307533254	0.080001
5	54903	3.508297259111	0.07887
5	54907	3.508319871935	0.078931
5	54923	3.509295480429	0.091453
5	54927	3.50933189725	0.080264
5	54934	3.510264999385	0.079355
5	54938	3.510297341589	0.079084
5	54954	3.511297070413	0.07894
5	54958	3.511343580954	0.078775
5	54965	3.512274142392	0.078858
5	54969	3.512334324704	0.078882
5	54985	3.513255241473	0.078843
5	54989	3.513378599541	0.078899
5	54996	3.514210850251	0.080839
5	55003	3.514330661827	0.080352
5	55016	3.515183737883	0.080209
5	55020	3.515303082546	0.078789
5	55027	3.516181804899	0.078853
5	55034	3.516297723873	0.078903
5	55047	3.517165092917	0.078996
5	55051	3.517295360025	0.078778
5	55055	3.518133823946	0.078743
5	55065	3.518270666621	0.07874
5	55078	3.519104403499	0.078976
5	55082	3.519251520579	0.078544
5	55086	3.520139901144	0.078963
5	55093	3.520264772023	0.089903
5	55109	3.521117560458	0.079803
5	55113	3.52126854851	0.079252
5	55120	3.522165397884	0.15625
5	55124	3.522228942365	0.090783
5	55143	3.523199876376	0.098033
5	55147	3.52321329116	0.089696
5	55154	3.524152609668	0.081322
5	55158	3.524188583137	0.088969
5	55174	3.525159913968	0.079909
5	55178	3.525160386765	0.079614
5	55182	3.526134214919	0.080189
5	55186	3.526181099775	0.079384
5	55202	3.527113405756	0.080114
5	55209	3.52718927759	0.080468
5	55216	3.528150897979	0.08176
5	55220	3.528202386741	0.081223
5	55236	3.529169532087	0.083148
5	55240	3.529222580392	0.080282
5	55244	3.530197829346	0.080256
5	55248	3.530215321571	0.093256
5	55264	3.531171541318	0.079519
5	55271	3.531199116417	0.079755
5	55278	3.532181312494	0.081746
5	55282	3.532247501912	0.079487
5	55295	3.533144212046	0.079432
5	55302	3.533271834587	0.079302
5	55306	3.534192407647	0.079115
5	55310	3.534262813551	0.078852
5	55326	3.535192879354	0.079871
5	55330	3.535248741199	0.079146
5	55337	3.536209538627	0.079268
5	55344	3.53628811668	0.079214
5	55360	3.537258424162	0.079317
5	55364	3.537284500431	0.079724
5	55368	3.538246620836	0.079238
5	55372	3.538272485377	0.079015
5	55391	3.539281112818	0.079033
5	55395	3.539282485068	0.078859
5	55399	3.540256035843	0.079074
5	55403	3.540298467216	0.079891
5	55419	3.541221203145	0.079728
5	55426	3.54134247449	0.080407
5	55430	3.542263093656	0.089075
5	55437	3.542359437463	0.081546
5	55456	3.543247052332	0.081277
5	55460	3.543398008417	0.079265
5	55464	3.544264967556	0.079092
5	55468	3.544398871032	0.078835
5	55487	3.545285347071	0.0792
5	55491	3.545417331561	0.079102
5	55495	3.546278638134	0.078799
5	55499	3.546374754073	0.07877
5	55518	3.547260613641	0.080197
5	55522	3.547363058529	0.079002
5	55526	3.548310609853	0.079039
5	55530	3.548334534288	0.079369
5	55549	3.549275932864	0.079158
5	55553	3.54935987954	0.079093
5	55557	3.550276437812	0.078706
5	55561	3.55031550815	0.079002
5	55580	3.551278305111	0.078656
5	55584	3.551281455598	0.089082
5	55591	3.552264448029	0.079603
5	55595	3.552264897402	0.079367
5	55608	3.553224729427	0.084611
5	55612	3.553293098978	0.07972
5	55622	3.554243918032	0.079032
5	55629	3.55431946151	0.078952
5	55639	3.555228778668	0.079019
5	55646	3.555308336974	0.079245
5	55656	3.556245436433	0.079279
5	55660	3.556292638325	0.078909
5	55673	3.557243423489	0.078892
5	55677	3.557286143055	0.078966
5	55687	3.558269991779	0.079152
5	55691	3.558319465044	0.079049
5	55704	3.559312545815	0.078967
5	55708	3.559364355438	0.080123
5	55718	3.560277066355	0.079053
5	55725	3.560384858451	0.07912
5	55735	3.561238362702	0.07896
5	55739	3.561401751725	0.090157
5	55749	3.562285831804	0.07988
5	55753	3.562367646607	0.079127
5	55769	3.563313695235	0.080864
5	55773	3.56338884932	0.079038
5	55786	3.564312686916	0.078794
5	55790	3.564396779498	0.079224
5	55800	3.565277155222	0.163605
5	55804	3.565368842474	0.08044
5	55814	3.566286084998	0.079439
5	55818	3.566318848026	0.079132
5	55831	3.567313404898	0.079459
5	55835	3.567329288985	0.079249
5	55845	3.568292390714	0.078808
5	55849	3.568337829434	0.078984
5	55862	3.569282226562	0.07873
5	55866	3.569310218085	0.078761
5	55876	3.57024532014	0.082793
5	55883	3.570321815265	0.083164
5	55890	3.571282652462	0.080329
5	55894	3.571287881649	0.078884
5	55910	3.572261897699	0.089467
5	55914	3.572267849981	0.079635
5	55921	3.573215006351	0.079217
5	55925	3.573218129596	0.078914
5	55938	3.574165912429	0.078923
5	55942	3.574249458007	0.079021
5	55952	3.57519780132	0.079118
5	55956	3.575243188756	0.078893
5	55969	3.576188096629	0.078792
5	55973	3.576211543556	0.079061
5	55983	3.577178263026	0.079227
5	55987	3.577182691924	0.078844
5	56000	3.578129302232	0.078863
5	56004	3.578175509169	0.078851
5	56014	3.579101986149	0.079239
5	56018	3.579191111146	0.07875
5	56031	3.580058818044	0.07897
5	56038	3.580203691918	0.078821
5	56045	3.581055917949	0.078831
5	56049	3.581196399693	0.086141
5	56059	3.582081239604	0.079781
5	56066	3.58221948575	0.079188
5	56079	3.583041650366	0.089332
5	56083	3.583187534851	0.079893
5	56093	3.584077906375	0.078997
5	56100	3.584179992017	0.079076
5	56110	3.585056669286	0.078902
5	56114	3.585221709805	0.078901
5	56124	3.586034046235	0.078896
5	56131	3.586240203612	0.078751
5	56141	3.587074691735	0.078831
5	56145	3.587262449588	0.078671
5	56152	3.588086544434	0.078848
5	56162	3.588292241288	0.078884
5	56172	3.589109467113	0.080003
5	56179	3.589304651317	0.078825
5	56186	3.590068128206	0.078789
5	56193	3.590326989413	0.078753
5	56203	3.591022939707	0.079089
5	56210	3.591361260368	0.078732
5	56214	3.591998480615	0.078637
5	56221	3.59237264209	0.0789
5	56234	3.592959988404	0.087978
5	56241	3.593367411524	0.085217
5	56245	3.594004960556	0.079602
5	56252	3.594379011038	0.078943
5	56265	3.594967149166	0.082737
5	56272	3.595401778887	0.082725
5	56276	3.595995522806	0.079036
5	56283	3.596418273562	0.083096
5	56296	3.596974706232	0.08039
5	56303	3.597375116616	0.082666
5	56307	3.59799798314	0.078849
5	56320	3.598402354201	0.078939
5	56327	3.599018683478	0.081389
5	56334	3.599446327554	0.080821
5	56341	3.600052690364	0.078514
5	56348	3.600461387085	0.078768
5	56358	3.601092655892	0.078836
5	56365	3.601462304558	0.078994
5	56372	3.602125653263	0.080946
5	56382	3.602475580711	0.080515
5	56392	3.603140456079	0.085227
5	56399	3.603478116467	0.082773
5	56406	3.6041605409	0.090288
5	56413	3.604471762196	0.080176
5	56423	3.605197808138	0.080554
5	56430	3.605436664778	0.080705
5	56437	3.606245705349	0.079784
5	56444	3.606403049274	0.079147
5	56454	3.60725816637	0.079183
5	56458	3.607423768159	0.143166
5	56468	3.608208490945	0.094979
5	56475	3.608416623252	0.101295
5	56485	3.60920945755	0.082362
5	56492	3.609391176803	0.081612
5	56499	3.610203436544	0.08413
5	56506	3.610386019593	0.098692
5	56516	3.611207156179	0.079768
5	56523	3.611343179609	0.079076
5	56530	3.61225075889	0.079085
5	56534	3.612349560154	0.079244
5	56547	3.613206152618	0.079003
5	56554	3.613374698151	0.078843
5	56561	3.614212298579	0.078811
5	56568	3.614363517383	0.079038
5	56578	3.61525819577	0.080122
5	56585	3.615314723851	0.078988
5	56595	3.6162418319	0.079132
5	56599	3.616284704747	0.078921
5	56612	3.617224032796	0.078954
5	56616	3.617326941724	0.078865
5	56626	3.618273153059	0.079187
5	56630	3.618306483949	0.078861
5	56643	3.619233139776	0.088681
5	56647	3.619330203549	0.079102
5	56657	3.620257815932	0.079072
5	56661	3.620356986473	0.078998
5	56674	3.621286411063	0.078914
5	56678	3.621329613843	0.079852
5	56688	3.622322512357	0.088705
5	56695	3.622364069909	0.079845
5	56708	3.623319775615	0.079759
5	56712	3.623393406966	0.079198
5	56722	3.624324603143	0.079172
5	56729	3.62443100879	0.078926
5	56739	3.625346358435	0.078934
5	56743	3.625438977142	0.078953
5	56756	3.626335662703	0.078881
5	56760	3.626449504091	0.07897
5	56770	3.627363370902	0.080204
5	56774	3.627439134865	0.078894
5	56787	3.628368414138	0.078885
5	56791	3.628450899055	0.078815
5	56801	3.629409650473	0.07892
5	56805	3.629417118037	0.078783
5	56818	3.630412022636	0.078877
5	56822	3.630451110165	0.078891
5	56832	3.63143418324	0.078692
5	56836	3.631465923169	0.078839
5	56846	3.632399639495	0.078942
5	56853	3.632447955013	0.078896
5	56863	3.633409298198	0.088624
5	56867	3.633484571158	0.081411
5	56877	3.634416013763	0.080454
5	56881	3.634520675853	0.080499
5	56894	3.635441379808	0.080434
5	56898	3.635522531175	0.080454
5	56908	3.636486930625	0.079631
5	56912	3.636502489569	0.078904
5	56925	3.637461343123	0.078881
5	56929	3.637479599587	0.085734
5	56939	3.638485814387	0.079766
5	56943	3.638528786469	0.079133
5	56956	3.639439938069	0.079072
5	56960	3.63950299585	0.078859
5	56970	3.64048818273	0.080032
5	56974	3.640488598348	0.078906
5	56987	3.641499103291	0.079007
5	56991	3.641538040841	0.083117
5	57001	3.642492293959	0.078845
5	57005	3.642561080752	0.078882
5	57021	3.643500869275	0.079765
5	57025	3.643584981589	0.078926
5	57038	3.644531869448	0.088908
5	57042	3.644574765271	0.079905
5	57052	3.645529233309	0.079387
5	57056	3.64553899896	0.080218
5	57069	3.646516820566	0.078892
5	57073	3.646538065853	0.078775
5	57083	3.647506180024	0.078873
5	57090	3.647571528579	0.078823
5	57100	3.648550781333	0.078984
5	57107	3.648605931094	0.079105
5	57117	3.649565789585	0.078799
5	57121	3.649574098161	0.078968
5	57134	3.650591805699	0.078676
5	57138	3.650612750935	0.078817
5	57148	3.651589874803	0.078894
5	57152	3.651593230918	0.078977
5	57162	3.652578857022	0.079988
5	57166	3.652585847019	0.078885
5	57179	3.653540049162	0.078678
5	57183	3.65360915911	0.085247
5	57193	3.654582618993	0.091081
5	57197	3.654655901475	0.080127
5	57207	3.655571278167	0.079231
5	57211	3.655632340438	0.078941
5	57224	3.656529235504	0.078982
5	57228	3.656616232565	0.0792
5	57238	3.657506987833	0.079152
5	57245	3.657608249429	0.078982
5	57255	3.65853210354	0.078944
5	57259	3.658567505553	0.078951
5	57269	3.659519841434	0.078971
5	57276	3.659613404235	0.079026
5	57286	3.660486598614	0.078869
5	57293	3.660607869546	0.081432
5	57300	3.661449844567	0.080066
5	57304	3.661571098148	0.07904
5	57323	3.662415221747	0.079675
5	57327	3.662591933724	0.079032
5	57331	3.663425041334	0.078822
5	57338	3.663563616364	0.086749
5	57351	3.664457874951	0.080514
5	57358	3.664544270781	0.079109
5	57365	3.665489723185	0.079012
5	57369	3.66557860811	0.081327
5	57382	3.666478849002	0.079299
5	57389	3.666626864251	0.081598
5	57396	3.667465411722	0.079141
5	57400	3.667614833706	0.079095
5	57410	3.668444318385	0.078794
5	57420	3.668659435541	0.078937
5	57424	3.669491054153	0.078769
5	57431	3.669680576006	0.080669
5	57444	3.670529767319	0.078744
5	57448	3.67064834724	0.081142
5	57458	3.671561260601	0.080492
5	57462	3.671683984907	0.080344
5	57475	3.672555407079	0.080411
5	57479	3.672648189203	0.080407
5	57489	3.673598373335	0.078871
5	57493	3.673663080273	0.078983
5	57506	3.67455434902	0.078587
5	57510	3.67468244325	0.078792
5	57520	3.675530569293	0.078877
5	57524	3.675670618809	0.087006
5	57537	3.676573181259	0.079613
5	57541	3.676665030537	0.079566
5	57551	3.677582352447	0.078857
5	57555	3.677620641349	0.079035
5	57565	3.678557111904	0.078763
5	57569	3.678632585048	0.079004
5	57585	3.679591081242	0.078844
5	57589	3.679658581634	0.078648
5	57599	3.680579644126	0.078922
5	57603	3.680642675421	0.078722
5	57616	3.681619610525	0.078798
5	57620	3.681632261019	0.078679
5	57630	3.682601034663	0.078827
5	57634	3.682624375361	0.078811
5	57647	3.683613391416	0.079055
5	57654	3.683641141499	0.078869
5	57661	3.68457398439	0.079046
5	57665	3.684622921851	0.078946
5	57678	3.685586953124	0.088437
5	57682	3.685589539025	0.079786
5	57692	3.686552915968	0.082652
5	57696	3.686585628538	0.078867
5	57712	3.687564479059	0.078959
5	57716	3.687594581302	0.078728
5	57723	3.688558659769	0.078803
5	57727	3.68860513436	0.079141
5	57740	3.689556343574	0.08017
5	57744	3.689626715406	0.079045
5	57754	3.690577547754	0.079059
5	57761	3.690655051627	0.078933
5	57771	3.691563105071	0.079117
5	57775	3.691618847874	0.078805
5	57788	3.692572598676	0.078812
5	57792	3.692601295983	0.078703
5	57802	3.69357697502	0.078871
5	57806	3.693603754593	0.078932
5	57816	3.694575339816	0.079081
5	57820	3.694615252971	0.078933
5	57833	3.695571943374	0.07887
5	57837	3.695642420635	0.086896
5	57847	3.696566554892	0.291738
5	57851	3.696664704193	0.214386
5	57864	3.697566149666	0.200422
5	57868	3.697622121877	0.192496
5	57878	3.698585793064	0.191423
5	57885	3.698610026788	0.191785
5	57895	3.699569145994	0.193153
5	57899	3.699591466229	0.303554
5	57912	3.700537619473	0.120722
5	57916	3.700628187802	0.08182
5	57926	3.701496432912	0.277675
5	57930	3.701656514999	0.199139
5	57940	3.702510126923	0.191042
5	57947	3.702690677136	0.190543
5	57960	3.70350774703	0.193658
5	57964	3.70371373165	0.19282
5	57974	3.704496109305	0.26162
5	57981	3.704716158323	0.110215
5	57991	3.705465926796	0.080917
5	57995	3.70568948865	0.080753
5	58002	3.70646917501	0.080523
5	58012	3.706690671769	0.080026
5	58022	3.707481234952	0.079436
5	58026	3.707674479915	0.088736
5	58033	3.708453297712	0.080393
5	58043	3.708681346684	0.079822
5	58053	3.709439222064	0.079143
5	58057	3.709730355368	0.078904
5	58064	3.710477429826	0.078803
5	58074	3.710749399067	0.079076
5	58084	3.71146220616	0.080012
5	58088	3.711776707095	0.079019
5	58098	3.7125117278	0.079139
5	58105	3.7127648339	0.07896
5	58115	3.71347617837	0.079156
5	58122	3.713788568137	0.091453
5	58126	3.71448556095	0.080371
5	58133	3.714766656302	0.079552
5	58146	3.715467060986	0.079488
5	58153	3.715736288374	0.07896
5	58160	3.716491775916	0.079045
5	58164	3.716705375453	0.078868
5	58180	3.717516067074	0.079048
5	58184	3.717730523408	0.096453
5	58188	3.71855969242	0.08059
5	58195	3.718704370365	0.078987
5	58211	3.719522738355	0.079173
5	58215	3.719657379411	0.079043
5	58219	3.720519970356	0.078893
5	58226	3.720704301282	0.079112
5	58242	3.721494328544	0.07909
5	58246	3.721710445297	0.07878
5	58250	3.722470796157	0.07917
5	58254	3.722672113956	0.07898
5	58276	3.723509001784	0.082887
5	58280	3.72365341558	0.08982
5	58284	3.724529915221	0.081333
5	58288	3.724657556745	0.079595
5	58307	3.725534331886	0.079234
5	58311	3.725614768269	0.07904
5	58315	3.726552656986	0.07887
5	58319	3.726641505086	0.078995
5	58338	3.727570425534	0.078959
5	58342	3.727670583696	0.0789
5	58346	3.728523345175	0.078978
5	58350	3.728647004332	0.078798
5	58369	3.72950127573	0.07931
5	58373	3.729615484865	0.078854
5	58377	3.730470047787	0.079011
5	58384	3.730659765157	0.078836
5	58400	3.731490122823	0.07886
5	58404	3.731671672776	0.078981
5	58411	3.732523202536	0.078884
5	58415	3.732702125004	0.078893
5	58431	3.733560939994	0.079117
5	58435	3.733677161436	0.079166
5	58442	3.734551947279	0.079239
5	58446	3.734669944107	0.079218
5	58462	3.735563556555	0.079345
5	58466	3.735656524105	0.089973
5	58473	3.73659201856	0.080265
5	58477	3.736625244532	0.079248
5	58493	3.737582441707	0.078943
5	58497	3.737606745872	0.078928
5	58504	3.738550377774	0.078801
5	58508	3.738565780396	0.078981
5	58521	3.739557974962	0.087841
5	58525	3.739592555451	0.086658
5	58535	3.740528193361	0.079806
5	58539	3.740544052688	0.078778
5	58552	3.741526505752	0.078968
5	58556	3.74155732268	0.080559
5	58566	3.742496421405	0.079137
5	58573	3.742547286387	0.079019
5	58586	3.743451315514	0.079746
5	58590	3.743589677862	0.079386
5	58600	3.744453995592	0.079121
5	58604	3.744547892379	0.079139
5	58617	3.745503733494	0.079105
5	58621	3.745505580062	0.079326
5	58631	3.746518450272	0.079038
5	58635	3.74653383604	0.089327
5	58648	3.747491972695	0.080484
5	58652	3.747570987182	0.079295
5	58665	3.748515603937	0.079218
5	58669	3.748587569092	0.079077
5	58679	3.749495587491	0.078745
5	58683	3.749573971844	0.078776
5	58698	3.750454384721	0.086158
5	58702	3.750571873866	0.080054
5	58712	3.751467873746	0.079547
5	58716	3.751615940307	0.080314
5	58726	3.752483594792	0.079107
5	58733	3.752633024875	0.07896
5	58743	3.75350712563	0.079004
5	58747	3.753655229998	0.078967
5	58757	3.754482057199	0.079033
5	58761	3.754614914844	0.07896
5	58774	3.755506234822	0.079189
5	58778	3.755603420301	0.079207
5	58788	3.75651619107	0.079342
5	58792	3.756604398641	0.079142
5	58802	3.757497293572	0.079001
5	58806	3.757602505032	0.07909
5	58819	3.758502107752	0.080045
5	58823	3.7586020639	0.078786
5	58833	3.75948804886	0.078718
5	58840	3.759607465106	0.098838
5	58850	3.760492261096	0.080514
5	58854	3.760656430987	0.079566
5	58864	3.761526991688	0.079291
5	58871	3.761689435293	0.079103
5	58881	3.762518971404	0.078987
5	58888	3.762680307744	0.079204
5	58898	3.763476928511	0.079903
5	58905	3.763688777498	0.080228
5	58915	3.764479055697	0.078939
5	58922	3.764649643319	0.078938
5	58929	3.765452117389	0.078868
5	58936	3.765601966042	0.078857
5	58943	3.766498049139	0.078806
5	58950	3.766589541476	0.078909
5	58963	3.7675416581	0.078836
5	58967	3.767576542154	0.078958
5	58977	3.768536110513	0.078991
5	58981	3.768537934839	0.078746
5	58994	3.769492088647	0.079167
5	58998	3.769548477574	0.078763
5	59008	3.770453370967	0.080876
5	59012	3.770504203505	0.080228
5	59025	3.771432214688	0.094671
5	59029	3.77154189347	0.081303
5	59036	3.772406094768	0.080701
5	59040	3.772509910166	0.079691
5	59053	3.773398125543	0.078822
5	59060	3.773524653683	0.078807
5	59067	3.774411135681	0.078749
5	59071	3.774519332409	0.079037
5	59084	3.77544968757	0.079081
5	59091	3.775493402302	0.078904
5	59098	3.776491662226	0.078957
5	59102	3.776520435237	0.080104
5	59115	3.777498012694	0.07895
5	59119	3.777521419104	0.078775
5	59129	3.778484492071	0.078986
5	59133	3.778522451802	0.078714
5	59146	3.779452195502	0.078917
5	59150	3.779516208417	0.079123
5	59160	3.780430958041	0.078736
5	59164	3.780508135157	0.078913
5	59177	3.781456444112	0.209815
5	59181	3.781538818141	0.249041
5	59191	3.782451920676	0.198771
5	59195	3.782552954872	0.338647
5	59211	3.783442728807	0.196855
5	59215	3.783513945419	0.1921
5	59225	3.784411949697	0.191667
5	59229	3.784500991275	0.192384
5	59242	3.785423134844	0.190739
5	59246	3.785474716256	0.260336
5	59256	3.78642916909	0.115458
5	59260	3.786469071776	0.081087
5	59273	3.787452200862	0.080561
5	59277	3.787493580574	0.079882
5	59287	3.788453298423	0.078788
5	59291	3.788481271122	0.079137
5	59304	3.78945215278	0.078944
5	59308	3.789487351021	0.078857
5	59318	3.790472196059	0.078981
5	59322	3.790484102255	0.078823
5	59335	3.79142639682	0.078894
5	59339	3.79150261019	0.078826
5	59349	3.792465695754	0.07885
5	59353	3.792551170393	0.080383
5	59366	3.793488374428	0.07901
5	59370	3.793575787277	0.087969
5	59383	3.794530107631	0.079823
5	59387	3.794623608057	0.097371
5	59397	3.795541740867	0.079895
5	59401	3.795661892765	0.079055
5	59414	3.79650820513	0.078904
5	59418	3.796707341212	0.078911
5	59428	3.797539688788	0.078761
5	59432	3.797732954734	0.078931
5	59445	3.798568067225	0.078783
5	59449	3.798692229228	0.079715
5	59459	3.799587166498	0.078894
5	59463	3.79970364003	0.079124
5	59476	3.800597664491	0.079254
5	59480	3.800749710578	0.079056
5	59490	3.801609409855	0.07894
5	59494	3.80172556776	0.078925
5	59507	3.802612567148	0.078964
5	59511	3.802763891027	0.078886
5	59524	3.803564466352	0.079694
5	59528	3.803755851667	0.090158
5	59541	3.804528816841	0.081239
5	59545	3.804790097683	0.079232
5	59555	3.805562461099	0.079041
5	59559	3.805796993247	0.078882
5	59572	3.806547648363	0.07863
5	59576	3.806798955054	0.078769
5	59586	3.807499264383	0.078724
5	59590	3.807762723559	0.07868
5	59600	3.808484634149	0.078709
5	59607	3.808787071892	0.078627
5	59617	3.809492161206	0.07864
5	59621	3.809774236885	0.078799
5	59631	3.810492596733	0.078715
5	59638	3.810798705418	0.080948
5	59648	3.811522345248	0.080155
5	59652	3.811798893224	0.079955
5	59659	3.812550093026	0.078681
5	59669	3.812847508881	0.07878
5	59676	3.813586893374	0.078611
5	59683	3.813863248713	0.078759
5	59693	3.814620042673	0.078641
5	59697	3.814822234654	0.078615
5	59710	3.815615371779	0.078879
5	59714	3.815786285691	0.0879
5	59724	3.816664623626	0.079635
5	59731	3.816787276607	0.078815
5	59741	3.81763229866	0.086868
5	59745	3.817786896559	0.078806
5	59755	3.818647472711	0.078733
5	59762	3.81880241771	0.078785
5	59772	3.819626857795	0.078777
5	59776	3.819830493864	0.078846
5	59786	3.82060362565	0.078823
5	59793	3.820871077944	0.079021
5	59803	3.821630550501	0.078848
5	59807	3.821905361807	0.086734
5	59817	3.822632826571	0.07947
5	59824	3.822918315756	0.078891
5	59837	3.823664851287	0.079328
5	59841	3.823944307929	0.079032
5	59854	3.824698374907	0.078766
5	59858	3.824906615363	0.078841
5	59868	3.825663316613	0.088621
5	59872	3.825952594369	0.079867
5	59885	3.826655215162	0.078992
5	59889	3.826979473706	0.078834
5	59899	3.827619240098	0.078895
5	59903	3.82802496879	0.078808
5	59913	3.828572497477	0.078856
5	59920	3.829039726166	0.078945
5	59930	3.829539840607	0.079972
5	59934	3.82999558142	0.078713
5	59944	3.830567231166	0.078803
5	59951	3.831030722931	0.078795
5	59961	3.831575712278	0.078664
5	59968	3.832073759848	0.078715
5	59975	3.832537563061	0.07891
5	59982	3.833032092184	0.078789
5	59989	3.833538913395	0.078727
5	59999	3.834075471063	0.078644
5	60006	3.834504176273	0.078807
5	60013	3.835107460798	0.078742
5	60020	3.835504057276	0.078862
5	60027	3.836074575142	0.080027
5	60037	3.836537308536	0.078815
5	60044	3.837109638026	0.087692
5	60051	3.837561367811	0.079567
5	60058	3.838140225252	0.078888
5	60068	3.838546549933	0.07898
5	60075	3.839175084471	0.085336
5	60085	3.839557369062	0.081554
5	60089	3.840196316276	0.083911
5	60099	3.84057926893	0.08005
5	60109	3.841166335714	0.079042
5	60113	3.841605519757	0.078874
5	60120	3.842145452817	0.079637
5	60130	3.84259522686	0.078841
5	60140	3.843180122911	0.078834
5	60150	3.84362657479	0.080306
5	60154	3.844229444964	0.079322
5	60164	3.844625317246	0.07884
5	60174	3.845259275775	0.079047
5	60181	3.845665458409	0.078892
5	60185	3.846283311251	0.079085
5	60195	3.846704063878	0.078813
5	60205	3.84731115518	0.078907
5	60212	3.847749838449	0.079038
5	60216	3.848268881242	0.091007
5	60223	3.84877578897	0.081606
5	60236	3.849303605585	0.080207
5	60243	3.849736747759	0.089773
5	60247	3.850308658842	0.079435
5	60254	3.850706780082	0.078989
5	60267	3.851277998177	0.078779
5	60274	3.851746507575	0.078804
5	60278	3.852312991532	0.078735
5	60288	3.852749059899	0.078933
5	60295	3.853272088312	0.078767
5	60305	3.853720508241	0.078665
5	60309	3.854247260031	0.080192
5	60316	3.854679654646	0.078909
5	60329	3.855245485892	0.078856
5	60336	3.855636274775	0.078634
5	60340	3.856294568222	0.078927
5	60347	3.856634258794	0.078918
5	60360	3.857296537992	0.078746
5	60367	3.857645366774	0.078849
5	60371	3.858332167191	0.07888
5	60378	3.858687370023	0.078836
5	60391	3.859336556169	0.078806
5	60398	3.859648211877	0.078741
5	60402	3.860318378229	0.087295
5	60409	3.860616881607	0.081454
5	60422	3.86131221615	0.080461
5	60426	3.861606616591	0.079969
5	60433	3.862294862737	0.079067
5	60440	3.862573119396	0.082653
5	60453	3.863314831289	0.078942
5	60457	3.863604321778	0.079001
5	60467	3.864279269738	0.079012
5	60474	3.864579217091	0.078802
5	60487	3.865312706275	0.078796
5	60494	3.86560100466	0.078905
5	60498	3.866310638341	0.078881
5	60505	3.866593071724	0.080205
5	60518	3.867345780447	0.078927
5	60525	3.867617226215	0.078877
5	60529	3.868375801032	0.078982
5	60536	3.868661664285	0.0789
5	60549	3.869420005645	0.250557
5	60556	3.869675250831	0.082955
5	60560	3.870394352205	0.093114
5	60567	3.870640144383	0.096873
5	60580	3.87134667454	0.087971
5	60587	3.871590168406	0.08478
5	60591	3.872331684912	0.080372
5	60598	3.872634903388	0.081521
5	60614	3.873369698152	0.081487
5	60618	3.873587713332	0.079685
5	60622	3.874342771941	0.079702
5	60626	3.874543758229	0.08047
5	60642	3.8753449124	0.08026
5	60649	3.875522321294	0.080519
5	60653	3.876358765495	0.079939
5	60657	3.876482781614	0.079057
5	60673	3.877342930603	0.086821
5	60677	3.877481006073	0.080927
5	60684	3.878323943867	0.079008
5	60688	3.878452102258	0.079054
5	60701	3.879308883755	0.079083
5	60708	3.879476232797	0.078929
5	60715	3.880327733921	0.078915
5	60722	3.880498385881	0.079037
5	60732	3.881288602602	0.088109
5	60736	3.881465034258	0.079723
5	60746	3.88229976698	0.078944
5	60750	3.882511606828	0.078861
5	60760	3.883286702912	0.078616
5	60776	3.883542772597	0.080023
5	60780	3.884331944177	0.079061
5	60784	3.884561055545	0.078926
5	60797	3.885320405607	0.079157
5	60804	3.885511226823	0.0787
5	60811	3.886322483603	0.079073
5	60815	3.886537943936	0.079013
5	60825	3.887311710239	0.078961
5	60835	3.887495592606	0.078679
5	60842	3.888329410203	0.078875
5	60846	3.88848723238	0.079602
5	60859	3.889316246699	0.093846
5	60863	3.889510171196	0.081344
5	60873	3.890350967565	0.079314
5	60877	3.89050893752	0.078869
5	60890	3.891305994406	0.079209
5	60897	3.891537052773	0.078888
5	60904	3.892327903299	0.08807
5	60908	3.892541425232	0.080635
5	60921	3.893316189036	0.078915
5	60931	3.893530097715	0.07892
5	60935	3.894320371209	0.079015
5	60939	3.894494898743	0.078876
5	60955	3.895358504486	0.079035
5	60962	3.895494228948	0.079147
5	60966	3.896392323534	0.079071
5	60970	3.896445001266	0.078701
5	60986	3.897422802061	0.078863
5	60993	3.89747807402	0.07876
5	60997	3.8984095582	0.078773
5	61001	3.898455643319	0.078769
5	61017	3.899413073812	0.078996
5	61021	3.899413907433	0.078775
5	61028	3.900387504245	0.07885
5	61032	3.900391707582	0.078837
5	61051	3.901342808409	0.078564
5	61055	3.90136571888	0.078711
5	61059	3.902306256677	0.079935
5	61063	3.902408410542	0.078804
5	61079	3.903273024038	0.078861
5	61089	3.903419845842	0.080393
5	61093	3.904303512839	0.079209
5	61100	3.904465243189	0.08576
5	61116	3.905268645475	0.07966
5	61120	3.905434230112	0.079325
5	61124	3.906248116136	0.083233
5	61131	3.906425274634	0.07885
5	61147	3.907263673968	0.078903
5	61151	3.907406560502	0.080233
5	61158	3.908303858264	0.080434
5	61162	3.908408193267	0.080462
5	61178	3.909262391942	0.080463
5	61182	3.909426369614	0.080462
5	61189	3.910266607981	0.080346
5	61193	3.910461755683	0.079489
5	61209	3.91129801015	0.078981
5	61213	3.911495274284	0.079038
5	61220	3.912317661692	0.07882
5	61224	3.912458857436	0.078785
5	61240	3.913276054188	0.07919
5	61244	3.913484599125	0.078952
5	61248	3.914297586507	0.080928
5	61255	3.914517890717	0.081004
5	61271	3.9153135348	0.082839
5	61275	3.915525108617	0.079117
5	61279	3.91627072143	0.078881
5	61289	3.916543890146	0.079054
5	61302	3.917302511062	0.07887
5	61306	3.917573771162	0.07883
5	61310	3.918258491394	0.078814
5	61317	3.918553759578	0.078737
5	61333	3.919306496631	0.078798
5	61337	3.919542781146	0.078761
5	61341	3.920344729905	0.078728
5	61348	3.920584442749	0.079894
5	61364	3.921331474825	0.07899
5	61368	3.92157634339	0.078824
5	61375	3.92230661897	0.079077
5	61385	3.922584137276	0.078597
5	61398	3.923266383768	0.079513
5	61402	3.923621831756	0.078961
5	61406	3.92424237239	0.078934
5	61422	3.924637479183	0.078765
5	61426	3.92520265789	0.080925
5	61433	3.925599285364	0.080608
5	61440	3.926174854547	0.08825
5	61447	3.926567505286	0.079969
5	61457	3.92719056254	0.079096
5	61464	3.927591722955	0.087854
5	61471	3.928177373675	0.081661
5	61478	3.928575685127	0.088875
5	61488	3.929133501249	0.079564
5	61495	3.929551078215	0.079239
5	61502	3.930163691836	0.078884
5	61506	3.930586427995	0.078821
5	61519	3.93116534881	0.078823
5	61526	3.931633122565	0.078774
5	61533	3.932213095958	0.087315
5	61540	3.932594238457	0.079825
5	61550	3.933173359477	0.079577
5	61557	3.933636251628	0.078941
5	61561	3.93416970889	0.078826
5	61571	3.934639750309	0.078667
5	61584	3.93513164759	0.078881
5	61588	3.935590701662	0.078968
5	61595	3.936122886647	0.078848
5	61602	3.936600823392	0.079079
5	61615	3.937106808868	0.078938
5	61619	3.937569640281	0.087391
5	61623	3.93810727984	0.080062
5	61633	3.938558531137	0.080479
5	61646	3.939144785596	0.079085
5	61650	3.939510066145	0.078765
5	61657	3.940190377789	0.078964
5	61667	3.940548846525	0.079064
5	61677	3.941160540098	0.078817
5	61681	3.941577035356	0.078744
5	61688	3.942122944682	0.07882
5	61695	3.942606182814	0.07896
5	61711	3.943077049771	0.079095
5	61715	3.943608258227	0.078846
5	61722	3.944124339786	0.080258
5	61729	3.944601766148	0.078961
5	61742	3.945157570456	0.078989
5	61746	3.945596730035	0.078993
5	61753	3.946176286654	0.079056
5	61763	3.946552022636	0.078776
5	61773	3.947223111445	0.078986
5	61777	3.947532913273	0.078749
5	61784	3.948198368014	0.078977
5	61791	3.948518447934	0.087807
5	61804	3.949210889001	0.080139
5	61808	3.949509548504	0.079057
5	61815	3.950169119661	0.078837
5	61822	3.950470572105	0.080202
5	61832	3.951120445056	0.082787
5	61839	3.95151739805	0.079022
5	61846	3.952137002784	0.078821
5	61853	3.952547141619	0.078973
5	61863	3.953133994677	0.080985
5	61870	3.953521926244	0.079594
5	61877	3.954094605263	0.078837
5	61884	3.954559692225	0.078903
5	61894	3.955132161143	0.078822
5	61901	3.955575963797	0.0793
5	61908	3.956127676438	0.078799
5	61915	3.956547073028	0.079043
5	61928	3.957176176476	0.081033
5	61932	3.957511023602	0.080344
5	61939	3.95816208635	0.080087
5	61946	3.958488251916	0.079198
5	61956	3.959187675553	0.079121
5	61963	3.959471579813	0.078914
5	61970	3.960175868461	0.091331
5	61977	3.960500150449	0.080334
5	61987	3.961151243872	0.079424
5	61994	3.961496727852	0.079616
5	62001	3.962130131539	0.08132
5	62008	3.962472855447	0.288821
5	62015	3.963130944813	0.246733
5	62028	3.96351134031	0.192126
5	62032	3.964086260265	0.19123
5	62042	3.964498764745	0.191955
5	62049	3.965131162911	0.221564
5	62059	3.965512794244	0.192138
5	62069	3.966100180512	0.209867
5	62073	3.966539948003	0.191169
5	62083	3.967092692812	0.19192
5	62090	3.967549631413	0.154509
5	62100	3.968099875872	0.090959
5	62107	3.968589711378	0.091099
5	62114	3.969067036186	0.090838
5	62121	3.969612269753	0.090992
5	62131	3.970082838377	0.090914
5	62138	3.970655082785	0.091158
5	62142	3.971043747276	0.090877
5	62152	3.971704258937	0.092405
5	62159	3.97201413763	0.090857
5	62169	3.972752376183	0.102148
5	62176	3.973026106265	0.091715
5	62186	3.973706083051	0.091209
5	62190	3.973996624955	0.091189
5	62200	3.974725514408	0.091023
5	62207	3.974969149773	0.091099
5	62214	3.975745723491	0.090788
5	62224	3.975994435722	0.099206
5	62231	3.976706240564	0.092088
5	62241	3.977012475705	0.092804
5	62248	3.97768175632	0.090935
5	62252	3.977974187651	0.090812
5	62265	3.978659413226	0.090801
5	62272	3.979003631654	0.090955
5	62276	3.979643128485	0.090738
5	62286	3.98004813418	0.090794
5	62293	3.980610447282	0.079986
5	62303	3.981078686389	0.087521
5	62307	3.981629875707	0.080464
5	62317	3.982063629552	0.079439
5	62324	3.982582982934	0.079147
5	62337	3.983031658373	0.079321
5	62341	3.983565065728	0.079057
5	62351	3.984070026352	0.078892
5	62358	3.984610084383	0.082853
5	62368	3.985051516605	0.079015
5	62372	3.985620345275	0.079091
5	62382	3.986077958042	0.078951
5	62389	3.986661152156	0.07891
5	62396	3.987048376686	0.07887
5	62406	3.987612705677	0.078811
5	62413	3.988083413312	0.078865
5	62420	3.988639232554	0.078845
5	62427	3.989036134095	0.078822
5	62437	3.989653909496	0.078993
5	62444	3.990060697864	0.078923
5	62451	3.990627616251	0.078829
5	62458	3.991099251849	0.078826
5	62465	3.991607108905	0.078731
5	62475	3.992060043541	0.07913
5	62485	3.992618707828	0.08897
5	62489	3.993084016999	0.079621
5	62496	3.993582371085	0.079027
5	62506	3.994039073671	0.078825
5	62516	3.99455936677	0.078873
5	62520	3.9949895147	0.080309
5	62527	3.995514179453	0.078974
5	62537	3.99596617614	0.078885
5	62547	3.99655916748	0.078788
5	62551	3.997015670644	0.078891
5	62558	3.99755006435	0.078845
5	62568	3.998052222064	0.078965
5	62575	3.998500173108	0.07899
5	62582	3.99901755077	0.078925
5	62589	3.999488212939	0.078972
5	62601	4.00005289515	0.08788
5	62608	4.000492145495	0.080894
5	62615	4.001062285011	0.080529
5	62619	4.001502314858	0.08046
5	62635	4.002093384062	0.080328
5	62639	4.002460164332	0.078908
5	62646	4.003087193427	0.079184
5	62650	4.003449218213	0.078834
5	62669	4.004068306322	0.079452
5	62673	4.00447638093	0.078957
5	62680	4.0050843949	0.079037
5	62687	4.005479109163	0.091427
5	62700	4.006040577053	0.080289
5	62704	4.006485251438	0.079211
5	62711	4.007044173725	0.078968
5	62718	4.007480367267	0.078769
5	62728	4.008027622617	0.078726
5	62735	4.008482920588	0.08849
5	62742	4.008990486796	0.089784
5	62746	4.009527805198	0.079918
5	62762	4.01000672444	0.079289
5	62766	4.010494132096	0.078904
5	62773	4.011037353615	0.079
5	62780	4.011534874891	0.078913
5	62793	4.012045472617	0.080063
5	62797	4.012517079559	0.07884
5	62804	4.013091127229	0.07885
5	62811	4.013470390846	0.078708
5	62824	4.014101630802	0.078713
5	62828	4.014479486913	0.078623
5	62835	4.01515138727	0.079052
5	62842	4.015500643655	0.078945
5	62855	4.016124567734	0.079058
5	62859	4.016533391927	0.078934
5	62863	4.017080404633	0.07887
5	62873	4.017491965127	0.078974
5	62886	4.018044423001	0.079142
5	62890	4.018476445878	0.079989
5	62897	4.01907665026	0.07879
5	62904	4.01950788187	0.0789
5	62914	4.02008602425	0.078734
5	62921	4.020472201868	0.087716
5	62925	4.021109644714	0.079935
5	62935	4.021439848158	0.079394
5	62945	4.022107763098	0.078989
5	62952	4.022458036473	0.079222
5	62956	4.023097032223	0.078777
5	62969	4.023481966217	0.079319
5	62979	4.024071227685	0.079973
5	62986	4.024502106393	0.079182
5	62990	4.025046112893	0.079103
5	63000	4.025545416759	0.07899
5	63010	4.026021757042	0.078884
5	63017	4.026564971117	0.078788
5	63021	4.02705758349	0.07883
5	63031	4.027538584828	0.078725
5	63044	4.028074205907	0.083605
5	63048	4.028502360819	0.078878
5	63052	4.029096112585	0.078889
5	63059	4.029532200126	0.078762
5	63075	4.030134377517	0.078739
5	63079	4.030488120343	0.080002
5	63086	4.031171907332	0.07882
5	63093	4.031517771373	0.078755
5	63106	4.032191227703	0.087863
5	63110	4.032515131672	0.079867
5	63114	4.033182993976	0.079145
5	63124	4.033558245852	0.078884
5	63137	4.034227585175	0.080236
5	63141	4.034571455767	0.079021
5	63145	4.035275889504	0.078906
5	63155	4.035540146441	0.078748
5	63168	4.036283796949	0.078863
5	63172	4.036506069868	0.079196
5	63176	4.037260766223	0.078818
5	63189	4.037483875651	0.078852
5	63199	4.038217953412	0.078856
5	63203	4.038465754346	0.07877
5	63207	4.039210957291	0.079004
5	63214	4.039493112921	0.302102
5	63230	4.040163936449	0.255932
5	63234	4.040536041089	0.084985
5	63238	4.041176558132	0.079344
5	63248	4.041511993263	0.078915
5	63261	4.042205348989	0.07928
5	63265	4.042559888623	0.079334
5	63269	4.043156001683	0.079368
5	63276	4.043546084199	0.090359
5	63295	4.044162880833	0.080643
5	63299	4.044576887942	0.079211
5	63303	4.045165283604	0.079738
5	63310	4.045533274306	0.079119
5	63326	4.04619094839	0.080341
5	63330	4.046525248592	0.078791
5	63337	4.047239823592	0.078886
5	63341	4.047523738196	0.078851
5	63357	4.048231617368	0.086136
5	63361	4.048482972613	0.079199
5	63368	4.049276178199	0.079345
5	63372	4.049501629411	0.089598
5	63388	4.050315482686	0.079667
5	63392	4.050508777415	0.079157
5	63399	4.051358268663	0.078935
5	63409	4.051524663326	0.078828
5	63419	4.052334060726	0.078948
5	63423	4.05248785016	0.080748
5	63433	4.053348297577	0.080339
5	63437	4.053518872852	0.079862
5	63450	4.05433626306	0.078913
5	63454	4.054565684373	0.079007
5	63464	4.055356879993	0.078791
5	63468	4.055530274415	0.078731
5	63481	4.056383854388	0.07885
5	63485	4.056566149936	0.078856
5	63495	4.0573879559	0.078922
5	63499	4.057551738433	0.078876
5	63512	4.058412965621	0.07871
5	63516	4.058592147212	0.078735
5	63523	4.0594021886	0.080113
5	63533	4.059588887003	0.078961
5	63543	4.060353982161	0.079085
5	63547	4.060579832003	0.079083
5	63554	4.061343824112	0.087685
5	63561	4.061629695307	0.07983
5	63574	4.062297267413	0.079121
5	63578	4.062609714053	0.079125
5	63585	4.063249067705	0.079046
5	63595	4.06359721155	0.079245
5	63608	4.064258391802	0.078766
5	63612	4.064631569434	0.078902
5	63619	4.065289622875	0.079005
5	63629	4.065642162477	0.07907
5	63639	4.066300505468	0.078873
5	63643	4.066644471808	0.078679
5	63650	4.06728855221	0.078698
5	63657	4.067595514857	0.078871
5	63670	4.068327826447	0.07879
5	63674	4.068639948247	0.078643
5	63681	4.069370478565	0.078894
5	63688	4.069659171821	0.078845
5	63701	4.070348416698	0.078912
5	63705	4.070652016195	0.087506
5	63712	4.071329818106	0.086136
5	63722	4.071663083314	0.079417
5	63732	4.07235469805	0.079226
5	63736	4.072681300733	0.078962
5	63743	4.073324685714	0.079124
5	63753	4.073699928617	0.079152
5	63763	4.074294176042	0.079167
5	63767	4.074696233431	0.079141
5	63774	4.075257961558	0.0791
5	63781	4.075690140829	0.079166
5	63794	4.076217350687	0.07911
5	63798	4.076690760338	0.078878
5	63805	4.077247778752	0.079038
5	63815	4.077702239929	0.080445
5	63825	4.078254393799	0.079103
5	63829	4.07866156576	0.078978
5	63836	4.079296045731	0.079046
5	63846	4.079695966185	0.085695
5	63856	4.080261733522	0.079957
5	63860	4.080659227334	0.079002
5	63867	4.081298318506	0.079236
5	63877	4.081629406264	0.078832
5	63887	4.082270145127	0.078873
5	63891	4.082590988666	0.08766
5	63904	4.08325997074	0.080572
5	63914	4.083610144713	0.079028
5	63921	4.084308255475	0.078939
5	63925	4.084657931086	0.079087
5	63935	4.08534106867	0.07889
5	63945	4.08568569484	0.078878
5	63952	4.086341233891	0.078744
5	63956	4.086655725927	0.079118
5	63966	4.087362758027	0.085523
5	63976	4.087642350401	0.082139
5	63983	4.088352043276	0.079349
5	63987	4.088645647817	0.079364
5	63997	4.089364616203	0.079098
5	64007	4.089657113962	0.08044
5	64014	4.090353576666	0.079121
5	64018	4.090645208871	0.079253
5	64025	4.091319717514	0.079258
5	64038	4.091666428169	0.079134
5	64045	4.092319768434	0.088336
5	64049	4.092663295852	0.080301
5	64059	4.09336071093	0.079343
5	64066	4.093628208961	0.082869
5	64076	4.094408384157	0.07921
5	64080	4.094641938791	0.079035
5	64090	4.095449405739	0.079022
5	64100	4.095609343041	0.079031
5	64107	4.096496313114	0.080383
5	64111	4.096631264572	0.079044
5	64121	4.097478943073	0.079139
5	64125	4.09767262323	0.079089
5	64138	4.098511583637	0.079037
5	64142	4.09865151023	0.079032
5	64152	4.099480359096	0.079168
5	64159	4.099675586472	0.079277
5	64169	4.100452974581	0.080324
5	64173	4.100627489919	0.079352
5	64183	4.101431063047	0.078943
5	64187	4.101612067059	0.079068
5	64200	4.102473133917	0.089471
5	64204	4.102661954309	0.082934
5	64220	4.10351491636	0.080286
5	64224	4.103654655422	0.079291
5	64234	4.104557180721	0.079041
5	64238	4.104628344886	0.080448
5	64248	4.105570960363	0.080741
5	64255	4.105618837415	0.078945
5	64265	4.10656764407	0.078905
5	64269	4.106616293291	0.078799
5	64279	4.107617233982	0.078851
5	64283	4.107655525072	0.078969
5	64296	4.108608669987	0.079789
5	64300	4.108631915889	0.078992
5	64310	4.109600505261	0.078799
5	64314	4.109644472989	0.079037
5	64327	4.110624629318	0.079274
5	64331	4.110676473502	0.078998
5	64341	4.111588533344	0.079122
5	64345	4.111724192768	0.080773
5	64358	4.112580597013	0.079412
5	64362	4.11272778399	0.078807
5	64372	4.113563497734	0.088776
5	64376	4.113774043686	0.080173
5	64389	4.114606177805	0.079158
5	64393	4.114785361693	0.080193
5	64403	4.115567335426	0.078981
5	64407	4.115783970933	0.078939
5	64420	4.116561106568	0.088266
5	64424	4.116814788898	0.079869
5	64434	4.117580917882	0.078913
5	64438	4.117785676683	0.078832
5	64448	4.118558066909	0.079089
5	64455	4.118804384253	0.078854
5	64465	4.119549067975	0.078731
5	64469	4.11982749226	0.079109
5	64479	4.1205578311	0.07891
5	64486	4.120870970912	0.078831
5	64496	4.12160654131	0.080012
5	64500	4.121861770255	0.079012
5	64513	4.122609369735	0.079066
5	64517	4.122842216996	0.078715
5	64530	4.123637269123	0.079437
5	64534	4.123816587331	0.07892
5	64544	4.124588606457	0.087923
5	64551	4.124865271034	0.079848
5	64561	4.125637050412	0.078995
5	64565	4.125856918288	0.078999
5	64578	4.126662790361	0.0793
5	64582	4.126906358062	0.078983
5	64592	4.127656314422	0.080693
5	64599	4.12792880236	0.0804
5	64609	4.128657042224	0.08023
5	64613	4.128896273812	0.080279
5	64623	4.129697117696	0.080309
5	64633	4.129919073151	0.079381
5	64640	4.130711483782	0.079192
5	64644	4.13092688476	0.079089
5	64654	4.131677282551	0.078906
5	64661	4.131976518884	0.078969
5	64671	4.132639234687	0.079012
5	64678	4.133017889951	0.079101
5	64685	4.133615528122	0.079235
5	64692	4.133984388157	0.080312
5	64702	4.134665347037	0.079005
5	64706	4.134936373021	0.171235
5	64716	4.135615766519	0.0926
5	64723	4.135917551913	0.086488
5	64733	4.136611181262	0.085469
5	64737	4.136871693315	0.084323
5	64747	4.137643764108	0.079661
5	64754	4.137868495507	0.079878
5	64764	4.138604615226	0.084428
5	64768	4.138834195423	0.079915
5	64778	4.139621894038	0.080709
5	64782	4.139830807204	0.079864
5	64795	4.140599569884	0.080091
5	64799	4.140873868624	0.079517
5	64809	4.141590304562	0.079792
5	64816	4.141864896546	0.07937
5	64826	4.142571539363	0.079678
5	64830	4.142832220786	0.079397
5	64843	4.143560036103	0.0792
5	64850	4.143831887229	0.078893
5	64860	4.144545136656	0.078764
5	64864	4.144857917641	0.078973
5	64874	4.145532245921	0.079982
5	64881	4.14585067184	0.078828
5	64891	4.146549653761	0.089038
5	64895	4.146842834761	0.079707
5	64905	4.147535218776	0.079121
5	64915	4.147837683934	0.079115
5	64922	4.148557106019	0.079191
5	64929	4.148858504264	0.078883
5	64936	4.149537008596	0.088972
5	64946	4.149834724706	0.079865
5	64953	4.150561098182	0.078848
5	64957	4.150833424612	0.078825
5	64967	4.151583506066	0.080007
5	64974	4.151840466832	0.078829
5	64984	4.152588566214	0.078627
5	64988	4.152809278118	0.078708
5	64998	4.153553730811	0.07881
5	65005	4.153841170604	0.078798
5	65015	4.15452996666	0.078725
5	65019	4.154791367539	0.078981
5	65029	4.155573912381	0.078762
5	65036	4.155743238998	0.078839
5	65046	4.156613045621	0.078834
5	65050	4.156711942829	0.078751
5	65060	4.157572583335	0.078928
5	65067	4.157739741225	0.088978
5	65077	4.158588936815	0.081501
5	65081	4.158724459012	0.080579
5	65091	4.159586293684	0.079075
5	65095	4.159693543273	0.078805
5	65108	4.160603674094	0.078983
5	65112	4.160719446175	0.082406
5	65122	4.161575986135	0.078748
5	65126	4.161722654348	0.078948
5	65139	4.162613080721	0.078671
5	65146	4.162723308135	0.078782
5	65156	4.163629196051	0.080552
5	65160	4.163683931147	0.078993
5	65170	4.164608666389	0.078929
5	65174	4.164634311118	0.078966
5	65187	4.165597614771	0.079155
5	65191	4.165650282121	0.078971
5	65201	4.166594587286	0.078756
5	65208	4.166674638635	0.078692
5	65218	4.167602483142	0.078706
5	65225	4.167630334076	0.078628
5	65232	4.168594768512	0.078802
5	65236	4.168626888064	0.078699
5	65249	4.169568238833	0.087729
5	65253	4.169639730268	0.082026
5	65263	4.170588547687	0.080691
5	65267	4.17059396914	0.080337
5	65283	4.171588335415	0.079381
5	65287	4.171618807089	0.082476
5	65294	4.172589814117	0.081033
5	65301	4.172634293653	0.079001
5	65311	4.173559946177	0.078998
5	65318	4.173648934416	0.079022
5	65325	4.174514142875	0.078913
5	65335	4.17469123359	0.079039
5	65342	4.175512320615	0.078792
5	65346	4.17564266157	0.079101
5	65356	4.176505151528	0.080331
5	65366	4.176600340892	0.078975
5	65373	4.177469115269	0.079035
5	65377	4.177557236944	0.07891
5	65390	4.178505639691	0.078775
5	65394	4.178533440758	0.078879
5	65404	4.179529358176	0.089341
5	65408	4.179533543515	0.07993
5	65421	4.180485745354	0.078967
5	65425	4.180539515767	0.078883
5	65435	4.181496162238	0.078925
5	65439	4.181545212689	0.079072
5	65449	4.182447349528	0.078991
5	65453	4.182593579936	0.080135
5	65469	4.183477492103	0.080223
5	65473	4.183595996506	0.079244
5	65483	4.184447972758	0.078786
5	65490	4.184621373012	0.078817
5	65500	4.185417610905	0.078915
5	65504	4.185608640395	0.078765
5	65514	4.18644349879	0.078937
5	65524	4.186622049838	0.078881
5	65531	4.187467232939	0.078893
5	65535	4.187641267483	0.078879
5	65548	4.188507113575	0.079494
5	65552	4.188641246216	0.078773
5	65562	4.189470892125	0.078847
5	65566	4.189615135901	0.078925
5	65576	4.190429211445	0.087646
5	65583	4.190592870723	0.079955
5	65590	4.19140176662	0.079093
5	65597	4.191564589425	0.079104
5	65607	4.192373074291	0.07885
5	65611	4.192554956249	0.079017
5	65621	4.193388366954	0.078872
5	65625	4.193567270209	0.080265
5	65638	4.194368446596	0.079746
5	65645	4.194575441208	0.080118
5	65652	4.195401843839	0.078951
5	65656	4.195623216016	0.078757
5	65669	4.19638558726	0.080981
5	65676	4.196641600647	0.079912
5	65683	4.197349597826	0.078852
5	65687	4.197639914258	0.078868
5	65700	4.198340768043	0.078881
5	65704	4.198593251893	0.078722
5	65714	4.199330325479	0.078693
5	65721	4.199630102071	0.078867
5	65731	4.200283974661	0.078747
5	65735	4.200635514776	0.078755
5	65745	4.201305929758	0.080851
5	65752	4.201671972285	0.089637
5	65762	4.202282957181	0.080885
5	65766	4.202689220666	0.079
5	65776	4.203304794327	0.078993
5	65786	4.203711924624	0.094369
5	65796	4.204336769791	0.080992
5	65803	4.204698229643	0.08103
5	65810	4.205373292047	0.080389
5	65817	4.205683285357	0.085039
5	65827	4.206379427017	0.079595
5	65831	4.206677639079	0.080517
5	65841	4.207380965437	0.079391
5	65848	4.207656493336	0.079035
5	65858	4.208386254897	0.079194
5	65865	4.208638182456	0.079286
5	65872	4.209401612751	0.078875
5	65879	4.209615007282	0.079086
5	65889	4.210428164699	0.078791
5	65896	4.210608813797	0.079049
5	65903	4.211381248189	0.088661
5	65913	4.21164659229	0.079797
5	65920	4.212383366471	0.079062
5	65924	4.212609686556	0.078901
5	65937	4.213396479744	0.079208
5	65944	4.21365946494	0.078888
5	65951	4.214360568112	0.078867
5	65955	4.214668580601	0.079252
5	65968	4.215372589493	0.079239
5	65975	4.215675682769	0.078858
5	65982	4.216409009947	0.085742
5	65986	4.216702102728	0.079732
5	66002	4.217451984555	0.08012
5	66006	4.217691892056	0.079439
5	66013	4.218484430993	0.078922
5	66017	4.218642633466	0.078925
5	66033	4.219467005828	0.080158
5	66037	4.219596928456	0.079171
5	66044	4.220466721652	0.0789
5	66048	4.220626211155	0.079073
5	66064	4.221483943959	0.079586
5	66068	4.221634544153	0.079368
5	66072	4.222451177061	0.079217
5	66079	4.222615466226	0.078997
5	66098	4.223482908676	0.079476
5	66102	4.223585804226	0.079078
5	66109	4.2244712407	0.078784
5	66113	4.224586686797	0.080189
5	66129	4.225468899591	0.078764
5	66133	4.225538055971	0.078953
5	66140	4.226470483244	0.079007
5	66144	4.226499968926	0.078915
5	66160	4.227461013383	0.11865
5	66164	4.227488793068	0.110499
5	66171	4.22845662276	0.085071
5	66175	4.228458128701	0.079601
5	66191	4.229478919755	0.079402
5	66195	4.229504731625	0.079679
5	66202	4.230472616866	0.080001
5	66206	4.230478901744	0.079261
5	66222	4.231453809476	0.078832
5	66226	4.231486303511	0.078966
5	66233	4.232426729468	0.07931
5	66237	4.232457069808	0.079105
5	66253	4.233444234635	0.079
5	66257	4.233498019732	0.081357
5	66264	4.234397109077	0.0793
5	66268	4.234479016814	0.078863
5	66284	4.235359809431	0.079154
5	66288	4.235442441148	0.078973
5	66295	4.23636988894	0.078928
5	66299	4.236458044221	0.079336
5	66315	4.237354251122	0.21032
5	66319	4.237451077433	0.177045
5	66326	4.238358468701	0.162061
5	66330	4.238475939749	0.16135
5	66346	4.239324257312	0.16121
5	66350	4.239525360763	0.16131
5	66354	4.240321949385	0.161227
5	66361	4.240476614288	0.185904
5	66377	4.241273418324	0.163005
5	66381	4.241519786115	0.182103
5	66385	4.242268602284	0.16278
5	66392	4.24255605476	0.161616
5	66411	4.243249340458	0.085783
5	66415	4.243602453897	0.084115
5	66419	4.244262107526	0.083805
5	66426	4.244641840278	0.08402
5	66442	4.24530825968	0.083599
5	66446	4.245601556279	0.083638
5	66453	4.246288786941	0.083406
5	66457	4.246594016675	0.083784
5	66473	4.247277607736	0.083806
5	66477	4.247594796029	0.083543
5	66481	4.248240129066	0.083629
5	66491	4.248555787163	0.083544
5	66504	4.249274160559	0.08385
5	66508	4.249603729835	0.083686
5	66514	4.250239123932	0.088177
5	66524	4.250635382569	0.08468
5	66537	4.251273180854	0.083832
5	66541	4.251627960558	0.083641
5	66545	4.252244724167	0.083488
5	66555	4.252616039158	0.083661
5	66568	4.253216971032	0.083863
5	66572	4.253589316287	0.085149
5	66576	4.254170297739	0.083561
5	66586	4.254638037693	0.083554
5	66596	4.255142282994	0.082755
5	66603	4.255618626697	0.079192
5	66607	4.256177491751	0.079002
5	66617	4.256581551532	0.079139
5	66627	4.257154283504	0.07916
5	66634	4.257619194956	0.07918
5	66641	4.258196615748	0.079119
5	66648	4.258661647201	0.079102
5	66661	4.259229592208	0.078797
5	66665	4.259705428345	0.089304
5	66675	4.260258425795	0.081273
5	66679	4.260733441034	0.0791
5	66692	4.261233678214	0.078989
5	66696	4.261711326907	0.07878
5	66703	4.262264110903	0.078873
5	66710	4.262738057604	0.078889
5	66723	4.26324033771	0.079915
5	66730	4.263688736727	0.078905
5	66740	4.264252245459	0.079004
5	66744	4.264731056016	0.078865
5	66754	4.265245800925	0.07911
5	66761	4.265760284528	0.079637
5	66768	4.266206406284	0.078939
5	66775	4.266751815667	0.078814
5	66782	4.267190430485	0.078962
5	66792	4.267782330689	0.078868
5	66799	4.268237556196	0.079045
5	66806	4.268799528709	0.078727
5	66816	4.269287515812	0.087219
5	66823	4.269788518671	0.079632
5	66830	4.270254538754	0.078973
5	66837	4.270820000549	0.088657
5	66847	4.271231200268	0.080042
5	66854	4.271861845443	0.079301
5	66858	4.272242701061	0.080199
5	66871	4.272836616795	0.078964
5	66881	4.27322294687	0.078876
5	66885	4.273832705573	0.078853
5	66892	4.274200519875	0.078921
5	66902	4.274816826409	0.078837
5	66912	4.275184947248	0.079066
5	66916	4.275829119616	0.078781
5	66920	4.276150631548	0.079007
5	66936	4.276875877521	0.078935
5	66943	4.277177484373	0.078805
5	66947	4.277853861024	0.078803
5	66951	4.278180974579	0.078894
5	66970	4.278869961615	0.080448
5	66974	4.27913299208	0.080552
5	66978	4.279891296273	0.080313
5	66982	4.280084482969	0.079049
5	67001	4.280846737953	0.078939
5	67005	4.281097180351	0.078712
5	67009	4.281816708404	0.078843
5	67016	4.282085427792	0.087825
5	67035	4.282816347891	0.079958
5	67039	4.283110803125	0.079149
5	67043	4.283828957942	0.078899
5	67047	4.284090801113	0.080187
5	67060	4.284851045195	0.078889
5	67070	4.285098854441	0.078868
5	67074	4.28586737308	0.083758
5	67078	4.286086022573	0.078811
5	67091	4.286898053194	0.078826
5	67098	4.287086471828	0.078714
5	67105	4.287876924175	0.07889
5	67109	4.288080913115	0.078801
5	67122	4.288873935445	0.07879
5	67126	4.289047472777	0.078899
5	67136	4.289919234299	0.079799
5	67140	4.290013115507	0.078867
5	67153	4.290950247424	0.080978
5	67157	4.290967750464	0.080343
5	67167	4.291921549921	0.090175
5	67171	4.29197784893	0.082628
5	67187	4.292872106394	0.080838
5	67191	4.292964809051	0.079082
5	67198	4.293841739706	0.078818
5	67202	4.293916819197	0.078899
5	67215	4.294844012298	0.078837
5	67219	4.29496100457	0.084668
5	67229	4.295849608772	0.082472
5	67233	4.295929369351	0.079346
5	67249	4.296800991625	0.080205
5	67253	4.296938860411	0.078853
5	67260	4.297796389041	0.078904
5	67264	4.297919146378	0.07903
5	67277	4.298766800669	0.078946
5	67284	4.298916075206	0.079595
5	67291	4.299746899079	0.078889
5	67295	4.299935064292	0.078678
5	67305	4.300728369405	0.078827
5	67315	4.300897040825	0.078748
5	67322	4.301718711419	0.078727
5	67326	4.30194652243	0.078824
5	67339	4.302669278839	0.087327
5	67349	4.302919839749	0.081682
5	67356	4.303703548281	0.080548
5	67360	4.303965439014	0.08052
5	67370	4.304710314968	0.080143
5	67380	4.304999691192	0.078924
5	67387	4.305712080392	0.078828
5	67391	4.305952853129	0.079021
5	67398	4.306669250735	0.08021
5	67411	4.306969872231	0.080446
5	67418	4.307649083463	0.079893
5	67422	4.308003604884	0.085869
5	67429	4.308599926884	0.07917
5	67442	4.309049141792	0.080863
5	67449	4.309571281313	0.07906
5	67453	4.310003037393	0.078759
5	67463	4.310572281911	0.07881
5	67473	4.310975548117	0.079316
5	67480	4.311582007282	0.079885
5	67484	4.311946734788	0.080917
5	67491	4.312559880855	0.080109
5	67504	4.31299122089	0.080129
5	67511	4.313514585855	0.079902
5	67515	4.314036711622	0.100937
5	67522	4.314479160665	0.081233
5	67535	4.315081240259	0.0799
5	67542	4.315495556299	0.079032
5	67549	4.316102333238	0.082377
5	67553	4.316471983776	0.079982
5	67569	4.317150546677	0.078955
5	67573	4.317426027044	0.079173
5	67580	4.318120677645	0.079368
5	67584	4.318401151512	0.078803
5	67600	4.319111790549	0.078836
5	67604	4.319352733882	0.078677
5	67611	4.320136475507	0.078928
5	67615	4.320325544038	0.079151
5	67628	4.321115148454	0.078785
5	67635	4.321339820141	0.080022
5	67642	4.322081474085	0.078725
5	67646	4.32235433637	0.078771
5	67665	4.323099462012	0.079139
5	67669	4.323359845652	0.084937
5	67676	4.324111652206	0.080995
5	67680	4.324329376268	0.079355
5	67696	4.325087764749	0.07947
5	67700	4.325356107256	0.078968
5	67707	4.326115138092	0.078855
5	67714	4.32631060143	0.078792
5	67727	4.327089444529	0.080264
5	67731	4.327349880768	0.078946
5	67738	4.328053418952	0.078724
5	67742	4.328308374757	0.078707
5	67755	4.32903095959	0.078859
5	67762	4.32931356467	0.078743
5	67769	4.330035633634	0.078835
5	67773	4.330287780417	0.084002
5	67786	4.331023925388	0.078683
5	67793	4.331332701	0.078746
5	67800	4.332041888761	0.079009
5	67804	4.332306019466	0.078912
5	67817	4.333027461184	0.078783
5	67824	4.333322671724	0.08056
5	67831	4.334010156432	0.089857
5	67835	4.334356468794	0.081025
5	67848	4.334999277447	0.089376
5	67855	4.335361276597	0.079953
5	67862	4.336022150519	0.079251
5	67869	4.336371166727	0.078686
5	67879	4.337022996896	0.078785
5	67883	4.337346525255	0.078869
5	67893	4.338032657355	0.078731
5	67900	4.338370720769	0.078808
5	67910	4.33907314619	0.078976
5	67914	4.339335376755	0.080154
5	67924	4.340037061073	0.078992
5	67931	4.340299147031	0.07883
5	67938	4.341008554331	0.078939
5	67945	4.341334547504	0.078734
5	67955	4.341991381818	0.078963
5	67962	4.342355317952	0.078697
5	67969	4.342984695611	0.079066
5	67979	4.343370058068	0.079394
5	67989	4.343944014929	0.07892
5	67993	4.344398582067	0.078753
5	68003	4.344965437242	0.088191
5	68007	4.345387049976	0.080987
5	68020	4.346013295796	0.079073
5	68024	4.34634241265	0.078798
5	68034	4.3470512781	0.078868
5	68038	4.347328748509	0.078808
5	68051	4.348068368955	0.079016
5	68058	4.348329107182	0.079029
5	68065	4.349057068515	0.078721
5	68072	4.349372354445	0.078722
5	68082	4.350057005968	0.078762
5	68089	4.350360088878	0.078829
5	68096	4.351028756096	0.078756
5	68106	4.351388945027	0.07876
5	68113	4.351987161628	0.083531
5	68120	4.352374026018	0.080622
5	68127	4.353001989839	0.079028
5	68137	4.353358943976	0.079762
5	68144	4.354024261323	0.078925
5	68151	4.354326630086	0.078922
5	68158	4.355048869412	0.07892
5	68168	4.355352690015	0.082403
5	68175	4.356067234958	0.081225
5	68179	4.35633578797	0.087877
5	68189	4.357042952341	0.079754
5	68199	4.35737628828	0.079295
5	68206	4.358072021387	0.079418
5	68210	4.358365403372	0.078878
5	68220	4.359072877938	0.078726
5	68230	4.359409433541	0.07929
5	68237	4.360024100938	0.078884
5	68244	4.360428881579	0.078683
5	68251	4.361061838912	0.078793
5	68258	4.361461163902	0.078976
5	68268	4.362024459926	0.078796
5	68275	4.362510548744	0.079101
5	68282	4.363031137426	0.079148
5	68292	4.363487618119	0.079419
5	68302	4.36401817956	0.080871
5	68309	4.364457631518	0.080402
5	68316	4.364971965678	0.080641
5	68323	4.365461784306	0.130547
5	68333	4.365970713696	0.090181
5	68340	4.366426494314	0.079599
5	68347	4.366951579782	0.080763
5	68354	4.36742808873	0.080207
5	68364	4.367979353022	0.079044
5	68371	4.368436424125	0.082515
5	68378	4.368961780074	0.079301
5	68382	4.369403369554	0.079002
5	68395	4.370005179754	0.080993
5	68399	4.370357427028	0.080446
5	68409	4.371032988869	0.082617
5	68413	4.371325812761	0.080982
5	68426	4.372018825987	0.080349
5	68430	4.372318311481	0.079576
5	68440	4.372987357212	0.078963
5	68444	4.373270704593	0.078834
5	68457	4.373965027946	0.0789
5	68461	4.374252758423	0.078831
5	68471	4.374965217956	0.079191
5	68475	4.375206689541	0.083685
5	68488	4.375930122943	0.078838
5	68492	4.376176174111	0.080024
5	68502	4.376965075449	0.078824
5	68509	4.377198163563	0.087361
5	68519	4.377999485563	0.0795
5	68523	4.378162377436	0.078929
5	68530	4.379004860815	0.078749
5	68540	4.379190623215	0.078805
5	68550	4.380038700242	0.078664
5	68554	4.380155720392	0.078941
5	68561	4.381020781098	0.078852
5	68571	4.381111877817	0.078841
5	68581	4.382021444294	0.082505
5	68585	4.382082944569	0.080428
5	68595	4.383037152328	0.080024
5	68605	4.383076822769	0.07907
5	68615	4.384049933837	0.078895
5	68619	4.384090288786	0.078861
5	68632	4.385003936296	0.078777
5	68636	4.385076084708	0.079003
5	68646	4.385964776525	0.078848
5	68650	4.386036207447	0.078908
5	68663	4.386980939901	0.078825
5	68667	4.386997138495	0.07905
5	68677	4.38798561575	0.078763
5	68681	4.387989670239	0.088554
5	68694	4.38894122222	0.081017
5	68698	4.389024126238	0.07927
5	68708	4.389929160845	0.078923
5	68712	4.390016220747	0.078929
5	68725	4.390930098997	0.079299
5	68729	4.391052734877	0.079295
5	68736	4.391904188604	0.078924
5	68743	4.392081326857	0.078663
5	68756	4.392943643316	0.078717
5	68760	4.393106899738	0.078802
5	68770	4.393969396387	0.078548
5	68774	4.394141291778	0.078773
5	68787	4.394987865246	0.078781
5	68791	4.395131923914	0.080987
5	68801	4.395962323582	0.08036
5	68805	4.396112803854	0.086792
5	68818	4.396996135247	0.079694
5	68822	4.397150919979	0.078828
5	68832	4.398026362777	0.079007
5	68836	4.398189993552	0.091481
5	68849	4.398978817604	0.079656
5	68853	4.399143582027	0.078956
5	68863	4.399982641789	0.079062
5	68867	4.400149074866	0.079085
5	68880	4.400970009735	0.078914
5	68884	4.401173158725	0.080088
5	68894	4.401992233439	0.078865
5	68898	4.402133069666	0.078842
5	68914	4.402990729994	0.0828
5	68918	4.403145372637	0.085396
5	68928	4.403944340047	0.089774
5	68932	4.404117808586	0.081386
5	68945	4.404921505711	0.081657
5	68949	4.405124545004	0.08146
5	68956	4.405875870192	0.082893
5	68966	4.406076886221	0.090408
5	68976	4.406854726082	0.082019
5	68980	4.407090375349	0.084259
5	68987	4.407859869814	0.096842
5	68997	4.408090838933	0.084198
5	69007	4.408893463767	0.092288
5	69011	4.409088641262	0.082289
5	69018	4.409877800436	0.08039
5	69028	4.410071145966	0.192772
5	69035	4.410850400452	0.081496
5	69042	4.411117568794	0.081082
5	69046	4.411828524506	0.08055
5	69056	4.412100074802	0.080752
5	69066	4.412855090721	0.079782
5	69073	4.413123434293	0.079261
5	69077	4.413807442367	0.079192
5	69087	4.414121505687	0.079093
5	69097	4.414810435214	0.078897
5	69101	4.415098420458	0.07926
5	69108	4.415844914483	0.079227
5	69112	4.416084732657	0.080204
5	69128	4.416863947421	0.088611
5	69132	4.417071423667	0.079925
5	69139	4.417815007312	0.079447
5	69143	4.4180772903	0.083133
5	69159	4.418787235458	0.081849
5	69166	4.419068305114	0.086654
5	69170	4.419835530178	0.090803
5	69174	4.42006097032	0.083008
5	69190	4.420856949127	0.082643
5	69197	4.421079737401	0.082222
5	69201	4.421832728272	0.080858
5	69208	4.422035400899	0.079801
5	69221	4.422861431484	0.079912
5	69231	4.423063539749	0.082296
5	69235	4.423851147846	0.082031
5	69239	4.424041103194	0.081599
5	69252	4.424861810927	0.080397
5	69262	4.425034386181	0.092525
5	69266	4.425824538677	0.081403
5	69273	4.426082709672	0.079645
5	69286	4.426866728117	0.079912
5	69293	4.427119997677	0.079821
5	69297	4.427848519894	0.079534
5	69304	4.428132786281	0.079357
5	69320	4.428866123362	0.089137
5	69324	4.429134991306	0.080437
5	69328	4.429881444292	0.080974
5	69338	4.430180827111	0.080045
5	69351	4.430888149775	0.079922
5	69355	4.431164750647	0.079552
5	69362	4.43192154782	0.079449
5	69366	4.43220054072	0.079833
5	69382	4.432963037311	0.079376
5	69386	4.433196765846	0.07963
5	69393	4.433930082374	0.079987
5	69400	4.434203688125	0.079089
5	69413	4.434917259563	0.080475
5	69417	4.435216215629	0.080454
5	69424	4.435946079637	0.080064
5	69428	4.436190013972	0.080742
5	69444	4.436960259109	0.079077
5	69448	4.43722935302	0.079446
5	69455	4.437994535383	0.07994
5	69462	4.438270299648	0.079635
5	69475	4.439017638014	0.079367
5	69479	4.439226615223	0.0799
5	69486	4.44003437691	0.079757
5	69490	4.440193036692	0.090576
5	69506	4.44105156773	0.080183
5	69510	4.441170559809	0.084783
5	69517	4.442074485374	0.079121
5	69524	4.442184938596	0.081273
5	69540	4.443071437208	0.080364
5	69544	4.44319776318	0.079444
5	69551	4.444105631792	0.079523
5	69558	4.444222286178	0.079574
5	69571	4.445076302922	0.079527
5	69575	4.445226959621	0.079217
5	69582	4.446093380913	0.079522
5	69589	4.446264856946	0.079527
5	69602	4.447106075177	0.078821
5	69606	4.447287285819	0.079013
5	69613	4.448096851302	0.080163
5	69620	4.448280778198	0.079275
5	69633	4.449077465258	0.079257
5	69637	4.449257836789	0.079301
5	69644	4.450067505479	0.07948
5	69651	4.450280057229	0.07923
5	69664	4.451089507261	0.079002
5	69668	4.451319689863	0.088174
5	69678	4.45205796501	0.079924
5	69685	4.45228194889	0.079139
5	69695	4.453069659373	0.078767
5	69699	4.453290919635	0.079126
5	69709	4.454075169608	0.078951
5	69719	4.454289365975	0.088368
5	69726	4.455072336108	0.081642
5	69730	4.455294498225	0.080949
5	69740	4.456115270331	0.080638
5	69750	4.456311018153	0.080483
5	69757	4.457088090529	0.079676
5	69761	4.457301375055	0.079149
5	69771	4.458100758606	0.080707
5	69778	4.458320950201	0.082342
5	69788	4.459115965339	0.080614
5	69792	4.459274016238	0.079545
5	69805	4.460099917104	0.081292
5	69809	4.460294573562	0.08081
5	69819	4.461105923523	0.082141
5	69823	4.461297331386	0.080025
5	69836	4.462114942661	0.079208
5	69840	4.462259921146	0.079135
5	69853	4.463096589741	0.081095
5	69857	4.463259976524	0.084854
5	69870	4.464048058069	0.079072
5	69874	4.464218947768	0.078789
5	69884	4.465071121748	0.078934
5	69888	4.465255344641	0.079087
5	69901	4.466041097532	0.07887
5	69905	4.466240917626	0.084096
5	69915	4.467051325837	0.080134
5	69919	4.467210649329	0.083145
5	69932	4.468048931448	0.080274
5	69936	4.468220441448	0.079127
5	69946	4.469048821288	0.079698
5	69950	4.469230134062	0.07912
5	69963	4.470055306568	0.0788
5	69967	4.470180168297	0.078964
5	69977	4.471039162307	0.07876
5	69981	4.471137419003	0.079111
5	69994	4.472014472832	0.079254
5	69998	4.472134846869	0.089281
5	70008	4.472987972989	0.08122
5	70012	4.473112966389	0.078942
5	70022	4.47401158096	0.078796
5	70029	4.474125106778	0.078757
5	70039	4.475045494304	0.078745
5	70043	4.475108425076	0.078818
5	70053	4.476013673838	0.078885
5	70057	4.476115483777	0.078842
5	70070	4.476980294983	0.079243
5	70074	4.477120957306	0.078567
5	70081	4.477980637651	0.078978
5	70091	4.478130199908	0.078723
5	70101	4.478985391123	0.078725
5	70105	4.479169157937	0.079989
5	70112	4.480020134651	0.078982
5	70122	4.480208811277	0.078752
5	70132	4.481048424614	0.078804
5	70136	4.481215330649	0.078802
5	70143	4.48206614345	0.078913
5	70150	4.482174955895	0.07882
5	70166	4.483086115404	0.079815
5	70170	4.483148767628	0.08928
5	70177	4.484100666492	0.07966
5	70181	4.484128953604	0.079105
5	70197	4.485087358804	0.080248
5	70201	4.485138861965	0.078701
5	70211	4.486069941652	0.08398
5	70215	4.486091229517	0.078845
5	70225	4.487035859638	0.079024
5	70229	4.487098280315	0.078754
5	70239	4.488044351746	0.078768
5	70246	4.488140525978	0.07885
5	70256	4.489061472949	0.078928
5	70263	4.489110908692	0.079127
5	70270	4.490043769139	0.078858
5	70277	4.49013543906	0.078875
5	70287	4.491011827116	0.078798
5	70294	4.491135064396	0.081347
5	70301	4.49199772042	0.080261
5	70308	4.492127779903	0.080797
5	70321	4.493022787028	0.078765
5	70325	4.493115586066	0.078809
5	70332	4.49403354492	0.089577
5	70336	4.494140325575	0.079701
5	70352	4.495055603737	0.079066
5	70356	4.495102789404	0.080541
5	70363	4.496062705102	0.07948
5	70367	4.496103537975	0.079118
5	70383	4.49704110172	0.080222
5	70387	4.497104784448	0.0833
5	70394	4.498030171235	0.081954
5	70401	4.498132477797	0.080545
5	70414	4.499040198057	0.081114
5	70418	4.499128486509	0.079814
5	70430	4.500014240968	0.099651
5	70434	4.500139077707	0.080678
5	70447	4.500967101453	0.07947
5	70451	4.50115454036	0.079343
5	70461	4.5019222443	0.080408
5	70465	4.502184650016	0.078923
5	70481	4.502887414102	0.079462
5	70485	4.503224441097	0.098772
5	70495	4.503840694103	0.080592
5	70499	4.504177805338	0.079537
5	70506	4.504865948722	0.079646
5	70516	4.505178483128	0.102112
5	70526	4.505907866152	0.081085
5	70530	4.506206758616	0.079816
5	70540	4.506878520088	0.079251
5	70547	4.507187531119	0.08018
5	70557	4.507877168805	0.080595
5	70561	4.508193819917	0.089993
5	70568	4.508903788187	0.081378
5	70578	4.509234945979	0.080594
5	70588	4.50986179359	0.079353
5	70592	4.510263820311	0.086066
5	70599	4.510855307999	0.079732
5	70606	4.511245934113	0.079072
5	70616	4.5118472889	0.079038
5	70623	4.512213377335	0.078637
5	70633	4.512838871267	0.07899
5	70637	4.513182815968	0.079714
5	70647	4.513802523978	0.078624
5	70654	4.514227744198	0.078655
5	70661	4.514759497273	0.078991
5	70668	4.515271659436	0.07875
5	70678	4.515765648459	0.078967
5	70688	4.516319948751	0.07917
5	70692	4.516718276229	0.078885
5	70699	4.517285334396	0.078927
5	70709	4.517722882225	0.07891
5	70716	4.518255083372	0.088077
5	70723	4.518727614075	0.080031
5	70730	4.519238416624	0.079385
5	70737	4.519695567916	0.080111
5	70747	4.520189170919	0.079179
5	70754	4.52069599659	0.07886
5	70761	4.521183379978	0.093726
5	70765	4.521675354466	0.079715
5	70778	4.522171689344	0.079197
5	70785	4.522720104038	0.079099
5	70792	4.523199082209	0.07872
5	70802	4.523738571296	0.079272
5	70812	4.524218302498	0.079121
5	70819	4.524726149515	0.079062
5	70823	4.525200009653	0.080099
5	70833	4.525735763154	0.078846
5	70843	4.526158197303	0.078784
5	70850	4.526758455098	0.078927
5	70854	4.527136040326	0.078762
5	70867	4.527735650837	0.083884
5	70874	4.52811256901	0.078902
5	70878	4.528725473513	0.079133
5	70885	4.529158272629	0.088383
5	70892	4.529684754088	0.07975
5	70905	4.530206103229	0.079178
5	70909	4.530648563017	0.079014
5	70916	4.531226125809	0.079183
5	70923	4.53161446198	0.079104
5	70936	4.532260882552	0.078757
5	70940	4.53259015942	0.079102
5	70947	4.533223617521	0.078675
5	70954	4.533602862731	0.078849
5	70967	4.534271445081	0.078807
5	70971	4.534580890442	0.079014
5	70978	4.535298029437	0.07874
5	70985	4.53553349312	0.078798
5	70998	4.536249092714	0.078745
5	71002	4.536554822738	0.07886
5	71009	4.537220890021	0.078891
5	71019	4.537562362139	0.080165
5	71029	4.538257775722	0.078811
5	71033	4.538556548454	0.079218
5	71040	4.539289934863	0.081522
5	71050	4.539580101798	0.079462
5	71060	4.540335618469	0.078846
5	71064	4.540620236303	0.078687
5	71071	4.541349962073	0.081397
5	71081	4.541640475894	0.079743
5	71091	4.542330826273	0.078865
5	71095	4.542639443574	0.078994
5	71102	4.543361113761	0.078725
5	71115	4.5436198401	0.079423
5	71125	4.544366023973	0.079065
5	71129	4.544600160723	0.0788
5	71136	4.545373610299	0.078923
5	71146	4.545608230181	0.0789
5	71156	4.546355869208	0.078811
5	71160	4.54665101833	0.078711
5	71164	4.547313244108	0.07883
5	71177	4.547623102415	0.078857
5	71187	4.548331459841	0.079021
5	71191	4.548598599943	0.078833
5	71195	4.549350019531	0.0788
5	71202	4.549589406787	0.080064
5	71218	4.550358003046	0.079115
5	71222	4.550630477522	0.080492
5	71226	4.551333430774	0.079103
5	71239	4.551629084982	0.078725
5	71249	4.552377390466	0.088449
5	71253	4.552615339178	0.079708
5	71257	4.553352870735	0.079052
5	71267	4.55360150862	0.078799
5	71280	4.554309699077	0.078761
5	71284	4.554599574968	0.079038
5	71288	4.555288279016	0.078717
5	71295	4.555577910346	0.078766
5	71311	4.556239072284	0.079945
5	71315	4.556606148	0.0788
5	71319	4.557202879398	0.078648
5	71326	4.55765494156	0.078775
5	71342	4.558187213995	0.078821
5	71346	4.558648545221	0.080763
5	71350	4.559199173628	0.078929
5	71360	4.559695300723	0.078713
5	71373	4.560206978045	0.07875
5	71377	4.560715160324	0.078797
5	71381	4.561170548284	0.078868
5	71391	4.561727221656	0.078906
5	71404	4.562206276955	0.08658
5	71408	4.562762617934	0.081304
5	71412	4.563163027596	0.079457
5	71422	4.563753357718	0.085684
5	71438	4.564143114241	0.07963
5	71442	4.564773137347	0.078998
5	71446	4.565114752812	0.078985
5	71456	4.565755040672	0.078901
5	71466	4.566081441826	0.078917
5	71473	4.566777212489	0.086457
5	71477	4.567084064635	0.081222
5	71487	4.567739255346	0.079098
5	71497	4.568083836282	0.080157
5	71504	4.568728233094	0.079003
5	71508	4.569108367326	0.079075
5	71521	4.56973846093	0.079143
5	71531	4.570154126698	0.079016
5	71535	4.570704412702	0.078863
5	71539	4.571132842271	0.078741
5	71552	4.571714830871	0.087304
5	71562	4.572142525447	0.080252
5	71566	4.572705375674	0.079382
5	71570	4.573106479971	0.08484
5	71580	4.57375368838	0.079177
5	71593	4.574089239578	0.078779
5	71597	4.574775596384	0.081122
5	71601	4.575060944667	0.080356
5	71614	4.575822116879	0.080543
5	71618	4.576076075834	0.080437
5	71628	4.57677799415	0.080326
5	71632	4.577037939139	0.078728
5	71645	4.577792009037	0.0786
5	71652	4.578072366494	0.078799
5	71659	4.578817151818	0.078852
5	71666	4.579034250165	0.078798
5	71676	4.579767839087	0.078698
5	71683	4.580077473002	0.078784
5	71690	4.580732401172	0.078801
5	71697	4.581121657469	0.07993
5	71704	4.581710364107	0.086321
5	71714	4.582134138441	0.08006
5	71721	4.582702025933	0.079488
5	71725	4.58309841086	0.223423
5	71735	4.583694269253	0.217332
5	71745	4.584082305622	0.236176
5	71755	4.584682716866	0.195442
5	71759	4.58505277041	0.191791
5	71769	4.58571102257	0.190709
5	71776	4.586018399141	0.190532
5	71786	4.586725346976	0.19088
5	71790	4.587011728962	0.228076
5	71800	4.587705091453	0.217887
5	71807	4.588002481448	0.089814
5	71817	4.588676560109	0.08091
5	71821	4.589029909112	0.080613
5	71828	4.589645898738	0.079446
5	71835	4.590028754168	0.079172
5	71848	4.590606788423	0.079183
5	71852	4.591024562716	0.079017
5	71859	4.591605545012	0.079109
5	71869	4.592020609661	0.078803
5	71879	4.592645228498	0.078864
5	71883	4.59297966681	0.078958
5	71893	4.593663480767	0.078849
5	71897	4.594016744182	0.078788
5	71910	4.594644970288	0.079899
5	71914	4.59497935886	0.078858
5	71921	4.595600581283	0.078885
5	71931	4.596019240053	0.079151
5	71941	4.596607873785	0.079048
5	71945	4.597014796225	0.078942
5	71955	4.597634025439	0.093248
5	71962	4.598006597755	0.079837
5	71972	4.598638725128	0.079118
5	71976	4.599011955756	0.078856
5	71986	4.599654709442	0.078905
5	71996	4.599971427844	0.078842
5	72003	4.600640349867	0.078882
5	72007	4.60101047781	0.080162
5	72017	4.601630222935	0.078817
5	72024	4.601981861309	0.078742
5	72034	4.602589655282	0.078835
5	72038	4.602947947294	0.078946
5	72048	4.603580463016	0.078806
5	72061	4.603933213804	0.07924
5	72068	4.604533001384	0.079009
5	72072	4.604927707598	0.078837
5	72079	4.605498426673	0.078782
5	72089	4.605946000414	0.078765
5	72099	4.60649163773	0.079261
5	72103	4.606983477191	0.078893
5	72110	4.607494878937	0.078715
5	72123	4.608011941691	0.08774
5	72130	4.608470032636	0.089142
5	72134	4.608967528272	0.079916
5	72141	4.609473941661	0.079085
5	72154	4.609978643166	0.078847
5	72161	4.610478252664	0.078984
5	72165	4.610988350206	0.07883
5	72172	4.61144401356	0.07902
5	72179	4.611975085983	0.078808
5	72192	4.612489777721	0.078781
5	72196	4.613014660152	0.080049
5	72203	4.613451568876	0.078816
5	72213	4.614011459053	0.078902
5	72223	4.614433808054	0.079072
5	72227	4.615017562503	0.078661
5	72234	4.615446833229	0.078846
5	72244	4.616054048483	0.078785
5	72254	4.616437810011	0.07868
5	72258	4.617012442071	0.078802
5	72265	4.617473739745	0.078707
5	72275	4.618040777701	0.078867
5	72282	4.618446983392	0.078693
5	72289	4.619040302189	0.08113
5	72296	4.619489949002	0.080717
5	72306	4.620086749178	0.07905
5	72313	4.620496798799	0.078862
5	72320	4.621124571553	0.078964
5	72324	4.621532792136	0.078843
5	72337	4.622151044417	0.078928
5	72344	4.622521706161	0.078814
5	72351	4.62314960882	0.078706
5	72355	4.623533911997	0.078854
5	72374	4.624189524364	0.079287
5	72378	4.624509558382	0.078984
5	72385	4.625200080345	0.079141
5	72389	4.625520138425	0.078686
5	72405	4.626247809322	0.078828
5	72409	4.626480453262	0.078601
5	72416	4.627277254177	0.078725
5	72420	4.627467166872	0.078585
5	72436	4.628286738498	0.07874
5	72440	4.628447935395	0.078623
5	72447	4.629318288213	0.078785
5	72454	4.629434518061	0.07867
5	72467	4.63027008331	0.088091
5	72471	4.630406348725	0.08345
5	72481	4.631297480686	0.079126
5	72485	4.631391983304	0.080182
5	72498	4.632302932065	0.080083
5	72502	4.632399138544	0.080461
5	72512	4.633262480896	0.079359
5	72516	4.633380929205	0.078816
5	72529	4.634289013962	0.079101
5	72536	4.634417346309	0.079086
5	72543	4.635268002888	0.078721
5	72547	4.63537309939	0.078737
5	72563	4.636281236605	0.078818
5	72567	4.636325567263	0.079013
5	72574	4.637291991847	0.078789
5	72578	4.637322052602	0.078996
5	72594	4.638328545535	0.080094
5	72598	4.638346887922	0.078916
5	72605	4.639278880316	0.078881
5	72609	4.639339787115	0.079226
5	72625	4.640298798229	0.079259
5	72629	4.640350057398	0.079143
5	72636	4.641316712436	0.078802
5	72640	4.641390261988	0.087125
5	72653	4.642318129564	0.079777
5	72657	4.642380092909	0.079077
5	72667	4.643279831357	0.078847
5	72671	4.643360971093	0.07892
5	72684	4.644250061814	0.079094
5	72688	4.644347229362	0.07893
5	72698	4.645234409953	0.078792
5	72702	4.645301947861	0.078693
5	72718	4.646266902049	0.078619
5	72722	4.646314555978	0.079758
5	72732	4.647277146655	0.07911
5	72736	4.647320619579	0.07864
5	72749	4.648237524162	0.078839
5	72753	4.648358513672	0.078653
5	72763	4.649246127865	0.07896
5	72767	4.64940383158	0.07875
5	72780	4.650283585759	0.085951
5	72784	4.650387542051	0.081995
5	72794	4.651293232396	0.079141
5	72798	4.651369873727	0.079061
5	72808	4.65224499846	0.079244
5	72815	4.652381158038	0.0789
5	72825	4.653215182027	0.082051
5	72829	4.653426481535	0.082608
5	72839	4.654219651064	0.078967
5	72843	4.654381626439	0.078836
5	72856	4.655206274117	0.078888
5	72860	4.655356169039	0.078883
5	72870	4.656165170831	0.080046
5	72874	4.656374710218	0.078835
5	72887	4.657135505673	0.078846
5	72891	4.657408557674	0.089797
5	72901	4.658101181401	0.079635
5	72908	4.658445805476	0.078834
5	72918	4.659109273692	0.078901
5	72922	4.659436027999	0.079081
5	72932	4.660157182653	0.079104
5	72942	4.660477802848	0.078734
5	72949	4.661184716523	0.079011
5	72953	4.66148600672	0.078762
5	72963	4.662152139796	0.078843
5	72970	4.662451270544	0.0801
5	72980	4.663166037805	0.078865
5	72984	4.663468510358	0.078835
5	72997	4.664128978651	0.088128
5	73004	4.66442685709	0.080052
5	73014	4.665163207954	0.079158
5	73018	4.665452686795	0.078953
5	73028	4.66615371782	0.078971
5	73035	4.666496480368	0.07895
5	73045	4.667173949533	0.078894
5	73049	4.667526491246	0.078871
5	73059	4.66818711496	0.079197
5	73066	4.668575956427	0.078767
5	73073	4.669236749775	0.078858
5	73080	4.669548476485	0.078989
5	73093	4.670200948719	0.078781
5	73097	4.670507897724	0.078947
5	73104	4.671222430902	0.274
5	73111	4.671529079827	0.437488
5	73124	4.672269939505	0.315018
5	73128	4.672498205819	0.088198
5	73135	4.673307624491	0.080979
5	73142	4.673502270786	0.159704
5	73155	4.674258239656	0.213773
5	73159	4.67449564255	0.194773
5	73166	4.675224869522	0.191137
5	73176	4.675529567708	0.190663
5	73186	4.676246213609	0.190513
5	73190	4.676514586097	0.218676
5	73197	4.677258462796	0.193375
5	73204	4.677483248843	0.172333
5	73217	4.678295049711	0.098184
5	73221	4.678480588568	0.089313
5	73228	4.679287444072	0.088265
5	73235	4.679448570323	0.087843
5	73248	4.680320680484	0.087622
5	73252	4.680494251428	0.087674
5	73259	4.681315890842	0.078982
5	73269	4.68147916416	0.07915
5	73276	4.682283150785	0.079202
5	73283	4.682485548566	0.079034
5	73290	4.68329687386	0.078837
5	73300	4.683467583966	0.078876
5	73310	4.684303089013	0.079635
5	73317	4.684449193542	0.079248
5	73324	4.685310640757	0.078821
5	73331	4.685463642356	0.078716
5	73341	4.686270543023	0.078912
5	73348	4.686464037654	0.090034
5	73355	4.687299851087	0.079495
5	73359	4.687507827168	0.079222
5	73372	4.688326715519	0.078956
5	73376	4.688545033075	0.078943
5	73386	4.689365486888	0.078804
5	73393	4.689591933194	0.079759
5	73403	4.690374095078	0.079024
5	73407	4.690631589433	0.078856
5	73420	4.691415646542	0.078961
5	73424	4.691639964974	0.078853
5	73434	4.692427213258	0.078919
5	73441	4.692662975153	0.078991
5	73448	4.693453049022	0.078791
5	73455	4.693707653441	0.078978
5	73468	4.694448318159	0.078917
5	73472	4.694731873431	0.078842
5	73482	4.695443396559	0.079159
5	73486	4.695703941977	0.07909
5	73496	4.696416946766	0.079148
5	73503	4.696725438818	0.079103
5	73510	4.697448806601	0.079038
5	73517	4.697703864437	0.079261
5	73527	4.698402206779	0.088879
5	73531	4.698721819945	0.079757
5	73541	4.699440616685	0.078808
5	73548	4.699756140416	0.078871
5	73558	4.70042418335	0.079008
5	73562	4.700793916614	0.079
5	73572	4.701465578527	0.078868
5	73579	4.701794391488	0.079073
5	73589	4.702461394169	0.078838
5	73596	4.702810979015	0.080001
5	73603	4.70347649396	0.078893
5	73607	4.703794004423	0.078761
5	73623	4.704472932265	0.07942
5	73630	4.704781370046	0.079019
5	73637	4.705520158396	0.07885
5	73641	4.705823921242	0.078866
5	73654	4.706474830388	0.079102
5	73664	4.706867493109	0.078787
5	73668	4.707493686894	0.078858
5	73672	4.707888844771	0.078823
5	73685	4.708513566276	0.079706
5	73695	4.708887842754	0.078816
5	73699	4.709505010595	0.095933
5	73703	4.7099253977	0.07981
5	73716	4.710535210717	0.078944
5	73726	4.710955000171	0.079054
5	73730	4.711539769854	0.078959
5	73734	4.711919717332	0.078926
5	73750	4.712565814648	0.078973
5	73757	4.712951076702	0.078808
5	73761	4.713558290958	0.078877
5	73768	4.713947920099	0.079125
5	73781	4.714581300835	0.079046
5	73788	4.714947171348	0.080194
5	73792	4.715581711995	0.079108
5	73799	4.715987188211	0.079102
5	73812	4.716598990301	0.079062
5	73819	4.716973664522	0.079001
5	73823	4.717551813759	0.078816
5	73827	4.717936222979	0.078869
5	73846	4.718570732224	0.078967
5	73850	4.718950969007	0.086129
5	73854	4.719606771163	0.08937
5	73858	4.71993785959	0.079752
5	73877	4.720622320003	0.07888
5	73881	4.720930206627	0.078962
5	73885	4.721578529791	0.080044
5	73889	4.72188403563	0.078633
5	73908	4.722617030793	0.078792
5	73912	4.722866331977	0.078794
5	73916	4.723662371454	0.078777
5	73920	4.723915365052	0.078846
5	73942	4.72468217225	0.079676
5	73946	4.724928990491	0.079242
5	73950	4.725696392971	0.07903
5	73954	4.725885897684	0.078923
5	73973	4.726664422335	0.078748
5	73977	4.726864184096	0.079686
5	73981	4.727621075246	0.07895
5	73985	4.727816235851	0.078694
5	74001	4.728609387968	0.078847
5	74008	4.728811106601	0.078824
5	74012	4.729565412289	0.078882
5	74016	4.729818959892	0.078702
5	74035	4.730541354391	0.07861
5	74039	4.730851254193	0.087865
5	74043	4.731526504684	0.079715
5	74047	4.731847516509	0.079088
5	74060	4.732564378838	0.082086
5	74070	4.732815523676	0.078911
5	74074	4.733546004703	0.080123
5	74078	4.733785100368	0.078905
5	74091	4.734575865263	0.078842
5	74101	4.734806469443	0.078862
5	74105	4.73558668301	0.078847
5	74109	4.735772219159	0.078905
5	74122	4.736592301011	0.079767
5	74132	4.736787597571	0.078891
5	74136	4.737641200651	0.079067
5	74140	4.737824087576	0.078677
5	74153	4.738676894368	0.085554
5	74163	4.738788120567	0.081746
5	74167	4.739665213914	0.07919
5	74171	4.739810795631	0.080112
5	74187	4.740674825843	0.078919
5	74194	4.740774406206	0.078972
5	74198	4.741685768235	0.079093
5	74202	4.741768873861	0.078799
5	74218	4.742642390547	0.088618
5	74225	4.742771195939	0.080367
5	74229	4.743628078904	0.079016
5	74233	4.743721214192	0.078853
5	74255	4.744650675118	0.07936
5	74259	4.744697340294	0.078978
5	74263	4.745622825298	0.078902
5	74267	4.745729629141	0.078823
5	74286	4.746668456565	0.078886
5	74290	4.746724027483	0.078741
5	74294	4.747645811112	0.078777
5	74298	4.747731763416	0.078708
5	74317	4.748678490305	0.139759
5	74321	4.748696544693	0.204458
5	74325	4.74965164507	0.193652
5	74329	4.749707068974	0.190663
5	74347	4.75065493096	0.107611
5	74354	4.750748038631	0.083061
5	74358	4.751681901511	0.08124
5	74362	4.751733919456	0.081218
5	74381	4.752686558011	0.079536
5	74385	4.75269518614	0.079299
5	74389	4.753698404354	0.078875
5	74393	4.753711358156	0.079047
5	74412	4.754731455425	0.07891
5	74416	4.754746783317	0.07907
5	74420	4.755745596876	0.078976
5	74424	4.75579668895	0.078929
5	74443	4.756760766483	0.080107
5	74447	4.756814564182	0.080304
5	74451	4.757737300159	0.080329
5	74455	4.757780315298	0.080445
5	74471	4.758714928232	0.080445
5	74478	4.758798625061	0.079752
5	74482	4.75968477881	0.078815
5	74486	4.759833146059	0.090995
5	74502	4.760667183777	0.079797
5	74506	4.760799903864	0.079295
5	74513	4.761682314365	0.079047
5	74517	4.761807147261	0.07879
5	74530	4.762653805325	0.079248
5	74537	4.762818022356	0.078929
5	74544	4.763623396047	0.078828
5	74548	4.763829500284	0.078971
5	74564	4.764640429326	0.079695
5	74571	4.764865632726	0.079362
5	74578	4.765623002435	0.079091
5	74582	4.76586488074	0.079003
5	74589	4.766580766243	0.078826
5	74602	4.76687980719	0.078716
5	74609	4.76755987911	0.07881
5	74613	4.767924385997	0.078974
5	74620	4.76852281345	0.078745
5	74633	4.768909778624	0.078848
5	74640	4.769477894591	0.078775
5	74644	4.769916734895	0.07873
5	74651	4.770499232508	0.078797
5	74667	4.770959396433	0.089197
5	74671	4.771507318637	0.095639
5	74675	4.771971664285	0.079377
5	74682	4.772536013539	0.079029
5	74698	4.772967824156	0.078955
5	74702	4.773545076904	0.078844
5	74706	4.77392099328	0.078928
5	74713	4.774497808409	0.080708
5	74726	4.774905991657	0.080198
5	74733	4.775457179613	0.079795
5	74737	4.775944457922	0.078754
5	74744	4.776446094628	0.078868
5	74760	4.776929310171	0.078844
5	74764	4.777475690883	0.078855
5	74768	4.777882852567	0.078787
5	74775	4.778438497703	0.078823
5	74791	4.778888815202	0.078786
5	74795	4.779397711111	0.078866
5	74799	4.779907739673	0.086708
5	74809	4.780432088535	0.079722
5	74819	4.780881285368	0.0808
5	74826	4.781471888554	0.079099
5	74830	4.781876890471	0.078988
5	74840	4.782442773264	0.088107
5	74850	4.782828970359	0.07961
5	74857	4.783479722545	0.079329
5	74861	4.783840011177	0.078896
5	74871	4.78444562677	0.079054
5	74884	4.784870752358	0.079575
5	74891	4.785410607853	0.079004
5	74898	4.785851751849	0.07892
5	74905	4.786392275927	0.080176
5	74915	4.786893952354	0.078845
5	74922	4.787386458456	0.07879
5	74926	4.787854082348	0.07877
5	74936	4.788361190594	0.079042
5	74943	4.788901941049	0.079031
5	74953	4.789316563786	0.078956
5	74960	4.789915507373	0.078838
5	74967	4.790272118019	0.078869
5	74977	4.790947593065	0.07889
5	74984	4.791295369326	0.078966
5	74994	4.791936180862	0.078672
5	74998	4.792342753913	0.078869
5	75008	4.792968392072	0.085675
5	75015	4.793328221485	0.092022
5	75022	4.79401292287	0.085362
5	75029	4.79436323174	0.079045
5	75039	4.79500702232	0.078873
5	75046	4.795385144607	0.078804
5	75056	4.795962437526	0.078804
5	75060	4.796416453246	0.078917
5	75067	4.79696256006	0.078763
5	75077	4.797433953777	0.079004
5	75087	4.797960541083	0.078992
5	75091	4.798470765	0.078935
5	75098	4.798958032378	0.080043
5	75108	4.79949880387	0.078882
5	75115	4.799984928779	0.078773
5	75122	4.800460611932	0.078854
5	75129	4.800996585628	0.078624
5	75139	4.801481607454	0.078826
5	75146	4.802005497934	0.078927
5	75153	4.802527274831	0.078929
5	75163	4.802997278952	0.078862
5	75170	4.803483851424	0.078854
5	75177	4.803976288762	0.078914
5	75184	4.804531168729	0.078758
5	75197	4.804933741947	0.081303
5	75207	4.805524972686	0.08028
5	75211	4.805935858316	0.080435
5	75218	4.806528032147	0.07985
5	75228	4.806980155468	0.081339
5	75235	4.807493484882	0.087899
5	75242	4.807957992344	0.079996
5	75249	4.808540835174	0.079091
5	75259	4.80891748104	0.079131
5	75266	4.809542308458	0.079416
5	75273	4.809939791418	0.079048
5	75280	4.810508949788	0.079184
5	75293	4.81095182317	0.080054
5	75297	4.811512934143	0.078886
5	75301	4.811925652733	0.079058
5	75314	4.81251644527	0.079148
5	75324	4.812937469684	0.079259
5	75328	4.813478295207	0.079103
5	75332	4.813945950214	0.078809
5	75342	4.814442855397	0.079094
5	75355	4.814950956338	0.078984
5	75359	4.81546311293	0.079391
5	75366	4.81596080935	0.088321
5	75373	4.816495567174	0.084507
5	75386	4.816940380716	0.080401
5	75390	4.81751989996	0.081133
5	75394	4.817899163226	0.079364
5	75404	4.818487868767	0.079
5	75411	4.818872658339	0.080001
5	75421	4.819516509624	0.080038
5	75425	4.819874526466	0.0794
5	75432	4.820493342045	0.078825
5	75442	4.820918605984	0.079257
5	75452	4.821526785745	0.078906
5	75456	4.821933743861	0.07896
5	75466	4.822553768456	0.078912
5	75473	4.822891520743	0.079098
5	75483	4.82358237024	0.079211
5	75487	4.823931558257	0.080021
5	75497	4.824623374355	0.079044
5	75507	4.824898514332	0.080676
5	75517	4.8256023085	0.079399
5	75521	4.825879924672	0.078872
5	75528	4.82656517366	0.0789
5	75535	4.826831873764	0.08833
5	75548	4.827543536632	0.079825
5	75552	4.827825753655	0.079451
5	75559	4.82852919739	0.079128
5	75566	4.828802520313	0.078832
5	75579	4.829533771066	0.080122
5	75583	4.829847471467	0.079548
5	75590	4.830575420593	0.09508
5	75600	4.830890155933	0.08102
5	75610	4.831559665545	0.079296
5	75614	4.831850113909	0.079648
5	75621	4.832540264999	0.080077
5	75628	4.832830824116	0.080391
5	75641	4.833547351974	0.079746
5	75645	4.833850252728	0.079333
5	75652	4.834505505283	0.079307
5	75656	4.834878570976	0.080353
5	75672	4.835497470261	0.083332
5	75676	4.835901809959	0.090752
5	75683	4.83651496453	0.082616
5	75690	4.836919340426	0.080473
5	75700	4.837525040342	0.079467
5	75707	4.837899582804	0.078836
5	75714	4.838500559651	0.088115
5	75721	4.838941958201	0.086543
5	75734	4.839535582546	0.079457
5	75738	4.83994737527	0.078908
5	75745	4.840555094335	0.079105
5	75749	4.840979491674	0.079466
5	75765	4.841599198393	0.081841
5	75769	4.842012270087	0.14847
5	75776	4.842604878464	0.088179
5	75786	4.843015026724	0.081709
5	75796	4.843612793366	0.08098
5	75800	4.843991727486	0.08079
5	75807	4.844633930355	0.157603
5	75814	4.84498478357	0.088454
5	75827	4.845613322284	0.081201
5	75834	4.845941706342	0.081351
5	75841	4.846642078489	0.079574
5	75845	4.846969235843	0.079244
5	75861	4.847594408822	0.079152
5	75865	4.847946986329	0.079039
5	75872	4.848552672608	0.078862
5	75876	4.848920896328	0.078963
5	75892	4.849577033697	0.078934
5	75896	4.849967639842	0.079326
5	75903	4.85054071254	0.083535
5	75907	4.850936357182	0.082742
5	75923	4.851556603054	0.079711
5	75927	4.85188794786	0.080011
5	75934	4.852602816581	0.07949
5	75938	4.852887587728	0.079912
5	75954	4.853594841994	0.083317
5	75958	4.853912809998	0.080254
5	75965	4.854588628776	0.079939
5	75972	4.854933402936	0.07937
5	75985	4.85562634724	0.080334
5	75989	4.85593481346	0.079935
5	75996	4.856617401377	0.079767
5	76003	4.856914292279	0.08038
5	76016	4.857664385778	0.080736
5	76020	4.857915884817	0.080103
5	76024	4.858658127123	0.080261
5	76034	4.858952417073	0.290878
5	76047	4.859628142725	0.080757
5	76051	4.859916167839	0.07942
5	76058	4.860641573179	0.078851
5	76065	4.860962813769	0.079095
5	76078	4.861689126327	0.087371
5	76082	4.861985550109	0.080599
5	76089	4.862678479317	0.079819
5	76096	4.862993899186	0.080667
5	76109	4.8636558471	0.091831
5	76113	4.864035867535	0.08337
5	76120	4.864691605217	0.079499
5	76127	4.86502622363	0.078746
5	76143	4.865655840578	0.079774
5	76147	4.866041301725	0.079621
5	76151	4.866623406925	0.079032
5	76164	4.867037191647	0.079061
5	76174	4.867642453734	0.07899
5	76178	4.868066922829	0.07963
5	76182	4.868683809591	0.081812
5	76195	4.869018347451	0.082505
5	76205	4.869687522566	0.081602
5	76209	4.86997487961	0.080308
5	76213	4.870735450581	0.078915
5	76226	4.870976669002	0.078867
5	76236	4.871721493743	0.079222
5	76240	4.872012856634	0.078882
5	76247	4.872739816459	0.078945
5	76254	4.873010606492	0.07927
5	76267	4.873784867611	0.078802
5	76271	4.874034692239	0.079116
5	76281	4.874764673656	0.088791
5	76288	4.875074088349	0.081049
5	76298	4.875757404529	0.078846
5	76302	4.876113655719	0.078971
5	76309	4.876720498349	0.078888
5	76319	4.87707053452	0.078959
5	76326	4.877670734187	0.078741
5	76333	4.878032688264	0.078904
5	76340	4.878688131164	0.078863
5	76350	4.879054379749	0.07897
5	76360	4.879698870049	0.079217
5	76364	4.8800291769	0.079118
5	76377	4.880727812673	0.079035
5	76381	4.881002076091	0.07938
5	76388	4.881687208486	0.080113
5	76395	4.882011823556	0.078691
5	76405	4.882671134572	0.079338
5	76412	4.883039878824	0.078851
5	76422	4.883692690241	0.07881
5	76426	4.884015388177	0.078798
5	76436	4.884664518127	0.078766
5	76446	4.884988164865	0.079193
5	76456	4.885712296469	0.088654
5	76460	4.88603020708	0.079913
5	76470	4.88670203077	0.079148
5	76477	4.886996645558	0.080428
5	76487	4.887663206425	0.086166
5	76491	4.888001476104	0.079923
5	76498	4.888681571607	0.079326
5	76508	4.889002461078	0.079117
5	76518	4.889647730682	0.078733
5	76522	4.889981764996	0.078836
5	76532	4.890636830682	0.078831
5	76539	4.890933812892	0.078944
5	76549	4.891673264776	0.079008
5	76553	4.891928103879	0.078769
5	76563	4.892661489777	0.079014
5	76570	4.892919306105	0.078839
5	76580	4.893662191307	0.081615
5	76584	4.893934907911	0.083619
5	76594	4.894650880623	0.083195
5	76601	4.894953725715	0.081094
5	76611	4.895695578669	0.080664
5	76615	4.895909398638	0.080756
5	76625	4.896689756063	0.079503
5	76632	4.896908861124	0.090189
5	76639	4.897693819806	0.08209
5	76646	4.897905159425	0.080937
5	76656	4.898731576177	0.084017
5	76660	4.898883196247	0.081557
5	76670	4.899776916148	0.080828
5	76674	4.899856483955	0.07934
5	76687	4.900786942225	0.079161
5	76691	4.900862560641	0.078865
5	76701	4.901824616655	0.079536
5	76708	4.901892583594	0.080359
5	76718	4.902797207805	0.080399
5	76722	4.902848087674	0.079734
5	76735	4.903839359338	0.084016
5	76739	4.90384832697	0.079764
5	76755	4.904856119572	0.079528
5	76759	4.904883604726	0.080137
5	76766	4.905878754969	0.079194
5	76770	4.9058790755	0.078856
5	76786	4.906829663242	0.079151
5	76790	4.90689515009	0.078835
5	76797	4.907867283902	0.079252
5	76801	4.90789213271	0.088603
5	76817	4.908864441383	0.079835
5	76821	4.908908504714	0.078905
5	76828	4.909818116071	0.078897
5	76835	4.909874657008	0.079036
5	76848	4.91085644141	0.078841
5	76852	4.910923485093	0.078957
5	76859	4.911865263818	0.078743
5	76866	4.911955188189	0.078727
5	76879	4.912889924503	0.078887
5	76883	4.912933347196	0.07874
5	76890	4.913885231626	0.078999
5	76897	4.913923220763	0.085339
5	76910	4.914886271362	0.079768
5	76914	4.914909064716	0.079109
5	76924	4.915861842628	0.07899
5	76928	4.915870361605	0.078882
5	76941	4.916869865011	0.079134
5	76945	4.916913424705	0.078844
5	76955	4.917871865653	0.079919
5	76962	4.917956682494	0.078993
5	76972	4.918861202752	0.078753
5	76976	4.918992188659	0.078845
5	76983	4.919812087151	0.08588
5	76990	4.919953591121	0.080452
5	77003	4.920782613238	0.078967
5	77007	4.920924746967	0.079099
5	77017	4.921799225336	0.078938
5	77021	4.921894390715	0.078758
5	77034	4.922761672696	0.078805
5	77041	4.922917593018	0.078805
5	77048	4.923747684697	0.078913
5	77055	4.923958387052	0.080067
5	77068	4.924753135098	0.079455
5	77072	4.924909967857	0.078913
5	77079	4.925766526982	0.07892
5	77083	4.925891466893	0.082301
5	77099	4.926743488046	0.078957
5	77103	4.926931424557	0.078791
5	77113	4.927713363013	0.078887
5	77117	4.927914842409	0.078762
5	77130	4.928740584127	0.078651
5	77134	4.928868001668	0.078861
5	77144	4.929734361059	0.078842
5	77151	4.929887720062	0.078806
5	77161	4.930774962233	0.078936
5	77165	4.930879734372	0.087736
5	77175	4.93174707106	0.079865
5	77182	4.931911556634	0.079982
5	77192	4.932776745428	0.081167
5	77196	4.932932841466	0.084444
5	77206	4.933752629583	0.081433
5	77213	4.933962350717	0.08473
5	77223	4.934772479988	0.084913
5	77227	4.934968255204	0.083159
5	77237	4.935793745661	0.084524
5	77247	4.935935064177	0.084386
5	77254	4.936756875406	0.084979
5	77258	4.936970792282	0.082379
5	77271	4.937800814239	0.083853
5	77275	4.937987073816	0.086093
5	77285	4.938809999986	0.084181
5	77289	4.938988219396	0.084169
5	77302	4.939813301809	0.081652
5	77306	4.939963533969	0.080874
5	77316	4.940811645572	0.093828
5	77320	4.940955978756	0.156094
5	77333	4.941810629925	0.092028
5	77337	4.941934608037	0.083283
5	77347	4.942763139207	0.081482
5	77351	4.942960776617	0.07961
5	77361	4.94372730082	0.079904
5	77371	4.943911603248	0.079573
5	77381	4.944734708843	0.08139
5	77385	4.944874613892	0.079158
5	77398	4.945711146123	0.078925
5	77405	4.945882999222	0.078944
5	77412	4.946688906636	0.080297
5	77416	4.946929146803	0.078953
5	77429	4.947708798894	0.088572
5	77436	4.947934638405	0.078942
5	77443	4.948737523508	0.07891
5	77447	4.9489595224	0.078892
5	77463	4.949762275139	0.078913
5	77467	4.949944653638	0.079003
5	77474	4.9507726597	0.079235
5	77478	4.950994410463	0.079004
5	77491	4.951733136621	0.078846
5	77498	4.951960920052	0.079132
5	77505	4.952706835043	0.089472
5	77509	4.952938214826	0.081776
5	77522	4.953680441782	0.080898
5	77529	4.953959406656	0.080408
5	77533	4.954708884283	0.079629
5	77540	4.954926268141	0.078941
5	77550	4.955702727423	0.078813
5	77560	4.9558807835	0.07896
5	77564	4.956655597842	0.078903
5	77571	4.956839822246	0.078814
5	77581	4.957614661969	0.078936
5	77591	4.957838383604	0.078912
5	77595	4.958576583682	0.078748
5	77599	4.958794522502	0.078882
5	77612	4.959606810064	0.080011
5	77622	4.959785137293	0.078815
5	77626	4.96059417893	0.079141
5	77630	4.960745465893	0.078822
5	77643	4.96160885841	0.079186
5	77650	4.961718828098	0.078994
5	77657	4.962613984407	0.079103
5	77661	4.962685960936	0.07892
5	77674	4.963624892342	0.078836
5	77678	4.963719890489	0.088304
5	77688	4.964644090287	0.079801
5	77692	4.964700125779	0.079183
5	77708	4.965665814784	0.07921
5	77712	4.965674516747	0.079041
5	77722	4.966634635185	0.078912
5	77726	4.96666613856	0.086193
5	77739	4.967622335724	0.07954
5	77743	4.967624596115	0.079128
5	77753	4.968587813639	0.078863
5	77757	4.968658703849	0.078772
5	77773	4.969606651038	0.07888
5	77777	4.969674038481	0.082166
5	77784	4.970611129032	0.079124
5	77788	4.970627962663	0.078817
5	77804	4.971589293467	0.080021
5	77808	4.971667410056	0.078905
5	77815	4.972586574674	0.079168
5	77819	4.972681569108	0.078884
5	77832	4.973578978101	0.088423
5	77839	4.973657197705	0.079857
5	77846	4.974622755508	0.079104
5	77850	4.974661460556	0.078662
5	77866	4.975593574534	0.078742
5	77870	4.97561452741	0.078714
5	77877	4.976625703619	0.078804
5	77881	4.976631575013	0.082478
5	77894	4.97758479101	0.081241
5	77901	4.977666399297	0.080159
5	77908	4.97854362626	0.07896
5	77912	4.978714793842	0.078935
5	77925	4.979589434217	0.078812
5	77929	4.97973471653	0.079056
5	77939	4.980621855312	0.07888
5	77943	4.980747553202	0.078915
5	77956	4.981650326298	0.078882
5	77963	4.981733282153	0.078763
5	77970	4.982620316943	0.07906
5	77974	4.982750292219	0.079272
5	77987	4.983587412629	0.079779
5	77994	4.983792063447	0.07952
5	78001	4.984615798943	0.082033
5	78005	4.984766878562	0.080412
5	78021	4.985651524494	0.080821
5	78028	4.985785971479	0.080417
5	78035	4.986650004155	0.078949
5	78039	4.986743147963	0.079659
5	78055	4.987664728261	0.080277
5	78059	4.987756509186	0.079859
5	78066	4.98868503219	0.078788
5	78070	4.988791236062	0.078869
5	78083	4.989680967658	0.079091
5	78090	4.989804581028	0.080173
5	78097	4.990730124674	0.079233
5	78101	4.990818034236	0.07884
5	78117	4.991735310845	0.079164
5	78121	4.991851029705	0.078707
5	78128	4.992700819259	0.084655
5	78132	4.992852800106	0.079111
5	78148	4.993717836528	0.07893
5	78152	4.993893357271	0.153856
5	78159	4.994725583123	0.081304
5	78163	4.994920736103	0.079008
5	78179	4.995726325852	0.078924
5	78183	4.995878595984	0.09074
5	78190	4.996736386673	0.081495
5	78194	4.996845972541	0.080208
5	78210	4.9976914605	0.07876
5	78214	4.997828505054	0.078818
5	78218	4.998654751121	0.078929
5	78225	4.998848124839	0.078982
5	78238	4.999664974039	0.078957
5	78245	4.999869119702	0.078859
6	15657	1.000838092813	3.5082428455353
6	15970	1.020998676282	3.6929697990417
6	16291	1.041345650993	3.4749150276184
6	16604	1.061424770115	3.4463272094727
6	16913	1.081287278202	4.7470836639404
6	17226	1.101281899992	3.7474026679993
6	17539	1.121229661554	4.0277781486511
6	17856	1.141758167419	4.5229506492615
6	18165	1.16144487366	4.2564182281494
6	18474	1.181160027135	3.4160962104797
6	18791	1.201286922284	4.575403213501
6	19096	1.220648331943	4.4094910621643
6	19413	1.240944613097	4.2330813407898
6	19724	1.260812533607	3.9477624893188
6	20045	1.281197469442	4.3016414642334
6	20358	1.30135433452	4.5188145637512
6	20671	1.321088971547	5.083281993866
6	20984	1.341359952914	4.0036849975586
6	21297	1.361321527329	4.3291702270508
6	21606	1.380834680308	3.7587242126465
6	21919	1.400781100872	4.0787682533264
6	22232	1.421029796652	3.344190120697
6	22545	1.441089461494	3.8402574062347
6	22858	1.460978913904	3.6896350383759
6	23175	1.481479037257	4.807728767395
6	23490	1.501815785933	4.373724937439
6	23803	1.522025695556	5.1343121528625
6	24116	1.54160376233	4.1941323280334
6	24433	1.561920195601	3.5482506752014
6	24742	1.581845458234	3.9595046043396
6	25055	1.601649232032	3.438316822052
6	25368	1.621575667779	3.4870910644531
6	25689	1.642022657764	4.2072772979736
6	25994	1.661627208495	4.1516537666321
6	26307	1.681303627252	4.3197374343872
6	26620	1.701226995991	4.0540761947632
6	26933	1.721172548723	3.8578016757965
6	27246	1.740996371236	3.1854074001312
6	27553	1.760904573352	3.7100200653076
6	27874	1.781048536528	4.4777822494507
6	28187	1.800952321681	3.9537992477417
6	28500	1.820976944858	4.3608622550964
6	28817	1.84131842091	4.494288444519
6	29130	1.861368627006	4.4754452705383
6	29435	1.880448208647	4.1731519699097
6	29744	1.900480069943	4.2034296989441
6	30065	1.920889750512	4.713415145874
6	30378	1.94088975481	3.6635143756866
6	30691	1.96086573921	3.5808227062225
6	31004	1.980834268065	4.8410396575928
6	31319	2.001235147212	4.6682591438293
6	31632	2.021447846793	4.7858753204346
6	31945	2.041048103387	3.298588514328
6	32258	2.061587657316	4.1747398376465
6	32571	2.081654771687	4.5240759849548
6	32884	2.101471436243	5.3379836082458
6	33201	2.121708171744	4.1505708694458
6	33510	2.141375837887	3.5391299724579
6	33823	2.161405923886	4.0715456008911
6	34136	2.181448879921	4.6999568939209
6	34449	2.201424115259	3.9219183921814
6	34766	2.221577796824	5.235435962677
6	35079	2.241882729973	5.3093085289001
6	35394	2.261815791499	4.7852721214294
6	35707	2.281688047515	5.0053043365479
6	36024	2.302192989242	5.4819631576538
6	36341	2.322428074034	5.0876665115356
6	36654	2.342568296284	3.8036291599274
6	36967	2.362511502512	4.6400489807129
6	37276	2.382021349625	3.9503273963928
6	37589	2.401730817504	3.0492105484009
6	37906	2.422451325477	3.8990709781647
6	38219	2.442141445981	3.8823089599609
6	38528	2.46197179297	3.5685660839081
6	38845	2.482292725798	4.1678767204285
6	39160	2.502399075319	3.8830151557922
6	39473	2.522276878106	4.2616152763367
6	39782	2.542058759254	6.3021850585938
6	40099	2.562565731461	4.4050841331482
6	40408	2.582563449795	4.1441378593445
6	40721	2.60271015374	4.028223991394
6	41034	2.622376499024	4.325526714325
6	41347	2.642293195446	3.6069824695587
6	41660	2.662434295365	4.7990980148315
6	41973	2.681967143283	4.4770884513855
6	42286	2.702298024037	4.0980005264282
6	42599	2.722429591398	4.036075592041
6	42912	2.742512467603	4.9355454444885
6	43227	2.76231873051	4.1526679992676
6	43540	2.782278572937	3.8470003604889
6	43853	2.802114558098	3.2760720252991
6	44166	2.821933947457	4.4317126274109
6	44479	2.842249958081	4.6359734535217
6	44792	2.861996273378	4.3959069252014
6	45105	2.881915271502	4.8632659912109
6	45418	2.902379783601	3.8725051879883
6	45731	2.921696945816	4.2560243606567
6	46040	2.941440924106	3.8658409118652
6	46357	2.961456122126	3.1492371559143
6	46670	2.981699360116	4.0915741920471
6	46985	3.001906154458	4.3650074005127
6	47298	3.02170813911	3.80495429039
6	47611	3.041871825875	4.3845767974854
6	47924	3.062215664524	3.7331030368805
6	48245	3.082530013626	4.6744332313538
6	48558	3.102573754303	5.123101234436
6	48871	3.122496067919	4.0987243652344
6	49184	3.142494638496	3.8612730503082
6	49497	3.162897721843	5.1724696159363
6	49810	3.182649778764	3.6937050819397
6	50123	3.202904508267	4.3205575942993
6	50436	3.222968422103	3.7726159095764
6	50749	3.24283881918	4.2900471687317
6	51064	3.262865547576	4.7628140449524
6	51381	3.283367754804	4.8341479301453
6	51694	3.303222404489	4.1586046218872
6	52011	3.323547776674	4.2751617431641
6	52324	3.343579147022	4.5046257972717
6	52629	3.36334860259	3.508725643158
6	52942	3.383197512603	5.8824391365051
6	53259	3.403638309397	4.5021820068359
6	53568	3.42311039896	3.6309354305267
6	53881	3.44327254388	3.3894031047821
6	54194	3.462981395942	5.4956212043762
6	54507	3.482987420846	3.6681137084961
6	54822	3.502952598793	5.3782439231873
6	55135	3.522695764455	4.5862412452698
6	55448	3.542797014657	4.1047110557556
6	55761	3.562725789458	6.5363764762878
6	56074	3.582847083243	3.9950790405273
6	56387	3.602521912309	4.2904305458069
6	56700	3.62267823217	4.2925186157227
6	57013	3.642571397008	4.0330719947815
6	57318	3.662341005131	3.6022760868073
6	57639	3.682840244095	5.7224831581116
6	57952	3.702935930225	3.476039648056
6	58265	3.723092978721	4.5234842300415
6	58578	3.742604104094	4.4568223953247
6	58893	3.763303173471	5.4398112297058
6	59206	3.783079672022	3.9779682159424
6	59519	3.803227166859	4.1632466316223
6	59832	3.823411271274	3.7482507228851
6	60145	3.843480472709	4.453839302063
6	60462	3.863629928323	4.9955749511719
6	60771	3.883436726262	4.6673302650452
6	61084	3.903326024141	3.2897906303406
6	61393	3.923179728213	4.2125864028931
6	61706	3.943020160233	3.7473986148834
6	62023	3.963265767148	4.8776302337646
6	62332	3.982973362793	4.3661861419678
6	62655	4.003530714881	3.8780093193054
6	62964	4.023358823417	3.8901255130768
6	63281	4.043572273241	3.6759312152863
6	63590	4.063309450425	4.7527480125427
6	63899	4.083188711519	4.6273994445801
6	64212	4.103174580557	3.3181476593018
6	64525	4.123261059486	4.3162527084351
6	64838	4.143295975992	5.3218026161194
6	65151	4.162890794746	4.2031540870667
6	65464	4.183006337655	3.7633938789368
6	65781	4.203538827587	3.8786842823029
6	66090	4.223150944626	3.8198103904724
6	66403	4.243034980882	5.0989179611206
6	66718	4.263008226685	3.6665315628052
6	67027	4.282808050495	4.9797821044922
6	67344	4.302872345361	3.5821163654327
6	67657	4.32291558219	4.1560497283936
6	67974	4.343333546943	4.9271583557129
6	68287	4.363300649699	4.0123434066772
6	68600	4.383037165077	3.5406520366669
6	68909	4.402685008859	3.1473965644836
6	69226	4.422968309396	4.4383277893066
6	69535	4.442547186996	3.9534597396851
6	69848	4.462460276767	3.4237477779388
6	70161	4.482871502851	3.5475037097931
6	70476	4.502810538711	4.5567355155945
6	70797	4.523649322506	5.1123862266541
6	71110	4.543609489654	4.0648431777954
6	71427	4.563764862471	3.6711041927338
6	71740	4.583906060802	4.575451374054
6	72053	4.603776384549	4.0911822319031
6	72366	4.62413761819	4.0916037559509
6	72679	4.643883305577	3.7352814674377
6	72992	4.663921662659	5.0621628761292
6	73305	4.683909871837	4.0817308425903
6	73618	4.704168637194	4.5343790054321
6	73931	4.72448818743	3.7571411132812
6	74244	4.744292300701	4.2802014350891
6	74559	4.764495251895	4.083664894104
6	74876	4.784683504071	5.2148666381836
6	75189	4.80470783406	3.7542541027069
6	75502	4.824821153663	4.2690873146057
6	75819	4.845186254074	5.206907749176
6	76132	4.865026815025	4.1248750686646
6	76441	4.884912165282	4.1894931793213
6	76750	4.904744643689	5.8923282623291
6	77063	4.924529371683	3.7406511306763
6	77376	4.944327689677	3.6417279243469
6	77697	4.965176093388	4.8283801078796
6	78010	4.984999721592	3.9122023582458
7	15657	1.000838092813	0.96043006963555
7	15970	1.020998676282	0.96634129199612
7	16291	1.041345650993	0.95926241971735
7	16604	1.061424770115	0.95823461393832
7	16913	1.081287278202	0.98681666321921
7	17226	1.101281899992	0.96791419428123
7	17539	1.121229661554	0.97495254320069
7	17856	1.141758167419	0.98388523485464
7	18165	1.16144487366	0.97955722454917
7	18474	1.181160027135	0.95712076955269
7	18791	1.201286922284	0.98462408291379
7	19096	1.220648331943	0.98216555595137
7	19413	1.240944613097	0.97912803949417
7	19724	1.260812533607	0.97311346251452
7	20045	1.281197469442	0.98036445881377
7	20358	1.30135433452	0.98382550992732
7	20671	1.321088971547	0.9902545878983
7	20984	1.341359952914	0.97441207264496
7	21297	1.361321527329	0.98084046460138
7	21606	1.380834680308	0.96823230073793
7	21919	1.400781100872	0.97605994811576
7	22232	1.421029796652	0.95435635863816
7	22545	1.441089461494	0.97043471025685
7	22858	1.460978913904	0.96624254723721
7	23175	1.481479037257	0.98751498462572
7	23490	1.501815785933	0.98158699759164
7	23803	1.522025695556	0.99069224951929
7	24116	1.54160376233	0.97839201648381
7	24433	1.561920195601	0.9617893958932
7	24742	1.581845458234	0.97339134430761
7	25055	1.601649232032	0.95794219943828
7	25368	1.621575667779	0.95969278706688
7	25689	1.642022657764	0.97864321277387
7	25994	1.661627208495	0.9775603533176
7	26307	1.681303627252	0.98067864813141
7	26620	1.701226995991	0.97552977985449
7	26933	1.721172548723	0.97088889812522
7	27246	1.740996371236	0.94763966095397
7	27553	1.760904573352	0.96684182170797
7	27874	1.781048536528	0.98322108782436
7	28187	1.800952321681	0.9732566754439
7	28500	1.820976944858	0.98137445798514
7	28817	1.84131842091	0.98346685476293
7	29130	1.861368627006	0.98318600270058
7	29435	1.880448208647	0.97798509096149
7	29744	1.900480069943	0.9785699835055
7	30065	1.920889750512	0.98641247973777
7	30378	1.94088975481	0.96545936691117
7	30691	1.96086573921	0.96286285727561
7	31004	1.980834268065	0.98788288387475
7	31319	2.001235147212	0.98585114885509
7	31632	2.021447846793	0.98726765712393
7	31945	2.041048103387	0.95251612386647
7	32258	2.061587657316	0.97801614879394
7	32571	2.081654771687	0.98390144708847
7	32884	2.101471436243	0.9922533069175
7	33201	2.121708171744	0.97753874811593
7	33510	2.141375837887	0.96148350743508
7	33823	2.161405923886	0.97590603922667
7	34136	2.181448879921	0.98624751863399
7	34449	2.201424115259	0.9724918763752
7	34766	2.221577796824	0.99150281823421
7	35079	2.241882729973	0.99205033547059
7	35394	2.261815791499	0.98726076223596
7	35707	2.281688047515	0.98954615618119
7	36024	2.302192989242	0.99319725356733
7	36341	2.322428074034	0.99029297875494
7	36654	2.342568296284	0.96946422690554
7	36967	2.362511502512	0.98548893370202
7	37276	2.382021349625	0.97317440192831
7	37589	2.401730817504	0.94114439968031
7	37906	2.422451325477	0.97193075256944
7	38219	2.442141445981	0.97151203063735
7	38528	2.46197179297	0.96246236684179
7	38845	2.482292725798	0.97788160170328
7	39160	2.502399075319	0.9715297934069
7	39473	2.522276878106	0.9796516197794
7	39782	2.542058759254	0.99676104120293
7	40099	2.562565731461	0.98209524438047
7	40408	2.582563449795	0.97740998163896
7	40721	2.60271015374	0.97496243903758
7	41034	2.622376499024	0.98077811943338
7	41347	2.642293195446	0.96370394127683
7	41660	2.662434295365	0.98741787753801
7	41973	2.681967143283	0.98321067933375
7	42286	2.702298024037	0.97646511011367
7	42599	2.722429591398	0.97513608861487
7	42912	2.742512467603	0.98886934823373
7	43227	2.76231873051	0.97758057015744
7	43540	2.782278572937	0.97061007974774
7	43853	2.802114558098	0.95158168109522
7	44166	2.821933947457	0.98251598642373
7	44479	2.842249958081	0.98543585459837
7	44792	2.861996273378	0.98194794949961
7	45105	2.881915271502	0.98812238354198
7	45418	2.902379783601	0.9712643248158
7	45731	2.921696945816	0.9795500531863
7	46040	2.941440924106	0.97109475070575
7	46357	2.961456122126	0.94598387288764
7	46670	2.981699360116	0.97633047793614
7	46985	3.001906154458	0.98144321280671
7	47298	3.02170813911	0.96949986882331
7	47611	3.041871825875	0.98176445860102
7	47924	3.062215664524	0.96750800770543
7	48245	3.082530013626	0.985929226873
7	48558	3.102573754303	0.99059779873098
7	48871	3.122496067919	0.97648022768127
7	49184	3.142494638496	0.97097795997467
7	49497	3.162897721843	0.99100673267196
7	49810	3.182649778764	0.96636302673289
7	50123	3.202904508267	0.98069277072435
7	50436	3.222968422103	0.96861845576301
7	50749	3.24283881918	0.98016052813481
7	51064	3.262865547576	0.98700141477254
7	51381	3.283367754804	0.98780765782621
7	51694	3.303222404489	0.97769854920626
7	52011	3.323547776674	0.97989566573571
7	52324	3.343579147022	0.9836189655322
7	52629	3.36334860259	0.96044674655034
7	52942	3.383197512603	0.99526332502194
7	53259	3.403638309397	0.98358313063351
7	53568	3.42311039896	0.96445797263293
7	53881	3.44327254388	0.95611373815244
7	54194	3.462981395942	0.99328063296648
7	54507	3.482987420846	0.96559852915352
7	54822	3.502952598793	0.99252963237859
7	55135	3.522695764455	0.98477253863876
7	55448	3.542797014657	0.97660489851345
7	55761	3.562725789458	0.9973805301778
7	56074	3.582847083243	0.97421627973547
7	56387	3.602521912309	0.98016730436412
7	56700	3.62267823217	0.98020417142456
7	57013	3.642571397008	0.97506979873479
7	57318	3.662341005131	0.96355398678399
7	57639	3.682840244095	0.99452600427542
7	57952	3.702935930225	0.95930235364597
7	58265	3.723092978721	0.9838929239276
7	58578	3.742604104094	0.98290382836396
7	58893	3.763303173471	0.99293339159957
7	59206	3.783079672022	0.97382265183397
7	59519	3.803227166859	0.97779037743264
7	59832	3.823411271274	0.96793812878467
7	60145	3.843480472709	0.98285819810904
7	60462	3.863629928323	0.98945426231742
7	60771	3.883436726262	0.98583936528006
7	61084	3.903326024141	0.95215306554376
7	61393	3.923179728213	0.97874385632729
7	61706	3.943020160233	0.96791407984939
7	62023	3.963265767148	0.98827467112592
7	62332	3.982973362793	0.98146271887753
7	62655	4.003530714881	0.97140365048574
7	62964	4.023358823417	0.97170804042712
7	63281	4.043572273241	0.96583382414922
7	63590	4.063309450425	0.98688348696515
7	63899	4.083188711519	0.98532356260622
7	64212	4.103174580557	0.95331390523397
7	64525	4.123261059486	0.98061853053072
7	64838	4.143295975992	0.99213941322748
7	65151	4.162890794746	0.97856472851765
7	65464	4.183006337655	0.96836261604789
7	65781	4.203538827587	0.9714206905799
7	66090	4.223150944626	0.96989670378818
7	66403	4.243034980882	0.99039081260834
7	66718	4.263008226685	0.96555071920742
7	67027	4.282808050495	0.98930339487096
7	67344	4.302872345361	0.96290488769522
7	67657	4.32291558219	0.97764785012007
7	67974	4.343333546943	0.98878511222368
7	68287	4.363300649699	0.97460759760849
7	68600	4.383037165077	0.96153471705579
7	68909	4.402685008859	0.94589830791865
7	69226	4.422968309396	0.9826189939268
7	69535	4.442547186996	0.97324864085569
7	69848	4.462460276767	0.95740534076263
7	70161	4.482871502851	0.96176443225467
7	70476	4.502810538711	0.98436503170505
7	70797	4.523649322506	0.99050663886665
7	71110	4.543609489654	0.97576235298488
7	71427	4.563764862471	0.96568872214587
7	71740	4.583906060802	0.9846247457421
7	72053	4.603776384549	0.97632224207011
7	72366	4.62413761819	0.97633109901946
7	72679	4.643883305577	0.96757020620355
7	72992	4.663921662659	0.99006755248418
7	73305	4.683909871837	0.97612280076687
7	73618	4.704168637194	0.98404913440664
7	73931	4.72448818743	0.9681880038209
7	74244	4.744292300701	0.97998572455753
7	74559	4.764495251895	0.97616374565331
7	74876	4.784683504071	0.99134381959638
7	75189	4.80470783406	0.96810706813687
7	75502	4.824821153663	0.9797865886278
7	75819	4.845186254074	0.99128150996931
7	76132	4.865026815025	0.97702008028382
7	76441	4.884912165282	0.97830267581262
7	76750	4.904744643689	0.9953055184196
7	77063	4.924529371683	0.96772302967209
7	77376	4.944327689677	0.9647927658044
7	77697	4.965176093388	0.98774434525047
7	78010	4.984999721592	0.97225459877998
8	15657	1.000838092813	0.007815
8	15970	1.020998676282	0.005242
8	16291	1.041345650993	0.007867
8	16604	1.061424770115	0.010769
8	16913	1.081287278202	0.009694
8	17226	1.101281899992	0.005376
8	17539	1.121229661554	0.005818
8	17856	1.141758167419	0.013423
8	18165	1.16144487366	0.012853
8	18474	1.181160027135	0.006003
8	18791	1.201286922284	0.004937
8	19096	1.220648331943	0.010082
8	19413	1.240944613097	0.008795
8	19724	1.260812533607	0.005656
8	20045	1.281197469442	0.005603
8	20358	1.30135433452	0.006271
8	20671	1.321088971547	0.007488
8	20984	1.341359952914	0.005855
8	21297	1.361321527329	0.00443
8	21606	1.380834680308	0.00566
8	21919	1.400781100872	0.006528
8	22232	1.421029796652	0.005697
8	22545	1.441089461494	0.004057
8	22858	1.460978913904	0.005447
8	23175	1.481479037257	0.004524
8	23490	1.501815785933	0.013828
8	23803	1.522025695556	0.015518
8	24116	1.54160376233	0.005161
8	24433	1.561920195601	0.004674
8	24742	1.581845458234	0.006857
8	25055	1.601649232032	0.012336
8	25368	1.621575667779	0.006525
8	25689	1.642022657764	0.005317
8	25994	1.661627208495	0.004613
8	26307	1.681303627252	0.006217
8	26620	1.701226995991	0.004281
8	26933	1.721172548723	0.00456
8	27246	1.740996371236	0.004211
8	27553	1.760904573352	0.006647
8	27874	1.781048536528	0.004894
8	28187	1.800952321681	0.005017
8	28500	1.820976944858	0.004566
8	28817	1.84131842091	0.029141
8	29130	1.861368627006	0.011557
8	29435	1.880448208647	0.005438
8	29744	1.900480069943	0.004733
8	30065	1.920889750512	0.008371
8	30378	1.94088975481	0.007979
8	30691	1.96086573921	0.005664
8	31004	1.980834268065	0.004975
8	31319	2.001235147212	0.008702
8	31632	2.021447846793	0.00925
8	31945	2.041048103387	0.005182
8	32258	2.061587657316	0.005016
8	32571	2.081654771687	0.005042
8	32884	2.101471436243	0.006937
8	33201	2.121708171744	0.007335
8	33510	2.141375837887	0.008802
8	33823	2.161405923886	0.005708
8	34136	2.181448879921	0.006108
8	34449	2.201424115259	0.011082
8	34766	2.221577796824	0.004391
8	35079	2.241882729973	0.004035
8	35394	2.261815791499	0.007633
8	35707	2.281688047515	0.006292
8	36024	2.302192989242	0.005518
8	36341	2.322428074034	0.019157
8	36654	2.342568296284	0.005244
8	36967	2.362511502512	0.006562
8	37276	2.382021349625	0.004877
8	37589	2.401730817504	0.005433
8	37906	2.422451325477	0.005158
8	38219	2.442141445981	0.005207
8	38528	2.46197179297	0.011443
8	38845	2.482292725798	0.005964
8	39160	2.502399075319	0.005841
8	39473	2.522276878106	0.005672
8	39782	2.542058759254	0.005425
8	40099	2.562565731461	0.011615
8	40408	2.582563449795	0.014273
8	40721	2.60271015374	0.005236
8	41034	2.622376499024	0.004788
8	41347	2.642293195446	0.005814
8	41660	2.662434295365	0.004523
8	41973	2.681967143283	0.004376
8	42286	2.702298024037	0.004941
8	42599	2.722429591398	0.008041
8	42912	2.742512467603	0.005524
8	43227	2.76231873051	0.005727
8	43540	2.782278572937	0.004939
8	43853	2.802114558098	0.004305
8	44166	2.821933947457	0.008544
8	44479	2.842249958081	0.005448
8	44792	2.861996273378	0.005408
8	45105	2.881915271502	0.005144
8	45418	2.902379783601	0.00948
8	45731	2.921696945816	0.0114
8	46040	2.941440924106	0.015259
8	46357	2.961456122126	0.008884
8	46670	2.981699360116	0.006164
8	46985	3.001906154458	0.007668
8	47298	3.02170813911	0.007857
8	47611	3.041871825875	0.006414
8	47924	3.062215664524	0.005082
8	48245	3.082530013626	0.011914
8	48558	3.102573754303	0.014834
8	48871	3.122496067919	0.00545
8	49184	3.142494638496	0.00506
8	49497	3.162897721843	0.005583
8	49810	3.182649778764	0.006082
8	50123	3.202904508267	0.009926
8	50436	3.222968422103	0.011188
8	50749	3.24283881918	0.005307
8	51064	3.262865547576	0.010287
8	51381	3.283367754804	0.006604
8	51694	3.303222404489	0.007512
8	52011	3.323547776674	0.00565
8	52324	3.343579147022	0.00924
8	52629	3.36334860259	0.0082
8	52942	3.383197512603	0.008659
8	53259	3.403638309397	0.010932
8	53568	3.42311039896	0.006546
8	53881	3.44327254388	0.00668
8	54194	3.462981395942	0.004943
8	54507	3.482987420846	0.004483
8	54822	3.502952598793	0.006325
8	55135	3.522695764455	0.014149
8	55448	3.542797014657	0.006836
8	55761	3.562725789458	0.005499
8	56074	3.582847083243	0.005382
8	56387	3.602521912309	0.005829
8	56700	3.62267823217	0.009768
8	57013	3.642571397008	0.005128
8	57318	3.662341005131	0.005037
8	57639	3.682840244095	0.004741
8	57952	3.702935930225	0.01906
8	58265	3.723092978721	0.018783
8	58578	3.742604104094	0.005277
8	58893	3.763303173471	0.005736
8	59206	3.783079672022	0.018082
8	59519	3.803227166859	0.009634
8	59832	3.823411271274	0.005238
8	60145	3.843480472709	0.005217
8	60462	3.863629928323	0.004804
8	60771	3.883436726262	0.00749
8	61084	3.903326024141	0.006292
8	61393	3.923179728213	0.00454
8	61706	3.943020160233	0.005965
8	62023	3.963265767148	0.018034
8	62332	3.982973362793	0.005042
8	62655	4.003530714881	0.005441
8	62964	4.023358823417	0.004788
8	63281	4.043572273241	0.006175
8	63590	4.063309450425	0.004424
8	63899	4.083188711519	0.004494
8	64212	4.103174580557	0.004723
8	64525	4.123261059486	0.004576
8	64838	4.143295975992	0.006469
8	65151	4.162890794746	0.004307
8	65464	4.183006337655	0.004727
8	65781	4.203538827587	0.004282
8	66090	4.223150944626	0.004773
8	66403	4.243034980882	0.01489
8	66718	4.263008226685	0.006032
8	67027	4.282808050495	0.005134
8	67344	4.302872345361	0.005427
8	67657	4.32291558219	0.005237
8	67974	4.343333546943	0.004507
8	68287	4.363300649699	0.004617
8	68600	4.383037165077	0.005114
8	68909	4.402685008859	0.0046
8	69226	4.422968309396	0.007967
8	69535	4.442547186996	0.006814
8	69848	4.462460276767	0.005743
8	70161	4.482871502851	0.005867
8	70476	4.502810538711	0.007773
8	70797	4.523649322506	0.004754
8	71110	4.543609489654	0.004894
8	71427	4.563764862471	0.00523
8	71740	4.583906060802	0.01881
8	72053	4.603776384549	0.007152
8	72366	4.62413761819	0.00442
8	72679	4.643883305577	0.004062
8	72992	4.663921662659	0.004769
8	73305	4.683909871837	0.009674
8	73618	4.704168637194	0.005871
8	73931	4.72448818743	0.004789
8	74244	4.744292300701	0.00486
8	74559	4.764495251895	0.008882
8	74876	4.784683504071	0.00576
8	75189	4.80470783406	0.005353
8	75502	4.824821153663	0.005013
8	75819	4.845186254074	0.008862
8	76132	4.865026815025	0.006551
8	76441	4.884912165282	0.004921
8	76750	4.904744643689	0.00542
8	77063	4.924529371683	0.004344
8	77376	4.944327689677	0.00811
8	77697	4.965176093388	0.004502
8	78010	4.984999721592	0.00493
9	15658	1.000838092813	1
9	15971	1.020998676282	1
9	16292	1.041345650993	1
9	16605	1.061424770115	1
9	16914	1.081287278202	1
9	17227	1.101281899992	1
9	17540	1.121229661554	1
9	17857	1.141758167419	1
9	18166	1.16144487366	1
9	18475	1.181160027135	1
9	18792	1.201286922284	1
9	19097	1.220648331943	1
9	19414	1.240944613097	1
9	19725	1.260812533607	1
9	20046	1.281197469442	1
9	20359	1.30135433452	1
9	20672	1.321088971547	1
9	20985	1.341359952914	1
9	21298	1.361321527329	1
9	21607	1.380834680308	1
9	21920	1.400781100872	1
9	22233	1.421029796652	1
9	22546	1.441089461494	1
9	22859	1.460978913904	1
9	23176	1.481479037257	1
9	23491	1.501815785933	1
9	23804	1.522025695556	1
9	24117	1.54160376233	1
9	24434	1.561920195601	1
9	24743	1.581845458234	1
9	25056	1.601649232032	1
9	25369	1.621575667779	1
9	25690	1.642022657764	1
9	25995	1.661627208495	1
9	26308	1.681303627252	1
9	26621	1.701226995991	1
9	26934	1.721172548723	1
9	27247	1.740996371236	1
9	27554	1.760904573352	1
9	27875	1.781048536528	1
9	28188	1.800952321681	1
9	28501	1.820976944858	1
9	28818	1.84131842091	1
9	29131	1.861368627006	1
9	29436	1.880448208647	1
9	29745	1.900480069943	1
9	30066	1.920889750512	1
9	30379	1.94088975481	1
9	30692	1.96086573921	1
9	31005	1.980834268065	1
9	31320	2.001235147212	1
9	31633	2.021447846793	1
9	31946	2.041048103387	1
9	32259	2.061587657316	1
9	32572	2.081654771687	1
9	32885	2.101471436243	1
9	33202	2.121708171744	1
9	33511	2.141375837887	1
9	33824	2.161405923886	1
9	34137	2.181448879921	1
9	34450	2.201424115259	1
9	34767	2.221577796824	1
9	35080	2.241882729973	1
9	35395	2.261815791499	1
9	35708	2.281688047515	1
9	36025	2.302192989242	1
9	36342	2.322428074034	1
9	36655	2.342568296284	1
9	36968	2.362511502512	1
9	37277	2.382021349625	1
9	37590	2.401730817504	1
9	37907	2.422451325477	1
9	38220	2.442141445981	1
9	38529	2.46197179297	1
9	38846	2.482292725798	1
9	39161	2.502399075319	1
9	39474	2.522276878106	1
9	39783	2.542058759254	1
9	40100	2.562565731461	1
9	40409	2.582563449795	1
9	40722	2.60271015374	1
9	41035	2.622376499024	1
9	41348	2.642293195446	1
9	41661	2.662434295365	1
9	41974	2.681967143283	1
9	42287	2.702298024037	1
9	42600	2.722429591398	1
9	42913	2.742512467603	1
9	43228	2.76231873051	1
9	43541	2.782278572937	1
9	43854	2.802114558098	1
9	44167	2.821933947457	1
9	44480	2.842249958081	1
9	44793	2.861996273378	1
9	45106	2.881915271502	1
9	45419	2.902379783601	1
9	45732	2.921696945816	1
9	46041	2.941440924106	1
9	46358	2.961456122126	1
9	46671	2.981699360116	1
9	46986	3.001906154458	1
9	47299	3.02170813911	1
9	47612	3.041871825875	1
9	47925	3.062215664524	1
9	48246	3.082530013626	1
9	48559	3.102573754303	1
9	48872	3.122496067919	1
9	49185	3.142494638496	1
9	49498	3.162897721843	1
9	49811	3.182649778764	1
9	50124	3.202904508267	1
9	50437	3.222968422103	1
9	50750	3.24283881918	1
9	51065	3.262865547576	1
9	51382	3.283367754804	1
9	51695	3.303222404489	1
9	52012	3.323547776674	1
9	52325	3.343579147022	1
9	52630	3.36334860259	1
9	52943	3.383197512603	1
9	53260	3.403638309397	1
9	53569	3.42311039896	1
9	53882	3.44327254388	1
9	54195	3.462981395942	1
9	54508	3.482987420846	1
9	54823	3.502952598793	1
9	55136	3.522695764455	1
9	55449	3.542797014657	1
9	55762	3.562725789458	1
9	56075	3.582847083243	1
9	56388	3.602521912309	1
9	56701	3.62267823217	1
9	57014	3.642571397008	1
9	57319	3.662341005131	1
9	57640	3.682840244095	1
9	57953	3.702935930225	1
9	58266	3.723092978721	1
9	58579	3.742604104094	1
9	58894	3.763303173471	1
9	59207	3.783079672022	1
9	59520	3.803227166859	1
9	59833	3.823411271274	1
9	60146	3.843480472709	1
9	60463	3.863629928323	1
9	60772	3.883436726262	1
9	61085	3.903326024141	1
9	61394	3.923179728213	1
9	61707	3.943020160233	1
9	62024	3.963265767148	1
9	62333	3.982973362793	1
9	62656	4.003530714881	1
9	62965	4.023358823417	1
9	63282	4.043572273241	1
9	63591	4.063309450425	1
9	63900	4.083188711519	1
9	64213	4.103174580557	1
9	64526	4.123261059486	1
9	64839	4.143295975992	1
9	65152	4.162890794746	1
9	65465	4.183006337655	1
9	65782	4.203538827587	1
9	66091	4.223150944626	1
9	66404	4.243034980882	1
9	66719	4.263008226685	1
9	67028	4.282808050495	1
9	67345	4.302872345361	1
9	67658	4.32291558219	1
9	67975	4.343333546943	1
9	68288	4.363300649699	1
9	68601	4.383037165077	1
9	68910	4.402685008859	1
9	69227	4.422968309396	1
9	69536	4.442547186996	1
9	69849	4.462460276767	1
9	70162	4.482871502851	1
9	70477	4.502810538711	1
9	70798	4.523649322506	1
9	71111	4.543609489654	1
9	71428	4.563764862471	1
9	71741	4.583906060802	1
9	72054	4.603776384549	1
9	72367	4.62413761819	1
9	72680	4.643883305577	1
9	72993	4.663921662659	1
9	73306	4.683909871837	1
9	73619	4.704168637194	1
9	73932	4.72448818743	1
9	74245	4.744292300701	1
9	74560	4.764495251895	1
9	74877	4.784683504071	1
9	75190	4.80470783406	1
9	75503	4.824821153663	1
9	75820	4.845186254074	1
9	76133	4.865026815025	1
9	76442	4.884912165282	1
9	76751	4.904744643689	1
9	77064	4.924529371683	1
9	77377	4.944327689677	1
9	77698	4.965176093388	1
9	78011	4.984999721592	1
10	15658	1.000838092813	0
10	15971	1.020998676282	0
10	16292	1.041345650993	0
10	16605	1.061424770115	0
10	16914	1.081287278202	0
10	17227	1.101281899992	0
10	17540	1.121229661554	0
10	17857	1.141758167419	0
10	18166	1.16144487366	0
10	18475	1.181160027135	0
10	18792	1.201286922284	0
10	19097	1.220648331943	0
10	19414	1.240944613097	0
10	19725	1.260812533607	0
10	20046	1.281197469442	0
10	20359	1.30135433452	0
10	20672	1.321088971547	0
10	20985	1.341359952914	0
10	21298	1.361321527329	0
10	21607	1.380834680308	0
10	21920	1.400781100872	0
10	22233	1.421029796652	0
10	22546	1.441089461494	0
10	22859	1.460978913904	0
10	23176	1.481479037257	0
10	23491	1.501815785933	0
10	23804	1.522025695556	0
10	24117	1.54160376233	0
10	24434	1.561920195601	0
10	24743	1.581845458234	0
10	25056	1.601649232032	0
10	25369	1.621575667779	0
10	25690	1.642022657764	0
10	25995	1.661627208495	0
10	26308	1.681303627252	0
10	26621	1.701226995991	0
10	26934	1.721172548723	0
10	27247	1.740996371236	0
10	27554	1.760904573352	0
10	27875	1.781048536528	0
10	28188	1.800952321681	0
10	28501	1.820976944858	0
10	28818	1.84131842091	0
10	29131	1.861368627006	0
10	29436	1.880448208647	0
10	29745	1.900480069943	0
10	30066	1.920889750512	0
10	30379	1.94088975481	0
10	30692	1.96086573921	0
10	31005	1.980834268065	0
10	31320	2.001235147212	0
10	31633	2.021447846793	0
10	31946	2.041048103387	0
10	32259	2.061587657316	0
10	32572	2.081654771687	0
10	32885	2.101471436243	0
10	33202	2.121708171744	0
10	33511	2.141375837887	0
10	33824	2.161405923886	0
10	34137	2.181448879921	0
10	34450	2.201424115259	0
10	34767	2.221577796824	0
10	35080	2.241882729973	0
10	35395	2.261815791499	0
10	35708	2.281688047515	0
10	36025	2.302192989242	0
10	36342	2.322428074034	0
10	36655	2.342568296284	0
10	36968	2.362511502512	0
10	37277	2.382021349625	0
10	37590	2.401730817504	0
10	37907	2.422451325477	0
10	38220	2.442141445981	0
10	38529	2.46197179297	0
10	38846	2.482292725798	0
10	39161	2.502399075319	0
10	39474	2.522276878106	0
10	39783	2.542058759254	0
10	40100	2.562565731461	0
10	40409	2.582563449795	0
10	40722	2.60271015374	0
10	41035	2.622376499024	0
10	41348	2.642293195446	0
10	41661	2.662434295365	0
10	41974	2.681967143283	0
10	42287	2.702298024037	0
10	42600	2.722429591398	0
10	42913	2.742512467603	0
10	43228	2.76231873051	0
10	43541	2.782278572937	0
10	43854	2.802114558098	0
10	44167	2.821933947457	0
10	44480	2.842249958081	0
10	44793	2.861996273378	0
10	45106	2.881915271502	0
10	45419	2.902379783601	0
10	45732	2.921696945816	0
10	46041	2.941440924106	0
10	46358	2.961456122126	0
10	46671	2.981699360116	0
10	46986	3.001906154458	0
10	47299	3.02170813911	0
10	47612	3.041871825875	0
10	47925	3.062215664524	0
10	48246	3.082530013626	0
10	48559	3.102573754303	0
10	48872	3.122496067919	0
10	49185	3.142494638496	0
10	49498	3.162897721843	0
10	49811	3.182649778764	0
10	50124	3.202904508267	0
10	50437	3.222968422103	0
10	50750	3.24283881918	0
10	51065	3.262865547576	0
10	51382	3.283367754804	0
10	51695	3.303222404489	0
10	52012	3.323547776674	0
10	52325	3.343579147022	0
10	52630	3.36334860259	0
10	52943	3.383197512603	0
10	53260	3.403638309397	0
10	53569	3.42311039896	0
10	53882	3.44327254388	0
10	54195	3.462981395942	0
10	54508	3.482987420846	0
10	54823	3.502952598793	0
10	55136	3.522695764455	0
10	55449	3.542797014657	0
10	55762	3.562725789458	0
10	56075	3.582847083243	0
10	56388	3.602521912309	0
10	56701	3.62267823217	0
10	57014	3.642571397008	0
10	57319	3.662341005131	0
10	57640	3.682840244095	0
10	57953	3.702935930225	0
10	58266	3.723092978721	0
10	58579	3.742604104094	0
10	58894	3.763303173471	0
10	59207	3.783079672022	0
10	59520	3.803227166859	0
10	59833	3.823411271274	0
10	60146	3.843480472709	0
10	60463	3.863629928323	0
10	60772	3.883436726262	0
10	61085	3.903326024141	0
10	61394	3.923179728213	0
10	61707	3.943020160233	0
10	62024	3.963265767148	0
10	62333	3.982973362793	0
10	62656	4.003530714881	0
10	62965	4.023358823417	0
10	63282	4.043572273241	0
10	63591	4.063309450425	0
10	63900	4.083188711519	0
10	64213	4.103174580557	0
10	64526	4.123261059486	0
10	64839	4.143295975992	0
10	65152	4.162890794746	0
10	65465	4.183006337655	0
10	65782	4.203538827587	0
10	66091	4.223150944626	0
10	66404	4.243034980882	0
10	66719	4.263008226685	0
10	67028	4.282808050495	0
10	67345	4.302872345361	0
10	67658	4.32291558219	0
10	67975	4.343333546943	0
10	68288	4.363300649699	0
10	68601	4.383037165077	0
10	68910	4.402685008859	0
10	69227	4.422968309396	0
10	69536	4.442547186996	0
10	69849	4.462460276767	0
10	70162	4.482871502851	0
10	70477	4.502810538711	0
10	70798	4.523649322506	0
10	71111	4.543609489654	0
10	71428	4.563764862471	0
10	71741	4.583906060802	0
10	72054	4.603776384549	0
10	72367	4.62413761819	0
10	72680	4.643883305577	0
10	72993	4.663921662659	0
10	73306	4.683909871837	0
10	73619	4.704168637194	0
10	73932	4.72448818743	0
10	74245	4.744292300701	0
10	74560	4.764495251895	0
10	74877	4.784683504071	0
10	75190	4.80470783406	0
10	75503	4.824821153663	0
10	75820	4.845186254074	0
10	76133	4.865026815025	0
10	76442	4.884912165282	0
10	76751	4.904744643689	0
10	77064	4.924529371683	0
10	77377	4.944327689677	0
10	77698	4.965176093388	0
10	78011	4.984999721592	0
11	15658	1.000838092813	0.000152
11	15971	1.020998676282	0.000103
11	16292	1.041345650993	0.000139
11	16605	1.061424770115	0.000139
11	16914	1.081287278202	0.000187
11	17227	1.101281899992	0.00012
11	17540	1.121229661554	0.000135
11	17857	1.141758167419	0.000437
11	18166	1.16144487366	0.000167
11	18475	1.181160027135	0.00012
11	18792	1.201286922284	0.000114
11	19097	1.220648331943	0.00014
11	19414	1.240944613097	0.000139
11	19725	1.260812533607	0.000149
11	20046	1.281197469442	0.000122
11	20359	1.30135433452	0.00011
11	20672	1.321088971547	0.000104
11	20985	1.341359952914	0.000138
11	21298	1.361321527329	9.4e-05
11	21607	1.380834680308	0.000106
11	21920	1.400781100872	9.7e-05
11	22233	1.421029796652	0.000202
11	22546	1.441089461494	9.1e-05
11	22859	1.460978913904	9.1e-05
11	23176	1.481479037257	0.000109
11	23491	1.501815785933	0.000317
11	23804	1.522025695556	0.000118
11	24117	1.54160376233	0.000129
11	24434	1.561920195601	0.000124
11	24743	1.581845458234	0.000102
11	25056	1.601649232032	0.000596
11	25369	1.621575667779	0.000111
11	25690	1.642022657764	9.2e-05
11	25995	1.661627208495	0.000101
11	26308	1.681303627252	9.4e-05
11	26621	1.701226995991	9e-05
11	26934	1.721172548723	0.000132
11	27247	1.740996371236	8.8e-05
11	27554	1.760904573352	0.000259
11	27875	1.781048536528	0.000126
11	28188	1.800952321681	0.000111
11	28501	1.820976944858	9.9e-05
11	28818	1.84131842091	0.000831
11	29131	1.861368627006	0.000236
11	29436	1.880448208647	0.000113
11	29745	1.900480069943	0.000122
11	30066	1.920889750512	0.000175
11	30379	1.94088975481	0.000188
11	30692	1.96086573921	0.000129
11	31005	1.980834268065	0.000127
11	31320	2.001235147212	0.000132
11	31633	2.021447846793	0.000188
11	31946	2.041048103387	0.000114
11	32259	2.061587657316	0.000117
11	32572	2.081654771687	9.4e-05
11	32885	2.101471436243	0.000323
11	33202	2.121708171744	0.000211
11	33511	2.141375837887	0.000194
11	33824	2.161405923886	0.000127
11	34137	2.181448879921	0.000106
11	34450	2.201424115259	0.000191
11	34767	2.221577796824	0.000132
11	35080	2.241882729973	0.000117
11	35395	2.261815791499	0.000176
11	35708	2.281688047515	0.000165
11	36025	2.302192989242	0.00011
11	36342	2.322428074034	0.000149
11	36655	2.342568296284	9.9e-05
11	36968	2.362511502512	0.000145
11	37277	2.382021349625	0.000126
11	37590	2.401730817504	0.000122
11	37907	2.422451325477	0.000157
11	38220	2.442141445981	0.000257
11	38529	2.46197179297	0.000195
11	38846	2.482292725798	0.000114
11	39161	2.502399075319	0.00012
11	39474	2.522276878106	0.000135
11	39783	2.542058759254	0.000154
11	40100	2.562565731461	0.000194
11	40409	2.582563449795	0.000219
11	40722	2.60271015374	0.000127
11	41035	2.622376499024	0.000124
11	41348	2.642293195446	0.000117
11	41661	2.662434295365	0.000106
11	41974	2.681967143283	0.000107
11	42287	2.702298024037	8.6e-05
11	42600	2.722429591398	9.2e-05
11	42913	2.742512467603	0.000151
11	43228	2.76231873051	0.000133
11	43541	2.782278572937	9e-05
11	43854	2.802114558098	0.00015
11	44167	2.821933947457	0.000132
11	44480	2.842249958081	0.00011
11	44793	2.861996273378	0.000107
11	45106	2.881915271502	8.6e-05
11	45419	2.902379783601	0.000176
11	45732	2.921696945816	0.000145
11	46041	2.941440924106	0.000295
11	46358	2.961456122126	0.000171
11	46671	2.981699360116	0.000112
11	46986	3.001906154458	0.000138
11	47299	3.02170813911	0.000208
11	47612	3.041871825875	0.000107
11	47925	3.062215664524	9.8e-05
11	48246	3.082530013626	0.000188
11	48559	3.102573754303	0.000347
11	48872	3.122496067919	0.000174
11	49185	3.142494638496	9.8e-05
11	49498	3.162897721843	0.000109
11	49811	3.182649778764	0.000104
11	50124	3.202904508267	0.000136
11	50437	3.222968422103	0.000142
11	50750	3.24283881918	0.000151
11	51065	3.262865547576	0.000148
11	51382	3.283367754804	0.00015
11	51695	3.303222404489	0.000102
11	52012	3.323547776674	0.0001
11	52325	3.343579147022	0.00629
11	52630	3.36334860259	0.000214
11	52943	3.383197512603	0.000185
11	53260	3.403638309397	9.4e-05
11	53569	3.42311039896	0.000239
11	53882	3.44327254388	0.000149
11	54195	3.462981395942	0.000106
11	54508	3.482987420846	9.3e-05
11	54823	3.502952598793	0.000123
11	55136	3.522695764455	0.000188
11	55449	3.542797014657	0.000135
11	55762	3.562725789458	0.000125
11	56075	3.582847083243	0.000257
11	56388	3.602521912309	0.000108
11	56701	3.62267823217	0.000153
11	57014	3.642571397008	0.000114
11	57319	3.662341005131	9.9e-05
11	57640	3.682840244095	0.000101
11	57953	3.702935930225	0.000472
11	58266	3.723092978721	0.000152
11	58579	3.742604104094	0.000123
11	58894	3.763303173471	0.000187
11	59207	3.783079672022	0.000401
11	59520	3.803227166859	0.000151
11	59833	3.823411271274	0.00011
11	60146	3.843480472709	0.000122
11	60463	3.863629928323	9.4e-05
11	60772	3.883436726262	0.000223
11	61085	3.903326024141	0.000197
11	61394	3.923179728213	9.9e-05
11	61707	3.943020160233	9.1e-05
11	62024	3.963265767148	0.0006
11	62333	3.982973362793	0.000117
11	62656	4.003530714881	0.000162
11	62965	4.023358823417	0.00013
11	63282	4.043572273241	0.000131
11	63591	4.063309450425	0.000126
11	63900	4.083188711519	8.6e-05
11	64213	4.103174580557	9.6e-05
11	64526	4.123261059486	0.000102
11	64839	4.143295975992	0.000145
11	65152	4.162890794746	0.000119
11	65465	4.183006337655	8.9e-05
11	65782	4.203538827587	8.8e-05
11	66091	4.223150944626	9.4e-05
11	66404	4.243034980882	0.000188
11	66719	4.263008226685	0.000129
11	67028	4.282808050495	0.000114
11	67345	4.302872345361	9.2e-05
11	67658	4.32291558219	0.000113
11	67975	4.343333546943	9.6e-05
11	68288	4.363300649699	0.0001
11	68601	4.383037165077	9.1e-05
11	68910	4.402685008859	0.000112
11	69227	4.422968309396	0.000137
11	69536	4.442547186996	0.00033
11	69849	4.462460276767	9.3e-05
11	70162	4.482871502851	9e-05
11	70477	4.502810538711	0.000105
11	70798	4.523649322506	0.000123
11	71111	4.543609489654	9.7e-05
11	71428	4.563764862471	0.000235
11	71741	4.583906060802	0.000353
11	72054	4.603776384549	0.000136
11	72367	4.62413761819	0.000104
11	72680	4.643883305577	0.000114
11	72993	4.663921662659	9.5e-05
11	73306	4.683909871837	0.000161
11	73619	4.704168637194	0.000141
11	73932	4.72448818743	0.000113
11	74245	4.744292300701	9.9e-05
11	74560	4.764495251895	0.000193
11	74877	4.784683504071	0.000105
11	75190	4.80470783406	9.4e-05
11	75503	4.824821153663	9.9e-05
11	75820	4.845186254074	0.000197
11	76133	4.865026815025	0.000124
11	76442	4.884912165282	0.000113
11	76751	4.904744643689	9e-05
11	77064	4.924529371683	9.5e-05
11	77377	4.944327689677	0.000129
11	77698	4.965176093388	0.000112
11	78011	4.984999721592	9e-05
12	15641	1	1
12	19557	1.25	1
12	23460	1.5	1
12	27384	1.75	1
12	31303	2	1
12	35213	2.25	1
12	39120	2.5	1
12	43036	2.75	1
12	46952	3	1
12	50859	3.25	1
12	54772	3.5	1
12	58685	3.75	1
12	62597	4	1
12	66510	4.25	1
12	70426	4.5	1
12	74331	4.75	1
12	78247	5	1
13	15641	1	12
13	19557	1.25	13
13	23460	1.5	12
13	27384	1.75	13
13	31303	2	12
13	35213	2.25	13
13	39120	2.5	12
13	43036	2.75	13
13	46952	3	12
13	50859	3.25	13
13	54772	3.5	12
13	58685	3.75	13
13	62597	4	12
13	66510	4.25	13
13	70426	4.5	12
13	74331	4.75	13
13	78247	5	12
14	15641	1	59.017781367
14	19557	1.25	168.712908798
14	23460	1.5	178.911132453
14	27384	1.75	227.974422444
14	31303	2	19.165858935
14	35213	2.25	148.528886757
14	39120	2.5	197.807120758
14	43036	2.75	207.941394746
14	46952	3	118.084814498
14	50859	3.25	87.102387157
14	54772	3.5	116.802672397
14	58685	3.75	187.274335542
14	62597	4	236.697013529
14	66510	4.25	106.704169008
14	70426	4.5	217.192063505
14	74331	4.75	226.350800494
14	78247	5	95.255446311
15	15642	1	1
15	19558	1.25	1
15	23461	1.5	1
15	27385	1.75	1
15	31304	2	1
15	35214	2.25	1
15	39121	2.5	1
15	43037	2.75	1
15	46953	3	1
15	50860	3.25	1
15	54773	3.5	1
15	58686	3.75	1
15	62598	4	1
15	66511	4.25	1
15	70427	4.5	1
15	74332	4.75	1
15	78248	5	1
16	15642	1	59.017781367
16	19558	1.25	168.712908798
16	23461	1.5	178.911132453
16	27385	1.75	227.974422444
16	31304	2	19.165858935
16	35214	2.25	148.528886757
16	39121	2.5	197.807120758
16	43037	2.75	207.941394746
16	46953	3	118.084814498
16	50860	3.25	87.102387157
16	54773	3.5	116.802672397
16	58686	3.75	187.274335542
16	62598	4	236.697013529
16	66511	4.25	106.704169008
16	70427	4.5	217.192063505
16	74332	4.75	226.350800494
16	78248	5	95.255446311

